,Agriculture,Agriculture,Agriculture,Aircraft,Aircraft,Aircraft,Almost Nothing,Almost Nothing,Almost Nothing,Apparel,Apparel,Apparel,Automobiles and Trucks,Automobiles and Trucks,Automobiles and Trucks,Banking,Banking,Banking,Banking - Large Cap,Banking - Large Cap,Banking - Large Cap,Banking - Small Cap,Banking - Small Cap,Banking - Small Cap,Business Services,Business Services,Business Services,Business Services - Large Cap,Business Services - Large Cap,Business Services - Large Cap,Business Services - Small Cap,Business Services - Small Cap,Business Services - Small Cap,Business Supplies,Business Supplies,Business Supplies,Chemicals,Chemicals,Chemicals,Chemicals - Large Cap,Chemicals - Large Cap,Chemicals - Large Cap,Chemicals - Small Cap,Chemicals - Small Cap,Chemicals - Small Cap,Communication,Communication,Communication,Communication - Small Cap,Communication - Small Cap,Communication - Small Cap,Computers,Computers,Computers,Construction,Construction,Construction,Construction Materials,Construction Materials,Construction Materials,Consumer Goods,Consumer Goods,Consumer Goods,Defense,Defense,Defense,Electrical Equipment,Electrical Equipment,Electrical Equipment,Electrical Equipment - Small Cap,Electrical Equipment - Small Cap,Electrical Equipment - Small Cap,Electronic Equipment,Electronic Equipment,Electronic Equipment,Electronic Equipment - Large Cap,Electronic Equipment - Large Cap,Electronic Equipment - Large Cap,Electronic Equipment - Small Cap,Electronic Equipment - Small Cap,Electronic Equipment - Small Cap,Entertainment,Entertainment,Entertainment,Entertainment - Large Cap,Entertainment - Large Cap,Entertainment - Large Cap,Food Products,Food Products,Food Products,Healthcare,Healthcare,Healthcare,Insurance,Insurance,Insurance,Insurance - Large Cap,Insurance - Large Cap,Insurance - Large Cap,Insurance - Small Cap,Insurance - Small Cap,Insurance - Small Cap,Machinery,Machinery,Machinery,Machinery - Large Cap,Machinery - Large Cap,Machinery - Large Cap,Machinery - Small Cap,Machinery - Small Cap,Machinery - Small Cap,Measuring and Control Equipment,Measuring and Control Equipment,Measuring and Control Equipment,Measuring and Control Equipment - Large Cap,Measuring and Control Equipment - Large Cap,Measuring and Control Equipment - Large Cap,Measuring and Control Equipment - Small Cap,Measuring and Control Equipment - Small Cap,Measuring and Control Equipment - Small Cap,Medical Equipment,Medical Equipment,Medical Equipment,Medical Equipment - Large Cap,Medical Equipment - Large Cap,Medical Equipment - Large Cap,Medical Equipment - Small Cap,Medical Equipment - Small Cap,Medical Equipment - Small Cap,Non-Metallic and Industrial Metal Mining,Non-Metallic and Industrial Metal Mining,Non-Metallic and Industrial Metal Mining,Non-Metallic and Industrial Metal Mining - Small Cap,Non-Metallic and Industrial Metal Mining - Small Cap,Non-Metallic and Industrial Metal Mining - Small Cap,Personal Services,Personal Services,Personal Services,Petroleum and Natural Gas,Petroleum and Natural Gas,Petroleum and Natural Gas,Petroleum and Natural Gas - Large Cap,Petroleum and Natural Gas - Large Cap,Petroleum and Natural Gas - Large Cap,Petroleum and Natural Gas - Small Cap,Petroleum and Natural Gas - Small Cap,Petroleum and Natural Gas - Small Cap,Pharmaceutical Products,Pharmaceutical Products,Pharmaceutical Products,Pharmaceutical Products - Large Cap,Pharmaceutical Products - Large Cap,Pharmaceutical Products - Large Cap,Pharmaceutical Products - Small Cap,Pharmaceutical Products - Small Cap,Pharmaceutical Products - Small Cap,Precious Metals,Precious Metals,Precious Metals,Precious Metals - Small Cap,Precious Metals - Small Cap,Precious Metals - Small Cap,Real Estate,Real Estate,Real Estate,Recreation,Recreation,Recreation,"Restaurants, Hotels, Motels","Restaurants, Hotels, Motels","Restaurants, Hotels, Motels",Retail,Retail,Retail,Retail - Large Cap,Retail - Large Cap,Retail - Large Cap,Retail - Small Cap,Retail - Small Cap,Retail - Small Cap,"Shipbuilding, Railroad Equipment","Shipbuilding, Railroad Equipment","Shipbuilding, Railroad Equipment",Steel Works Etc,Steel Works Etc,Steel Works Etc,Trading,Trading,Trading,Trading - Large Cap,Trading - Large Cap,Trading - Large Cap,Trading - Small Cap,Trading - Small Cap,Trading - Small Cap,Transportation,Transportation,Transportation,Transportation - Large Cap,Transportation - Large Cap,Transportation - Large Cap,Transportation - Small Cap,Transportation - Small Cap,Transportation - Small Cap,Utilities,Utilities,Utilities,Utilities - Large Cap,Utilities - Large Cap,Utilities - Large Cap,Utilities - Small Cap,Utilities - Small Cap,Utilities - Small Cap,Wholesale,Wholesale,Wholesale,Wholesale - Large Cap,Wholesale - Large Cap,Wholesale - Large Cap,Wholesale - Small Cap,Wholesale - Small Cap,Wholesale - Small Cap
,Actual_returns,Pred_returns,Residual_returns,Actual_returns,Pred_returns,Residual_returns,Actual_returns,Pred_returns,Residual_returns,Actual_returns,Pred_returns,Residual_returns,Actual_returns,Pred_returns,Residual_returns,Actual_returns,Pred_returns,Residual_returns,Actual_returns,Pred_returns,Residual_returns,Actual_returns,Pred_returns,Residual_returns,Actual_returns,Pred_returns,Residual_returns,Actual_returns,Pred_returns,Residual_returns,Actual_returns,Pred_returns,Residual_returns,Actual_returns,Pred_returns,Residual_returns,Actual_returns,Pred_returns,Residual_returns,Actual_returns,Pred_returns,Residual_returns,Actual_returns,Pred_returns,Residual_returns,Actual_returns,Pred_returns,Residual_returns,Actual_returns,Pred_returns,Residual_returns,Actual_returns,Pred_returns,Residual_returns,Actual_returns,Pred_returns,Residual_returns,Actual_returns,Pred_returns,Residual_returns,Actual_returns,Pred_returns,Residual_returns,Actual_returns,Pred_returns,Residual_returns,Actual_returns,Pred_returns,Residual_returns,Actual_returns,Pred_returns,Residual_returns,Actual_returns,Pred_returns,Residual_returns,Actual_returns,Pred_returns,Residual_returns,Actual_returns,Pred_returns,Residual_returns,Actual_returns,Pred_returns,Residual_returns,Actual_returns,Pred_returns,Residual_returns,Actual_returns,Pred_returns,Residual_returns,Actual_returns,Pred_returns,Residual_returns,Actual_returns,Pred_returns,Residual_returns,Actual_returns,Pred_returns,Residual_returns,Actual_returns,Pred_returns,Residual_returns,Actual_returns,Pred_returns,Residual_returns,Actual_returns,Pred_returns,Residual_returns,Actual_returns,Pred_returns,Residual_returns,Actual_returns,Pred_returns,Residual_returns,Actual_returns,Pred_returns,Residual_returns,Actual_returns,Pred_returns,Residual_returns,Actual_returns,Pred_returns,Residual_returns,Actual_returns,Pred_returns,Residual_returns,Actual_returns,Pred_returns,Residual_returns,Actual_returns,Pred_returns,Residual_returns,Actual_returns,Pred_returns,Residual_returns,Actual_returns,Pred_returns,Residual_returns,Actual_returns,Pred_returns,Residual_returns,Actual_returns,Pred_returns,Residual_returns,Actual_returns,Pred_returns,Residual_returns,Actual_returns,Pred_returns,Residual_returns,Actual_returns,Pred_returns,Residual_returns,Actual_returns,Pred_returns,Residual_returns,Actual_returns,Pred_returns,Residual_returns,Actual_returns,Pred_returns,Residual_returns,Actual_returns,Pred_returns,Residual_returns,Actual_returns,Pred_returns,Residual_returns,Actual_returns,Pred_returns,Residual_returns,Actual_returns,Pred_returns,Residual_returns,Actual_returns,Pred_returns,Residual_returns,Actual_returns,Pred_returns,Residual_returns,Actual_returns,Pred_returns,Residual_returns,Actual_returns,Pred_returns,Residual_returns,Actual_returns,Pred_returns,Residual_returns,Actual_returns,Pred_returns,Residual_returns,Actual_returns,Pred_returns,Residual_returns,Actual_returns,Pred_returns,Residual_returns,Actual_returns,Pred_returns,Residual_returns,Actual_returns,Pred_returns,Residual_returns,Actual_returns,Pred_returns,Residual_returns,Actual_returns,Pred_returns,Residual_returns,Actual_returns,Pred_returns,Residual_returns,Actual_returns,Pred_returns,Residual_returns,Actual_returns,Pred_returns,Residual_returns,Actual_returns,Pred_returns,Residual_returns
date,,,,,,,,,,,,,,,,,,,,,,,,,,,,,,,,,,,,,,,,,,,,,,,,,,,,,,,,,,,,,,,,,,,,,,,,,,,,,,,,,,,,,,,,,,,,,,,,,,,,,,,,,,,,,,,,,,,,,,,,,,,,,,,,,,,,,,,,,,,,,,,,,,,,,,,,,,,,,,,,,,,,,,,,,,,,,,,,,,,,,,,,,,,,,,,,,,,,,,,,,,,,,,,,,,,,,,,,,,,,,,
2008-01-01,,-0.029007149600769323,,,-0.050834643322686494,,,-0.03213569979370608,,,-0.06042541258146495,,,-0.12445399625398117,,-0.0245487623916131,-0.040992179347666434,-0.016443416956053333,,-0.04260582652201292,,,-0.01987714397748595,,-0.1609444915808709,-0.08144131903518133,0.07950317254568957,,-0.07778883780176472,,,-0.11942003594625283,,,-0.02475352868605515,,,-0.05516199258760615,,,-0.04124791143097403,,,-0.11074497058461458,,-0.0877489225572601,-0.040230736326266794,0.04751818623099331,,-0.0616461260795653,,,-0.06995560488121207,,,-0.06940130929533074,,,-0.06734566311995133,,,-0.025528538888557977,,,-0.0045087710800299375,,,-0.08758488410787167,,,-0.11688430521856061,,,-0.08304697330365865,,,-0.08178577480193173,,,-0.10017224070055232,,,-0.11295170996225913,,,-0.11167050613784507,,,-0.016333332568450824,,,-0.051317397397996074,,,-0.04387916204406216,,,-0.04240310779166511,,,-0.05081997547641225,,,-0.07363138314482717,,,-0.07192907815375622,,,-0.09350342439936025,,,-0.07513530485776554,,,-0.06152637769023075,,,-0.10841106110019742,,,-0.05864588981283505,,,-0.05463493347537044,,,-0.015003879440537158,,,-0.07237301834396755,,,0.003983288693523856,,,-0.05685729474439202,,-0.0846072187257782,-0.027567782036321136,0.05703943668945706,,-0.021732659480273964,,,-0.04763821088024923,,,-0.03752856337899355,,,-0.034102869644828226,,,-0.14177573363429635,,0.1635265211380128,-0.012473669297754291,-0.1760001904357671,,-0.026870552986634245,,,-0.07738874389365175,,,-0.04757719498627859,,,-0.03486346760980948,,,-0.0649512207002332,,,-0.06290288420019183,,,-0.0883475194804812,,,-0.0376002813405524,,,-0.07556571113584779,,-0.0703949750678485,-0.05588484485120455,0.014510130216643956,,-0.054962007546187734,,,-0.062177544515295065,,,-0.05927554039170518,,,-0.0632041509294433,,,-0.08787545115129598,,,-0.02304151829270547,,,-0.02063121250392117,,,-0.038958112526572226,,,-0.04430461917113027,,,-0.041326256937586535,,,-0.07098979379526907,
2008-02-01,,-0.019161773873627535,,-0.0432376944104173,-0.03985884817170591,0.0033788462387113888,,-0.015328475689648752,,-0.0383044650027377,-0.03060670905561962,0.0076977559471180824,-0.0382119793802655,-0.04255977566371926,-0.0043477962834537615,-0.0869914498800889,-0.03660133694019949,0.05039011293988941,-0.0871980407498278,-0.03722659293567958,0.04997144781414822,-0.0278222416564394,-0.023811406603473657,0.004010835052965744,-0.0626492122784326,-0.0250787484790302,0.037570463799402404,-0.0701475381728975,-0.022785454808197016,0.04736208336470048,-0.0496588890081859,-0.0653747407769997,-0.0157158517688138,,-0.026216531158255504,,0.0706299650625027,-0.035299438804722326,-0.10592940386722502,,-0.03271950230627684,,,-0.07929929471745606,,-0.0271385502255267,-0.029758041917493764,-0.002619491691967065,,-0.05359745785850783,,0.0290582563106712,-0.033505803284773615,-0.06256405959544481,-0.0458499514123478,-0.03697632909588595,0.008873622316461854,-0.0732825827137133,-0.04066587461593952,0.032616708097773776,-0.0025555911773861,-0.020225491144742775,-0.017669899967356677,,-0.009050755315838002,,-0.0181713200176244,-0.04027824609630394,-0.02210692607867954,,-0.07907101011952673,,-0.0480174607666661,-0.023816033217440365,0.024201427549225732,-0.0497025092168813,-0.02228979037904366,0.027412718837837642,-0.0167206659923236,-0.06070772157347681,-0.043987055581153206,-0.0809497475897014,-0.04718042912339827,0.033769318466303135,,-0.03407973078367211,,0.0321900482716808,-0.0178322663084363,-0.050022314580117105,0.0238831875908258,-0.03338768425931839,-0.05727087185014419,-0.0632691682908988,-0.03470115608706573,0.028568012203833072,-0.0641543626924313,-0.034153860957966145,0.030000501734465154,-0.0269241054187149,-0.03356788198904561,-0.00664377657033071,0.0206441997235586,-0.041274183918464324,-0.06191838364202293,0.0097738906375542,-0.039649659683717496,-0.0494235503212717,0.1172631053500997,-0.0651955180386665,-0.1824586233887662,0.0165697772202905,-0.031110032338462257,-0.047679809558752756,,-0.024752385404840805,,,-0.03979491662930582,,-0.0099766327960277,-0.02703810528737244,-0.017061472491344744,-0.0048978120188016,-0.0257321671380038,-0.0208343551192022,-0.1146814784839762,-0.025208269559027583,0.08947320892494862,0.1785420067373994,-0.04826228736616194,-0.22680429410356134,,-0.013115038619681597,,-0.0875443264466415,-0.0303063809521112,0.05723794549453029,0.078111355483802,-0.04100949149909573,-0.11912084698289774,,-0.04479036264653272,,0.1319783190085436,-0.05861061268451765,-0.19058893169306124,-0.0246578119082582,-0.01857278650493482,0.006085025403323379,-0.0232070862323219,-0.017302813504184195,0.005904272728137705,-0.0697651980715089,-0.07672867799162639,-0.006963479920117491,0.0220618940927637,-0.012005083180354214,-0.034066977273117915,,-0.027329783515316942,,-0.0090910741644449,-0.04372819034061691,-0.03463711617617201,-0.0489401818823857,-0.03206721051935245,0.01687297136303325,-0.0026960077814681,-0.015140606559610671,-0.01244459877814257,-0.0647266496883851,-0.020362851286702222,0.04436379840168288,-0.0590958386432957,-0.017678705940234407,0.04141713270306129,-0.110161468043485,-0.06980925882355676,0.04035220921992824,,-0.02990821213581769,,0.0397811625197747,-0.048925113824318876,-0.08870627634409357,-0.0850323585310894,-0.03165151466774994,0.05338084386333946,-0.0976529004266178,-0.02981522114326501,0.06783767928335278,-0.0130482653596644,-0.05013491946964609,-0.037086654109981694,-0.0293878917189059,-0.03542980953369279,-0.0060419178147868915,,-0.03617769288128068,,-0.0309729149341725,-0.0742957484758308,-0.0433228335416583,-0.021966519855843,-0.0168817985231446,0.0050847213326984005,-0.0263940849023645,-0.01529887655877609,0.01109520834358841,-0.0230076579304086,-0.02813024298852559,-0.005122585058116989,-0.0273341977192626,-0.027238001026166626,9.619669309597276e-05,-0.0277693473855179,-0.024304642508850435,0.0034647048766674633,-0.0180335640595961,-0.04550766609689766,-0.027474102037301558
2008-03-01,,0.004832636465012226,,0.0601784921409984,-0.009120300008843174,-0.06929879214984158,,-0.0005430144947650613,,0.0653713068532145,-0.002771214876015245,-0.06814252172922974,-0.0178193455058193,-0.010729854938719412,0.007089490567099888,-0.0303935382596896,-0.010970972256842371,0.01942256600284723,-0.0338255645152319,-0.011730586633196673,0.022094977882035228,-0.0244765042326684,-0.006023155293338899,0.018453348939329504,0.0114208996444943,-0.01022862254828583,-0.02164952219278013,0.0152722718003661,-0.00909290492586275,-0.02436517672622885,-0.0608864625241439,-0.033584890920637565,0.027301571603506332,,-0.003773943095133774,,-0.0187469445055862,-0.007212201931104428,0.011534742574481772,,-0.003829565976617413,,,-0.03199948596405223,,0.0027018413674585,-0.004679590190195632,-0.007381431557654132,,-0.02114735597079807,,-0.0276673788486778,-0.008999432781762988,0.01866794606691481,0.0355071634021635,-0.002304469254671348,-0.03781163265683485,0.0404344191128535,-0.004583773255163676,-0.04501819236801717,0.0407817863813,-0.0007134724799789766,-0.04149525886127898,,0.020635845484995804,,-0.0037054805735493,-0.00607100795457769,-0.00236552738102839,,-0.04716696611365182,,0.0290120446557046,-0.004233936396555466,-0.033245981052260065,0.0334016468152159,-0.003641216300744315,-0.037042863115960216,-0.0723322493453765,-0.03128832429261874,0.041043925052757765,-0.0523841101701452,-0.0184279941172459,0.033956116052899304,,-0.019798329978865926,,-0.0015748970518728,0.0007084808315697374,0.0022833778834425375,-0.0037042701787545,-0.00451439656768236,-0.00081012638892786,-0.0577066557263957,-0.008621411584272553,0.04908524414212315,-0.0590562653257546,-0.007856725640417653,0.05119953968533695,-0.0147757340905682,-0.010013422516154063,0.004762311574414136,-0.0026244248724384,-0.006732353148645363,-0.004107928276206964,1.5640232578976836e-06,-0.006159667225457547,-0.0061612312487154455,-0.0241100827708155,-0.02821874723104063,-0.00410866446022513,0.0033895910993138,-0.0062041013489601594,-0.00959369244827396,,-0.0035605183202217358,,,-0.03331629788771962,,0.0026636684243493,-0.007235413122473937,-0.009899081546823237,0.0057812086300976,-0.005976810382150231,-0.011758019012247831,-0.0100853246145125,0.009353278759112908,0.019438603373625407,-0.0521346824104731,-0.0066501730756129765,0.045484509334860125,,0.011643637506097163,,-0.0081277190373742,-0.00443252727089327,0.0036951917664809295,-0.0320331799039718,-0.0032591510402234757,0.028774028863748326,,-0.003704397525954848,,-0.0018264392521418,-0.016907446946479842,-0.015081007694338042,-0.0343798077427523,-0.0022472030054519407,0.03213260473730036,-0.0328078171303707,-0.0013123732585562646,0.03149544387181444,-0.1505764378916486,-0.05605417650172854,0.09452226138992006,-0.1267812970166243,0.006950821944507077,0.13373211896113138,,-0.00402575825538086,,0.0178354812453139,-0.008670298079917394,-0.026505779325231293,0.0365946279889637,-0.0038275804607251123,-0.040422208449688815,0.0357386456268354,0.0012967054691307915,-0.03444194015770461,0.045398407626831,-0.0033979568216083635,-0.048796364448439364,0.0478801517397987,-0.002788390843336085,-0.05066854258313478,0.0246509642405033,-0.027152788022836702,-0.05180375226334,,0.005038936514563453,,0.0232139661195322,-0.00945039042012766,-0.03266435653965986,0.0049623109751314,-0.008726759822235853,-0.013689070797367253,0.0060146693724855,-0.008325481921185809,-0.014340151293671308,-0.0168212766869679,-0.017176948133771824,-0.00035567144680392557,0.020429837145407,-0.007093331644957774,-0.027523168790364774,,-0.009035219661815034,,0.2289626477539666,-0.029622175541857997,-0.2585848232958246,-7.442012813283503e-05,-0.00023448893121617506,-0.00016006880308334004,0.0140882656919783,0.00048597260247846413,-0.013602293089499836,0.0002773540030575,-0.0036425247333997683,-0.003919878736457268,-0.024517277416303,-0.0009764189923449978,0.023540858423958002,-0.0286100969699846,-0.00014978553182232505,0.028460311438162276,-0.074143732363748,-0.020361668776032453,0.05378206358771554
2008-04-01,,0.028767513780109968,,-0.0462897757048241,0.04767623918280998,0.09396601488763408,,0.040910225502786855,,-0.0121038793893201,0.052631507282781376,0.06473538667210148,0.0800878606319767,0.08394675411339374,0.0038588934814170334,0.0848615120239587,0.0480935441283103,-0.036767967895648394,0.0884050540035866,0.04928000634785679,-0.03912504765572981,-0.010525438552477,0.010579968243702038,0.02110540679617904,0.1027370735493519,0.0652824722475776,-0.03745460130177429,0.1103144815656232,0.06744994907241224,-0.042864532493210955,-0.0092200936326166,0.01046085576877892,0.01968094940139552,,0.02144197929326924,,0.134676655269001,0.05006636776874334,-0.08461028750025765,,0.039503292868979405,,,0.02062755480620303,,0.0689325759276272,0.02901391106400059,-0.03991866486362661,,0.00022285118027900704,,0.0396300549285412,0.05497241027736682,0.015342355348825623,0.0226968075344642,0.06157090041771551,0.03887409288325131,0.0249243072716337,0.05831794058870177,0.033393633317068065,-0.0381517208273539,0.03171012353304469,0.06986184436039859,,0.016207608896492868,,0.0214855865600167,0.05643643362090567,0.03495084706088897,,-0.04659202811203302,,0.0970389465161296,0.0784068619076369,-0.018632084608492694,0.0977869672221705,0.07990975000947634,-0.01787721721269417,-0.0345436622586168,0.009718453220469549,0.044262115479086345,-0.0085919593527639,0.07394271536099778,0.08253467471376168,,0.06523719248296511,,0.046794281436843,0.020245970333875016,-0.026548311102967983,0.0312749347725703,0.01961595089509006,-0.011658983877480236,0.0342032815604129,0.0412906340720756,0.007087352511662703,0.0337588623245177,0.04201538043729652,0.008256518112778825,-0.039661227981468,0.021535362669375026,0.06119659065084303,0.0833728816586347,0.057406428949952855,-0.025966452708681843,0.0830374529615358,0.05926277419913013,-0.02377467876240566,0.0366007678836378,0.01387280995910721,-0.02272795792453059,0.0341382789071101,0.04715182064666877,0.013013541739558668,,0.04947111585037153,,,0.054922362385156735,,0.0036998931616152,0.03280051170128796,0.029100618539672763,-0.0006504571121983,0.03406564866642647,0.034716105778624766,0.0824911613269694,0.006439541261986974,-0.07605162006498242,0.0734812590668015,0.05291282023954925,-0.020568438827252254,,-0.005893908491925818,,0.109710873627804,0.04095335238353733,-0.06875752124426668,0.1192843221632049,0.028419604992838948,-0.09086471717036596,,0.026389921816757065,,0.0490905028793,0.013093047119911915,-0.035997455759388085,0.0006623984218299,0.026305754204885557,0.025643355783055658,0.0011008154305269,0.027052137693690522,0.02595132226316362,0.0161418382343553,-0.0280654503015656,-0.0442072885359209,-0.0928311811798242,0.021300845251627246,0.11413202643145144,,0.022604827710657725,,0.0200655737106755,0.06498998473716111,0.04492441102648561,0.0399934798240671,0.04185300523972068,0.0018595254156535818,0.0477958211532571,0.04763743826023109,-0.0001583828930260059,0.0715928359695442,0.05580776350408872,-0.015785072465455484,0.0750113120706301,0.05707306816236132,-0.017938243908268772,-0.0176618950815355,0.016560690670991394,0.034222585752526895,,0.03641015658474975,,0.095362480849302,0.05550903217464672,-0.03985344867465528,0.0582598028423027,0.04774731657250966,-0.010512486269793037,0.0618680600568476,0.04854883363125528,-0.013319226425592322,-0.0078648170484132,0.02347529008847626,0.031340107136889464,0.049303050610541,0.04772760308415176,-0.0015754475263892384,,0.048618172133448705,,0.0115353721069767,0.005442379682975073,-0.006092992424001627,0.0510802886323682,0.027210862835618316,-0.023869425796749884,0.0460798423047275,0.027134150149029018,-0.018945692155698485,0.0672054963273088,0.021136428151983022,-0.04606906817532577,0.0078119469248468,0.03881827948701361,0.031006332562166807,0.0139347884734834,0.039457347118796504,0.025522558645313102,0.1875499250074562,0.02150798885934814,-0.16604193614810808
2008-05-01,,0.02722268925174952,,-0.0377587091176327,0.014183430898610272,0.05194214001624297,,0.01582906083565395,,0.0368221992617303,0.038719621860046786,0.0018974225983164894,-0.0295196622940396,0.057636348330517596,0.08715601062455719,-0.0301616916194882,-0.0015919660807414385,0.028569725538746763,-0.0313068887786354,-0.003064051337729422,0.028242837440905975,0.0019295037149037,0.007675172155105334,0.0057456684402016345,0.052431027226277,0.021672691975752924,-0.03075833525052408,0.0534885049783546,0.020392373238915466,-0.033096131739439136,-0.0066497711038775,0.02449696804439337,0.031146739148270867,,0.01702239540255854,,0.0500091636619773,0.023393215272933154,-0.026615948389044148,,0.02428404170255811,,,0.02385416563270029,,0.0294814772830904,0.01745786383303384,-0.01202361345005656,,0.013618740980703049,,0.0383350219125104,0.024388873873452892,-0.013946148039057506,0.0445091790129398,0.04689881154894562,0.0023896325360058188,0.0368110381012445,0.04090297420336568,0.004091936102121177,0.0016968064658963,0.017121274847233216,0.015424468381336917,,0.04813002286053588,,0.1104449717623201,0.048334216231484615,-0.06211075553083548,,0.010914064945230222,,0.0749884471274749,0.03671347810839436,-0.03827496901908055,0.0761253913652701,0.036363021416317774,-0.03976236994895233,0.0429202455817646,0.011618696264741026,-0.03130154931702357,-0.0442908463783602,0.028378192124925438,0.07266903850328564,,0.023639231290044797,,0.009295314336517,0.01197704070091153,0.002681726364394529,0.0260156813832058,0.027987799446694137,0.001972118063488338,-0.021571284691008,0.009089148419906733,0.030660433110914733,-0.0310431386556767,0.009854722571768925,0.040897861227445625,0.0193558159778072,0.020395296590249364,0.0010394806124421618,0.0466806208127926,0.03591528876628459,-0.010765332046508015,0.0461711991930283,0.034295454070269106,-0.011875745122759192,-0.1404965637789295,0.026035660857312792,0.1665322246362423,0.0672487985949215,0.035356273580581826,-0.03189252501433967,,0.02929064012771595,,,-0.009983866099611433,,0.0176390737623117,0.019303721656502636,0.0016646478941909348,0.0155077138020996,0.01886823474661605,0.0033605209445164517,0.0496102391479853,0.039512701154310145,-0.010097537993675153,0.0996959233856695,0.03182407622571592,-0.06787184715995359,,0.04258858317287768,,0.0220369265712205,0.03013207768164579,0.008095151110425289,0.0490353081939376,0.018552631408335466,-0.030482676785602136,,0.012676507430565045,,0.0338773342439759,0.015076718961971637,-0.01880061528200426,0.0153958203896857,0.014704858914753236,-0.0006909614749324635,0.0147210427181132,0.013839068875504413,-0.000881973842608786,-0.0282032774830737,-0.004845699281115008,0.023357578201958693,0.0684722240934957,0.020557648714360097,-0.0479145753791356,,0.008688516326548264,,-0.0315834518704741,0.038709936014294975,0.07029338788476908,0.0377936939387208,0.03124694141578405,-0.006546752522936749,-0.0058150532089525,0.025056849180738184,0.030871902389690682,-0.0058954740253162,0.029967272285059056,0.035862746310375254,-0.0064836693402673,0.028133809801881758,0.034617479142149056,-0.0091271631538652,0.030640116664055046,0.03976727981792025,,0.04198575168247831,,0.0581800974279206,0.035329685129619155,-0.022850412298301447,-0.0023280620367655,0.015404825236049411,0.017732887272814912,-0.0087347511485289,0.013375288714867357,0.022110039863396255,-0.0054205560544935,0.016335177118636912,0.021755733173130412,0.0356820407708222,0.024468105408984985,-0.011213935361837218,,0.021089735411501845,,0.0229141678066267,0.01793123812678983,-0.004982929679836868,0.0385153227536326,0.01344719264745968,-0.02506813010617292,0.0402286029860096,0.012215571136219612,-0.02801303184978999,-0.034808137832815,0.028947016472524952,0.06375515430533996,0.0559473599365039,0.030639992816328208,-0.02530736712017569,0.0570420609981305,0.02832751704077805,-0.02871454395735245,0.0369343184932868,0.016323465192618857,-0.020610853300667944
2008-06-01,,-0.0695867821022426,,-0.1350601987658427,-0.11039846212755507,0.02466173663828762,,-0.046986791651508306,,-0.1295146059634915,-0.054129901991879135,0.07538470397161237,-0.2127822624539211,-0.11428109618220371,0.09850116627171739,-0.1731177218853467,-0.13121759637414804,0.04190012551119865,-0.1736295445785138,-0.13506634992958702,0.03856319464892677,-0.1191484348358282,-0.056649522968261895,0.0624989118675663,-0.0847783779322904,-0.08523886561864093,-0.0004604876863505275,-0.0855241659025528,-0.08253569733716798,0.0029884685653848164,-0.0924702290186943,-0.12246788905141046,-0.02999766003271616,,-0.030542138380375138,,0.0366869538415207,-0.08324030157243095,-0.11992725541395166,,-0.06754405603948904,,,-0.16150710719136158,,-0.1186101320533588,-0.06618551333771783,0.05242461871564097,,-0.09103116552426531,,-0.0944553810616185,-0.08977309169363956,0.004682289367978945,-0.0847838040286306,-0.07998378578933606,0.004800018239294546,-0.1605624463729476,-0.09163525040285181,0.06892719597009578,-0.0793764795854368,-0.03448219766729945,0.044894281918137345,,-0.02226591054274414,,-0.1494993418422558,-0.09210925514916254,0.057390086693093256,,-0.09132089313348407,,-0.1015587972041119,-0.07553600802132063,0.026022789182791273,-0.1039188614316432,-0.07278086658053129,0.031137994851111905,-0.049803885045478,-0.12279278008942884,-0.07298889504395084,-0.2528018025949668,-0.14846714748063,0.10433465511433682,,-0.09572845397591229,,-0.1126383992406699,-0.03952923536536014,0.07310916387530976,-0.0677311698467614,-0.07363953801146124,-0.005908368164699834,-0.140723798038515,-0.10149581919479446,0.03922797884372055,-0.1408258889203181,-0.0994877727870615,0.04133811613325661,-0.1599773358311041,-0.07358182674895138,0.08639550908215272,-0.08171148186305,-0.10149787059243068,-0.019786388729380683,-0.0733413707485259,-0.10108056043332614,-0.02773918968480024,-0.0275185522157992,-0.10695367006347498,-0.07943511784767578,-0.0712064547892082,-0.07713886905244244,-0.005932414263234237,,-0.0685546830203912,,,-0.14937765972815356,,-0.0289573949114425,-0.07311126018085808,-0.044153865269415574,-0.0280477607889818,-0.06960586004806173,-0.041558099259079925,-0.0027162884395607,-0.04195640255727561,-0.039240114117714914,-0.01945155955022,-0.1318535976152758,-0.11240203806505579,,0.030866215503937117,,-0.0897624423161129,-0.07157494729383068,0.018187495022282216,0.0049963737870294,-0.09087219226150767,-0.09586856604853707,,-0.11258276670333686,,-0.0069364518452471,-0.11401630351453515,-0.10707985166928805,-0.047002305329434,-0.058191431784438336,-0.011189126455004333,-0.0441957945659365,-0.055796118216056796,-0.011600323650120294,-0.2524467222454405,-0.14190587626608608,0.11054084597935443,0.1033272960618756,-0.024077784457944403,-0.12740508051982,,-0.07431544225089454,,-0.114033198667584,-0.10970037268675363,0.004332825980830374,-0.0947494504164822,-0.05727806184899398,0.03747138856748822,-0.0804799997233331,-0.03438467745549474,0.04609532226783836,-0.0835792519700249,-0.05909326558444004,0.024485986385584864,-0.0721245674301578,-0.056644594711712876,0.015479972718444923,-0.1956587793098005,-0.09743293634745734,0.09822584296234316,,-0.06743515406238096,,-0.0726531115269019,-0.1112908861480584,-0.0386377746211565,-0.1050824817117391,-0.0949039060978525,0.010178575613886603,-0.1077081535150983,-0.09624708582969106,0.011461067685407236,-0.1207249241076884,-0.1054233647285255,0.015301559379162902,-0.1178557054842422,-0.0882621336668532,0.029593571817389003,,-0.09370064851311116,,-0.1574037603252613,-0.1267469339277722,0.030656826397489095,-0.0084805811646965,-0.03971798492429612,-0.031237403759599616,0.0063257875150012,-0.037658846551114414,-0.043984634066115615,-0.0309092546434785,-0.04056798396435396,-0.00965872932087546,-0.0716888687129431,-0.05917362270334512,0.012515246009597976,-0.0697644737989966,-0.056319564435548974,0.013444909363447624,-0.1698274448697863,-0.07809954482667689,0.0917279000431094
2008-07-01,,0.04081549870179708,,0.0416183793653026,0.02203915228812369,-0.019579227077178907,,-0.005934696162790605,,-0.0322483383457135,-0.011786021665581013,0.020462316680132486,-0.0211978978753624,-0.0011258520928425137,0.020072045782519886,0.1071892585869074,0.0433070053194799,-0.0638822532674275,0.1068570315043174,0.04154389516966705,-0.06531313633465036,0.0018671375502311,0.038309666580553695,0.03644252903032259,-0.0178918188614577,-0.026851647682264557,-0.008959828820806856,-0.0186836578636988,-0.028022352223404715,-0.009338694359705916,-0.0880829495878785,6.710170935641537e-05,0.08815005129723492,,-0.012298604832428903,,-0.0674390161216219,0.004732680904086638,0.07217169702570854,,0.008298923231001062,,,0.027013590049474876,,-0.035812659600886,-0.006744959782618307,0.029067699818267692,,0.015496001812311965,,-0.0261156816578563,-0.007117082427980847,0.01899859922987545,-0.0138561353739436,0.017120658080862706,0.030976793454806306,0.0032974329068211,0.022206487921852695,0.018909055015031595,0.0738490305467145,-0.015498395217838962,-0.08934742576455347,,0.036700204710593605,,-0.0440990037466396,0.005964000401540753,0.05006300414818035,,-0.03450266461012101,,0.0050484715627157,-0.02610944306039143,-0.03115791462310713,0.0077901672849027,-0.028571046509060356,-0.03636121379396306,-0.0276532241254721,-0.004038196792987014,0.023615027332485085,-0.0005678561730196,0.005532898328833908,0.0061007545018535074,,-0.04617551453102252,,0.0487195650914029,-0.004302230309953414,-0.05302179540135631,-0.0362463810665633,0.008671984005698928,0.044918365072262226,0.017342237654633,0.019627378256630156,0.002285140601997155,0.0114155036044483,0.01981778123889448,0.008402277634446181,0.0535602048055007,0.0256059775091367,-0.027954227296364,-0.0321042619955851,0.009252198508981546,0.04135646050456665,-0.0354177488265674,0.006313086494274216,0.04173083532084161,0.0440144608491886,0.020849408682138713,-0.023165052167049886,0.014979450053134,-0.007886017335744403,-0.022865467388878402,,-0.008511143801025467,,,-0.0005292274123192948,,0.0449304071630275,-0.014512998440229847,-0.059443405603257345,0.0441155179250406,-0.016487777123219634,-0.06060329504826023,-0.0296086773278014,0.038832564695706985,0.06844124202350839,-0.102151887272621,0.01846984858947468,0.12062173586209568,,0.01748271538265625,,0.0591883417382534,0.006347105566082931,-0.05284123617217047,-0.1341139182144309,0.0319231833211515,0.16603710153558238,,0.051090178241913406,,-0.1234047423433029,0.05319892119247366,0.17660366353577656,0.0450464510182365,-0.005825720184949637,-0.050872171203186135,0.0407812691499681,-0.0069880032504448485,-0.047769272400412954,-0.0161734467314445,-0.018395334692834477,-0.002221887961389977,-0.0985121753127682,-0.012802566127787974,0.08570960918498022,,0.013641152057112789,,-0.0770514384410681,0.03639154048801449,0.11344297892908259,0.118239697428123,0.0067615437695003645,-0.11147815365862264,0.0298467356061412,-0.0074056456814642745,-0.037252381287605475,0.0110282063541172,-0.01939496104160831,-0.03042316739572551,0.0094190730993346,-0.02195365827728591,-0.031372731376620513,-0.0010200218092531,0.01726698275993006,0.01828700456918316,,0.03947892957984095,,-0.1518523271205983,0.014154374414895397,0.16600670153549368,0.0372543761536515,0.010762567510810042,-0.02649180864284146,0.043157946086746,0.008705828400766502,-0.0344521176859795,-0.0045628306932152,0.026541274955716457,0.03110410564893166,0.0579992974946184,0.003078855237930037,-0.054920442256688365,,-0.0031061055845740863,,0.0862208406890418,0.011042536286233659,-0.07517830440280815,-0.048157100302041,-0.007521247109298917,0.04063585319274208,-0.0675116803488438,-0.010299485994092234,0.05721219435475157,0.0418715792587409,0.011031151552242916,-0.03084042770649799,0.0315474779188486,0.009452848133436978,-0.022094629785411622,0.027434423112025,0.005709289178971653,-0.021725133933053347,-0.0076452471078022,-0.005222603837873848,0.0024226432699283526
2008-08-01,,0.031328107354304045,,0.0102734271026526,0.026619157940642107,0.016345730837989507,,0.015820528876104176,,0.0531065003731872,0.03644672424871417,-0.01665977612447303,-0.0141356819890946,0.040572323721229396,0.054708005710324,-0.0098349299154821,0.018396084818078386,0.02823101473356049,-0.0120050120615873,0.01649628122495888,0.02850129328654618,-0.0156080555145317,0.021258147540231913,0.03686620305476361,0.0132849784092607,0.0070039150812284245,-0.006281063328032275,0.0109683890776569,0.006440085514031542,-0.004528303563625358,0.0316470671365416,0.010346942047026155,-0.021300125089515443,,0.02283220986641858,,-0.080333955309812,0.02942635292018539,0.10976030822999738,,0.032658528492347426,,,0.02769001940378805,,0.0375765490955234,0.01733341391070056,-0.020243135184822843,,0.018989431915440447,,0.0620118284539311,0.020579461624932554,-0.04143236682899855,0.0783193705605445,0.05075782893220717,-0.02756154162833733,0.0831136242503921,0.048253903839623746,-0.03485972041076836,0.0640261117135639,0.019419274874453402,-0.0446068368391105,,0.048214528728438316,,0.0198740114364618,0.04043671037341725,0.020562698936955448,,-0.011230614064907666,,0.023500405975551,0.022809898086645665,-0.0006905078889053347,0.0241551061304353,0.022134814944107666,-0.0020202911863276343,0.0102157035478774,0.002174919977923245,-0.008040783569954154,0.0662600728464996,0.019215487179405057,-0.04704458566709454,,-0.0015141457390612152,,-0.0153371739700365,0.014375846054454813,0.02971302002449131,0.0313242743109346,0.022975605131424673,-0.008348669179509924,0.0072728415052465,0.019808043028053772,0.012535201522807272,-0.0091605111689384,0.021102785626730073,0.03026329679566847,0.1531795010320382,0.02479554797681028,-0.12838395305522793,0.0051335261121762,0.03679435532119482,0.03166082920901862,0.0032119907597876,0.03476194382461062,0.03154995306482302,0.0369688401537295,0.030854670439633042,-0.006114169714096455,0.0056700125832251,0.023502280065709164,0.017832267482484065,,0.02102431750020401,,,-0.01975913902122904,,0.025798503691151,0.007848495214903784,-0.01795000847624722,0.0228928169744993,0.008385532673362294,-0.014507284301137006,0.0154539857209949,0.04592396813964279,0.030469982418647894,-0.0834178490696512,0.03416132640556587,0.11757917547521707,,0.04958518437005535,,0.0059621981804818,0.028405279411204635,0.022443081230722833,0.0085416172822266,0.03758479651870341,0.029043179236476813,,0.03873722737942644,,0.0238699183256601,0.039879896729204736,0.016009978403544636,0.0219416274743389,0.007608993815588532,-0.014332633658750368,0.0234320101746552,0.007498355438758105,-0.015933654735897095,0.0013025948400458,-0.030858250409161816,-0.03216084524920761,-0.1168975980309976,0.0172977999692137,0.1341953980002113,,0.015449031717739248,,0.0037695856342743,0.049254349870466084,0.045484764236191785,-0.0192956049516394,0.03763731426305007,0.05693291921468947,0.0330958065694167,0.026100806901687423,-0.006994999667729276,0.0654787392214477,0.01804731683694717,-0.04743142238450053,0.0624699947961415,0.015436958269787377,-0.04703303652635413,0.0721199529186412,0.041811832275267635,-0.03030812064337357,,0.05085615800808038,,-0.0333946739049697,0.04100340657891148,0.07439808048388119,-0.0070601183152808,0.01893491418018259,0.025995032495463394,-0.0162532078607372,0.015621047557973292,0.03187425541871049,-0.054092274471675,0.026688057448185958,0.08078033191986096,0.0065116889578524,0.02620400383897276,0.01969231488112036,,0.02060730610940708,,-0.0023865497455358,0.023998782920394184,0.026385332665929986,-0.0045140304060744,0.014216083262709619,0.01873011366878402,-0.0170305737642335,0.012357441497120227,0.029388015261353727,0.0296908766845643,0.03244321417266564,0.0027523374881013377,0.0431558304924472,0.033002452856884884,-0.010153377635562316,0.0446263024607682,0.029617490589185166,-0.015008811871583035,-0.0331713478964151,0.016056056871261108,0.0492274047676762
2008-09-01,,-0.04304528231147295,,-0.1027026345582201,-0.0760703181655163,0.02663231639270379,,-0.05435159601303942,,0.037744565861257,-0.09236406841232918,-0.13010863427358618,-0.097137606869729,-0.16887304801111322,-0.07173544114138422,0.0635464935699979,-0.05749638071109596,-0.12104287428109387,0.0619221414567214,-0.06039170608827969,-0.12231384754500109,-0.068754279646699,-0.019664808990970534,0.04908947065572847,-0.1213213109876085,-0.12049742969775898,0.0008238812898495179,-0.1209829321682776,-0.1167945834872105,0.0041883486810671,-0.1111530889478049,-0.14682703763085805,-0.03567394868305315,,-0.044555588039476464,,-0.2172849196361121,-0.08266245870584173,0.13462246093027036,,-0.06470922307213543,,,-0.14038538161878417,,-0.0962410490184553,-0.06857454603555957,0.027666502982895733,,-0.07758780694366217,,-0.0655032386076864,-0.10380033306424787,-0.03829709445656146,-0.1060925394185416,-0.09813450674416209,0.007958032674379514,-0.0826747501696985,-0.09500987659038226,-0.012335126420683767,-0.0019794113628222,-0.0494744343022243,-0.047495022939402096,,-0.020796812062610307,,-0.1877418945026309,-0.1237105946149902,0.0640312998876407,,-0.14145806906460334,,-0.2187741833504771,-0.12569098472610304,0.09308319862437406,-0.2208970211919873,-0.12488028123950826,0.09601673995247903,-0.208454040467861,-0.12836031766451364,0.08009372280334737,-0.1665752349685256,-0.15434556236783306,0.012229672600692548,,-0.15772448316387477,,-0.0261409021808852,-0.03657339462757725,-0.01043249244669205,-0.0685545216110482,-0.07753735459582875,-0.008982832984780545,-0.1167944764174462,-0.06627088549266755,0.05052359092477865,-0.0394631630434935,-0.06470257106249383,-0.025239408019000327,-0.0397191303603778,-0.06275590588681494,-0.02303677552643714,-0.1981884514955853,-0.10833166449347413,0.08985678700211118,-0.1979872231369996,-0.10778813468603411,0.09019908845096548,-0.3172368908204266,-0.11001574738238983,0.20722114343803677,-0.1237292507286134,-0.10954375560750433,0.014185495121109074,,-0.0933695101963538,,,-0.1332613689992237,,-0.0500571647233333,-0.0909156289643321,-0.0408584642409988,-0.0492527862825187,-0.08742075741236256,-0.03816797112984386,-0.1402152128509304,-0.028587688191151414,0.11162752465977897,-0.2569104669237662,-0.11284905484135148,0.14406141208241469,,0.0025651344349679286,,-0.0718780211581129,-0.08289511436401281,-0.011017093205899914,-0.112360848360125,-0.047864937988625275,0.06449591037149972,,-0.03876657135053303,,-0.1734768278226361,-0.056447112826360495,0.1170297149962756,-0.0521998882193009,-0.0627222825338982,-0.010522394314597297,-0.0516861776945251,-0.05945527181544284,-0.007769094120917745,-0.3568125046157412,-0.16384091393152472,0.1929715906842165,-0.0395579752970653,-0.03766082354831525,0.0018971517487500478,,-0.046484545158225005,,-0.0983504894637213,-0.1004950743041551,-0.002144584840433797,,-0.06964546232448099,,-0.0262148394534941,-0.05671694229739702,-0.030502102843902923,-0.0431205917204766,-0.09850205492177692,-0.05538146320130032,-0.0373647541080563,-0.09661877771774786,-0.059254023609691564,-0.0281581294015303,-0.10582063091226585,-0.07766250151073555,,-0.05592237819879142,,-0.2920402887149591,-0.10990806069286357,0.1821322280220955,-0.0706283899683812,-0.08101493436321329,-0.010386544394832095,-0.0794858785725271,-0.08118066946509725,-0.0016947908925701444,-0.1076383597688456,-0.07982317245736135,0.027815187311484246,-0.0846539125143401,-0.08963981407662962,-0.004985901562289521,,-0.09626023125297425,,-0.2250113552219119,-0.11453395581812056,0.11047739940379134,-0.0959004118631809,-0.04410673808251003,0.051793673780670874,-0.0882815330954486,-0.042502941056067826,0.045778592039380776,-0.0311763914937736,-0.0532837162829112,-0.022107324789137604,-0.0885835034906744,-0.06724247829907108,0.021341025191603316,-0.0760284457307325,-0.06494456795196857,0.011083877778763934,-0.1964270167958032,-0.09223409574925259,0.10419292104655062
2008-10-01,,-0.13506104301303617,,-0.193147126243465,-0.21069874865150195,-0.017551622408036954,,-0.10844322609472698,,-0.1641584145745394,-0.17418885842311274,-0.01003044384857335,-0.3476567135723021,-0.2928956498690584,0.054761063703243684,-0.1923919586191278,-0.21308600745270603,-0.020694048833578227,-0.1975527399613542,-0.21602755157614423,-0.018474811614790032,-0.1239334465951314,-0.11343206615698771,0.010501380438143693,-0.1784034612827953,-0.1802180458545386,-0.0018145845717432996,-0.1732735509946363,-0.17432584428529113,-0.0010522932906548432,-0.2801675096301227,-0.24951300118175504,0.030654508448367673,,-0.0996312773610065,,-0.2498502402954661,-0.19181539700076178,0.05803484329470432,,-0.16541841351862274,,,-0.3125960371647907,,-0.1156768778419186,-0.13344735773320152,-0.017770479891282914,,-0.18266422079293101,,-0.2029672372648292,-0.1947193734455759,0.008247863819253298,-0.2713093551606537,-0.22851656065810358,0.04279279450255011,-0.3255010031035812,-0.23603823610953983,0.08946276699404138,-0.1155030031173643,-0.09708080994313957,0.018422193174224735,,-0.07563982756647028,,-0.2128041922716437,-0.23363609071257582,-0.020831898440932112,,-0.18038977270638168,,-0.1430445651073082,-0.1956835793944724,-0.05263901428716419,-0.1366884332495426,-0.19130427940960662,-0.05461584616006401,-0.2506854871902055,-0.22281355107727108,0.027871936112934426,-0.3798693670492733,-0.2899704702145406,0.08989889683473273,,-0.2065649741617346,,-0.1049292143914443,-0.07922024750862453,0.025708966882819775,-0.123936207436252,-0.14832133771339787,-0.024385130277145867,-0.3049860879767622,-0.18349440653602997,0.12149168144073222,-0.3045642672992693,-0.18229390477938298,0.1222703625198863,-0.2427161607461956,-0.1619419503275945,0.08077421041860108,-0.3044140505418981,-0.23150592120653232,0.07290812933536575,-0.300949459849697,-0.2268776070682577,0.07407185278143932,-0.2481709101183489,-0.25177151475611587,-0.0036006046377669576,-0.2292853885233307,-0.18111693324660258,0.04816845527672811,,-0.15960272441253118,,,-0.23855031567924315,,-0.1390270465560287,-0.1376474344356255,0.0013796121204032175,-0.1335159827079872,-0.13219538139624634,0.00132060131174086,-0.3227717257138146,-0.11014358013216538,0.2126281455816492,-0.3975981503051837,-0.2503494369848474,0.1472487133203363,,-0.0340808895488768,,-0.1282279022101576,-0.16979607917935613,-0.04156817696919854,-0.1844578969457984,-0.18103048361210214,0.0034274133336962553,,-0.19871116930683658,,-0.31531929377905,-0.23105548219807298,0.08426381158097701,-0.0724300997602237,-0.10150987792804653,-0.029079778167822826,-0.0678297946914872,-0.09643130512125633,-0.028601510429769134,-0.0298430138155601,-0.22683494059192882,-0.19699192677636873,-0.3819555097129183,-0.05796766122356852,0.3239878484893498,,-0.12590066685451629,,-0.3371079087247929,-0.2686686602125099,0.068439248512283,,-0.16902077433328114,,-0.1013751215816618,-0.11672660110427212,-0.015351479522610317,-0.1399838446273601,-0.1509630252545918,-0.010979180627231688,-0.119171253999266,-0.14292369951805015,-0.02375244551878415,-0.3631163584144578,-0.260359822086318,0.10275653632813975,,-0.17531874514808843,,-0.2462079853540992,-0.25257900179566256,-0.0063710164415633486,-0.2592166371461221,-0.18510469255973905,0.07411194458638304,-0.2419329931537847,-0.17978884767901493,0.06214414547476976,-0.3037872962354433,-0.21346375882964708,0.09032353740579624,-0.1487375236344388,-0.19084538349820623,-0.042107859863767444,,-0.1919830183233175,,-0.3373728843270454,-0.25391654679348596,0.08345633753355941,-0.1213324523381433,-0.0875828005939846,0.0337496517441587,-0.1197983865931787,-0.08017603347158893,0.039622353121589765,-0.0614137424951626,-0.1295489501011916,-0.06813520760602901,-0.1855901291423437,-0.15373060828935814,0.03185952085298557,-0.1742361598315775,-0.14288856625898574,0.03134759357259176,-0.2975558172867059,-0.1807957852162397,0.11676003207046617
2008-11-01,,-0.0937501859243198,,-0.1267373334817896,-0.12867339484172172,-0.0019360613599321286,,-0.037886320481022986,,-0.1119776291960675,-0.054144445335377094,0.05783318386069041,-0.0915558801681628,-0.14640724530569466,-0.05485136513753186,-0.1936866811066356,-0.16955300617821667,0.02413367492841892,-0.2005452892972566,-0.17042982049064057,0.03011546880661603,-0.0901647799358195,-0.10602689981827744,-0.015862119882457934,-0.0956126397902216,-0.06862951480102514,0.026983124989196458,-0.1005358978923669,-0.06329036596966502,0.037245531922701886,-0.1635694060647945,-0.16212122057367218,0.001448185491122328,,-0.019005749907590852,,-0.1981907937473159,-0.09450937526437947,0.10368141848293644,,-0.07662703527440733,,,-0.21142708787191253,,0.0065858400241799,-0.043908604932197746,-0.05049444495637764,,-0.1213520576417474,,-0.0768442719587835,-0.08812502526373446,-0.011280753304950958,-0.0645466161531488,-0.11481452042705362,-0.05026790427390482,-0.0174096284681031,-0.12818746535444023,-0.11077783688633713,-0.0162449471201579,-0.011896834340712422,0.004348112779445478,,-0.01683314989442767,,-0.0228992756089193,-0.10947120740134696,-0.08657193179242766,,-0.09772636315531821,,-0.1528806502016282,-0.06162477890959769,0.0912558712920305,-0.1484435642344204,-0.05602691222727789,0.09241665200714251,-0.231388136928061,-0.14034235351740326,0.09104578341065775,-0.299573762061778,-0.1717477747625957,0.1278259872991823,,-0.07541693805150766,,-0.0386369463100854,-0.015109132153028428,0.023527814157056973,-0.0839831412485492,-0.06733619296599105,0.016646948282558152,-0.0854398084176603,-0.11501898130143402,-0.02957917288377372,-0.0915770139720572,-0.11294431649939243,-0.021367302527335236,-0.1496027532519847,-0.11602661183512525,0.03357614141685944,-0.0642138120061078,-0.1137061173765537,-0.049492305370445897,-0.0540318630481178,-0.10750946397448383,-0.053477600926366026,-0.3017082899323895,-0.17552849458407818,0.12617979534831134,-0.0427448569887763,-0.07311213904673873,-0.03036728205796243,,-0.060430728378943706,,,-0.19120744954842778,,-0.1396042919932006,-0.047488153615098005,0.09211613837810259,,-0.03952481433362461,,,-0.053194733266005496,,-0.0949604464851,-0.1268196536346861,-0.03185920714958611,,0.010238621459137157,,-0.0336943204397487,-0.08148913709995859,-0.047794816660209884,0.0010987052119059,-0.104192368447647,-0.1052910736595529,,-0.1366425749051661,,-0.2642469432021515,-0.18090131287265843,0.08334563032949305,-0.0587226893375253,-0.03416368321603341,0.024559006121491894,-0.055138624429288,-0.028477800031573203,0.026660824397714795,-0.2421760618230422,-0.17845852073117152,0.06371754109187067,0.3045512618001187,0.020728960403107677,-0.28382230139701103,,-0.06847082537024188,,-0.2171176724105972,-0.1754184934308948,0.041699178979702406,,-0.07761103127974917,,-0.0433088412330969,-0.03538526978884915,0.007923571444247747,-0.0647089658276955,-0.04639635910581555,0.018312606721879954,-0.0532251890631987,-0.04008137734584815,0.013143811717350552,-0.2194617418141753,-0.16615348115999248,0.053308260654182815,,-0.10004046468947854,,-0.1243535427072977,-0.1306684319930582,-0.006314889285760489,-0.1765960671495868,-0.10851942236756325,0.06807664478202356,-0.1666737596755234,-0.10389157593040486,0.06278218374511853,-0.2294729650105661,-0.14710633116507857,0.08236663384548754,-0.0876025093246031,-0.09087805374617003,-0.0032755444215669255,,-0.08825107941476983,,-0.2481982807407751,-0.1548988569468334,0.09329942379394171,-0.0016490562739542,-0.020112082263086167,-0.01846302598913197,0.020467697148674,-0.011931317349281727,-0.03239901449795573,-0.0726165566544938,-0.06476678471138668,0.007849771943107126,-0.1032637951891307,-0.06972855242620951,0.03353524276292119,-0.1005295803584025,-0.0598029262311905,0.040726654127212,,-0.10149595892589988,
2008-12-01,,0.03337111988276663,,0.0034061198955027,0.021026916169101635,0.017620796273598936,,0.010840670870625476,,-0.0075998303319521,0.025071239671194227,0.03267107000314633,-0.0012554423578721,0.06193495986325242,0.06319040222112451,-0.0379804298964239,0.022795570678441148,0.060776000574865055,-0.0420705956456793,0.02140391283271282,0.06347450847839212,-0.0728733064759542,0.02128551447502928,0.09415882095098349,0.0243996604493122,0.019659340564386372,-0.004740319884925827,0.0198529729091129,0.018276734892393814,-0.001576238016719085,0.0530171289083081,0.02870331397067579,-0.024313814937632308,,-0.0002400813382400814,,0.0413588871505993,0.021734051159333245,-0.019624835991266056,,0.018319500014946467,,,0.03211413026695934,,0.0239100375949302,0.004134620827155605,-0.019775416767774598,,0.012697813821333507,,0.0137752067752377,0.021859700265436474,0.008084493490198774,0.1053706869610747,0.045941979532747534,-0.05942870742832716,0.0275611907293581,0.04267192571667979,0.01511073498732169,-0.0258466423124658,0.0006761206909151173,0.02652276300338092,,0.03104819316847099,,0.101373275601884,0.043409574704754046,-0.057963700897129954,,-0.008290412762586468,,0.0273003232250888,0.0298802633338572,0.0025799401087684,0.0258705682807343,0.028807724472045347,0.0029371561913110467,-0.0225469475469501,0.01330778854011707,0.03585473608706717,0.0890381617938449,0.042540019997124104,-0.04649814179672079,,0.01927279944928236,,0.0227377027165987,-0.00164646085621798,-0.02438416357281668,0.0184563629836608,0.017675575152695383,-0.0007807878309654161,0.1106318827766331,0.016174976822838447,-0.09445690595379466,0.1033547018725394,0.016427507174846912,-0.08692719469769249,0.0958153332723385,0.028665435219890855,-0.06714989805244764,0.0570032468700879,0.033310653832035166,-0.023692593038052732,0.0550421406935628,0.030917162025113378,-0.024124978668449423,0.0098092674542861,0.033967608222112956,0.024158340767826858,-0.0052140086027862,0.02774333434676868,0.03295734294955488,,0.0226704532919858,,,0.02566804420658167,,0.0408023458950662,0.009078624917951049,-0.03172372097711515,,0.006864451451751377,,,0.02639894702350608,,0.0791588339096867,0.027573981031787795,-0.05158485287789891,,0.01994868188644608,,0.0223834650503011,0.02646630828582754,0.004082843235526441,-0.034865198345365,0.01528096107709301,0.05014615942245801,,0.017270626022459375,,0.0217150394461668,0.0276455378415101,0.005930498395343299,0.0928841845593116,0.006181073649362233,-0.08670311090994937,0.0898716967005395,0.004351620741666219,-0.08552007595887329,0.3961693733184742,0.006272285348450134,-0.38989708797002404,0.2677278316632491,-0.002965565379469671,-0.2706933970427188,,0.005862419926733425,,0.0575697886269644,0.054347067723345986,-0.0032227209036184146,,0.02554299143604713,,0.0932118053321006,0.018155177359372488,-0.07505662797272812,0.0358070989677811,0.022193755957786488,-0.013613343009994613,0.0321716495578491,0.020420517728640425,-0.011751131829208672,0.0156533170434079,0.03180394366534524,0.01615062662193734,,0.040482351213570404,,0.1478527322016168,0.03324519665905986,-0.11460753554255693,0.0808675801634627,0.021903203200626574,-0.05896437696283612,0.0618631172027046,0.01977150986887728,-0.042091607333827316,-0.0173417917820619,0.024090963713550833,0.04143275549561273,0.0079300210367899,0.02103119828454179,0.01310117724775189,,0.01702556786596005,,0.133095494573594,0.013257795805455778,-0.11983769876813821,-0.0078003784496767,0.002172237461960271,0.009972615911636971,-0.0042485336500597,-0.0005322906583711531,0.003716242991688547,0.0253271137478353,0.022919521421684092,-0.002407592326151207,0.0488796098796037,0.024915038930180808,-0.023964570949422892,0.0443020619234838,0.02168603813553202,-0.02261602378795178,,0.014681039356683365,
2009-01-01,,-0.08820896865550508,,-0.172713196357942,-0.15698099916610062,0.01573219719184138,,-0.05603933828612542,,-0.1262545895308351,-0.0787138895669962,0.0475406999638389,-0.0983306102753858,-0.09960427143533483,-0.0012736611599490355,-0.2349917713728956,-0.18823285236053294,0.04675891901236265,-0.2331052573959789,-0.18898815257712342,0.044117104818855474,-0.0712442040194061,-0.11076456062722347,-0.03952035660781737,-0.0004668689322562,-0.05021147789515195,-0.04974460896289575,0.0088246989066724,-0.048565256977761,-0.057389955884433394,-0.1378117180292241,-0.10542809858733726,0.032383619441886835,,-0.06859202762892812,,-0.0317681468992879,-0.12117402247343158,-0.08940587557414367,,-0.11340026706082636,,,-0.19684811681606315,,-0.0984470236778212,-0.07251818385149282,0.025928839826328376,,-0.12681640797930768,,-0.0571822133520931,-0.09279677636392403,-0.03561456301183093,-0.1063492279987563,-0.12858284416754942,-0.022233616168793116,-0.1427275948234474,-0.1464513134383705,-0.0037237186149230994,-0.1058905538646817,-0.055224035435863704,0.050666518428817996,,-0.0344882474584724,,-0.1342827623811001,-0.09789032999631679,0.036392432384783305,,-0.05023320962702013,,-0.0203170735618908,-0.05417108021949763,-0.033854006657606836,-0.0155803417118305,-0.050126223606309604,-0.0345458818944791,-0.156449713980008,-0.10673606077263713,0.04971365320737088,-0.168818394179234,-0.13351264224653708,0.035305751932696916,,-0.03364215455495762,,0.0010088054939332,-0.05003505453844875,-0.051043860032381955,-0.0473356107942512,-0.06777387096695384,-0.020438260172702637,-0.1407421097803419,-0.138105297063489,0.0026368127168528988,-0.1335509024820352,-0.13846417657075413,-0.004913274088718944,-0.1795692835223141,-0.10670906019492968,0.07286022332738443,-0.1273625224188936,-0.12606663716455463,0.0012958852543389632,-0.1293032178267396,-0.12201341269850177,0.0072898051282378196,-0.1137351635912861,-0.16119074330166452,-0.04745557971037842,-0.0329057731918382,-0.05912928382306604,-0.02622351063122784,,-0.05772438898891125,,,-0.11638599577048588,,0.0429261571066667,-0.04113782663004143,-0.08406398373670813,,-0.04021121321673223,,,-0.07821725282685633,,-0.1213243609534614,-0.1456591285736718,-0.024334767620210404,,-0.03047057490688935,,-0.0456210041000192,-0.08525638975353145,-0.039635385653512246,-0.0434648616289788,-0.16015275880759708,-0.11668789717861827,,-0.19588155340495403,,-0.1777052248896179,-0.2132260585259971,-0.0355208336363792,-0.0670872480401797,-0.03509596371542837,0.031991284324751325,-0.0696103531493189,-0.034145905872609364,0.03546444727670954,0.2805858563026305,-0.07293980548397506,-0.35352566178660555,0.0135843415264205,-0.016841427326517434,-0.030425768852937934,,-0.09420891520232223,,-0.1191142820902179,-0.17687602310361605,-0.05776174101339815,,-0.10670287639245535,,-0.0652882863567759,-0.05914068095463128,0.006147605402144624,-0.1077187975988864,-0.03936469821814872,0.06835409938073769,-0.1117124142941431,-0.03240243360984102,0.07930998068430208,-0.2174598750211628,-0.18144486068460267,0.036015014336560125,,-0.11915221524511671,,-0.0628194363257358,-0.1535467701441662,-0.0907273338184304,-0.1104652629005852,-0.11432769042027253,-0.0038624275196873364,-0.0961343877843488,-0.10788822848857124,-0.011753840704222446,-0.1047243520111106,-0.1563498191032151,-0.0516254670921045,-0.1648973122774434,-0.10848009397260401,0.05641721830483938,,-0.10330777857517963,,-0.023402023368869,-0.16951542392836932,-0.14611340055950034,-0.0077188168085526,-0.048399798205151036,-0.04068098139659844,-0.0152232275634566,-0.04223856257069443,-0.02701533500723783,-0.0316214442184559,-0.0791729895319375,-0.047551545313481595,0.014270165184534,-0.08736422170234745,-0.10163438688688145,0.0236321007228891,-0.07800364732424175,-0.10163574804713085,,-0.10244778211763757,
2009-02-01,,-0.08896838173613794,,-0.235485155320097,-0.155273764162125,0.08021139115797202,,-0.06763853550245774,,-0.0965737268329642,-0.09842350121870407,-0.001849774385739869,-0.0598165347734193,-0.1425827031708409,-0.0827661683974216,-0.142090164998044,-0.1728939600891437,-0.030803795091099706,-0.141277883148504,-0.17484176806384827,-0.03356388491534426,-0.1204740665365307,-0.09348079465222249,0.02699327188430821,-0.0431798318389562,-0.0880043263277154,-0.044824494488759206,-0.0397044652883907,-0.08565040591465885,-0.045945940626268146,-0.1011201322842872,-0.1340451815769675,-0.03292504929268028,,-0.07219320436586649,,-0.0128406634440616,-0.12858498740000462,-0.11574432395594303,,-0.11574566289085096,,,-0.20578252746043135,,-0.0785033874300581,-0.08681643322142955,-0.00831304579137146,,-0.12710611825784873,,-0.090773652892528,-0.11485884677738291,-0.024085193884854902,-0.1082409549304174,-0.13911853756671713,-0.030877582636299736,-0.1346348246597159,-0.15220709933637522,-0.01757227467665931,-0.1091554985281427,-0.06519661820735105,0.04395888032079165,,-0.04068347717476344,,-0.1592169009971198,-0.12531858551620628,0.033898315480913516,,-0.0857000242012867,,-0.0498632281374095,-0.09342368650710792,-0.043560458369698414,-0.0435562659923909,-0.0901093591359774,-0.046553093143586494,-0.1766083442180753,-0.13050704121394183,0.04610130300413348,-0.2658137012843139,-0.16533022090984612,0.1004834803744678,,-0.08730016247022818,,-0.1033536505047445,-0.057155149879479755,0.046198500625264746,-0.0554428433335504,-0.08557923914893752,-0.030136395815387115,-0.2311254776534771,-0.13675414356465507,0.09437133408882203,-0.2459044365614325,-0.13650636904942806,0.10939806751200443,-0.2274490788897465,-0.10652078629718606,0.12092829259256044,-0.1286545291476192,-0.14284029501820258,-0.014185765870583372,-0.1236893611833225,-0.13997265678655454,-0.01628329560323205,-0.1982369201496955,-0.16279559916691835,0.035441320982777136,-0.1036832483622777,-0.09024006014276482,0.013443188219512875,,-0.083664461049036,,,-0.14016567957780413,,-0.1360736168669958,-0.07037371598225799,0.0656999008847378,,-0.06873843825347518,,,-0.07560956234415153,,-0.0688458771901367,-0.16296533935980131,-0.09411946216966462,,-0.021913098561116156,,-0.0885898985923069,-0.10023206732484294,-0.01164216873253604,-0.1161823267140387,-0.14767613271971966,-0.031493806005680955,,-0.1730804041941385,,-0.1976775483632399,-0.18739378044725438,0.010283767915985509,-0.1316847674386395,-0.05543175688529594,0.07625301055334355,-0.131622485404547,-0.05378500872121549,0.07783747668333149,-0.197950725892252,-0.11130979955481349,0.0866409263374385,-0.080609414442741,-0.033079942316573206,0.047529472126167795,,-0.0954788335660104,,-0.2398541140436074,-0.17652645618937937,0.06332765785422803,,-0.1108132271605826,,-0.075117805276359,-0.06980766573983314,0.005310139536525857,0.0088014192577283,-0.07088092921439393,-0.07968234847212223,0.0075115081610528,-0.06499217393474428,-0.07250368209579708,-0.1652429496379818,-0.17677422320283878,-0.011531273564856975,,-0.11718578416016492,,-0.0963011752157388,-0.1645587225387215,-0.0682575473229827,-0.0794494842128907,-0.12294430868976523,-0.04349482447687453,-0.0473974974983553,-0.11854186350466257,-0.07114436600630727,-0.2705634539705482,-0.15230731698586994,0.11825613698467827,-0.0709316645983563,-0.12202062951988094,-0.051088964921524635,,-0.12086397683106025,,-0.174885609637149,-0.1746236871247379,0.0002619225124111113,-0.1125987384013019,-0.05813326482039838,0.05446547358090352,-0.1047581163228495,-0.05315381705332218,0.051604299269527316,-0.1289460981787499,-0.0818254972943047,0.04712060088444521,-0.081922382756314,-0.09610681775398648,-0.014184434997672482,-0.0769243244954278,-0.08841639047403985,-0.011492065978612048,,-0.11322194574491054,
2009-03-01,,0.09435063118936574,,0.1150185178714291,0.12262098041497614,0.007602462543547045,,0.06082380863552396,,0.1488652126684502,0.07090719739263823,-0.07795801527581198,0.1242320576260223,0.1523341812630081,0.028102123636985804,0.1820888652667688,0.15158651435059797,-0.030502350916170817,0.1879249567320995,0.1540167917747716,-0.0339081649573279,0.044362645980591,0.06710204676353294,0.02273940078294194,0.0854096769431088,0.09834744516460411,0.01293776822149531,0.0835429149528404,0.09783779522503443,0.014294880272194027,0.1473285471086944,0.08682904286609229,-0.0604995042426021,,0.023501506290164877,,0.0797108267543643,0.09721632830623417,0.017505501551869862,,0.07825943356628279,,,0.13310796454783566,,0.0453783587437247,0.05812094322657768,0.012742584482852981,,0.06143543496807245,,0.1265484292137811,0.10067778906785271,-0.02587064014592838,0.1541169384333055,0.11503324336684652,-0.03908369506645899,0.1388530074565681,0.12185716938328689,-0.0169958380732812,0.0033680095681525,0.03478196863721726,0.03141395906906476,,0.04644087647166669,,0.0811014952744305,0.11234359569600315,0.031242100421572647,,-0.012426545945435992,,0.1706549988325531,0.10413207541383232,-0.06652292341872079,0.1690403243219471,0.10225348448877163,-0.06678683983317547,0.1414365137473659,0.08167624205433685,-0.059760271693029055,0.0835174442187809,0.1677496760913314,0.0842322318725505,,0.0944659538857023,,0.0236511937225752,0.034663048356816974,0.011011854634241775,0.0470920088909958,0.0655679023725825,0.0184758934815867,0.1188355034237789,0.11020301946604465,-0.00863248395773425,0.1246554277302422,0.10954282540604889,-0.015112602324193314,-0.1113021622368957,0.08064004746965303,0.19194220970654874,0.1096101469008375,0.11914145835506687,0.009531311454229377,0.1165515941241044,0.11868906800319468,0.0021374738790902736,0.1962621333950587,0.0899782166615316,-0.10628391673352712,0.0713080870870735,0.08604611578087074,0.014738028693797242,,0.0820319774692728,,,0.15214088319788296,,0.026640988199758,0.06483295773999903,0.03819196954024103,,0.06195057472472919,,,0.04951734123313651,,0.2613486981892456,0.1378785653275387,-0.12347013286170691,,-0.02184620557356764,,0.0351651804827038,0.08418360212844464,0.04901842164574084,0.0468091091774581,0.09437834344264137,0.04756923426518327,,0.11774488448460327,,0.2777602021617067,0.10979069802248315,-0.16796950413922357,0.0879335016133462,0.05454460059484021,-0.033388901018505994,0.0882150204214188,0.05262248957506383,-0.03559253084635496,0.1030362154082978,0.05482540843733434,-0.04821080697096346,0.0911548724679589,0.019942197494651506,-0.0712126749733074,,0.0707528732485107,,0.1553642271809405,0.15090278280322328,-0.0044614443777172275,,0.07406947611544246,,0.0763337009580091,0.05806382208408709,-0.018269878873922014,0.1153365717018088,0.07621909403817693,-0.03911747766363187,0.1095370950238767,0.0745622779878381,-0.034974817036038594,0.2067011053654188,0.0810693159422446,-0.1256317894231742,,0.09621938868866574,,0.1786717392960796,0.12511299164521844,-0.05355874765086116,0.1568105648337683,0.10863064486403852,-0.04817991996972977,0.1788586666348821,0.10919456084224678,-0.06966410579263531,0.1378642075252761,0.10024872059640909,-0.037615486928867,0.1093316993959003,0.0975938997644338,-0.011737799631466497,,0.0981575740451544,,0.0650951495378959,0.08363092540827435,0.018535775870378454,0.0190394142279783,0.04047210380321592,0.02143268957523762,0.0245690000442244,0.03716877878208689,0.012599778737862489,0.0806320778879041,0.04775028719331847,-0.032881790694585626,0.0197451232737964,0.07508120803842498,0.05533608476462858,0.0035828119035655,0.07164232119359204,0.06805950929002653,,0.062249808666232656,
2009-04-01,,0.11739580226653021,,0.214074920238141,0.14796452912816668,-0.06611039110997433,,0.07130049098831723,,0.1845876037956349,0.13108024625112838,-0.05350735754450653,0.4737828874287552,0.19180010709829157,-0.28198278033046364,0.2185604740415174,0.14523523938232583,-0.07332523465919158,0.2244597240051949,0.14334860657913318,-0.08111111742606172,0.0269915764073058,0.09879532873143256,0.07180375232412675,0.1416457870702032,0.08379237655531113,-0.05785341051489207,0.1425231527722019,0.07994160249443133,-0.06258155027777057,0.1286031155412499,0.13318101125217613,0.004577895710926233,,0.07899460470898871,,0.1559892190778804,0.13676328612446376,-0.019225932953416652,,0.13000405585783517,,,0.20044158312594226,,0.0751990118949162,0.08527166132275987,0.010072649427843666,,0.1223882176809293,,0.1458385636689561,0.11886575729759467,-0.026972806371361416,0.1809933453091533,0.1867516755809805,0.005758330271827206,0.2680172969257332,0.18944676913913525,-0.07857052778659793,0.0860246276645769,0.06979621786588691,-0.01622840979868999,,0.10775699424640425,,0.2695008136380895,0.167306534627614,-0.10219427901047548,,0.060647794576041844,,0.1496180713669352,0.11360519612380489,-0.03601287524313031,0.1359352061687965,0.109739478202237,-0.0261957279665595,0.0934428802624586,0.10843148997453282,0.014988609712074219,0.5882499626863581,0.16461111451964172,-0.4236388481667164,,0.07750644325294226,,0.0156742860761899,0.05589254536984657,0.040218259293656675,0.1626745215997753,0.1021681100385152,-0.060506411561260104,0.2239921963329431,0.12382786311227449,-0.1001643332206686,0.2753081293833858,0.12525804325562834,-0.15005008612775744,0.0204556427184848,0.12114503198156888,0.10068938926308409,0.2224819855944686,0.1649493218011462,-0.05753266379332242,0.2122926959405307,0.1587385906014044,-0.0535541053391263,-0.0363627305350836,0.17582435930909893,0.21218708984418252,0.1161278912800431,0.1128629705782575,-0.0032649207017855925,,0.09977453931793782,,,0.0855992883779582,,-0.0009899714738406,0.06778149779929728,0.06877146927313788,,0.06559744489325067,,,0.1262393131689967,,0.3841134364097004,0.17154848085720123,-0.21256495555249919,,0.09204329834340214,,-0.0059503291262271,0.12165615029249041,0.1276064794187175,0.0584312054685888,0.15329229572986483,0.09486109026127604,,0.1702056066948662,,0.1391833887547876,0.1911559006686407,0.051972511913853076,-0.0351617687338631,0.05299909114289729,0.0881608598767604,-0.0372198412463657,0.05022089320599738,0.08744073445236308,0.0541484533635316,0.05814156818847802,0.003993114824946423,-0.1035595771449465,0.04437597509410607,0.14793555223905258,,0.0861219545880127,,0.5383867438855057,0.2121166643665617,-0.32627007951894393,,0.13836623416117777,,0.0775519104604149,0.09042463149713506,0.012872721036720158,0.0715730110389794,0.08763646834929917,0.016063457310319773,0.050688711454571,0.07898282094818805,0.028294109493617048,0.3993742918891966,0.19748843061424962,-0.20188586127494698,,0.16675394991183398,,0.1613763862257347,0.18459775333460254,0.023221367108867852,0.1461596017363618,0.11881870530360082,-0.027340896432760983,0.1274734251171683,0.11026317668537708,-0.017210248431791225,0.2435955075969156,0.15187059886173987,-0.09172490873517572,0.1522259892851263,0.12922320781991473,-0.023002781465211564,,0.11954639129773567,,0.2017343639908134,0.16402325667530354,-0.03771110731550986,0.0246915457641339,0.058693914931465085,0.03400236916733118,0.0110806913487738,0.051341445809076396,0.0402607544603026,0.0052927837309595,0.1120803713797057,0.1067875876487462,0.1177586013607775,0.12243047006368378,0.004671868702906284,0.0962599676434695,0.11081628945011944,0.014556321806649938,,0.11061131006334965,
2009-05-01,,0.04155406972565736,,0.0776420902829135,0.05993277767362416,-0.017709312609289332,,0.03974769943662042,,0.0741106851902611,0.036389709994182985,-0.03772097519607811,-0.0086920148347842,0.07970757718648695,0.08839959202127115,0.1598089690464088,0.07628461721724829,-0.0835243518291605,0.1687018202660228,0.07889191024656532,-0.08980991001945747,0.0126199528862106,0.017205353248984374,0.0045854003627737745,0.0441003344484779,0.06852021909632368,0.02441988464784578,0.044232763410174,0.0706274103384376,0.0263946469282636,0.0545193307622191,0.015214869431940984,-0.039304461330278116,,0.007086360639595316,,0.1662954590776516,0.04864861814630795,-0.11764684093134364,,0.03493315715372369,,,0.03395248864956709,,0.0195785215346179,0.030491797640381506,0.010913276105763606,,0.002833222974434821,,-0.0283332133238652,0.057089415105925245,0.08542262842979045,-0.0138626916233486,0.05141107956680837,0.06527377119015697,-0.0300674541048578,0.053244227558567704,0.08331168166342551,0.0440857294032851,0.022023469089432278,-0.02206226031385282,,0.014683002524221653,,-0.0034003930969003,0.05189836552902279,0.055298758625923095,,-0.05383448660347925,,0.0423259114099056,0.07219949986236904,0.029873588452463434,0.0413583226040053,0.07300588798797582,0.03164756538397052,0.1222631224437223,0.020720315969821913,-0.10154280647390038,0.0553174112670828,0.09104588430889868,0.03572847304181588,,0.06531908677120378,,0.0875664821507771,0.020191517617621377,-0.06737496453315572,-0.0157291661212014,0.024531764209934147,0.04026093033113555,0.1268331414120781,0.055285887122098504,-0.0715472542899796,0.1325195438812174,0.05509523593767058,-0.07742430794354682,0.0278031600774496,0.024661956822301698,-0.0031412032551479015,0.023008454508764,0.058419504167954106,0.035411049659190105,0.0240451959511379,0.06109764562110593,0.03705244966996803,0.0230452117073414,0.008800662375265531,-0.014244549332075869,0.0179190852641167,0.0458611277155901,0.027942042451473404,,0.048685775982410466,,,0.08562071142480729,,0.0556007730036091,0.038858155826379574,-0.016742617177229524,,0.03902284533030343,,,0.0049052573543263145,,0.2626893035555016,0.06840144653410833,-0.19428785702139323,,-0.03686155255173064,,-0.0199105848543108,0.03969274410092464,0.05960332895523544,0.1333618125464237,0.03517606345187944,-0.09818574909454428,,0.04400246912411806,,0.1346910404319909,0.021176836628349113,-0.11351420380364179,0.0782197526234875,0.034010444349268115,-0.044209308274219386,0.0760462177111839,0.034430351808466264,-0.04161586590271764,0.0940575705911644,-0.009757836186654852,-0.10381540677781925,0.3019690907840578,0.017151386451315274,-0.28481770433274256,,0.033856487315487495,,0.054090420957493,0.06502670538578165,0.010936284428288645,0.0035147024702595,0.030100464027229944,0.026585761556970445,0.0629538297231603,0.03618539727223497,-0.026768432450925327,-0.0236737014390645,0.05093581077510998,0.07460951221417447,-0.0263770098053506,0.05289224789532809,0.07926925770067869,0.0045712798177143,0.0007715614103960705,-0.0037997184073182296,,0.03490590914197054,,0.0548035516418064,0.056066282992603175,0.0012627313507967766,0.1501134611095933,0.05759098241815947,-0.09252247869143385,0.1842879989640847,0.060810390177876886,-0.12347760878620782,0.1482395287739433,0.0302077794039628,-0.11803174936998051,0.017738321763801,0.05003519847566077,0.03229687671185977,,0.05331689922786093,,0.0446803882320872,0.008431191889639372,-0.036249196342447824,0.0535346096824246,0.02536802941990417,-0.02816658026252043,0.0801810212800689,0.025734999728048324,-0.05444602155202058,-0.0668410947074574,0.009776203225143618,0.07661729793260103,0.0361241803810056,0.033988225142605064,-0.0021359552384005373,0.0365829552625256,0.03561903116039532,-0.0009639241021302813,-0.0346514924284041,0.016018744245651306,0.05067023667405541
2009-06-01,,0.017464107828194707,,-0.0798811416757592,-0.011030616009323658,0.06885052566643554,,-0.0007864471374258344,,-0.048619484909404,0.005917348848424097,0.0545368337578281,0.0871731107293727,0.037080179619591425,-0.050092931109781275,-0.0164784807387419,-0.018047868645241022,-0.0015693879064991208,-0.0162525412075613,-0.018814123574039592,-0.002561582366478292,-0.0666869643942848,-0.006139565956751373,0.06054739843753343,0.0247959031820886,0.011936388538990877,-0.012859514643097722,0.0255334376800567,0.01032327701943311,-0.015210160660623591,0.0309521979618877,0.01645914525514743,-0.01449305270674027,,-0.013547995934761083,,-0.1032834631692806,-0.005313043549712518,0.09797041961956808,,-0.006398236908469754,,,0.00015158625449071962,,-0.0102025728351586,-0.002539857495388907,0.007662715339769694,,-0.006898090528855541,,0.0528830134963745,0.0044935357358717835,-0.04838947776050272,4.906562894079283e-05,0.011688174403350592,0.011639108774409799,-0.0193228417112386,0.006050081646567115,0.025372923357805714,0.0057637775381303,-0.00861383492222952,-0.01437761246035982,,0.03129886274989425,,0.0160150687703023,0.023921625408820712,0.00790655663851841,,0.0050650904785241304,,0.0379470432950992,0.01708717804895728,-0.02085986524614192,0.0373228772553865,0.01661668370694907,-0.020706193548437432,0.045991693618077,0.004108393311302619,-0.04188330030677438,-0.098383857395036,0.017042658305068806,0.1154265157001048,,0.01768334501863581,,0.0238952097096955,-0.005284566056067987,-0.02917977576576349,0.0529017529866846,0.014530291967415017,-0.03837146101926958,-0.0419198925764199,-0.010706597585580596,0.031213294990839302,-0.0524780710497622,-0.011003244630717599,0.041474826419044604,-0.027269994308227,0.0048255892165689875,0.03209558352479599,-0.0054848885486813,0.008009429095584998,0.013494317644266299,-0.0003126508178145,0.00704874729745436,0.00736139811526886,-0.0894868736999255,-0.0014496257583442073,0.0880372479415813,0.041080499175128,0.020248715813156598,-0.020831783361971404,,0.01360997906623826,,,0.001409409032768106,,0.0409996592897604,0.011551981714717633,-0.029447677575042762,0.0385760493007997,0.0093871970799805,-0.029188852220819198,0.0740172437376543,0.016888494930557246,-0.05712874880709705,-0.0314176228531358,0.007742292777234658,0.039159915630370454,,0.009077967618950668,,0.0988727899758415,0.00991180471865845,-0.08896098525718305,-0.0530726795177726,-0.014721216143688279,0.03835146337408432,,-0.019191940480182745,,-0.1119168444732592,-0.018671727697280698,0.09324511677597849,0.02709589830952,0.008726607880077454,-0.018369290429442547,0.023428611147342,0.007052093927321079,-0.016376517220020922,0.0111949287010936,0.012079953753357742,0.000885025052264142,-0.1360022503262359,0.0035811609133918104,0.1395834112396277,,-0.006498141360074143,,0.062884947425998,0.006088401738394898,-0.056796545687603096,,-0.0017060578314503012,,-0.0242138997297895,0.0003813430795634354,0.024595242809352935,-0.0090085473770374,0.01504309501820449,0.02405164239524189,-0.0082722012150319,0.014828844953325386,0.023101046168357287,0.030020426463103,-0.011264087198263535,-0.04128451366136653,,0.013694596821957073,,0.0280902131242563,0.0017077120081663518,-0.026382501116089946,-0.0126427379205144,-0.0014230224338091229,0.011219715486705277,-0.0119585399910071,-0.0008462067287013821,0.011112333262305717,0.0719054014915141,-0.007489692376136752,-0.07939509386765085,0.0017061060687295,0.0006802593980830426,-0.0010258466706464574,,-0.00014795860375302198,,-0.1235504725412752,-0.011518735752867292,0.11203173678840792,0.037137242533297,-0.003711914517768811,-0.04084915705106581,0.0239582143936041,-0.004162965875853312,-0.02812118026945741,0.0631962217567765,0.00390916953627606,-0.05928705222050044,-0.0154185813695131,0.006051429798217035,0.021470011167730133,-0.021912646780639,0.00564063161013835,0.02755327839077735,-0.0356464081747483,-0.0055285720847257965,0.0301178360900225
2009-07-01,,0.08884928577323688,,0.092211360554667,0.11413566347860028,0.021924302923933284,,0.05748938786309267,,0.1139172642385817,0.08522067514985548,-0.028696589088726215,0.2343705915775407,0.10911802307459152,-0.1252525685029492,0.1153397343116619,0.11550874809742948,0.00016901378576757164,0.1165629913435831,0.11609072752200113,-0.00047226382158196967,-0.0020771301012086,0.05998975485221629,0.06206688495342489,0.0571895388584923,0.06108452812281624,0.003894989264323939,0.0562504883154639,0.06013675339397226,0.0038862650785083594,0.0689986357780649,0.0662049270643401,-0.0027937087137248073,,0.059505100550327816,,0.1193619851405256,0.09694712932850727,-0.022414855812018325,,0.09397711207067162,,,0.1277573219435181,,0.0790173488297739,0.07670916292193096,-0.002308185907842944,,0.07721818225428419,,0.1444004396018096,0.08624257013997086,-0.058157869461838735,0.1236404250486443,0.11582662617840461,-0.007813798870239683,0.1672463422373033,0.1218954653854758,-0.04535087685182751,0.0977655779687239,0.0598802998511257,-0.037885278117598196,,0.09151047346279777,,0.1892345218166944,0.1068835130936484,-0.082351008723046,,0.016263144606263113,,0.1118158953719165,0.0773511964537757,-0.0344646989181408,0.1122387655966478,0.07536782036197529,-0.03687094523467252,0.0786620102587968,0.06701557876786894,-0.011646431490927853,0.1737740143994437,0.11041628241114364,-0.06335773198830007,,0.04729782650331165,,0.0750447039817241,0.05809240220288833,-0.016952301778835763,0.0496643513874595,0.08119210561038426,0.03152775422292476,0.1638807750688292,0.09909422479167074,-0.06478655027715846,0.1955001738621359,0.10008759575054814,-0.09541257811158775,0.0754613227674803,0.07130073212746929,-0.004160590640011008,0.1664252554376547,0.11634180000049262,-0.0500834554371621,0.1746475400616153,0.1151168825334584,-0.05953065752815688,0.1280685862482017,0.08848037215652296,-0.03958821409167873,0.0726101226630014,0.0775322550289354,0.004922132365934001,,0.07277479175049113,,,0.045456865373392615,,0.0171835973292204,0.060786962675481865,0.04360336534626147,0.0149290731391046,0.06165709176774835,0.046728018628643744,0.0945723729009714,0.09733477404419026,0.002762401143218865,0.3781895832587941,0.1417979581965732,-0.2363916250622209,,0.048061902564892386,,0.0554530095008468,0.08337119474884662,0.02791818524799982,0.0518564912258215,0.12414596056048949,0.07228946933466798,,0.14253310704476135,,-0.0240223991533437,0.12486913043418109,0.14889152958752477,0.0714621518638522,0.05419096192816818,-0.017271189935684023,0.0708374503971272,0.05430609224856903,-0.016531358148558176,0.1107602251965742,0.00884192201249335,-0.10191830318408085,0.0505008080761339,0.05631890058870816,0.005818092512574258,,0.07953415865069512,,0.1273410661072514,0.1267890018911992,-0.0005520642160521949,,0.08806670505494357,,0.0192237729080385,0.060303936085338676,0.04108016317730018,0.0774019523227148,0.06074905999493326,-0.016652892327781534,0.0700481747679828,0.05636780509558102,-0.013680369672401771,0.1310291673090483,0.10145256960643143,-0.029576597702616864,,0.11452900765708773,,0.0315748853231039,0.12915468088226112,0.09757979555915722,0.0653226670648031,0.08783564572187658,0.022512978657073482,0.056725425258345,0.08553240394298711,0.02880697868464211,0.1085996997536633,0.09868367555407923,-0.009916024199584081,0.1036177883517874,0.09621291480642712,-0.007404873545360277,,0.09292436945461828,,0.0697399788463539,0.10792229311867581,0.03818231427232191,0.0452256103930922,0.05467024617944739,0.009444635786355196,0.037422261962522,0.05256894631974318,0.015146684357221184,0.045061661935258,0.06603733105098245,0.020975669115724446,0.0954425180377547,0.08473069039197058,-0.010711827645784128,0.1055495004379306,0.07998776472312655,-0.02556173571480405,,0.0620203066830666,
2009-08-01,,0.0680291440271195,,0.0694154542047462,0.0781442743014108,0.008728820096664605,,0.024715842820461048,,0.0137171022923591,0.009365099391813028,-0.004352002900546072,-0.022324861918624,0.016891184101375634,0.03921604601999963,0.111765596707567,0.1098045387993113,-0.001961057908255695,0.1163632870392849,0.11141062785057108,-0.0049526591887138205,0.0257697920550084,0.04881669645217516,0.023046904397166758,0.0206234391765924,0.011469612028881365,-0.009153827147711036,0.0220593522628516,0.012303281515800046,-0.009756070747051553,0.0425351552067231,0.004252582268634881,-0.03828257293808822,,0.010061594734322627,,-0.0087458369646084,0.043585140375668074,0.052330977340276474,,0.04227820992454083,,,0.06425882639579851,,0.0076720576233966,0.0359065377809244,0.028234480157527796,,0.033964234978205304,,0.0177904882829641,0.0331682893021168,0.0153778010191527,0.0802300758067996,0.038115454662947405,-0.04211462114385219,0.0736819019106431,0.05116089889801617,-0.022521003012626925,-0.0110519497837291,0.015502391413985833,0.026554341197714933,,0.053451342810170846,,0.042807220122649,0.029229469630588235,-0.013577750492060767,,-0.049900442845108195,,0.0387438757728265,0.007754743274615839,-0.030989132498210663,0.0375190040112388,0.005774168487532209,-0.03174483552370659,0.0798382826589609,0.02109464016348712,-0.05874364249547377,0.1556074715802009,0.05502225801093542,-0.1005852135692655,,-0.01604741167651127,,0.0085515505595288,0.03129151847178433,0.02273996791225553,0.0893209731551937,0.03852426033201,-0.0507967128231837,0.0519019997454046,0.07297535005725907,0.021073350311854464,-0.0019656622320618,0.07295806030552313,0.07492372253758492,0.0433691952659254,0.03636937112915428,-0.006999824136771117,0.0177841097433919,0.05085303410610056,0.033068924362708654,0.0131762821748453,0.05153774798238744,0.038361465807542135,-0.1162984646244479,0.020784227820537352,0.13708269244498525,0.0173669007501509,0.01775844576970158,0.0003915450195506806,,0.02159501251972412,,,0.03772505250834769,,0.0346975754276981,0.022606517073747074,-0.012091058353951026,0.0368471349683056,0.023063524880771468,-0.013783610087534131,0.1873118816701967,0.05595425723654042,-0.13135762443365628,-0.0284983247167634,0.08721611489732477,0.11571443961408817,,-0.010121514738029216,,0.04286898865553,0.03185073279063374,-0.011018255864896263,0.0005228059105535,0.08539163459013567,0.08486882867958218,,0.11749897892234946,,-0.0044293461120595,0.08512168243115663,0.08955102854321613,0.0195677377194801,0.029875009236973248,0.010307271517493149,0.0195949624557308,0.03078205330396679,0.011187090848235989,0.147422066994143,-0.024189844377826404,-0.1716119113719694,-0.0066024408255155,0.02242404920624191,0.02902649003175741,,0.05982721119640677,,0.110667373769282,0.061217020138039716,-0.04945035363124228,0.0439046883008048,0.02596693070321018,-0.01793775759759462,0.0205546370652193,0.011527731168756376,-0.009026905896462923,0.0319260060045297,0.005888734219723234,-0.02603727178480647,0.0316277101492359,0.004567022219187354,-0.027060687930048545,0.1103684884006087,0.01693546108436355,-0.09343302731624514,,0.06181892967066959,,-0.0331818345235156,0.05919098367063072,0.09237281819414632,0.0426845685918956,0.05363432268049818,0.010949754088602576,0.0304239281645341,0.05538562626739831,0.02496169810286421,0.0274985335326708,0.056223839277322316,0.028725305744651517,0.0266508116046838,0.045064063764894816,0.018413252160211016,,0.04402248607424505,,0.0028709985781822,0.04401137273717349,0.041140374158991286,0.003288186951987,0.02426077056780299,0.02097258361581599,0.0021397846128522,0.02392733237950066,0.021787547766648457,0.0045954911183321,0.014632838187309382,0.01003734706897728,0.0449800124068356,0.03321356863302265,-0.011766443773812953,0.054262219412502,0.03212755886754245,-0.02213466054495955,,0.008202742938507849,
2009-09-01,,0.047119104236908196,,0.1314727321056467,0.05244313881979948,-0.07902959328584722,,0.03158389402646184,,0.1384510348079702,0.056710745938892075,-0.08174028886907811,-0.0104548469166236,0.07918999164748541,0.08964483856410901,0.0187408555063092,0.045558443547118986,0.026817588040809786,0.0195516267597295,0.04471113046559002,0.02515950370586052,-0.0233178242400363,0.02883618963980368,0.05215401387983998,0.0275327648368784,0.037077656289676596,0.009544891452798195,0.0240286908730164,0.03633622149714102,0.012307530624124617,0.075394078913786,0.03579397837679527,-0.03960010053699072,,0.031624355738135525,,0.0687092472018771,0.0523485780651978,-0.0163606691366793,,0.05048028903812058,,,0.05899110710666495,,0.0428260834743271,0.035101021133017926,-0.007725062341309173,,0.0336294833033829,,0.0713699195824792,0.04753498323651717,-0.023834936345962024,-0.0542344589220425,0.07535197164493142,0.12958643056697391,0.0090572732110121,0.07362040005191878,0.06456312684090668,0.063178126211113,0.031571010252759144,-0.03160711595835386,,0.05512033386742987,,0.0502701408002746,0.0687398348041245,0.0184696940038499,,0.0006376616485683519,,0.0455093587503529,0.053747445526200754,0.008238086775847857,0.0413647499434593,0.052978295277127656,0.011613545333668353,0.1015310748103095,0.02712138014444003,-0.07440969466586947,0.1684025514385509,0.06042990974692193,-0.10797264169162897,,0.03254396056038978,,0.0055147485457148,0.025034596782250815,0.019519848236536016,-0.0142030586509744,0.04075580295961746,0.054958861610591866,0.0080483678905634,0.043042940477949605,0.034994572587386204,0.0031880865512493,0.04404400093546737,0.04085591438421807,0.0859922829760665,0.03967040248989176,-0.046321880486174735,0.0714600914293412,0.06546753792226616,-0.005992553507075046,0.0653163692658823,0.06389435958874533,-0.0014220096771369733,0.1944335426092181,0.05029891497100658,-0.14413462763821153,0.0729654396823708,0.04826615126578774,-0.024699288416583066,,0.0439905142499379,,,0.01652565119917794,,0.0371079481378317,0.029398832287195073,-0.007709115850636626,0.0352504363765381,0.029518837082065794,-0.005731599294472308,0.0240675752630996,0.053195960097802315,0.029128384834702717,0.1232481361256444,0.06765898859525958,-0.055589147530384825,,0.041292033785381675,,0.0589911373003743,0.04880150189885284,-0.010189635401521457,0.0553010470297343,0.05557770698460274,0.0002766599548684398,,0.05857289763984677,,0.0812908988796273,0.0567448948765121,-0.0245460040031152,0.0048760120822287,0.024206036708238843,0.01933002462601014,0.0045443750946748,0.023757282068172778,0.01921290697349798,-0.1185123094960946,-0.007544501832360845,0.11096780766373376,0.1239709887161594,0.027045181464447045,-0.09692580725171235,,0.031454099066657124,,0.0672425838463279,0.07756825717980452,0.010325673333476615,0.0152673316818222,0.054203764153934526,0.03893643247211233,0.0242936171919981,0.040657787232712427,0.016364170040714325,0.0185061682947477,0.04122079936169627,0.022714631066948574,0.011760807882546,0.038561391581668485,0.026800583699122485,0.0028588865389361,0.05937797154876707,0.056519085009830966,,0.06735754751274885,,0.0528295522849064,0.07024284369804733,0.01741329141314093,0.0733146922608569,0.04344617743531548,-0.029868514825541426,0.081677856358576,0.04081922681576057,-0.040858629542815425,0.0773959533149419,0.04698272897252422,-0.030413224342417673,0.0467685884495357,0.05053397296795289,0.0037653845184171877,,0.04663853348298132,,-0.0527760394644509,0.04654451585865669,0.09932055532310759,0.020905728791613,0.026344713107706363,0.005438984316093364,0.0182179769396477,0.024346901790909967,0.006128924851262266,0.0255593738221586,0.042319453492408045,0.016760079670249443,0.0306841948937706,0.0500838794702009,0.019399684576430296,0.0256146715474344,0.04659770465355914,0.020983033106124743,0.1483164112054821,0.033495095896628094,-0.11482131530885402
2009-10-01,,-0.05436678320905637,,-0.0930580469887675,-0.056681527293151145,0.03637651969561636,,-0.0026127693783868176,,-0.0303337573793031,-0.016100816344209408,0.01423294103509369,-0.0278068780900492,-0.055112279346856106,-0.027305401256806906,-0.0653856632489928,-0.0723208863892666,-0.006935223140273811,-0.066078651176785,-0.07142096200751649,-0.0053423108307314865,-0.1041873231906732,-0.06423353466285645,0.03995378852781675,0.0228732164277446,-0.004349493617168086,-0.027222710044912685,0.0299086450211888,0.0015712149681820758,-0.02833743005300672,0.0001805710569125,-0.11161255536680927,-0.11179312642372177,,-0.009904658100670033,,-0.0300689229621429,-0.03647182961487264,-0.006402906652729742,,-0.03500166214268425,,,-0.1384309562533381,,-0.0358280679211356,-0.02161422768165222,0.014213840239483383,,-0.09101390156290264,,-0.0138665060765789,-0.028623013597783627,-0.014756507521204727,-0.0965749999687842,-0.050186260837755,0.0463887391310292,-0.0447365982960031,-0.05913834516006535,-0.014401746864062252,0.0168587806154977,0.003090249371113205,-0.013768531244384496,,-0.03007096152422125,,-0.0128968239007696,-0.053111061656915586,-0.040214237756145986,,-0.11515957207260591,,-0.0424009908332284,0.0032918569546170847,0.045692847787845485,-0.0342451609505767,0.008346158320531314,0.042591319271108014,0.0625506281990141,-0.0939952725864484,-0.1565459007854625,-0.1270641170929382,-0.06670016533606392,0.06036395175687427,,-0.009220388424760983,,0.0073263734519555,-0.006595086522161297,-0.013921459974116797,-0.012247958471628,-0.04921455465080416,-0.036966596179176164,-0.0635548971362462,-0.05013864502918072,0.013416252107065471,-0.0647470505850678,-0.048625704728001415,0.016121345857066385,-0.0357726110847898,-0.06909643803533067,-0.03332382695054086,-0.0053611459544229,-0.050091713749840255,-0.044730567795417356,0.0060367967579222,-0.04403595385244444,-0.05007275061036664,-0.116556687010441,-0.1171250797619806,-0.0005683927515395953,-0.0388265670600724,-0.030994171958684254,0.007832395101388143,,-0.017518321195942186,,,-0.06921248810969563,,-0.021259978843563,-0.020089794723952628,0.0011701841196103714,-0.0210909302449044,-0.01413208956189416,0.0069588406830102395,-0.0705798650325054,-0.05737358623343845,0.013206278799066953,0.0161510552700762,-0.06454109903222713,-0.08069215430230332,,-0.02429053287245098,,-0.0578139346243096,-0.038496623342812765,0.019317311281496836,0.0288571241792019,-0.062245268643906185,-0.09110239282310809,,-0.0824392396644566,,-0.0123303215866974,-0.11880466598387551,-0.10647434439717811,-0.0341352875109827,-0.014106989725605092,0.02002829778537761,-0.0297662520506205,-0.009665512868965397,0.020100739181655104,-0.0102010416643865,-0.1378672749826652,-0.1276662333182787,-0.0639231092674808,0.011277622989465035,0.07520073225694583,,-0.03713662020791694,,-0.0190267298377503,-0.0797101815572722,-0.06068345171952191,0.0065522366886972,-0.03539018150347216,-0.04194241819216936,-0.0193445345219093,0.001109254764461206,0.020453789286370507,0.0130113082154826,-0.0024128954414374213,-0.015424203656920021,0.0215872038817313,0.00379928567874594,-0.017787918202985357,-0.0993215279207563,-0.11249022204441056,-0.013168694123654262,,-0.060871523796985155,,-0.0832671235142011,-0.06309267434016047,0.020174449174040626,-0.0371300276674734,-0.04218244636746421,-0.005052418699990811,-0.0336144282878138,-0.03777022928292165,-0.0041558009951078445,-0.0632092621246372,-0.08827096217894773,-0.02506170005431052,-0.049833643115137,-0.03754554821329796,0.01228809490183904,,-0.03388019046485398,,-0.0481886305264883,-0.11357880857916537,-0.06539017805267708,-0.0248117551576095,-0.0033962753894301494,0.02141547976817935,-0.0264973933194177,0.0020142374637832612,0.028511630783200962,-0.0606502432732153,-0.04235306608843865,0.01829717718477665,-0.0119769487508882,-0.03318424643542076,-0.021207297684532563,0.0023177719404242,-0.025270510967212976,-0.027588282907637176,0.0724718570124958,-0.05949052597989688,-0.13196238299239268
2009-11-01,,0.03426180326136515,,0.1069792709074684,0.05869548217019413,-0.048283788737274264,,0.0473410733967115,,0.0363614370250514,0.05465085171571454,0.018289414690663135,0.1596086117085749,0.07123371300486382,-0.08837489870371108,0.0610527096606752,0.05656123248089213,-0.004491477179783071,0.062695221886622,0.05906023329046468,-0.0036349885961573167,-0.0986626379238266,0.004575026735876664,0.10323766465970326,0.0557035337362917,0.06858428057224553,0.012880746835953825,0.0587028512866531,0.07135956586628837,0.012656714579635277,0.0271672139976163,0.0030761166160455204,-0.02409109738157078,,0.031246758913832023,,0.1336113123473087,0.0555705757020607,-0.078040736645248,,0.047095474123357614,,,0.025105506605406357,,0.0595040330618933,0.047297661336415164,-0.012206371725478136,,0.004486276326878249,,0.0341233948415228,0.061263866835993996,0.0271404719944712,-0.0163677373490991,0.056606085751369814,0.07297382310046892,0.0565302741897177,0.05640019187870068,-0.00013008231101702128,0.0722614002065848,0.044342157789843406,-0.02791924241674139,,0.0322424746471705,,0.0526936687057902,0.056374316099211556,0.0036806473934213532,,-0.04398869282376629,,0.0567722513471861,0.07930286488704794,0.022530613539861834,0.0562888248191002,0.08104592637064799,0.02475710155154779,-0.0447231587850164,0.013969631484996468,0.05869279027001287,0.0992686125228894,0.07357227446414345,-0.02569633805874595,,0.0643418407146088,,0.0185203832422583,0.03762770080963573,0.019107317567377425,-0.0524822137466987,0.03380448973573679,0.0862867034824355,0.0281791681024589,0.05251320175104622,0.02433403364858732,0.0313832877627914,0.05322802415632409,0.02184473639353269,-0.1187035526801877,0.015605494356722037,0.13430904703690974,0.071848465083166,0.06429777735331114,-0.0075506877298548575,0.0770393519073136,0.06797845221354104,-0.009060899693772564,-0.0467833982096668,0.0005534676943303481,0.04733686590399715,0.0559841992754591,0.05159049378891553,-0.004393705486543567,,0.05510316936119033,,,0.04112211582059644,,0.0853046889251317,0.04713399580022197,-0.03817069312490973,0.0907053282422516,0.05008223271445025,-0.04062309552780134,0.0330016026454247,0.02022769230482449,-0.012773910340600207,0.1485591519585866,0.07611640864067289,-0.07244274331791371,,-0.009649446036653724,,0.0542793543172792,0.04436634243321035,-0.009913011884068845,0.0375725734086455,0.04720413191190545,0.009631558503259953,,0.04884856687750026,,-0.0042880433502122,0.015063332712030912,0.01935137606224311,0.1034355946365388,0.04127160036281839,-0.06216399427372041,0.1054042753250445,0.04331198006947951,-0.062092295255564985,-0.0461271908195636,-0.03753341246438368,0.008593778355179924,0.2091626523861745,0.044095513988592,-0.16506713839758252,,0.03980327175317558,,0.079071157993825,0.05294596944932105,-0.02612518854450395,0.0644806847100069,0.041265155717584094,-0.023215528992422803,0.0879170186220074,0.04718370445267042,-0.04073331416933698,0.0660854174867535,0.05800362518100057,-0.008081792305752934,0.0731080071366602,0.05971309060436329,-0.013394916532296908,-0.0417176113781205,0.004183124371180163,0.04590073574930066,,0.039880288738689755,,0.1213249429189193,0.06334986957142344,-0.05797507334749587,0.0484684100355205,0.05297822915708915,0.004509819121568649,0.0482879321396726,0.05583766353829369,0.0075497313986210915,0.0309895703567274,0.02498399103938113,-0.006005579317346268,0.1056984086456357,0.05688366885431717,-0.048814739791318534,,0.060261962349557115,,0.0033478054776829,0.01582914219486036,0.012481336717177462,0.0620121520643244,0.03991631183728822,-0.02209584022703618,0.060307395360577,0.04186136352237084,-0.01844603183820616,0.022702587276418,0.018070515685314165,-0.004632071591103834,0.0500021850632751,0.042731847462114274,-0.007270337601160824,0.0580114599724264,0.04515092873468952,-0.01286053123773688,0.0188314852955679,0.018488208174410586,-0.0003432771211573128
2009-12-01,,0.047542661688579756,,-0.0112917622333811,0.031897715579803955,0.04318947781318505,,0.01654375230575739,,0.0519159600438654,0.05261107509393093,0.0006951150500655312,0.0462470087026022,0.08847946112914541,0.042232452426543214,-0.0252252713647394,0.017748645225789516,0.04297391659052892,-0.0278943259282873,0.014868366667737554,0.04276269259602485,-0.0044176751493242,0.03216652547920204,0.03658420062852624,0.059143468619481,0.020907771536993334,-0.03823569708248767,0.0589702174962054,0.01744792332346424,-0.04152229417274116,0.074078109626526,0.06089711803348033,-0.013180991593045671,,0.022154441417469216,,0.014176343151478,0.03884837613660518,0.024672032985127185,,0.039882090201864354,,,0.06896074286899864,,0.064700283520509,0.020353242918503135,-0.04434704060200586,,0.04265467338066728,,0.0520967014171979,0.03424103842701046,-0.01785566299018744,0.0563829693561737,0.07724163609192775,0.020858666735754046,0.0475772838854136,0.07174702614922226,0.024169742263808663,-0.0159065021773801,0.01592433875031075,0.031830840927690854,,0.0640980081551835,,0.0518228431221267,0.07441588667887626,0.022593043556749563,,0.03975217425534857,,0.0737584698525927,0.04004129814990561,-0.033717171702687086,0.0682250629367662,0.0379259600716943,-0.030299102865071897,0.1110456897479178,0.03577161146321281,-0.07527407828470499,-0.0282068732245673,0.05027495655283254,0.07848182977739984,,0.023470171565660933,,0.0349372155469032,0.009819991960885122,-0.025117223586018075,0.0529960092966,0.042115791720169944,-0.010880217576430054,0.0362053153045993,0.02253210332572289,-0.013673211978876408,0.0400570332453947,0.023311262977630896,-0.016745770267763808,0.0776572337755159,0.04777875952336782,-0.029878474252148075,0.0258283612562458,0.05713737194265106,0.031309010686405264,0.014589880926159,0.05238214067936163,0.037792259753202634,0.1075113538811777,0.07304143547792717,-0.03446991840325053,0.0547177141526887,0.04780906829689212,-0.006908645855796584,,0.03641308753599659,,,0.003969534455085519,,0.0309095624160758,0.0197954942679598,-0.011114068148116,0.0284907515596414,0.017246588863661663,-0.011244162695979738,-0.0026526085754204,0.06379864971858806,0.06645125829400847,0.0161613958691746,0.05005492541424896,0.033893529545074366,,0.06623293145605733,,0.0436834649553701,0.0466409819882115,0.002957517032841396,-0.0114858740276503,0.03926255201578992,0.050748426043440216,,0.03769572028072155,,0.1071479506750148,0.059075006658748284,-0.048072944016266515,0.0133512074439594,0.012932830761296591,-0.0004183766826628098,0.0120578624985525,0.010279170518101132,-0.0017786919804513683,0.0977074830209538,0.026589839976988158,-0.07111764304396564,-0.0849552017777889,0.012486296355831978,0.09744149813362088,,0.015197591403146802,,0.1047051459448946,0.07894482126340625,-0.025760324681488353,0.0472293757583912,0.05179494475162466,0.00456556899323346,0.0154542854226591,0.030909977202744136,0.015455691780085035,0.0055397088622578,0.03306744981324284,0.02752774095098504,-0.0011587245538357,0.02833962911982722,0.02949835367366292,0.0242890960760284,0.08016508867337914,0.05587599259735074,,0.07212608703148217,,0.1319214044119198,0.06149857607254933,-0.07042282833937047,0.027662852524155,0.028514827619083298,0.0008519750949282992,0.0192803089327198,0.023251410167789626,0.003971101235069826,0.0122730069653762,0.047345728088551656,0.03507272112317546,0.0245405249654951,0.037784823831515914,0.013244298866020812,,0.030568743623079018,,-0.0196408156275292,0.05332619389021495,0.07296700951774415,0.0592870942147183,0.01194530864074883,-0.047341785573969467,0.0538257071817794,0.00780267414219962,-0.046023033039579775,0.0527490580489924,0.05086672148086761,-0.0018823365681247886,0.0486529635219057,0.04706179812644326,-0.0015911653954624391,0.0417894868246117,0.04064086599327347,-0.0011486208313382304,-0.0499360771899494,0.037936657683647464,0.08787273487359687
2010-01-01,,-0.0067269638852496755,,0.0419407953571597,-0.038097199427382634,-0.08003799478454234,,-0.02317528164246686,,-0.0352653992054298,-0.04294712793651555,-0.007681728731085746,0.0375793149881207,-0.04960692606106979,-0.08718624104919048,-0.0216724313386798,-0.029521492618064707,-0.007849061279384908,-0.0234464188487314,-0.030191815826032514,-0.006745396977301112,0.0288006983098441,-0.016280570538796686,-0.04508126884864079,-0.0720969909695184,-0.03671943543475873,0.035377555534759665,-0.075633183010318,-0.03590965829217876,0.039723524718139246,-0.0476483434242215,-0.051740144544943606,-0.004091801120722105,,-0.0349041601576902,,-0.0541141223013578,-0.04133796529879135,0.01277615700256645,,-0.03685078487933442,,,-0.060740712362011964,,-0.0612682300095291,-0.029864538607633193,0.0314036914018959,,-0.041613439325802457,,-0.0732314326582297,-0.039426492537653714,0.03380494012057599,0.0237656442527249,-0.043345178262132585,-0.06711082251485748,-0.0475587600268792,-0.04415507204800282,0.0034036879788763783,0.0059225268822423,-0.029984898347187986,-0.03590742522943029,,0.005139553991815435,,-0.0298122891710534,-0.041079976981486584,-0.011267687810433184,,-0.05950448680130909,,-0.0987176163134991,-0.04061142263947827,0.058106193674020826,-0.1013856156248864,-0.04043779202193458,0.060947823602951826,0.0008866801319419,-0.047851461358914875,-0.04873814149085678,0.0552743477645162,-0.04667757705083191,-0.10195192481534812,,-0.04751920401671623,,-0.0011511818987137,-0.018833211977936658,-0.017682030079222956,-0.0175724937823505,-0.02317194347085246,-0.005599449688501963,0.0168970937864451,-0.03209520538385449,-0.04899229917029959,0.016009803738418,-0.03213699062176285,-0.04814679436018085,-0.0276195684722121,-0.027311829165122273,0.0003077393070898271,-0.0608768846932053,-0.042889987947345526,0.017986896745859772,-0.0617460859922157,-0.042224079929349914,0.019522006062865783,-0.023696753464435,-0.057340491673491506,-0.03364373820905651,-0.0513241019455248,-0.0329082794735394,0.0184158224719854,,-0.02975118422061715,,,-0.03934422740222343,,-0.0127840840899042,-0.025613943660668857,-0.012829859570764657,-0.0124130722008286,-0.025788314942428413,-0.013375242741599814,-0.0721462143585742,-0.00939543115608861,0.06275078320248559,-0.1077185439089151,-0.03904045099952245,0.06867809290939264,,-0.013615273883834954,,-0.0385313027236925,-0.031113624846472697,0.007417677877219801,-0.0569512438512362,-0.03382638189929709,0.023124861951939107,,-0.030524899560711603,,-0.0775821990842871,-0.04427144951430971,0.033310749569977385,0.0171929598297947,-0.01574559806667216,-0.03293855789646686,0.0171719602017866,-0.015397598188432579,-0.03256955839021918,0.1001659391242187,-0.052237008464431925,-0.15240294758865064,-0.1107841456473042,-0.013769299547186625,0.09701484610011757,,-0.02118116200722981,,-0.069832925597566,-0.0460986690333709,0.023734256564195103,-0.0243725489735736,-0.03941232777997219,-0.015039778806398587,-0.0039231634092479,-0.028774372348978124,-0.024851208939730224,-0.0227216967247054,-0.030982371383682372,-0.008260674658976973,-0.0190266516163992,-0.029317547894816002,-0.0102908962784168,-0.029803961606259,-0.06786320092815899,-0.03805923932189999,,-0.023080976458088254,,-0.0913242914548036,-0.04943534388751751,0.04188894756728609,-0.0732355006147625,-0.032533444414977214,0.040702056199785286,-0.0833835655241799,-0.03038522340344405,0.052998342120735856,-0.010515805581181,-0.04205254043269755,-0.03153673485151655,-0.038818983329644,-0.037910558356216754,0.0009084249734272465,,-0.038901679064167326,,-0.0785651232428675,-0.06063800380689326,0.01792711943597424,-0.0499270790277204,-0.02122794994245704,0.028699129085263363,-0.0549565263493077,-0.020036333857436306,0.034920192491871394,-0.0569630913390112,-0.029207966459221166,0.027755124879790035,-0.0142298618639499,-0.029489483236839142,-0.015259621372889243,-0.0111269344607313,-0.027407120146876674,-0.016280185686145372,0.0161571320525917,-0.04701863669836604,-0.06317576875095773
2010-02-01,,0.04997666697735038,,0.0234263067361027,0.05503577266571085,0.03160946592960815,,0.02620599716054325,,0.0597270557059669,0.034876836408177916,-0.02485021929778898,0.0324791392275412,0.04936438976450414,0.016885250536962944,0.0472817561744077,0.06140516752095229,0.014123411346544594,0.0487828648509485,0.06146058604249566,0.012677721191547156,-0.0084540973661209,0.03140493446236341,0.039859031828484305,0.0284159373944594,0.024287033170449255,-0.0041289042240101465,0.0271760430581595,0.02426354185606487,-0.002912501202094627,-0.0082036077064992,0.018391412546564054,0.026595020253063255,,0.020834745662709764,,0.0589902476774156,0.04345919371436042,-0.01553105396305518,,0.042260728053169626,,,0.051816917257198454,,0.021416151721054,0.03196297780280059,0.010546826081746594,,0.02819748821922225,,0.0800885773883658,0.03739061562418895,-0.04269796176417685,0.0173876093547146,0.05476393396877066,0.03737632461405606,0.0333528853029281,0.05798343769134002,0.02463055238841192,0.0401355169899722,0.02317089528105464,-0.01696462170891756,,0.05149647701174991,,0.0968809496475234,0.048189756809353744,-0.04869119283816966,,-0.020610488084048945,,0.0528257520845219,0.03290657285584257,-0.019919179228679328,0.0483896077633235,0.031879612827683985,-0.016509994935639517,0.1132297453210302,0.019683995092471186,-0.09354575022855902,0.0339599707156601,0.05115105376851611,0.017191083052856007,,0.011671883214991366,,0.0384760905340568,0.02511671840049834,-0.013359372133558464,0.0294140291278339,0.0360470943658249,0.006633065237990999,0.0256154760751273,0.04808497385350196,0.02246949777837466,0.0176763019424409,0.048700258057593086,0.031023956115152185,0.0786900650509156,0.033213540888099684,-0.04547652416281591,0.0809070488736381,0.053580954521006426,-0.027326094352631676,0.084321059364867,0.053060513669543265,-0.03126054569532374,-0.0371762570790927,0.031890649434333125,0.06906690651342583,0.0762031753654116,0.033014556952645685,-0.04318861841276592,,0.03209423671604324,,,0.018672630674698473,,0.017542825224626,0.0242282458934502,0.006685420668824202,0.0118198902152958,0.024599579245867035,0.012779689030571235,-0.0347886021026506,0.049888791952257386,0.08467739405490798,0.1008720089035709,0.06765292383858987,-0.03321908506498103,,0.020351245775733884,,0.0165112966806666,0.03790091099182448,0.02138961431115788,0.0161871485937049,0.0598306705907936,0.043643521997088694,,0.0722672868605563,,0.0781980935714143,0.05831425904611443,-0.01988383452529987,-0.0170516106881453,0.024118397201666877,0.04117000788981218,-0.0179287518689444,0.02428405916818362,0.04221281103712802,0.0509783770421809,-0.017583000430744327,-0.06856137747292523,0.1046259008593934,0.024197554254948433,-0.08042834660444496,,0.0378232901318398,,0.0829938962415522,0.06280265543975097,-0.020191240801801236,0.1273020733495128,0.03861533511612353,-0.08868673823338927,0.0391872011293624,0.026765048464218868,-0.012422152665143533,0.0348730971297241,0.025234268070777707,-0.009638829058946391,0.0353049243983712,0.023389014058811528,-0.01191591033955967,0.0128538311226293,0.035634316886394624,0.022780485763765325,,0.05908001690928435,,0.0452996597313431,0.05871550156745595,0.013415841836112843,0.0537707454771881,0.04177814334462016,-0.01199260213256794,0.0542074605403537,0.041043110223633106,-0.013164350316720592,0.0734548190620946,0.04344850123782036,-0.030006317824274237,0.064508398735576,0.04320355147515792,-0.021304847260418078,,0.04062672000055032,,0.049647123190283,0.03826138095366256,-0.011385742236620436,-0.0005763562728182,0.023287922429111506,0.023864278701929705,0.0006957704423308,0.022206268464723865,0.021510498022393066,-0.0108213805893112,0.02806059750311908,0.03888197809243028,0.0430801245082845,0.039298933969103465,-0.003781190539181037,0.0382992389888129,0.03714168589360681,-0.0011575530952060917,0.0800375021740249,0.019434051766087066,-0.06060345040793784
2010-03-01,,0.06967549410896885,,0.1146254880734439,0.08285534270554902,-0.03177014536789488,,0.0456077913647372,,0.1060251994740482,0.0680500901296462,-0.037975109344402,0.0916943371781933,0.09903667609755812,0.007342338919364824,0.1121651785014751,0.0814541758232332,-0.030711002678241908,0.1138015081446218,0.08205290383825502,-0.03174860430636678,0.0761939749578315,0.039996822045974226,-0.03619715291185728,0.0486067474604126,0.057419491259359745,0.008812743798947142,0.0482806937189383,0.05647976197174115,0.008199068252802852,0.0071909749568579,0.0560831748293607,0.048892199872502796,,0.04045052291338876,,0.070996560285976,0.07277729739860214,0.001780737112626149,,0.06843535008139531,,,0.09430261679706425,,0.076228265578078,0.05797417159273477,-0.018254093985343237,,0.05323415698036439,,0.0507349143860417,0.07013964645323517,0.019404732067193474,0.0484509418632945,0.09088022308472318,0.04242928122142868,0.09742599363488,0.09322280844267872,-0.004203185192201281,0.0221325258427625,0.04384958504888413,0.02171705920612163,,0.07277911519193907,,0.0834182081275915,0.08943177885714522,0.006013570729553719,,0.013265084173345789,,0.1064243365382477,0.07082800335936186,-0.035596333178885844,0.1095637216383112,0.06952373472832994,-0.04003998690998126,0.2272877921994074,0.05334023334672519,-0.1739475588526822,0.1830057413024218,0.09424181299567799,-0.08876392830674382,,0.05124857216805401,,0.0443256063227838,0.04226784428800365,-0.0020577620347801556,0.0705790933036153,0.0646902383984634,-0.005888854905151897,0.0854643923448483,0.07187471549579309,-0.01358967684905521,0.0790824773388972,0.07242628617217613,-0.006656191166721073,-0.0205987578675761,0.053646817581331,0.0742455754489071,0.069080973009391,0.09144009878829548,0.022359125778904476,0.0571124302043476,0.09072260740227837,0.033610177197930774,0.0763154492204264,0.06382551213467909,-0.012489937085747319,0.0755482827038125,0.06773186508579641,-0.007816417618016089,,0.0624088615876726,,,0.04352298647263046,,0.0155692580327302,0.05269306608173514,0.03712380804900495,0.0100742265030261,0.052740000895885354,0.042665774392859256,0.1147029150547807,0.07179522994315189,-0.042907685111628804,0.1234197775419523,0.1094796000187032,-0.013940177523249095,,0.0319580885825504,,0.0773514799105305,0.06671795037840608,-0.010633529532124417,0.042954097536746,0.08514314164920893,0.04218904411246293,,0.09604081410518094,,0.112382269378165,0.08205378122043057,-0.030328488157734437,0.0262440990515314,0.04556654025191885,0.01932244120038745,0.0246005429561493,0.04519941345976437,0.02059887050361507,0.1423536604668917,0.013671678672949154,-0.12868198179394255,0.007583436719485,0.04387786272837081,0.03629442600888581,,0.057243594717234114,,0.1041977110791033,0.09702128227314928,-0.007176428805954024,0.0492575609348546,0.06549587488483612,0.016238313949981514,0.0702626660377887,0.04784187170153963,-0.02242079433624907,0.0680074489544651,0.05547924900147346,-0.01252819995299164,0.0583052696651188,0.052648887957125336,-0.0056563817079934645,0.1237614452521798,0.06951862951580046,-0.054242815736379346,,0.08644791444657997,,0.1415742044282059,0.0980881738220112,-0.0434860306061947,0.0709456871959526,0.06786413414231046,-0.003081553053642133,0.0689325043415598,0.0668335482997771,-0.0020989560417827013,0.0292781574785348,0.07007013291323039,0.040791975434695586,0.0988237404984083,0.07434912005172162,-0.024474620446686676,,0.07263746729948775,,0.0431456361069555,0.07505122841595335,0.03190559230899785,0.0494509571110136,0.041240406525638894,-0.008210550585374704,0.0557179643931657,0.03980089855401818,-0.015917065839147523,0.0664029321479026,0.049082318174942616,-0.01732061397295999,0.0607674641348716,0.06547301312018672,0.004705548985315118,0.0605213566415043,0.062358518538597106,0.0018371618970928066,0.1378470180958015,0.04601882957142257,-0.09182818852437892
2010-04-01,,0.048756466150209295,,0.0241127074580559,0.03939020025276889,0.01527749279471299,,0.01438697953981002,,0.0453834601167379,0.03832213428954582,-0.007061325827192079,0.0532631400589674,0.04946682537963426,-0.0037963146793331404,0.0304514966055075,0.03433885809023589,0.0038873614847283883,0.0288398356808734,0.03196927492476286,0.003129439243889462,0.0802301204584073,0.036737872020359726,-0.043492248438047575,-0.0033754979877836,0.0017290975659499887,0.0051045955537335885,-0.0044422955377942,-0.00041484615034383397,0.004027449387450367,0.0410286782191672,0.032629467954248585,-0.008399210264918612,,0.02408697557042962,,-0.0032197237106257,0.03609415073882205,0.03931387444944775,,0.04079418910118126,,,0.059703608060885295,,0.0258566873390242,0.02278769769751438,-0.003068989641509822,,0.040238117387138415,,0.0152711230849737,0.02422155321271323,0.00895043012773953,0.1139061065323289,0.06232625777854787,-0.05157984875378103,0.0887904513284594,0.06216965591271837,-0.026620795415741035,0.0152551400656689,0.017484632440785856,0.002229492375116956,,0.06613326955140877,,0.0270239407181964,0.05282430539778206,0.025800364679585658,,0.011594826620928006,,0.0437512889703954,0.016707156763703976,-0.027044132206691426,0.0450676744041068,0.014584922166961648,-0.030482752237145153,0.0464617494719641,0.02067957361293759,-0.025782175859026514,0.1794239636081113,0.03008753804245366,-0.14933642556565765,,-0.008702913746256657,,0.0018062770205472,0.01693700288595078,0.015130725865403582,0.0178764968603995,0.03755953097236137,0.019683034111961872,-0.0239231155124125,0.030852523366401225,0.054775638878813725,-0.0371018073569193,0.031908098969127816,0.06900990632604712,0.0413233257204392,0.04060233266479433,-0.0007209930556448738,0.0711804064086551,0.04827583379605524,-0.022904572612599858,0.0662561420151149,0.0446171504829024,-0.0216389915322125,0.156150671367708,0.055469166465137276,-0.10068150490257072,0.0594992316313985,0.029502559865339912,-0.02999667176605859,,0.02340012606832952,,,-0.015341944860884273,,-0.0316475952059083,0.011484093979194032,0.04313168918510233,-0.035974839944307,0.010693174781746077,0.04666801472605308,0.0128021943849531,0.06851680314095861,0.05571460875600551,-0.0620535743195984,0.052415351088480944,0.11446892540807935,,0.06098202896417999,,0.0304001327688732,0.03716857749784531,0.006768444728972107,0.0583001145830964,0.056133800764775185,-0.0021663138183212124,,0.06372570046171788,,0.109222106886377,0.07005472087887246,-0.03916738600750454,-0.0386119626097957,0.011153924550256308,0.04976588716005201,-0.0409530487597271,0.010044114367265003,0.0509971631269921,0.0944370959391832,-0.007000184491360731,-0.10143728043054394,0.1495140344253732,0.017379318713927172,-0.13213471571144603,,0.025702304230037287,,0.0710914390505164,0.06645671574482853,-0.004634723305687871,0.0172645678423694,0.04499783213724592,0.027733264294876516,0.0715264225146817,0.023207492847657173,-0.04831892966702453,0.0180382741321192,0.015032166856084158,-0.003006107276035043,0.012020846613058,0.010599117174210491,-0.0014217294388475087,0.0914569415518043,0.06543271648419657,-0.026024225067607723,,0.07029705054551875,,-0.0364122085328009,0.05582324252964178,0.09223545106244269,0.0152768650268131,0.026670767578658494,0.011393902551845395,0.0045773493048785,0.02226769341919628,0.01769034411431778,0.0343682685297624,0.04684238860455427,0.012474120074791872,0.044322009302483,0.033950611297777884,-0.010371398004705115,,0.02675002716418112,,0.0393973725196686,0.05030484433684487,0.010907471817176273,0.0122259252174581,0.014567009250876325,0.002341084033418225,0.0153095605599294,0.01147714714416859,-0.0038324134157608093,0.0308576807508825,0.04271672939459516,0.011859048643712657,0.0336066822806768,0.04136999217106893,0.007763309890392131,0.0306261921008417,0.035894257606128285,0.005268065505286586,-0.107572538089714,0.02579823259036421,0.13337077068007822
2010-05-01,,-0.05721600805511363,,-0.1181826159595449,-0.1060043312238441,0.012178284735700803,,-0.0511144756829332,,-0.0408086460596697,-0.07502705775503248,-0.03421841169536278,-0.0860736402085426,-0.11340538768927137,-0.027331747480728766,-0.1026069588982027,-0.11205992247044379,-0.009452963572241083,-0.103725500948481,-0.11422807960232689,-0.010502578653845893,-0.0520028465413161,-0.05582891149927782,-0.003826064957961721,-0.0922652546376639,-0.07788645005667914,0.014378804580984755,-0.0957944332437059,-0.0758727775325947,0.019921655711111194,-0.0865675192464685,-0.10914073922944226,-0.022573219982973763,,-0.0526315656908675,,-0.1018629464794299,-0.0913975295313016,0.01046541694812829,,-0.07997896505669103,,,-0.14894278616417012,,-0.0606806244736354,-0.06703359121986373,-0.006352966746228331,,-0.09087742833123379,,-0.1130287040863553,-0.0888283088894578,0.02420039519689751,-0.1098828622672457,-0.0965292066786741,0.0133536555885716,-0.1085781048289255,-0.1041605936994201,0.004417511129505405,-0.0357192578943838,-0.0499104430358643,-0.014191185141480503,,-0.02353365744905612,,-0.0877357244025894,-0.09555731586147365,-0.007821591458884253,,-0.0857244710497532,,-0.0532988225901271,-0.08005861268045067,-0.026759790090323567,-0.0494998831890516,-0.07811002581550255,-0.028610142626450952,-0.1181579794981788,-0.10566704485918901,0.012490934638989787,-0.0761349363379868,-0.12750526654001557,-0.05137033020202876,,-0.08653818779864475,,-0.0437180942583519,-0.042928441642035645,0.0007896526163162568,-0.0408974412182475,-0.06618589325546792,-0.025288452037220417,-0.0690454230874581,-0.09380914930261058,-0.02476372621515248,-0.07388973636334,-0.09319429632720443,-0.01930455996386443,-0.1070737017328875,-0.0725261434340027,0.0345475582988848,-0.0996190472291081,-0.10402703655887106,-0.004407989329762968,-0.0949385271068138,-0.10272092857557807,-0.007782401468764272,-0.1775236187780111,-0.11529285828670167,0.06223076049130942,-0.0872496682444758,-0.07473351392856148,0.012516154315914324,,-0.06790509254232648,,,-0.11130713321996663,,-0.0859084720103502,-0.06234599371482142,0.023562478295528787,-0.0849444399466614,-0.06089967735408315,0.024044762592578248,-0.0768498821925346,-0.046436600491919305,0.03041328170061529,-0.0898935351261145,-0.11854790982368814,-0.028654374697573634,,-0.007344930432196937,,-0.0646400396409829,-0.07415737556486475,-0.009517335923881848,-0.1056122283283037,-0.09538711444822756,0.010225113880076145,,-0.10800850305185382,,-0.1311096707408099,-0.1181695092701604,0.012940161470649497,-0.0708738099230165,-0.047340662650042525,0.02353314727297398,-0.0706660741065939,-0.0459072959949373,0.024758778111656596,-0.19490635467195,-0.10467393921776831,0.09023241545418169,-0.0363716951594063,-0.029338656164427143,0.00703303899497916,,-0.06673079545571534,,-0.0760331969717907,-0.11770730385836112,-0.04167410688657042,-0.0230956347628864,-0.07667410409573285,-0.05357846933284645,-0.0346231415401432,-0.0511465364604855,-0.016523394920342306,-0.0569036663686002,-0.06167954818793629,-0.004775881819336095,-0.0610405866810864,-0.05816995630556833,0.002870630375518074,-0.0650528594149015,-0.12224317332149333,-0.05719031390659182,,-0.07477187044790724,,-0.0735197623526716,-0.11696337811803137,-0.04344361576535977,-0.0624838660239156,-0.08822308694336575,-0.025739220919450155,-0.0602868045104852,-0.08622845325692097,-0.025941648746435765,-0.0717910758332408,-0.10424545619823812,-0.032454380364997315,-0.0766947353522561,-0.08962439198559818,-0.012929656633342085,,-0.09143359194138832,,-0.0564205376525939,-0.12741878903170806,-0.07099825137911416,-0.0616446836975912,-0.044587417615700474,0.017057266081890725,-0.0588680180789455,-0.04182876201702863,0.01703925606191687,-0.0600182874454192,-0.05626621255256406,0.003752074892855138,-0.0330576774039248,-0.0680226347605721,-0.03496495735664731,-0.0221395864357855,-0.06364797336188602,-0.04150838692610052,-0.0696114319146337,-0.0857748600088611,-0.016163428094227397
2010-06-01,,-0.05206752994087292,,-0.0857031973973387,-0.09247863284041034,-0.006775435443071645,,-0.036052876551198605,,-0.0731306764538203,-0.06559945045949975,0.007531225994320559,-0.0730836853429108,-0.07841420253308788,-0.005330517190177075,-0.0637108009930259,-0.09447166082124321,-0.030760859828217316,-0.0637769071187372,-0.09440749642833161,-0.03063058930959442,-0.0961357488022745,-0.06343149992722362,0.032704248875050884,-0.0647034252117838,-0.0370411577959842,0.027662267415799593,-0.0648553227281508,-0.03428147836454357,0.030573844363607224,-0.0859500316732606,-0.09415389652043013,-0.008203864847169534,,-0.05647493050863534,,-0.0986084924591174,-0.07952630031695837,0.019082192142159032,,-0.07698695824051585,,,-0.1414344394691703,,-0.0183596507835004,-0.055371536973177475,-0.03701188618967707,,-0.09611719447042864,,-0.0695497973851006,-0.06424733958632103,0.005302457798779567,-0.1457327468662182,-0.09023312934150719,0.05549961752471101,-0.1329534053094413,-0.09819364617769805,0.034759759131743256,-0.0355707793974659,-0.044020407747976165,-0.008449628350510267,,-0.03377662567908281,,-0.0688680717896812,-0.0783510682024138,-0.009482996412732606,,-0.08724655208023349,,-0.0606244118342865,-0.04313670296540609,0.01748770886888041,-0.0571461141974265,-0.04031319604182375,0.016832918155602748,-0.0684564364632689,-0.08764719864827744,-0.019190762185008536,-0.0872684370911577,-0.08467722713570057,0.002591209955457127,,-0.03696692216649271,,-0.004557294953913,-0.037255585605121995,-0.032698290651208994,-0.1089866033226735,-0.05764342567485001,0.05134317764782349,-0.0552580662853361,-0.07943460237047925,-0.024176536085143155,-0.0560372338930911,-0.07964071457863585,-0.02360348068554475,-0.0462164424642352,-0.07142016526751578,-0.02520372280328058,-0.0665080557207195,-0.08731993645789636,-0.020811880737176866,-0.0587156476930406,-0.08373099986213212,-0.025015352169091516,-0.1138141565170543,-0.12157066695207697,-0.007756510435022665,-0.0621020301639694,-0.05209357635380013,0.010008453810169272,,-0.04535430075693462,,,-0.05862536449271607,,-0.0337287290046473,-0.037553783849500894,-0.003825054844853591,-0.0342983515927254,-0.03657454120705518,-0.0022761896143297794,-0.0924455414212691,-0.06305531878385062,0.029390222637418473,-0.118598315371055,-0.09711560214496558,0.021482713226089425,,-0.043888849623130666,,-0.0856350966454054,-0.062447134703463233,0.02318796194194217,-0.0494404464063903,-0.10059260463327618,-0.05115215822688588,,-0.1145108701465867,,-0.0695498168985766,-0.1347578456525894,-0.06520802875401278,0.0089393161482282,-0.02815157919671794,-0.03709089534494614,0.0107993319659795,-0.02682676758921354,-0.03762609955519304,-0.1325861845791183,-0.07970304057371022,0.052883144005408084,0.0754353455481978,-0.022472720208618752,-0.09790806575681654,,-0.058411741066076474,,-0.10931591564688,-0.10966101343761137,-0.0003450977907313718,-0.0172549298583004,-0.07656386548880194,-0.05930893563050153,-0.0432783489434519,-0.041598803312892944,0.0016795456305589568,-0.091867005593116,-0.034694538411472124,0.05717246718164388,-0.0901880785218819,-0.028989027758501058,0.06119905076338085,-0.1371132705368978,-0.13839019789713894,-0.0012769273602411257,,-0.08066161755891994,,-0.1081246582643886,-0.1051184262542818,0.003006232010106802,-0.0724135434566535,-0.06836316575881882,0.004050377697834687,-0.0743659262523349,-0.06305468244778792,0.011311243804546983,-0.0265611417751966,-0.10325464189417102,-0.07669350011897443,-0.0749266242758479,-0.07359598386601363,0.0013306404098342717,,-0.07035028006413982,,-0.0894726876279295,-0.13033281568026273,-0.04086012805233323,0.0019834143007929,-0.03557462234694969,-0.03755803664774259,0.0078105552217658,-0.031533433146165434,-0.03934398836793123,-0.0054900615558466,-0.06290299980905162,-0.057412938253205016,-0.0362378900520211,-0.06292752973241282,-0.026689639680391723,-0.0244557192065845,-0.05598245819088472,-0.031526738984300216,-0.0168306838502129,-0.08008009694795723,-0.06324941309774433
2010-07-01,,0.05644262077393074,,0.1036383722832324,0.07364879930796071,-0.02998957297527169,,0.05296964575551636,,0.0836853377138596,0.07889510305339616,-0.004790234660463438,0.1782171133664224,0.10188784482537928,-0.07632926854104312,0.0798754107629351,0.05841356528903466,-0.02146184547390044,0.0811424738139082,0.05988499515396826,-0.02125747865993994,-0.0201124809537491,0.017663561560634745,0.037776042514383844,0.0816786799065401,0.07317402801524718,-0.008504651891292916,0.0851397311930354,0.07325065405223503,-0.01188907714080037,0.0602162950925437,0.046109943680385464,-0.014106351412158234,,0.04963576187507619,,0.1588904617224504,0.07267264977186035,-0.08621781195059004,,0.0679631308299848,,,0.07357748027395097,,0.0894884613386861,0.06728327505096822,-0.02220518628771788,,0.04029647336188089,,0.0753901813733634,0.07651787450339478,0.0011276931300313875,0.0701909643831277,0.0864232403725119,0.01623227598938419,0.0958276127620418,0.08532312502057815,-0.010504487741463647,0.0380764105248992,0.057101070271017663,0.019024659746118465,,0.07212105614432389,,0.1345371420879918,0.09147141990088517,-0.043065722187106636,,0.015726916627547355,,0.0555097445866664,0.08942814330747485,0.03391839872080845,0.0516653244791952,0.08963599694226473,0.03797067246306953,0.0521457000183304,0.047684759368684305,-0.004460940649646097,0.1169763355795671,0.09068384508272828,-0.026292490496838822,,0.07293054739024721,,0.026091444939691,0.05110993435446307,0.025018489414772072,-9.407965252350783e-05,0.06667698310691925,0.06677106275944275,0.0688010805815636,0.06358902410508839,-0.005212056476475213,0.0733935077242723,0.06436301850552417,-0.009030489218748133,0.0148697185204312,0.038403955079597846,0.023534236559166644,0.1272439893177655,0.0915667076488371,-0.035677281668928404,0.1272303865346175,0.09291737690314597,-0.03431300963147152,0.1068285333444605,0.042525559372954526,-0.06430297397150597,0.0407109064053812,0.07657236769507855,0.035861461289697354,,0.07199104882640345,,,0.029813654196511087,,0.0318373887293241,0.0651344451872996,0.0332970564579755,0.0305321388530384,0.06695202227955457,0.03641988342651617,1.2316156678318069,0.06371093612230148,-1.1679047317095055,0.1713947466682512,0.10897504914970121,-0.06241969751854998,,0.030135799326353456,,0.0768946619607474,0.06739766028284463,-0.009497001677902767,0.0754559362234758,0.07462496870939105,-0.0008309675140847489,0.084014718081526,0.07580844961968211,-0.008206268461843885,0.0721057751937752,0.05040095149967681,-0.021704823694098388,0.0115591141074403,0.05476000318641281,0.04320088907897251,0.0102532285184891,0.055513993970035334,0.04526076545154623,-0.0138322140729891,0.0012656772719208942,0.015097891344909993,-0.0879354505802293,0.06194563815109387,0.14988108873132316,,0.05497645633949474,,0.1637566077148085,0.07769280955257973,-0.08606379816222876,0.019392735454051,0.06444299490304363,0.04505025944899263,0.0582602108529877,0.05564690772396063,-0.002613303129027071,0.053477701465924,0.07004288115392751,0.016565179688003508,0.0491069983151335,0.06873354080477445,0.01962654248964095,0.0730169858530306,0.050476590402773136,-0.02254039545025746,,0.07449933050374698,,0.0961186228885935,0.09454159197770078,-0.0015770309108927294,0.0915180428091076,0.06365956766511559,-0.027858475143992006,0.0948819206310707,0.0642894247932365,-0.030592495837834202,0.0274213470747577,0.05289763625866463,0.02547628918390693,0.1222959229827283,0.07653454264679976,-0.04576138033592854,,0.07771429985491472,,0.0740430633862439,0.06333294046141287,-0.010710122924831034,0.0718466766900572,0.050512135927318624,-0.02133454076273858,0.071641622520514,0.05117331726937012,-0.020468305251143876,0.0471994242971338,0.04484878171759748,-0.0023506425795363217,0.0230020583485991,0.06563160628115354,0.04262954793255444,0.0112693930575132,0.06502071445323504,0.05375132139572184,0.0612118231591915,0.04279471146220114,-0.01841711169699036
2010-08-01,,-0.04212831703940668,,-0.094927580839998,-0.0667691907551242,0.028158390084873794,,-0.02717745413351331,,-0.0677744512930745,-0.060457304724952504,0.0073171465681219905,-0.0805397556300706,-0.07987234973704711,0.0006674058930234844,-0.0882521843657203,-0.05740670256873663,0.030845481796983668,-0.0877451389688367,-0.05698204210490401,0.030763096863932693,-0.1241436851904933,-0.04641937094691684,0.07772431424357647,-0.0653279097562042,-0.03534315209329378,0.029984757662910422,-0.0668260497887564,-0.03138596184428496,0.03544008794447145,-0.0828849838042823,-0.10227791360447347,-0.019392929800191167,,-0.048005573889182,,0.1220728323222057,-0.06267350064017528,-0.18474633296238097,,-0.061278633191461554,,,-0.12846137913490868,,-0.0098597536607267,-0.04830040266267695,-0.038440649001950246,,-0.08830336158205176,,-0.1316591412032277,-0.05505364495249737,0.07660549625073032,-0.0843364803889483,-0.0774047351773266,0.0069317452116216954,-0.0534134935663872,-0.0810541784390097,-0.027640684872622494,-0.0394527088030223,-0.03618096816921294,0.0032717406338093544,,-0.03655104077746903,,-0.0668653598273652,-0.07675887321782693,-0.009893513390461725,,-0.11463179756321969,,-0.0680060712307574,-0.04134370128903312,0.02666236994172428,-0.0638922069937794,-0.03860558751154444,0.025286619482234957,-0.0818647717763708,-0.08913827362304151,-0.007273501846670707,0.0048518679822115,-0.0734980852915788,-0.0783499532737903,,-0.04487514256567635,,0.0165451496339706,-0.030197383116254976,-0.04674253275022558,-0.0839598220342211,-0.05827770142112863,0.02568212061309247,-0.0756964416109842,-0.056166464573208785,0.01952997703777541,-0.0880536536353694,-0.055999400234273564,0.03205425340109584,-0.0514690157859689,-0.06193687080568988,-0.01046785501972098,-0.0751346459960799,-0.07468853898943777,0.00044610700664213243,-0.0706248960332592,-0.07079066482579509,-0.00016576879253589472,-0.0269961287273067,-0.11306735089706127,-0.08607122216975457,-0.0543853006239453,-0.054520749294815,-0.00013544867086969642,,-0.04338714251469071,,,-0.04511341742849406,,-0.0566750756801797,-0.03983493522320353,0.016840140456976176,-0.0568534761344455,-0.03783779742977521,0.019015678704670295,-0.061217760017776,-0.05974855709775581,0.0014692029200201878,-0.0466001040760785,-0.08121383862868481,-0.03461373455260631,,-0.04815311811455985,,-0.1635037505290407,-0.05631941251385407,0.10718433801518663,-0.0425500962931048,-0.07481979981405439,-0.032269703520949586,-0.039788449132732,-0.08018265291283218,-0.040394203780100175,-0.114395166638247,-0.10526988023022042,0.009125286408026581,0.006840503430809,-0.0277005128936913,-0.0345410163245003,0.0089379887834157,-0.02550806386650115,-0.03444605264991685,-0.0700283488166585,-0.10050197721214835,-0.030473628395489852,0.1323239204588274,-0.02270687576669562,-0.15503079622552302,,-0.044098623108697665,,-0.027475423493772,-0.08674122471797953,-0.05926580122420753,-0.0237708218182919,-0.06418833685098325,-0.04041751503269135,0.0169918704331915,-0.03296786517608886,-0.049959735609280354,-0.0141149439710198,-0.03550503113669639,-0.02139008716567659,-0.0063246481562548,-0.030025034540256793,-0.023700386384001994,-0.1133789475682634,-0.1252103487575172,-0.011831401189253785,,-0.06794341895861927,,-0.0831373183219405,-0.08794309198853739,-0.004805773666596888,-0.0442095294502396,-0.051890508043662,-0.0076809785934223995,-0.0480471669156213,-0.047067911409768334,0.000979255505852969,-0.0490386792277984,-0.08549558745588093,-0.03645690822808253,-0.0340210998708732,-0.06092388789149225,-0.026902788020619052,,-0.05858160545512722,,-0.1027516567325375,-0.11971224381517075,-0.016960587082633247,0.0141529274901904,-0.028865841020295508,-0.04301876851048591,0.0179800331571634,-0.02528360084022371,-0.04326363399738711,-0.0392938527692067,-0.058006855101108964,-0.018713002331902262,-0.0699530198742781,-0.05435344414369814,0.015599575730579962,-0.0687723995846757,-0.04795926913974661,0.020813130444929086,-0.0026886396436485,-0.07439081698529494,-0.07170217734164644
2010-09-01,,0.08042247088621493,,0.117053356730353,0.09199477097708723,-0.025058585753265764,,0.06492858450203047,,0.1657937660017174,0.11843638859390723,-0.04735737740781018,0.1193402301528506,0.18520298904738078,0.06586275889453018,0.0640902580805812,0.06496474252068844,0.0008744844401072371,0.0635859918673246,0.06516423356942967,0.0015782417021050765,-0.0095210500764266,0.035407483246535115,0.04492853332296172,0.1184765180137802,0.10678673695003636,-0.01168978106374384,0.1174047602570394,0.10345514600135877,-0.013949614255680629,0.1540185601951101,0.11927286617104349,-0.0347456940240666,,0.061212107034052006,,0.0609172747504248,0.10003900737669193,0.03912173262626713,,0.09074874624255339,,,0.1361811352752144,,0.0702854968828439,0.08028512533532907,0.00999962845248517,,0.07674284919596852,,0.1155597065725078,0.10882377211328823,-0.006735934459219578,0.1021849980172704,0.13945660631798085,0.03727160830071044,0.1043308285299943,0.13310491032636948,0.02877408179637518,0.0375155998488474,0.06492022984372502,0.027404629994877618,,0.0942379157750416,,0.1627782626573735,0.15124715634960492,-0.011531106307768574,,0.08350469845161586,,0.1512445060413849,0.1319553754291984,-0.019289130612186484,0.1499739204876661,0.13070482518020515,-0.01926909530746096,0.1993789698503977,0.09722813596718402,-0.1021508338832137,0.1742633938772846,0.1461097010768175,-0.02815369280046709,,0.12283072848160514,,0.0283775122044893,0.051830839965596315,0.023453327761107014,0.1532294404065742,0.09666823021272768,-0.05656121019384654,0.0908667123158411,0.0763744484733112,-0.014492263842529912,0.0949714697507357,0.07681840042648196,-0.018153069324253743,0.0302073979676101,0.07539945879642165,0.04519206082881155,0.1575337052572338,0.13342099798887902,-0.024112707268354794,0.1611451683632716,0.13131624242808557,-0.029828925935186046,0.1504816565026126,0.10908316231043882,-0.041398494192173785,0.1421031274855611,0.12057910459314403,-0.02152402289241706,,0.10459560717501983,,,0.06958464312561032,,0.0976134210649301,0.08833830162752881,-0.00927511943740128,0.0912698680107825,0.08669616623731219,-0.004573701773470315,0.0030320126175061,0.08923110990297235,0.08619909728546625,0.1883269187020874,0.14036661816446677,-0.047960300537620626,,0.05949072443525465,,0.1325989258732595,0.10265832088080776,-0.02994060499245174,0.0875097763292976,0.08557636731999486,-0.0019334090093027362,0.081925804855312,0.08021902731731496,-0.0017067775379970423,0.0681938743513163,0.08290648671672345,0.014712612365407149,0.0772995915855224,0.0667367675984739,-0.010562823987048497,0.0752289637296863,0.06439827839450314,-0.010830685335183152,0.0282962799420787,0.07416110515257385,0.04586482521049515,0.0331770948743539,0.06227576020993023,0.029098665335576333,,0.05958246250537046,,0.1342408348182646,0.13398626489775217,-0.00025456992051242633,0.1109740001639345,0.09844602887922652,-0.012527971284707978,0.0588353085159452,0.07706280882270568,0.01822750030676048,0.118708718919562,0.10433008966323434,-0.014378629256327657,0.1163723076712866,0.10014339508514035,-0.016228912586146255,0.1337159708219672,0.11656560533155472,-0.01715036549041249,,0.11168438998486609,,0.1177237866027102,0.13743377008682425,0.019709983484114055,0.0641344001115285,0.0871325831833729,0.022998183071844397,0.0587108835152357,0.08452478930051241,0.02581390578527671,0.0881759373186389,0.08869819533388332,0.0005222580152444145,0.1004601268045271,0.10473612982370115,0.004276003019174052,,0.10358930546324564,,0.1037302551234978,0.11044539392512269,0.006715138801624887,0.0350550152053044,0.05612089894882993,0.021065883743525526,0.0289781147730147,0.05354827158442974,0.024570156811415042,0.057308685816295,0.07921282202939096,0.021904136213095962,0.0946670383476168,0.09581219236350538,0.0011451540158885776,0.0940676651922408,0.09089246918691124,-0.0031751960053295614,-3.209546015402499e-05,0.08316728601046784,0.08319938147062186
2010-10-01,,0.02669503723317741,,0.01994364396808,0.029004901658199984,0.009061257690119985,,0.03116716483241296,,0.0352288313799072,0.053558855131310854,0.018330023751403655,0.1041668556417427,0.07665675925439012,-0.02751009638735258,0.0148133619191298,0.01227095126322438,-0.0025424106559054204,0.0152030430271023,0.012390577994133185,-0.0028124650329691154,-0.0375524180997176,0.0002518117016923589,0.03780422980140996,0.0940210340318071,0.04989383509679563,-0.04412719893501147,0.0986572664267108,0.05008589458832355,-0.04857137183838725,0.0713918183130245,0.02223603037864033,-0.049155787934384174,,0.02553549337726455,,0.0673649231694926,0.03858602028334248,-0.028778902886150114,,0.03459497785925167,,,0.023858367727045512,,0.0426911918507913,0.03144567711433959,-0.01124551473645171,,0.008572586892081343,,0.0400476641161369,0.04447974632401332,0.004432082207876414,-0.0206869685353354,0.056341268223254415,0.07702823675858982,0.0519410074763539,0.050280523164007974,-0.0016604843123459237,0.0527736060288822,0.03153441679009288,-0.02123918923878932,,0.041298943219136394,,0.0508604201744068,0.059787705819168105,0.008927285644761307,,-0.002482297517124364,,0.0468887909714855,0.06585312262250773,0.018964331651022223,0.047729147687088,0.06668279341369295,0.018953645726604948,0.0338231731529955,0.015789964435130817,-0.018033208717864686,0.1801000611300084,0.052296875522590054,-0.12780318560741835,,0.05438419088585888,,0.0403684297212151,0.02243826255829797,-0.017930167162917128,-0.0054101927912831,0.032360010807603756,0.03777020359888686,0.0224777403509768,0.022968766341903986,0.0004910259909271866,0.0279799994843989,0.023755121109854813,-0.004224878374544088,0.0077667945790826,0.017659874542455458,0.009893079963372858,0.052185723810842,0.05152037068139357,-0.0006653531294484316,0.0524266726083417,0.0521030683213906,-0.00032360428695109994,0.0168429296196302,0.017813961486992658,0.0009710318673624568,0.0560777185979307,0.04981856744969887,-0.006259151148231827,,0.046166174827628206,,,0.012009725265626176,,0.0061032515016232,0.03555711030349439,0.029453858801871194,0.0060698520338722,0.03645775834088098,0.030387906307008782,-0.011912385255696,0.029329965654393896,0.041242350910089896,0.1144325083274779,0.050051162707059546,-0.06438134562041835,,0.02416384100817928,,-0.0397699667385614,0.039648044280661994,0.0794180110192234,0.0406430681616444,0.024366479749670756,-0.01627658841197364,0.0457406305321702,0.016526635565325038,-0.029213994966845163,0.0619237713313792,0.006579964004284756,-0.055343807327094444,0.0169508571519106,0.027544028040772914,0.010593170888862316,0.016064975906941,0.027676830842281633,0.011611854935340633,-0.0087622018377946,-0.012483757702170452,-0.003721555864375852,0.0188798546343946,0.03282514754649805,0.013945292912103446,,0.01781314233171086,,-0.0027729044497956,0.04584559632169388,0.048618500771489485,0.0172717482601592,0.03879255278367717,0.021520804523517973,0.0714589162362943,0.03900684545297025,-0.03245207078332405,0.0266665544485339,0.05029406280796889,0.023627508359434987,0.0231614089206511,0.05000049310805995,0.02683908418740885,0.0598929071123288,0.022729870538552615,-0.03716303657377619,,0.040420455673032,,0.0167846305416507,0.04946511849093633,0.03268048794928563,0.055645252231731,0.030708630697147226,-0.024936621534583776,0.0597575787481421,0.030553988199243043,-0.02920359054889906,0.055880478119802,0.017260574564100996,-0.038619903555701,0.0504607101416858,0.04023104989133477,-0.010229660250351033,,0.04002281031580676,,0.0362820057102073,0.016963655406245576,-0.019318350303961725,0.0178815987750969,0.025711465504062097,0.007829866728965199,0.0149911145957844,0.025831774917924596,0.010840660322140195,0.0197190408134835,0.027113655818696795,0.007394615005213295,0.0439633774342784,0.038315572524997836,-0.005647804909280567,0.0413460554586549,0.038014593332102026,-0.0033314621265528727,0.0186221091151263,0.02103127317077749,0.0024091640556511904
2010-11-01,,0.023097494889889107,,-0.0174170300876042,0.0008006970848636656,0.018217727172467866,,0.004211110743736901,,0.0881640564749936,0.023711134276161932,-0.06445292219883167,0.0742674473172643,0.029038259509293885,-0.04522918780797042,-0.0048398669264589,-0.016890330469629147,-0.012050463543170246,-0.0051933249050138,-0.01876270640403958,-0.013569381499025781,0.0108400943408768,0.0024705727899113623,-0.008369521550965438,-0.033470363501708,-0.000903781934145265,0.03256658156756273,-0.0385247295244355,-0.0026676355298287722,0.03585709399460673,-0.0132578065078038,0.013649417071447102,0.0269072235792509,,0.011985402812516277,,0.0055912167844041,0.008411440419163807,0.0028202236347597068,,0.014190231215228447,,,0.014144799275631215,,-0.0173335490417576,0.012149792947464216,0.02948334198922182,,0.011260003525204574,,-0.0684906791906152,0.0072511049254805554,0.07574178411609576,0.0352229099661732,0.029073632940739887,-0.006149277025433313,0.0330585745039377,0.02411438991212578,-0.008944184591811916,-0.0197133189982878,0.009930666363577492,0.029643985361865292,,0.055812196382801424,,0.0602460135262165,0.03236589172060857,-0.027880121805607935,,0.016078864485477056,,0.0323194237168896,0.011901267540742649,-0.020418156176146954,0.0319235297728053,0.011118291099031268,-0.02080523867377403,-0.1110273561564082,0.0031595722862342635,0.11418692844264246,0.084261426155945,0.0022170713904875188,-0.08204435476545748,,-0.002459814173354916,,-0.0397676242906676,0.00991897671252452,0.049686601003192124,0.0180359920866443,0.02619957882414559,0.00816358673750129,-0.0040602685628592,-0.002658665543078751,0.001401603019780449,-0.0009745666713535,-0.001895579223709516,-0.0009210125523560161,0.0549997970892893,0.011573574300664843,-0.04342622278862446,0.0437271703952749,0.02031344214601196,-0.02341372824926294,0.0452519229851612,0.01841474267143276,-0.02683718031372844,0.0606351162012867,0.014632164631136422,-0.046002951570150274,0.0214537335330244,0.02178927129906345,0.0003355377660390485,,0.015219675138345996,,,-0.04032589229623906,,-0.0363414367529721,0.011018086428570785,0.047359523181542885,-0.040990798661152,0.01075800259987558,0.051748801261027585,0.108774066054602,0.046895071909218655,-0.06187899414538335,0.0896341751293422,0.021896097139529006,-0.0677380779898132,,0.049450450993241815,,0.014160427170475,0.018745432559541753,0.004585005389066752,0.0472983274011432,0.015466202646741947,-0.03183212475440125,0.0479033198438306,0.011271491588063627,-0.036631828255766975,0.1292190209840156,0.010369220070896289,-0.11884980091311932,-0.0439753507916421,0.00956674312047688,0.05354209391211898,-0.0456740056085645,0.008863137548732816,0.05453714315729732,-0.0049560549944192,-0.011674567319122954,-0.006718512324703754,0.0555457030404076,0.02128137528598207,-0.03426432775442553,,0.0052157700441232075,,0.015535220906891,0.016591954121545318,0.0010567332146543176,0.0763511077881289,0.018855185057353147,-0.05749592273077575,0.0462257458001953,0.01066878279474657,-0.03555696300544873,0.0400128691674844,0.012621156312704844,-0.027391712854779558,0.0307502243442529,0.010335377440010878,-0.020414846904242022,0.0535747652433463,0.019219389277720208,-0.03435537596562609,,0.03633549239669605,,0.0020180853609693,0.020227434836974128,0.01820934947600483,-0.0109024362801262,0.0002015377019126058,0.011103973982038806,-0.0115660791162118,-0.0017556808092804882,0.009810398306931312,0.030571198105293,0.007131388975568485,-0.023439809129724515,0.0138728925886976,0.011228961394619093,-0.002643931194078507,,0.007268497472149847,,-0.0121266939422426,0.014100813013816924,0.026227506956059524,-0.0159275785423462,0.007725901362127946,0.023653479904474146,-0.0255149744052769,0.006967952265779401,0.0324829266710563,0.0103183936569028,0.022589569156681352,0.012271175499778552,0.0061883487310196,0.02095613876176008,0.014767790030740482,-0.0025378331986955,0.018697665970192002,0.021235499168887503,0.0160491435498239,0.004772183070970691,-0.01127696047885321
2010-12-01,,0.08555715957862084,,0.1062346480750583,0.09584417306191853,-0.010390475013139763,,0.045496399137610076,,0.0081041651394123,0.054283709617213474,0.04617954447780118,0.0810186252903708,0.09245902221899362,0.011440396928622823,0.0866188495195642,0.10701235232562574,0.020393502806061545,0.0859496408579371,0.10894349264376564,0.022993851785828537,0.0222925516789832,0.047111395946190085,0.024818844267206885,0.0655684029782852,0.058906686983990195,-0.006661715994295006,0.0641617119247902,0.05760440276834944,-0.00655730915644076,0.0921376274230321,0.06378380058397874,-0.028353826839053353,,0.030974143710750402,,0.0828537104971885,0.07233662730689497,-0.010517083190293527,,0.06673350425941137,,,0.1116738464753504,,0.0635348459819571,0.06473336561485973,0.0011985196329026282,,0.061073203790566195,,0.0373715638087491,0.07281383892457453,0.035442275115825435,0.1520660833774349,0.08145360793223386,-0.07061247544520105,0.11064672107583,0.08897761626432142,-0.021669104811508577,0.0602948287679519,0.03822904512206022,-0.02206578364589168,,0.0812840888797011,,0.0628704849476268,0.08729228755922548,0.02442180261159868,,0.01671546024676188,,0.0489648917398016,0.06313624086110191,0.01417134912130031,0.0417797990129912,0.060985548456535144,0.019205749443543946,0.0695967359542487,0.06796642396228651,-0.0016303119919621883,-0.0330471046998002,0.1082629265447408,0.141310031244541,,0.04917670046504338,,0.0453523919177746,0.04753695072576888,0.0021845588079942788,0.1074492666948733,0.07629641272053207,-0.031152853974341227,0.1119813880465988,0.08660471120533422,-0.025376676841264573,0.1343413706852734,0.08628534826491793,-0.048056022420355476,0.0253123050602509,0.05791544790738187,0.03260314284713097,0.1084132550069625,0.09444655989357201,-0.013966695113390493,0.1088230794625075,0.09448026955020197,-0.01434280991230552,0.185285615964024,0.06058735758485901,-0.12469825837916498,0.0738107183223183,0.0690172641075473,-0.004793454214770995,,0.06332594717278228,,,0.06483424203788286,,0.0724599890704213,0.06275171778553897,-0.00970827128488233,0.0697608985250433,0.061900003049239864,-0.007860895475803438,0.0338522482071523,0.08000061904599824,0.046148370838845945,0.2094391772536565,0.12998548991273154,-0.07945368734092495,,0.00984183022618874,,0.0712301318617352,0.06782631666999742,-0.003403815191737783,0.098512674040119,0.09734871068983827,-0.001163963350280725,0.0982362622479339,0.11894712576117382,0.02071086351323992,0.085029373028628,0.09333696421542027,0.00830759118679228,0.0460889604296012,0.05739670852379763,0.011307748094196428,0.0440868826610018,0.05679101946776971,0.012704136806767907,0.011588947705461,0.03474165092669273,0.023152703221231728,0.0471766310789176,0.04733452837667623,0.00015789729775863431,,0.07268853076940707,,0.0615130168150361,0.0944144928466601,0.03290147603162401,0.007665177823567,0.05573688018799342,0.04807170236442642,-0.0181728783321401,0.03677097255052253,0.054943850882662626,0.0250425302135827,0.05105019493075279,0.026007664717170087,0.0218276870446774,0.04857198705906745,0.02674430001439005,0.0750332284363515,0.05655816881145414,-0.018475059624897365,,0.08932741618556296,,0.119441106601102,0.10108882214765354,-0.01835228445344847,0.0789633055796385,0.07734551200195565,-0.0016177935776828523,0.0846189284088724,0.07871174579981022,-0.0059071826090621865,0.0257490031908854,0.0788620963610486,0.0531130931701632,0.0478143254482996,0.07868801416095021,0.030873688712650615,,0.0792932454822583,,0.1252405974762696,0.08478031189415515,-0.04046028558211444,0.034754974493361,0.04314941708575555,0.008394442592394552,0.0392342812629217,0.04241540729507655,0.0031811260321548476,0.0385208238873069,0.0412042519079577,0.002683428020650802,0.0759772037322074,0.06354579728910732,-0.012431406443100076,0.0748146197812156,0.06137401460105918,-0.013440605180156426,-0.0104054532743524,0.04233075459012132,0.05273620786447372
2011-01-01,,0.02001235707895696,,0.0775078695159631,0.02300981278491765,-0.05449805673104545,,0.018927540135915005,,-0.0243225961336587,0.008177617204199683,0.03250021333785838,0.01496718574267,0.012403236523377839,-0.00256394921929216,0.0219812904250824,0.03016652420991966,0.008185233784837261,0.0239521840303699,0.03203176329276381,0.008079579262393912,0.0551354926917927,-0.003845883297823621,-0.05898137598961632,0.0310366398832377,0.024761376925511096,-0.006275262957726603,0.0316620118855338,0.027140170594060185,-0.004521841291473618,0.045261338291543,-0.025206269200970872,-0.07046760749251388,,0.0016254984926673225,,0.0597127576148762,0.014795088283061383,-0.04491766933181481,,0.011432310613311727,,,-0.011078854565370836,,-0.0002606981651657,0.018140140965201654,0.018400839130367354,,-0.015829775136076765,,0.0374095594221349,0.01947618824253293,-0.01793337117960197,0.0569589826683593,0.008583272737814824,-0.04837570993054447,0.0477870301512907,0.010313309428977954,-0.03747372072231275,-0.0085000038861676,0.013329610975586133,0.021829614861753735,,0.021317056769705665,,0.0705458791546264,0.010699422081755505,-0.059846457072870896,,-0.05781531031482512,,0.0606156595852707,0.025994333111617272,-0.03462132647365343,0.0620823034325455,0.027100314336280674,-0.03498198909626482,0.0247049666492835,-0.011829526577212247,-0.03653449322649575,0.0464948955918353,0.02466835073540929,-0.021826544856426006,,0.014959455415095189,,-0.0148302760639894,0.017546980855743508,0.03237725691973291,0.0016109383219819,0.011494790626747771,0.00988385230476587,0.0223207723222793,0.022768035626329567,0.00044726330405026743,0.0212265159297289,0.02297433973860366,0.0017478238088747614,0.0045107850747748,-0.004520173884809414,-0.009030958959584213,0.0447920348715735,0.018713625371821783,-0.02607840949975172,0.0527872348627997,0.02194696705723694,-0.030840267805562763,-0.0442602980616175,-0.031529906168943966,0.012730391892673533,0.0284167292160119,0.014074790085372785,-0.014341939130639116,,0.018851829865828045,,,0.011772998194915452,,0.0052779193421494,0.01946519600247371,0.01418727666032431,0.0058774594674473,0.021411923455017697,0.015534463987570395,-0.0171672821868221,0.007677988972304339,0.024845271159126436,-0.0222349224094522,0.033958959861319624,0.05619388227077182,,-0.02181513717812095,,-0.0198857111131533,0.011243256127733267,0.031128967240886568,0.06639021159564,0.01808669492662385,-0.04830351666901615,0.0629154564299254,0.02425762574170763,-0.038657830688217765,0.08804327914913,-0.009069283361507282,-0.09711256251063728,-0.0130072916720246,0.02156109024141491,0.034568381913439514,-0.0121043757794962,0.023293795965385743,0.03539817174488194,0.1177168304995742,-0.04636902398428309,-0.1640858544838573,-0.1150129223038875,0.023064196395666654,0.13807711869955416,,0.02038668011837279,,0.0061464853380818,0.006759438301610491,0.0006129529635286917,-0.0655806498825409,0.003012031233133527,0.06859268111567443,-0.0206994393218729,0.012194136412492349,0.03289357573436525,-0.0035326156252918,0.018477975147754185,0.022010590773045985,0.002386071489561,0.020687503448612928,0.018301431959051928,-0.0381918512612312,-0.036207087616767726,0.001984763644463476,,0.01154300344656858,,0.0952621059583568,0.015392660441437682,-0.07986944551691912,0.0180729518495468,0.02004947192396273,0.0019765200744159273,0.0188410057099164,0.02380565416376111,0.00496464845384471,-0.0036131215853871,-0.0029689025201769413,0.0006442190652101586,-0.0004759349653375,0.018256722979576704,0.018732657944914206,0.0034578078001567,0.021009313459977155,0.017551505659820457,-0.0294333012164372,-0.016997405912623824,0.012435895303813376,0.0072990747251159,0.01646277865097043,0.00916370392585453,0.0043935831281153,0.01877549545259676,0.01438191232448146,-0.0161656059918011,-0.006938332474657731,0.009227273517143367,0.0317414705428968,0.01056900065273476,-0.021172469890162037,0.0344474959771639,0.013745005958869006,-0.020702490018294894,0.0809485631477754,-0.012954259811312594,-0.093902822959088
2011-02-01,,0.05067547732053522,,0.0397953378708222,0.04541077738901713,0.005615439518194931,,0.022562091408795715,,0.086082619606195,0.029608592076414687,-0.05647402752978031,-0.0651755008412553,0.06290902894277328,0.12808452978402857,0.0441026520210405,0.05117173915057614,0.007069087129535641,0.0444768715810201,0.05155982449203588,0.00708295291101578,0.0042321610366535,0.025018081761255664,0.020785920724602162,0.0186562263940502,0.03303395413436542,0.014377727740315219,0.0163450666921403,0.0319849488295724,0.015639882137432105,0.0110073080498376,0.03484084511111216,0.023833537061274564,,0.008657522371205751,,0.0422912711904319,0.03548256806265844,-0.006808703127773458,,0.03166320754756241,,,0.05415368504234298,,0.0578979083400917,0.027766328819049606,-0.030131579521042097,,0.025758377676896357,,-0.0605255144439546,0.03779609804612193,0.09832161249007654,0.0063527198747293,0.04888046311177028,0.04252774323704098,0.0316835727976909,0.05037242982046455,0.018688857022773647,0.0210318023804252,0.01391623461526344,-0.00711556776516176,,0.050032996472851664,,0.0581277413757892,0.052825107449586156,-0.005302633926203046,,-0.0016045781099308664,,0.0463393598439413,0.038371570973387406,-0.007967788870553896,0.0408259840460106,0.03710772443057597,-0.0037182596154346284,-0.0338747274192285,0.03094457305331397,0.06481930047254247,0.0083658513993659,0.0619679961051372,0.0536021447057713,,0.028553150668289964,,0.0749862399967157,0.01869146489520029,-0.05629477510151541,0.0191667562654406,0.03959000751269441,0.02042325124725381,0.0413608399284621,0.04037520116266034,-0.0009856387658017593,0.0388334616274403,0.04024626677138515,0.0014128051439448522,0.0227252642220114,0.03290516411353878,0.010179899891527382,0.0354855743225917,0.05074286110667062,0.015257286784078915,0.0284670942994507,0.05010377590016611,0.021636681600715413,-0.0149615749832401,0.03137977306530552,0.046341348048545616,0.0425960587945704,0.04029935373160564,-0.0022967050629647615,,0.035745446563017834,,,0.036353649450386855,,0.0494128578068579,0.0312475042365753,-0.018165353570282598,0.052187024966678,0.029899035723471766,-0.022287989243206234,-0.0227656007389558,0.04428381574837334,0.06704941648732914,-0.0511369883535479,0.06529405508815588,0.11643104344170377,,0.008500769013797075,,0.0804476257336173,0.03769017622245955,-0.04275744951115775,0.0819884120506054,0.04308500743560847,-0.03890340461499694,0.0832066191862749,0.05303037413334462,-0.030176245052930276,0.1034137089635646,0.042782210579579066,-0.06063149838398553,0.0203063809013545,0.028271931201120173,0.007965550299765672,0.0203831175609425,0.027273997332781026,0.006890879771838526,-0.0548755318875953,0.014114618626638677,0.06899015051423397,0.096028619973465,0.019868198689748442,-0.07616042128371656,,0.03200373186602962,,0.0985265072835096,0.05644431887206588,-0.042082188411443726,0.0479188961386737,0.029224945627089376,-0.018693950511584324,0.0448900568251448,0.02037623635689609,-0.024513820468248706,0.0090034679161301,0.030491473469785105,0.021488005553655005,-0.0002954440973743,0.029106679378579504,0.029402123475953803,-0.0042678275489488,0.026217596323345048,0.030485423872293846,,0.05203476986263613,,0.0545306310214182,0.05197687499483655,-0.002553756026581644,0.0314215594421261,0.03948219781774872,0.008060638375622618,0.0263730501780656,0.03988790815126122,0.01351485797319562,0.0486551669344074,0.03781061718585112,-0.010844549748556281,0.0245420018838166,0.03932735078818984,0.014785348904373236,,0.03839502033394224,,-0.0245820672242789,0.03414998011924197,0.05873204734352087,0.0327037803581814,0.01814457890511007,-0.014559201453071331,0.0429286639365913,0.01710294324319955,-0.025825720693391754,0.0148415274221388,0.023000842266913464,0.008159314844774664,0.0304338355706218,0.034658753617637386,0.004224918047015587,0.0207176851972256,0.032983122025852955,0.012265436828627355,0.0322639118626339,0.018511907583748398,-0.013752004278885503
2011-03-01,,0.009879668037477578,,-0.0148892449435918,-0.005793160420914732,0.009096084522677067,,0.00622887017318175,,-0.054376230664289,0.02526822803219268,0.07964445869648168,0.0071465549989921,0.031714648059807456,0.024568093060815355,-0.0041776228541298,-0.023373511711102336,-0.019195888856972536,-0.0044411639483182,-0.025119820400650337,-0.020678656452332137,-0.0107934941764863,-0.005079455076327423,0.0057140391001588775,-0.0095028388382296,0.006395912102410804,0.015898750940640402,-0.0139390305633272,0.005891712932268943,0.019830743495596145,-0.0269608022275402,-0.0003296361190629952,0.026631166108477204,,0.00979857454955529,,0.0037762476708239,0.007002578113783872,0.003226330442959972,,0.009842836394527953,,,-0.00715673044781116,,0.0194278871516312,0.004376558544844954,-0.015051328606786245,,-0.004847167923698971,,-0.0420794350204827,0.007176581688475262,0.04925601670895796,-0.0045591801067174,0.027236456542384286,0.031795636649101684,0.0364862308238947,0.020072857558785556,-0.01641337326510914,0.0043499983189614,0.009650742234281045,0.005300743915319645,,0.03504666702678027,,0.0469549370602161,0.026507290904134784,-0.020447646156081314,,-0.0074592205099509555,,-0.0317403552378337,0.021235341014186282,0.052975696252019984,-0.0312555154075535,0.021531242020215793,0.052786757427769296,-0.0235157308534296,-0.010914334500187159,0.012601396353242441,-0.0172285174236072,0.0010257383679804983,0.0182542557915877,,0.006892748659521798,,0.0082682082857917,0.003569021323261064,-0.004699186962530636,0.0344760021220165,0.010907500083835526,-0.023568502038180974,-0.016547054197383,-0.008917833751017446,0.007629220446365555,-0.0270145881263862,-0.00790722619342087,0.01910736193296533,-0.00736954187974,0.003770557149238341,0.011140099028978341,0.0410030313156341,0.014685764560100517,-0.02631726675553358,0.0389147967602364,0.013574351036334587,-0.025340445723901817,0.0003230422627277,0.003238602091983629,0.0029155598292559294,0.0111013032284056,0.018006836512835037,0.006905533284429437,,0.014430502679284784,,,-0.03255435891955485,,0.0061709849931106,0.004859680676915342,-0.0013113043161952576,0.0048709683241776,0.0052404733411306895,0.0003695050169530891,0.0365555120308141,0.02434286066313955,-0.012212651367674549,-0.0757025625143205,0.006034561260456654,0.08173712377477715,,0.03894312383059996,,0.0346590047238872,0.013900304104487926,-0.020758700619399273,0.0082708739365458,0.00028085678767005246,-0.007990017148875749,0.003958242789061,-0.008870459659257802,-0.012828702448318803,-0.0423630790190974,-0.007889571735978831,0.03447350728311857,0.0306426310084194,0.002815667710847996,-0.027826963297571405,0.0311440385959093,0.002580754915234884,-0.028563283680674414,-0.0509835922326373,-0.0294615777114132,0.0215220145212241,0.0011622435318611,0.01366144491473272,0.01249920138287162,,-0.005380433602240968,,0.0566922245999037,0.014864642298819446,-0.04182758230108426,0.0128298793227393,0.017410593332398094,0.004580714009658794,0.036178370385368,0.01639224685938995,-0.019786123525978052,0.0045262992397395,0.017061532364366125,0.012535233124626625,-0.0014004029807302,0.016017539532779058,0.017417942513509258,0.0322385364708827,0.009232599289184034,-0.023005937181698667,,0.02337601589601548,,-0.0373629992628569,0.012539144938115325,0.04990214420097222,-0.02019701764875,-0.002175125711978015,0.018021891936771985,-0.0278471810762682,-0.004027880429327982,0.023819300646940218,-0.0141718132894242,-0.004391502001696477,0.009780311287727723,0.0183709102434511,0.00700299000713092,-0.01136792023632018,,0.003518979887121236,,0.0426821370262535,-0.006296389596265304,-0.04897852662251881,0.0092693524984421,0.005066183177106502,-0.0042031693213355975,0.003961663215467,0.004468712552450124,0.0005070493369831244,0.0089136586072591,0.01702951212354685,0.00811585351628775,0.0142641947419026,0.016246681534222356,0.001982486792319757,0.0129243464905032,0.014897743263372239,0.0019733967728690384,-0.0217215347996129,0.0009256791632102967,0.0226472139628232
2011-04-01,,0.015925948079735658,,0.0279691683826796,0.01757378245659166,-0.010395385926087939,,0.025139300221905993,,0.0881102044482108,0.036703196404367075,-0.051407008043843724,0.044759967357641,0.05538794661890987,0.01062797926126887,0.0015756410535841,0.006904884333360886,0.005329243279776786,0.0011853087303171,0.007532362922151653,0.006347054191834553,-0.0179985601532464,-0.00802303676078,0.009975523392466398,0.0143843805841027,0.04299656675305752,0.02861218616895482,0.012778525655069,0.04421218718309429,0.03143366152802529,-0.0146508283884701,0.0011242374431543946,0.015775065831624493,,0.013731982802617775,,0.0324474835600829,0.025323315786171623,-0.0071241677739112795,,0.020544073795623227,,-0.0896131219049967,-0.0010578498398695632,0.08855527206512714,0.031980795879094,0.020698668002086217,-0.011282127877007782,,-0.009065895498705043,,0.0147930108940649,0.03285105589133625,0.01805804499727135,0.0080948122012159,0.03583111790642006,0.02773630570520416,-0.0104270126523827,0.03049160699093127,0.04091861964331397,0.0485516669417315,0.022470047768206262,-0.026081619173525236,,0.02505682942645032,,-0.0435575086114738,0.03916257170629972,0.08272008031777352,,-0.026564556416350527,,0.0343718923347989,0.054773543853158205,0.020401651518359307,0.0351626027318279,0.05616800567613527,0.021005402944307375,-0.0461468650531038,-0.0003548620178752968,0.045792003035228505,0.0761501463955206,0.038883650956199146,-0.03726649543932146,,0.04550607664589367,,0.0465767054534923,0.015399218856357923,-0.03117748659713438,0.0335154115738637,0.017568830250198685,-0.015946581323665016,0.0232034122202272,0.014243773321728994,-0.008959638898498207,0.0241575238180593,0.014862176107683062,-0.00929534771037624,0.0095534311268259,0.00442212188485003,-0.00513130924197587,0.017878439481501,0.03403812954340795,0.01615969006190695,0.0208867495411072,0.035724671439227196,0.014837921898119995,-0.0582112063926193,-0.00595389630437779,0.05225731008824151,0.043840171224403,0.03542549443497849,-0.008414676789424508,,0.03504288494527922,,,0.012125265550266622,,0.0529987849781385,0.026581040825899505,-0.026417744152238996,0.0519589698449757,0.027840516960606316,-0.024118452884369385,-0.0611984448834174,0.010568187625309228,0.07176663250872663,-0.0020220951690501,0.03253290846238807,0.03455500363143817,,0.004720378127369337,,0.0181070985098023,0.025695418807793777,0.007588320297991478,0.0103526413993725,0.008974676013279054,-0.0013779653860934455,0.0159427884940681,0.001911615469911897,-0.014031173024156202,-0.0309906101290261,-0.013398874311546502,0.0175917358174796,0.0737616097011456,0.021325245367904682,-0.05243636433324092,0.0746899353376528,0.021982761147891557,-0.05270717418976124,-0.0202827396032185,-0.027730431105519208,-0.007447691502300707,0.0113283554468466,0.0248563793822807,0.013528023935434102,,0.009951172799847191,,0.0176466116691603,0.0265270251589392,0.008880413489778902,0.0407315732486669,0.022669063906608868,-0.018062509342058032,0.0149133254380489,0.029867237965337065,0.014953912527288164,0.0541531385289248,0.04055948747797264,-0.013593651050952164,0.055477770101792,0.041693415330658436,-0.013784354771133565,-0.0340336152240524,-0.004753262309952096,0.0292803529141003,,0.02154342501978254,,0.013956190167623,0.029664874254761088,0.01570868408713809,0.0166815274825052,0.021657783314536105,0.004976255832030905,0.0111449819910017,0.02290534927535943,0.01176036728435773,0.0068658310245148,0.0009617660928197466,-0.005904064931695053,0.0255134716086,0.027086057088157294,0.0015725854795572945,0.0288350535873471,0.02815742761142758,-0.00067762597591952,-0.0228796937001067,-0.006827217739365973,0.016052475960740727,0.0409444474696115,0.018978699400224463,-0.021965748069387035,0.0455551988216175,0.01993965832230981,-0.02561554049930769,0.0154978000931782,0.011633935858021196,-0.003863864235157005,0.040623368443577,0.02418049091522309,-0.01644287752835391,0.0454308158896156,0.025514639600326648,-0.019916176289288955,-0.040330142362061,0.005992722550834233,0.04632286491289523
2011-05-01,,-0.01500344641168598,,-0.0276018104839354,-0.026683759352777402,0.0009180511311579972,,-0.0024789402549479254,,0.0105925433672242,-0.006336915408213002,-0.016929458775437202,-0.0409964466412063,-0.010905582729753973,0.03009086391145233,-0.0326353084586225,-0.03144368470572695,0.0011916237528955542,-0.0330213746936677,-0.031851928054904444,0.0011694466387632552,-0.0057676448233614,-0.02390502203129371,-0.01813737720793231,-0.0222455896327029,-0.0026452168325886228,0.019600372800114278,-0.0214718736630752,-0.00034920935802794286,0.021122664305047258,-0.0824281069033775,-0.049798574016647196,0.0326295328867303,,-0.011936583339144734,,-0.0150370435368856,-0.01704005527856079,-0.0020030117416751907,,-0.016906574158500602,,0.0085800974324465,-0.06356167842417897,-0.07214177585662547,0.0011011002774634,-0.016236841088915245,-0.017337941366378645,,-0.04517761494386792,,-0.03365091373698,-0.013473634267163784,0.02017727946981622,-0.015622230838436,-0.01356435854052957,0.002057872297906431,-0.0289200120977807,-0.01934974346836237,0.00957026862941833,0.0339029679905449,-0.005293946962169473,-0.03919691495271438,,-0.003643530994261672,,-0.0399266069699321,-0.01637901889652865,0.023547588073403455,,-0.06732705966937512,,-0.0096879786459122,0.004311826411198044,0.013999805057110244,-0.0070872532517705,0.006238710850008145,0.013325964101778645,-0.0773281684154222,-0.047991528378533176,0.029336640036889024,-0.0082482824569554,-0.024344438999934107,-0.016096156542978707,,-0.006682944687727003,,0.0085353241657621,-0.00926070768275531,-0.017796031848517413,0.0328022444757393,-0.02241747200781982,-0.055219716483559125,-0.0246859446498404,-0.024457206761896638,0.00022873788794376335,-0.0274478515698121,-0.023650996634542648,0.003796854935269451,0.1237937850577975,-0.025638641871985203,-0.1494324269297827,-0.0598673826194253,-0.019692271074765122,0.04017511154466018,-0.0614948548600653,-0.017914744126943515,0.043580110733121784,-0.015898525852631,-0.050069592615132365,-0.03417106676250137,-0.0227744388786175,-0.011151039905763176,0.011623398972854323,,-0.006322929198659009,,,-0.028956184871547996,,0.0084014097148804,-0.012887834916007316,-0.021289244630887716,0.0098858688485226,-0.011154191730016009,-0.02104006057853861,-0.003747814750474,-0.020008968836708108,-0.016261154086234107,-0.0421688194357905,-0.02982141727325323,0.012347402162537269,,-0.005355810024199754,,-0.0288836118951223,-0.014334849396251445,0.014548762498870854,-0.0474070924886513,-0.03115353389376274,0.016253558594888556,-0.0532220787840366,-0.03951629528505253,0.013705783498984069,-0.0865992476619295,-0.0522966463700884,0.0343026012918411,0.0275298841702074,-0.009402136223493868,-0.03693202039370127,0.0284864192034975,-0.008100738422305524,-0.03658715762580302,-0.0079578180948071,-0.0702864139694577,-0.0623285958746506,-0.0592072098292036,-0.0013548712408191239,0.057852338588384476,,-0.021002992902312143,,-0.003099833260718,-0.02370320472132625,-0.02060337146060825,-0.0141438682887665,-0.013886241121776461,0.0002576271669900397,0.0425735354866264,0.0018791676866652357,-0.04069436779996117,-0.0055304293397809,0.0005634624606991079,0.006093891800480008,-0.0086225464566388,0.0029746586364555396,0.011597205093094339,-0.0601401021126993,-0.05039820367736083,0.009741898435338472,,-0.017746209286845838,,-0.0528245567375826,-0.02682435266948758,0.02600020406809502,-0.0117601049155054,-0.01823068208253912,-0.00647057716703372,-0.0148439250117456,-0.016918311943384556,-0.002074386931638956,-0.0015641667601017,-0.039527928984502025,-0.03796376222440032,-0.0048909045569539,-0.01776750423238062,-0.01287659967542672,-0.0021104732601337,-0.01811947640528277,-0.01600900314514907,-0.0570997956910061,-0.05945182685690937,-0.0023520311659032678,0.020610477391794,-0.006315446761390296,-0.026925924153184295,0.0286780819114317,-0.004869287700076552,-0.033547369611508254,-0.0156739253462852,-0.01593233355427929,-0.00025840820799408887,0.0104563444468293,-0.012061455158116807,-0.022517799604946105,0.0203410125727519,-0.009494149738379561,-0.02983516231113146,0.0322958757175281,-0.030195360363691907,-0.06249123608122001
2011-06-01,,-0.01169651476423858,,-0.0200215307903663,-0.022408381344567425,-0.0023868505542011254,,-0.005421009915330139,,0.0576405594563005,-0.009639738471250717,-0.06728029792755122,0.0112829133921712,-0.01822887230497581,-0.02951178569714701,-0.0195286837022761,-0.022198838205305278,-0.0026701545030291783,-0.0197742902558652,-0.023213226024151008,-0.003438935768285807,-0.0257571363865184,-0.013740189377410759,0.012016947009107642,-0.0173994419721847,-0.013799249921151516,0.003600192051033183,-0.0168630491119733,-0.011586746358131034,0.0052763027538422665,-0.0491212540252772,-0.052670086091746025,-0.0035488320664688253,-0.0260160668545406,-0.011989758959950653,0.014026307894589946,-0.0146613128416309,-0.016016109626022332,-0.0013547967843914321,,-0.01451685770009291,,0.0015275658580551,-0.05867088136891318,-0.06019844722696828,-0.0084870658842675,-0.020264115162224604,-0.011777049277957105,,-0.04044523044316389,,-0.0341427794946981,-0.01808708321150149,0.01605569628319661,-0.0506885381401622,-0.010939071588936667,0.039749466551225535,-0.0214197845675764,-0.015144676475895045,0.006275108091681355,-0.0271950726761983,-0.00835696909802683,0.01883810357817147,,-0.0037357786298634517,,0.0128658413794374,-0.02022994159113764,-0.03309578297057504,,-0.07484956952548583,,-0.0401507638209418,-0.006516453281936022,0.03363431053900578,-0.0368358496018776,-0.0050873732738024105,0.03174847632807519,-0.0220158678361428,-0.05145475670033881,-0.029438888864196013,-0.0136986213991253,-0.029627383676561606,-0.015928762277436306,,-0.022762930322732796,,-0.0134813028348522,-0.011902590277622575,0.0015787125572296248,-0.0280580942945297,-0.026023789847126787,0.002034304447402914,-0.0074540402042116,-0.02108673698933458,-0.01363269678512298,0.0017051883748777,-0.02007651259759013,-0.02178170097246783,-0.0250816984000711,-0.020481517142153027,0.004600181257918074,-0.006310012329072,-0.020847183722262436,-0.014537171393190437,-0.0016990040248903,-0.019960889426170157,-0.01826188540127986,-0.0040286331570038,-0.04216294524779248,-0.03813431209078868,-0.0044768362300053,-0.01859154312133412,-0.014114706891328817,,-0.012861809616565686,,,-0.032399294752855336,,-0.016560397335643,-0.022039464506745786,-0.005479067171102785,-0.015768694802656,-0.020433447055428725,-0.004664752252772724,-0.0379732897950177,-0.015804286971661658,0.02216900282335604,-0.0403902316149161,-0.032150514374538926,0.008239717240377177,,0.0009123484601172085,,0.0302368872618874,-0.015884640309572477,-0.046121527571459875,-0.0195930648699432,-0.023572653150046884,-0.0039795882801036825,-0.0149381238116856,-0.027946392801866806,-0.013008268990181206,-0.0944260149928404,-0.03629625284909332,0.05812976214374708,-0.0199567900868652,-0.01615730804515087,0.0037994820417143298,-0.0183289824546085,-0.014930616017162387,0.003398366437446114,-0.0972140985632101,-0.07743303456283926,0.019781064000370843,-0.0534900054754886,-0.008216214121589387,0.04527379135389921,,-0.020214552538313394,,-0.0510526280935647,-0.015517101152059282,0.03553552694150542,0.0027218599253391,-0.011074585625452903,-0.013796445550792003,0.0296642149975283,0.0003047039103006278,-0.029359511087227674,-0.0111856103605604,-0.008226321838706111,0.002959288521854288,-0.0149311792615227,-0.0066059713812226355,0.008325207880300065,-0.0144805722814407,-0.04001567260214888,-0.02553510032070818,,-0.011863881482561536,,-0.0437602460945883,-0.02531566257321121,0.018444583521377088,-0.0265543783018202,-0.017954203228317492,0.008600175073502709,-0.0246398911136636,-0.017856890207639007,0.006783000906024593,-0.0016464483134371,-0.032554021808745885,-0.030907573495308784,-0.0025302314869193,-0.01927498652949475,-0.01674475504257545,-0.0015710591450363,-0.021558614704320897,-0.0199875555592846,0.0879607508586899,-0.05527998969844179,-0.1432407405571317,-0.0074596166546824,-0.009438630068036089,-0.001979013413353689,-0.0079441551278961,-0.008898911088996375,-0.0009547559611002756,-0.0061946553788249,-0.012792062327697357,-0.006597406948872457,-0.0070580323787423,-0.011666543561230265,-0.004608511182487965,-0.0043479540889482,-0.01032787263111038,-0.00597991854216218,0.0005271546434265,-0.02946440893754382,-0.029991563580970323
2011-07-01,,-0.023912105688127433,,-0.053960834577426,-0.03386288922246354,0.02009794535496246,,-0.007873221192615458,,0.0125126221664163,-0.0170654241253029,-0.0295780462917192,-0.1022489331015589,-0.03255781591752503,0.06969111718403387,-0.0394802681795444,-0.0344674080985121,0.0050128600810323,-0.0404213166153983,-0.03510076148991369,0.005320555125484613,0.0144192750336921,-0.025430958749095314,-0.03985023378278742,0.0243854819322887,-0.015818741721285737,-0.04020422365357444,0.0326263076105872,-0.012625245005909246,-0.045251552616496445,0.0275658147838443,-0.07087757284855897,-0.09844338763240328,,-0.016252072090123245,,-0.0061914469284932,-0.025113183690203364,-0.018921736761710165,,-0.02378538406851939,,0.0429779034006353,-0.08262066052131854,-0.12559856392195384,-0.0402673293073726,-0.02580629961486721,0.014461029692505387,,-0.05610990161350155,,-0.0372113828724019,-0.02519032557769775,0.012021057294704152,-0.0364604915140607,-0.025160662763672216,0.011299828750388485,-0.0756361602546923,-0.03019566653766281,0.04544049371702949,-0.0254180353456795,-0.010398045521014629,0.015019989824664872,,-0.015071680227525124,,-0.100338451259352,-0.03394896904121794,0.06638948221813405,,-0.09083707868227787,,0.0340401923519779,-0.009624630356845885,-0.04366482270882378,0.0463799272050883,-0.007367056251437051,-0.05374698345652535,-0.0442102660805231,-0.0657655546421157,-0.021555288561592598,0.0731191746189502,-0.04234187122316996,-0.11546104584212016,,-0.024665780842569207,,-0.0171803642546845,-0.014713229872201162,0.0024671343824833377,-0.043779064168232,-0.0366688513662763,0.007110212801955694,-0.0573765294672215,-0.03068525106552237,0.02669127840169913,-0.0591181590610245,-0.02961467184458022,0.02950348721644428,0.021074826051808,-0.03376896631402565,-0.05484379236583365,-0.0696508557270219,-0.03325459669846905,0.03639625902855285,-0.0684755894246329,-0.031212682966301235,0.03726290645833166,-0.0424072157092191,-0.06325634844084006,-0.020849132731620965,-0.0970146393465187,-0.026823653427069855,0.07019098591944885,,-0.01860581275643164,,,-0.03981954554369675,,-0.0322215118134005,-0.026471747066959556,0.005749764746440945,-0.031742079287004,-0.024030370840992188,0.007711708446011815,0.0738631019398186,-0.03050598138254439,-0.10436908332236298,-0.0150153921852317,-0.0463792380466657,-0.031363845861434,,-0.009250714108588597,,-0.0278871486517286,-0.02548928313872615,0.0023978655130024486,-0.0061301349210982,-0.03720385203610442,-0.03107371711500622,-0.0112103092707546,-0.044463585511315386,-0.033253276240560785,-0.0012183347694816,-0.058220255621168227,-0.05700192085168663,-0.0295648809111338,-0.019515313415419053,0.010049567495714746,-0.0290986221051731,-0.01759276530973662,0.011505856795436479,0.0188416942984659,-0.09407262826163384,-0.11291432256009974,0.0464551486499196,-0.00910402458974674,-0.05555917323966634,,-0.02750337941278074,,-0.0541644594976724,-0.033544797264479856,0.020619662233192546,-0.0509083844725745,-0.021139694348321195,0.029768690124253306,0.0115557465421781,-0.0029676167814555073,-0.014523363323633607,0.006480558759264,-0.011438704233383909,-0.017919262992647907,0.0096391335895247,-0.008565771678558314,-0.018204905268083015,-0.0099172282664903,-0.06169613740014074,-0.051778909133650436,,-0.027581313910709407,,-0.0768909129496159,-0.04002852943377996,0.03686238351583595,-0.010030151965861,-0.026521761279285995,-0.016491609313424995,-0.0132473117236987,-0.025371793287767754,-0.012124481564069055,-0.0220037743252508,-0.0486950130591338,-0.026691238733883,-0.049743684494568,-0.028290153178189115,0.021453531316378886,-0.0477118499499667,-0.029335485607362533,0.01837636434260417,-0.0656024018172611,-0.07495559727188048,-0.009353195454619379,-0.0097880841595492,-0.011785930258120126,-0.0019978460985709268,-0.0057161621646114,-0.010222822838369085,-0.004506660673757685,-0.0227653472415448,-0.023274491333222614,-0.0005091440916778142,-0.0436196050911669,-0.020977186667789235,0.022642418423377664,-0.0445034315460896,-0.018045725998442723,0.026457705547646877,0.005386556998588,-0.04022492484791343,-0.04561148184650143
2011-08-01,,-0.06280109573696487,,-0.0826881655854921,-0.08533577545764127,-0.0026476098721491814,,-0.02922343020570337,,-0.0562152792787107,-0.05225954279006248,0.0039557364886482205,-0.1305758607892105,-0.10737141618386253,0.023204444605347957,-0.0740416853857073,-0.09546088224210796,-0.02141919685640066,-0.0742625167115272,-0.09604929329556097,-0.021786776584033773,-0.0356393787860394,-0.06375445032573798,-0.028115071539698583,-0.0546421772337193,-0.05231611874467529,0.0023260584890440125,-0.0512012867161106,-0.047390087090856146,0.0038111996252544536,-0.1419330369170363,-0.13150988149005938,0.010423155426976916,,-0.02962279145979034,,-0.0642073565508689,-0.06896114083817304,-0.004753784287304136,,-0.060177200796979524,,,-0.16002417223783824,,-0.0308066287722502,-0.04636657755583841,-0.015559948783588209,,-0.0987501578969362,,-0.1264663710437875,-0.06721642587871914,0.05924994516506836,-0.1007403329047682,-0.08392988354210684,0.016810449362661364,-0.0848435949726174,-0.09112167676316114,-0.006278081790543746,0.011440039714305,-0.02220327407256081,-0.03364331378686581,,-0.030214645095067584,,-0.0885996427673124,-0.08908861870912572,-0.0004889759418133244,,-0.11821060036985512,,-0.0507265434244342,-0.04996433834014025,0.0007622050842939487,-0.0477069610826223,-0.046037811995894254,0.0016691490867280431,-0.1053095637948554,-0.11491264110306049,-0.009603077308205088,-0.0501437978324891,-0.11545661894443923,-0.06531282111195014,,-0.06443190679080057,,-0.0165145654093092,-0.023229948164376072,-0.0067153827550668725,-0.063290977374023,-0.06539836109867393,-0.002107383724650927,-0.0795542730410474,-0.07524042675773314,0.004313846283314257,-0.0867554020744357,-0.07383736948430554,0.012918032590130163,-0.0448989836377206,-0.0799602968729482,-0.0350613132352276,-0.0898486512174756,-0.08668404467853488,0.003164606538940712,-0.08220344459226,-0.08229081622365544,-8.737163139543869e-05,-0.1890717859166121,-0.1312279817783895,0.0578438041382226,-0.0777786157062012,-0.06483094279225475,0.012947672913946454,,-0.05144462674239904,,,-0.10882870375957132,,-0.0267331680382404,-0.04878678098471989,-0.022053612946479492,-0.0194466308248555,-0.04377242703982418,-0.024325796214968682,0.0033937503631629,-0.05522603589936667,-0.058619786262529575,-0.0775263380419744,-0.09983905457726353,-0.02231271653528913,,-0.015707426499647282,,-0.1165899931576134,-0.06459612098160258,0.051993872176010814,-0.0880436430678705,-0.07807793261408445,0.009965710453786053,-0.0855621561980288,-0.09352743877933145,-0.007965282581302649,-0.0978201390341615,-0.12339244209445657,-0.02557230306029508,-0.0176069356520318,-0.03514266373791442,-0.01753572808588262,-0.01473966729946,-0.031193011612906236,-0.016453344313446236,-0.1357491015474456,-0.14698415321931918,-0.01123505167187358,0.093803550454511,-0.007086281275078161,-0.10088983172958915,,-0.05277479454976969,,-0.1468914966122014,-0.11151714304172115,0.03537435357048026,-0.0072753617099001,-0.060983674380324954,-0.053708312670424856,0.015748339842213,-0.028041959554455466,-0.04379029939666847,-0.0229130601223041,-0.04135316904188638,-0.01844010891958228,-0.0197393620200003,-0.036062844400102205,-0.016323482380101905,-0.0982107063115324,-0.12909340196349464,-0.030882695651962236,,-0.0745673054173025,,-0.0839427402280777,-0.09891470386438234,-0.014971963636304639,-0.0700089308537888,-0.07191957634052527,-0.001910645486736473,-0.0764589968183058,-0.06847828768068694,0.007980709137618863,-0.1125156182228731,-0.10424342494098095,0.00827219328189216,-0.0502003186616547,-0.06990885764076236,-0.019708538979107668,-0.0436719543721517,-0.0690883472383977,-0.025416392866246,-0.1146398255726363,-0.13028967129542998,-0.01564984572279368,0.0168227419509045,-0.023982741906814615,-0.040805483857719115,0.0247248102394423,-0.01916753569481404,-0.04389234593425634,-0.0061266500007034,-0.05495396893413253,-0.04882731893342913,-0.0273040754274403,-0.05624556757126917,-0.028941492143828868,-0.0200461269453995,-0.04932965902953969,-0.02928353208414019,-0.0721338539358978,-0.081545281938964,-0.0094114280030662
2011-09-01,,-0.0671835106974546,,-0.0672084552830842,-0.09894072856813235,-0.03173227328504816,,-0.04272811822244859,,-0.0357876953906327,-0.08042644916505377,-0.04463875377442107,-0.1262569418996521,-0.1388396134503513,-0.012582671550699226,-0.1135880347125765,-0.09882590197700494,0.01476213273557156,-0.1145596933229815,-0.09917500404683029,0.01538468927615122,-0.0722595480101114,-0.06649793410687575,0.005761613903235652,-0.0486002084926281,-0.07182342514110551,-0.023223216648477416,-0.041810326030378,-0.0668244341146337,-0.025014108084255693,-0.1487154673435167,-0.14718920892971926,0.0015262584137974433,,-0.048611478440627534,,-0.1939790311791536,-0.08931232658472488,0.10466670459442873,,-0.07936135331153756,,,-0.1769367703690347,,-0.0432548203451868,-0.0605600222851845,-0.017305201939997697,,-0.11021817301177857,,-0.0782744580192426,-0.08692685294187862,-0.008652394922636017,-0.1404795844862373,-0.11163546061658502,0.028844123869652266,-0.1459032725224542,-0.11625644184968446,0.029646830672769728,-0.0349849830930678,-0.03992618769262422,-0.004941204599556416,,-0.03873579420196914,,-0.1516994219978283,-0.1145934852636828,0.03710593673414549,,-0.13214333694918073,,-0.0223657175938695,-0.07719820884398149,-0.054832491250111984,-0.0144401860687685,-0.07362526597413419,-0.05918507990536569,-0.1212859735942832,-0.12644650798817245,-0.005160534393889249,-0.227817210469911,-0.13446322125492377,0.09335398921498722,,-0.08802417168583866,,-0.0291646530366052,-0.033032556255197944,-0.0038679032185927435,-0.0854884503475819,-0.07675963653066135,0.008728813816920547,-0.0942959066156581,-0.08522860946755055,0.009067297148107556,-0.094726863544813,-0.08432894879256068,0.01039791475225231,-0.1367889451709082,-0.09017987460191722,0.04660907056899098,-0.1663607074935787,-0.10954673317052328,0.05681397432305542,-0.1656559327070221,-0.10486943746748166,0.06078649523954045,-0.1304735241342679,-0.15134755209265854,-0.020874027958390634,-0.1078498155840195,-0.08459883089884643,0.023250984685173073,,-0.06965007219962156,,,-0.11238156926659619,,-0.0458557015937048,-0.06097234439379851,-0.015116642800093713,-0.0419757889832497,-0.05659306931176284,-0.014617280328513144,-0.0420569142411435,-0.0648172851199815,-0.022760370878837997,-0.294816321772129,-0.11706121135178892,0.1777551104203401,,-0.03372016527643823,,-0.1360033012582274,-0.08203684956440643,0.05396645169382097,-0.1264127119583018,-0.09118259786267331,0.0352301140956285,-0.106287841716403,-0.10116005652359521,0.005127785192807793,-0.1534140503402493,-0.13481394595791002,0.018600104382339278,-0.0292915155332613,-0.042663522998578014,-0.013372007465316714,-0.0276857499032799,-0.03879622404283114,-0.011110474139551237,-0.089526200721623,-0.14944994671964665,-0.05992374599802365,-0.1024726554130154,-0.01889368379377902,0.08357897161923637,,-0.05907855945604562,,-0.1283882664280685,-0.13497943389544653,-0.006591167467378034,-0.0773297968542747,-0.08387480507092782,-0.006545008216653117,-0.0486282837326158,-0.048001386862220496,0.0006268968703953062,-0.0213508520780736,-0.06192749822466478,-0.04057664614659118,-0.0111967390559028,-0.05591842398794624,-0.04472168493204344,-0.0961186709362895,-0.15651813801458875,-0.060399467078299254,,-0.09082667594197028,,-0.2081825181818688,-0.12330849300445346,0.08487402517741535,-0.1094654376807645,-0.08476503507381129,0.024700402606953206,-0.1067282072574847,-0.07996376081851939,0.02676444643896532,-0.0829227571049939,-0.11730832331902627,-0.03438556621403237,-0.0994363080724617,-0.08838903729874092,0.01104727077372078,-0.0973481672449825,-0.08692827810925498,0.010419889135727528,-0.1662400254653046,-0.14842728766315166,0.017812737802152923,-0.0166481316985985,-0.03571528400158391,-0.019067152302985408,-0.008988283437735,-0.03044503781786641,-0.02145675438013141,-0.0540585876279811,-0.07200199614805655,-0.01794340852007545,-0.0642311689260562,-0.07421431543024742,-0.009983146504191229,-0.0514402363573705,-0.0663478752456752,-0.014907638888304701,-0.2154270632659391,-0.09967457672174017,0.11575248654419894
2011-10-01,,0.10826263990808058,,0.1043138291065496,0.13035862814456922,0.026044799038019623,,0.0741059544412989,,0.1549341335559685,0.11580876954045154,-0.03912536401551696,0.2033171394229344,0.20984870425556212,0.006531564832627734,0.115755318766557,0.12982948217622742,0.014074163409670423,0.1143312508398979,0.13122502532272537,0.016893774482827473,-0.0084781211831289,0.06537621433369706,0.07385433551682596,0.1146597343260982,0.12363204558474307,0.008972311258644866,0.1097959389355947,0.12027986560451354,0.010483926668918842,0.0871175243568564,0.1408810856846969,0.053763561327840506,,0.05194131947042705,,0.1741126774910469,0.11995332438461916,-0.054159353106427735,,0.10319276068654319,,,0.17740083646144544,,0.0757077128650002,0.08515594440990924,0.009448231544909036,,0.0940112757751734,,0.1971323502838214,0.127843582631374,-0.0692887676524474,0.2013465762347687,0.15663441641698922,-0.044712159817779484,0.2203060411951075,0.15704417137875867,-0.06326186981634882,0.055070627460329,0.058979386569735136,0.003908759109406135,,0.08799115604369212,,0.2112751768669682,0.16495448241910063,-0.04632069444786757,,0.06697330507414659,,0.091960556385879,0.1413672417934853,0.049406685407606316,0.0868429466109206,0.13889650018976046,0.05205355357883987,-0.0247569325885333,0.12087308381464343,0.14563001640317674,0.1491935641590628,0.1939357886020465,0.0447422244429837,,0.13432231606649722,,0.0583582330887548,0.05184767213241879,-0.006510560956336009,0.1058691673399453,0.10408806095771374,-0.0017811063822315565,0.132532186840136,0.11310058592607437,-0.01943160091406164,0.136061661812023,0.11271482715936393,-0.023346834652659076,0.1224708463319817,0.10023954391913205,-0.02223130241284965,0.22913115036808,0.15556076893300153,-0.07357038143507846,0.2313679428704046,0.15318527483448843,-0.07818266803591617,0.0248988024469896,0.13385673453479405,0.10895793208780445,0.1191872408245751,0.12888511248372456,0.009697871659149454,,0.11409055684978389,,,0.13791157863492923,,0.0500541312041345,0.09545565712212785,0.045401525917993346,0.0505785354654908,0.09185275712268695,0.04127422165719615,-0.0772050138126237,0.0896724597331246,0.16687747354574828,0.3065348728845748,0.17175926381393314,-0.13477560907064168,,0.027780996615824054,,0.1469927959169416,0.11595802491746245,-0.03103477099947914,0.1605398008123978,0.11066680968963584,-0.04987299112276196,0.1473199917290011,0.121543081332151,-0.025776910396850095,0.1419588963913751,0.12467776792666832,-0.01728112846470678,0.0505227622521551,0.07455290661312096,0.024030144360965858,0.0489322539650007,0.07127600165869995,0.022343747693699248,0.0142771108266913,0.10118907407179538,0.08691196324510408,0.0607221612302683,0.048734392239592764,-0.011987768990675537,,0.07986742492996098,,0.1794008943123449,0.1757223224843484,-0.0036785718279964963,0.1155310801041063,0.10620439770327361,-0.00932668240083269,0.0847291550376027,0.0796215055055785,-0.005107649532024194,0.0826594263556603,0.10927331413890942,0.02661388778324912,0.0678234808228338,0.10496268971274131,0.0371392088899075,0.1371562769851916,0.13220706497242696,-0.004949212012764631,,0.12931827934381293,,0.2092116145945509,0.16248328469895448,-0.046728329895596415,0.1298579752622081,0.11909031850373387,-0.010767656758474228,0.1375129579810436,0.11730157583475681,-0.020211382146286788,0.065944912961944,0.12120356421613529,0.055258651254191285,0.1630221159370723,0.12391438575971322,-0.03910773017735908,0.1610993705702813,0.12337732204217253,-0.03772204852810876,0.0328667088762018,0.13062988284490823,0.09776317396870643,0.0511902388922528,0.05754292603037637,0.006352687138123571,0.0509808361655436,0.05345369828836778,0.0024728621228241807,0.0737397532211345,0.08123126652775278,0.007491513306618278,0.1272173499316538,0.1052574234757455,-0.021959926455908288,0.1206263626005321,0.09932313679418414,-0.021303225806347956,0.1263709456285583,0.09503491249239854,-0.03133603313615976
2011-11-01,,-0.001588418775950365,,-0.0148559407683812,-0.008868298508576428,0.005987642259804773,-0.0068130448052848,0.005931001911408824,0.012744046716693623,-0.0317081467814098,0.009661831782956763,0.04136997856436656,-0.0680404326937105,-0.012216988165279103,0.0558234445284314,-0.0502042933704243,-0.021977743749033538,0.028226549621390762,-0.0528073517844559,-0.0224000902603948,0.030407261524061098,-0.0099207426918513,-0.017485136110142324,-0.007564393418291024,-0.0114645926277619,-0.004343048990520961,0.00712154363724094,-0.0096750098471119,-0.002474745332101124,0.007200264515010776,-0.067298749507869,-0.042498774427202284,0.024799975080666718,0.0253499454079632,0.010276439007461512,-0.015073506400501688,-0.0101954334235158,-0.001725469121357846,0.008469964302157955,,0.0034035439399390703,,0.0305776722849889,-0.0396733049969504,-0.0702509772819393,0.0004370423925115,0.006582040090905599,0.006144997698394099,,-0.02366712486936242,,0.0111629469063501,-0.0034012603344947567,-0.014564207240844857,0.041456513095447,0.0008000143850634101,-0.040656498710383585,0.0117780344124531,-0.0028931452270778107,-0.01467117963953091,0.016875887631794,0.013897445102406536,-0.0029784425293874657,,0.027225282852411818,,0.0509528707216613,-0.00236059053228909,-0.05331346125395039,,-0.04560109842723674,,-0.0222644022855891,0.005857363123724174,0.028121765409313274,-0.0198018237812867,0.007315022647127474,0.027116846428414176,-0.0202717720783806,-0.035731749581775885,-0.015459977503395284,-0.0307195798888398,-0.024351897325788095,0.0063676825630517055,,-0.01338790284026853,,0.0223657931000734,0.011511367471561812,-0.010854425628511587,0.0472863832412215,0.00020209490361038345,-0.04708428833761112,-0.0402258431403358,-0.009314594312475765,0.03091124882786004,-0.0386610305397146,-0.008045780791126923,0.030615249748587675,-0.0357092577138344,-0.017949092694939838,0.017760165018894564,0.0073406058696711,-0.0016550028467557348,-0.008995608716426835,0.0006588896991926,6.683347503827768e-05,-0.0005920562241543224,-0.0590826324446797,-0.037272518484003,0.021810113960676697,0.0150413800494008,-0.0006754096062809585,-0.015716789655681757,,0.0028550169947552943,,,-0.05492129946383837,,-0.0043931024629737,0.00025512594588272385,0.0046482284088564235,-0.005173120374426,0.0034080940792016526,0.008581214453627653,-0.0586517074592156,0.013439011703987086,0.07209071916320269,-0.0637016097724887,-0.00016036336102157045,0.06354124641146713,,0.02094266612377202,,-0.0233503089390225,-0.0012043875000179072,0.022145921439004592,0.0097418052226351,0.002073113858440518,-0.0076686913641945825,0.0205488893868224,-0.0034555400380335815,-0.024004429424855984,-0.0441366675552054,-0.025891746235903356,0.018244921319302044,0.0264019551007847,0.0036935463698783686,-0.02270840873090633,0.0290726130135937,0.005780534429006083,-0.023292078584587615,-0.1750015221274201,-0.07458942991802676,0.10041209220939333,0.0236292457524721,0.023972359631192888,0.00034311387872078963,,-0.0005566720176048822,,-0.0060582362939603,-0.01649718426688418,-0.010438947972923879,-0.0065591164452486,0.0023011386802514887,0.008860255125500089,0.0232613909304009,0.009370788996876265,-0.013890601933524633,0.0054279175700428,0.004505298557904188,-0.0009226190121386126,0.0111404244797048,0.005419914744258032,-0.005720509735446768,-0.0700288480093181,-0.029748692876484406,0.0402801551328337,,0.005082785863660807,,-0.0119894883322085,-0.004240667804910564,0.007748820527297936,-0.0390865108374177,-0.009718908377701065,0.02936760245971664,-0.0451872763039313,-0.008994716288467423,0.03619256001546388,-0.018975407722023,-0.022505324810472016,-0.003529917088449016,0.0015203846302364,-0.0013315669828413102,-0.0028519516130777103,0.0038633318474024,-0.0023350229521313564,-0.006198354799533757,-0.0712819156676152,-0.028123655969326172,0.04315825969828903,0.0070254186425071,0.009454739907868017,0.002429321265360917,0.0131441025217948,0.011460629697532611,-0.0016834728242621881,0.0236905268844209,-0.001222373197282621,-0.02491290008170352,0.0133460383841823,0.003981243728903556,-0.009364794655278744,0.0092251282533954,0.005839415653069184,-0.003385712600326215,-0.0635734751526544,-0.019602795806358195,0.0439706793462962
2011-12-01,,0.015563744047754815,,0.0696655111729254,0.014077846131407041,-0.05558766504151835,0.0197990052825939,0.012443027223673252,-0.007355978058920649,-0.0336622498777273,0.013787750755982047,0.04745000063370935,-0.0190327473836423,-0.006953382850937646,0.012079364532704655,0.0310619486152847,0.0084780924036802,-0.0225838562116045,0.0312926029917982,0.008523513778284197,-0.022769089213514004,-0.0215676226422476,-0.0023625401179795833,0.019205082524268016,-0.0108825857792305,-0.0009737383035126846,0.009908847475717814,-0.0109355111742548,0.0007260960774245874,0.011661607251679387,-0.0175306928735894,-0.032674385636784035,-0.015143692763194636,0.0346227287947786,0.016082482803705143,-0.01854024599107346,-0.0045581323074372,0.011923126090295841,0.01648125839773304,,0.016790822697436966,,0.0994028173743239,-0.01345681100000815,-0.11285962837433204,0.0492772325552171,0.018371973056994735,-0.030905259498222364,,-0.007307107982204561,,-0.0346761683168414,0.006981790245946225,0.041657958562787624,0.011758403592356,0.012087820767093502,0.0003294171747375025,0.0262400311883311,0.012437628938164627,-0.013802402250166474,0.0189622772697923,0.019511142069443217,0.000548864799650918,,0.03908106099830014,,-0.0107226075163168,0.0070981010378785465,0.017820708554195347,,-0.0437587781957777,,0.0164046495514397,0.007228377951165605,-0.009176271600274094,0.0223016800796523,0.007942762879108549,-0.01435891720054375,0.0536271244197557,-0.022051702455184053,-0.07567882687493975,-0.0571014064853305,-0.007896443960949556,0.049204962524380946,,-0.015391805166761394,,0.0190341940867164,0.02094574238558626,0.001911548298869862,0.0256123782243458,0.0128766593057989,-0.0127357189185469,0.0085965540987806,0.011959433931270658,0.0033628798324900587,0.0007864757277476,0.013108755791978774,0.012322280064231174,0.0283725383641631,-0.005308272629669045,-0.03368081099383215,-0.0312130448984009,0.01370482809635629,0.04491787299475719,-0.0283574555129178,0.015315086000074907,0.043672541512992706,-0.038605197978675,-0.023131565945399817,0.015473632033275186,-0.0477240124074052,0.005353787635083364,0.05307780004248857,,0.009040154732384032,,,-0.041737977046413015,,0.0213865479403992,0.007882512186201143,-0.013504035754198056,0.0230499089067839,0.010959602279263733,-0.012090306627520166,-0.0194127401076632,0.02930882248788763,0.04872156259555083,-0.0259172449133182,0.025068245757064865,0.05098549067038306,,0.02006269901993261,,0.0533143029284018,0.008713505895094061,-0.04460079703330774,-0.000545381420441,0.027698822716146702,0.0282442041365877,0.0071792656921243,0.030670468981250455,0.023491203289126156,0.0165023141220418,0.003211688721503192,-0.01329062540053861,0.052635125574838,0.012199292149183544,-0.04043583342565446,0.0540502887664493,0.014338379646685835,-0.03971190911976347,-0.1184622912917252,-0.06762636210021411,0.05083592919151109,-0.1512582493009315,0.029938720176236448,0.18119696947716796,,0.01708934449275433,,-0.0164363685157973,0.001504961507288365,0.017941330023085664,-0.0636047301071434,0.011403433484266671,0.07500816359141008,0.047148933777729,0.0122944985984801,-0.034854435179248903,0.0020407101764279,0.006000287282529954,0.003959577106102055,0.0038192967808021,0.006179343178042418,0.002360046397240318,-0.0039767654052251,-0.015722424356706777,-0.011745658951481677,,0.021945373228304275,,-0.0251960166672949,0.014525781939330885,0.03972179860662579,0.01472778750382,0.00588077920178244,-0.008847008302037562,0.0149879682707042,0.0067171237862782614,-0.008270844484425938,0.0251709888708293,-0.002330860146169254,-0.027501849016998554,0.010307147331647,0.012564369830526296,0.002257222498879295,,0.011456016348958521,,-0.0173687196575412,-0.006438552915617285,0.010930166741923915,0.0379064951934859,0.016743820997893843,-0.021162674195592056,0.0426898326549334,0.018458141826501375,-0.024231690828432028,0.0068864723063217,0.005318100456837532,-0.0015683718494841677,0.0158403869023429,0.01395482833372557,-0.0018855585686173293,0.0142805789976887,0.015127982422891505,0.0008474034252028053,-0.0130221203260151,-0.011500989005763728,0.0015211313202513725
2012-01-01,,0.056309217714065704,,0.0488410917203347,0.05260971081782003,0.003768619097485333,0.0460006390510397,0.030833647217007015,-0.015166991834032688,0.110322355973981,0.04521669806110842,-0.0651056579128726,0.1595670605811963,0.10944448995331814,-0.05012257062787816,0.0714419014218087,0.057893477649918756,-0.013548423771889945,0.0730833768436624,0.05849135970626809,-0.014592017137394303,0.0499018261349888,0.02784446613035236,-0.022057360004636442,0.0335484662965968,0.061818123453625355,0.028269657157028553,0.0306361043247551,0.060048667365491304,0.029412563040736205,0.1138138168140472,0.06440920795317176,-0.04940460886087544,,0.006099498936780511,,0.1354511114656251,0.04714204242669499,-0.08830906903893013,,0.036527861092335655,,0.1760959394929982,0.07225591229327849,-0.10384002719971971,0.0166452440042108,0.029089654715335013,0.012444410711124215,,0.03035999042816757,,0.0880031302911152,0.056648916184608274,-0.03135421410650693,0.0888475391464019,0.06949534003421298,-0.01935219911218891,0.0775206286523966,0.0679265206419022,-0.009594108010494401,-0.0064321237295879,0.013995269235522061,0.02042739296510996,,0.04262333142211251,,0.091017858861127,0.07802355160313892,-0.012994307257988072,,0.013032688897199676,,0.1151272757869836,0.06922597397676213,-0.04590130181022148,0.1108599202402697,0.06797861824483324,-0.04288130199543645,-0.0010518003088913,0.050579796341351305,0.051631596650242605,0.1627156308686833,0.09891589722261195,-0.06379973364607135,,0.06802159105676786,,0.0025532587455035,0.013897138927993347,0.011343880182489847,0.0369711644513772,0.04495235631485188,0.00798119186347468,0.0556368509400328,0.0461465593531604,-0.009490291586872403,0.0592037018282683,0.04557656191830696,-0.013627139909961339,0.0898108673607604,0.04553142141279841,-0.04427944594796199,0.1270414714162361,0.06798166867820647,-0.05905980273802962,0.1308501590503188,0.06680119009862182,-0.06404896895169698,0.0835004076876368,0.0518656815190192,-0.031634726168617594,0.1435988134332662,0.06169531506361647,-0.08190349836964972,,0.05366245813024002,,,0.07922451391644895,,0.0393791871713263,0.043298276385247025,0.003919089213920722,0.0363752410515271,0.04016356174679014,0.0037883206952630394,0.1664895785458496,0.03567646123188132,-0.13081311731396827,0.196167388582052,0.07431539980836092,-0.12185198877369106,,-0.0005450031719401172,,0.0615828062603582,0.05169852245131057,-0.009884283809047628,0.0268507068122999,0.0351873654148403,0.0083366586025404,0.0193989956446922,0.04073979210958274,0.02134079646489054,0.0967358878670625,0.041989159853665206,-0.05474672801339729,0.0174240227966494,0.03396642925658446,0.01654240645993506,0.0146002247839903,0.03157809505543119,0.01697787027144089,0.1317867667248247,0.04816513775337761,-0.08362162897144709,0.0910565500254697,0.013169356419971735,-0.07788719360549796,,0.02936613452453508,,0.1595935748726097,0.08176919177602879,-0.0778243830965809,0.1129142124882057,0.03947080117155239,-0.0734434113166533,0.0254808125868956,0.03197391423958466,0.006493101652689057,0.038445789051042,0.052891989624977105,0.014446200573935107,0.0398538502721001,0.051649518313071435,0.011795668040971333,0.0865905869353478,0.04189689185843773,-0.04469369507691007,,0.05741927318551409,,0.0716035177974585,0.06675793723412145,-0.004845580563337046,0.0771099350609157,0.05365201990044053,-0.023457915160475164,0.0772692166916949,0.053868975947051305,-0.023400240744643593,0.0574853999927409,0.047060160286868255,-0.010425239705872648,0.0330884546611871,0.051377975629243275,0.018289520968056173,,0.05124305746000356,,0.1558075361156923,0.04044622280308291,-0.1153613133126094,-0.0262424553204522,0.01862468790010047,0.04486714322055267,-0.0316433164399959,0.016459927746799337,0.048103244186795235,-0.0022510196842254,0.030295635058790005,0.03254665474301541,0.0608252615016109,0.04388189435612231,-0.016943367145488587,0.0565454509790449,0.04154250952021995,-0.015002941458824949,0.1154318071903069,0.033723014701739176,-0.08170879248856773
2012-02-01,,0.03699686056898447,,0.0392417488822634,0.05017411937483691,0.010932370492573507,0.0252354525763887,0.035278559173745304,0.010043106597356605,0.0743426921891179,0.036473366207899954,-0.03786932598121795,0.0497253231721744,0.05992805739558192,0.01020273422340752,0.0664085762482029,0.05594022746418101,-0.010468348784021891,0.0684640376116042,0.05793047939421683,-0.01053355821738737,0.0703663961599946,0.01046092086135561,-0.05990547529863899,0.0603648799689914,0.05281176589579036,-0.007553114073201035,0.061234029816324,0.05459246997397745,-0.006641559842346545,0.0638426032534021,0.006815712308980526,-0.05702689094442158,,0.01566682515834442,,0.0116337495248795,0.04246526329007969,0.030831513765200193,,0.034754235737096656,,0.0874505815212054,0.02672570683425726,-0.060724874686948135,0.0484096894957232,0.034252298223821684,-0.014157391271901514,,0.004963153438937847,,0.0112740933423659,0.04771394128278458,0.036439847940418685,0.0612110972988965,0.044835014391613366,-0.01637608290728313,0.0527029471380698,0.0459806619322407,-0.006722285205829098,0.0650843154444424,0.027303740918233517,-0.037780574526208886,,0.030086224288799583,,0.046288211092906,0.04591279249317965,-0.00037541859972634734,,-0.04057937322267872,,0.1117076312837571,0.05893317617905661,-0.052774455104700496,0.1195006471554234,0.05970902514663057,-0.05979162200879283,0.0600760692394814,0.014198548879074525,-0.045877520360406876,0.0872022597880415,0.06605461096491923,-0.02114764882312227,,0.04739244122235507,,0.0097606451067405,0.026279170808529307,0.016518525701788807,0.0619643785715903,0.02886630008499396,-0.03309807848659634,0.0586012444319803,0.04566404974439262,-0.01293719468758768,0.0643813126299558,0.04590536923761856,-0.018475943392337248,-0.0342757183976919,0.017597327775387982,0.051873046173079876,0.0554772570258397,0.051812854571521925,-0.003664402454317775,0.0522750484630086,0.0543084491528365,0.002033400689827901,-0.019611299241064,0.0027716820061491542,0.022382981247213156,0.0198974496212293,0.04075190285926251,0.020854453238033206,,0.042776158930282124,,,0.04478960456507111,,0.0236136064375879,0.0368016460304074,0.0131880395928195,0.0208707464589729,0.03807011088566535,0.01719936442669245,-0.0484315259638935,0.01969956036823313,0.06813108633212664,-0.0299903227284821,0.06480630097237677,0.09479662370085887,,-0.014564760109526804,,0.0037890385920831,0.03576670603678396,0.03197766744470086,0.0570920219143484,0.03896381840110588,-0.01812820351324252,0.0525770913850732,0.045136244324796904,-0.007440847060276298,0.0050699025006593,0.01842861477791432,0.01335871227725502,0.0033632047101856,0.0333751467133789,0.0300119420031933,0.0027883912303072,0.03438927240287365,0.03160088117256645,0.0774361827595077,-0.02265207743923131,-0.10008826019873901,-0.0128704041294221,0.029192751309332805,0.042063155438754905,,0.03373080458951453,,0.0465123493797277,0.04796567758898642,0.0014533282092587183,0.0405330731577248,0.029148133443729633,-0.011384939713995169,0.0250270605695044,0.0325310532636102,0.007503992694105802,0.0266436688557653,0.04305843843127446,0.016414769575509157,0.019021288646004,0.04427090452799702,0.02524961588199302,-0.0311389459199664,0.00042096410822026973,0.03155991002818667,,0.03624879737147627,,-0.0270851944620438,0.05067499036995441,0.0777601848319982,0.0331327746221027,0.04538865953709034,0.012255884914987643,0.0417281997501773,0.04800983530126335,0.0062816355510860455,0.0197593345404825,0.02399139655922492,0.0042320620187424225,0.01291650990063,0.044702589161760654,0.031786079261130654,,0.04705402299366324,,0.0980270590994578,0.012155529704136745,-0.08587152939532106,0.0193604622157584,0.02789812543873424,0.00853766322297584,0.0208750651505617,0.02894745535386156,0.008072390203299858,0.0218816320577953,0.012489193756996782,-0.00939243830079852,0.0251046468711389,0.03315581236941679,0.00805116549827789,0.0245803514744234,0.03469474915871511,0.010114397684291707,0.0655500912122249,0.012001090803718044,-0.05354900040850685
2012-03-01,,0.03586217799232203,,0.0237136116499193,0.04002343430653702,0.01630982265661772,-0.0005076287606378,0.02486405320066189,0.02537168196129969,0.0252499262000759,0.0253505486739315,0.00010062247385560219,0.0093508497165383,0.04158608199889539,0.032235232282357085,0.0728046990143574,0.045767172534157366,-0.02703752648020004,0.0742638328552099,0.04689583930585139,-0.027367993549358517,0.0512926800434947,0.012591739668560444,-0.03870094037493425,0.0323760538295393,0.032394256562998935,1.820273345963519e-05,0.0319403236850673,0.03342691939739957,0.0014865957123322698,0.0097046895575605,0.003330932041797432,-0.006373757515763068,,0.010890068710079453,,0.0121448241387021,0.031464441400484516,0.019319617261782416,,0.02761189204321057,,-0.0272731463382822,0.02365067457962278,0.05092382091790498,0.018780729276511,0.02643187634547911,0.0076511470689681095,,0.006612962014294465,,0.0293374413076968,0.033248937668035064,0.003911496360338263,0.0428098711294922,0.03543311605320064,-0.007376755076291562,0.0328727044784805,0.03707406151030093,0.004201357031820431,0.01607742118927,0.019001342230218328,0.0029239210409483275,,0.035450584777685284,,-0.0088262392763896,0.035435183275812514,0.04426142255220211,,-0.034445281900398084,,0.0748240024873944,0.03762475344327437,-0.03719924904412003,0.0795514751522369,0.03774258390559849,-0.04180889124663841,-0.0313227399019434,0.00888816683684253,0.040210906738785926,0.0343227657986772,0.0465087480912449,0.012185982292567704,,0.024175816039917825,,0.0269702824347617,0.021163949703007938,-0.005806332731753763,-0.0009757807008466,0.02596894474816931,0.026944725449015907,0.0429987793086109,0.036289090364551364,-0.006709688944059537,0.0481800229617666,0.03656848747482917,-0.011611535486937427,0.0752388679088791,0.016080474071608255,-0.05915839383727084,-0.0133318704287665,0.04011239822673489,0.05344426865550139,-0.0172449783215677,0.04152941174124754,0.058774390062815235,0.0321570431959783,0.0030018535975493343,-0.029155189598428964,0.035698685297347,0.029417354131857226,-0.006281331165489776,,0.03043667877526877,,,0.024380676828391814,,0.0474529767683823,0.026271032690192413,-0.02118194407818989,0.0493293911821929,0.027097966326089358,-0.022231424856103542,0.0147252371626544,0.026813117368725266,0.012087880206070866,-0.0852098709843587,0.05367981270747999,0.13888968369183868,,-0.0036071955247981265,,0.0009175316026915,0.02787333793996559,0.02695580633727409,-0.0374439050183433,0.03649797957432622,0.07394188459266951,-0.0346451389971308,0.044317630858521126,0.07896276985565193,-0.1883761834061911,0.02193947804869884,0.21031566145488995,0.0325961302414233,0.025541811060867267,-0.007054319180556032,0.0324153231503877,0.02622831690445587,-0.006187006245931829,-0.0183356288250381,-0.023526038446224033,-0.0051904096211859325,-0.1127929525132818,0.023916247945258914,0.1367092004585407,,0.028839691390490557,,0.0538756394222572,0.038423810444828045,-0.015451828977429152,0.0419612834034316,0.02245168379931112,-0.019509599604120482,0.0389913233563826,0.022063697271730458,-0.01692762608465214,0.0543520280114482,0.028013977310266835,-0.026338050701181365,0.0580056861076809,0.028352743554171514,-0.029652942553509386,-0.0373291245391493,0.0010944706506099955,0.038423595189759296,,0.035638807736633644,,0.03614203507533,0.040085303454564444,0.003943268379234442,0.0367084159506583,0.03391342935820815,-0.0027949865924501507,0.0404419060032472,0.03562892391642965,-0.0048129820868175535,0.0029771340295367,0.021122232365332314,0.018145098335795615,0.0315716799302321,0.033694741363721414,0.0021230614334893164,,0.0343192857068944,,0.0021085111688747,0.0116703474817734,0.0095618363128987,0.0070427691764613,0.020757690365582882,0.013714921189121581,0.0118168656695657,0.021328715135191748,0.009511849465626047,-0.0097159131744185,0.01155637424004872,0.02127228741446722,0.0232400637114358,0.02690552162887218,0.0036654579174363808,0.0260009845789845,0.0275071971334071,0.001506212554422598,0.0715355909286393,0.006274974845183768,-0.06526061608345553
2012-04-01,,-0.004864642652945136,,-0.0168282335735849,-0.016444784940962704,0.0003834486326221957,-0.0352246229533006,0.0003381274966919992,0.0355627504499926,0.0099864594644128,-0.002231607944024356,-0.012218067408437155,-0.083225404521865,-0.016739482010451195,0.0664859225114138,-0.0232108165879894,-0.023762866485562147,-0.0005520498975727477,-0.0236392076982186,-0.024031538773486915,-0.0003923310752683151,0.0219539381815733,-0.019313179132482153,-0.041267117314055454,-0.0113110649530633,-0.006832792064002878,0.004478272889060421,-0.0100189471416622,-0.004969539408371645,0.005049407733290555,-0.0069771459654739,-0.04516376584615219,-0.03818661988067829,,-0.0021871584263539914,,-0.0104099380733854,-0.010888219693082337,-0.00047828161969693667,,-0.007448181560393659,,-0.0921694371392618,-0.047965057604726455,0.04420437953453535,0.0244140412910273,-0.003240358454255336,-0.027654399745282637,,-0.03166349846976594,,-0.0189197695479217,-0.01000130905320177,0.008918460494719931,0.0218927549742198,-0.009741206452933804,-0.031633961427153606,-0.0055985759860273,-0.013283537762464886,-0.007684961776437586,-0.0208629540904587,0.0030472752080517155,0.023910229298510416,,0.016566259114767373,,-0.0156157535906012,-0.011085337715101918,0.004530415875499282,,-0.05298023517219102,,-0.0303916861799268,-0.00012015712947312717,0.030271529050453674,-0.0287800958553277,0.0012883232685734442,0.030068419123901145,-0.0720279180397115,-0.039287000699687706,0.03274091734002379,-0.0362463106207996,-0.02552267860314297,0.010723632017656633,,-0.014750363749430707,,0.0130487130530636,0.002806521237617472,-0.010242191815446128,-0.0060256921605424,-0.007751795633915538,-0.001726103473373138,-0.0062914030662064,-0.015129868200738451,-0.008838465134532052,0.003736517010286,-0.014237736398623952,-0.017974253408909954,0.0273224121833187,-0.021390873851140784,-0.048713286034459485,-0.0114417646676836,-0.011392322962410061,4.944170527353825e-05,-0.0167729369399249,-0.009618955749395607,0.007153981190529294,-0.0669525878125422,-0.04448844828369424,0.022464139528847953,-0.0234570901514005,-0.006974607473629471,0.01648248267777103,,-0.0031398863322175184,,,-0.0436884609800849,,0.0066757427428318,-0.00499339423070144,-0.01166913697353324,0.0033449481847469,-0.0026797414330008386,-0.006024689617747738,-0.00189770495732,0.0016112830137201758,0.003508987971040176,0.034529954284595,-0.011129659835262606,-0.04565961411985761,,0.006752107912075628,,-0.0343499479937035,-0.008366093063030664,0.025983854930672838,-0.0049025230841841,-0.010927453240846633,-0.006024930156662533,-0.005300671931411,-0.015470057201555212,-0.010169385270144212,-0.2194725364778607,-0.035756014378015906,0.1837165220998448,0.0147194851614585,-0.0007353173958092726,-0.015454802557267774,0.0164625246899959,0.0009313888127071126,-0.015531135877288788,-0.0338760972323513,-0.0687697521101877,-0.0348936548778364,-0.056763015284318,0.013242464224045288,0.07000547950836329,,-0.0073481213936775905,,0.0048172143225152,-0.023086648043585716,-0.027903862366100915,0.0001791722216822,-0.008410257896641462,-0.008589430118323662,0.0052949151747589,0.0018085966448054152,-0.0034863185299534847,0.0179801621769252,-0.0006871987191308007,-0.018667360896056,0.0283356917160325,0.0008473751304492713,-0.02748831658558323,-0.0569784103548272,-0.04236066263740737,0.014617747717419832,,-0.005009978926039276,,-0.0296558754977581,-0.015918665633707144,0.013737209864050956,-0.006726318791956,-0.013999475524237552,-0.007273156732281552,-0.0105485101082606,-0.012611069786305216,-0.0020625596780446155,0.0156318790841107,-0.029456444028792623,-0.045088323112903325,0.0131718276198521,-0.009843531438648138,-0.02301535905850024,,-0.010288994694049194,,-0.0169286555373364,-0.04043038002089749,-0.02350172448356109,0.0272285510050717,0.0018227106106135983,-0.0254058403944581,0.0314480904600361,0.0037265719052482146,-0.027721518554787883,-0.0018428973355494,-0.009798229978102518,-0.007955332642553117,-0.0113418758606183,-0.004811141725478501,0.006530734135139799,-0.0153601283441277,-0.002522211861014796,0.012837916483112903,-0.0356067336690072,-0.026405183543137836,0.009201550125869363
2012-05-01,,-0.04294300902481138,,-0.0513318619633665,-0.07896211097310556,-0.02763024900973906,-0.0462277732855444,-0.035427945758475146,0.010799827527069254,-0.0528488916492186,-0.04977964017154153,0.0030692514776770666,-0.0788314825518364,-0.10718058285873516,-0.02834910030689876,-0.1034868700544394,-0.09372213858790329,0.009764731466536114,-0.1062478434439151,-0.09561496104458835,0.010632882399326749,-0.0380864748740187,-0.047890434493899514,-0.009803959619880814,-0.0766699575975321,-0.07075136979523358,0.005918587802298522,-0.0752558785873414,-0.06849444541567629,0.00676143317166511,-0.1596519716096576,-0.10377412345334698,0.055877848156310625,,-0.02296852656148859,,-0.0731953766130088,-0.06651523578489421,0.006680140828114592,,-0.05133565179304885,,-0.148336981520381,-0.12264137925594142,0.02569560226443958,-0.0061891849310565,-0.038149082386400954,-0.03195989745534446,,-0.06838947172480078,,-0.1550800413129298,-0.07020049975433551,0.08487954155859428,-0.0527858420812347,-0.07334029438581693,-0.020554452304582235,-0.0442407976194806,-0.07876191001546351,-0.03452111239598291,-0.0475184440710848,-0.022579367489397144,0.024939076581687654,,0.00562446055246072,,-0.0688278228775623,-0.07575123073025274,-0.006923407852690439,,-0.07198989665241398,,-0.050850951927638,-0.06763935724363128,-0.01678840531599328,-0.0460386939618513,-0.06575168468462975,-0.019712990722778448,-0.1059868741285886,-0.09328204011591604,0.01270483401267257,-0.1383399843678779,-0.1194792645478029,0.018860719820074992,,-0.0852696197258008,,-0.0123480432617047,-0.017086668050213877,-0.004738624788509177,-0.0286227644667179,-0.04246859716182806,-0.013845832695110163,-0.0917386537907448,-0.07072095607876601,0.021017697711978797,-0.0974594380857809,-0.06939581769812603,0.028063620387654878,-0.095355233016683,-0.0629008826918088,0.032454350324874204,-0.1013300379297875,-0.07748926911106087,0.023840768818726626,-0.1060082687164356,-0.07572513944100277,0.03028312927543282,-0.1154779700485101,-0.10046726056257112,0.01501070948593898,-0.0716792840611389,-0.05944216454956113,0.012237119511577764,,-0.05241421055979293,,,-0.13186246389620726,,-0.0434915147287591,-0.045427969168447074,-0.0019364544396879776,-0.0396211076825866,-0.041795966173531214,-0.002174858490944613,-0.0752294834627872,-0.0140810334475539,0.061148450015233294,-0.1771312490660281,-0.08138099281697625,0.09575025624905184,,0.018556162658281906,,-0.0619146769338317,-0.05566366782415656,0.006251009109675139,-0.1029045855048159,-0.05468134900284834,0.04822323650196757,-0.095820079131932,-0.06482788972795585,0.030992189403976148,-0.1511624867569772,-0.08735399245936366,0.06380849429761352,-0.0283850301899128,-0.03125477707455929,-0.0028697468846464874,-0.0277234269376145,-0.02852948373852718,-0.0008060568009126828,-0.0467699531134952,-0.11793425294177753,-0.07116429982828233,-0.073541021723055,0.0004575509575122204,0.07399857268056723,,-0.0416147728823606,,-0.0719566320018395,-0.10150082191775647,-0.02954418991591698,-0.0589016064058814,-0.05239461383297873,0.006506992572902673,-0.0482967315836041,-0.03495286048011866,0.013343871103485436,-0.0148770190523596,-0.05042409214437032,-0.03554707309201072,-0.0005998785182201,-0.048194941639480696,-0.0475950631212606,-0.0751024743416363,-0.09649900990242091,-0.021396535560784607,,-0.04803139525824969,,-0.1358032206448199,-0.08506090959736841,0.050742311047451485,-0.0681695717159946,-0.07218338058459062,-0.004013808868596022,-0.0727104752524777,-0.07082071904917989,0.0018897562032978155,-0.0828153024003753,-0.08275814407181292,5.715832856237335e-05,-0.0442120179776291,-0.06510105782603437,-0.020889039848405268,,-0.06731436947120392,,-0.0503127139779294,-0.09307019639654876,-0.04275748241861936,-0.0163809373904786,-0.022943855484603926,-0.0065629180941253265,-0.0205547788790159,-0.019479562555191933,0.001075216323823968,-0.0139175151537324,-0.03810331606488878,-0.02418580091115638,-0.0535655994563077,-0.046024066751656934,0.007541532704650765,-0.0503640280047215,-0.042160425919144616,0.008203602085576883,-0.0905130509396484,-0.07052815943075343,0.019984891508894972
2012-06-01,,0.04580818607597466,,0.0738471685029219,0.046264969613464005,-0.0275821988894579,0.0198967234561456,0.027552647260755393,0.007655923804609794,-0.1152293222712793,0.036433286555715864,0.15166260882699517,-0.0245425676590214,0.06728862007780306,0.09183118773682447,0.0429386735430817,0.0487909631220634,0.0058522895789816995,0.0427559033733758,0.04947438992896105,0.006718486555585247,-0.0129672771514558,0.019724380959279048,0.03269165811073485,0.0338299357671569,0.04118348711516852,0.007353551348011619,0.0365416806942206,0.04085351680107444,0.004311836106853845,0.0005900134997531,0.029393298390373856,0.028803284890620756,,0.013672441841427444,,0.0485224953918591,0.03946155422244876,-0.009060941169410343,,0.03458612341722233,,-0.0322066880184301,0.04713675685862839,0.0793434448770585,0.064280881091914,0.030900046936908225,-0.03338083415500578,,0.02074003703086504,,0.0150240212857928,0.042748876716392305,0.027724855430599507,0.0952255222698366,0.0517715203114179,-0.043454001958418705,0.0475646279396237,0.05215503766298156,0.004590409723357856,0.0040690362303447,0.020270363569684296,0.016201327339339596,,0.04554600074720445,,-0.0428446466036093,0.05483234597482947,0.09767699257843877,,-0.008670876673018708,,0.0131205595480059,0.04855714179275597,0.03543658224475007,0.0120921586813885,0.04797481052594965,0.03588265184456115,0.0067958280205382,0.02714201908603252,0.02034619106549432,-0.0071722983376579,0.06419510168845738,0.07136740002611527,,0.0378991255938789,,0.0164473474802166,0.021552570904018083,0.0051052234238014825,0.0754404563054835,0.03767854913476822,-0.03776190717071528,0.0354954179550499,0.040849229179974106,0.005353811224924204,0.0396784393406262,0.04093826223179475,0.0012598228911685563,0.0663522285667362,0.029240653686143224,-0.037111574880592975,-0.005026356697266,0.05352330598224172,0.058549662679507716,-0.0065431973566634,0.05364273679447657,0.06018593415113997,0.0656170688844216,0.026127745902368906,-0.039489322982052696,-0.0039215230471884,0.043494832786309404,0.047416355833497806,,0.04025931155865824,,,0.03657710523841468,,0.0521361939373666,0.03413206189519415,-0.018004132042172445,0.0539886947972007,0.033614978020035706,-0.020373716777164992,-0.0963144612681062,0.03830351177679873,0.13461797304490492,0.0778462239360235,0.06547475825250301,-0.012371465683520488,,0.006730422156580269,,0.0504858418328296,0.039335997701958766,-0.011149844130870834,0.0593229193883885,0.04156901571191411,-0.017753903676474385,0.0604421462222425,0.04835852155713415,-0.012083624665108345,0.0176673726359977,0.03512785467161339,0.01746048203561569,0.0720201816590574,0.03002136458522926,-0.04199881707382813,0.0710376043149212,0.029562033915873264,-0.04147557039904794,-0.0757367893941107,0.004062313651622198,0.0797991030457329,0.008914183616629,0.02416584865456711,0.015251665037938109,,0.031520876193546016,,0.050559536748381,0.056257680514479366,0.005698143766098368,0.0135733154485298,0.0325621803891154,0.018988864940585604,-0.0316354250116174,0.026943460296058458,0.05857888530767586,0.0426466234731684,0.03741192344215053,-0.005234700031017871,0.0506369995606015,0.03662044272690355,-0.01401655683369795,0.0276565894673833,0.0232746357500389,-0.0043819537173444,,0.04916108512469966,,0.0366644431146729,0.054064729745556095,0.017400286630883194,0.0571307600139564,0.041314621986128015,-0.015816138027828386,0.0557363807658536,0.04199582047005615,-0.013740560295797448,0.0564090837059544,0.034212200080814395,-0.022196883625140003,0.0438950327557236,0.04253713953004802,-0.0013578932256755813,,0.042319774894359174,,0.0192114533043516,0.02957561358599477,0.010364160281643171,0.0329999687303617,0.022110967424305135,-0.010889001306056564,0.028190330726345,0.02157061537620153,-0.0066197153501434715,0.054841633145853,0.022902051069966577,-0.031939582075886416,0.0174759855267978,0.03657099349796165,0.019095007971163848,0.022005415458132,0.03561385574423947,0.013608440286107467,-0.0535652613629119,0.019317769806495366,0.07288303116940727
2012-07-01,,0.0012218186969912047,,-0.0109521647619726,0.005429834295580053,0.01638199905755265,0.0240803615076614,0.013952065164633744,-0.010128296343027657,0.0283474509461431,0.0032363475788872633,-0.02511110336725584,-0.0077461795822011,-0.0053433852578432,0.0024027943243578997,0.0032004483416701,0.008171079803105824,0.004970631461435724,0.003854525826303,0.009590633837908254,0.005736108011605254,0.0089689387743374,-0.01580692676650406,-0.024775865540841463,0.0087992711571893,0.015504516192908224,0.006705245035718923,0.0114787494416372,0.018968771853819507,0.007490022412182306,-0.0450618231420311,-0.04955512515549302,-0.004493302013461917,,0.00029740831882222674,,0.0101080583913269,0.004051234214125672,-0.006056824177201227,,0.002001369835711435,,-0.1254641354277552,-0.042847834886026406,0.08261630054172879,0.0424150814647782,0.007062623897475163,-0.03535245756730304,,-0.03418223290915748,,-0.0337794440581434,0.007252077342950692,0.04103152140109409,-0.0292093457656936,-0.003302555274770892,0.025906790490922708,-0.010894807387734,-0.0039855122926737,0.006909295095060301,0.0361752434310173,0.011352195568565409,-0.024823047862451892,,0.00629977444101144,,0.0515141244019745,-0.005935772845784559,-0.057449897247759056,,-0.07825845363435344,,0.0266134044635123,0.019330027517491414,-0.007283376946020888,0.0286379687616803,0.02142645023613698,-0.007211518525543317,-0.0059054529995015,-0.03518882122056595,-0.02928336822106445,-0.122945101114527,0.0007807765790732939,0.1237258776936003,,0.005243903127590961,,-0.0129032669495131,0.010837168961570812,0.023740435911083914,-0.0369659217655432,-0.006329009402776651,0.030636912362766548,-0.0353516910068397,0.0062657503423151385,0.041617441349154835,-0.0356592671756492,0.006970143886227511,0.04262941106187671,-0.0022441416686413,-0.01918464611443978,-0.01694050444579848,-0.0010687911445416,0.002168006789131592,0.003236797933673192,-0.0018079205450516,0.005909523154301444,0.007717443699353043,-0.0375777456901451,-0.05040554025956102,-0.012827794569415914,0.0110708354239447,0.0006493912223996422,-0.010421444201545057,,0.008439969375634584,,,-0.00901790405153262,,0.0042547428480682,0.0061138536339057185,0.001859110785837519,0.0067167197133407,0.009243686845144592,0.002526967131803892,0.0513472916712615,-0.00918388078042572,-0.060531172451687223,-0.0497607002157509,0.008031127967299701,0.057791828183050606,,-0.020211050917695487,,-0.0531768037375075,-0.0011651824827898414,0.05201162125471766,0.0309616327899696,0.0006560937643499406,-0.03030553902561966,0.0301025580759575,0.0008860130081052402,-0.02921654506785226,0.0338374794020583,-0.031567457522604814,-0.06540493692466312,0.0441150105327319,0.009797165013067448,-0.03431784551966446,0.04414649043721,0.012319883506027522,-0.03182660693118248,0.1042845722724052,-0.07566432995378827,-0.17994890222619347,-0.0614810365278613,0.01777343058641206,0.07925446711427336,,0.00583557895214425,,-0.0152889592674488,-0.010241153208907401,0.005047806058541399,0.0709237046057324,-0.0038128281588990657,-0.07473653276463146,-0.0482791194547181,0.0112609682091889,0.059540087663907,0.027138127213904,0.011864326779116571,-0.015273800434787429,0.0322742578142133,0.014901087976879857,-0.017373169837333446,-0.0384096293032326,-0.050803107689709644,-0.012393478386477044,,-0.004731380050581425,,-0.0531033602007871,-0.002585279198555447,0.05051808100223165,0.0088838691608105,0.005464379531623894,-0.003419489629186605,0.0085119522392368,0.008853729598217532,0.000341777358980732,-0.0187143894368385,-0.022081350332968912,-0.0033669608961304116,0.0018655763566457,0.0048027636018021696,0.0029371872451564697,,0.0070768286224258065,,-0.0419598958450686,-0.04086900812585503,0.0010908877192135694,0.0334107242981448,0.01117838630654898,-0.022232337991595824,0.037157899133128,0.013950117289829507,-0.023207781843298497,-0.0077961960257636,-0.014148575370743096,-0.006352379344979496,0.0208370855079477,0.0006022099158162366,-0.02023487559213146,0.0244108469693227,0.004582583496537573,-0.019828263472785126,0.019094261891186,-0.02362709476954457,-0.04272135666073057
2012-08-01,,0.03823164472806933,,0.0135938232404323,0.03511529777885086,0.021521474538418562,-0.0321662348125366,0.017256391736029005,0.04942262654856561,0.0903524373647894,0.013654761815722147,-0.07669767554906726,0.0365825211590462,0.04868978126492124,0.01210726010587504,0.0420987711335228,0.05033227692292116,0.008233505789398361,0.0427245140149827,0.05108436323528447,0.008359849220301772,0.0271806745882278,0.01978582589010447,-0.0073948486981233325,0.0402538472662231,0.02961202726390222,-0.010641820002320883,0.0405073474556341,0.029845973145148356,-0.010661374310485743,-0.0008821086353841,0.013710196930091172,0.014592305565475272,,-0.005916576322484294,,0.0198818660942278,0.024027665235172378,0.0041457991409445775,,0.0173036162166595,,0.0208875541515237,0.027647780659937924,0.006760226508414225,0.0012098680381388,0.011874704503284862,0.010664836465146061,,0.005114272594930923,,0.0947848653408179,0.027608368217392317,-0.06717649712342558,0.0902535691732281,0.03231782716217146,-0.05793574201105665,0.060006090077931,0.03402054981053126,-0.025985540267399743,0.0321824205153422,0.0021729521345404093,-0.030009468380801794,,0.023794152916288037,,0.0383411473083753,0.03286914427293199,-0.005472003035443304,,-0.03545835776652202,,0.0583487212915421,0.03148964799335451,-0.02685907329818759,0.0604819656034648,0.030916593804416206,-0.02956537179904859,0.0695103725560165,0.012448122003908034,-0.057062250552108465,0.10451924370621,0.054127246919744174,-0.05039199678646583,,0.02379421378983351,,0.037565993762978,0.006433217742275247,-0.031132776020702753,0.0244423950486883,0.01827664562657747,-0.006165749422110827,0.0633942591844439,0.032374505225208405,-0.031019753959235494,0.0742683255028564,0.032108391616019465,-0.04215993388683694,-0.0550873825817976,0.0220309784117714,0.077118360993569,0.0445837136373997,0.03370450479950647,-0.010879208837893228,0.0452152909408844,0.033936704952656334,-0.01127858598822807,0.0083386807571104,0.01109387896659228,0.00275519820948188,0.0374852710483904,0.025088898056765632,-0.012396372991624771,,0.0246257268601368,,,0.04901392927805524,,0.0166148847796768,0.01808452106672763,0.0014696362870508309,0.0117381375596821,0.016770714116522263,0.005032576556840163,-0.0268416418441033,0.016604121791228242,0.04344576363533154,0.008682974565347,0.04252972038450572,0.03384674581915872,,-0.015749868343741362,,0.0343170709746772,0.02373513895343866,-0.010581932021238537,0.0287124146341251,0.023409248778817008,-0.005303165855308094,0.0249658898152763,0.033769843463056295,0.008803953647779996,-0.0294345976150113,0.023348260618981202,0.0527828582339925,-0.005174794427052,0.017577287128613513,0.022752081555665514,-0.0048804218974213,0.01689086850674359,0.02177129040416489,-0.0965600262668615,-0.0024489883384056113,0.09411103792845589,0.1627096507134987,0.00344371647795714,-0.15926593423554156,,0.020052308226210337,,0.0588338677774213,0.04551489551444095,-0.013318972262980351,0.0217353408744315,0.014986516129790869,-0.006748824744640633,0.0213850594647671,0.014172429876887455,-0.007212629587879646,0.0375903422266165,0.022466224393518253,-0.01512411783309825,0.0347337666749435,0.022683620821960217,-0.012050145852983286,-0.027807845021131,0.0020666147183939845,0.029874459739524985,,0.03170074694647619,,-0.0063154765024329,0.03245134446761329,0.03876682097004619,0.0211620277054891,0.032867140253872815,0.011705112548383714,0.0204402426503296,0.03421972476864329,0.013779482118313688,-0.0002804019554508,0.02248692069278086,0.022767322648231662,-0.0001179560018294,0.026000251282673352,0.026118207284502752,,0.025880345905853006,,-0.0368900663767688,0.005515166036505152,0.04240523241327396,-0.0282227683679203,0.008469180466858621,0.03669194883477892,-0.0304552137104095,0.0076496453533712256,0.03810485906378073,0.0230168724391036,0.007641403651384623,-0.015375468787718978,-0.0019555910241012,0.020225717147196915,0.022181308171298115,-0.0095056497763315,0.019846078602227053,0.029351728378558553,-0.0412617619541405,0.005095224293043237,0.046356986247183735
2012-09-01,,0.04126593654455662,,0.0528219341533584,0.03840622361511356,-0.014415710538244843,-0.025427078223333,0.02013834897881142,0.04556542720214442,-0.002445901179806,0.021792191502336244,0.024238092682142245,0.0246998932631185,0.03773152326407446,0.01303163000095596,0.0420179841883916,0.04349936353716145,0.0014813793487698512,0.0424306639013443,0.04415973000907018,0.001729066107725885,0.0138983594362916,0.016819530339996107,0.002921170903704506,0.0441311686968845,0.02323728356768767,-0.02089388512919683,0.0449588822364809,0.023284394032697293,-0.02167448820378361,0.0374380018688656,0.011294209086982483,-0.02614379278188312,,0.00959017942752261,,0.029253681678486,0.028233417320966455,-0.0010202643575195451,,0.026695747140890222,,0.050953284998675,0.03304494524965456,-0.017908339749020438,0.0440569115011587,0.026197718664296477,-0.017859192836862225,,0.01469053736665214,,0.0001254610026549,0.028724843524081584,0.028599382521426683,0.0716752320294511,0.03447627554572983,-0.03719895648372127,0.0619237161724107,0.03673505013297955,-0.02518866603943115,0.0239901025147632,0.01546424834187576,-0.00852585417288744,,0.04602567587648901,,0.0153543724989443,0.0362563826213416,0.0209020101223973,,-0.019200407594466572,,-0.0120849630041997,0.027664931912941594,0.039749894917141294,-0.0114498560146518,0.027037554208126344,0.03848741022277814,-0.0186366748679602,0.014601531382301377,0.033238206250261575,0.0763280552922059,0.041896213210070476,-0.03443184208213543,,0.014339323472342272,,0.0116856465269081,0.02088043440809646,0.00919478788118836,0.0702707499352463,0.03173220821531221,-0.038538541719934094,0.0164256985791427,0.03470831657778372,0.018282617998641018,0.0137341083313285,0.03486392179848343,0.02112981346715493,0.1173593125322046,0.020088298099904565,-0.09727101443230003,0.014962758652801,0.039022663720675047,0.024059905067874046,0.0197613386242503,0.039513396682850414,0.019752058058600114,-0.0119084602086514,0.01051171620909462,0.02242017641774602,0.0111825341605499,0.028471649122932707,0.017289114962382807,,0.02725862219040708,,,0.015911635285356305,,0.0503894441224119,0.025400250217298602,-0.024989193905113297,0.0476443915617739,0.02554602357246817,-0.02209836798930573,0.0092115980899736,0.03873679124050816,0.029525193150534562,0.0518727017663277,0.05582326646876291,0.003950564702435204,,0.005739984207171071,,0.0518802761807273,0.0279730287259649,-0.023907247454762397,0.0340174891699287,0.04041717979066198,0.006399690620733277,0.0311145715919072,0.050204650626098524,0.019090079034191323,0.0741216421576074,0.030725678042830277,-0.04339596411477713,0.045368435951777,0.025333405346395377,-0.020035030605381626,0.0455026068578851,0.025496214460224636,-0.02000639239766046,0.045605129942537,-0.012344345205553893,-0.057949475148090894,0.1190941911151375,0.024063148631513598,-0.0950310424836239,,0.030358330715522346,,0.0379203107682973,0.03754479415164978,-0.0003755166166475171,0.0107537149238116,0.021376972128756076,0.010623257204944477,0.0393620536137265,0.01639110933785453,-0.02297094427587197,0.0208148430517911,0.022030562852402756,0.0012157198006116574,0.0198657598851697,0.02143805042441857,0.0015722905392488683,0.0556602421830224,0.007827246156987893,-0.04783299602603451,,0.041454631646300054,,0.0624577022765586,0.040042289035503345,-0.022415413241055254,0.0189168324350262,0.03091028623654311,0.01199345380151691,0.0202294122332449,0.03208511639649558,0.011855704163250682,0.0415583934502297,0.025477446056958668,-0.016080947393271032,-0.0148154953614965,0.031671681907224296,0.0464871772687208,,0.03134064417185697,,-0.0182445313055966,0.020737649992506175,0.038982181298102776,0.0159371530286779,0.018647897052966114,0.002710744024288215,0.0099188482011593,0.01878757212391455,0.008868723922755251,0.0360381452877361,0.014647474385786794,-0.021390670901949307,0.0018196525963401,0.027186903597481136,0.025367251001141036,-0.0002356683703335,0.026868591269703816,0.027104259640037317,0.0170350525059309,0.0072119215297591485,-0.00982313097617175
2012-10-01,,0.01180627973537744,,-0.039743978888916,-0.0032702991088230577,0.036473679780092944,,-0.009057212436343713,,-0.0147203202180173,-0.033385015938339244,-0.018664695720321943,0.0421679792224246,-0.053327937383999637,-0.09549591660642423,0.0188505438343694,0.013162851845225637,-0.005687691989143763,0.0202442755168732,0.013609867622608834,-0.006634407894264366,0.0370514559061081,-0.0007929793969826727,-0.03784443530309078,-0.0429826573218552,-0.030899481033789162,0.01208317628806604,-0.0447396189799764,-0.02908088408358584,0.01565873489639056,-0.0411952732277409,-0.05499202777458166,-0.013796754546840762,,-0.01807514342586521,,-0.0132476681742933,-0.018873858322709564,-0.005626190148416265,,-0.013706257695594425,,0.0375589112373417,-0.035887924804766505,-0.07344683604210821,-0.0116052103019107,-0.007174136238408463,0.0044310740635022374,,-0.024472041717426528,,-0.1083911957972866,-0.023310643202025694,0.0850805525952609,0.0507942199335035,-0.0299173121807943,-0.0807115321142978,0.0415913528022096,-0.024596209118909095,-0.0661875619211187,0.0163227839055252,-0.012427807406604255,-0.028750591312129453,,0.0206917686323117,,0.0193181902803196,-0.03318664034637086,-0.05250483062669046,,-0.07184877776399774,,-0.0805668935862931,-0.036236321123155224,0.044330572463137874,-0.082079007453369,-0.03630464984205299,0.04577435761131601,-0.0758784087396007,-0.03867577944951172,0.037202629290088975,0.0346548173626636,-0.03144187188870957,-0.06609668925137316,,-0.05264467999005887,,0.0041708413665211,0.0021120460933830945,-0.0020587952731380053,-0.0401191091667699,-0.0075303908601618,0.0325887183066081,0.0345916792194003,0.00022730903332880622,-0.03436437018607149,0.0389447108747746,0.000438067094302607,-0.03850664378047199,0.0459354073452302,-0.017299536447920226,-0.06323494379315042,-0.0040601994216387,-0.021452186619929297,-0.017391987198290597,-0.0104694189040619,-0.01965474048630673,-0.009185321582244832,-0.0405927437996874,-0.05058086905030935,-0.009988125250621947,-0.0213034029105331,-0.027061095269610914,-0.005757692359077814,,-0.020486685603579507,,,-0.03397008064227886,,-0.0302058287321052,-0.013735395832505153,0.016470432899600047,-0.0270039927537097,-0.012211594182214354,0.014792398571495346,-0.0605472045571488,0.010747609048207464,0.07129481360535626,0.0585113958570882,-0.001991422135199934,-0.060502817992288134,,-0.014729001013226353,,0.0272286783125474,-0.018555611418384077,-0.045784289730931474,-0.0135015052002257,0.007630231981528447,0.021131737181754148,-0.0161357661992508,0.021868529072648333,0.038004295271899136,0.0644725466213844,-0.008799888829080865,-0.07327243545046526,0.0025999193064444,-0.0015650280057890522,-0.004164947312233452,0.0057772140251466,0.00014523779957817282,-0.005631976225568427,0.0264163450306622,-0.0675416592616675,-0.0939580042923297,-0.0153767319932832,0.004459155309427102,0.0198358873027103,,0.007439030849135844,,0.0098010295857689,-0.02807824233484431,-0.03787927192061321,0.0067266535039733,-0.024767424861554036,-0.03149407836552734,-0.0597322016642912,-0.019776496520486735,0.03995570514380446,-0.0055096932371089,-0.027589997784084382,-0.02208030454697548,-0.0028244139236081,-0.02627555591096908,-0.02345114198736098,-0.0410416403133187,-0.056609777722592534,-0.015568137409273833,,-0.0026681451844738544,,-0.0444644438531647,-0.02272882201527942,0.02173562183788528,0.0090024870243502,-0.010587941920481564,-0.019590428944831765,0.0122285546401428,-0.007702864692763528,-0.01993141933290633,-0.0260775528441522,-0.018746772937644787,0.007330779906507413,0.0211433670436276,-0.016085313784042887,-0.03722868082767049,,-0.01644452264836918,,-0.0103813387141042,-0.03517471783048167,-0.02479337911637747,0.0104854759004855,-0.0042455460722231895,-0.014731021972708688,0.0080998960918304,-0.0023402079539792376,-0.010440104045809638,-0.0126256189061974,-0.022140397909944026,-0.009514779003746626,0.0206066077662418,-0.014756252790520855,-0.03536286055676266,0.0256153496247467,-0.012433750639293067,-0.038049100264039765,0.0139654034806236,-0.03913060252504054,-0.05309600600566414
2012-11-01,,0.012879224308946273,,0.0144229136157704,0.0021445181818037576,-0.012278395433966643,,0.00892373294701812,,0.039473537927817,0.013303257268180275,-0.026170280659636724,0.0321237290501563,0.015524668372087713,-0.016599060678068586,0.0027723183679557,-0.005576868679263774,-0.008349187047219474,0.0034304955542525,-0.005724391308695222,-0.009154886862947721,-0.020804936691093,-0.007545190518941667,0.01325974617215133,0.0149931527993081,0.009727572051788256,-0.0052655807475198435,0.0140678098824808,0.010366567606849682,-0.003701242275631119,0.0636220516746004,-0.01396863791596223,-0.07759068959056263,,0.004405707235045899,,0.0137856695846294,0.005534761179314691,-0.00825090840531471,,0.006843850643536036,,-0.0707260831810795,-0.012760296582435458,0.057965786598644035,-0.0087766940804845,0.009546291576804988,0.018322985657289487,,-0.011210257403296767,,0.0451064682715732,0.008169648428788968,-0.03693681984278423,-0.014301897047355,0.01269993989921964,0.02700183694657464,0.0419121345581389,0.00956792495299638,-0.03234420960514252,0.0124991387348054,0.00947531585863054,-0.0030238228761748608,,0.031395033605452614,,0.0608302306706345,0.015094648186201947,-0.04573558248443255,,-0.026748751709851852,,-0.0008297993300911,0.017525396827766295,0.018355196157857395,-0.002619068113471,0.01812766074861547,0.020746728862086467,-0.0502905376720556,-0.013042861127957009,0.03724767654409859,0.0122413201979134,0.004609206915652427,-0.007632113282260972,,0.005435078975000804,,0.0367445323247565,0.009688968955085305,-0.027055563369671198,0.0169756915201689,0.011371073284699437,-0.005604618235469462,0.0015631334613161,0.0010876793480311651,-0.00047545411328493497,0.0004433907927417,0.0016810643051981078,0.0012376735124564077,0.0223544604176548,-0.0033022719845608225,-0.025656732402215623,0.0218386812545859,0.011703466121844036,-0.010135215132741864,0.014638497317804,0.012600528205369443,-0.002037969112434557,0.0303587715386255,-0.01716405531255237,-0.04752282685117787,0.0546687184744707,0.013429825692306007,-0.04123889278216469,,0.01326912321918633,,,-0.020740225320893313,,0.0093581283516141,0.010611799377757806,0.0012536710261437066,0.0126097386221813,0.011722232262205763,-0.0008875063599755369,-0.0731706612588321,0.01846087082070585,0.09163153207953796,0.0364831495816274,0.01569125405732597,-0.02079189552430143,,0.01270311259438657,,0.0262806262746491,0.009498309672752147,-0.016782316601896954,-0.0169358688911198,0.0057413683412992035,0.022677237232419004,-0.0199645356814525,0.0033196637891045066,0.02328419947055701,0.0459547706702595,-0.01273411788422064,-0.05868888855448014,0.0069568309621701,0.011044087108319053,0.004087256146148952,0.0067185546434886,0.011727939802979023,0.005009385159490423,-0.0012599232535349,-0.03701989925384414,-0.035759976000309245,-0.1110092100434831,0.019271966972176185,0.13028117701565928,,0.005050078721753691,,0.0094639980463232,0.0028884705816914964,-0.006575527464631704,0.0385721659368055,0.006470067316281009,-0.03210209862052449,0.0268585738597336,0.010302235752967544,-0.016556338106766058,0.0227779845969597,0.013944234224314943,-0.008833750372644758,0.0232476040297935,0.014379124387529215,-0.008868479642264284,-0.014619733113684,-0.016677911683116203,-0.002058178569432202,,0.01525186039966141,,0.011829838573949,0.008616197867623694,-0.0032136407063253058,-0.0071358380275104,0.0031296069489294416,0.01026544497643984,-0.0057558171496905,0.004054688022085637,0.009810505171776137,-0.0067628621669318,-0.007763867433479807,-0.0010010052665480077,0.0207860234488296,0.008129176938344007,-0.012656846510485592,,0.007613985024976849,,-0.0453530640580493,-0.01313650700118157,0.032216557056867726,-0.0263585615137038,0.008998330165377547,0.03535689167908135,-0.0246402637298209,0.010005985390627267,0.03464624912044817,-0.0101224368775597,0.003822267338623654,0.013944704216183355,0.0135515195084873,0.010606652436352162,-0.0029448670721351385,0.0130432584285342,0.011533998898828005,-0.0015092595297061945,-0.0249541400296861,-0.008922871538862478,0.016031268490823623
2012-12-01,,0.042408901622362716,,0.0138002496176415,0.03225671682180845,0.01845646720416695,0.0238623768395315,0.006979592185979125,-0.016882784653552377,0.0139359271355483,0.002106337526039074,-0.011829589609509226,0.0781996595394479,0.021943735689628527,-0.05625592384981937,0.0497295148804674,0.04969073711297139,-3.8777767496014914e-05,0.0506836806590153,0.04940778522348838,-0.0012758954355269192,-0.0023996780369066,0.02901143821168241,0.03141111624858901,0.0173932586502086,0.001450450349044604,-0.015942808301163996,0.016874313859643,0.0009369077657597738,-0.01593740609388323,0.0132259952601871,0.0076128300562958995,-0.005613165203891201,,-0.006253267849745632,,0.066546857962309,0.016453558042961513,-0.05009329991934748,,0.01563798420094547,,0.0319034879567272,0.031770155569700975,-0.00013333238702622346,0.0117251454512206,0.007535220038114764,-0.004189925413105836,,0.013681046654950024,,0.0600396984233062,0.012094377307692278,-0.04794532111561392,0.0511864183768771,0.025135487807793698,-0.026050930569083405,0.0230480315160516,0.0293729178353818,0.0063248863193301995,-0.0182775027630796,-0.003628545367633444,0.014648957395446156,,0.036238503981870784,,0.0408617710112526,0.021019569153165968,-0.019842201858086633,,-0.031350972063235436,,-0.040566166212948,0.002386090306241542,0.04295225651918954,-0.0469765889982992,0.0007769774666152654,0.047753566464914465,0.0141090740825444,0.007081150549688791,-0.007027923532855609,0.0409266760424526,0.030502710127751687,-0.010423965914700913,,-0.012202506192504271,,-0.0108589650372567,0.0054780548565095104,0.016337019893766208,0.0350302667840631,0.01846034435701666,-0.016569922427046437,0.0165885228798511,0.02946345398069657,0.01287493110084547,0.0161171111728083,0.02942090784002825,0.013303796667219953,0.059339098286216,0.02403183145501609,-0.03530726683119991,0.0417729015407205,0.024440259324967233,-0.017332642215753265,0.0408073223973772,0.023312374688312,-0.0174949477090652,-0.003829518819547,0.015731684705327802,0.019561203524874803,0.0386630384103651,0.010432505571991062,-0.02823053283837404,,0.009698844124134907,,,0.0203819066175407,,0.0040249302273682,0.005491456639568814,0.001466526412200614,0.0017374722726365,0.0041279921520240926,0.0023905198793875925,0.0033286972342065,0.03369347545173098,0.03036477821752448,0.0728817596770959,0.037795682117312775,-0.03508607755978312,,0.002122414072295948,,0.0305644407358633,0.01688498811138374,-0.01367945262447956,0.0042329696460254,0.03406506729898159,0.029832097652956188,0.0019741664590294,0.050112605946252525,0.04813843948722313,0.0050874603183062,0.04188899418805419,0.036801533869747986,-0.0159208839397173,0.009629466712653774,0.025550350652371073,-0.0162480989554075,0.008906207130234704,0.025154306085642203,-0.0596225555482535,-0.010412291574580183,0.04921026397367331,-0.0105351509566294,0.0009208219209736899,0.011455972877603091,,0.021762931907166647,,0.0341471596654064,0.03995655411073768,0.005809394445331281,-0.0299577949245791,0.011862967795120525,0.041820762719699624,0.0205249265599397,0.003175714025804645,-0.017349212534135055,-0.030660375443996,0.0018412469996018264,0.032501622443597826,-0.0344957691136598,0.0005394910969191747,0.035035260210578976,0.0602393209729026,0.009853837647624944,-0.050385483325277654,,0.038677733102177654,,0.0851106866824328,0.026892301128516784,-0.05821838555391601,0.0371386047954013,0.023593671445558153,-0.013544933349843146,0.0397915974989608,0.02354151260414094,-0.016250084894819862,0.0197879195567386,0.026938682992848413,0.007150763436109812,0.0135559264582606,0.01754024868058998,0.003984322222329381,,0.014739963722171448,,0.0519383428048022,0.013775143070584833,-0.03816319973421737,0.0127439445394614,0.0035490722347743453,-0.009194872304687053,0.017955876292703,0.002083596486130953,-0.01587227980657205,0.0210321787171595,0.010051532807297904,-0.010980645909861596,0.025792036338084,0.016843279051189198,-0.008948757286894801,0.0250021000409855,0.014936152448027536,-0.010065947592957963,0.0509372197732644,0.00044885196325666606,-0.050488367810007734
2013-01-01,,0.061077110871180715,,0.0448978721648696,0.06735827245455672,0.02246040028968712,0.0624719143412449,0.03855658344746362,-0.023915330893781277,0.023231259681793,0.04852752928438087,0.02529626960258787,0.0453876633612175,0.08403282629914087,0.03864516293792337,0.0393344922624502,0.0705676292063201,0.031233136943869907,0.0391408524471052,0.07212888048982331,0.032988028042718116,0.1052545149801587,0.026506810731234277,-0.07874770424892442,0.0609938455715395,0.056646263042256555,-0.0043475825292829465,0.0602820118648467,0.05610053458582102,-0.0041814772790256804,0.0877143267994037,0.04517713868484776,-0.042537188114555945,,0.023270067911385233,,0.0529178318863122,0.05548809222441809,0.0025702603381058883,,0.04934604383158768,,0.1793754580236184,0.07274240130543427,-0.10663305671818413,0.0433180979859048,0.0488868062495848,0.00556870826368,,0.03584199028723374,,0.0874727531658508,0.06011922839352953,-0.027353524772321273,0.1161651596299753,0.06573065040966072,-0.050434509220314575,0.0778344285130164,0.0682615600437062,-0.0095728684693102,0.0848463609849876,0.03173230195825741,-0.05311405902673019,,0.06048086465523265,,0.0598821556712454,0.07239743701974247,0.012515281348497068,,0.004327702806919301,,-0.0578251084382844,0.0632736931959201,0.1210988016342045,-0.0628982755892784,0.062386357700644976,0.12528463328992337,0.0449857742747433,0.04626409791731644,0.0012783236425731453,0.1797941383501372,0.0875239199681984,-0.09227021838193879,,0.05302371108334999,,0.0733014759703192,0.035211093080323635,-0.03809038288999557,0.075797130237214,0.05623049421861971,-0.01956663601859429,0.0717328437891126,0.06038025234128678,-0.01135259144782582,0.0655792787491914,0.06027289703955774,-0.005306381709633656,0.0332559715249953,0.039376622951038526,0.006120651426043226,0.0742321812634916,0.07383137729020853,-0.0004008039732830704,0.070477630854783,0.0744643051312558,0.0039866742764728125,0.1114521461125974,0.03766856644491518,-0.07378357966768223,0.079084023536196,0.059531426148203136,-0.019552597387992858,,0.05511040890694687,,,0.05118192961758228,,0.0828268978565206,0.05184884948323617,-0.030978048373284432,0.0871772371823248,0.05145800995599747,-0.03571922722632733,0.0412969474196868,0.053777456006694854,0.012480508587008055,0.0324351861744559,0.09584823158950702,0.06341304541505112,,0.005502199055733551,,0.0844558554435102,0.05375535490356862,-0.030700500539941576,0.0655464994338414,0.06328382972344519,-0.002262669710396209,0.0617448874516543,0.07402339871393353,0.012278511262279225,0.0891665738601789,0.052890643005344185,-0.036275930854834715,0.0672944028864262,0.04570853482609336,-0.021585868060332837,0.0667344763578717,0.045347518291084514,-0.02138695806678719,-0.1613763590507551,0.018344943142635545,0.17972130219339064,-0.0953224077831153,0.03869744240487671,0.134019850187992,,0.049595635321141154,,0.0562891136635233,0.07085204982082735,0.01456293615730405,0.0288335184757715,0.04341535464728218,0.014581836171510681,0.0507934564575943,0.03441145125251365,-0.016382005205080652,0.0565732576061474,0.04972497070487148,-0.006848286901275917,0.0532428846986035,0.04864127529580921,-0.0046016094027942905,0.1104663700890164,0.03406955889349271,-0.07639681119552369,,0.06444696008565234,,0.0204225415908732,0.07585200273521442,0.05542946114434122,0.0775991399513391,0.05828717498982266,-0.019311964961516444,0.0800688672775753,0.059799833561497866,-0.020269033716077432,0.0855117703801099,0.05081410212294463,-0.034697668257165276,0.0781663353515001,0.060793929543455597,-0.0173724058080445,0.0773417958056125,0.06190863212478185,-0.015433163680830649,0.0813758530276081,0.05187448545388698,-0.029501367573721113,0.0435075963111279,0.03416262747258582,-0.009344968838542078,0.036652698413009,0.03401324223125225,-0.002639456181756747,0.0495356580011598,0.030320525861967425,-0.019215132139192372,0.0776178694808187,0.0495641235313402,-0.028053745949478494,0.0805717255377971,0.048721598509043534,-0.03185012702875356,0.0974725765458259,0.030172655630571022,-0.06729992091525488
2013-02-01,,0.020924083660369432,,0.0441111188868933,0.013832633400781173,-0.030278485486112127,0.0051106829887083,0.011408304106036235,0.0062976211173279345,0.0112482912286253,0.008243027228359456,-0.0030052640002658434,-0.0072608771242975,0.01798391118678703,0.02524478831108453,0.0003625432684977,0.016593821273399464,0.016231278004901765,-0.0005466452529863,0.01717908940918833,0.01772573466217463,0.0466603544622239,3.418650081106391e-06,-0.046656935812142794,0.0145066176627563,0.014877600663542075,0.0003709830007857743,0.0132569865690759,0.01578523053646733,0.0025282439673914303,-0.0142748314001056,-0.011573467364932291,0.002701364035173308,,-0.001028596470201188,,-0.0298031653263624,0.009625192550869813,0.039428357877232215,,0.008267967439720834,,0.0800916176047224,-0.0036123119427463758,-0.08370392954746878,0.02733137464192,0.01087953548411372,-0.016451839157806278,,-0.008921050850419249,,0.0230574035951715,0.012885406358422433,-0.010171997236749067,-0.0479058566936547,0.01275668858625233,0.060662545279907026,0.0200595104800745,0.012497333856087717,-0.007562176623986783,0.028061341748492,0.0064042146400160715,-0.021657127108475928,,0.02738370625373503,,0.031661020873818,0.015105245017941242,-0.01655577585587676,,-0.03700438393293684,,-0.0049892298212078,0.018509433087366373,0.023498662908574174,-0.0066305641261839,0.01883776612510257,0.025468330251286468,0.0175046294786079,-0.007447429706816984,-0.024952059185424882,-0.013420266504353,0.018667459922327285,0.032087726426680285,,0.00806968033891846,,0.0466343212642078,0.01002401817713292,-0.03661030308707488,0.0073559087598244,0.012502166847346903,0.005146258087522503,0.0037066692555515,0.013013580159671861,0.00930691090412036,-0.0029581169725684,0.013231554763106163,0.016189671735674562,-0.0727073391320946,0.0015072306826608888,0.07421456981475548,-0.0093010248512919,0.015973777286910722,0.025274802138202622,-0.0149861805154086,0.017278084516622123,0.032264265032030726,0.0260817174940987,-0.015989087827600345,-0.042070805321699045,0.0037620455644482,0.013830466326831015,0.010068420762382815,,0.014862037427627968,,,0.002525859930002528,,-0.0132184536629576,0.013245701644416866,0.026464155307374466,-0.0148908328604503,0.013881224125915092,0.02877205698636539,-0.0080526177120751,0.015666115157856327,0.023718732869931425,-0.0969721756308577,0.02538616754949707,0.12235834318035477,,-0.0041988647062999795,,0.0647291657644452,0.01125336749740485,-0.05347579826704035,-0.0026632618672774,0.012456477921733176,0.015119739789010576,-0.0059704781336063,0.016305927026539456,0.022276405160145757,0.0246805817448473,-0.003399479759608186,-0.028080061504455484,0.0211542089084041,0.014563771678345168,-0.006590437230058931,0.0216339839432674,0.015153900768125284,-0.006480083175142117,0.0135308119396393,-0.03067818518928733,-0.04420899712892663,-0.0815735187248676,0.015424381673155418,0.09699790039802302,,0.01232475833110857,,0.0608836395377741,0.010932362546832252,-0.049951276990941845,0.0805653409343215,0.004716981952895503,-0.07584835898142599,0.006448269643497,0.00862203501735481,0.0021737653738578104,0.0041439035511793,0.01389776054202406,0.009753856990844759,0.0067448897404656,0.014723917236111501,0.007979027495645902,-0.0200645024842001,-0.02000311940548961,6.138307871049117e-05,,0.01698981992027694,,-0.0238022645100353,0.013252218603343968,0.037054483113379263,0.0126021978730597,0.01278347542242342,0.00018127754936371997,0.0105532982006711,0.014674235516667253,0.004120937315996153,0.02337049393491,-0.00034209526050527365,-0.023712589195415273,0.0258006970865781,0.01269153567754275,-0.01310916140903535,,0.01311532152470749,,-0.0202556186195453,-0.010663809592546782,0.009591809026998518,0.0165606882304348,0.009344122309593646,-0.0072165659208411545,0.0148798464220791,0.010293293356422881,-0.0045865530656562185,0.0189259813477322,0.0001593992290438999,-0.0187665821186883,0.027100553169532,0.010797799629171136,-0.016302753540360863,0.0290942804462711,0.01203133171119783,-0.017062948735073268,0.0144031698725719,-0.008813172122019642,-0.023216341994591543
2013-03-01,,0.03958675165492119,,0.0236919461027875,0.04277194170082909,0.01907999559804159,0.0612411395549491,0.031483266959357346,-0.029757872595591754,0.0377488130651651,0.04929548864240334,0.011546675577238236,0.0615561523439936,0.06467633407703695,0.003120181733043348,0.0255162397416687,0.03203352925667707,0.006517289515008368,0.0248560979173889,0.0323849339782806,0.0075288360608916985,0.0301130291048892,0.011277674701777637,-0.018835354403111564,0.0222228279311018,0.04091003961508393,0.01868721168398213,0.0193028811584442,0.04084572684101374,0.021542845682569537,0.0400356505384752,0.023383777863717054,-0.016651872674758147,,0.028806371749030567,,0.0122251602483586,0.0431093157272427,0.0308841554788841,,0.041563839594865766,,0.0726762011101405,0.040626057831094964,-0.03205014327904554,0.0443801680762427,0.03949333875226216,-0.004886829323980539,,0.02137588746837607,,0.0539249014839645,0.0446506825859952,-0.009274218897969297,0.0635939786077251,0.05655116877441215,-0.0070428098333129505,0.0394308406991919,0.05475125564316584,0.015320414943973938,0.0225280621008025,0.033569316884426104,0.011041254783623604,,0.05558624754228425,,0.0007449897015208,0.05878483791700042,0.05803984821547962,,-0.00020404635267166904,,0.0188607054548821,0.05383022124463858,0.034969515789756475,0.018369080163532,0.053843596932230495,0.03547451676869849,0.0587165479796008,0.022356151305393514,-0.03636039667420728,0.0848385373601182,0.05222886222234008,-0.03260967513777813,,0.038192676916051584,,0.075623739163186,0.0305128901914453,-0.0451108489717407,0.0638226494664121,0.04220714535023078,-0.021615504116181315,0.0455685739758944,0.0362091343782481,-0.009359439597646298,0.0370155085801214,0.03692269652854609,-9.281205157531114e-05,0.0888777214666804,0.023913999346465258,-0.06496372212021514,0.0074726506463386,0.056618191382843984,0.049145540736505386,0.0024530786325794,0.05706648604843759,0.054613407415858184,-0.0270812067738558,0.02320079350315754,0.050282000277013336,0.0113770752850843,0.04741489335605383,0.036037818070969535,,0.044103984558445525,,,0.00730066366068733,,0.0401477852126668,0.037823168914953485,-0.002324616297713314,0.0391646777294158,0.038898828452871945,-0.0002658492765438558,-0.0563156896805181,0.047006260347685035,0.10332195002820313,-0.042443791925464,0.06688231941001524,0.10932611133547923,,0.027068933084550884,,0.1013173867454575,0.0422454018262523,-0.0590719849192052,0.01603113410732,0.04607608147120037,0.03004494736388037,0.0125271130585073,0.04678029445816282,0.034253181399655525,0.0115905866857423,0.029874962854262336,0.018284376168520036,0.0746258327702979,0.03259457068538546,-0.04203126208491244,0.074586599781409,0.032980784367113006,-0.04160581541429599,0.0211845814015558,-0.0122646736768793,-0.0334492550784351,0.0081962914896436,0.03919500683763338,0.03099871534798978,,0.03221875678120398,,0.0443545267856673,0.0497066654591732,0.005352138673505896,0.0770701927183557,0.040504879690298576,-0.03656531302805713,0.0513654380742879,0.03460812389613948,-0.016757314178148422,0.0385243989017204,0.0423937717520855,0.0038693728503651006,0.0374831243168303,0.0413024861165341,0.0038193617997038035,0.0216548013565022,0.028290510724809,0.006635709368306798,,0.05212719332792741,,0.0236750936940127,0.0578768495321266,0.0342017558381139,0.023825010735126,0.03677457895263711,0.012949568217511111,0.0191188247275888,0.0368119016950268,0.017693076967438,0.0342105873835499,0.030082018421467262,-0.004128568962082638,0.0271076072041585,0.04568308234517243,0.01857547514101393,0.021631563494156,0.045102449217174045,0.023470885723018045,0.059427946430666,0.033381230516829466,-0.026046715913836532,0.0488307190485529,0.02989359149624512,-0.01893712755230778,0.0513413204180769,0.030088457829641674,-0.02125286258843523,0.0324235137565415,0.029489106275576618,-0.002934407480964879,0.0292304893404926,0.04210905146943549,0.01287856212894289,0.0267666113490177,0.04134797595007015,0.01458136460105245,0.0072727664158315,0.021845582029131134,0.014572815613299633
2013-04-01,,0.012713180541125942,,-0.0150130748488138,0.017220651649416364,0.03223372649823016,0.0513692260506685,0.01771528539686367,-0.03365394065380483,0.0866509209145617,0.009517859960022895,-0.0771330609545388,0.0292009747077836,0.0076267016823915726,-0.021574273025392027,0.0147714474253334,0.021302473974315776,0.006531026548982376,0.0159873366484139,0.022761974846713908,0.006774638198300008,0.000332195031846,-0.0071097497711016915,-0.007441944802947692,0.0280214683486378,0.020780740191509307,-0.007240728157128493,0.0332090249978123,0.023547335775440215,-0.009661689222372087,-0.0005430471099213,-0.033895959471614584,-0.033352912361693285,,0.003846943300873654,,0.0332308714006992,0.012755176067463146,-0.020475695333236052,,0.010260494382208362,,-0.0220451367658985,-0.021821611414499308,0.0002235253513991932,0.0353372362153816,0.014328033241254211,-0.02100920297412739,,-0.021233528278501505,,-0.0070161176137316,0.015595472554737783,0.02261159016846938,-0.0226783314879767,0.007785431013134737,0.030463762501111435,-0.0323625555271997,0.008225433981738896,0.0405879895089386,0.0139838317790457,0.01430624630935743,0.0003224145303117303,,0.01641913877166107,,0.0022496604022994,0.006390477624379007,0.004140817222079607,,-0.06499908305459734,,0.0016612129852552,0.024525130006482987,0.022863917021227788,0.0021770227245911,0.026006391045548444,0.023829368320957344,0.0531440672904183,-0.021146541838485848,-0.07429060912890414,0.0417895527583736,0.015039004863179294,-0.026750547895194307,,0.010624411788755665,,0.0159227426905733,0.015308713406991019,-0.0006140292835822812,0.0278056983904374,0.004699234380935231,-0.02310646400950217,0.0327251521277854,0.016750310045390456,-0.015974842082394945,0.0307473628307392,0.01729782571667129,-0.013449537114067909,-0.0170762030973863,-0.008643081463893759,0.00843312163349254,-0.0113152636664544,0.014186692511353008,0.025501956177807407,-0.0103809523451878,0.01736660304602699,0.02774755539121479,-0.0127445441463644,-0.035168296557485976,-0.022423752411121576,-0.0071571625440396,0.009562208256373618,0.01671937080041322,,0.015423419595771114,,,0.0010463174401287587,,-0.0086495072220675,0.013389112965160727,0.022038620187228228,-0.0039008458215327,0.015904148744502043,0.019804994566034743,0.1159358486696487,0.0029104642424296755,-0.11302538442721903,-0.0694989259357689,0.024037377907955133,0.09353630384372402,,-0.016173255017782,,-0.0277147374090868,0.007872744451626418,0.03558748186071321,-0.0078928061092621,0.013313356899577671,0.02120616300883977,0.0018468428894305,0.016540635271808476,0.014693792382377977,-0.0011223553877415,-0.014590939205669234,-0.013468583817927733,0.0455783590288608,0.015907027288958146,-0.029671331739902655,0.0461211695587985,0.017955699140221385,-0.028165470418577112,0.0540487598145717,-0.05995124098259994,-0.11400000079717164,-0.256308777363291,0.021174226025756467,0.27748300338904747,,0.014550084042259907,,0.0080098045386373,0.0037527657174801247,-0.0042570388211571756,0.0526497663509969,0.0038126904107116167,-0.04883707594028528,0.0337401931908513,0.014156682973938512,-0.01958351021691279,0.0257997076806392,0.016641229347041417,-0.009158478333597782,0.0203041412647872,0.01890285613997549,-0.0014012851248117117,0.0118558017054484,-0.036281914866393185,-0.048137716571841585,,0.007885944788571533,,-0.0004198200083895,0.010957164818861519,0.011376984827251019,0.0380886256767868,0.01483380147595803,-0.02325482420082877,0.0438974440322468,0.017926207758856224,-0.02597123627339058,-0.0145715885207012,-0.008474102915477654,0.006097485605223546,-0.0028825080696339,0.01430796689015206,0.01719047495978596,-0.0033508537849746,0.016304708970693953,0.019655562755668553,-0.0265242887840777,-0.023958037871043742,0.0025662509130339566,0.0461406108573341,0.01499903403775447,-0.03114157681957963,0.0454893918433964,0.017252921034380485,-0.028236470809015913,0.0250378869797955,-0.006799883331217631,-0.03183777031101313,0.0012350105930242,0.00877351117790708,0.007538500584882879,0.005890748546935,0.011874172798872012,0.005983424251937012,-0.0060182948747545,-0.014888442527162584,-0.008870147652408084
2013-05-01,,0.051985213446400516,,0.0530224121658892,0.047112470557763575,-0.005909941608125628,-0.0066714886306214,0.01656710425890208,0.023238592889523478,0.0065140404419196,0.01604278720401987,0.00952874676210027,0.1293510369828058,0.0607236768568538,-0.06862736012595201,0.0503654349323566,0.06808253150560283,0.017717096573246223,0.0506490263105863,0.06817777452117176,0.017528748210585456,0.0179775526246611,0.037082435952683776,0.019104883328022675,0.0348414269138653,0.02634375354821878,-0.008497673365646517,0.0339952404480875,0.025456499881800293,-0.008538740566287208,-0.0243845381594837,0.0319771305129025,0.0563616686723862,,-0.006348331564581261,,0.0400995356901746,0.03138259233919687,-0.008716943350977724,,0.024549143244177757,,0.2265091698960524,0.053498208915340205,-0.1730109609807122,-0.0421136176044121,0.011884955022976991,0.053998572627389094,,0.021429988235847207,,0.1248637133010837,0.031162861827468587,-0.09370085147361512,0.0086856900445929,0.04591716868389864,0.03723147863930574,0.0522256731982004,0.049255441471172286,-0.002970231727028115,-0.0006789125248917,-0.0014710223617691023,-0.0007921098368774023,,0.031208075904455623,,0.0509886786136281,0.04335620900783111,-0.007632469605796992,,-0.02474676751251468,,0.0337801970671625,0.028340953031849955,-0.005439244035312547,0.0314384272289214,0.02660425698523228,-0.00483417024368912,0.0569458344614702,0.02541131437392037,-0.03153452008754983,0.0393281962941226,0.06634770849919734,0.027019512205074744,,0.018735567649018292,,-0.0311073604169552,0.0043731223309257045,0.035480482747880904,0.0200633328469546,0.02482015022106307,0.00475681737410847,0.0496722180092566,0.04249591348761027,-0.007176304521646332,0.0600130519710886,0.042109412095141616,-0.017903639875946988,0.0558757071577194,0.038232253370297425,-0.01764345378742197,0.0646653897854365,0.04347450607389096,-0.02119088371154554,0.0574523441298591,0.041994940622625536,-0.015457403507233562,0.0722546997319133,0.03604428339460326,-0.036210416337310036,0.0431531972604378,0.02852443319102135,-0.01462876406941645,,0.025849424491161035,,,0.06165008336375963,,0.0378979906826094,0.016456905863963978,-0.02144108481864542,0.0343042901194789,0.013776297224985766,-0.020527992894493134,0.0292506734576229,0.029409241690003453,0.0001585682323805536,0.009830995168637,0.05269956907752027,0.04286857390888327,,-0.007616623800836464,,0.0782758473241781,0.03108688541435119,-0.04718896190982691,0.0207875430540192,0.0365922498213191,0.015804706767299902,0.0176750443310715,0.05232481146006775,0.03464976712899624,0.0082163652357146,0.05143698404894159,0.04322061881322699,0.0100677165061723,0.01606638522636349,0.00599866872019119,0.0077813492172406,0.014369715388344341,0.0065883661711037406,0.3621069504433542,0.015272372226906613,-0.3468345782164476,0.0394598929031489,-0.0038251539006990782,-0.043285046803847975,,0.025461616605115013,,-0.0133505033455992,0.06793962301923129,0.08129012636483049,-0.0228001635222312,0.023636260232386106,0.046436423754617304,-0.0111016817427103,0.014519350792568872,0.02562103253527917,0.0241549551924213,0.020337345965121698,-0.0038176092272996023,0.0208573170827573,0.019044676153521924,-0.001812640929235377,0.0745855276182349,0.026673825264936342,-0.047911702353298564,,0.047959529727003763,,0.0348433950267256,0.04524312222992645,0.01039972720320085,0.0002656078633993,0.04125097926633941,0.04098537140294011,0.013268292336484,0.0410759155225817,0.027807623186097696,0.0152199389360676,0.04121097713878139,0.02599103820271379,0.0276695442491058,0.032161507951130215,0.004491963702024416,,0.02994553031154042,,0.0510199196886504,0.024257723799586024,-0.026762195889064373,-0.0781414183449006,0.006356523478666213,0.0844979418235668,-0.0867938414874368,0.0038631029839123867,0.09065694447134919,-0.0268724476496411,0.017520146165094588,0.04439259381473569,0.0294760942425264,0.027435071243349304,-0.002041022999177095,0.0295821047631349,0.024832192237495762,-0.004749912525639138,-0.0097004678985203,0.015094244870048519,0.02479471276856882
2013-06-01,,0.0078117032272439334,,0.0053188468624037,-0.01497137898619019,-0.02029022584859389,-0.0186476551995515,-0.008035333864509959,0.01061232133504154,0.0057307924203654,-0.011590787064884991,-0.017321579485250392,0.0205092434657238,-0.004570705502085936,-0.025079948967809736,-0.0184722266393448,-0.012887824592610399,0.0055844020467344015,-0.0203477406199447,-0.013905118276776,0.006442622343168699,-0.0011566456141452,-0.003656756248408876,-0.002500110634263676,-0.0238082090484862,-0.013247408841808826,0.010560800206677375,-0.0254480212473934,-0.01323973822935115,0.012208283018042249,-0.0072194325325043,-0.020589974014431658,-0.013370541481927359,,-0.016644360212004154,,-0.049235951149144,-0.014592128159124598,0.034643822990019404,,-0.012508754456790857,,-0.0036054972057496,-0.02488794015153808,-0.02128244294578848,-0.0090157848442677,-0.013447967008841483,-0.004432182164573783,,-0.019547062386695253,,0.0038848816224349,-0.013653491456132193,-0.017538373078567093,-0.0730056126061094,-0.005758281092394957,0.06724733151371444,-0.041747514525891,-0.008200469155748305,0.03354704537014269,-0.0042527815542975,-0.013692017361261149,-0.00943923580696365,,0.018332743474649246,,-0.0138363968170569,-0.005441209057536992,0.008395187759519907,,-0.03629898640684839,,-0.0585982082244009,-0.00991906077337625,0.04867914745102465,-0.0630906649236283,-0.010064864933418098,0.053025799990210204,-0.0330019658213064,-0.02411703577604502,0.00888493004526138,-0.0543110404887571,-0.013227772249331447,0.04108326823942565,,-0.01949171463559186,,0.0169445000878724,-0.009226957298511092,-0.026171457386383493,-0.0104494784027155,-0.0051739294759025065,0.005275548926812993,0.0188120685551421,-0.013668669097852528,-0.032480737652994626,0.023627390587028,-0.01342925901723342,-0.03705664960426142,-0.03696123394817,-0.00616981266787926,0.030791421280290738,-0.0363763746369682,-0.010885787763936419,0.025490586873031785,-0.033104908694631,-0.011324244120309294,0.021780664574321706,0.0410582007680851,-0.021342960005251342,-0.06240116077333644,-0.016827465965081,-0.0068203545419918896,0.010007111423089111,,-0.007030830632295073,,,-0.020465490953706443,,-0.0103789804002041,-0.010056017177526152,0.000322963222677948,-0.0141945048658487,-0.010613107835232142,0.003581397030616558,0.0163061573368015,0.007288672388086317,-0.009017484948715185,-0.1286059759407991,-0.01130764143267991,0.11729833450811918,,0.005127267057614848,,-0.0361179575784011,-0.0067752599137790555,0.029342697664622042,-0.0239453277665256,-0.012804032861457483,0.011141294905068115,-0.0156259044322442,-0.011807872597748532,0.00381803183449567,0.00162003067605,-0.017014956570267085,-0.018634987246317083,-0.0100020502303418,-0.005781110047943839,0.004220940182397961,-0.0109097881950366,-0.006077651488397466,0.004832136706639134,-0.0747729330590979,-0.032691980679370986,0.04208095237972692,-0.1740623323107261,-0.004974646861613936,0.16908768544911215,,-0.009907092990077257,,0.0015090235929287,-0.007220303895577345,-0.008729327488506045,0.0128326630983142,-0.0108826888566468,-0.023715351954961002,0.022616265106902,-0.007446645137671719,-0.03006291024457372,0.0004181296819976,-0.007550675700490467,-0.007968805382488066,-0.0001136257588451,-0.007323673926015461,-0.007210048167170361,0.0006833261853313,-0.02640873042186085,-0.02709205660719215,,0.0033679733880113607,,-0.0530354668371673,-0.014700915316495857,0.03833455152067144,-0.0172937233684083,-0.01147108491978068,0.005822638448627621,-0.0103620878034128,-0.011177330266916608,-0.0008152424635038073,-0.0328495967825128,-0.016472005861852462,0.016377590920660337,-0.0137944085735112,-0.012890845317086098,0.0009035632564251012,-0.011768417222776,-0.015111938794519107,-0.0033435215717431063,-0.0208687396698801,-0.029700396732250372,-0.008831657062370272,-0.0031195334716993,-0.009385391260930874,-0.006265857789231574,-0.0051181899880555,-0.009536589260693262,-0.004418399272637762,0.0104233066587477,-0.006357726166813816,-0.016781032825561516,-0.0100505062939543,-0.005812710698917385,0.0042377955950369155,-0.0078440443805387,-0.005776902941521178,0.002067141439017521,-0.0590554763243958,-0.021231504436655845,0.03782397188773995
2013-07-01,,0.06219752729088267,,0.066510031707849,0.06682895957054066,0.00031892786269166473,0.0370385413987644,0.03835879766564987,0.0013202562668854709,0.0197193267258878,0.056658041901814275,0.03693871517592648,0.1010035401649389,0.10030409322156139,-0.0006994469433775075,0.0608680287106901,0.067014077171581,0.006146048460890903,0.0600320035310498,0.0677022259297746,0.007670222398724794,0.0482204667056912,0.03159220299260887,-0.016628263713082334,0.0373217193465902,0.05847895616086883,0.021157236814278634,0.0338976258088628,0.057201495737910425,0.02330386992904763,0.0560911865992795,0.057730068031333,0.001638881432053499,,0.025070323786284873,,0.013086184520245,0.0592662051864078,0.0461800206661628,,0.052632087450540176,,0.1317829520284532,0.08132622211721971,-0.05045672991123348,0.0342546126930764,0.0455820638899272,0.011327451196850802,,0.04144264726805444,,0.0630437265137712,0.06272580021657677,-0.0003179262971944319,-0.0187894576291646,0.07814771536062674,0.09693717298979135,0.0475213975471333,0.07861140569929896,0.031090008152165664,0.0547465831709228,0.030823505019593966,-0.023923078151328832,,0.060441344869071253,,0.0926559812820166,0.08247827893588433,-0.010177702346132272,,0.014442698294328518,,0.0826310887835082,0.06889666216067605,-0.013734426622832141,0.083982706595109,0.06770807661338296,-0.016274629981726033,0.0204124093053926,0.05096520047659617,0.030552791171203568,0.0757653870877206,0.09312604763787531,0.017360660550154713,,0.05805570866785325,,0.0732432796456477,0.030434664189813793,-0.04280861545583391,0.0423114527845569,0.056247662227649195,0.013936209443092297,0.0629938597285154,0.058283159314947375,-0.004710700413568025,0.0651195204312175,0.0583212591641852,-0.006798261267032306,0.1604499219187258,0.04733823314679255,-0.11311168877193326,0.060574085339272,0.07898156744317154,0.018407482103899545,0.0608353005677127,0.0782779008522814,0.017442600284568698,0.0618030914847298,0.05449482218800919,-0.0073082692967206125,0.0757336720186211,0.06443383827398777,-0.011299833744633336,,0.05787845176269491,,,0.055036166787195265,,0.052211784140182,0.04925532681739441,-0.002956457322787591,0.0489201585810301,0.04805092266656638,-0.000869235914463716,0.1039596266795939,0.05583406651491904,-0.048125560164674855,0.0266155579008429,0.09292510306341559,0.06630954516257269,,0.017331461455580975,,0.0589252610058186,0.05866415715463136,-0.00026110385118724433,0.0575221878678033,0.06132726528028631,0.00380507741248301,0.0581272160461205,0.06922886252854633,0.011101646482425835,0.0525830250085532,0.06006250039342127,0.007479475384868074,0.0712812467309766,0.0412184986283154,-0.030062748102661206,0.0689738033945766,0.04007297783786213,-0.028900825556714464,0.0400745712841593,0.02791809844584438,-0.012156472838314916,0.0964518392050651,0.03235897385750776,-0.06409286534755734,,0.044488676118761054,,0.0484924399378266,0.08501037227696558,0.03651793233913898,-0.0396196039575129,0.051746800849808254,0.09136640480732115,0.0376193341518377,0.03943146214089922,0.0018121279890615238,0.0560774306965346,0.05372520980439689,-0.002352220892137706,0.0536500853795475,0.05174399289377387,-0.0019060924857736278,0.0143858694282828,0.05300172895244099,0.03861585952415819,,0.0713716439453391,,0.0829348003943584,0.08168564166394701,-0.0012491587304113844,0.031937542710242,0.059368032979468854,0.02743049026922685,0.0318758901648698,0.05918265161935508,0.027306761454485275,0.0350124274684328,0.056846996488539484,0.021834569020106685,0.0358781155398553,0.06270138480637201,0.02682326926651671,0.0325522811285003,0.06203817862864519,0.029485897500144888,0.0647325852258575,0.05792688227869001,-0.006805702947167487,0.0478961960174595,0.03148615029859817,-0.01641004571886133,0.0474896362198198,0.030043442066032766,-0.017446194153787037,0.0805030886003888,0.0391248093250264,-0.041378279275362397,0.047063560164217,0.054492504070988136,0.007428943906771138,0.0480653321655852,0.05205617411887882,0.00399084195329362,0.014127411687655,0.038580972322941554,0.02445356063528655
2013-08-01,,-0.02094921809110032,,-0.0393209557218983,-0.04728162000956414,-0.007960664287665835,-0.0237242909544204,-0.01665883115788248,0.007065459796537919,-0.000701468668493,-0.026791333300212737,-0.026089864631719736,0.0051242106997545,-0.02062185183861228,-0.025746062538366782,-0.0336587024976325,-0.04786577197196089,-0.014207069474328385,-0.0332878903407417,-0.048647586729815874,-0.015359696389074175,0.0004953654779453,-0.028626979545989653,-0.029122345023934952,-0.0099789184927097,-0.0143812807116992,-0.0044023622189895,-0.0102006545139982,-0.012978901420197784,-0.002778246906199584,0.0363340114102305,-0.04848647009196061,-0.08482048150219111,,-0.03255065874237728,,0.0059239903995969,-0.037447756850975775,-0.043371747250572676,,-0.03767114298168307,,-0.0663479970019749,-0.0756294008382324,-0.009281403836257501,-0.039926317013992,-0.0341997470214761,0.005726569992515897,,-0.054846979402489865,,-0.0669015110029143,-0.029820110440917293,0.03708140056199701,-0.0537963436717949,-0.03253095673276189,0.02126538693903301,-0.0351204434550389,-0.039264312756694904,-0.004143869301656007,-0.0223966030216748,-0.025498581775982368,-0.0031019787543075696,,-0.01313487801186086,,-0.0387587671230462,-0.03002859044595174,0.008730176677094456,,-0.06293351175116102,,0.0329753011057467,-0.012103411967755405,-0.04507871307350211,0.0368420443706394,-0.010637399803042288,-0.04747944417368169,-0.0571046203320981,-0.051844419083725446,0.005260201248372655,0.0451850411596728,-0.03494445546030415,-0.08012949661997695,,-0.014827672751089819,,-0.0337374918770228,-0.025152252125051663,0.00858523975197114,-0.046099392940208,-0.03239343853289575,0.013705954407312246,-0.0305181188576337,-0.04199809062292544,-0.011479971765291742,-0.0278341776138773,-0.04180269481634619,-0.013968517202468892,-0.039334951579965,-0.031207829593364607,0.008127121986600393,0.0004090479280908,-0.039204941587737345,-0.039613989515828146,-0.0014766427578084,-0.03816654059077116,-0.03668989783296276,0.0101645658480171,-0.05787686426155252,-0.06804143010956962,-0.0216007951348719,-0.021835867335607342,-0.00023507220073544152,,-0.01892860674335624,,,-0.024874012414798943,,-0.0485423770728058,-0.022972326233210112,0.02557005083959569,-0.0543206048406929,-0.02305886513507772,0.031261739705615174,-0.0654305895850139,-0.03159749571927605,0.033833093865737844,0.0383239970613548,-0.05201132311391171,-0.09033532017526652,,-0.01630722149534156,,-0.0420294457146344,-0.02725296100425615,0.014776484710378249,-0.0150719534130715,-0.05570891822753407,-0.04063696481446257,-0.0164782249505542,-0.06447360858097873,-0.04799538363042452,0.1625355121286248,-0.06942678787454917,-0.23196230000317397,-0.0287563274611852,-0.018440873155651835,0.010315454305533364,-0.0290344776824133,-0.018276037225792605,0.010758440456620694,-0.0220245874828908,-0.05292345473679964,-0.03089886725390884,0.0909111833973978,-0.018164971297872402,-0.10907615469527021,,-0.03579396481394467,,-0.0394948900892581,-0.039835033141120545,-0.000340143051862446,-0.0214172344071566,-0.032780211571886146,-0.011362977164729546,-0.0245406454161265,-0.01443612507679172,0.010104520339334781,-0.0450855187878845,-0.011517597532422265,0.033567921255462235,-0.0461043666647871,-0.008814871039444118,0.037289495625342985,-0.0121981410517306,-0.06654855644147273,-0.05435041538974213,,-0.03261125754399024,,-0.0424790954956578,-0.04951488976695945,-0.007035794271301646,-0.0513852765480035,-0.03238086626530075,0.01900441028270275,-0.0498948619319897,-0.030666919917000404,0.019227942014989296,-0.0459700704909135,-0.052643039985221046,-0.006672969494307547,-0.0163995541006836,-0.03611797020734708,-0.019718416106663483,-0.0140363957504999,-0.036449132785706134,-0.022412737035206236,-0.0237192793611061,-0.07600545252646848,-0.05228617316536238,-0.0494253028671889,-0.02141259766321133,0.02801270520397757,-0.0456627760958009,-0.02040337017235495,0.025259405923445947,-0.0709653511259393,-0.027154344286997385,0.043811006838941915,-0.0369967584521486,-0.027329349066419237,0.009667409385729363,-0.0379737913081984,-0.02474927289208078,0.013224518416117617,-0.0489270049754641,-0.04119895323431156,0.007728051741152542
2013-09-01,,0.043217427128778525,,0.0652988819093214,0.03659154343593352,-0.028707338473387876,0.0391878171866772,0.024248975498714676,-0.014938841687962525,0.0868462144195144,0.043548939648851204,-0.0432972747706632,0.0733204692290991,0.09181588703784456,0.01849541780874546,0.0309928816876307,0.03375295711285724,0.0027600754252265387,0.0304120068798312,0.03331646082915924,0.002904453949328041,0.010920959608503,0.020616396547160926,0.009695436938657926,0.0469641591786397,0.04579299191352482,-0.0011711672651148752,0.046110076387778,0.04422032727738074,-0.001889749110397257,0.0284541351678665,0.04877411331087809,0.020319978143011588,,0.009632382601136292,,0.0543035071498288,0.038018334620615275,-0.016285172529213528,,0.031465630369310764,,0.0398025383583958,0.052377873700506505,0.012575335342110708,0.0491991969997239,0.02163734127792412,-0.027561855721799783,,0.022715963633580367,,0.0169281013795201,0.04354253654084125,0.026614435161321153,0.0900637406796387,0.06278006402297803,-0.027283676656660663,0.0713772922491304,0.05894750208521946,-0.012429790163910943,0.0136748267083118,0.01387366944855552,0.00019884274024372164,,0.04110737465751231,,0.0833755934980417,0.06677868084771331,-0.016596912650328394,,0.009516072375561435,,0.014921453482505,0.05724995589614532,0.04232850241364032,0.0104540532111257,0.05637447636623258,0.04592042315510688,0.0128786546750722,0.033548954237134665,0.020670299562062466,0.1171724451939636,0.07152624048472526,-0.04564620470923833,,0.05076632110371731,,0.0010558335924983,0.01022611964654058,0.00917028605404228,0.0175770309548101,0.035172846670851736,0.017595815716041636,0.0373542424642082,0.030267648593319173,-0.00708659387088903,0.0352166964800444,0.030298620634139038,-0.0049180758459053606,0.1137608462938263,0.03638385757415697,-0.07737698871966933,0.0636354036384613,0.05511309182855303,-0.008522311809908277,0.0544880349252036,0.05348409741982478,-0.0010039375053788185,0.0498748536711438,0.044151104792297,-0.005723748878846795,0.0675115503851753,0.050511999557402286,-0.016999550827773012,,0.04330101545318157,,,0.045791592564405105,,0.0169662566866614,0.030891308532471306,0.013925051845809906,0.0112006499941139,0.028691111831077455,0.017490461836963553,-0.0024834789900655,0.03421405345438848,0.03669753244445398,0.0363189226555856,0.05415630631301577,0.017837383657430164,,0.017082780781692376,,0.0470097408284689,0.04288612031619122,-0.00412362051227768,0.0228165012497437,0.026411785507368883,0.0035952842576251823,0.0245594740059703,0.026747248930427736,0.0021877749244574377,-0.0117430651440242,0.03177834077216911,0.04352140591619331,0.0401513309982088,0.02317369429057601,-0.01697763670763279,0.0382387079734944,0.02125775556710572,-0.01698095240638868,0.0203074423002448,0.025866576283481813,0.0055591339832370135,-0.091089628596036,0.012066901876558364,0.10315653047259436,,0.01823371753321889,,0.0586414265293481,0.06823956439104112,0.009598137861693022,0.0391357678160154,0.03748264198308822,-0.001653125832927184,0.0405896952669045,0.030276734601229843,-0.010312960665674657,0.0498472442758094,0.04381597217491317,-0.006031272100896233,0.0483231379441388,0.042237337813115,-0.006085800131023798,0.043624394640215,0.04069523285869256,-0.0029291617815224436,,0.05112290819994404,,0.0663570064553998,0.05429742331762884,-0.01205958313777096,0.0415654508566274,0.03817819152825687,-0.003387259328370529,0.0458068265322433,0.037044907204313186,-0.008761919327930114,0.0088281130175186,0.0350352403177556,0.026207127300237002,0.049627759828231,0.03995709127611393,-0.009670668552117068,0.0488480433022175,0.038039470694918476,-0.010808572607299026,0.1029615156994839,0.030002788959866404,-0.07295872673961751,0.0156513205237123,0.014609930568415466,-0.0010413899552968332,0.0145529384068557,0.012444050842288232,-0.0021088875645674677,0.0528575283751811,0.030526246502083874,-0.022331281873097228,0.0548759478192781,0.038511953283912104,-0.016363994535365994,0.0544822812611313,0.03582746352556382,-0.01865481773556748,0.0061453080026025,0.027664429900497646,0.021519121897895146
2013-10-01,,0.027080882434987796,,0.0653725146289689,0.05128407772133492,-0.014088436907633978,0.0237214039193816,0.040739803945860006,0.017018400026478406,0.0250628427317318,0.05397281616483545,0.028909973433103652,-0.0066803554752293,0.04615587169118244,0.05283622716641174,0.0326294563938591,0.04357069535038965,0.010941238956530548,0.0322043083606681,0.04458845610487237,0.012384147744204273,-0.0166800809622872,0.0074036451033284,0.024083726065615603,0.0628069174472126,0.04292379415722748,-0.019883123289985122,0.068386107626629,0.045839112997648354,-0.022546994628980646,0.0637878454793968,-0.014618525896234935,-0.07840637137563174,,0.04043249545860053,,0.0294700658085016,0.051371453584321325,0.021901387775819726,,0.049276074893899,,-0.0286529436816442,0.014466464056676917,0.04311940773832112,0.0580487415520303,0.042373154973967944,-0.015675586578062353,,0.005583231060146871,,0.0206135673840453,0.04691411530602784,0.026300547921982543,0.02572700525759,0.0552708406948182,0.0295438354372282,0.0492963222382178,0.05482446499105434,0.005528142752836536,0.0688223846220098,0.04678570486318391,-0.022036679758825894,,0.03768854424170375,,0.0441204183077388,0.044664434166604185,0.0005440158588653835,,-0.050507622230583554,,0.0679737699793663,0.058638588438039076,-0.009335181541327224,0.0739388700954204,0.06027040153662975,-0.013668468558790649,0.0306138788746559,-0.0037016981607190984,-0.034315577035375,0.034395791018072,0.04162751477128782,0.0072317237532158254,,0.03165014877244255,,0.0575630654443405,0.037273097162351554,-0.020289968281988945,0.0690148503138076,0.02617364775280869,-0.0428412025609989,0.0363547735867335,0.04384149653653308,0.0074867229497995805,0.0288032330169324,0.04545727560489173,0.01665404258795933,0.0545619602034715,0.012235052262442979,-0.04232690794102852,0.0260622823558681,0.05486138498327564,0.02879910262740754,0.0242042328082679,0.057447430366499075,0.03324319755823117,0.0168000451767648,0.0015335288598418424,-0.015266516316922957,0.0370592171450308,0.036303068192122395,-0.0007561489529084031,,0.04142288893064811,,,-0.0014400870423176716,,0.0539261463336444,0.030238275584243957,-0.02368787074940044,0.0550347416320453,0.034475969769245135,-0.020558771862800168,0.0165865756155859,0.029970758586211666,0.013384182970625765,0.011494613749328,0.06156887624270463,0.050074262493376626,,0.018747302540471765,,0.0573311407972426,0.03727594983149909,-0.020055190965743513,0.0405310511185437,0.05352683542415601,0.01299578430561231,0.0370943912150829,0.05425359492392182,0.017159203708838923,0.0364974599359718,0.02472832568559759,-0.011769134250374211,0.029841457785686,0.02816411066866267,-0.0016773471170233312,0.034165633053373,0.03090260628819471,-0.003263026765178291,-0.2260977892644022,-0.06874397841050357,0.1573538108538986,0.0019571269257456,0.04377476692455255,0.04181763999880695,,0.03484720426250662,,0.0645369812174714,0.04781601543439415,-0.016720965783077246,0.0788347355883713,0.04553382823418095,-0.03330090735419035,0.0422353365083005,0.046198406216184616,0.003963069707884119,0.0449181466713422,0.042420559847088084,-0.0024975868242541194,0.0511472567626357,0.04284055514788808,-0.00830670161474762,-0.016044294069202,0.015811676789184523,0.031855970858386526,,0.04379337332262286,,0.1115062516647557,0.05772703915870261,-0.05377921250605309,0.0447876790898586,0.040182649562570026,-0.0046050295272885705,0.0486867404516234,0.04061311263962257,-0.008073627812000828,0.0343047999501274,0.022845607744290505,-0.011459192205836893,0.0644039659253896,0.04844164576804559,-0.015962320157344015,0.0722673435849072,0.048346072153373186,-0.023921271431534018,-0.0363240959354881,0.016045981659468394,0.05237007759495649,0.0358485071693391,0.03753394547589472,0.0016854383065556186,0.0316898826962027,0.03893020988150656,0.00724032718530386,0.0647127489798771,0.02408220472302478,-0.04063054425685232,0.056223886655095,0.0415341112208683,-0.014689775434226698,0.0611663269301222,0.042508789532233526,-0.018657537397888675,0.0437266430625061,0.015236924075167404,-0.028489718987338694
2013-11-01,,0.03612699585543404,,0.0352279521294908,0.03558263397180129,0.00035468184231048777,0.0277362934391974,0.02387634144894188,-0.0038599519902555203,0.053029822994928,0.03770315665492518,-0.01532666634000282,-0.008178692984911,0.060570996606643765,0.06874968959155477,0.0443001747713554,0.032443528429418104,-0.011856646341937296,0.0430151852553471,0.03230316233421611,-0.010712022921130993,-0.0036234798297924,0.015504714434774506,0.019128194264566904,0.0350108268402521,0.032799155203626494,-0.002211671636625605,0.0369564788124458,0.0326208756144614,-0.0043356031979844,0.0673607231054921,0.02048252282708228,-0.04687820027840982,,0.01618044848920198,,0.0131252269341922,0.03474991668906143,0.021624689754869232,,0.031848336638658666,,0.0840238474557849,0.03386842820532931,-0.050155419250455587,0.0069967847178642,0.02453412305832405,0.017537338340459847,,0.015078569324037281,,0.0247050701672423,0.03538353947790365,0.010678469310661354,0.0304540519875494,0.050472037835441845,0.020017985847892446,0.0220025631008829,0.048687568315390735,0.026685005214507836,0.0411182926282806,0.02014065163404531,-0.020977640994235294,,0.041596114164851546,,0.031494633120788,0.04944323731629951,0.01794860419551151,,-0.012208136293879547,,0.0509160599642755,0.04390633562842038,-0.0070097243358551165,0.0525595590189794,0.04364437530260641,-0.008915183716372989,0.0209455696107998,0.015604595380384697,-0.005340974230415104,0.0259893968573532,0.04846569976687227,0.022476302909519068,,0.029686556723315723,,0.0010215813882932,0.01738884653024498,0.01636726514195178,0.0502176475628514,0.02942352988254946,-0.02079411768030194,0.057680610294006,0.029893371465213026,-0.027787238828792974,0.0595661241315882,0.030433734259788344,-0.029132389871799853,0.1023247517999882,0.024398825510905463,-0.07792592628908274,0.0218350280944967,0.04614272305133365,0.024307694956836948,0.0207694404701962,0.045792598296135904,0.025023157825939703,0.0734877283624081,0.023733916718718117,-0.049753811643689985,0.0230051147897505,0.037178478072267394,0.014173363282516893,,0.03444427533429394,,,0.01791721061442022,,0.0230449030223426,0.024949961918273242,0.0019050588959306433,0.0196840638902287,0.02493812029814021,0.00525405640791151,-0.05484097849617,0.034686690234490225,0.08952766873066023,-0.0539555856328689,0.05022184768180355,0.10417743331467245,,0.018961029597716977,,0.0596754455825206,0.03443442861634032,-0.02524101696618028,0.0110753185849734,0.033828956532611316,0.022753637947637916,0.0112225167511777,0.03606722223537062,0.024844705484192924,0.0288947825100112,0.028171954865046776,-0.0007228276449644244,0.0509548726076497,0.02133163949576966,-0.02962323311188004,0.049752510265126,0.02106607275625704,-0.028686437508868956,-0.0217841397121447,-0.010465688286097835,0.011318451426046863,-0.1058464685459259,0.020986652409165262,0.12683312095509117,,0.022079101910978595,,0.0185764388210578,0.05121920983314586,0.03264277101208806,0.0412783304607871,0.03329912338331533,-0.007979207077471767,0.0302243939258009,0.02808134932401272,-0.0021430446017881785,0.0317128428339944,0.033419305450211184,0.0017064626162167848,0.0359738380064952,0.032385889694505086,-0.003587948311990115,0.0337710832879068,0.025726496541549723,-0.00804458674635708,,0.04518567739772538,,0.0090475533278561,0.04685941709904735,0.03781186377119125,0.008761934520054,0.03183721391848077,0.023075279398426768,0.0171185706300148,0.0312890738215714,0.014170503191556601,0.0248601825513011,0.026710135295774623,0.001849952744473523,0.0527621819611574,0.03549545720065001,-0.01726672476050739,0.0584863733996747,0.03381384264712729,-0.024672530752547404,0.0389455278109564,0.021721571674009642,-0.017223956136946758,-0.0150168892476794,0.0187556304218454,0.0337725196695248,-0.009603166079098,0.017933620772621967,0.027536786851719966,0.0300109423513509,0.024411458912148368,-0.005599483439202531,0.0320130867683286,0.033872695781265116,0.001859609012936518,0.0326413731196447,0.03245523105627751,-0.00018614206336718675,0.0602625328331817,0.01707839623282589,-0.043184136600355805
2013-12-01,,0.029845396081842387,,0.0448867630641876,0.03005664659323067,-0.014830116470956934,-0.0044286732240779,0.021999999358600534,0.026428672582678434,0.0093471216533544,0.0231864976902272,0.013839376036872799,-0.0009487449649318,0.043935797421717486,0.04488454238664929,0.0213495057037767,0.033199987463882516,0.011850481760105815,0.0222354286431463,0.03422402694364267,0.011988598300496367,0.000672979200969,0.006112503552804265,0.005439524351835265,0.0513060833492046,0.03381719099963824,-0.01748889234956636,0.0512594007329191,0.03470336849139889,-0.016556032241520205,0.0551729953818547,0.003784005965737643,-0.05138898941611706,,0.006069842104986379,,0.0468840208113909,0.02530926105686314,-0.02157475975452776,,0.020724657565834862,,0.0315098227902232,0.015000698963498019,-0.016509123826725182,0.0276229897736934,0.021018256571905303,-0.006604733201788098,,0.0001297653020826581,,0.0459752643689063,0.03010447669075423,-0.015870787678152073,0.0759177904294628,0.03088988647012409,-0.04502790395933871,0.0508654561168923,0.03062850944116769,-0.020236946675724607,-0.0135936375395277,0.01491006508744807,0.02850370262697577,,0.03004727892754306,,0.0412114844883865,0.033569603833904074,-0.007641880654482423,,-0.03159519461506104,,0.0265281972838544,0.03919116873863596,0.012662971454781562,0.0261698919903087,0.03953627471542232,0.013366382725113621,-0.0063980737968735,0.006529795150255052,0.012927868947128551,0.0826436159975159,0.04398205621088851,-0.0386615597866274,,0.02945896093661546,,0.0293206730382469,0.015999991262369874,-0.013320681775877027,0.0163260543990983,0.02180737262821865,0.00548131822912035,0.017882919046706,0.02725162296390998,0.009368703917203978,0.0174314839298244,0.027414831257659096,0.009983347327834697,0.04636588374938,0.011899874603093859,-0.03446600914628614,0.0481162543254011,0.03442155635272214,-0.013694697972678957,0.0535382694701525,0.035827395512402944,-0.017710873957749555,0.0192271317638341,-0.0015096242595219857,-0.020736756023356086,0.0546031600367039,0.029136696695494173,-0.02546646334120973,,0.029339430872204145,,,0.02501760307039246,,0.0112448055707592,0.024931846756204804,0.013687041185445604,0.012678787850922,0.025375406609297664,0.012696618758375664,0.1051375904087945,0.019173746290815648,-0.08596384411797886,0.0834484037834041,0.04398803821526933,-0.039460365568134766,,-0.006250017466134257,,0.0327388015783775,0.024564324900491565,-0.008174476677885931,0.0328225956969715,0.023425038115057566,-0.009397557581913931,0.0329477591711102,0.027569371031906584,-0.005378388139203619,-0.0283021998184916,0.008343116554257093,0.03664531637274869,0.0057274385454391,0.023144073291981287,0.01741663474654219,0.0048722962069159,0.023530504531655325,0.018658208324739425,0.0279642979668016,-0.018935972268291905,-0.04690027023509351,-0.0015361309187045,0.02016388204500377,0.02170001296370827,,0.020978376036769275,,0.040327855042395,0.031777378422353036,-0.008550476620041964,0.026065955153956,0.01761081049642305,-0.00845514465753295,-0.0111806939036249,0.020148941658566167,0.031329635562191066,0.0039729946149745,0.02913826012953069,0.025165265514556192,0.0037873684318133,0.029849396093151067,0.026062027661337767,-0.0611653655694613,-0.0053028459577344885,0.05586251961172681,,0.028160493101019375,,0.0502255667890961,0.03231437727489752,-0.01791118951419858,0.0173860585726905,0.028311204100470992,0.010925145527780494,0.0189053014147876,0.03018424683787424,0.01127894542308664,-0.0035847250235784,0.01299127703594714,0.01657600205952554,0.0314132147074448,0.028160652261287222,-0.0032525624461575767,0.0284548527095718,0.029144339235277712,0.0006894865257059124,0.0812153814825106,0.0028546251392782105,-0.07836075634323239,0.0189040323029276,0.016892460773088352,-0.002011571529839249,0.0271728453577583,0.01751026187477206,-0.00966258348298624,0.0143239393929955,0.008328902188923177,-0.005995037204072323,0.0225203546067835,0.022549795358258195,2.9440751474693605e-05,0.0150274798454314,0.023457990968843833,0.008430511123412433,0.0059523394920197,0.003606196248397394,-0.002346143243622306
2014-01-01,,-0.002879358254667676,,-0.0649895283774646,-0.049216214933807276,0.01577331344365733,-0.0477258616556883,-0.030769974176956157,0.01695588747873214,-0.0600639937017295,-0.05895355787589751,0.001110435825831986,0.007560545623577,-0.025908231692441115,-0.03346877731601811,-0.046396752407734,-0.030986146333171545,0.015410606074562454,-0.0458508090910347,-0.031004091951013668,0.014846717140021032,0.0156968132120498,-0.01877813091510768,-0.03447494412715748,0.0019488006040976,-0.022574368066965042,-0.02452316867106264,0.0030486456424734,-0.023228508594981826,-0.026277154237455226,0.0165451132180615,-0.025228022289425084,-0.04177313550748658,,-0.06386286085109176,,-0.0312977783417673,-0.0545669776630242,-0.0232691993212569,,-0.05706254463067617,,0.0091480253243642,-0.05471373021682093,-0.06386175554118513,-0.0233865323330172,-0.04423203806715216,-0.02084550573413496,,-0.047599475910007946,,-0.0059427188075491,-0.039705875397147324,-0.03376315658959822,0.0050987130094208,-0.05359766757884999,-0.05869638058827079,-0.0485021561918871,-0.05563511958705354,-0.00713296339516644,-0.0681778953611306,-0.05341457533304777,0.014763320028082831,,-0.008958170609713163,,-0.0147057731613304,-0.0374126092200839,-0.022706836058753503,,-0.04372943521066083,,-0.0599850167489728,-0.034542313670512206,0.025442703078460596,-0.0626543920796852,-0.03501143391687648,0.027642958162808727,0.000734663176761,-0.03040349267905901,-0.031138155855820013,0.0242624150589613,-0.021102006189969536,-0.045364421248930836,,-0.021946997769260516,,-0.0346029410939842,-0.036572457845671924,-0.0019695167516877235,-0.0223272587755843,-0.024743205913752946,-0.002415947138168645,-0.0615954008255092,-0.03987412536232975,0.021721275463179444,-0.0628916317165618,-0.0413727261383932,0.0215189055781686,-0.1271691179873846,-0.02366424192979305,0.10350487605759154,-0.0503678011611725,-0.049225552001873986,0.0011422491592985168,-0.0526147398758822,-0.049003142742029694,0.0036115971338525066,-0.0564129333283258,-0.05537381085304428,0.001039122475281526,0.0037791704149237,-0.025970519616843928,-0.02974969003176763,,-0.027412752711517448,,,0.011026513559082952,,-0.002991621220525,-0.020329043337143513,-0.01733742211661851,-0.0053264166074918,-0.02412241244785174,-0.01879599584035994,-0.0707499742513362,-0.02806927083658707,0.042680703414749124,-0.0313368675635964,-0.04624290111525459,-0.014906033551658184,,-0.046986058890126504,,-0.028243910981664,-0.03378165541127823,-0.005537744429614227,-0.0647378131545952,-0.06307469234937431,0.001663120805220894,-0.0693017005074426,-0.059452369051556014,0.009849331455886581,-0.0027186874913379,-0.06333922566589395,-0.06062053817455605,0.0308817709234271,-0.013879593518238115,-0.044761364441665216,0.0285715024657708,-0.01581545338666405,-0.04438695585243485,0.0376639367003667,0.002186010709527249,-0.035477925990839446,0.0743017014281202,-0.03408288258854452,-0.10838458401666473,,-0.03210567559023349,,-0.0031406522083128,-0.04743289063418152,-0.04429223842586872,-0.1632627174618096,-0.0575988667703026,0.105663850691507,-0.0508144001445535,-0.041777302760448776,0.009037097384104721,-0.0758353651458863,-0.02624266927060065,0.049592695875285656,-0.0689383152215062,-0.023591260342858023,0.04534705487864818,-0.0463339357867735,-0.08392932827556637,-0.03759539248879287,,-0.03639983864003563,,-0.0703650026730951,-0.06192789780192955,0.00843710487116555,-0.0100498506159818,-0.03189419745739703,-0.02184434684141523,-0.0215158636523812,-0.02786292334672398,-0.00634705969434278,0.0101041849397237,-0.04744704866047538,-0.05755123360019908,-0.0318540976724992,-0.045928751235163205,-0.014074653562664005,-0.0359207198056402,-0.044504282307047845,-0.008583562501407647,-0.0322252679524072,-0.07207876386329973,-0.03985349591089253,0.0160961354426236,-0.03527181489820975,-0.05136795034083334,0.0146058659915812,-0.034765159467098614,-0.049371025458679815,-0.0318940253009093,-0.04127319304249997,-0.009379167741590672,-0.0175487083248013,-0.04033302715471452,-0.02278431882991322,-0.0081794105665597,-0.037793970581676446,-0.029614560015116746,0.0082143571168738,-0.04975316476560773,-0.05796752188248153
2014-02-01,,0.04234669874960739,,0.0349106759703626,0.05007992694205907,0.015169250971696475,0.0076206240935327,0.034897719403670625,0.027277095310137923,0.0634963377729634,0.046695931388510116,-0.016800406384453286,0.0941464238744154,0.08151172219142522,-0.012634701682990176,0.0366865923029206,0.050312350050038965,0.013625757747118362,0.0366995072282414,0.051362254047291306,0.014662746819049909,0.0233957815398232,0.01609636701892672,-0.007299414520896479,0.0419879408086437,0.055791661218066294,0.013803720409422592,0.0413288417895861,0.056158369411050076,0.014829527621463973,0.0250499091993008,0.02914427447665988,0.004094365277359079,,0.01833641748774562,,0.0820974683181122,0.046864244558602136,-0.03523322375951006,,0.039242678277604366,,0.0741510027433526,0.04392954488899553,-0.030221457854357064,0.0017409434804386,0.03422090506049748,0.03247996158005888,,0.016507076510897657,,0.0125018941711069,0.05220141923664041,0.03969952506553351,0.0635572805768791,0.059689105913962565,-0.0038681746629165292,0.0622117977918404,0.058540727643431704,-0.0036710701484086936,0.0305987098555172,0.02688363025196539,-0.003715079603551809,,0.0382005032786744,,0.0577766242303842,0.06188312414077754,0.004106499910393337,,-0.015666378649365445,,0.053535800762551,0.06562346777345124,0.012087667010900235,0.0526890855971446,0.06575568522140976,0.013066599624265159,0.0085605314284945,0.026821883250895604,0.018261351822401104,0.0892777704151617,0.07505801880835854,-0.014219751606803166,,0.05538642143831084,,0.0353618625513124,0.023404684458300313,-0.011957178093012086,0.0587917614067953,0.03605342780740004,-0.022738333599395255,0.040173498577404,0.043870528805055924,0.003697030227651922,0.0412110532687209,0.044109115139441615,0.002898061870720718,0.0740180264821211,0.028690784216876174,-0.04532724226524492,0.0607072279295461,0.0604113151541082,-0.00029591277543790373,0.060226439526881,0.06121553941332917,0.000989099886448172,0.0361363308664079,0.025374328681726753,-0.010762002184681145,0.0427696725158237,0.050758609193299754,0.007988936677476056,,0.04854196101359147,,,0.0476681490743357,,0.0420056465421623,0.03900652851102934,-0.0029991180311329593,0.0469548841439586,0.03900435119067152,-0.007950532953287077,0.0102816654863379,0.029573506360952854,0.019291840874614954,0.027828290649955,0.06775055200471344,0.039922261354758445,,0.0020426276847079535,,0.0860179133980051,0.044064741201041764,-0.04195317219696334,0.0505031627118552,0.03930110505956914,-0.01120205765228606,0.0558625245350205,0.04246570821929589,-0.013396816315724605,0.1098067983018064,0.02859602966877735,-0.08121076863302905,0.0630864719612728,0.032623265149141364,-0.030463206812131438,0.0633113832898306,0.032468183948329885,-0.03084319934150072,0.0406393086702217,-0.0006332417059283454,-0.04127255037615004,0.0885809822223891,0.026368828539125887,-0.06221215368326321,,0.03092571311048646,,0.0323287975108965,0.06301105585979914,0.030682258348902647,0.0406380599675632,0.03868720312724998,-0.0019508568403132226,0.0351227771421922,0.03666666041272295,0.0015438832705307465,0.0506815539594546,0.04907973862630579,-0.0016018153331488136,0.0504971375549307,0.04895662048034886,-0.0015405170745818458,0.0038773405306637,0.02403446408335851,0.02015712355269481,,0.04765123423347597,,0.0632822492187289,0.059933850245151694,-0.0033483989735772005,0.0360833368647645,0.0471940026713243,0.011110665806559804,0.0316662008659691,0.048085944009029845,0.016419743143060744,0.0439791560056265,0.03332837878265426,-0.010650777222972238,0.0388105269057326,0.04883890679174111,0.010028379886008514,0.0444022933586392,0.04945587266532191,0.0050535793066827095,0.0229810811108691,0.026015160877470914,0.0030340797666018153,0.0287192759809124,0.0263536688032322,-0.002365607177680199,0.0250542512849216,0.02603288206189318,0.0009786307769715785,0.0317995719173159,0.02435516066861676,-0.007444411248699143,0.0443237251873878,0.040687762105828876,-0.0036359630815589253,0.0444794461247386,0.04030316579364134,-0.004176280331097258,0.0735651477180038,0.023519585896912446,-0.050045561821091364
2014-03-01,,0.016860448954396878,,0.0027818445358054,0.0289081877117234,0.026126343175918002,0.0315153324961499,0.01391957116306385,-0.01759576133308605,-0.0162857262052806,0.005749732394118864,0.02203545859939946,0.0152811801065695,-0.026116681937921236,-0.04139786204449074,0.0241942543022962,0.038939919413124774,0.014745665110828574,0.0240630072348309,0.03913515191121851,0.015072144676387612,0.0154170708491842,0.011720492718205338,-0.003696578130978862,-0.0268443967659647,-0.010932710907307769,0.015911685858656932,-0.0265702653477705,-0.007545470927327474,0.019024794420443025,-0.0208983817374246,-0.05624834698570674,-0.03534996524828214,,0.015599660227540814,,0.018946215465992,0.017481923117537167,-0.0014642923484548334,,0.0216652953146023,,0.0392327401784817,-0.018572329603345074,-0.05780506978182677,0.0141728829995809,0.0134534284823384,-0.0007194545172425001,,-0.010995307356661859,,0.018927349830542,0.0036505483257807,-0.015276801504761298,-0.0482901010458415,0.011265606933010305,0.059555707978851805,-0.0193012208999892,0.016117551781667846,0.035418772681657044,0.0172760002929416,0.01823335313221739,0.0009573528392757893,,0.024197821892783695,,0.0063074640587424,-0.007832644094574749,-0.014140108153317149,,-0.08830264468376627,,0.0273184637493113,-0.004469824743576384,-0.03178828849288769,0.0290697354249535,-0.003655211653872885,-0.03272494707882638,-0.0445300551301939,-0.037888813294512824,0.006641241835681079,-0.0814957533215007,-0.011961549204104383,0.06953420411739632,,-0.03723610593830551,,0.0401853539050966,0.01953742262640907,-0.020647931278687533,0.0222787892780505,-0.0014239779947510071,-0.023702767272801507,0.0238546615153076,0.025915572131020047,0.0020609106157124454,0.0252676877241368,0.027459118207722902,0.002191430483586103,-0.0236487517090838,-0.0036589318243249887,0.019989819884758814,0.0062882693342638,0.011170373950433028,0.0048821046161692284,0.014919380196745,0.01317102769938538,-0.0017483524973596204,0.0302062971874332,-0.02712540507343566,-0.05733170226086886,-0.0200850495896343,-0.01117159246065963,0.00891345712897467,,-0.0009890436178658646,,,-0.03363489191206538,,0.0152428415890743,-0.006838627979102443,-0.02208146956817674,0.0184404454251385,-0.0026977359270409385,-0.021138181352179437,-0.0358514328981323,0.020393866190684895,0.056245299088817195,-0.0330014791036589,0.02254502725384515,0.05554650635750405,,0.00868211949675561,,-0.0012575882408692,0.003165043531980119,0.004422631772849319,0.0378997940597137,0.04156549907733996,0.00366570501762626,0.0341481008237733,0.05354610841459782,0.019398007590824523,-0.0040477478497326,0.022489597296690776,0.026537345146423377,-0.0270880949365067,0.0028984675987859206,0.02998656253529262,-0.0244337373476046,0.006073055005659567,0.030506792353264166,-0.088604610304669,-0.10144516264412931,-0.012840552339460312,-0.0926086579727287,0.019281902549572072,0.11189056052230077,,0.02232829673714619,,0.0028343623061317,0.012861242766908995,0.010026880460777295,0.0529183573567111,0.013232858094048373,-0.039685499262662724,0.0231336757632019,0.013380860095961226,-0.009752815667240674,-0.0165351102773472,-0.006131003725617948,0.010404106551729252,-0.020903139180652,-0.005653996907553231,0.01524914227309877,0.0403075658610496,-0.01607568296988052,-0.05638324883093013,,0.022676367610421178,,0.04798511470384,0.01573416432493807,-0.03225095037890193,0.0065395196102006,0.01273383028208143,0.006194310671880829,0.0088172251117818,0.013155262339482375,0.004338037227700575,0.041546469782869,0.004617034685807939,-0.036929435097061064,0.0011624132594438,0.012674692612292215,0.011512279352848414,-0.0044384928514279,0.010295405874148702,0.014733898725576601,-0.015479949403061,-0.012688344352931613,0.002791605050129386,0.0362172211024019,0.01541901204829534,-0.02079820905410656,0.0396948793394675,0.016680559269812222,-0.023014320069655276,0.0293475739901836,0.0013598357822584058,-0.027987738207925196,0.0033020024848546,0.011720574018463732,0.008418571533609132,0.0024725071141802,0.012714543233189034,0.010242036119008834,0.069955563504865,-0.016237447126030438,-0.08619301063089543
2014-04-01,,-0.014645924913437568,,0.0266520518801172,0.00012150648100540013,-0.026530545399111802,0.0366510664112448,0.014351299782515635,-0.022299766628729165,-0.0344576997098606,0.0022803854137779106,0.03673808512363851,0.0004466306238225,-0.04108444613436805,-0.041531076758190545,-0.0200923843318762,-0.0018179191454669947,0.018274465186409208,-0.0186463684184155,-0.0005635586804545959,0.018082809737960906,0.0086377022630386,-0.024351573458123322,-0.03298927572116192,-0.0135363373354092,-0.0005041249132460486,0.013032212422163151,-0.0097050298983005,0.005041858226715452,0.014746888125015952,-0.0209760988786828,-0.08967737519650253,-0.06870127631781972,,0.012768067731326379,,0.012197824030341,0.0013618452245497843,-0.010835978805791216,,0.003995025180678947,,-0.03254102986017,-0.07394092477151809,-0.041399894911348094,0.0005769517946271,0.007506749813963203,0.006929798019336103,,-0.04776700585460526,,0.0214651185198458,-0.0033235517036579137,-0.024788670223503714,-0.0339971401069041,-0.013683606938461742,0.02031353316844236,-0.0087391588659232,-0.01387333607375226,-0.00513417720782906,0.0287448947388477,0.021942134771540535,-0.006802759967307163,,0.001113336955881358,,-0.0339084751542983,-0.02692524477385563,0.006983230380442667,,-0.1109694045747705,,0.0455769382747423,0.006948453491788826,-0.03862848478295348,0.0530847765942371,0.010244957397117898,-0.0428398191971192,-0.0342360825506138,-0.06497910803112636,-0.03074302548051256,-0.038526229033925,-0.032890503844436286,0.005635725189488711,,-0.019856273327823436,,-0.0021342618723509,0.01732663896373045,0.019460900836081353,-0.019881628989344,-0.019877088059154127,4.5409301898738375e-06,-0.0110186970671728,0.0008413288472649315,0.01186002591443773,-0.0123620407062381,0.0025946221357477034,0.014956662841985803,0.0585236625196316,-0.035693196231196524,-0.09421685875082812,0.0077626455962297,-0.009762360824554879,-0.017525006420784577,0.0187075881234501,-0.004676049004652775,-0.023383637128102878,-0.0095236254031673,-0.07453263543580678,-0.06500901003263948,-0.0298306152476025,-0.017010840528696208,0.012819774718906291,,-0.002909232907027079,,,-0.05060072708985565,,-0.0243104140716666,-0.006362847879604032,0.017947566192062565,-0.0228437823936326,-2.2198223459769968e-05,0.02282158417017283,2.129132824146744,-0.013899968410244557,-2.1430327925569888,0.0195100426171333,-0.005794035490166868,-0.02530407810730017,,-0.009849937416737564,,0.0047642680654431,-0.012082945896557645,-0.016847213962000746,0.0545367673724302,0.005295153181261435,-0.049241614191168764,0.0537433413060305,0.0036232546651381436,-0.050120086640892354,0.0420694433506091,-0.03999317464924928,-0.08206261799985838,0.0006878017851653,0.001823479171000761,0.001135677385835461,0.005438101391024,0.006590091375089591,0.0011519899840655903,-0.1655216728282949,-0.13270671593063055,0.032814956897664366,0.0137858671530899,0.02643763663114816,0.012651769478058258,,0.004169127183138447,,-0.0195600692362379,-0.02841549507779605,-0.00885542584155815,-0.0183063831129226,-0.004032656751564698,0.014273726361357902,-0.0165033240764544,0.0143734406379128,0.030876764714367202,-0.0151166993322732,0.0011140013071310835,0.016230700639404284,-0.0119606913727608,0.004764039967320173,0.016724731340080973,-0.0100520253096344,-0.06360376082670115,-0.05355173551706675,,-0.013444977178029675,,0.00392542615747,-0.012432231533282974,-0.016357657690752973,0.0032785829817241,-0.0053080067463341495,-0.00858658972805825,0.0025148006131067,-0.002250950163144015,-0.004765750776250716,-0.0164115311039183,-0.03567714758008892,-0.01926561647617062,0.0145884431708646,-0.0019960559408158047,-0.016584499111680404,0.0152874102675688,-0.00045972164695376396,-0.015747131914522563,0.0504865333848743,-0.05625377485667957,-0.10674030824155387,0.0356742824824579,0.015679956420201382,-0.01999432606225652,0.0394631712323275,0.019776765766038762,-0.01968640546628874,-0.0289759527765863,-0.01849501726865502,0.01048093550793128,-0.0026269727387363,-0.00411019135347415,-0.0014832186147378502,-0.0084057096634759,0.001060847225569663,0.009466556889045564,-0.0150806095766065,-0.035059622829415486,-0.019979013252808986
2014-05-01,,0.017055514237951486,,0.0115600790054103,0.020543408784995627,0.008983329779585327,0.0092320611798477,0.01881110345693129,0.00957904227708359,0.0309816050684092,0.011107283745487891,-0.019874321322921308,0.0137016403707769,0.027678448470045948,0.013976808099269048,0.020118402384,0.029133640514791878,0.00901523813079188,0.0210927717833459,0.030627484618875406,0.009534712835529507,0.0056590980596261,-0.0020493954419729976,-0.007708493501599098,0.0286936539960752,0.03110882188525526,0.0024151678891800588,0.0299239510606062,0.03338503707886079,0.003461086018254591,-0.0343318908701647,-0.019089590330446205,0.015242300539718496,,-0.002967207779455493,,0.0319812131745494,0.015714369723048037,-0.01626684345150136,,0.009436281367031807,,-0.029956900870241,-0.011872312445484501,0.0180845884247565,0.0383468400368567,0.010437332944477858,-0.02790950709237884,,-0.01918798682808193,,0.0308925500284832,0.021602587080040567,-0.009289962948442632,0.0242890848353545,0.01503387544117999,-0.00925520939417451,0.0148060930765307,0.014833361911789444,2.7268835258744545e-05,-0.0066709657726291,0.008647840654887811,0.015318806427516912,,0.009546611321534226,,0.0079893567937601,0.015168016974223123,0.007178660180463023,,-0.0615047519069972,,0.052214149012211,0.034054867627135776,-0.01815928138507522,0.0549878924304149,0.035258804641939326,-0.019729087788475576,-0.0208617610679645,-0.011814276786714536,0.009047484281249966,0.0369324093314166,0.033359763815721824,-0.003572645515694778,,0.025122336340631303,,0.0385093055096171,0.008937453078753061,-0.029571852430864038,0.0633733310824519,0.004464377114325009,-0.05890895396812689,0.0194007550003338,0.019794704164850928,0.0003939491645171267,0.0246145993396546,0.019965046606955267,-0.004649552732699333,-0.0295109870663302,-0.0008829546643510553,0.028628032401979146,0.0081330709026686,0.019515708170907906,0.011382637268239305,0.0109642258940944,0.022127806360635403,0.011163580466541003,-0.0290091252958304,-0.024057062319046307,0.004952062976784091,0.0318398503832533,0.016154442553337867,-0.015685407829915433,,0.02044279856781122,,,0.028208036923113803,,0.0389276075763394,0.015422662189984825,-0.02350494538635458,0.0400077811876744,0.016521974157853482,-0.02348580702982092,-0.0566126890557738,-0.0035298597362113434,0.05308282931956246,-0.0222592290304875,0.02550198912341945,0.04776121815390695,,-0.02531797070440116,,0.0490971073757324,0.012242575585808959,-0.03685453178992344,0.0121685479450186,0.007850031514247778,-0.0043185164307708215,0.0167544145928206,0.011325400850735523,-0.005429013742085077,-0.0056745458133764,-0.012002447017560203,-0.006327901204183803,0.0063270344966118,0.01583195844969131,0.00950492395307951,0.0070078076070081,0.01690871495205628,0.00990090734504818,-0.0677950917792177,-0.03987754253334243,0.02791754924587528,-0.0705275723543597,0.011461902103460658,0.08198947445782036,,0.012045782479461538,,0.057233921331608,0.017415167467829975,-0.03981875386377802,-0.0053832613467683,0.0054851343153681405,0.01086839566213644,0.0268480238278999,0.015926728996494156,-0.010921294831405744,-0.0059420532405617,0.023074645252770136,0.029016698493331834,-0.0060671381891284,0.02535613950119778,0.031423277690326185,0.0439545919556147,-0.02967356036443041,-0.0736281523200451,,0.00948301025860317,,-0.0022653525224934,0.01519736334400763,0.01746271586650103,0.0187693155111776,0.02145126009270631,0.0026819445815287127,0.018900863069227,0.02442236404804701,0.00552150097882001,-0.0052962967769987,-0.0028943162502968445,0.002401980526701855,0.0535066418460973,0.017255674300292474,-0.03625096754580483,0.0570827359151846,0.019346499730181755,-0.03773623618500284,-0.0692076956620377,-0.02265427940317711,0.04655341625886059,0.0026252824526197,0.011363092496395449,0.008737810043775749,0.00365800565506,0.01269570979897101,0.00903770414391101,0.022674002786001,-0.00544129692363312,-0.02811529970963412,0.0306151647424902,0.010423669937606989,-0.020191494804883213,0.043681254846213,0.012933633163911308,-0.03074762168230169,-0.0419105396134862,-0.009256236239803066,0.032654303373683136
2014-06-01,,0.04276084636795223,,-0.0175250060813881,0.026631567462536188,0.044156573543924285,0.0534569792943915,0.012730042719489002,-0.0407269365749025,0.0068682801579113,0.022524333959696132,0.015656053801784833,0.05924105845962,0.07981245810147383,0.02057139964185383,0.0274888183361144,0.03404798760384074,0.006559169267726345,0.0265991852393103,0.03348247217062277,0.0068832869313124705,0.0237782423872788,0.023424132446584162,-0.0003541099406946385,0.0194134503395805,0.03374108547424605,0.014327635134665548,0.0146379737390406,0.031653840121221036,0.017015866382180438,0.0486037684568704,0.04763031111927268,-0.0009734573375977246,,-0.009532842526170229,,0.0142370126888708,0.023201534104054126,0.008964521415183327,,0.015821874599746447,,0.0203760834190519,0.046911322538945865,0.026535239119893965,0.0058513229833866,0.0063245944617558655,0.00047327147836926514,,0.01677776395946702,,0.0250841414514956,0.0300739016607724,0.0049897602092768,0.023997951432903,0.046930499075357505,0.022932547642454504,0.0418482057865164,0.044429775058837516,0.002581569272321116,-0.0115096653001606,-0.0048308471825254645,0.006678818117635136,,0.031304719853545625,,0.0392351439351868,0.052689142205695885,0.013453998270509082,,0.00371946345477267,,0.040955915556276,0.03935477577825332,-0.0016011397780226824,0.0379378195486458,0.03784946657406134,-8.835297458446162e-05,0.0487940922759586,0.03039419824703878,-0.01839989402891982,0.0212632776660675,0.06587707589319919,0.044613798227131685,,0.038094097429768596,,-0.0115766379982434,-0.0030160983626433538,0.008560539635600047,-0.0055879987118931,0.02576526930423423,0.031353268016127325,0.0337290254992759,0.022710878663731886,-0.011018146835544015,0.0405202393166619,0.0221646264235579,-0.018355612893103997,0.0209763761839596,0.03485530624798597,0.013878930064026369,0.0456404683863563,0.039889215187273744,-0.005751253199082554,0.0403925236206055,0.037658710242656976,-0.0027338133779485213,-0.0022887796057776,0.03917033029427006,0.04145910990004766,0.0291411156157597,0.03821429545998036,0.009073179844220663,,0.030693036704565066,,,0.057047667628878536,,0.0221222470636188,0.020253017465834643,-0.0018692295977841555,0.0198870662252313,0.01645878629639671,-0.003428279928834592,-0.078282230101963,0.024714391010288196,0.10299662111225119,0.0320565503051768,0.039404624348763566,0.007348074043586769,,0.0020253971229508717,,0.0474184740905611,0.03181252569527622,-0.015605948395284883,0.0527567472933967,0.012572158133624,-0.0401845891597727,0.0597500457018712,0.017156133033386044,-0.042593912668485154,0.0042230113467008,0.027256848163429315,0.023033836816728517,0.0205302073599082,0.015003335702667042,-0.0055268716572411565,0.0178409533674081,0.012218074261099427,-0.005622879106308673,0.0009508174216252,0.037824903245045685,0.036874085823420485,0.1891742143059414,-0.005259676194755741,-0.19443389050069712,,0.010170410073051224,,0.0507104453894011,0.06012273180274947,0.009412286413348368,0.0009414974761745,0.02157905898102926,0.02063756150485476,0.028025147181037,0.015249945412209753,-0.012775201768827248,0.0126519455983421,0.02995098140368982,0.01729903580534772,0.00555119539472,0.028588263706488887,0.02303706831176889,0.0106486856304485,0.02789909356505447,0.017250407934605968,,0.041143946110358355,,0.0266845837037767,0.03764679341722416,0.010962209713447461,0.0276041968462462,0.030759156253766462,0.003154959407520263,0.0207879071798417,0.0300739386851966,0.0092860315053549,0.0192289412282639,0.02945641048561801,0.01022746925735411,0.0203018338740023,0.026117153743624066,0.005815319869621766,0.016581158121805,0.024046777648272354,0.0074656195264673555,0.0665280077248346,0.018193503490691154,-0.04833450423414344,0.051803454230439,0.001609944179734789,-0.05019351005070421,0.0511748156383293,-0.0011352591123946192,-0.05231007475072392,0.0596322300016656,0.019988394517630785,-0.039643835484034814,0.0094656221889797,0.025711390771148857,0.016245768582169157,0.0019898043086409,0.022884875970360277,0.02089507166171938,0.0140266025307427,0.017956168338016915,0.003929565807274214
2014-07-01,,-0.022708147480810098,,-0.0495571704342269,-0.027793261769514882,0.02176390866471202,-0.0221734170809678,-0.004338185763570589,0.01783523131739721,-0.0081164667229722,-0.03143371552005035,-0.023317248797078152,-0.0235742807866248,-0.061850579801927576,-0.03827629901530277,-0.0007360931408476,-0.021838911496042977,-0.021102818355195375,0.001519471067435,-0.020274347921969332,-0.021793818989404332,0.0067770231190192,-0.03569814425322341,-0.042475167372242606,0.0079516874689919,-0.014054868664103621,-0.02200655613309552,0.0143377668047173,-0.00933526584175488,-0.023673032646472178,-0.0586949398578935,-0.0931539267152272,-0.034458986857333694,,-0.018332836831475297,,-0.0121031886894475,-0.029374789852124036,-0.017271601162676536,,-0.027706085289615736,,0.0218646387363123,-0.09502511085360504,-0.11688974958991735,0.0064205685569356,-0.014004421011782418,-0.020424989568718018,,-0.06508936129138712,,0.026623376896562,-0.02570587107319626,-0.052329247969758255,-0.1041242921045348,-0.04872652729461574,0.055397764809919064,-0.0642093741504892,-0.04893301362019582,0.015276360530293381,-0.0295414868281816,-0.005665962476995913,0.023875524351185687,,-0.01183970375533332,,-0.0985016177910231,-0.05068546552696417,0.04781615226405892,,-0.10875453832340674,,0.0028636051706633,-0.016437811479911052,-0.019301416650574353,0.0091214453169271,-0.013557637338151964,-0.022679082655079064,-0.0647666947077095,-0.07034966155742983,-0.0055829668497203305,-0.0148121484640832,-0.04700793329822464,-0.03219578483414144,,-0.029141094427041107,,-0.0375218716260556,-0.0010766943807010232,0.03644517724535458,0.0286295656289228,-0.031801172213320746,-0.060430737842243544,-0.0285257163805375,-0.021481339330537082,0.007044377050000418,-0.0189790233837712,-0.020826962996091672,-0.001847939612320472,-0.1191877257191743,-0.048763513151332864,0.07042421256784143,-0.0638034965904559,-0.03906667750596119,0.024736819084494703,-0.0564847153392644,-0.033910906475329676,0.022573808863934723,-0.0940333931693643,-0.0973999452701077,-0.0033665521007434085,-0.0375868529852553,-0.032341328377038125,0.0052455246082171725,,-0.019947309454339625,,,-0.042352352314609695,,-0.0016676624151274,-0.015294437569338695,-0.013626775154211295,0.0044351313844845,-0.011126078275841769,-0.015561209660326269,-0.0499737631923797,-0.03218656931161857,0.01778719388076113,0.0400419831883759,-0.03220081562941397,-0.07224279881778987,,-0.036835156639952946,,-0.0417562801947484,-0.032236303600548404,0.009519976594199994,-0.036905829936237,-0.02886495662963051,0.008040873306606487,-0.0304971790627639,-0.02937632475624387,0.0011208543065200326,-0.054155528395891,-0.0712162523818804,-0.017060723985989394,-0.0080026018104288,-0.005099550246779607,0.0029030515636491935,-0.0048266845685768,-0.0014949001814480046,0.003331784387128795,-0.0506067058001462,-0.10933758455575386,-0.05873087875560766,-0.0250286609977546,0.008399774912684491,0.03342843591043909,,-0.012175239345415059,,-0.0260122879440833,-0.06093337953764663,-0.03492109159356333,-0.0781141420198974,-0.03693405212050961,0.04118008989938779,-0.0254956728060966,-0.01182846342241633,0.01366720938368027,-0.0139792166661294,-0.015740673837655907,-0.0017614571715265058,-0.0083461500237182,-0.010881464451882488,-0.002535314428164289,-0.0749649077137997,-0.10123325873506119,-0.026268351021261488,,-0.039573248072155016,,-0.0475858332514199,-0.0473547449304413,0.00023108832097860216,0.0038833213233436,-0.024298792314786898,-0.028182113638130498,0.0081368437184294,-0.019098023751207165,-0.027234867469636565,-0.0312317407298533,-0.058246809993742966,-0.027015069263889666,-0.0057888318170152,-0.02762912240613045,-0.02184029058911525,-0.0064404013377948,-0.024230140884731122,-0.01778973954693632,-0.0504914479842331,-0.08316012899143754,-0.03266868100720444,-0.045803894446115,-0.0028886308238500087,0.042915263622264985,-0.0328248827930064,0.0016391923852055023,0.03446407517821191,-0.0611521755214726,-0.041009219781549304,0.020142955739923293,-0.0265541201345861,-0.028528061143103692,-0.0019739410085175928,-0.0169263503825649,-0.02198053816826339,-0.0050541877856984906,-0.0176523292236401,-0.05567403927956712,-0.03802171005592702
2014-08-01,,0.04060353179329933,,0.0425144243027801,0.044005658825117616,0.0014912345223375145,0.0444180155296691,0.030634186274377098,-0.013783829255292,0.0281382838383676,0.040223395718645104,0.012085111880277503,0.0481566337358238,0.07764577681292915,0.029489143077105352,0.0210825673311948,0.04557867109597217,0.024496103764777368,0.0209366510780754,0.04654718789547613,0.025610536817400727,0.008902529757684,0.01454778278260549,0.00564525302492149,0.0308128954823988,0.051965056916963515,0.021152161434564713,0.0288124734216146,0.05209061526904411,0.023278141847429514,0.0223768325664907,0.028938805337299506,0.006561972770808805,,0.012226161965014894,,0.0454604637119915,0.04061539324975242,-0.00484507046223908,,0.03298640527572014,,0.087173550503483,0.04006753223097917,-0.047106018272503825,0.0126233802211838,0.029088759342875362,0.016465379121691562,,0.013535037305206,,0.0315100616382341,0.04712476757917059,0.015614705940936488,0.0738428132426044,0.053481871068220554,-0.020360942174383848,0.0806945541558466,0.05217009263766156,-0.028524461518185044,0.0541272781219926,0.020955679304620257,-0.03317159881737234,,0.03562542859922656,,0.039548639413356,0.05732513491224227,0.01777649549888627,,-0.014669414254942907,,0.0646329945472877,0.06024636402086022,-0.0043866305264274805,0.0633612521608116,0.06024511381293049,-0.003116138347881117,0.3519397812889524,0.02545935949629416,-0.32648042179265824,-0.0357760423882567,0.07142413125106437,0.10720017363932106,,0.05240088660723663,,0.049504439524908,0.018976987062454875,-0.030527452462453128,0.0467899727641906,0.03318339095183817,-0.013606581812352428,0.0489188913025523,0.03876483522189339,-0.010154056080658912,0.0452077571878835,0.03881965676008609,-0.006388100427797409,0.0668938680488856,0.026710471835150268,-0.04018339621373533,0.0474765537673257,0.05436403311149152,0.006887479344165823,0.0488011963640042,0.05499704196059913,0.006195845596594932,-0.0155819317354006,0.02237499264397194,0.03795692437937254,0.0325720268834438,0.04727976153980737,0.014707734656363568,,0.04457846606433629,,,0.04830814186532694,,0.0176499731092922,0.03607295978592617,0.018422986676633973,0.0168098108224321,0.03557309754130229,0.018763286718870193,-0.0687799836891287,0.026325808019911405,0.0951057917090401,-0.0219597434176145,0.06135315758293347,0.08331290100054797,,-0.0014583812041122713,,0.0590004148431836,0.03999426743765632,-0.01900614740552728,0.0189211712378674,0.032304206613258196,0.013383035375390796,0.0124485570975294,0.0355254484481545,0.0230768913506251,-0.0176362334333718,0.023421354416570214,0.04105758784994201,0.0601936159818592,0.03012375609869492,-0.03006985988316428,0.0596007527509429,0.029669625852769332,-0.029931126898173566,-0.0307755714391717,0.003999271274338236,0.03477484271350994,0.0355039220782578,0.021754983753674323,-0.01374893832458348,,0.026847018670939415,,0.0579167647629397,0.05753320156679173,-0.00038356319614796935,0.0172484001400547,0.03273336444709506,0.015484964307040362,0.0040173688104097,0.031527798579920115,0.027510429769510417,0.0706948662713858,0.04514922203586323,-0.025545644235522566,0.0725675391430656,0.045133883912108555,-0.027433655230957046,0.0062308903023422,0.018525994955295177,0.012295104652952978,,0.043066324790731705,,0.0637124297045488,0.052959581650281445,-0.01075284805426735,0.0398721233911253,0.042875036632358456,0.0030029132412331544,0.0422289641008117,0.04394788214528671,0.0017189180444750068,0.0469712486498594,0.029246777096214885,-0.017724471553644518,0.0428624659391023,0.04328448369933227,0.00042201776022997295,0.045640026435837,0.04396195011507706,-0.00167807632075994,0.0363997539846325,0.021014456743946506,-0.015385297240685995,0.0534164712103325,0.022011564592922347,-0.031404906617410154,0.0524213646301701,0.021617092693328496,-0.030804271936841605,0.0645220271401665,0.020705889736870837,-0.043816137403295666,0.039953616791325,0.035961763371180955,-0.003991853420144048,0.0355613509769615,0.03563739057723707,7.603960027556533e-05,0.0023122758945863,0.019869290942574835,0.017557015047988535
2014-09-01,,-0.02600919377055521,,-0.0074949732869142,-0.034118554837474106,-0.026623581550559907,-0.0183726813600404,-0.004892450097710444,0.013480231262329955,0.0529228893738077,-0.027010841313025134,-0.07993373068683284,-0.1239875329258319,-0.047083080986633385,0.07690445193919851,-0.0136937573641969,-0.031805676601772026,-0.018111919237575127,-0.0128467411621648,-0.030593160242748274,-0.017746419080583473,-0.016435943840907,-0.03858421719716061,-0.022148273356253613,-0.0102457907978866,-0.007655415177953981,0.002590375619932619,-0.0053751936121927,-0.0033967312927996344,0.0019784623193930652,0.0255976669203228,-0.08395553629037741,-0.10955320321070021,,-0.02084779950729663,,-0.0347659831484175,-0.030410259468273342,0.004355723680144159,,-0.03038790666325128,,-0.1508393853796054,-0.09564401246744696,0.05519537291215844,-0.0208158359076164,-0.01834309109854375,0.0024727448090726516,,-0.06703746766796281,,-0.0228512518879468,-0.023862513872980152,-0.001011261985033353,-0.0613379124986206,-0.04414545672212029,0.01719245577650031,-0.0321247752284721,-0.04703386887808336,-0.014909093649611266,0.0017867325627725,-0.00822740263592502,-0.010014135198697519,,-0.01641744543744224,,-0.0668136555400633,-0.04423387269430763,0.022579782845755667,,-0.10037461144762533,,-0.0149552840981438,-0.008039821544419186,0.006915462553724614,-0.0107847587454013,-0.0050667135490147525,0.005718045196386547,-0.0439625101881032,-0.06741077757669801,-0.02344826738859481,-0.0377659405681902,-0.04140627226119685,-0.0036403316930066487,,-0.017083403091218557,,-0.01289482844187,-0.006728813584322018,0.0061660148575479815,-0.0231841866438738,-0.03363632503958211,-0.01045213839570831,-0.0214039942877582,-0.027959109767998255,-0.006555115480240056,-0.0182214549313692,-0.02738173877092039,-0.00916028383955119,-0.0595549703379816,-0.04724097410847647,0.01231399622950513,-0.0689307037250109,-0.038399802045747715,0.03053090167926318,-0.0693840504006631,-0.033777437109542306,0.035606613291120796,-0.0750487027207863,-0.09169843637697056,-0.01664973365618426,-0.0262622579882098,-0.0271271394062349,-0.000864881418025102,,-0.016627957226416464,,,-0.03496282658190425,,-0.0295168046876062,-0.014925586651908641,0.014591218035697557,-0.0270561446221034,-0.0115253332245913,0.015530811397512102,-0.0971529015009513,-0.03793335969752693,0.05921954180342436,-0.1161637688341392,-0.038568231468141714,0.07759553736599749,,-0.03519378601750715,,-0.0498407379428069,-0.03047757600849313,0.01936316193431377,-0.0744786825041401,-0.03999427206975227,0.034484410434387824,-0.0679741399973741,-0.045137975231669805,0.022836164765704298,-0.1123836777559974,-0.0789530927476035,0.03343058500839391,0.0107887225106499,-0.007241558381254224,-0.018030280891904123,0.0135127199743027,-0.004306708225560715,-0.017819428199863416,-0.1082915528257546,-0.09792598338768478,0.010365569438069822,-0.1983001097831392,0.0032316609395949105,0.2015317707227341,,-0.019934649484802825,,-0.0386829606113671,-0.057072283294165124,-0.018389322682798026,-0.0580098135777275,-0.035504261513072115,0.022505552064655383,-0.008265782439483,-0.009207712513294629,-0.0009419300738116292,-0.0082689972490104,-0.009613542726230592,-0.001344545477220193,-0.0031096984516298,-0.00478214708194262,-0.0016724486303128197,-0.0177347358868473,-0.09658291875627191,-0.0788481828694246,,-0.04155291508456677,,-0.0627070748525505,-0.04832556854032521,0.014381506312225296,-0.0297860881203267,-0.02583787646657296,0.003948211653753739,-0.0182861277243812,-0.02115965657165597,-0.0028735288472747714,-0.0694721717119009,-0.06071725163117609,0.008754920080724808,0.0090279305107144,-0.028801739266664926,-0.037829669777379324,0.0184968362241228,-0.025630094930148756,-0.044126931154271555,-0.0594932995176994,-0.08619104580172862,-0.026697746284029225,-0.0269701983954294,-0.006088572439388065,0.020881625956041334,-0.0217433706501007,-0.002112412691452063,0.019630957958648637,-0.0617421825639403,-0.03880400512192622,0.022938177442014075,-0.0187292931238639,-0.028178905505392312,-0.009449612381528413,-0.0071820373027864,-0.02204938507313653,-0.01486734777035013,-0.0286268592854269,-0.05209541408821681,-0.02346855480278991
2014-10-01,,0.0366085961767002,,0.0174994249896292,0.01940170834183257,0.0019022833522033683,0.0086564202666165,0.015046973467067414,0.006390553200450915,0.0268361796903479,0.038388755076827645,0.011552575386479746,0.0231687917329732,0.07168354503451804,0.04851475330154484,0.0271177368593813,0.006366779166547691,-0.020750957692833607,0.0246673594096447,0.005051876770497649,-0.01961548263914705,0.0081526939469339,0.0125248272711535,0.004372133324219599,0.0133747575874764,0.026751566263734282,0.013376808676257882,0.0100039166881991,0.024418104089300965,0.014414187401101865,-0.0341631183583068,0.04306378481076421,0.077226903169071,,0.011778916960711787,,-0.0348054589896053,0.025477066078033513,0.060282525067638815,,0.02476783065771238,,-0.0155422846559065,0.04224710183836879,0.05778938649427529,0.0218135203341425,0.019066387405340036,-0.002747132928802465,,0.02240091880359435,,0.0052158464612125,0.029203171738491632,0.023987325277279134,0.0589662927454509,0.05178205662197562,-0.007184236123475282,0.0373632858203183,0.04647775529196228,0.00911446947164398,0.0431220000704631,0.012468229686072627,-0.030653770384390475,,0.053639441497163556,,0.0509186143472438,0.058103063721089504,0.007184449373845707,,0.02674147421818199,,0.0395828239135239,0.039784000841528146,0.0002011769280042472,0.041579546061353,0.038694261308580155,-0.002885284752772846,-0.1146565877231658,0.026644574237922172,0.14130116196108797,-0.0137616047958036,0.043769909866828334,0.057531514662631934,,0.03150453768401797,,0.0198359369927503,0.010385206466098387,-0.009450730526651914,0.0650850267466746,0.03645025829531181,-0.028634768451362792,0.0364258012717351,0.014012621394404807,-0.022413179877330294,0.0298899982655583,0.014293542692046092,-0.015596455573512207,0.0850218445872196,0.028464034722614533,-0.05655780986460507,0.030957237405561,0.04280727939197686,0.011850041986415857,0.0374527352229674,0.04055176743927557,0.0030990322163081674,0.0355675057800285,0.03797608764944819,0.002408581869419689,0.0291324020328716,0.042990783616048,0.013858381583176402,,0.03388530322603732,,,0.00640082298299272,,0.076994383035682,0.025437923776895483,-0.05155645925878652,0.0770390400692695,0.023612053752024496,-0.053426986317245004,-0.0382465046538143,0.045566633736203024,0.08381313839001733,-0.0822509701790375,0.04265026384372838,0.12490123402276587,,0.03792379522233609,,0.0498128772463366,0.035507009786039705,-0.014305867460296898,-0.0342213692589385,0.021278852732503153,0.05550022199144165,-0.0267523368013883,0.018056893487267314,0.04480923028865562,-0.1061486510912441,0.02366124566769531,0.12980989675893942,0.0378916391426259,0.019053782691979087,-0.018837856450646815,0.0374635890471774,0.017224948783628426,-0.020238640263548973,-0.0730602240005977,0.020668098123824547,0.09372832212442224,-0.1932061544767619,0.017935411971613975,0.21114156644837587,,0.012189075998661363,,0.0158292171124999,0.047517644644089134,0.031688427531589236,0.0335361096334341,0.031501771771602974,-0.0020343378618311245,-0.0017957102589293,0.022043833136209435,0.023839543395138735,0.0220788194902887,0.03290631065689539,0.010827491166606692,0.0164860991918437,0.03054786070093343,0.014061761509089728,0.0922846607406995,0.0377479072823911,-0.054536753458308405,,0.04843122090441026,,0.0232650060633879,0.04214404378862669,0.01887903772523879,0.0568640719319754,0.02116221814253819,-0.035701853789437216,0.0556899188760828,0.019315389558978453,-0.036374529317104345,0.0333915658426337,0.025005363269068208,-0.008386202573565489,0.0333026569318983,0.02877855928611249,-0.0045240976457858115,0.0355335234428592,0.025704665117680582,-0.009828858325178616,0.0784703569310056,0.029114443098955434,-0.049355913832050166,0.050243724483533,0.011806662283353083,-0.03843706220017992,0.0350273911514546,0.010006799343467494,-0.025020591807987103,0.1379614307974672,0.030931802772288575,-0.10702962802517862,0.028311768712396,0.03339628231843982,0.005084513606043822,0.0291862752369977,0.030402416479888165,0.0012161412428904651,-0.0093861214795921,0.02133791293222618,0.030724034411818278
2014-11-01,,0.003803718605923657,,0.0377007818429213,0.0084198631451886,-0.029280918697732698,-0.0073641899637507,0.026008221782031132,0.03337241174578183,0.0744397865467341,0.03314579761400133,-0.04129398893273277,0.0648905548444919,0.03375115719704836,-0.031139397647443535,0.020550908155329,-0.008022973535127835,-0.028573881690456833,0.022359581660064,-0.006648666330221564,-0.029008247990285563,0.0185322351048346,-0.02445621249617564,-0.04298844760101024,0.0247501840989945,0.04114506370145251,0.016394879602458008,0.0251067440714857,0.04365283116939751,0.018546087097911813,0.0025459298791463,-0.022385837582375258,-0.024931767461521558,,0.01768766422625595,,-0.0059479190036745,0.018603183365593138,0.02455110236926764,,0.015724714612134736,,-0.0771757562708866,-0.026301625515529472,0.05087413075535713,0.0296582973028676,0.02442991947091953,-0.005228377831948069,,-0.023105371214187775,,0.0784710363829408,0.027811254404396933,-0.050659781978543865,0.0361698900770657,0.02008912534371799,-0.016080764733347706,0.0174449133544657,0.01442672731855945,-0.0030181860359062493,0.0312023407990551,0.029073738394270063,-0.0021286024047850356,,0.023248399448838022,,0.0002164063902212,0.02557433660377646,0.025357930213555258,,-0.0387978202090971,,0.0724754354898089,0.05238332964442629,-0.020092105845382617,0.0780916128115564,0.05487476389845732,-0.023216848913099074,0.0087526421102479,-0.015040266156926316,-0.023792908267174215,-0.0165854519885614,0.020852620505847384,0.03743807249440878,,0.04214815941203139,,0.0589190380099971,0.022004630985736337,-0.03691440702426076,0.0262967322499911,0.013522149648027783,-0.012774582601963317,0.0241674276528941,0.006878948061646896,-0.017288479591247206,0.0329555686586872,0.007741204561172594,-0.025214364097514604,-0.0795978278862187,-0.01301978059735278,0.06657804728886593,0.0007245852425143,0.0241362746634752,0.0234116894209609,0.0044794856245841,0.027767350113598988,0.02328786448901489,-0.0462654750756325,-0.0337121856261882,0.012553289449444303,0.0391063194206556,0.029353531788668286,-0.009752787631987316,,0.03195841279316713,,,-0.01059058881297778,,0.0444057706903913,0.028367792242717568,-0.01603797844767373,0.0471872399268486,0.03159170671719074,-0.015595533209657855,-0.0312162494345435,0.00403062909119564,0.03524687852573914,0.0251024844108068,0.026532945445416095,0.0014304610346092955,,-3.9582726579362676e-05,,0.0402089258721205,0.017701773909161552,-0.022507151962958948,-0.0851748221732777,0.003436445439330749,0.08861126761260844,-0.0794564133381672,-0.006962447552703554,0.07249396578546365,-0.1826573785736219,-0.03665184571246335,0.14600553286115855,0.027839985855849,0.024370119499354043,-0.003469866356494957,0.0277905023694277,0.026484926077862334,-0.0013055762915653649,0.0005147143307386,-0.05312811239468695,-0.05364282672542555,0.0470160120820241,0.03738853478504667,-0.009627477296977431,,0.009297277426943742,,0.0227856921443331,0.0006405385313186019,-0.022145153613014498,0.0307807097672142,0.014173715898135368,-0.01660699386907883,0.058021834077418,0.028290850397978233,-0.029730983679439764,0.0906841265719329,0.03897415189591126,-0.05170997467602163,0.0984840786543553,0.041457495211774234,-0.05702658344258106,-0.0221060850339646,-0.030441286833794167,-0.008335201799829568,,0.007623633855518541,,-0.0153904177232663,0.017953033193311645,0.03334345091657794,0.0245876336970929,0.012971286972195517,-0.011616346724897381,0.0264435949815107,0.01587731035975502,-0.01056628462175568,-0.024785951971429,-0.016434716137642424,0.008351235833786576,0.0206840508584432,0.02173549003919567,0.0010514391807524698,0.0262929648200003,0.024848696206954537,-0.001444268613045762,-0.0490780383822641,-0.02202094889436527,0.02705708948789883,0.0006473821651442,0.02377104756795565,0.023123665402811452,-0.0015873269468873,0.02678082178349366,0.02836814873038096,-0.0239138245170984,0.0018234624054915766,0.025737286922589975,0.0202722271367565,0.017576578110545388,-0.002695649026211111,0.0275870046463685,0.02127919270498588,-0.006307811941382618,-0.0062940010821015,-0.005656112741804899,0.0006378883402966004
2014-12-01,,0.030898644896926966,,-0.0203341051508593,0.01073254550582155,0.03106665065668085,0.0138780919822268,-0.0022116646339610893,-0.01608975661618789,-0.0142029111037755,-0.0023723237263183357,0.011830587377457165,-0.0066297562558535,0.011724753649029317,0.01835450990488282,-0.0050719253575979,0.01882909930462663,0.023901024662224532,-0.0066569729445697,0.017633313140184646,0.024290286084754347,-0.0002394633792031,0.018467233685542983,0.018706697064746085,-0.0081118603812158,-0.01088726290224432,-0.0027754025210285187,-0.0088398648227846,-0.011995660787750785,-0.0031557959649661845,0.0347056925834302,0.0032890586785927134,-0.03141663390483749,,-0.009055821039745192,,0.0068988163144299,0.0026459344998473475,-0.0042528818145825525,,0.004970760433678936,,0.0139630914201233,0.015603114337947595,0.0016400229178242954,-0.0235217303668745,-0.001358880137772099,0.0221628502291024,,0.006685481486632609,,0.0124707381880409,-0.0010783217844299682,-0.013549059972470866,-0.025138750283745,0.015356441507091872,0.040495191790836875,0.011571699537981,0.016414746006907337,0.004843046468926337,0.0041155727008574,-0.008840128431790856,-0.012955701132648257,,0.037029244141482454,,-0.0051718081854684,0.01336148095935882,0.01853328914482722,,-0.0198255338350367,,-0.0335861192264555,-0.0077243110763497245,0.025861808150105775,-0.0382515746187605,-0.009228319334880254,0.029023255283880244,0.0469825246799435,-0.001887476855402271,-0.04887000153534577,-0.0630977584877263,0.008556183649766895,0.07165394213749318,,-0.021134199061603402,,-0.0144528711899332,-0.0010976819007342256,0.013355189289198974,0.0455981135759506,0.012770919298961958,-0.032827194276988644,0.0098509119528408,0.009090310091759096,-0.0007606018610817038,0.0064322288229954,0.0092140539675218,0.0027818251445264003,0.0612711700513022,0.015391021669291622,-0.04588014838201058,-0.0134034144937009,0.010473515222598363,0.02387692971629926,-0.0171493308422322,0.008686978809112776,0.02583630965134498,-0.0035854918948074,0.00925944836466697,0.01284494025947437,-0.0070373328583287,0.004000203235261288,0.011037536093589987,,0.0014611712004163875,,,-0.005713775724348998,,0.005947568495964,-0.0022030719235077573,-0.008150640419471757,0.0033258431063765,-0.003677619610895734,-0.007003462717272234,-0.029671957152576,0.03231199134569153,0.06198394849826753,-0.0664835215807399,0.01783906338676322,0.08432258496750313,,0.015578773812717134,,0.0254574598296921,0.00851186629473885,-0.01694559353495325,0.0007033223199657,0.017231561126000165,0.016528238806034466,0.0151847420714949,0.026824333193032724,0.011639591121537824,-0.0914251406049558,0.024539348967869808,0.1159644895728256,-0.0217422231508118,0.0018665695949290472,0.023608792745740848,-0.0233970879718322,0.0008839483382406862,0.024281036310072883,-0.0629708123809055,-0.012433701355997986,0.050537111024907516,-0.00185256627492,-0.0013696841968827709,0.00048288207803722904,,0.00814870418270242,,-0.0089512705768158,0.022455447945896913,0.031406718522712714,-0.0312236790552262,0.004812371886776369,0.036036050942002566,-0.0071732302869321,-0.0028913403020523194,0.004281889984879781,0.0114110239186014,-0.004784389560717633,-0.016195413479319035,0.0102326226591668,-0.006365444851217939,-0.01659806751038474,-0.0079226546651297,0.004926346560296392,0.012849001225426093,,0.029999183783411734,,-0.0032816356410683,0.011354333922477915,0.014635969563546215,0.0203055920221567,0.006396238871705609,-0.013909353150451092,0.0246011868634296,0.005560232868882322,-0.019040953994547277,-1.867036602749432e-05,0.012705903035568683,0.012724573401596178,0.0018596330203297,0.004161914739603919,0.002302281719274219,0.001893501254209,0.0003935731632419162,-0.0014999280909670837,-0.0122466528433507,0.0036730203288733183,0.01591967317222402,0.027478487136653,-0.0031369844950411454,-0.030615471631694147,0.032135483729786,-0.004601240659157848,-0.03673672438894385,0.0341931656680044,0.008390633709244024,-0.025802531958760373,0.0016945268304055,0.009444333076712101,0.0077498062463066016,-0.0001317170120595,0.007313412538562644,0.007445129550622144,0.0385840941336269,-0.0056059809091434775,-0.04419007504277038
2015-01-01,,-0.032103903808906244,,-0.0087341995613324,-0.05648532108361966,-0.047751121522287256,-0.0236042084154844,-0.01644085210898917,0.007163356306495228,-0.0275541260985688,-0.0262339486940019,0.0013201774045668996,-0.0670752287698623,-0.034638174133741484,0.032437054636120816,-0.109608481614965,-0.06421931877310108,0.04538916284186392,-0.11053696156873,-0.06484185160685715,0.04569510996187284,-0.0119302124978948,-0.041081450095061534,-0.029151237597166733,-0.0444800356952658,-0.017130504733063406,0.02734953096220239,-0.0462493809284171,-0.014875639930242351,0.03137374099817475,-0.0638778058693682,-0.06547187131928377,-0.0015940654499155688,,-0.02736520806369502,,-0.0066989708980188,-0.04212446937232738,-0.03542549847430858,,-0.040361851943419014,,-0.221594827037631,-0.09555557410839309,0.1260392529292379,-0.0377878953692246,-0.03272489490559049,0.005063000463634108,,-0.06501401608669076,,-0.0612886643098015,-0.03428191819788176,0.027006746111919736,-0.0533973561342873,-0.041171158001855584,0.012226198132431712,-0.0290180628020148,-0.04920234192257464,-0.02018427912055984,-0.0463543728455345,-0.019675991552013532,0.02667838129352097,,-0.014444796433505947,,-0.0402116812234053,-0.03860350845294049,0.001608172770464808,,-0.06991731804429155,,-0.0005179260355406,-0.013163648097181443,-0.012645722061640843,0.0017122335186435,-0.010840140799988966,-0.012552374318632466,-0.0328790732217938,-0.06445364178522166,-0.03157456856342786,0.0063161666821938,-0.05123774130857007,-0.05755390799076387,,-0.017974311167392832,,-0.024945341656368,-0.021390869487728892,0.003554472168639109,0.0046043355711435,-0.03670592780180583,-0.04131026337294933,-0.059234133363574,-0.05040154301444227,0.008832590349131732,-0.0642021967765822,-0.049844258642300035,0.01435793813428217,-0.0830542531501234,-0.043695946027229295,0.0393583071228941,-0.0633152061199736,-0.04655761810279926,0.016757588017174342,-0.0601893169183266,-0.044450299155981005,0.015739017762345597,-0.1289868924056124,-0.07530057904163419,0.05368631336397821,-0.0325043295857415,-0.026242291455115623,0.006262038130625879,,-0.02147600757077395,,,-0.04708230161969011,,-0.0118030913368103,-0.02385384517016939,-0.012050753833359091,-0.0087558579043253,-0.0224241309030569,-0.013668272998731601,-0.06154742926064,-0.035925982699133024,0.02562144656150698,-0.0504920514781582,-0.060022857300951034,-0.009530805822792837,,-0.01293264944394477,,-0.0282492602567293,-0.03279610734152956,-0.00454684708480026,-0.0548076362587896,-0.06125130540736327,-0.006443669148573666,-0.0536471476873605,-0.07449905415210707,-0.02085190646474657,-0.0959986891182232,-0.08664302808025316,0.009355661037970031,0.0249583519670421,-0.018781874379532652,-0.04374022634657475,0.024598790312592,-0.017597707996893194,-0.04219649830948519,-0.0158437609772601,-0.07409841372667328,-0.058254652749413174,0.2006116429897657,-0.009711463810231417,-0.2103231067999971,,-0.03920341830934143,,-0.0159519302991802,-0.05723808146233218,-0.041286151163151985,-0.0706268256856098,-0.036286681812566085,0.03434014387304371,0.0180496915557942,-0.01355125172109432,-0.03160094327688852,0.0022697373579291,-0.012238881789433354,-0.014508619147362454,0.0058819415616333,-0.008819199859630424,-0.014701141421263723,0.0009903892763404,-0.08025915888829221,-0.08124954816463262,,-0.041815571924026414,,-0.0587725251370173,-0.05791617027305177,0.0008563548639655277,-0.0004947312260835,-0.04079676723796173,-0.040302036011878234,-0.0142390621485826,-0.03855121043417742,-0.024312148285594817,-0.0079807520379264,-0.06591285634667936,-0.05793210430875296,-0.0610816662494249,-0.040756317708658944,0.020325348540765953,-0.0614361059580744,-0.04032038694160763,0.02111571901646677,0.0148248402305683,-0.08708920810377613,-0.10191404833434442,0.003663972919837,-0.018463593814053252,-0.022127566733890252,-0.004126716663301,-0.016229842344159345,-0.012103125680858345,0.0160419443328263,-0.03152683264787842,-0.04756877698070472,-0.015378888403065,-0.031139919716825004,-0.015761031313760006,-0.0093924229990325,-0.027250997435784043,-0.017858574436751543,-0.0272045861101611,-0.04814269286935551,-0.020938106759194414
2015-02-01,,0.051608510233232846,,0.073239335598527,0.059410631324232986,-0.013828704274294008,0.0610923650025872,0.04209597526521327,-0.018996389737373928,0.0512706455448105,0.058132189757096386,0.0068615442122858875,0.098193733725714,0.11800405996116481,0.019810326235450815,0.0847404818383895,0.0602097729032801,-0.024530708935109405,0.0858223715278801,0.061684728923401724,-0.02413764260447837,0.0164743196829623,0.01984005828656457,0.0033657386036022724,0.0774310756412701,0.07918184703106682,0.0017507713897967209,0.0776766571644596,0.07873405356161942,0.001057396397159821,0.0056554643959981,0.056598469810676226,0.050943005414678125,,0.016480493809204133,,0.0656849557704516,0.057145569349490465,-0.00853938642096113,,0.04444413229661153,,0.0689519950759241,0.06488188699683133,-0.004070108079092777,0.0804496018690926,0.039223493802885256,-0.04122610806620734,,0.024381442220762172,,0.0660264586795569,0.06882850715867862,0.00280204847912173,0.1050530657763968,0.07552014867070593,-0.029532917105690865,0.0475030023785089,0.07299526033026303,0.02549225795175413,0.0443037125735469,0.0276313397973137,-0.0166723727762332,,0.03828785862937337,,0.0919826209960128,0.08372459404635348,-0.008258026949659325,,0.001824672603436309,,0.0933896411431345,0.08910105118024961,-0.004288589962884892,0.093924557524023,0.08899573214449122,-0.004928825379531779,0.0213355280143146,0.04781819165905038,0.02648266364473578,0.0629546807898441,0.10752955472381028,0.04457487393396617,,0.08669403187288313,,0.0425462311998881,0.02283798398567618,-0.019708247214211924,0.0596007469234797,0.04597968152108773,-0.013621065402391969,0.0772367614497951,0.052233748898595174,-0.02500301255119993,0.0824731170927959,0.051955756366410276,-0.03051736072638562,0.0174512487015577,0.040442114227421264,0.022990865525863564,0.06156308481626,0.07663654110309968,0.015073456286839683,0.0555788774093687,0.07711577723405101,0.021536899824682314,0.0750727116974227,0.04268677366189048,-0.032385938035532226,0.0519649664859126,0.07001118595434452,0.01804621946843192,,0.06439394149740359,,,0.08310434658905189,,0.0624601921532577,0.0528488906400313,-0.009611301513226402,0.0608793201136273,0.05129303896588242,-0.009586281147744881,0.0361235102027778,0.0285863989753719,-0.007537111227405899,0.1812844390735637,0.0823510708247505,-0.0989333682488132,,-0.006316949284556643,,0.0634416278348148,0.05706547703892835,-0.006376150795886451,0.0380478099874754,0.038161505968335147,0.00011369598085974458,0.0301281838130489,0.03990884582347815,0.009780662010429254,0.0188983962543058,0.032078662550861184,0.013180266296555384,0.0394622076834754,0.04149706632686504,0.0020348586433896407,0.0377788559151659,0.04018800045307063,0.0024091445379047297,0.0562702331158533,0.03278562542690414,-0.02348460768894916,-0.0073220241730952,0.02488539848833247,0.03220742266142767,,0.03386047140134695,,0.0807674716933439,0.08264293295984358,0.0018754612664996784,0.0469226363046967,0.046234762731097306,-0.0006878735735993957,0.0528281891031052,0.044095074215579094,-0.008733114887526108,0.0557386693289703,0.06690320579995,0.011164536470979702,0.0576688301591743,0.06678159997790227,0.009112769818727967,0.0441804069854519,0.035989753632371904,-0.008190653353079995,,0.05490421931979027,,0.0514143694713617,0.07445328291301175,0.023038913441650044,0.0285157738052951,0.06085181289365194,0.03233603908835685,0.0395928350056207,0.062053523492712856,0.022460688487092158,0.0329329626801581,0.04394794466323408,0.011014981983075982,0.0542944704787851,0.06089668903626005,0.006602218557474948,0.0515789003105822,0.06262078637694624,0.011041886066364033,0.0149318921309035,0.03674347580986227,0.021811583678958774,-0.0366715529508785,0.02873049100464162,0.06540204395552011,-0.0344052407480025,0.027734493279608398,0.062139734027610895,0.0283037864521531,0.030269913044223166,0.001966126592070065,0.0418102479809642,0.04933919650818194,0.007528948527217742,0.0417073203202453,0.04854389135669017,0.006836571036444868,-0.010663290215455,0.036196229939241924,0.046859520154696924
2015-03-01,,0.011491421416587672,,-0.0303205621994911,-0.014631493147078636,0.015689069052412463,0.0004915803498084,-0.008704919116427073,-0.009196499466235472,0.0129093765446554,-0.003650796118315593,-0.016560172662970996,-0.0128992081212237,0.011518018193699013,0.024417226314922713,-0.0150097576017976,-0.0159886249226337,-0.0009788673208360986,-0.0170337111666724,-0.017904200710114632,-0.0008704895434422308,-9.873597667338732e-05,0.002508329524091617,0.0026070655007650045,-0.0166562653808341,-0.012661044216300993,0.003995221164533108,-0.0178585313182835,-0.013676188520924396,0.0041823427973591044,-0.0419851750768849,-0.00474361291269892,0.03724156216418598,,-0.014437395343538977,,-0.029035369047514,-0.010752227188184915,0.018283141859329086,,-0.008549608521501148,,0.0397202587009025,-0.012039153412956012,-0.05175941211385851,-0.0284337162023256,-0.01509497729224362,0.013338738910081978,,-0.010710204415737414,,-0.0671465862840391,-0.011008528682817431,0.056138057601221675,0.0201023149792728,0.006920123449552579,-0.013182191529720222,-0.004533468680274,0.0027404350623744553,0.007273903742648455,-0.0203582649249907,-0.014538828367226347,0.005819436557764353,,0.022797692624032924,,-0.012970930102486,0.006089297149883522,0.01906022725236952,,-0.02039912843614939,,-0.0246098153597176,-0.005929216852081095,0.018680598507636505,-0.0275350644797156,-0.006591717554755896,0.0209433469249597,0.0046924036573308,-0.01626355346190916,-0.020955957119239962,-0.0331933689637607,-0.007377635581233236,0.02581573338252746,,-0.015820408240319342,,-0.0116443578622878,-0.012701949245389685,-0.0010575913831018854,0.0201571185565055,-0.0017698435485188878,-0.021926962105024386,0.0135870663422142,-0.014924286250591397,-0.028511352592805597,0.0121141924905538,-0.014600131470375702,-0.0267143239609295,-0.0528196939259754,0.0032241890021192047,0.056043882928094604,-0.0328452159439407,-0.004635457075321229,0.02820975886861947,-0.0388609191564488,-0.006570140659643853,0.032290778496804944,-0.1049897319349963,-0.002283968692898062,0.10270576324209825,-0.0052915043490253,-0.0007992159797980015,0.004492288369227299,,-0.003897429385040149,,,-0.018438480974836968,,0.0049305917337773,-0.01105505706034542,-0.01598564879412272,0.0035066763512373,-0.012577210728596251,-0.01608388707983355,-0.0680083030758675,0.014030984802129222,0.08203928787799672,-0.0677125952596731,-0.01105471342108083,0.05665788183859227,,0.01927264884811703,,-0.0048106047763944,-0.0008245223271829862,0.003986082449211414,-0.0225455273210468,-0.012142923263264658,0.010402604057782141,-0.0195004628881174,-0.013223804309119054,0.006276658578998345,-0.1326321028171991,-0.006808051462370377,0.12582405135482871,0.0034216651528794,-0.008683920663690583,-0.012105585816569984,0.0029927722832443,-0.009881211820885812,-0.012873984104130112,-0.0689765353920119,-0.018761958636993408,0.05021457675501849,-0.1518716165561351,-0.009503474336967962,0.14236814221916713,,-0.013048978864877799,,0.0472442391269206,0.006840839573540309,-0.04040339955338029,-0.0486074663563401,-0.0024026733097570253,0.04620479304658307,-0.0056682990997005,-0.0036574855509280695,0.002010813548772431,0.0083702550276648,-0.004176090206980895,-0.012546345234645694,0.0052916271262068,-0.005095382524426095,-0.010387009650632896,0.0329046728576282,-0.00563782382190113,-0.03854249667952933,,0.012771027661914335,,-0.036690015758807,-0.007464638203840072,0.02922537755496693,0.000853343308713,-0.010150400045682842,-0.011003743354395842,-0.0020280119470929,-0.011554307101778172,-0.009526295154685272,0.0022414344347778,-0.008409062276210136,-0.010650496710987938,-0.0288698901266403,-0.010205365129881227,0.018664524996759073,-0.0361170911071363,-0.01425625764799704,0.021860833459139258,0.0270542819740935,-0.019509538494904468,-0.04656382046899797,-0.0027560228096341,-0.011510370671156098,-0.008754347861521999,0.0005634271048088,-0.012966837418169216,-0.013530264522978017,0.0035791460125099,0.0035784298166098433,-7.161959000565911e-07,0.0047661367584855,4.4690852828978235e-05,-0.0047214459056565215,0.0040289821594583,-0.0016791757725583842,-0.0057081579320166845,-0.0044671383020204,-0.01201795523248866,-0.007550816930468261
2015-04-01,,0.008494229803201267,,0.0260920865194521,0.014099419921651346,-0.011992666597800754,-0.0228688123453505,0.011082081729393097,0.033950894074743596,-0.0166303212723448,-0.01022372062683356,0.00640660064551124,0.0097964306381593,-0.0105848700234785,-0.020381300661637798,0.0396705076683091,0.03265691030299561,-0.007013597365313491,0.0418527421643427,0.03442412146796731,-0.007428620696375385,0.0039240669881088,-0.003665875079852816,-0.007589942067961616,0.0350767714149278,0.011478488455574958,-0.023598282959352842,0.0392848674302864,0.015138002726761274,-0.024146864703525124,-0.0304701381372075,-0.050994944899236345,-0.020524806762028846,,-0.011693968767169483,,0.0436273067964368,0.0030283021763461656,-0.04059900462009064,,-0.0014782369431894462,,0.0119050166375036,-0.03662215346177249,-0.048527170099276096,0.0408601015684977,-3.551716415145642e-05,-0.04089561873264916,,-0.033841255498180414,,0.0327934328401369,0.004631224122875298,-0.028162208717261605,-0.0660334130844399,-0.007703234042440384,0.05833017904199951,-0.0091095741133722,-0.004753448877845713,0.004356125235526486,-0.0255352878111392,0.00045873928573996955,0.02599402709687917,,-0.0035594568685156773,,0.0072308516973916,-0.013536663948524517,-0.020767515645916116,,-0.09661983390769856,,-0.0063662259429885,0.009817612456252641,0.016183838399241143,-0.0044706592476949,0.011333577592482871,0.01580423684017777,-0.0071650334068382,-0.03465656729247761,-0.02749153388563941,0.0285440788005558,0.00904786261553058,-0.01949621618502522,,-0.003539619000428998,,0.005435414178828,0.004434478529953856,-0.0010009356488741433,-0.0290785900868567,-0.012336085424352349,0.016742504662504352,-0.0063040509394029,0.015595988211388792,0.02190003915079169,-0.0054877386156193,0.015885170734843634,0.021372909350462935,-0.0233371697623765,-0.01365952191628596,0.00967764784609054,0.0171385415965357,-0.0004905213924442711,-0.01762906298897997,0.0212070751222435,0.00307792110552068,-0.01812915401672282,0.0273145135679916,-0.048583081556103434,-0.07589759512409504,-0.0214059370739723,-0.007468404669387765,0.013937532404584535,,0.0021729572389780935,,,0.01582134894455658,,-0.0225667521332132,-0.0005012361073975838,0.022065516025815617,-0.0231996302300226,0.0016533005216995112,0.02485293075172211,0.0718842517242828,-0.015899107341205677,-0.08778335906548848,0.1092703442725274,0.008638238871767534,-0.10063210540075986,,-0.03932489658678249,,-0.0260783306276583,-0.004783159527995386,0.021295171099662915,0.0746400915513236,0.0038925602082581605,-0.07074753134306544,0.0635603276219129,0.012770001400865623,-0.050790326221047274,0.0557556489424433,-0.018848698099265718,-0.07460434704170901,0.0054408274703982,0.006000849380888072,0.0005600219104898718,0.0082396312119901,0.008159007946898132,-8.062326509196763e-05,-0.0187642199730594,-0.07149047946102213,-0.05272625948796274,0.1427849694427114,0.0037876966615416445,-0.13899727278116977,,0.008829039312632745,,-0.029839471428491,-0.0017405775335434357,0.028098893894947564,0.1525945633262239,-0.009743614751363552,-0.16233817807758744,0.0070392544245772,0.004465854659015706,-0.002573399765561494,-0.0244015141683662,0.003197880288089013,0.027599394456455213,-0.0214719118499951,0.006443084194847933,0.02791499604484303,-0.0335455293900473,-0.054465889577202234,-0.020920360187154936,,-0.00533094918516498,,-0.0061831157651617,-0.004345374827687015,0.0018377409374746847,-0.0167893848992395,0.011691186865184047,0.02848057176442355,-0.0118382223475541,0.015540881766772369,0.02737910411432647,-0.0068614613287787,-0.01513856115140094,-0.00827709982262224,-0.0015067480548634,0.0029221015825585,0.0044288496374219,-0.0006363662336067,0.005110329126058097,0.0057466953596647975,0.0021082671393561,-0.04327419300993701,-0.04538246014929311,0.0172956323918665,0.005109839296944767,-0.012185793094921732,0.0253571255802705,0.007194961629897566,-0.018162163950372935,-0.0237073225305481,-0.020340431720998708,0.0033668908095493937,-0.0055626245999857,-0.004073771221454163,0.0014888533785315378,-0.0059221192895455,-0.00035059139793026646,0.005571527891615234,0.0307425717622271,-0.027021813178606267,-0.05776438494083337
2015-05-01,,0.02517122443689216,,0.0112185237573777,0.008734268686317048,-0.0024842550710606516,0.0061014109528122,0.007197392575740193,0.0010959816229279933,-0.0060814777179543,0.0051228780555441795,0.01120435577349848,0.0468301476624546,0.04007599481857021,-0.006754152843884392,0.0059262549536973,0.014550743908056371,0.00862448895435907,0.0051735774542827,0.014889617408388438,0.009716039954105738,0.0041259479642172,0.0030176261390850775,-0.0011083218251321221,0.0027876861571354,0.022312655475925033,0.019524969318789633,0.0016023920001003,0.02186824271307506,0.02026585071297476,0.0453288774866228,0.011474152019828265,-0.033854725466794536,,-0.014319792131156311,,0.0092288915588133,0.005556504836447563,-0.0036723867223657372,,0.0006754307344897009,,-0.0648187156369701,0.007469120448403216,0.07228783608537331,0.0055354724607205,0.002326862031898854,-0.0032086104288216464,,-0.006471371318267229,,0.008634229179303,0.014412991924139477,0.005778762744836477,0.0123482330630237,0.015783686454954777,0.0034354533919310776,0.0248134462378155,0.01385918234665326,-0.01095426389116224,0.0046674606008496,-0.006059466323840626,-0.010726926924690225,,0.022532887155877764,,0.0239237207316715,0.024060566315189647,0.00013684558351814702,,-0.02001863162987092,,0.0531167950152016,0.024038394859504448,-0.02907840015569715,0.0529845047593255,0.023719204683715443,-0.029265300075610057,-0.0442123701440298,0.005992961701952032,0.05020533184598183,0.0209970242316276,0.03539006009687573,0.014393035865248132,,0.023044264450026063,,0.0521451142419571,-0.001333762362574719,-0.05347887660453182,0.0463106853209364,0.013410559455656793,-0.03290012586527961,0.0418774908655357,0.008552589626779341,-0.03332490123875636,0.0511013450147937,0.008098368016356976,-0.04300297699843672,-0.0143751677360232,0.009437180174978613,0.023812347911001813,0.0033710770490136,0.016729332250785815,0.013358255201772215,0.0060228222523017,0.016855000491522325,0.010832178239220624,0.0073516732467026,-0.0028047867933266766,-0.010156460040029276,0.0415475297233411,0.020844161579995107,-0.020703368143345995,,0.017856858561588633,,,0.029748854773179664,,0.0222994299353623,0.014870306481159007,-0.007429123454203294,0.0210970466610783,0.013074473482075227,-0.008022573179003074,-0.0292867914518236,0.01010105445964428,0.03938784591146788,-0.1024456692455938,0.021691965555548597,0.1241376348011424,,-0.012354398293380489,,0.0172999179460718,0.013600209996115524,-0.003699707949956275,-0.048947174944326,-0.0017676369751329912,0.04717953796919301,-0.0448050698327662,0.001063785381912472,0.04586885521467867,-0.0401252753435913,-0.006151589806508624,0.03397368553708268,0.0528678237183696,0.013337073584247369,-0.03953075013412223,0.0517907170274395,0.012212869941744456,-0.03957784708569505,-0.0265340402672679,0.004992199644871079,0.03152623991213898,-0.0096393773207224,0.0018293643769928015,0.011468741697715201,,0.004766062844358491,,0.0108230935073568,0.01969380321388598,0.008870709706529182,-0.0247326766512099,0.0010476115777495582,0.025780288228959457,0.0220408733995649,0.004595446991422966,-0.017445426408141937,0.0025988896201255,0.01827606470810577,0.01567717508798027,0.0027954779442238,0.018879345398951836,0.016083867454728035,-0.0062262588813996,-0.014756031970289402,-0.008529773088889803,,0.016232936086295353,,-0.0230934721064579,0.01159327579870657,0.03468674790516447,0.0103725713929062,0.014140248732408286,0.0037676773395020867,0.0113091476974541,0.015874975029213728,0.004565827331759628,-0.0039614956945414,0.0022279001671220706,0.00618939586166347,-0.0320739865098758,0.010351853808871594,0.042425840318747396,-0.0374457626100406,0.010788232865763409,0.04823399547580401,-0.0053216340681964,-0.010206118483196653,-0.004884484415000253,-0.0132109735521037,0.0007858724665290302,0.013996846018632731,-0.0142570693078413,0.0005291702797297244,0.014786239587571024,0.0002252892687428,0.00034554762645180566,0.00012025835770900566,0.0087986509224103,0.00901357033418071,0.00021491941177040862,0.0114989159206625,0.009340758708439454,-0.0021581572122230455,-0.0077677271146821,-0.004350852538934547,0.0034168745757475532
2015-06-01,,0.005011642332401391,,-0.0185542269990585,-0.021958856476987462,-0.003404629477928963,-0.0377050295307158,-0.011662199498131144,0.026042830032584653,0.0479581445639324,-0.0085717547089892,-0.056529899272921603,-0.0142993419262412,0.009302858575941781,0.02360220050218298,0.0035266256459091,-0.02167526233240194,-0.02520188797831104,0.0008870172843192,-0.02366736566502005,-0.02455438294933925,0.0142844912090619,-0.0008485117499458716,-0.015133002959007772,-0.0181694190394342,-0.013609090267097945,0.004560328772336256,-0.0195196776095638,-0.014333477376999328,0.005186200232564473,-0.0092849504094492,-0.010476200351449463,-0.0011912499420002626,,-0.020528599787047415,,-0.0109395672971062,-0.016346917534172424,-0.005407350237066224,,-0.01530982058787938,,-0.0436309124799083,-0.023271924084299903,0.020358988395608398,0.0044161605176985,-0.022996263038416648,-0.02741242355611515,,-0.01926853351505747,,-0.0721146026400604,-0.01552225905324724,0.05659234358681316,0.0482900481164546,0.001489900908575933,-0.046800147207878666,-0.0231440091482825,-0.0036242975953210107,0.01951971155296149,-0.0047547184708961,-0.019963434152814343,-0.015208715681918243,,0.012027382332248227,,-0.0147629575672273,-0.00016529983713098854,0.014597657730096312,,-0.02967436789115849,,-0.062086295860565,-0.007283732322208476,0.054802563538356525,-0.0628749988451173,-0.007667090294338357,0.055207908550778936,-0.06093247025954,-0.02322987067591876,0.03770259958362124,0.0291825040842882,-0.010946584486208007,-0.040129088570496206,,-0.015542785301827122,,-0.0181859851858613,-0.019376812689592293,-0.0011908275037309929,0.0243809212793601,-0.010725877788600558,-0.03510679906796066,0.0161343065984987,-0.021407708769451958,-0.037542015367950654,0.0185008293488604,-0.021123211672883932,-0.03962404102174433,0.0601476219225142,-0.0009466114868462317,-0.06109423340936043,-0.0114895389807899,-0.011917147662154617,-0.0004276086813647176,-0.0107931530875424,-0.01377308052358607,-0.00297992743604367,-0.0102298472013699,-0.008382426948841979,0.0018474202525279211,-0.0123118487510412,-0.00570854958456378,0.00660329916647742,,-0.007959302928187471,,,-0.014481633308006014,,0.0022405821818981,-0.01679008196831145,-0.01903066415020955,0.0011307260851084,-0.01850975313245274,-0.01964047921756114,-0.2149658491033817,0.002369051248349985,0.2173349003517317,-0.0673565563541139,-0.023067465924317365,0.044289090429796535,,0.012552371596283422,,-0.0273445426269321,-0.0061954117899408225,0.021149130836991277,-0.0416356284392412,-0.02364451073036946,0.01799111770887174,-0.0379419166518683,-0.026386586557795598,0.011555330094072704,-0.0610476218596864,-0.017084394381949038,0.043963227477737364,-0.0164346000259491,-0.014152445090810276,0.0022821549351388255,-0.0186422271425639,-0.01543931461134811,0.003202912531215789,-0.0087219404889148,-0.02232630467821565,-0.013604364189300848,-0.1082752155366566,-0.017293088263573106,0.0909821272730835,,-0.02080676377739036,,-0.0264672401009422,0.0026770237077186707,0.02914426380866087,0.0119363140213867,-0.007590295681339622,-0.019526609702726322,0.0083934890600575,-0.0056445715292961105,-0.014038060589353609,-0.0104133947483127,-0.006226715183958173,0.004186679564354526,-0.012436274419644,-0.006625253221473135,0.0058110211981708655,-0.006345465561515,-0.013097999720743788,-0.006752534159228788,,0.0042618513479138805,,-0.050984340534383,-0.016144590413594312,0.03483975012078869,-0.0223771713113263,-0.014558929642961724,0.007818241668364576,-0.0186339217417249,-0.01589356401464225,0.00274035772708265,-0.0321501737256176,-0.01575342538885258,0.016396748336765018,-0.0183192475769802,-0.016611117923601922,0.0017081296533782778,-0.0224700704977752,-0.020599234996245396,0.001870835501529805,-0.0801331467117418,-0.03156767749223712,0.048565469219504685,-0.0474853247876961,-0.016574268629220457,0.03091105615847564,-0.0406636730604671,-0.018134568790383082,0.02252910427008402,-0.0555230289189133,-0.001347254193472894,0.054175774725440405,-0.0369475910031741,-0.005699170689307434,0.031248420313866668,-0.0397728536579391,-0.007133755287334752,0.03263909837060435,-0.0156947052168374,-0.016375765192390368,-0.0006810599755529695
2015-07-01,,-0.010418122552821606,,-0.0171109485579256,-0.008442581574086791,0.008668366983838808,0.0556316491002878,0.01747696689292596,-0.03815468220736184,0.0570275715496617,0.003513765050018703,-0.05351380649964299,-0.0264087566109149,0.021253631809767196,0.0476623884206821,0.0205206321499716,-0.007906611882632333,-0.028427244032603934,0.0221673917788593,-0.005181735620285713,-0.027349127399145017,0.0115090073387551,-0.03597274921125373,-0.04748175655000883,0.0610472084109808,0.04564320341651642,-0.015404004994464378,0.0696811713978757,0.04950595013471403,-0.020175221263161673,-0.0294612449537924,-0.041918150830800964,-0.012456905877008564,,-0.013814164444790274,,-0.0602448071503394,-0.002473512022718323,0.057771295127621074,,-0.012338641538699503,,-0.1206782564616503,-0.060563055147820184,0.060115201313830115,0.0162420741857503,0.0014355988966830453,-0.014806475289067254,,-0.05459431694718396,,0.0333569737792465,0.015778572613442794,-0.017578401165803705,0.015912010256839,-0.010724691884253328,-0.026636702141092327,-0.00439473347231,-0.015822468597332107,-0.011427735125022107,0.0104598621096361,0.005643242598190025,-0.004816619511446074,,-0.015600893172621092,,-0.0578396774697913,-0.0009350586958456351,0.05690461877394567,,-0.07782777814762201,,-0.0300491586653756,0.04701576717376318,0.07706492583913878,-0.0287245329733262,0.05032837386571092,0.07905290683903712,-0.0396671656337761,-0.03114115784144056,0.00852600779233554,0.0947010443034891,0.022496498628024393,-0.07220454567546469,,0.04937541797042601,,0.0337319373381325,0.002254762316558712,-0.03147717502157379,0.0447928555095576,-0.012461470570709211,-0.05725432608026681,0.0075453094785203,-0.00480559954189446,-0.01235090902041476,-0.0002432047288572,-0.004881054274518197,-0.004637849545660998,-0.0208521127036797,-0.029205954049646356,-0.008353841345966655,-0.0561115740931448,-0.0009896247065582144,0.055121949386586586,-0.0565293533736233,0.0044031566233877495,0.06093250999701105,-0.108365442154434,-0.06726564201562162,0.041099800138812384,0.017918467128074,0.013327120873270976,-0.004591346254803024,,0.019920656488779716,,,0.028158219562436745,,0.0417216514346547,0.01814664962240696,-0.02357500181224774,0.0468642668089696,0.020238537991766916,-0.026625728817202685,-0.1203427377348658,-0.040414484768548316,0.07992825296631748,-0.068748598178729,-0.0016149353717222984,0.0671336628070067,,-0.052801821790891476,,0.0495243526414998,-0.002177672124776104,-0.0517020247662759,-0.0768071807523211,-0.03347801719397144,0.043329163558349655,-0.0608938477444581,-0.042320320761539854,0.018573526982918247,-0.2025356670485464,-0.07491467951526613,0.12762098753328027,0.0370160013448091,0.01606830460274519,-0.02094769674206391,0.0383791172864259,0.01796812950624945,-0.02041098778017645,-0.096104184542013,-0.05250708858584794,0.04359709595616506,-0.2623215586922562,0.012696791079655156,0.27501834977191136,,-0.00717986368427182,,0.0245917322759416,-0.0207529263251576,-0.0453446586010992,-0.0130035777320901,-0.01556688087687472,-0.002563303144784621,0.0697531070376681,0.013285632893516865,-0.056467474144151236,0.0680545406801493,0.031652060784881676,-0.03640247989526762,0.0803803521099944,0.03717963526646508,-0.04320071684352932,-0.026827901232879,-0.07839098206177599,-0.05156308082889699,,-0.027464939269655823,,-0.0681125493377133,-0.013779970248120388,0.05433257908959291,0.0242668287793176,0.005691445801254095,-0.018575382978063507,0.0281094415214959,0.011728301216600245,-0.016381140304895656,-0.0592372102745985,-0.0412338553643224,0.018003354910276104,0.0404869993701773,0.0020389068948275515,-0.03844809247534975,0.0468473561793847,0.008561746778966867,-0.038285609400417836,-0.061576585705946,-0.06570682912746434,-0.00413024342151834,0.0205189736984876,0.007990621113294285,-0.012528352585193315,0.0095902508303257,0.011784410964443827,0.002194160134118127,-0.0262696070389886,-0.02729961371541945,-0.0010300066764308488,-0.0145660998667927,-0.007011556728828418,0.007554543137964281,-0.0032786908892418,-0.0004580634739543548,0.002820627415287445,-0.0829775127507983,-0.02721424781261911,0.055763264938179194
2015-08-01,,-0.024403069619523352,,-0.0610120549747633,-0.05558035531337619,0.00543169966138711,-0.0325542601525467,-0.03705945748973796,-0.0045051973371912635,-0.0328750934630071,-0.0643460601194072,-0.031470966656400104,-0.0690425457441718,-0.10580375054389654,-0.03676120479972474,-0.0604276719719593,-0.044034359183581756,0.016393312788377544,-0.061433147822723,-0.0456924557839008,0.015740692038822203,-0.0100963568370861,-0.01956394246032305,-0.00946758562323695,-0.0528378441770884,-0.07546771695148687,-0.022629872774398464,-0.0519798558145679,-0.07323765429188002,-0.021257798477312122,-0.0935852395451498,-0.0972746975934254,-0.0036894580482755984,,-0.037382832389347545,,-0.0740564507353597,-0.059841812842599,0.014214637892760701,,-0.04870402034083376,,-0.1643514637769122,-0.09836160288444377,0.06598986089246843,-0.0703932551803807,-0.04612313276071576,0.02427012241966494,,-0.05838636413986192,,-0.0689932478555427,-0.06879097526773754,0.0002022725878051551,-0.0245149050539013,-0.06847321408898116,-0.04395830903507986,-0.0409018427572708,-0.06754695425809631,-0.026645111500825512,-0.0687065046771339,-0.03705507296032504,0.03165143171680886,,-0.005474618558249024,,-0.0439834721156921,-0.07904547991998967,-0.03506200780429757,,-0.09710068679736106,,-0.0588417734331424,-0.07935684037840074,-0.020515066945258342,-0.0575174243581712,-0.07879669028799803,-0.021279265929826832,-0.0043427438535229,-0.08585402702602277,-0.08151128317249987,-0.0766497031434323,-0.0979366752674616,-0.021286972124029302,,-0.09866142573183859,,-0.0297587424771122,-0.02547487323500404,0.0042838692421081626,-0.0891077574964623,-0.04751623362993452,0.04159152386652778,-0.0626008688581084,-0.04801369650837193,0.014587172349736464,-0.0615909789608173,-0.04723099756622082,0.014359981394596481,-0.0676085919717408,-0.04501338150117704,0.022595210470563752,-0.0585050122390959,-0.07254758181864016,-0.014042569579544258,-0.0657469492248406,-0.07179254722319836,-0.006045597998357757,-0.0802292685323371,-0.08304853818958031,-0.0028192696572432174,-0.0771791752366628,-0.06795847582843093,0.009220699408231878,,-0.05868821139081728,,,-0.08705893601209244,,-0.0636961642429824,-0.055020679660302864,0.008675484582679534,-0.0649268362138343,-0.0532053056041184,0.011721530609715897,-0.064306950156414,-0.017111863526246218,0.047195086630167776,-0.0067573509318752,-0.07194877894175364,-0.06519142800987844,,-0.004574727745867936,,-0.0115872209382391,-0.05481975779222087,-0.04323253685398177,-0.0384005138018274,-0.0390120761489238,-0.0006115623470963963,-0.0372727860698761,-0.03353226390879146,0.0037405221610846418,0.021050712098845,-0.05064578494031265,-0.07169649703915765,-0.0885284231696734,-0.03682612221738024,0.051702300952293154,-0.0876335596157707,-0.03495015307722363,0.05268340653854707,-0.0843164814506998,-0.10699829024937647,-0.022681808798676678,0.0180730880288693,-0.022324786962800772,-0.04039787499167007,,-0.03225021291234683,,-0.0983060877120492,-0.07266093969729755,0.02564514801475165,-0.0254251492219508,-0.052677206367907216,-0.027252057145956417,-0.0574341905130047,-0.0410256173503977,0.016408573162607,-0.0434939802338736,-0.061741259850807195,-0.018247279616933593,-0.0406639611434232,-0.0599858407318476,-0.0193218795884244,-0.0530788389295402,-0.0856849168035399,-0.0326060778739997,,-0.03805330045844539,,-0.0556028610633445,-0.07661624083448101,-0.021013379771136514,-0.0627831271503853,-0.05537980241032178,0.007403324740063513,-0.0620413343312171,-0.05427692544570225,0.007764408885514849,-0.0349877957204039,-0.060180232144808235,-0.025192436424404337,-0.0701994778136638,-0.06115509905387793,0.009044378759785872,-0.0714419577742001,-0.06465714983946162,0.006784807934738471,-0.1096586186722252,-0.08489594721318496,0.02476267145904025,-0.0452865805403893,-0.030583829068339816,0.014702751472049486,-0.0497123630306201,-0.029015288117732636,0.020697074912887463,-0.0451929396859813,-0.04011213690152841,0.005080802784452894,-0.052456604311772,-0.04636881675173254,0.0060877875600394635,-0.0505245054128687,-0.044075533723819935,0.006448971689048767,-0.06514028834336,-0.06808900329875099,-0.0029487149553909936
2015-09-01,,-0.02658079779580052,,0.0004144298660446,-0.03494268392850461,-0.03535711379454921,-0.0245911558696358,-0.011732579627933497,0.012858576241702304,0.0238957668919594,-0.0360189038387576,-0.059914670730717004,-0.039147097299801,-0.06507276313169873,-0.025925665831897725,-0.0308469950182061,-0.02655888398322865,0.004288111034977449,-0.0329730894000456,-0.026200295828256816,0.006772793571788782,0.0014024352985284,-0.029135718021289295,-0.030538153319817695,-0.0099913745883852,-0.026949549189037615,-0.016958174600652416,-0.0064067968664289,-0.022597319603056294,-0.016190522736627393,-0.0202932234843908,-0.09490205120694457,-0.07460882772255377,,-0.023421371735314694,,-0.0886061714757213,-0.03455823243789565,0.05404793903782564,,-0.032086714323427794,,-0.2146259315720541,-0.09873196731567735,0.11589396425637674,-0.0150707363800136,-0.027449871525415757,-0.012379135145402157,,-0.06633819250429325,,-0.0249723118701267,-0.035359522936236475,-0.010387211066109774,-0.0498184215478143,-0.04748092001607169,0.002337501531742614,-0.0847646131712147,-0.04861495844921607,0.03614965472199863,-0.0015556898563478,-0.014693736075851997,-0.013138046219504197,,-0.019911486295940247,,-0.0911662496025004,-0.05619044538897107,0.03497580421352933,,-0.11482026837092338,,-0.0116732754679073,-0.027331356324368596,-0.015658080856461296,-0.0109315660388943,-0.024831028667218362,-0.013899462628324062,-0.0277957362923822,-0.07833032297808269,-0.05053458668570049,-0.1045623123692857,-0.056804295725748466,0.04775801664353724,,-0.04319553563791463,,-0.007414513705539,-0.012499103172939539,-0.005084589467400539,-0.0792002455870344,-0.043068780797607016,0.03613146478942738,-0.0228846281808722,-0.029170862094545065,-0.006286233913672865,-0.0224057953363645,-0.028288440003066972,-0.00588264466670247,-0.0180404091842554,-0.045563308969129156,-0.027522899784873756,-0.0796683976892497,-0.04676747325376371,0.03290092443548599,-0.0803304428777686,-0.043135595768199836,0.03719484710956876,-0.1685862348007896,-0.08870438050881638,0.07988185429197323,-0.0436888216724053,-0.04206530752875861,0.0016235141436466913,,-0.02970689187731909,,,-0.04612824440438143,,-0.0711998983292661,-0.03081880226193108,0.04038109606733502,-0.0701764159454691,-0.027384435173342686,0.04279198077212641,-0.0633080346607088,-0.03665992675327602,0.026648107907432786,-0.1069118621883975,-0.049440544945159835,0.05747131724323767,,-0.02826410040571864,,0.0077022769224139,-0.03754912117604786,-0.045251398098461765,-0.0567247468442271,-0.03590595751966114,0.020818789324565955,-0.0417047663564053,-0.036742272819802586,0.004962493536602712,-0.0694834816746572,-0.0654591841404903,0.004024297534166901,-0.0758245438072151,-0.019135190840678367,0.056689352966536724,-0.0720489331492916,-0.016127339723790438,0.05592159342550117,-0.1934289526466186,-0.1135027045137147,0.0799262481329039,-0.0406514755341412,-0.0074354233684298145,0.033216052165711385,,-0.02291026285646295,,-0.0326072912866602,-0.054529979596052366,-0.021922688309392167,-0.0671580879461989,-0.03664344361931312,0.030514644326885783,0.0204543987770307,-0.014345432170961275,-0.03479983094799197,-0.0056245456005922,-0.025131431491737938,-0.01950688589114574,0.0006332999588349,-0.021061241210656795,-0.021694541169491696,-0.0531483745333969,-0.09038784293702057,-0.03723946840362367,,-0.039742126729074546,,-0.0881071310442661,-0.053846503228582886,0.03426062781568321,-0.011502277601278,-0.030972833715953167,-0.019470556114675165,-0.0150536908787554,-0.02773289396565926,-0.012679203086903859,-0.0419609219313934,-0.05811288232485863,-0.016151960393465233,-0.0039790291534809,-0.03632753942032607,-0.03234851026684517,0.0069146595655835,-0.03562540094567604,-0.04254006051125954,-0.1100249507183996,-0.08817984742381901,0.021845103294580587,-0.0157489642126577,-0.012606523474611452,0.003142440738046249,-0.037529099835217,-0.009574281246283557,0.027954818588933446,-0.0370008097721183,-0.038537214748370734,-0.0015364049762524312,-0.0563466102353743,-0.032265317970546284,0.024081292264828018,-0.0524406421691953,-0.02738368139414171,0.02505696077505359,-0.0276940437528053,-0.05604343057588175,-0.02834938682307645
2015-10-01,,0.05134698921969438,,0.1274712026333027,0.08275015358378922,-0.044721049049513475,0.0893232312940227,0.06219364289363934,-0.027129588400383355,0.0207134171946006,0.08226891567327094,0.06155549847867034,0.0534189039740292,0.1071238614026485,0.0537049574286193,0.0590635533155341,0.07388567830853404,0.014822124992999945,0.0608603001888341,0.07647468597200723,0.015614385783173125,0.011094422030362,0.014854063043109081,0.0037596410127470805,0.1071802567712036,0.0895463552168605,-0.017633901554343107,0.1122194814607844,0.09149631598139943,-0.020723165479384978,0.010276483172874,0.031998892422567385,0.021722409249693386,,0.050168305008774026,,0.1232063930170268,0.08039656737526754,-0.04280982564175925,,0.07091524423867797,,-0.159455091200674,0.061847442288144205,0.2213025334888182,0.0837589819069693,0.06873978407928505,-0.015019197827684252,,0.028126397735036637,,0.0571327298155385,0.08587889064572911,0.02874616083019061,0.0230899902049668,0.08788047695433371,0.06479048674936691,0.0853208122049835,0.08741367477960638,0.002092862574622878,0.0561649630746237,0.06225095952712128,0.006085996452497577,,0.05299882320597231,,0.1025156387417972,0.0890577670097336,-0.0134578717320636,,-0.016492172056759506,,0.0834428870165885,0.10521598241766587,0.021773095401077372,0.0858400796912181,0.10654518926409387,0.020705109572875774,-0.0141796337877836,0.0396360406264422,0.0538156744142258,0.1430978871694469,0.10350487185546504,-0.039593015313981864,,0.08824245851112826,,0.0427369464433569,0.052511478190760845,0.009774531747403947,0.0157945252803952,0.05735437825039364,0.04155985296999844,0.0514375886423064,0.0726622240823576,0.021224635440051202,0.053224141741741,0.07352219123407973,0.02029804949233873,0.0428105422734191,0.03383735232695298,-0.00897318994646612,0.0935724392941897,0.095266229756397,0.0016937904622073008,0.0936124805872517,0.0983928110041886,0.004780330416936901,0.0233407660834223,0.03004846649987529,0.006707700416452991,0.0652567839154678,0.07724611554788016,0.011989331632412364,,0.07735333458267944,,,0.052954058925245205,,0.0863894504507151,0.06714623312974508,-0.01924321732097002,0.0944990822051498,0.07004513694868125,-0.024453945256468546,-0.0480519531678622,0.04327663810039252,0.09132859126825471,0.1029424500732207,0.11026281098018542,0.0073203609069647235,,0.007379920626726069,,0.0399282788374747,0.06777898864469417,0.027850709807219473,0.1247861564662426,0.07303970165025206,-0.051746454815990536,0.1284748562197515,0.07440281963134435,-0.054072036588407146,0.040589159358884,0.041663986302258996,0.0010748269433749971,0.0570224480732031,0.056526373459136255,-0.0004960746140668451,0.057912525766355,0.05823661405505252,0.00032408828869751743,-0.0359835051921262,-0.0174627009596292,0.018520804232497003,0.1558967398273073,0.06046766858499501,-0.0954290712423123,,0.05672353055495114,,0.1185260033313357,0.0828708111254523,-0.035655192205883396,0.1093909254489198,0.0657952177116709,-0.0435957077372489,0.0388700009754137,0.06444020608703749,0.025570205111623785,0.0566846611805046,0.0789921912342438,0.022307530053739193,0.0631552952978627,0.07939333793435173,0.016238042636489022,-0.0195364461680684,0.037836731218420086,0.057373177386488484,,0.06611840927982002,,0.0879279009342412,0.09703769213325115,0.009109791199009953,0.0673166405961979,0.07329674604558675,0.005980105449388859,0.0731853327153901,0.07523879527495539,0.002053462559565289,-0.01639781301355,0.04955522324175304,0.06595303625530304,0.0637107384346037,0.08218583922328512,0.01847510078868142,0.0678100149208648,0.08528787073152802,0.017477855810663218,0.0501798008261821,0.04967513839782792,-0.0005046624283541815,0.0347361896449914,0.054687240460239275,0.019951050815247874,0.040168019311474,0.056075997217962636,0.015907977906488638,0.0463414307847857,0.03809842241313961,-0.008243008371646085,0.045033404267163,0.06540248737304999,0.02036908310588699,0.0370774600654373,0.0664684863973365,0.029391026331899203,0.1010896556449081,0.04095950875908848,-0.06013014688581962
2015-11-01,,0.033723504051187986,,0.0153093556378588,0.004729749333935674,-0.010579606303923126,-0.0122789411344132,-0.0031992288151009613,0.009079712319312238,-0.0045481395121978,-0.0023040973283416557,0.0022440421838561446,-0.0194389031602371,0.044828735568158994,0.0642676387283961,0.0177563408115418,0.014352115691355277,-0.0034042251201865242,0.0164160563712571,0.013417298904882826,-0.0029987574663742737,0.0319995569997702,0.01597936186832946,-0.01602019513144074,0.0205820264450417,0.008360794114777753,-0.012221232330263948,0.0187362502773029,0.005998081773390044,-0.012738168503912855,-0.0034147815381221,0.031043000234415443,0.03445778177253754,,-0.023911463797720398,,0.014498509777941,-0.0003608837743992806,-0.01485939355234028,,-0.003935132948852957,,-0.0994840702528845,0.02523897744761084,0.12472304770049533,-0.0154259218962255,-0.00805700421470547,0.0073689176815200305,,0.005566211469975305,,-0.0087060535767626,0.006163401686822428,0.014869455263585027,0.0555521755586249,0.019044768509149768,-0.03650740704947513,0.0483980257864729,0.017265508936484944,-0.031132516849987954,-0.0075820157318652,-0.020169436766588212,-0.012587421034723012,,0.028664119651791036,,0.0123791122543531,0.02723160691299994,0.014852494658646841,,0.00012368044930781853,,0.0046742360789504,0.009212251439355217,0.0045380153604048165,-0.0003275867516097,0.007420138796410724,0.007747725548020425,-0.1106857711672776,0.015692324933504104,0.1263780961007817,-0.0129947390808248,0.03507485854771333,0.04806959762853813,,0.009939101335400425,,-0.0066344866020364,-0.012222951240610598,-0.005588464638574198,-0.0184218578355285,0.015203695575111156,0.03362555341063966,0.0012756880924751,0.00420246677286926,0.00292677868039416,-0.0066049958991123,0.0034320867672882754,0.010037082666400576,0.0312240700912876,0.021726612920887265,-0.009497457170400334,0.0210744697196513,0.013998142092509096,-0.007076327627142203,0.0193898463776848,0.011625433980237286,-0.0077644123974475125,-0.0603902359251201,0.019314000344109534,0.07970423626922964,0.0624307695573773,0.01791571082809199,-0.04451505872928531,,0.010770253755141212,,,0.033316455456263896,,0.0186560379978938,0.006256558263078535,-0.012399479734815264,0.0147154862581144,0.002159290078150998,-0.0125561961799634,-0.0685183064589056,0.020430490179791986,0.08894879663869758,-0.0723588395401249,0.016345330721796596,0.0887041702619215,,-0.0010951068440271886,,-0.0237526043351632,0.01326300144509516,0.03701560578025836,0.0037447861076152,-0.0034431479127914767,-0.007187934020406676,0.0026303189871243,0.0025531747930468297,-7.714419407747015e-05,0.0137689032823742,0.01132824204480265,-0.0024406612375715495,0.0011291410717424,0.005271050293674748,0.004141909221932348,-0.0029136270188721,0.0024508662371303105,0.00536449325600241,0.0048873210336436,0.03159221037372863,0.026704889340085025,-0.0549000323713828,-0.013131918508802486,0.041768113862580315,,-0.00037728042339622283,,-0.0230254315969867,0.03028873488003841,0.05331416647702511,-0.0109420607398265,0.0001184235374857576,0.011060484277312259,-0.0065025153924385,-0.004378625679342437,0.0021238897130960626,0.0214974662920159,0.008123638726669944,-0.013373827565345957,0.0328017158881917,0.006995523696081998,-0.025806192192109705,-0.1530241061641926,0.004267946467865967,0.15729205263205856,,0.025206077482408017,,0.0037016611988362,0.0103318393373313,0.006630178138495101,0.0092188486488787,0.0103962586466901,0.0011774099978113985,0.0110138668506758,0.010274188546789069,-0.0007396783038867306,0.0018037604465394,0.012045344903971964,0.010241584457432564,-0.0197753301924538,0.004318579869019498,0.0240939100614733,-0.01692986182042,0.0020233543156760914,0.01895321613609609,-0.1496220885365157,0.0006496194609966945,0.1502717079975124,-0.0402793353367016,-0.010127122035086892,0.030152213301614703,-0.0525485640686189,-0.012390795324970887,0.040157768743648015,-0.0223348729123622,0.006433154164405943,0.028768027076768142,0.008102587956829,0.008007804534508979,-9.47834223200203e-05,0.0122564585802449,0.005761365199562304,-0.006495093380682596,-0.0193071663057535,-8.682166037455392e-05,0.019220344645378945
2015-12-01,,-0.024648178844923624,,0.0168272649656015,-0.042282111300634674,-0.05910937626623618,0.0033363043701475,-0.008817519008779185,-0.012153823378926685,-0.0466159790258109,-0.02822014147531017,0.018395837550500727,-0.0413829091989815,-0.04474598109655297,-0.0033630718975714707,-0.0380698003857799,-0.04574297747743303,-0.007673177091653126,-0.0363519556861748,-0.04473870446399518,-0.008386748777820377,0.011740935588652,-0.04310190886250576,-0.054842844451157766,-0.0074449216627608,-0.009565466971463132,-0.0021205453087023316,-0.0049295024970887,-0.0063973627073008865,-0.0014678602102121867,-0.0227672111284368,-0.0728334613556107,-0.0500662502271739,,-0.022931907303263617,,-0.071957264834853,-0.0362378571736992,0.0357194076611538,,-0.0347190279262207,,-0.0265429337823292,-0.09146373191184595,-0.06492079812951676,-0.0396485937842377,-0.01747718073750573,0.02217141304673197,,-0.06325438142407977,,-0.0140774815260341,-0.026485954124890968,-0.012408472598856869,-0.0570519450149385,-0.04745596183110517,0.009595983183833333,-0.055190476334778,-0.05160664330278751,0.003583833031990488,0.0219347002689186,-0.010743450840739984,-0.03267815110965858,,-0.006196013873515764,,-0.0417542976443834,-0.04058959924423902,0.0011646984001443747,,-0.07684759117636385,,-0.0647733279097535,-0.010465163890231185,0.05430816401952231,-0.0658629148129703,-0.007877488885924572,0.057985425927045725,-0.0332090754654913,-0.059682078205846485,-0.026473002740355182,-0.0206834558640708,-0.044024165988670524,-0.023340710124599724,,-0.014927935549649027,,0.01862879785543,-0.006826417430705177,-0.025455215286135178,0.0048950382847869,-0.026153010634695908,-0.031048048919482808,-0.016811140433233,-0.035324328919290035,-0.018513188486057035,-0.0081814849461205,-0.035014073616474135,-0.026832588670353635,-0.0827906007140629,-0.04754842761119612,0.03524217310286678,-0.0603647558739822,-0.04024690332681629,0.02011785254716591,-0.0561554960204114,-0.03610030789330523,0.020055188127106174,-0.0753623297160555,-0.08949490660214102,-0.014132576886085518,-0.0055998467217345,-0.02278680765374602,-0.017186960932011518,,-0.01571228947169564,,,-0.04294506813837539,,0.0023282215637763,-0.010183751956355729,-0.012511973520132029,0.0062403578388475,-0.007529194254212604,-0.013769552093060106,-0.0652364331662502,-0.029809795006068302,0.035426638160181906,-0.0463720626559234,-0.03804998338973507,0.008322079266188324,,-0.028355219204576933,,-0.0543093924790439,-0.03000077736537315,0.02430861511367075,-0.0816628763584004,-0.04507178527807939,0.03659109108032101,-0.0677464855471266,-0.05246958940865954,0.015276896138467062,-0.225818545195878,-0.08451477489942302,0.14130377029645497,0.0090015616216877,-0.003909222006202097,-0.012910783627889798,0.0110857116915907,-0.0015947669102531902,-0.01268047860184389,-0.0633714995201972,-0.07981010810318867,-0.016438608582991468,-0.0168542142275216,0.0071127791658083936,0.023966993393329996,,-0.021728931311959413,,-0.0419069854319108,-0.06520480390961764,-0.023297818477706837,0.0004831816872245,-0.039246581958832565,-0.03972976364605706,-0.0120666597540819,-0.014238390114098285,-0.002171730360016385,0.005428970415179,-0.009355297941985282,-0.01478426835716428,0.0123395656496058,-0.004950275190949126,-0.017289840840554925,-0.0070564719410046,-0.09695534116436494,-0.08989886922336034,,-0.041114866457391826,,-0.0394592183333018,-0.051432805062614294,-0.011973586729312494,-0.0200669098031949,-0.03133172316635167,-0.011264813363156767,-0.0203901919308632,-0.026512733303252344,-0.0061225413723891425,-0.082053817526144,-0.06323624584995259,0.018817571676191414,-0.0487798532237987,-0.03156544813890644,0.017214405084892262,-0.0403406400672203,-0.028146840372390847,0.012193799694829456,-0.1078463527538544,-0.08154850485718412,0.02629784789667028,-0.0077713814345667,-0.007342558612808477,0.0004288228217582237,-0.0034018732659306,-0.0032527103504163524,0.00014916291551424774,-0.0268185396326807,-0.03775859485455727,-0.010940055221876573,-0.0112613933014374,-0.029012474981553907,-0.017751081680116507,0.0100799692173932,-0.023043162998508806,-0.033123132215902004,0.0320360453719582,-0.05182698537506242,-0.08386303074702062
2016-01-01,,-0.04504788121297801,,-0.084757850449777,-0.05894598571213221,0.025811864737644796,0.0135377187317157,-0.025518030575990967,-0.039055749307706666,0.014614923401612,-0.056097263067416255,-0.07071218646902826,-0.1413742770706136,-0.13739152840679392,0.003982748663819674,-0.090444696640162,-0.06013442102323312,0.03031027561692888,-0.0912881908253612,-0.06030053503194387,0.030987655793417335,-0.038292869337424,-0.04603805796634217,-0.0077451886289181746,-0.0361672258883482,-0.07021753858816689,-0.03405031269981869,-0.0294545876922561,-0.06476150645475594,-0.035306918762499834,-0.0941320242878147,-0.14387675440044376,-0.04974473011262906,,-0.016380865839036685,,-0.0863379024918665,-0.057765155367560626,0.028572747124305874,,-0.04355889992506874,,-0.2202430915370178,-0.1399070189144307,0.0803360726225871,0.0043897751564025,-0.029778678657341583,-0.03416845381374408,,-0.08018551904528401,,-0.1080600061877049,-0.06705043285659287,0.04100957333111202,-0.1052060030587846,-0.08299200832246802,0.022213994736316578,-0.0827600645365993,-0.08248112407688953,0.00027894045970977555,-0.0016748797990526,-0.011674494695175319,-0.009999614896122718,,-0.007643035649533766,,-0.0705375808964128,-0.09554298080515232,-0.025005399908739526,,-0.12887008589243323,,-0.07778269188026,-0.07100892085223577,0.006773771028024234,-0.0774225199886038,-0.06795615844220931,0.009466361546394492,-0.0768581652550076,-0.11358231688070283,-0.03672415162569523,-0.099075689360799,-0.12382843026112308,-0.02475274090032409,,-0.09859292932573291,,-0.0103054359777338,-0.0048783825477954545,0.005427053429938346,-0.0385999949855469,-0.052456883531274284,-0.013856888545727385,-0.0631736449027855,-0.050407917440740434,0.012765727462045066,-0.0613195126274982,-0.04865692901159849,0.012662583615899711,-0.1015793973987995,-0.07335470427162517,0.028224693127174322,-0.0521106215955783,-0.07819739158430282,-0.02608676998872452,-0.0514012963823616,-0.07343173710012389,-0.022030440717762292,-0.1209145238917563,-0.12843969775875266,-0.00752517386699636,-0.0880862871685519,-0.07325279480955993,0.014833492358991965,,-0.05646742438591375,,,-0.1289960191504644,,-0.0506183925069914,-0.0479187743236032,0.0026996181833882013,-0.0408242381204126,-0.04120057923601845,-0.0003763411156058466,0.7320498308621777,-0.026067627332802868,-0.7581174581949806,-0.0481663921347649,-0.07213927038996573,-0.02397287825520083,,-0.006595320772105509,,-0.0612130404267626,-0.061441865541721374,-0.0002288251149587736,-0.037063862011079,-0.03500406790485322,0.002059794106225782,-0.0324812907624041,-0.036181333249218794,-0.0037000424868146933,-0.0877802779511496,-0.08271440612083632,0.005065871830313276,-0.0913357724836635,-0.02809673533557468,0.06323903714808882,-0.0841838951623515,-0.022741903464622733,0.061441991697728765,-0.2009798249189107,-0.16994302023958457,0.031036804679326124,0.1212707969327958,0.008535525505024785,-0.11273527142777101,,-0.026163949202281354,,-0.1115233653454074,-0.1064804348661792,0.0050429304792282,0.0473584122901018,-0.0542935904480091,-0.1016520027381109,0.0124107102596008,-0.030890081328590308,-0.043300791588191105,-0.0434439715691008,-0.05603727017519412,-0.012593298606093324,-0.0404800491722764,-0.05189243674309597,-0.011412387570819568,-0.1483950112442524,-0.12069220950215044,0.02770280174210195,,-0.05495051279519879,,-0.0114082951640022,-0.08344612274567503,-0.07203782758167283,-0.0606688038632918,-0.061721984331396265,-0.0010531804681044657,-0.0607866773009311,-0.05816709942378503,0.002619577877146069,-0.0596349934407563,-0.08407650629125042,-0.024441512850494125,-0.0866321491711338,-0.05927923514457453,0.02735291402655926,-0.0847195895537728,-0.05938762140141622,0.025331968152356582,-0.1224895365592789,-0.10522604350836277,0.017263493050916123,0.0315622713927438,-0.012760463986654326,-0.044322735379398126,0.0523035948975403,-0.007368159765886835,-0.05967175466342713,-0.0053684094019516,-0.05041699773353376,-0.04504858833158216,-0.0823854992844336,-0.04852935674877856,0.03385614253565504,-0.0855245439276019,-0.04201378003985619,0.04351076388774572,-0.064353598370316,-0.08179575162954004,-0.017442153259224047
2016-02-01,,-0.001144485084764077,,0.0208792600440739,-0.006746852450397437,-0.027626112494471337,0.0335940462916397,0.009263889414676865,-0.024330156876962834,0.013555257518155,0.025499881998834795,0.011944624480679795,0.0592178370162664,-0.004856735136221064,-0.06407457215248746,-0.0331233750689745,-0.03043717992361588,0.0026861951453586233,-0.0341526860652037,-0.03181468360400467,0.002338002461199029,-0.0207295639329888,-0.015281838864139833,0.005447725068848967,-0.0245142689892262,-0.006304242914182595,0.018210026075043604,-0.0270580477154073,-0.004863459718792123,0.022194587996615178,0.0213352489504883,-0.03699416319378755,-0.05832941214427585,,0.025285736233408063,,0.0494933525511789,0.006434441338463632,-0.04305891121271527,,0.01460214662505366,,0.0174910671076205,-0.03201573586397491,-0.049506802971595404,0.0286856858296688,0.013148869456296713,-0.015536816373372089,,-0.014041330508163644,,0.0354104343374539,0.0004266361331904531,-0.03498379820426345,0.0067415427092775,0.015716174058113222,0.008974631348835721,0.0335066019113028,0.010073706975865064,-0.023432894935437737,0.0002227620992764,0.02458828922533008,0.02436552712605368,,0.03941900702535061,,0.0840846746086922,0.008709540414591117,-0.07537513419410109,,-0.031217305661786765,,0.0094084165303393,0.010602014163505709,0.0011935976331664093,0.0074827117082656,0.012011552105683132,0.004528840397417532,0.0212871691350015,-0.033968146436465715,-0.05525531557146722,0.0203786993840626,-0.02922983533027862,-0.04960853471434122,,-0.015067616916053168,,0.0273106031715706,0.017295494997544958,-0.010015108174025643,-0.0103093681727187,0.006533561828689719,0.016842930001408418,0.0036171901913378,-0.009701290314409685,-0.013318480505747486,0.003820130809362,-0.007804664273802181,-0.01162479508316418,0.0237264259023668,-0.01293314444186589,-0.03665957034423269,0.0474105702648808,0.00702213942348846,-0.040388430841392334,0.0454979188491817,0.007807705924747113,-0.03769021292443459,-0.072188880103519,-0.023122733312291886,0.04906614679122711,0.0131868139285044,0.00529069518624028,-0.00789611874226412,,0.00733249428748049,,,-0.07616229698598204,,0.0202197411924742,0.0010886263626422843,-0.019131114829831916,0.0228220337840733,0.0049218522745043194,-0.017900181509568982,0.0893038036278112,0.027812601440848378,-0.06149120218696283,0.1227508740449348,0.003901763012648636,-0.11884911103228617,,0.04835486872484478,,-0.0277890794236371,0.0061705529080604135,0.03395963233169751,-0.0198525848944301,0.011975561612075457,0.031828146506505554,-0.0077378385103969,0.002310644816810921,0.01004848332720782,-0.007163379019636,-0.01502471536003007,-0.007861336340394069,-0.0271192422125783,0.0031699142847881703,0.030289156497366472,-0.0262028037033285,0.005385177508493359,0.03158798121182186,-0.0973856610404674,-0.08082433835177497,0.01656132268869244,0.3550777759708285,0.03224530773704131,-0.3228324682337872,,0.0006808655589376969,,-0.0545969254522105,-0.007371882539089673,0.04722504291312083,0.09992398052893,0.0168337701431684,-0.08309021038576161,-0.0102990989710312,0.018730590880935625,0.029029689851966824,-0.0068653879717811,0.008954587708299357,0.015819975680080457,-0.0162400427066973,0.008592002983939034,0.024832045690636337,0.0340081163659872,-0.007104751831292185,-0.041112868197279384,,0.017603447480645684,,0.0137664573148597,0.00689101357991338,-0.00687544373494632,-0.0039344600748302,-0.00995515304104736,-0.0060206929662171595,-0.0071251508499259,-0.011202335641819541,-0.004077184791893641,-0.0348380977028129,-0.01581622003361383,0.019021877669199067,0.0594172375792596,0.004804559486019415,-0.05461267809324019,0.0628484219502469,0.0017524879315056617,-0.061095934018741235,0.0520114894115145,-0.014522262218784254,-0.06653375163029875,0.019100307363324,0.014854704984356029,-0.004245602378967971,0.0231515830187755,0.016318033644367996,-0.006833549374407503,0.0700926189927979,0.012587247347849181,-0.05750537164494871,0.0360859363996655,0.014063928112733957,-0.022022008286931544,0.0383499349512443,0.014519272924270247,-0.023830662026974054,0.0449444752433594,-0.009992615733420555,-0.054937090976779956
2016-03-01,,0.06289322218564963,,0.0667919209262957,0.08513394652796326,0.01834202560166756,0.0752589909530096,0.05285740831871688,-0.02240158263429272,0.0232507758827629,0.07822811745151838,0.05497734156875548,0.1141644434073917,0.11460420131614114,0.00043975790874944964,0.0808701952918833,0.08266466659455847,0.0017944713026751685,0.0818364988896587,0.08351408009319936,0.001677581203540654,0.0294430936040492,0.03636618896058517,0.006923095356535968,0.0856757746808403,0.07284564782472638,-0.012830126856113913,0.0861715019615601,0.0729033025256702,-0.013268199435889902,0.0179097750441693,0.0524742151883215,0.034564440144152206,,0.04361995071566013,,0.0808249775068399,0.07985724231372568,-0.0009677351931142164,,0.07180916831629416,,0.2188625743853129,0.08601616582421105,-0.13284640856110186,0.0634902840265625,0.05732817205102044,-0.006162111975542055,,0.044968229333361864,,0.1588580317416146,0.07890421533680858,-0.07995381640480603,0.1277239279911666,0.0993137070667542,-0.028410220924412408,0.1301826435960619,0.09956137162439553,-0.030621271971666378,0.0504259058466926,0.0489912025644012,-0.001434703282291401,,0.05821092157762814,,0.0882796153484309,0.09465529513498899,0.006375679786558092,,-0.0017575341677646353,,0.1010511893287527,0.08941027844827226,-0.011640910880480443,0.1040799444146956,0.08902997932524387,-0.015049965089451736,-0.0453738279862857,0.04870347331097984,0.09407730129726555,0.0915430824561416,0.10500988737110768,0.013466804914966088,,0.06979420380268975,,0.0347477790322727,0.04069151909524677,0.005943740062974073,0.0753511509803452,0.05735939623393952,-0.01799175474640568,0.0685494142735712,0.07329205895297315,0.0047426446794019556,0.0704538279825002,0.07407592319388395,0.0036220952113837496,0.023416692783337,0.05236352591269106,0.028946833129354064,0.0921536720236816,0.09649287500394872,0.004339202980267118,0.0900373483666686,0.09643446125164082,0.006397112884972217,0.0768898219105799,0.062237492529540556,-0.014652329381039345,0.0806393212521199,0.07288105545450657,-0.007758265797613323,,0.06945673958347583,,,0.058587783296144225,,0.0415019585009766,0.05378244261895023,0.012280484117973632,0.0364908963342646,0.054352590649000984,0.017861694314736387,-0.0285054979164653,0.05613088379837473,0.08463638171484003,0.1659642279797238,0.10578317346069202,-0.060181054519031774,,0.024806748112640217,,0.0324855922478405,0.06988155177471943,0.03739595952687893,0.1089002179016956,0.07848016429202576,-0.030420053609669845,0.0918978158874663,0.0847974113276272,-0.007100404559839096,0.0834996941006417,0.07279943989643124,-0.01070025420421046,0.0233892162624847,0.04444673346501964,0.02105751720253494,0.0211478407076923,0.04439443967791847,0.02324659897022617,0.0214674202290506,0.0042349621506558065,-0.017232458078394793,0.0448577044535513,0.04116134522316212,-0.0036963592303891762,,0.05276659819596602,,0.1142828599793892,0.10591583169784158,-0.008367028281547617,0.046215381234772,0.07176319477703012,0.025547813542258123,0.0443686263346656,0.059112850071733815,0.014744223737068213,0.0567841264304145,0.06731982133220829,0.01053569490179379,0.0583472910329739,0.06537822846582582,0.007030937432851922,0.0109401067415038,0.0699347649949,0.058994658253396205,,0.08201615531305491,,0.1708606423575499,0.10183548367327239,-0.06902515868427753,0.0871472587440803,0.07325674484464394,-0.013890513899436366,0.0831710261028704,0.07217637913689696,-0.010994646965973437,0.0813155778173845,0.06718989212639914,-0.014125685690985351,0.0806103222128589,0.07893496355631933,-0.0016753586565395606,0.0809515809617738,0.07778425928106751,-0.0031673216807062837,0.1082881107803067,0.06578421762428038,-0.04250389315602632,0.0861802713483845,0.04342812934339856,-0.04275214200498594,0.0848232498293588,0.04196635068972822,-0.042856899139630575,0.0602243949437838,0.04962000224577933,-0.010604392698004471,0.0555898841047885,0.06819180466207435,0.012601920557285845,0.0441120159231216,0.06560737688266398,0.02149536095954238,0.0551443291474104,0.0496730326064108,-0.0054712965409996
2016-04-01,,0.04187447683079819,,0.0067301429478746,0.027073725434071653,0.020343582486197054,0.0042872025262022,0.0038695464692446715,-0.00041765605695752873,-0.0308642265030858,-0.007434061404993403,0.023430165098092398,0.012597292992412,0.00959797583591894,-0.0029993171564930594,0.0626334780740661,0.04519876045209986,-0.017434717621966245,0.0635119706619545,0.045521423914263344,-0.017990546747691162,0.0208976643103767,0.022553503435991055,0.001655839125614355,-0.0259193524738537,-0.0015869678191215845,0.024332384654732114,-0.0292369062651058,-0.0021234256891242064,0.02711348057598159,0.0031262246785744,0.0033959736136192986,0.0002697489350448985,,-0.011421821717838163,,0.0262420070489261,0.008626374538040445,-0.017615632510885656,,0.008630531333232983,,0.0304105130046062,0.026059450786771396,-0.004351062217834805,-0.0036299419015441,0.008590999074272562,0.012220940975816663,,0.009932645705636506,,-0.0479394420684307,0.007357841856475439,0.055297283924906133,-0.0230536934645972,0.011614679927647364,0.034668373392244566,0.0149522132293634,0.01690362704232327,0.0019514138129598704,-0.003468924157973,-0.006595292934290751,-0.0031263687763177506,,0.03962618615606133,,0.0192272927294753,0.01337042280921774,-0.00585686992025756,,-0.02823023051576998,,-0.0799554780809007,-0.0046699213678197,0.075285556713081,-0.0851333251595822,-0.006281069791399611,0.07885225536818259,0.0167077709835843,0.007018031200965399,-0.009689739782618903,-0.0805531033489641,0.024749377352580367,0.10530248070154447,,-0.015431632535996734,,0.01210774231763,0.007361301811465355,-0.004746440506164645,0.0158775736114034,0.02092039869849006,0.005042825087086662,0.0166254352369786,0.026270675936866772,0.009645240699888171,0.0201841222351767,0.0258882806007719,0.005704158365595201,0.0231564846026507,0.017172262484308375,-0.005984222118342326,0.0392308897281783,0.017584262148672897,-0.021646627579505404,0.0436766674827737,0.01724223521492782,-0.026434432267845878,0.0288095488825803,0.0025637065425447403,-0.02624584234003556,-0.0101915222149389,0.007614850009796806,0.017806372224735707,,0.006772762778206457,,,0.015750753072665404,,0.0367327625015362,0.008960222608285745,-0.02777253989325045,0.0402701386699848,0.0076423908917190985,-0.0326277477782657,0.0940070139337501,0.03417907852631892,-0.059827935407431185,0.2120526466249727,0.03840507972682152,-0.17364756689815117,,-0.006516825433282234,,-0.0181027794642574,0.011911806453134062,0.03001458591739146,0.0914494681783898,0.030538593521754306,-0.060910874656635486,0.0799110891192901,0.047990514792002774,-0.03192057432728732,0.1266762450104033,0.03181938627136491,-0.0948568587390384,0.0484726940905648,0.014023236514829906,-0.03444945757573489,0.0490216093516976,0.013484658002500507,-0.0355369513491971,0.0243640304182959,-0.0067922238840631,-0.031156254302359,0.3817499531400407,0.005617295354039361,-0.3761326577860013,,0.023596912433137922,,0.0063250027060553,0.0235249075511243,0.017199904845069,-0.006268947070753,0.001200213945066131,0.007469161015819131,-0.0279757727970425,-0.0050739898116278215,0.02290178298541468,0.0068086375048365,-0.00232866726909656,-0.00913730477393306,0.0121194795737242,-0.003047209732029312,-0.015166689305753513,0.0382409435625073,-0.007497588390909641,-0.04573853195341694,,0.03166444816002681,,0.0098647778143821,0.018490824693715286,0.008626046879333186,-0.0007520986374593,0.01913989813238644,0.01989199676984574,-0.0035574940763113,0.020621736222301394,0.024179230298612693,0.0800181089714951,0.019788491828423616,-0.060229617143071484,0.0133119811974968,0.012943828973114654,-0.0003681522243821466,0.0161527713445203,0.011764968005246424,-0.004387803339273877,0.1997881804567781,0.00930473354148712,-0.19048344691529098,0.0061250677977611,0.003368190960398912,-0.002756876837362188,-0.0036168083854188,0.0029343495071207054,0.006551157892539506,0.0298837122893539,0.0020082054662615687,-0.02787550682309233,0.0040963128511541,0.010807395541901793,0.006711082690747694,0.0013489603267448,0.010124262793913659,0.00877530246716886,0.0179877654092868,-0.007298983666755008,-0.02528674907604181
2016-05-01,,0.01830945236401699,,-0.0160007448147516,0.010539141680694893,0.026539886495446495,0.0155760715913438,0.012232438261772994,-0.0033436333295708068,-0.0554982796139095,0.005927911632700138,0.061426191246609634,-0.0291774521110027,0.04674019619000003,0.07591764830100273,0.0043066340927139,0.02122546561193594,0.01691883151922204,0.0040546903282609,0.022259552296997696,0.018204861968736795,-0.0067306158620104,-0.0008016172935948519,0.0059289985684155486,0.0420249667745426,0.03532117443127787,-0.006703792343264729,0.0406646951146435,0.03619663289514578,-0.0044680622194977135,-0.0410817568545601,0.0017611854943183163,0.042842942348878414,,-0.017874224971998642,,-0.0182633610887181,0.008157667258743962,0.026421028347462065,,-0.0011779132636306662,,0.0601177253419364,-0.005555836434337868,-0.06567356177627427,0.005106878088584,-0.0014010491514268007,-0.0065079272400108005,,-0.01927363918648552,,0.0661011688693556,0.0195584468047233,-0.04654272206463231,0.021858707591565,0.015315893434953284,-0.006542814156611716,0.0212938724922915,0.012846414964167507,-0.008447457528123994,0.0033395926267152,-0.005928789718325653,-0.009268382345040852,,0.0028955413106030313,,0.0138427462545382,0.021163194925815934,0.007320448671277733,,-0.04479528484912865,,0.0670608720795852,0.03664389022916209,-0.030416981850423103,0.0681281405432165,0.03723897299630099,-0.030889167546915515,-0.0235858919498302,-0.001571321304679257,0.02201457064515094,0.0671599427557906,0.044988727731643564,-0.022171215024147033,,0.03730295611095006,,0.0173833201000979,-0.004914332423908439,-0.02229765252400634,-0.0198343571496292,0.002459786882306999,0.0222941440319362,0.0223775413403282,0.010761139391843698,-0.011616401948484503,0.0167757946712914,0.01029438851648664,-0.006481406154804761,0.0619711782492967,0.005040177678317907,-0.056931000570978794,0.0121184263453957,0.016244840229994985,0.004126413884599285,0.0162925254723956,0.017526639290697654,0.001234113818302053,0.0213690255456904,-0.01279538041181761,-0.03416440595750801,0.0343842810064381,0.02050737754652795,-0.013876903459910151,,0.020710411580030643,,,0.05119810453337827,,0.0143528892516184,0.013999183112811987,-0.00035370613880641305,0.0177780434484679,0.01261105675409632,-0.005166986694371578,-0.0302984587871368,-0.011172744782495058,0.01912571400464174,-0.0715136855132139,0.01583406671379911,0.087347752227013,,-0.031908814915636755,,0.0417727160187678,0.011933130895085855,-0.02983958512368195,-0.0160008049162629,-0.010941142269900488,0.005059662646362411,-0.0113677891954888,-0.009626578138000925,0.001741211057487875,0.0553212624929446,-0.018687417137583717,-0.07400867963052832,0.0237990313926164,0.01181310336459463,-0.011985928028021769,0.0228780576035794,0.011117320325688483,-0.011760737277890915,-0.0756613430350189,-0.005822931656764144,0.06983841137825475,-0.1061801732957538,-0.004351100149604606,0.1018290731461492,,0.0007689651025603046,,-0.0013185867552496,0.02265752430515278,0.02397611106040238,0.0320815926741463,-0.00029825352220369034,-0.03237984619634999,-0.006348036036893,0.01029909217667838,0.01664712821357138,0.0267718423892388,0.02520947693928353,-0.0015623654499552705,0.0362560290878699,0.027271279718531778,-0.008984749369338123,0.0129835276716339,-0.02618404258890116,-0.039167570260535065,,0.005949345699322659,,0.0062313915995008,0.009146367129801729,0.0029149755303009292,0.0277175235280103,0.018923370432183454,-0.008794153095826845,0.0261028350773935,0.02154524820031382,-0.004557586877079679,0.0064708082085857,-0.003795349723532753,-0.010266157932118453,-0.0299654095883932,0.011194593510885037,0.04116000309927824,-0.0324979669123479,0.013015866417195912,0.04551383332954381,-0.0855998494373627,-0.02602535973270043,0.05957448970466227,0.0154063925347684,0.0005240296788131891,-0.014882362855955211,0.0039571139922922,0.0005838075897841792,-0.0033733064025080204,-0.0317620299403416,-0.0063046258902635125,0.025457404050078087,0.0173676785546516,0.006235752839815019,-0.01113192571483658,0.0191108308693893,0.007787019104248281,-0.011323811765141018,-0.0334110966300363,-0.006717198972689558,0.026693897657346744
2016-06-01,,0.0018113453237786474,,0.0318248337878631,-0.011211548310177325,-0.04303638209804042,0.0877924498248927,0.005838165014971831,-0.08195428480992087,0.0218220659981107,0.014686353484787624,-0.007135712513323076,-0.0812268874845119,-0.0023789346586296192,0.07884795282588228,-0.0552493158209795,-0.03030851254060828,0.02494080328037122,-0.056154196941079,-0.03094466663515274,0.025209530305926264,-0.0098386955723094,-0.019108010833869732,-0.009269315261560333,-0.0308707653453163,-0.0013377926936589406,0.02953297265165736,-0.0330489905002418,-0.0004309678039957637,0.032618022696246037,-8.783301089229263e-05,-0.028589747786088457,-0.028501914775196164,,0.01232338013833738,,-0.0238392486968367,-0.0013780852187309082,0.02246116347810579,,0.0045182975062606325,,-0.0426055484937694,-0.030496514689535573,0.012109033804233827,0.0440482008671056,0.010476544542794541,-0.033571656324311056,-0.2111920996915426,-0.01698363570400238,0.19420846398754021,-0.0164673228236795,-0.0006737136303197689,0.01579360919335973,0.0072096329138537,0.004947795059549609,-0.002261837854304091,-0.0280243894238065,-9.573739706667913e-05,0.02792865202673982,0.0308600204721763,0.015304067795130744,-0.015555952677045556,,0.03762367048318862,,-0.0150892795947358,0.006891259800167135,0.021980539394902934,,-0.02314279374137188,,-0.0189810822901183,0.009855864233892812,0.028836946524011114,-0.0186625892867534,0.010993169409837675,0.029655758696591074,-0.0162581364011655,-0.02566971425646981,-0.00941157785530431,-0.0524326334845683,-0.020615328885092012,0.03181730459947629,,-0.006339563200499569,,0.0774396706152152,0.013470612963674706,-0.0639690576515405,-0.0055251996772805,0.009304154967503987,0.014829354644784486,-0.0109093355063116,-0.011865920874511807,-0.0009565853682002076,-0.0107070370003003,-0.010741561346018532,-3.452434571823114e-05,-0.041819804108954,-0.0146782984886908,0.027141505620263198,-0.0070325192250163,0.002673248514409321,0.009705767739425622,0.0025878616017247,0.0038702655375759663,0.0012824039358512664,0.0111801873915113,-0.0295202737242357,-0.040700461115747,-0.010079834060026,0.00754421770028365,0.01762405176030965,,0.007855525064544532,,,-0.058243997213786265,,0.0429333473089996,0.006978490912619863,-0.035954856396379735,0.0414517692377326,0.009537449531366487,-0.03191431970636611,-0.0339722052156778,0.022695803674448883,0.056668008890126687,0.1299821730910368,0.0051782980530069266,-0.12480387503802987,,0.029864040801277268,,0.0032199883904274,0.00358605597398385,0.00036606758355645,0.0312534364788616,0.0018113612581372586,-0.02944207522072434,0.0336534123205649,-0.006107031151466351,-0.039760443472031254,0.0605719392493103,-0.025883682455718874,-0.08645562170502917,-0.0007227814675866,0.008282122324493267,0.009004903792079867,0.0023913945150452,0.009805744863095227,0.007414350348050027,-0.1706401937279849,-0.05749864118100557,0.11314155254697933,0.2344822153112123,0.029078956578143085,-0.20540325873306922,,9.2589067568849e-05,,-0.0362170650544926,-0.01622361985613252,0.019993445198360077,-0.0205359549024686,0.0046216214419724224,0.025157576344441022,0.0031368891312739,0.009580105366167335,0.0064432162348934344,0.0025923518714115,0.009227826919902326,0.006635475048490826,0.004025719529404,0.009582439505266133,0.005556719975862132,0.0393558664411857,-0.022883176314744208,-0.06223904275592991,,0.010005345378864378,,0.010291294816224,-0.0004581377379286887,-0.010749432554152689,0.0149008886636291,-0.01028698246853989,-0.02518787113216899,0.007959639035857,-0.009764191138448444,-0.017723830174305445,0.0383729801274315,-0.020191547070975292,-0.05856452719840679,-0.0111097223853896,0.0010983505429480892,0.012208072928337688,-0.0045435209928839,0.00010786712471000287,0.004651388117593903,-0.1572115791315356,-0.019174104610352558,0.13803747452118303,0.076931157826971,0.010914475828447371,-0.06601668199852363,0.077018669447954,0.012813647152934027,-0.06420502229501998,0.0951862404239613,0.0037270211689971002,-0.0914592192549642,0.0271062317742441,0.007672336914257266,-0.019433894859986835,0.0269046222327252,0.009089391405202613,-0.017815230827522587,0.0308810666648092,-0.014776505750784251,-0.04565757241559345
2016-07-01,,0.036848415171859515,,0.0149030697422611,0.03798834914126022,0.023085279398999126,0.0107272135179616,0.02981983219945583,0.01909261868149423,0.0151537514785503,0.056604228302576186,0.04145047682402589,0.091578195232816,0.09060024128452768,-0.0009779539482883265,0.0397470134649791,0.02679439493925414,-0.012952618525724963,0.0394654055060449,0.025997742229424282,-0.01346766327662062,0.0243992139974047,0.017169728491277955,-0.0072294855061267455,0.0689643477728797,0.046598007188781154,-0.022366340584098546,0.0705483000171316,0.045810024819408476,-0.02473827519772312,0.0530105172125533,0.038520542600176136,-0.014489974612377166,,0.024152770908107045,,0.030247616213154,0.04509089018941565,0.014843273976261652,0.0298284352941386,0.040443197179676475,0.010614761885537876,0.0375437541959524,0.04494608498445479,0.007402330788502394,0.0235344875103388,0.0273376662764167,0.0038031787660779,0.0154132274078925,0.021584699007719834,0.006171471599827333,0.0989040512234534,0.046783196783996756,-0.052120854439456646,0.0415870929332702,0.0709546587466608,0.029367565813390603,0.0756882928899749,0.06556988972871783,-0.010118403161257075,0.0289255288106662,0.026477004669607257,-0.002448524141058943,,0.042964188931325475,,0.0430777566672476,0.06924359748262549,0.026165840815377886,,0.003589367014181393,,0.0882061924150204,0.06389136868030543,-0.02431482373471497,0.0880908137273204,0.06372339157143307,-0.02436742215588733,-0.0004229729304651,0.024870152958023962,0.025293125888489063,0.0687447916016344,0.06311453791009643,-0.0056302536915379675,,0.05008027743164343,,0.0078744167410762,0.016770840187645252,0.008896423446569051,-0.0004675904450032,0.03382379619443336,0.03429138663943656,0.00712471242876,0.0299458161309616,0.022821103702201598,0.0033789175849978,0.03071897687864511,0.02734005929364731,0.0570413366457443,0.033334599974148525,-0.023706736671595778,0.0581747822686333,0.059268808221145275,0.0010940259525119775,0.0612401284989178,0.057943695016779664,-0.0032964334821381364,0.0173186645975742,0.043201438131724675,0.025882773534150475,0.075857369152515,0.0515891237351002,-0.024268245417414798,,0.046120742917275415,,,0.025899551614084873,,0.0535657777596117,0.03004382294621948,-0.023521954813392223,0.0518300878531412,0.029524873242967896,-0.022305214610173305,0.3163386032688883,0.03663393130233352,-0.2797046719665548,0.065424740656235,0.05343835316792492,-0.011986387488310088,,0.03287464820414942,,0.0635259557717518,0.045632148587891656,-0.01789380718386014,-0.0268875610050446,0.032501278814841376,0.05938883981988598,-0.0302748687851303,0.028345218399679257,0.05862008718480956,-0.0514793472588817,0.031698535395608,0.0831778826544897,0.0542630090653208,0.022001922754668966,-0.03226108631065183,0.0536231161177717,0.02105235373522108,-0.03257076238255062,-0.0267683445962182,0.0018252250694338642,0.028593569665652064,0.1032391923071126,0.020983885171368587,-0.08225530713574403,,0.018503119885304863,,0.0489057112995449,0.0700183387331735,0.021112627433628593,0.0253882469373425,0.048029315048939286,0.022641068111596788,0.0153997261650408,0.04088619096373245,0.02548646479869165,0.0593559944958929,0.04834557942818509,-0.011010415067707807,0.0532786099397653,0.04661541740998433,-0.006663192529780967,0.10035178798778,0.04864158903482789,-0.051710198952952105,,0.05434017299530843,,0.1035496507163348,0.0599450917822512,-0.043604558934083604,0.0482607308845562,0.03744405757908694,-0.01081667330546926,0.046624496168003,0.035307523030586666,-0.011316973137416336,0.0705422400023688,0.03378061457863151,-0.036761625423737294,0.049808874451616,0.044215029083257446,-0.005593845368358552,0.0528692587689704,0.041426996641354276,-0.01144226212761612,0.103845318343499,0.030832295810209187,-0.07301302253328981,-0.0027917927621199,0.021319077557372695,0.024110870319492595,-0.003907675942808,0.019451028595804238,0.02335870453861224,-0.0079225604413834,0.037145428173204924,0.04506798861458833,0.0301264918233282,0.04442336005381057,0.01429686823048237,0.0299968636006605,0.041697456433910776,0.011700592833250277,0.0799009692760223,0.031033364279687344,-0.04886760499633496
2016-08-01,,0.03595381505667535,,0.0025591751472871,0.023148809407236088,0.02058963425994899,-0.013005919539741,0.0015863909442606111,0.01459231048400161,0.0147108580617693,-0.008800252786141412,-0.023511110847910712,-0.0017254603555219,0.016926036701109457,0.018651497056631355,0.0539069123414384,0.04590786443082748,-0.007999047910610922,0.0536468380813291,0.045649660081121056,-0.007997178000208043,0.0117913493671951,0.02634125613138439,0.01454990676418929,0.016333576824024,-0.0012269951134904757,-0.017560571937514476,0.0166802044535371,-0.001472483882391907,-0.018152688335929007,-0.0190664704185108,0.0010453256880025674,0.02011179610651337,,-0.018025675514406474,,0.040143301686711,0.007266032794860072,-0.03287726889185093,0.0400160448010709,0.004596073942059244,-0.035419970859011655,-0.0059656089589398,0.01868476940105344,0.02465037835999324,-0.0368373146993026,-0.0042598111728276945,0.032577503526474906,0.0470076537912239,0.0027616180291118353,-0.044246035762112064,0.0301121723754144,0.00476083545616607,-0.025351336919248332,0.0052734001044302,0.015077071040300998,0.009803670935870798,0.0043925409083506,0.018916795834889262,0.014524254926538662,0.0098298189883244,-0.014059563563457445,-0.023889382551781843,,0.021572782712187114,,0.0374804243263431,0.01076109320680084,-0.026719331119542257,,-0.04420811199690647,,0.0316925267988977,-0.002705863957860444,-0.03439839075675814,0.0314994477622247,-0.004148498873090264,-0.03564794663531497,0.0314482613340474,-0.0006697945354277557,-0.03211805586947516,0.0186736026875988,0.027059128612577723,0.008385525924978925,,-0.013854024959157243,,-0.015822813379095,-0.0046013381363297,0.011221475242765299,-0.0338534887124331,0.006675879256938294,0.04052936796937139,0.0190143720731272,0.0219606448921596,0.0029462728190324007,0.0076420549935144,0.0216848600263067,0.0140428050327923,0.0328756715781771,0.019244463832795478,-0.01363120774538162,0.0331891414295867,0.013333879033680529,-0.019855262395906167,0.0321112329087206,0.012284429779780406,-0.019826803128940196,0.0163295586020635,0.00717427220656651,-0.009155286395496991,-0.008875572521851,0.0024412456016981937,0.011316818123549195,,0.0027624114200545343,,,0.03030090411523756,,-0.0094657625252249,-0.002476726422389396,0.0069890361028355046,-0.0157234375065648,-0.004449620704971867,0.011273816801592933,-0.0737026428937362,0.01800648907496494,0.09170913196870113,-0.0241797131077575,0.02244522568236422,0.04662493879012172,,-0.011371950041797679,,-0.0316987753344163,0.008582520117801834,0.04028129545221813,0.0052610142609399,0.018711397950838354,0.013450383689898454,-0.0010085109821109,0.034545483083603154,0.03555399406571405,-0.0178448343905489,0.029715680593225755,0.04756051498377466,-0.0229111770224503,0.00259073507871689,0.02550191210116719,-0.0234973903565658,0.001586285000952398,0.0250836753575182,-0.0048332462235186,-0.010838984364964286,-0.006005738141445686,-0.167673504157583,-0.011621559506423329,0.15605194465115968,,0.012353333487055898,,-0.0255915404005937,0.033757650517633374,0.059349190918227074,0.0066123356966795,0.001967414177828492,-0.004644921518851008,-0.0080080425408545,-0.002644968139381329,0.005363074401473171,-0.0184301161369974,-0.0032716601830918308,0.015158455953905569,-0.017712923677582,-0.0038337437832595875,0.013879179894322411,0.0207930205519881,-0.0027090850477195206,-0.02350210559970762,,0.02674355795958123,,-0.0338225551083091,0.01381123147432008,0.04763378658262918,0.0031729145527658,0.018198091559275705,0.015025177006509904,0.0086194929163823,0.018543200999070256,0.009923708082687957,-0.0069172472455384,0.017977521587087052,0.024894768832625452,0.0187677683372116,0.007881011217707283,-0.010886757119504317,0.0238824350430212,0.005362266181715428,-0.018520168861305773,-0.0223100605596828,-0.00236964192899055,0.01994041863069225,-0.0387697256853419,-0.004714594835426481,0.03405513084991542,-0.0466791058321779,-0.006358194943825199,0.040320910888352705,-0.0672804484936515,0.0014082587591348287,0.06868870725278634,-0.0117060853469479,0.00746476771202246,0.01917085305897036,-0.0171233707022762,0.0059856515311022245,0.023109022233378428,0.061455754531389,-0.00680694948586737,-0.06826270401725637
2016-09-01,,0.022805984366248783,,-0.0258836165690339,-0.004073283637667674,0.02181033293136623,0.0031208835662975,-0.002115799570009106,-0.0052366831363066055,-0.0745872142601913,-0.0038392760744246908,0.0707479381857666,0.0070537167722066,0.02564436211150993,0.01859064533930333,-0.018359982254299,-0.0015804610078698246,0.016779521246429174,-0.0196850803231257,-0.001916824239964864,0.017768256083160835,0.0312185637574125,0.00046704657860539703,-0.0307515171788071,0.0103506026017104,0.006531363486325211,-0.0038192391153851896,0.00996368235276,0.005237049872033037,-0.004726632480726963,-0.0037644654941272,0.010795627809142675,0.014560093303269874,,-0.01850075858941716,,-0.0156831332350119,-0.0060825439293745705,0.009600589305637331,-0.0152955971945471,-0.007393776360465085,0.007901820834082016,-0.0521104519602263,0.003052457568271723,0.055162909528498026,0.0037222394211771,-0.003334851598661187,-0.007057091019838287,-0.01174553006829,-0.005968004563021172,0.005777525505268827,0.0394025939466797,0.0019007035988554137,-0.037501890347824286,-0.0354187137730701,0.005688391395694203,0.0411071051687643,-0.0203501126333331,0.0033130636835936277,0.02366317631692673,0.0023416315324465,-0.012725806454253578,-0.015067437986700079,,0.029639712150459394,,0.0092091346054936,0.01624472204706813,0.00703558744157453,,-0.007295627353633,,0.0520453528676061,0.007504432680487169,-0.04454092018711893,0.0538323264264658,0.006702620949336226,-0.04712970547712957,-0.0527008929570992,0.003140390512987911,0.05584128347008711,0.0612410902961311,0.017652191380970114,-0.04358889891516098,,0.007086711756825864,,-0.0358136198766497,-0.005004699074276637,0.030808920802373064,-0.0113196603125705,0.013197778246600546,0.024517438559171045,0.0087569491541853,-0.003107987724680714,-0.011864936878866014,0.0140322880693162,-0.003610501896470089,-0.01764278996578629,0.0275008954138455,0.005994969750213909,-0.02150592566363159,0.0222827488578853,0.005762636706020352,-0.016520112151864948,0.025750433634062,0.005093786936644207,-0.020656646697417794,-0.0323799027215325,-0.004978271299343696,0.027401631422188807,0.021764294437798,0.013566788982936537,-0.008197505454861462,,0.008744280248177,,,0.009083798852825993,,0.0067506426278499,0.008896737378807994,0.0021460947509580938,0.0079168517931862,0.006661260387954568,-0.0012555914052316316,-0.0348176617795209,0.016959869053638877,0.05177753083315978,0.037118522562026,0.011720326377708461,-0.025398196184317542,,-0.0018896987581495423,,-0.0173418389564881,0.006853250844319614,0.024195089800807715,0.0251233144974522,-0.007660752534787866,-0.032784067032240065,0.0196436975135382,-0.005409162003969835,-0.025052859517508033,0.0208239926843637,-0.009674094774807821,-0.03049808745917152,-0.0031754054266313,0.00880713250434067,0.011982537930971971,-0.0052317011031538,0.007322432431026467,0.012554133534180268,-0.0005364462390035,0.008999512617437469,0.009535958856440969,0.0457618869430281,0.0003670614102084149,-0.045394825532819684,,-0.000613423829657504,,-0.0199693907993583,0.0062470406152324845,0.026216431414590784,-0.0504428542305693,-0.0064818015261112714,0.043961052704458034,-0.0149992657719999,-0.005149990162913642,0.009849275609086258,0.0045353547371384,0.007400688968032198,0.0028653342308937978,0.0084759695549591,0.00736954071892523,-0.0011064288360338693,-0.0281836795444014,-0.01743558911925393,0.010748090425147468,,0.013754368772457974,,0.0393241174438107,0.0005409345739010823,-0.03878318286990962,-0.0107417023036299,0.0019797919716340352,0.012721494275263935,-0.0115824757679495,0.0032480637389997874,0.014830539506949287,0.0247754631143782,-0.0035888963265886366,-0.028364359440966835,0.0235812272713963,1.7783052694933624e-05,-0.02356344421870137,0.0245745486246461,-0.0005171350435492443,-0.025091683668195346,0.0159263934951602,-0.011379222647518993,-0.027305616142679193,0.023513992832032,-0.0048156034400456404,-0.02832959627207764,0.0292685520897889,-0.00517735894538445,-0.034445911035173346,0.0136520751022245,-0.0010518011163002379,-0.014703876218524738,-0.0233268529126913,0.0030563876645100323,0.02638324057720133,-0.0351525670323851,0.002892418681454215,0.03804498571383931,0.000366176659804,-0.009796987432544233,-0.010163164092348234
2016-10-01,,-0.009044403845464972,,0.0024658973479758,-0.003484352116308917,-0.005950249464284717,0.010910068618554,-0.0028021624600420175,-0.013712231078596017,-0.049757976273687,-0.038273772620973597,0.011484203652713403,-0.0341960469721131,-0.0711313453191639,-0.0369352983470508,0.0276054660092109,0.02205148694027368,-0.005553979068937221,0.0293112716154833,0.023541619499920376,-0.005769652115562924,-0.0020341299696724,-0.009991542735415289,-0.007957412765742888,0.0035003330358771,-0.02416291271843411,-0.02766324575431121,0.009038470715282,-0.01875874092701919,-0.02779721164230119,-0.0699878677609806,-0.09991627399832252,-0.02992840623734193,,-0.019668363820671463,,-0.0246726198135012,-0.01865469508136861,0.0060179247321325915,-0.0189047940338003,-0.017833190552531027,0.0010716034812692718,-0.0358211985061676,-0.07832179547601209,-0.04250059696984449,-0.048413277078546,-0.01623670434310185,0.03217657273544415,,-0.055284671452963244,,-0.0248110090965971,-0.024975891003571754,-0.00016488190697465377,-0.0407638927953988,-0.04096962768521519,-0.00020573488981639326,-0.0298929689989752,-0.035194147689996555,-0.005301178691021355,-0.0308061828454365,-0.009243076799816358,0.02156310604562014,,-0.017707890165858026,,-0.039488167481033,-0.05632695691953058,-0.01683878943849758,,-0.13974952884248687,,-0.008670239766795,-0.029404154345727337,-0.02073391457893234,-0.0060879977205521,-0.027356567878920462,-0.02126857015836836,-0.0241529490260465,-0.07254278460405589,-0.04838983557800938,0.0746737709326127,-0.039359983071628975,-0.11403375400424168,,-0.05163457270843625,,0.0011905252096401,-0.0019524187983861528,-0.003142944008026253,-0.0673344336289278,-0.03725684382491223,0.03007758980401557,-0.0011860098885228,0.0009857597441006232,0.0021717696326234233,0.0026030543386353,0.0017766328081641877,-0.0008264215304711123,-0.0905265919493688,-0.03516575203672209,0.0553608399126467,-0.0396742792508227,-0.03323950851579902,0.00643477073502368,-0.0388481247429824,-0.028748753457616814,0.010099371285365588,-0.0215505980258396,-0.08402924219480759,-0.06247864416896799,-0.0598094931965626,-0.04366974751737753,0.016139745679185066,,-0.02708390596986059,,,-0.023082727185148096,,-0.0686633654910171,-0.02696252464686997,0.04170084084414714,-0.0677645236385463,-0.022876151759011698,0.04488837187953461,-0.1712460295388657,-0.029147621180516312,0.1420984083583494,0.0963836702203971,-0.022956403864804704,-0.1193400740852018,,-0.044355064933783654,,-0.0162123210448235,-0.031231774160847783,-0.015019453116024283,-0.0173136493016813,-0.00452191316666708,0.012791736135014218,-0.0076867199867534,0.008360646709318372,0.016047366696071774,0.0326654647759352,-0.032464414522281576,-0.06512987929821679,-0.0765546011299924,-0.011658005712062694,0.0648965954179297,-0.0752103934257124,-0.007830190600048635,0.06738020282566376,-0.1919656538802093,-0.12371227805042083,0.06825337582978848,-0.0544454208396965,-0.0043678897111512705,0.05007753112854523,,-0.0004660365086810569,,-0.0800106525243628,-0.03548580571371855,0.04452484681064425,0.0329538110141307,-0.030240230669851615,-0.06319404168398232,-0.0309515445072154,-0.011750138568282836,0.01920140593893256,-0.0413363509439479,-0.027948867534399183,0.013387483409548716,-0.0406181060294632,-0.023806253915174484,0.016811852114288713,-0.0021144865273254,-0.08626935110650358,-0.08415486457917817,,-0.02661763132946774,,-0.0299295441585655,-0.03608141636422403,-0.006151872205658531,-0.0271238684417984,-0.01027625949356071,0.01684760894823769,-0.0219617826249792,-0.006078149839010091,0.015883632785969107,-0.0236280843092079,-0.03724648102266056,-0.01361839671345266,-0.0194906285988282,-0.021734309117389942,-0.00224368051856174,-0.0245498164575911,-0.020476779890112366,0.004073036567478733,-0.1134635453474559,-0.07338300052113131,0.04008054482632459,-0.0035414039961416,-0.004354927870097392,-0.0008135238739557923,-0.0023864438081355,-0.0012191069204332515,0.0011673368877022487,0.0160219632980187,-0.03847236439533323,-0.054494327693351934,-0.0887433949317151,-0.025142489934817918,0.06360090499689718,-0.0979545352711376,-0.020098487292077746,0.07785604797905984,-0.038207416677206,-0.05305724483195535,-0.014849828154749348
2016-11-01,,0.09596434270246786,,0.0702855214351354,0.1022491617280729,0.031963640292937495,0.0356073359885775,0.03308268017473441,-0.002524655813843091,0.0071114379960655,0.06509464814370404,0.05798321014763854,0.0453640038112207,0.08235749061621295,0.036993486804992246,0.10683167045441,0.11002099295802054,0.0031893225036105366,0.102788913177507,0.10746792611968391,0.004679012942176902,0.0818859509472542,0.08495949931988445,0.0030735483726302415,-0.0012952691580383,0.01014764415746227,0.011442913315500569,-0.0078108417191294,0.0066942997724992,0.0145051414916286,0.002796445053052,0.07268787812538437,0.06989143307233237,,0.04901977512476932,,0.0896856902856071,0.08095871269038912,-0.008726977595217983,0.0854149873680794,0.08603269516796053,0.0006177077998811287,0.0578896907486654,0.14215890671546869,0.08426921596680328,0.052365749014042,0.05338319999429775,0.0010174509802557477,,0.09445912529644425,,0.0270380471594457,0.05595227774152856,0.028914230582082864,0.0673346702729426,0.11304087236824326,0.04570620209530066,0.0871065201338178,0.12089942632955922,0.03379290619574142,-0.0445982532572952,0.03661963479307898,0.08121788805037419,,0.10266132877669783,,0.0871779579932817,0.09280773451626345,0.005629776522981758,,0.030570644646582986,,0.020531199653775,0.027123928380613973,0.0065927287268389735,0.0157625391817078,0.022665346052675173,0.006902806870967372,0.0719846416772912,0.06140330909074121,-0.010581332586549988,0.0309996444551242,0.07653352306026545,0.045533878605141256,,-0.01225874831764687,,-0.0555402196742444,0.039662943017224256,0.09520316269146865,-0.0228705976466813,0.07316443288179751,0.09603503052847881,0.1047625408554303,0.08621032669145383,-0.01855221416397647,0.114955669111262,0.0874654951016498,-0.027490174009612192,0.1549956611861224,0.08546236262720756,-0.06953329855891484,0.1154600666320132,0.09865748191293362,-0.016802584719079583,0.1107253425329738,0.09280150591538547,-0.017923836617588326,0.0707804396656666,0.11803138993053813,0.04725095026487153,0.0296036786876431,0.05198889577365141,0.022385217086008307,,0.04384650573950874,,,0.013166000871030415,,-0.0434040483672374,0.02776652730756936,0.07117057567480677,-0.051622406125366,0.02634741102264876,0.07796981714801476,-0.196862868926403,0.11973320496008405,0.31659607388648703,0.1726593536616665,0.11814798968523411,-0.05451136397643237,,0.08452216089754092,,0.0912086671189042,0.07189242625012998,-0.019316240868774218,0.0813087194284142,0.1287356381406417,0.04742691871222751,0.0689665196243449,0.15474064104521387,0.08577412142086897,0.0965939497908448,0.16283611205697612,0.06624216226613132,0.0300124191885141,0.027629949426094366,-0.002382469762419733,0.0278623470815463,0.025978777044349127,-0.0018835700371971735,-0.0364117027904002,0.015249133824073903,0.051660836614474105,-0.1362159978332801,0.029587081016352552,0.16580307884963263,,0.06827860086190146,,0.1001243736634731,0.13510857852405245,0.03498420486057935,0.0250558787577316,0.08563137639376579,0.06057549763603419,0.0754552895511578,0.04097656208171635,-0.034478727469441445,0.0235084955968841,0.02399735815335585,0.0004888625564717503,0.0158138148999163,0.01598946454966399,0.00017564964974768962,0.0531704246250185,0.13469007813161651,0.08151965350659801,,0.1291392010748535,,0.204727027662004,0.11767995150949205,-0.08704707615251196,0.0448235025862638,0.06962935995527718,0.024805857369013376,0.0539848579070454,0.06263207312261594,0.00864721521557054,0.0474336124877571,0.1110924325728541,0.063658820085097,0.0870618123602508,0.07591361820240322,-0.011148194157847582,0.0862043440707212,0.06531407476828237,-0.020890269302438827,0.2433114085352931,0.12098985948453427,-0.12232154905075883,-0.0312425376940687,0.033570440602973775,0.06481297829704247,-0.0455579627573951,0.027986626970166274,0.07354458972756137,0.0933154361930266,0.07622529670079352,-0.017090139492233078,0.0948893526122177,0.07801734570632365,-0.01687200690589405,0.0954134623425975,0.06824657336280078,-0.027166888979796716,0.0614319121174602,0.06069409921888197,-0.0007378128985782301
2016-12-01,,0.03017209989497242,,0.0243162630763811,0.03901699824294782,0.014700735166566718,0.0281981686490636,0.019084111757936846,-0.009114056891126755,-0.00188853020295,0.019598716612830875,0.021487246815780875,0.0529112898122219,0.024636583139983438,-0.028274706672238463,0.0474717449384375,0.05145906387683448,0.003987318938396982,0.0458864945139716,0.051330921576985045,0.005444427063013443,0.061145685125159,0.023915047388893933,-0.03723063773626507,0.0020301774432258,0.012536802847273843,0.010506625404048044,0.0026640954868036,0.014252505683465371,0.01158841019666177,0.0025008546861149,-0.014839634801898958,-0.01734048948801386,0.0286722924007011,0.010398734148089657,-0.01827355825261144,-0.0023303923299608,0.02962056323645567,0.03195095556641647,-0.0071575069965725,0.02759751348652897,0.03475502048310147,-0.0705160462106659,0.01353159058071116,0.08404763679137706,0.0418221569664373,0.012702383266511826,-0.029119773699925473,0.0318180932764901,0.0030097205155388542,-0.028808372760951245,-0.0001997699386597,0.02123677014640776,0.02143654008506746,0.0071796270297186,0.03648252073749026,0.02930289370777166,-0.0087765130210389,0.03901633436180204,0.04779284738284094,0.0095929983660531,0.013424417320802653,0.0038314189547495534,,0.022562853002857965,,-0.003994292668369,0.021542392100035442,0.02553668476840444,,-0.0629101662622855,,0.0314281937408695,0.020480345798764028,-0.01094784794210547,0.0318069782916182,0.02048001419787272,-0.011326964093745482,0.0207150305465289,-0.01051142487108724,-0.031226455417616143,-0.0224354643675278,0.028502292202958655,0.05093775657048645,,-0.0035781041851873337,,0.0561356274725586,0.0119137170915778,-0.0442219103809808,0.0007500560959886,0.007783105063262311,0.007033048967273712,0.0177325472495896,0.034045353774834336,0.016312806525244736,0.0100682492816527,0.034989297055496055,0.024921047773843352,0.0541136796311908,0.017728975340406607,-0.03638470429078419,-0.0081326124905249,0.030775849600849732,0.038908462091374635,-0.0161043247940317,0.031012856839617155,0.04711718163364886,0.0127828318917121,0.007325940888777952,-0.005456891002934148,0.0037290958636491,0.01073512609087903,0.007006030227229929,,0.015439818432318874,,,0.013561673508769403,,0.0157650729052794,0.003141915895550426,-0.012623157009728976,0.0139815969047967,0.004404278381949477,-0.009577318522847223,0.1222213823085278,0.02032029848483928,-0.10190108382368852,-0.072964673126593,0.03436783615885852,0.10733250928545152,,0.005807563130170699,,0.0317302582542408,0.019586920606482695,-0.012143337647758105,0.0229891842220076,0.03825271764925609,0.015263533427248493,0.0277662001033746,0.04875956386948958,0.020993363766114985,0.0215965658508008,0.035992766830331105,0.014396200979530305,0.0039743093345199,0.006847812955949409,0.002873503621429509,0.0058749914034583,0.007836561925064912,0.0019615705216066122,-0.0514942763050481,-0.053046446623122905,-0.0015521703180748012,0.0291149725305755,0.007257695642265747,-0.021857276888309754,,0.02098393506822803,,0.0400604789573192,0.04735469090752797,0.007294211950208768,-0.0994401237163521,0.025606032467827906,0.12504615618418,-0.0093946694082528,0.02205164228642374,0.031446311694676536,-0.0008477977461477,0.01250384317716987,0.01335164092331757,0.0018406920044916,0.01214056215654099,0.010299870152049391,0.0161948651115179,0.012272575413827341,-0.003922289697690557,,0.036196304555311275,,-0.019151235516927,0.03424774007544556,0.053398975592372555,0.0368979195103459,0.028567168786999487,-0.008330750723346412,0.0391321047424426,0.027897581187254928,-0.011234523555187673,0.0299689490901631,0.02288845084116816,-0.00708049824899494,0.0048913222507112,0.0251554676915515,0.0202641454408403,-4.976146235277255e-05,0.02222780933275551,0.02227757079510828,-0.0190795101804148,0.0035770882204821178,0.022656598400896916,0.0409460921096117,0.012689772553873841,-0.028256319555737857,0.0373952647592373,0.011809508981040582,-0.02558575577819672,0.0254870542328328,0.013558704713412195,-0.011928349519420605,0.017351244848339,0.02308016176026927,0.005728916911930268,0.0104476135950199,0.022033042856834745,0.011585429261814845,0.0721320957783322,0.003271888072757759,-0.06886020770557444
2017-01-01,,0.011545655621109405,,-0.0162405004661438,0.005069016335824693,0.021309516801968492,0.0015533496591786,0.01618738435187966,0.01463403469270106,0.0131666035135456,0.013975988595848844,0.0008093850823032434,0.0556369933592181,0.03834145736973461,-0.01729553598948349,0.0178322255636055,0.003034378261868529,-0.01479784730173697,0.0206901639539099,0.004371426995843701,-0.0163187369580662,0.0183055209072598,-0.014643104756077366,-0.032948625663337165,0.0510536022903933,0.03714104901934872,-0.013912553271044584,0.0524311071815522,0.03847997251155352,-0.013951134669998679,0.0453531230079461,-0.007415258548854573,-0.05276838155680067,0.0520765275852246,-0.005478534083176354,-0.05755506166840096,0.0497725858604043,0.008177975453520139,-0.041594610406884155,0.0510483790964713,0.001962492897236326,-0.04908588619923498,-0.0132556021763602,-0.01665198168245482,-0.003396379506094621,0.0418382659141109,0.009484812805291901,-0.032353453108819,0.0239891186757023,-0.022295962000087342,-0.04628508067578964,0.0192206276150056,0.020849135914116322,0.001628508299110723,0.0530983106116745,0.011712143485686579,-0.041386167125987916,0.031781956702505,0.007691815520626085,-0.024090141181878914,0.0296046174143203,0.007064357329714966,-0.022540260084605336,,0.013861738854213749,,0.0465568228151158,0.021163115684036154,-0.025393707131079645,,-0.036132911258207084,,0.0287127751401453,0.041210424740777254,0.012497649600631953,0.0279255719886991,0.04258016759241657,0.014654595603717468,0.0065147457817869,-0.005903513905151726,-0.012418259686938625,0.0556895372236187,0.03240845717776155,-0.023281080045857147,,0.04007798052345396,,0.0121229446162123,0.006557654346969666,-0.005565290269242634,0.0171807948385397,0.008972993339794023,-0.008207801498745676,0.0190058983915817,0.0055287123525816495,-0.013477186039000052,0.021560928786064,0.005437319222078854,-0.016123609563985144,-0.0288418163101508,-0.005378346087429272,0.02346347022272153,0.0492573750046127,0.016333550158122573,-0.032923824846490125,0.0499067060853259,0.018797586704530266,-0.031109119380795636,0.0115330984138247,-0.02619793118420752,-0.03773102959803222,0.0729095245541057,0.024445524308919695,-0.048464000245186004,0.0795007726072352,0.024867775297110054,-0.05463299731012515,0.0274994943608587,0.022678897204011342,-0.004820597156847357,0.067621371002549,0.022308795539678992,-0.045312575462870014,0.068217176240307,0.022685126830758115,-0.045532049409548886,0.3300702773278668,-0.00416110048932155,-0.33423137781718837,0.1801949063160347,0.01940524523288565,-0.16078966108314904,,-0.020397049673273746,,0.0121047026598728,0.012573166747666543,0.0004684640877937428,-0.037023459120156,-0.008918727533485419,0.02810473158667058,-0.0393155662067694,-0.01312904956249428,0.026186516644275123,0.0984803463953187,-0.03279691211842705,-0.13127725851374575,0.0080385749368769,0.019210798017833503,0.011172223080956603,0.0082121968367146,0.019602819221594056,0.011390622384879456,0.0781168381860232,-0.02012034690084477,-0.09823718508686798,0.1361157291944734,0.015315455415247953,-0.12080027377922545,,0.0036815748370007846,,0.0038885965857458,0.005501194534138573,0.0016125979483927726,0.0033657658301233,0.0010189133141841917,-0.0023468525159391082,0.0107498762993659,0.014233466701375918,0.0034835904020100172,0.0200259323156052,0.030290286149144165,0.010264353833538964,0.0248471358698462,0.03272429775997035,0.007877161890124149,-0.0655259078887079,-0.03478774465477258,0.030738163233935314,,0.0033690944664682694,,0.0541441859276926,0.008492167411867538,-0.045652018515825066,0.0132294044379474,0.01333811171630261,0.00010870727835520996,0.011044776097833,0.016667141026967088,0.005622364929134089,-0.0037955357264474,-0.01309880606617881,-0.00930327033973141,0.0379038592692196,0.013030432236005488,-0.024873427033214116,0.0408569166298281,0.016075881158089885,-0.024781035471738214,0.0587595267440801,-0.02621335596407862,-0.08497288270815873,0.0130201341770462,0.00976861851252214,-0.003251515664524059,0.0146270541075844,0.01146091673008,-0.0031661373775044004,-0.0144331648967007,-0.005665641614353777,0.008767523282346923,0.0197228105724295,0.008429183073908596,-0.011293627498520904,0.0196592975020599,0.011340639775196578,-0.008318657726863321,-0.0159992065504981,-0.008963412373575461,0.0070357941769226395
2017-02-01,,0.019698571915980928,,0.0442446818287546,0.030394868440893095,-0.013849813387861506,0.0642300786153591,0.030670590819585966,-0.03355948779577314,0.0383915070687168,0.030325847747460322,-0.008065659321256479,0.0074319347427856,0.05693981638664185,0.04950788164385625,0.0407120116356003,0.03362815010321875,-0.007083861532381552,0.0420803428392812,0.03554653993322438,-0.006533802906056818,0.0281687264685994,-0.003465824316112273,-0.031634550784711675,0.029993463782689,0.05454956704651495,0.024556103263825953,0.0309468406231459,0.056995975037931794,0.026049134414785895,-0.0310058053800777,-0.005714971841326108,0.02529083353875159,0.0390548992275454,0.006432133026416786,-0.03262276620112862,0.0137871367291357,0.030088309159240642,0.01630117243010494,0.0093948650768643,0.02041928955502456,0.011024424478160261,0.0843490896766689,-0.0018982397923044995,-0.0862473294689734,-0.0051129509825202,0.02071478506516388,0.025827736047684083,-0.0172872821112739,-0.015334165564954627,0.001953116546319274,0.0614660076732251,0.039606624562579816,-0.02185938311064528,0.043494860481445,0.032734541924052035,-0.010760318557392963,0.0367530413022454,0.030443474460131098,-0.0063095668421143045,0.0479554250599208,0.020083576546360234,-0.027871848513560567,,0.01004922188849487,,0.017235562928386,0.0347335543197342,0.017497991391348198,,-0.05382436490673338,,0.0734414765039733,0.061164651772534454,-0.012276824731438846,0.0774938505263343,0.06289188634578094,-0.014601964180553359,0.0155948216848652,-0.0008057804440759159,-0.016400602128941115,-0.0008356067244725,0.056114404922724806,0.056950011647197304,,0.054191116005529005,,0.0118448400560191,0.015098101121026563,0.0032532610650074633,0.0513000069224131,0.012225438439897582,-0.03907456848251552,0.025641624777118,0.027900366100529893,0.0022587413234118926,0.0172407998645351,0.028135692541191668,0.010894892676656567,0.029936637180264,0.004887724123905625,-0.025048913056358375,0.0176453780361616,0.036582875406591026,0.018937497370429424,0.0192052949146216,0.03963744681684956,0.02043215190222796,-0.0396701061210376,-0.014462736171470954,0.025207369949566648,0.0366529777524989,0.03405310021322524,-0.002599877539273661,0.0420222025849952,0.03734024988069798,-0.004681952704297221,0.0349776402174597,0.04565049912545955,0.01067285890799985,0.0512031910324563,0.028927430948290624,-0.022275760084165673,0.0529069321048143,0.030199586212547296,-0.022707345892267004,-0.0022812357977915,-0.004532946781115884,-0.0022517109833243842,-0.107157091983184,0.03908292352801951,0.14624001551120352,,-0.02505378150178064,,0.0038754087554418,0.02524760847204135,0.021372199716599552,-0.0208676208695452,0.011279975849082998,0.0321475967186282,-0.0155796719625179,0.010256737334625995,0.025836409297143897,0.0091339731885664,-0.012520989904702597,-0.021654963093268996,0.072655408996535,0.024827580622475347,-0.04782782837405965,0.0724738151635154,0.025862799111477243,-0.046611016052038164,0.0290767973356474,-0.03101510874489503,-0.060091906080542434,-0.0486971707563768,0.019215661962574414,0.06791283271895121,,0.01622777873813469,,0.1219555712314301,0.03286740832147362,-0.08908816290995647,0.0735120976040428,0.01851902922088689,-0.05499306838315591,0.0249311668533131,0.03056569484894837,0.005634527995635272,0.0264223886405599,0.04323932437154412,0.01681693573098422,0.0325332061213736,0.045794417433696964,0.013261211312323364,-0.1151094161015525,-0.018721436350844615,0.09638797975070788,,0.01596866055116981,,0.0411134433434956,0.03139282931876244,-0.009720614024733162,0.0416845430493758,0.03361049747556558,-0.008074045573810217,0.0451890463067333,0.0366642185729965,-0.0085248277337368,-0.0039992316308472,0.003553145225247508,0.007552376856094708,0.0224814875029462,0.03157208146126629,0.009090593958320091,0.0202133664408318,0.03468597560270251,0.014472609161870705,-0.0743268829652354,-0.014907513550114848,0.059419369415120556,0.0319611524779516,0.02004116295504572,-0.01191998952290588,0.0303308190581201,0.0214243635662677,-0.0089064554918524,-0.0349955474647194,0.002462648055047208,0.037458195519766604,0.0236576731845597,0.02175689514838982,-0.0019007780361698819,0.0347210862122076,0.024452552619850992,-0.010268533592356605,0.0076268231316611,0.0028049601846503597,-0.00482186294701074
2017-03-01,,0.000901753374233657,,-0.0106999011992512,-0.017639174280180952,-0.006939273080929752,0.010084602147993,0.003274531897824588,-0.006810070250168412,-0.0057430924648942,0.010405293134242532,0.01614838559913673,0.0158274237461429,0.025392080289888375,0.009564656543745473,-0.0222187165898303,-0.029969022078967546,-0.007750305489137247,-0.0214303404993004,-0.030517550122881855,-0.009087209623581456,-0.0055081780249505,-0.018548952094889028,-0.013040774069938529,0.0156269857094883,0.01399947235355456,-0.0016275133559337414,0.0157801373153896,0.014247598409010017,-0.0015325389063795825,-0.0274959042374627,-0.010182757020622636,0.017313147216840064,,-0.006060763867203486,,0.0171696344627434,-0.00577477388464737,-0.02294440834739077,0.009600170341964,-0.006664130504833507,-0.01626430084679751,-0.0586345747277208,-0.02860031525373183,0.030034259473988974,0.0080138758548373,-0.0034014236710121874,-0.011415299525849487,0.008636740512798,-0.02382990032412667,-0.03246664083692467,0.0138149708681241,0.0027473359525493624,-0.011067634915574737,0.0414471079895007,0.006791573952275931,-0.03465553403722477,0.0147568133106156,-0.00064607576269486,-0.01540288907331046,-0.0031451635684322,6.152934419995619e-05,0.003206692912632156,,0.01792653544291052,,0.0203886036204993,0.013471959206472605,-0.0069166444140266944,,-0.02133736239596172,,0.0375787336119523,0.022782163429481514,-0.014796570182470783,0.0387387612796792,0.02379497901377621,-0.01494378226590299,-0.0477770191168348,-0.017077132056041743,0.03069988706079306,0.0591140260808377,0.002502157435642496,-0.0566118686451952,,0.018313448850458193,,-0.0118441370980242,-0.0030758623467663127,0.008768274751257887,-0.0183804854172555,0.00145253064391313,0.019833016061168628,-0.006508212560549,-0.01716275885358408,-0.01065454629303508,-0.0053756160717902,-0.016794342715293904,-0.011418726643503704,-0.0413350237964854,-0.009332385587276395,0.032002638209209004,0.0168182585260447,0.0013221613387054479,-0.015496097187339252,0.017418477771492,0.0018729796987420957,-0.015545498072749905,-0.0881517749600241,-0.021979332859359945,0.06617244210066416,0.011090425265933,0.013687494182574828,0.0025970689166418277,0.0047122034684057,0.011639054373622598,0.006926850905216897,-0.0075340276100884,-0.01451946065324676,-0.00698543304315836,0.0125939105831811,0.006499960947571978,-0.006093949635609122,0.0109238679019441,0.006538774605047885,-0.004385093296896215,-0.1588939904690025,0.0011438799863495164,0.160037870455352,0.0232816671436401,-0.005623122453337561,-0.028904789596977662,,0.007929128744915404,,0.0265563973358424,0.0038117247272371276,-0.022744672608605274,-0.002687658319566,-0.022184016118889316,-0.019496357799323315,-0.0005246529551205,-0.032487945864109906,-0.03196329290898941,0.00467019226418,-0.03849389211870241,-0.04316408438288241,-0.0065184394612086,0.004379922886647835,0.010898362347856435,-0.0080132653295253,0.004220576657174467,0.012233841986699766,0.23795536373286,-0.025305540960943618,-0.2632609046938036,0.0018805963794903,0.00811224692625535,0.00623165054676505,,-0.012695372543043327,,-0.0080337821850166,-0.005523134891805971,0.00251064729321063,0.0160496820831952,-0.0014339919416572258,-0.017483674024852427,0.0276985585801989,0.007958977643120244,-0.019739580937078657,0.0181342372021728,0.017420419073717705,-0.0007138181284550953,0.0194775509621779,0.01849023239366243,-0.0009873185685154683,-0.0582061423506772,-0.025256232052882216,0.03294991029779498,,0.0011318858061257022,,-0.0457351830264758,-0.005930516414957814,0.039804666611517985,-0.0145182731536552,-0.007126271883490231,0.007392001270164969,-0.0139291974271442,-0.006288231718381514,0.007640965708762685,0.0041670380043744,-0.022560735570038574,-0.026727773574412972,0.005137624698205,-0.0027114802346964477,-0.007849104932901448,0.0095546662481022,-0.002930726079503141,-0.01248539232760534,-0.0155313743975123,-0.030942218528760487,-0.015410844131248188,0.006990489702336,-0.00015208220377662963,-0.00714257190611263,0.0011837035638218,0.0005317313455621637,-0.0006519722182596363,0.0425553119932717,-0.0010672540011390692,-0.04362256599441077,-0.0090412595825901,0.002623827159438111,0.011665086742028211,-0.0110582999231479,0.003781583361392113,0.014839883284540015,-0.0207392284192139,-0.012248357061938749,0.008490871357275153
2017-04-01,,0.00558342771370109,,0.0129944413372989,0.0001794242402617548,-0.012815017097037145,0.0152599764319562,0.012872295628074782,-0.0023876808038814177,-0.0034858345157272,0.02254087157878266,0.026026706094509862,0.0214501831502839,0.036012687051033825,0.014562503900749924,-0.0172528647382666,-0.008370209020148598,0.008882655718118002,-0.0189103296868714,-0.008827947149461723,0.010082382537409677,0.0104415256869011,-0.00849434495677228,-0.01893587064367338,0.0404871065000462,0.022538284117623045,-0.017948822382423155,0.0410653348751337,0.023663338153771234,-0.017401996721362462,0.0248765807454811,-0.011916276940565794,-0.03679285768604689,,0.0039001139923459795,,0.0019553951501218,0.010151400428834594,0.008196005278712795,0.0017124546838459,0.007489750890768466,0.005777296206922565,0.0094593613780071,-0.019527026850043077,-0.028986388228050178,0.0090876740311653,0.0027909029490374502,-0.006296771082127849,,-0.018701677445627472,,0.0200072479095393,0.014190531826271651,-0.005816716083267649,0.0018363532620335,0.02320852782704133,0.02137217456500783,0.014028760787592,0.016938383775140967,0.002909622987548967,-0.0047630160379845,0.009471023282362781,0.01423403932034728,,0.014176921243588091,,-0.0025771245000735,0.021554122947165397,0.024131247447238897,,-0.0375689720054728,,-0.0061197804163756,0.03428558545363816,0.04040536587001376,-0.0067004388340384,0.03553865526582228,0.04223909409986068,-0.0036202371261837,-0.016933586199685477,-0.013313349073501776,0.0356232100317769,0.015298141220057222,-0.02032506881171968,,0.023119817061586338,,0.0139889125304584,0.002000073107750242,-0.011988839422708158,0.0239176910712962,0.0010974154531531856,-0.022820275618143013,0.0181093092143002,-0.0018782780228962788,-0.01998758723719648,0.0211526242434231,-0.0010920979569408302,-0.02224472220036393,0.029850287747052,-0.0014050070578834496,-0.03125529480493545,0.0384910494706558,0.014721242385238297,-0.023769807085417503,0.0427514463010033,0.01540051133573374,-0.02735093496526956,0.0118795539543714,-0.011728892434018113,-0.023608446388389513,0.040041960838979,0.017684800994162805,-0.022357159844816194,0.0379158313096982,0.018210461502921174,-0.019705369806777027,-0.0509362611506921,-0.002614624401791048,0.04832163674890105,0.0361526834968429,0.007144172361378336,-0.029008511135464564,0.0362036929452978,0.007984046830422873,-0.02821964611487493,-0.0622854943492582,0.0011387164683458943,0.06342421081760409,-0.0371432755219143,0.005096201083448111,0.04223947660536241,,0.009198318312397242,,0.0016856845134703,0.011974101991328317,0.010288417477858018,-0.025569812184651,-0.006661751336163932,0.01890806084848707,-0.0184164189686383,-0.014712442004107014,0.003703976964531284,-0.0524168430461152,-0.020783254837620897,0.0316335882084943,-0.0008967039420774,0.005001834175110924,0.005898538117188324,-0.0002812046337986,0.0053796674536959535,0.005660872087494553,0.3551615168151448,-0.03917707900899,-0.3943385958241348,-0.0278710946952162,0.008894200675459641,0.03676529537067584,,-0.0051086848455068005,,0.0472494160972826,0.016084505797947155,-0.031164910299335446,-0.0380476968268636,0.012934126076473233,0.05098182290333683,0.0566268299616242,0.020504335285984786,-0.03612249467563941,0.0334316731270373,0.02426441125559526,-0.00916726187144204,0.0365484403218714,0.025180478360528655,-0.011367961961342744,0.0163636253158026,-0.00982543678665226,-0.02618906210245486,,0.011282929488911679,,0.0231617728267203,0.01019021694057119,-0.01297155588614911,0.0028580671233457,0.006133502348425426,0.0032754352250797263,0.0023649811695594,0.006161874044488513,0.003796892874929113,0.0841688445587685,-0.009970022839574027,-0.09413886739834253,0.0197705765888039,0.009429589555883508,-0.010340987032920392,0.0246258963415596,0.00842713670549356,-0.01619875963606604,-0.0295358791550976,-0.023204234430720366,0.006331644724377233,0.0027788806292385,0.006309262524311795,0.003530381895073295,0.0060312735299752,0.006479446609717145,0.00044817307974194445,-0.0387610916405735,0.006408426440968871,0.045169518081542376,-0.0467448241994407,0.012348129380533441,0.05909295357997414,-0.0567023594040339,0.01294037323878053,0.06964273264281443,0.0512028652520482,-0.0035692354874428275,-0.05477210073949103
2017-05-01,,-0.00890764221844397,,-0.007966301235081,-0.011327945908881892,-0.0033616446738008923,0.022067163708987,0.014591083112128278,-0.00747608059685872,-0.0281343836724998,0.009271498784696946,0.03740588245719675,0.0190128137328357,0.01889412713747546,-0.0001186865953602366,-0.0112302140816111,-0.01800834702441886,-0.00677813294280776,-0.0090147844936411,-0.016435602032533216,-0.007420817538892116,0.0117654380183848,-0.03188466610021294,-0.04365010411859774,0.0361863159823234,0.034191574955086866,-0.0019947410272365337,0.0362042073385542,0.037192844038068544,0.0009886366995143434,-0.0524627952900296,-0.03680903276932939,0.015653762520700207,-0.0108279252478796,-0.005813671840087531,0.005014253407792068,-0.0137213643590718,-0.001864930745423178,0.011856433613648621,-0.0077271587452732,-0.007633143002035374,9.401574323782656e-05,-0.0239117372417553,-0.05381488434258854,-0.029903147100833243,0.0040664474078491,0.0025182687142072495,-0.0015481786936418504,-0.0538528541434529,-0.045036723296441844,0.008816130847011057,-0.0163076771717202,0.011712286538925906,0.028019963710646106,-0.0200385148939277,-0.003954286683858366,0.016084228210069332,-0.0242678053298501,-0.010108984176360306,0.014158821153489792,0.0251928488717104,0.008650442667632596,-0.016542406204077802,,-0.0026459618646362364,,0.0032768900499723,0.003080900010424172,-0.00019599003954812785,,-0.0614396898862441,,0.0697690027822721,0.03962659609314682,-0.030142406689125288,0.0713440472739879,0.04244287359268935,-0.028901173681298548,-0.1409700190308933,-0.030269094487077642,0.11070092454381565,0.0280937238340648,0.010783850508783796,-0.017309873325281007,,0.03696487074392462,,-0.0065111285075413,0.00387876078316347,0.01038988929070477,-0.0430572703891525,-0.007898818051624085,0.035158452337528415,0.0125874163148965,-0.00909125451957297,-0.02167867083446947,0.0192250960226497,-0.00875869928059097,-0.027983795303240667,-0.020408044339314,-0.024717452821301247,-0.004309408481987246,0.029930976688369,0.00020661573154748356,-0.029724360956821516,0.0426951686010752,0.004234918007436565,-0.03846025059363864,-0.0305097436151553,-0.05472163879974032,-0.024211895184585018,0.0319192431032966,0.012911738104619477,-0.01900750499867712,0.029616666244407,0.01748166938659932,-0.012134996857807681,0.0867503120720545,0.004494248167482652,-0.08225606390457185,0.027944724429502,0.01423868284006782,-0.01370604158943418,0.0335196671347055,0.016380248408771166,-0.017139418725934333,-0.1685674203622407,-0.024845668249533836,0.14372175211270688,-0.0512350787804018,-0.003026262069217539,0.048208816711184266,,-0.027001537792579272,,0.0014746846012458,4.004842387587038e-05,-0.0014346361773699297,-0.0310464541423231,-0.026908040020663358,0.004138414121659741,-0.0239211047411506,-0.037487961707936654,-0.013566856966786053,-0.0131573696535616,-0.06345695042211223,-0.050299580768550636,0.0090625141668884,0.012453616822133869,0.003391102655245469,0.0111098186237813,0.014129418969151174,0.003019600345369874,-0.12980687465542,-0.05343016441756191,0.07637671023785811,0.0114540473433611,0.01584194678066705,0.004387899437305951,,-0.008035150901622502,,0.004680632525113,-0.017651394756518838,-0.022332027281631837,0.0471970381034866,-0.008192849547421846,-0.055389887650908444,0.0614212880614774,0.01444894673044025,-0.04697234133103714,0.024160719836262,0.027506880008378684,0.003346160172116683,0.0342169846157944,0.03156523599197503,-0.0026517486238193735,-0.0513715103010017,-0.060154318133179036,-0.008782807832177338,,-0.0173884505610352,,-0.0332689092723013,-0.010231523482395437,0.023037385789905863,0.0009598875774043,0.0005040349763536473,-0.0004558526010506527,0.0066214111446548,0.004635552134065792,-0.0019858590105890084,-0.0485180206373145,-0.03628659928451652,0.012231421352797985,0.0179294821350811,0.0014552375526026163,-0.01647424458247848,0.0290300246742505,0.005573709088695001,-0.0234563155855555,-0.0949484650005228,-0.05423501783159974,0.04071344716892306,0.0169317744640429,0.008245007250923773,-0.008686767213119128,0.0200758714855932,0.0112969830408204,-0.0087788884447728,0.0436432875402372,-0.016994930523051767,-0.060638218063288965,0.0190417933218181,-0.002284708947817177,-0.021326502269635277,0.0343757972057764,0.0026442421516794613,-0.031731555054096944,0.0360916087000624,-0.02218962044022047,-0.05828122914028287
2017-06-01,,0.03790150867496837,,0.0036603448986313,0.01770452670385972,0.014044181805228418,0.0082806079274964,0.00178838981257838,-0.00649221811491802,0.1062535729840969,-0.0009236151044285436,-0.10717718808852544,0.0337704250024229,0.03103582633632827,-0.002734598666094632,0.0667812335081103,0.030927662051195258,-0.03585357145691504,0.0670735364967255,0.03036490190729911,-0.03670863458942639,0.0149139519670944,0.021760597406995923,0.006846645439901523,-0.007968892204987,0.004206193042767696,0.012175085247754696,-0.0094165635199603,0.0027969855678897735,0.012213549087850073,-0.0097207660567986,0.018201983579411465,0.027922749636210064,0.0191370055943598,-0.014884085253724809,-0.034021090848084606,0.0236642679858179,0.007160564920788836,-0.016503703065029064,0.0288140394234075,0.005318204038874543,-0.023495835384532957,-0.0050611084294589,0.027190974588838148,0.032252083018297045,-0.028022388258068,0.00026838947231034747,0.028290777730378348,-0.0022257380723627,0.009266729800645601,0.011492467873008302,-0.0327606051288186,0.0084149088420739,0.0411755139708925,0.0572814490477441,0.020373199958715324,-0.036908249089028775,0.0224995489993168,0.02168333179148997,-0.0008162172078268297,-0.0016702050794692,-0.011558352420322734,-0.009888147340853535,,0.033501760923885404,,0.0289161769108549,0.02294678056837184,-0.005969396342483061,,-0.015067890805933355,,-0.0444269995715485,0.0047352229652142365,0.04916222253676274,-0.0470723690088238,0.0030617708984167903,0.05013413990724059,0.0198653359658184,0.010960012243091346,-0.008905323722727053,-0.0015983729472588,0.031050281397946747,0.03264865434520555,,-0.002042217302894482,,-0.0340432488561544,-0.0025138390906032154,0.031529409765551186,0.0561760853974547,0.017295251357385508,-0.038880834040069194,0.0396362807175414,0.016322571478474025,-0.023313709239067372,0.0442259016607669,0.015905308754351144,-0.028320592906415754,0.0413289029484711,0.021919505805970005,-0.019409397142501096,0.0036860577925285,0.01822636227190206,0.014540304479373559,-0.0002172698210948,0.01658941847906309,0.01680668830015789,-0.0177154833166023,0.015634300109592054,0.03334978342619435,-0.0068279449513228,0.013720302473371129,0.020548247424693928,,0.009870942526365003,,,0.02482736638286171,,0.0421811377342168,0.006356713255447849,-0.03582442447876895,0.03898805329544,0.0037155775625282625,-0.035272475732911736,-0.0514555244013839,0.02771335902838394,0.07916888342976784,-0.0079112068200756,0.02690407365963873,0.03481528047971433,,0.0007328892372396496,,0.0281449247387039,0.014495936772114864,-0.013648987966589034,-0.0055654113388147,0.015227966237683617,0.020793377576498316,-0.0031863360045779,0.02624232504675821,0.029428661051336107,-0.0511395624264815,0.025330605306890325,0.07647016773337183,0.0431524198939657,0.008183502224300117,-0.03496891766966558,0.0419908218105222,0.00648838251657196,-0.03550243929395024,0.0670229385833661,0.010072862490397376,-0.05695007609296872,-0.0262187266839031,-0.0046963832149832345,0.021522343468919864,,0.011156362255682,,0.0239003669386222,0.03259728411804782,0.008696917179425619,0.0177225600557603,0.005000927789289919,-0.012721632266470382,-0.020905009822693,-0.0012278599696546174,0.01967714985303838,-0.0310839674933093,0.004473553792438941,0.03555752128574824,-0.0358187523436716,0.0033312721033455974,0.0391500244470172,0.054652386147169,0.004995355904383054,-0.04965703024278595,,0.031234270039915083,,0.0446749568914238,0.01745844666972241,-0.02721651022170139,0.0381655177089553,0.016221543309873833,-0.021943974399081467,0.0413736675378498,0.01629763326647586,-0.02507603427137394,0.0138341311310081,0.018460319343991716,0.004626188212983617,0.0318950297526887,0.010374720577245238,-0.021520309175443463,0.0275122572742682,0.007981196907039453,-0.019531060367228747,0.0156918832780705,0.0066669060500505655,-0.009024977228019936,-0.0047827348516908,-0.0027876362242090784,0.0019950986274817214,-0.0053314022723601,-0.004484192341890722,0.0008472099304693776,0.0349681826308426,0.007653201977047258,-0.027314980653795343,0.0050625884235879,0.011916170201576178,0.006853581777988278,0.0008713371547925,0.010014856284650415,0.009143519129857915,0.0147070417532175,-0.0007108089408076824,-0.015417850694025181
2017-07-01,,0.019779758628038404,,0.0265725714987883,0.018498222658740727,-0.008074348840047572,0.0136989263468685,0.017067816929987968,0.0033688905831194688,0.0080481099833875,0.008803257178345547,0.0007551471949580474,0.003161729091847,0.024030190930075006,0.020868461838228006,0.0199698813130214,0.025353752860773737,0.005383871547752338,0.020896634386707,0.026863780596634267,0.005967146209927266,0.0145272946235992,-0.0029505385892073847,-0.017477833212806583,0.040277196712582,0.028083517457846853,-0.012193679254735149,0.0435574416125174,0.029871123927130563,-0.013686317685386837,-0.0324002995080047,-0.01520425989896064,0.01719603960904406,,-0.0032133790512099657,,0.0216115484973008,0.012914750491425372,-0.008696798005875427,0.0216171451215983,0.008069570641332234,-0.013547574480266068,-0.0558038536869726,-0.008594702406009935,0.04720915128096266,0.0521493203087238,0.012834320440350723,-0.03931499986837308,-0.0440076265419902,-0.015748128477812248,0.02825949806417795,0.02141958031061,0.01973686135091769,-0.0016827189596923114,-0.0001211305859406,0.01157106834433517,0.01169219893027577,0.0093219483797999,0.011665506063348622,0.0023435576835487224,0.0195302658320538,0.008226839892731246,-0.011303425939322553,,0.01764916849582586,,0.0110867215900953,0.015252317636267665,0.004165596046172365,,-0.050172757261120714,,0.03771148316481,0.02977772685961397,-0.007933756305196032,0.0369012948354782,0.030702143676827245,-0.006199151158650957,0.0345325194364412,-0.007649350233818019,-0.04218186967025922,0.0670649774850209,0.03043512360957205,-0.03662985387544884,,0.022422400199571424,,0.0156588986243889,0.011278081631742376,-0.004380816992646523,-0.02106606757031,0.010026246417754658,0.03109231398806466,0.0361594761590562,0.01835523316718813,-0.01780424299186807,0.0334351665578014,0.018373552449682844,-0.015061614108118553,-0.0194948144713312,-0.0010129191543089351,0.018481895317022264,0.0163883485034363,0.01846510725734338,0.0020767587539070806,0.0197263868682629,0.020987054222073018,0.0012606673538101167,-0.0216690261783798,-0.02439295622002401,-0.0027239300416442083,0.00851204757487,0.017191539585580225,0.008679492010710225,,0.020140041517783612,,,0.021977788404596296,,-0.005860778868561,0.018571102113268175,0.024431880981829177,-0.0054701995227741,0.01946306293946405,0.02493326246223815,-0.0746918251134692,0.003742949122494232,0.07843477423596343,0.1471367996707919,0.028539904684843624,-0.11859689498594828,,-0.021866962216220972,,0.0262220936711285,0.012256256945750513,-0.013965836725377986,0.0334164044359477,0.009223605519297955,-0.024192798916649744,0.0323010417382181,0.01322156236145949,-0.01907947937675861,0.0435918945711678,-0.011958174035116337,-0.055550068606284135,0.0098947820859602,0.019124940060632454,0.009230157974672254,0.0101136673347971,0.020056036665152127,0.009942369330355028,-0.0397617826566067,-0.032216255651772184,0.007545527004834518,0.0579656434771145,0.01586726825737709,-0.04209837521973741,,0.014346311525392272,,0.0260507187916664,0.011604229598548675,-0.014446489193117725,-0.0493350398397215,0.002903896650387834,0.052238936490109335,-0.034284586481487,0.012200235754010655,0.04648482223549766,0.0106423634856166,0.02131057543822664,0.010668211952610042,0.0120047056976377,0.02336560528235869,0.01136089958472099,-0.0242944511688533,-0.031436344848598745,-0.007141893679745444,,0.01082059429271531,,0.0032096806502686,0.01394550887938625,0.01073582822911765,0.0171500418033417,0.01930540179527929,0.00215535999193759,0.0150829009092247,0.022586419669703636,0.007503518760478936,0.0010512469003456,-0.0029592650816088074,-0.004010511981954407,-0.0133373695489894,0.016381869941712365,0.029719239490701765,-0.015803664563258,0.01872640000813272,0.034530064571390726,-0.0434737866981435,-0.018453882535163252,0.02501990416298025,0.0295738718225714,0.01212165404518774,-0.017452217777383663,0.0318791865684307,0.013716753929756208,-0.018162432638674494,0.0361803390822793,-0.0053422030163292325,-0.041522542098608534,-0.0082881712038871,0.010097286483179967,0.018385457687067067,-0.004107380790919,0.012676128072068924,0.016783508862987923,-0.0584295071186213,-0.01003964550490656,0.04838986161371474
2017-08-01,,-0.002684396817106848,,-0.0100388451765713,-0.010655065079346052,-0.000616219902774752,0.0187176484379511,0.005799562496550604,-0.012918085941400495,-0.0616759814128093,-0.005487086726590183,0.05618889468621911,0.0237256849186842,0.013159825704785187,-0.010565859213899012,-0.0079021211670542,-0.00464911129007833,0.00325300987697587,-0.0062199200433214,-0.0036724830241441526,0.002547437019177247,-0.0056789983719192,-0.017760748639191207,-0.012081750267272007,0.0191641377712938,0.020852091293792417,0.0016879535224986163,0.0200388316905129,0.023182005915255106,0.003143174224742206,-0.0616329628125296,-0.03267686626745789,0.02895609654507171,,-0.019480135863276682,,0.0027589260314662,-0.007896076021598211,-0.01065500205306441,0.0126198192237518,-0.014222299267502235,-0.026842118491254036,-0.1259307461549177,-0.046145728839982005,0.0797850173149357,-0.0161266032428007,-0.010597366885336733,0.005529236357463966,0.0976345778137246,-0.04159517169834988,-0.13922974951207448,0.0177591767078701,0.0024430630097961575,-0.015316113698073943,-0.0017229980952697,-0.007583838769392318,-0.005860840674122618,-0.0188473868914465,-0.011462829801443867,0.007384557090002634,-0.0003284520401241,-0.007109345916446316,-0.006780893876322216,,-0.009155674974884252,,-0.042966314751167,-0.004445115903749345,0.038521198847417656,,-0.0683024202841357,,0.0591369915375419,0.022498269751147496,-0.03663872178639441,0.0655246028161788,0.02427737743817874,-0.04124722537800007,-0.0826863280922068,-0.02985542751640846,0.05283090057579834,-0.0011043404041226,0.010753292728720958,0.011857633132843558,,0.020129315047092606,,-0.0357655525714204,-0.007894114676173734,0.027871437895246667,-0.0290461031157837,-0.015075713777229825,0.013970389338553874,-0.0058104465265731,-0.007958362114088057,-0.002147915587514957,-2.5256554544049112e-05,-0.00796291967203183,-0.007937663117487781,-0.00969028044085,-0.016720897345044037,-0.007030616904194037,-0.0149875289134915,-0.006735827139532222,0.008251701773959277,-0.0030782735342488,-0.004146288667612451,-0.0010680151333636511,-0.2120642220629752,-0.04476829829692204,0.16729592376605318,0.0392747142002234,0.0021552174647066647,-0.03711949673551674,,0.006527680994392318,,,0.01905840093398741,,-0.0013407741010825,0.0014254373068289608,0.002766211407911461,-0.0048317623290827,0.0018880265616297422,0.006719788890712442,-0.0848636063791116,-0.02689880278128316,0.057964803597828435,0.0666279668423193,-0.011138604590442806,-0.0777665714327621,,-0.033117769559621965,,-0.0004197522308288,-0.005364277435672738,-0.004944525204843938,-0.0397903972493455,-0.028354952014346832,0.011435445234998669,-0.0338519220126475,-0.03203448261719548,0.0018174393954520224,-0.0937949231674504,-0.04827149220773391,0.04552343095971649,0.023475763578894,0.0025327738417740614,-0.020942989737119937,0.0228073207789185,0.003206174894306222,-0.01960114588461228,-0.0338320922568279,-0.04294375205236077,-0.00911165979553287,0.0609887226350036,-0.0035112941237786747,-0.06450001675878228,,-0.01149735789548293,,-0.0217220338835403,-0.008892537515966102,0.0128294963675742,-0.0972418618156005,-0.013961050109584037,0.08328081170601646,0.014063679844451,0.004610539438204863,-0.009453140406246136,-0.0152987011081034,0.013789520484098412,0.029088221592201813,-0.0132122720853683,0.01716792719663821,0.03038019928200651,-0.0916260715641153,-0.05459394517631431,0.03703212638780099,,-0.01575260295721569,,0.0144145588267286,-0.015817598346852296,-0.030232157173580895,0.0051082444537781,-0.00013638883986234816,-0.005244633293640448,0.0098180167427527,0.003135012761432426,-0.006683003981320274,-0.0124145664490802,-0.029433767372965942,-0.017019200923885744,0.0128104107355946,-0.006036269637491654,-0.018846680373086254,0.0171223542940769,-0.0037321881982141708,-0.020854542492291073,0.0210809106402127,-0.05464852574131584,-0.07572943638152854,0.0171277266640949,-0.0030873805055014044,-0.020215107169596305,0.0153495565017077,-0.001574461725046135,-0.016924018226753833,-0.0173192337556768,-0.019141177393610976,-0.0018219436379341772,-0.062129430073816,-0.008067948602008762,0.05406148147180724,-0.0654494654117698,-0.004638190021678444,0.06081127539009135,-0.0141990798023252,-0.02438125985892994,-0.01018218005660474
2017-09-01,,0.06090055354443927,,0.0150910550006908,0.0471113205413695,0.0320202655406787,0.0269035495329379,0.014354851040411957,-0.012548698492525944,0.0076563050598821,0.030122834198035246,0.022466529138153148,0.0657904634279882,0.05914970960770723,-0.0066407538202809605,0.0545464588713076,0.052193117728776266,-0.002353341142531336,0.0527770232478144,0.05061695745728785,-0.0021600657905265497,0.0348760110827005,0.04360984950533744,0.00873383842263694,0.0126554989768771,0.009595658519395122,-0.003059840457481977,0.0092161805711971,0.006777666422031262,-0.002438514149165837,0.0677823018323935,0.04850040710886984,-0.019281894723523665,,0.012606781954796774,,0.0670709603599144,0.03607616632841719,-0.030994794031497214,0.0707097622264376,0.037499155906355344,-0.033210606320082256,0.0344513188314785,0.07577822747885087,0.041326908647372367,-0.0089565480813053,0.023407170262866744,0.032363718344172045,-0.0088382410757759,0.045800430208887945,0.05463867128466385,0.0392261645801064,0.028986109203227632,-0.01024005537687877,0.0635619709474529,0.060029975975700846,-0.0035319949717520574,0.0780428887919819,0.06221595766119399,-0.01582693113078791,-0.0072743246315016,0.009243362780704046,0.016517687412205648,,0.06689011296943001,,0.0728952198411442,0.05712236935338682,-0.015772850487757374,,0.01879462952445281,,-0.005132804403178,0.018143760202913715,0.023276564606091715,-0.007661478951602,0.01531155822678204,0.02297303717838404,0.1030828106295353,0.03634481160908742,-0.06673799902044789,0.0439571858095321,0.050212101239715465,0.006254915430183368,,0.0007229053493169118,,0.0261204903585298,0.015136740822532116,-0.010983749535997683,0.0150237683712513,0.04453870466643253,0.029514936295181232,0.0224487269947628,0.03983046991961006,0.017381742924847263,0.018838794631482,0.040038577505137056,0.021199782873655055,0.0449392264309684,0.0480317568444471,0.0030925304134786988,0.0808723161679854,0.05225940911758406,-0.028612907050401343,0.0779064402639479,0.04862750185896011,-0.02927893840498779,0.15259753891904,0.060404604322397214,-0.09219293459664277,0.0327340599883476,0.03495883880475014,0.0022247788164025395,,0.02718281994614385,,,0.016007561383467983,,0.0103921204566624,0.019279329444269643,0.008887208987607243,0.0117957369920583,0.016816023280386106,0.005020286288327807,0.0335567124214502,0.06876976052098074,0.03521304809953055,-0.0715707741860869,0.06400793221236993,0.13557870639845682,,0.04159759916057146,,0.0380034424511481,0.04024525200314643,0.0022418095519983264,0.1055337439892556,0.05714226011673445,-0.048391483872521145,0.0964453916182125,0.07073359870628852,-0.025711792911923978,0.1581205219642542,0.07599176274022401,-0.08212875922403018,0.0228803393760156,0.018482693953411743,-0.004397645422603857,0.0210159776865482,0.016451854699411225,-0.004564122987136973,0.1106914658760661,0.022455537351808132,-0.08823592852425796,-0.0613638999343335,0.012707607469178152,0.07407150740351165,,0.03219024414473717,,0.0200461486004718,0.07204542438922057,0.05199927578874877,-0.0034140196694866,0.038825175071693425,0.04223919474118003,-0.0097773875513431,0.01683890048743056,0.02661628803877366,0.0317548878691283,0.016792441280653547,-0.014962446588474752,0.0266332758822744,0.012642255508019128,-0.013991020374255272,0.0284055060012355,0.060561460500700166,0.032155954499464665,,0.07188069158834848,,0.0311395418837752,0.05851422655401922,0.027374684670244023,0.0256383691127034,0.03557868175729899,0.009940312644595588,0.0283705440335691,0.032628883784613795,0.004258339751044695,0.0601427077563655,0.05446389892181136,-0.0056788088345541415,0.0405612013369401,0.037254242845106235,-0.003306958491833864,0.037320825649923,0.0316149786737103,-0.0057058469762127015,0.0625922755077707,0.05584019744318804,-0.00675207806458266,-0.0126044752488799,0.012656700491661678,0.025261175740541576,-0.0076978767848534,0.009396102769279768,0.01709397955413317,-0.0080764394154442,0.03845207476016574,0.046528514175609936,0.038205016242897,0.04044655768438363,0.0022415414414866247,0.0293536085200727,0.03521165863163764,0.005858050111564938,0.0086530237153879,0.026935133882981327,0.01828211016759343
2017-10-01,,0.015414938376997136,,-0.0476319052134234,0.02599388301210857,0.07362578822553197,0.0131122119843496,0.02243414036694154,0.009321928382591941,0.0353342185924579,0.015141931687198094,-0.02019228690525981,0.0202013868820511,0.04180936386438443,0.021607976982333327,0.0278176882761409,0.04101959169894807,0.013201903422807169,0.0296998687918317,0.042331962027838246,0.012632093236006545,0.024626218499003,0.005012222023310877,-0.019613996475692123,0.0653909685181378,0.03945647412571103,-0.025934494392426774,0.0696012701379001,0.042363812047026106,-0.027237458090873995,0.0022240219989912,-0.019240915224622623,-0.021464937223613825,,-0.0054637637056025,,0.0490176170968847,0.02196435814849487,-0.027053258948389832,0.0466855275168745,0.011720724147988368,-0.03496480336888613,-0.0064113721577267,-0.01303587544294278,-0.00662450328521608,-0.0458117855399607,0.003496319291632478,0.04930810483159318,-0.0452949921706373,-0.02327217735375552,0.022022814816881783,0.017639816223845,0.02668168825286779,0.00904187202902279,0.0822718401267099,0.02465813039998858,-0.05761370972672132,0.0268083001349535,0.02379624457208245,-0.0030120555628710514,-0.0280296109552516,0.006414969307995079,0.03444458026324668,,-0.007700851222029877,,0.0678063587461655,0.018009909312140342,-0.049796449434025156,,-0.08065743365166538,,0.0937771127652798,0.0439945585341554,-0.0497825542311244,0.0973055438325599,0.04548778783454197,-0.05181775599801793,-0.0517003300617993,-0.015339819192514979,0.03636051086928432,0.0192857107176884,0.04564475023902949,0.02635903952134109,,0.03397628109402707,,0.0081674615506376,0.0017168062589182234,-0.006450655291719377,-0.0847827491971838,-0.006125732549940801,0.078657016647243,0.0342711038704343,0.024206395709415764,-0.010064708161018534,0.0364941185044974,0.024489886281166585,-0.012004232223330816,0.0236664073193058,0.004676192552722286,-0.018990214766583514,0.0519973984519878,0.022974791421565225,-0.029022607030422577,0.062030428505488,0.025290106518735134,-0.036740321986752866,0.0529807443557926,-0.016637152326925815,-0.06961789668271842,0.0479287872980779,0.016078557568586675,-0.031850229729491225,0.043621837458437,0.02228597289615906,-0.02133586456227794,0.9922965764662116,0.0524045847485856,-0.939891991717626,0.0365855888661908,0.009323734317849705,-0.027261854548341097,0.040228798085593,0.010039396608662236,-0.030189401476930763,0.0893492157161331,-0.018512068137860223,-0.10786128385399332,0.0093635091239315,0.019011382711828544,0.009647873587897045,,-0.0333668012684131,,0.010752359995672,0.014094798051331724,0.0033424380556597248,-0.005144144454627,0.003519843293714379,0.00866398774834138,-0.0020207238387894,0.0067145684513256875,0.008735292290115087,-0.0031678754949003,-0.008278059549239252,-0.005110184054338952,-0.0268133988456905,0.009240596939639677,0.036053995785330174,-0.0260953787956694,0.010076550535813257,0.03617192933148266,-0.0878112668467497,-0.04407231511682231,0.04373895172992739,-0.0538162110222577,-0.0018655147329018887,0.05195069628935581,,0.007069417522187366,,0.040552013303146,0.035311835785387505,-0.0052401775177584944,-0.0484690918196332,0.01138749006937262,0.05985658188900582,0.0329344508369302,0.023630007994783382,-0.00930444284214682,0.0584604672402548,0.027943165487711814,-0.030517301752542983,0.0684881208046966,0.030564208037460013,-0.037923912767236584,-0.1376624629220706,-0.021786507730031664,0.11587595519203894,,0.00883306489000824,,0.0373359184849938,0.018705030245616858,-0.01863088823937694,0.0102967794127896,0.028453060133008932,0.018156280720219332,0.0143769248885346,0.030606448271045857,0.016229523382511258,0.0251055455257966,0.0010515979557175455,-0.024053947570079056,-0.0051423047086301,0.01957832303473479,0.02472062774336489,-0.0060814430544007,0.02085998982629711,0.026941432880697808,-0.0225820426004956,-0.029499544217243216,-0.006917501616747614,0.0139661661746591,0.008239968142924268,-0.005726198031734832,0.0033829316868624,0.008500685232139382,0.005117753545276982,0.0155534110820125,-0.0037689872515644755,-0.019322398333576976,-0.0183984644238128,0.011977824690420318,0.030376289114233117,-0.0259563445646639,0.013912838726001657,0.03986918329066556,-0.0470007877945606,-0.004716744949054517,0.04228404284550608
2017-11-01,,0.018517788601847694,,9.67841676513141e-06,0.03361390650874096,0.03360422809197583,-0.0017830366719868,0.032828731646474534,0.034611768318461335,0.0874439260348911,0.050210397965118905,-0.03723352806977219,-0.0069020974044194,0.047111864170692574,0.05401396157511197,0.0242931502601096,0.02133193352567561,-0.0029612167344339885,0.0244984380180694,0.021389202032066387,-0.0031092359860030137,0.0324728426896492,0.0027100510756673693,-0.02976279161398183,0.0043061914730289,0.03615841544891375,0.03185222397588485,0.0037006486400484,0.03838442153558398,0.034683772895535585,-0.0275093159879938,-0.012109312245898445,0.015400003742095356,0.0333411770855921,0.033743182388514446,0.0004020053029223439,0.0122774447705521,0.04050343520866348,0.02822599043811138,0.0105716049342537,0.039044494143728126,0.028472889209474425,-0.0342748154873559,0.0037300680850902083,0.03800488357244611,0.0453075936783559,0.030068141121579406,-0.015239452556776494,0.1531834620192279,-0.0003802090691527169,-0.1535636710883806,0.0458214190852952,0.03730419410251898,-0.008517224982776218,0.1020257060223049,0.05086959240877434,-0.05115611361353056,0.0375313320854968,0.04719118333812988,0.009659851252633085,0.0399164599454359,0.038100151695829115,-0.0018163082496067823,,0.03196256850783689,,-0.0143612707365046,0.04108154399626121,0.05544281473276581,,-0.04230500046048676,,0.0221780306158098,0.053639591164010625,0.031461560548200825,0.0237571847226111,0.055228667566012635,0.03147148284340154,-0.0378347017088404,-0.008869794834712971,0.02896490687412743,0.0343600245510114,0.030817792725154544,-0.003542231825856855,,0.029559380423972253,,0.0722602277411531,0.02633620281331229,-0.045924024927840805,0.0658148265575238,0.018169000043599063,-0.04764582651392474,0.0432641661569201,0.027020828182873984,-0.016243337974046118,0.0473947789662343,0.028638354790163533,-0.018756424176070766,-0.0215321989918264,0.009473852859584412,0.031006051851410813,0.0156824064587197,0.04404914871158422,0.028366742252864518,0.0103580111317733,0.045581252294125914,0.03522324116235261,-0.0153837860781173,0.0026787945807404817,0.018062580658857783,0.019113388707869,0.03216011777322769,0.01304672906535869,0.0165942096960884,0.035337650215789426,0.018743440519701025,-0.1776842371424011,-0.008684022960056733,0.16900021418234437,0.0394081009155756,0.021645853114991388,-0.017762247800584215,0.0348089451973425,0.024976059299713298,-0.0098328858976292,-0.0416290909737149,0.023216203072250204,0.0648452940459651,0.0568515774063546,0.04121709138121216,-0.01563448602514244,,0.026327390049339844,,0.0283574215849458,0.03132649092422209,0.0029690693392762924,0.0201152354583119,0.03460063907253862,0.014485403614226722,0.0184533939722696,0.029818524852345703,0.011365130880076103,0.0726897073629299,0.011780985909225612,-0.06090872145370429,0.0277761604861704,0.01888029002822848,-0.00889587045794192,0.0277152924702658,0.020841073494587952,-0.006874218975677849,-0.0291591279623694,-0.06212681187927254,-0.03296768391690314,-0.0153237826427875,0.033605571153440865,0.04892935379622836,,0.019923690595438047,,0.0451943978050873,0.041474040529385886,-0.0037203572757014136,0.0737559725441047,0.04060927584044624,-0.033146696703658454,0.0508275322300772,0.04230823229055523,-0.008519299939521975,0.0879856033938126,0.038833746998002655,-0.04915185639580995,0.086577345552999,0.03901026319913551,-0.047567082353863484,0.1330034878099656,0.01631262683175681,-0.11669086097820879,,0.03657288819593967,,-0.0038433045072745,0.04509277909172798,0.04893608359900248,0.038961001354496,0.028208063960233825,-0.010752937394262172,0.0399545807170227,0.027587689536881895,-0.012366891180140806,0.0576267073267646,0.013344869335407758,-0.04428183799135684,0.0273558447410444,0.0370034547752871,0.009647610034242696,0.0223297315552295,0.03567087584739279,0.013341144292163293,0.0806190085092759,0.0057693011599256935,-0.07484970734935022,0.0179495830457121,0.028486049405005865,0.010536466359293766,0.0181898252399617,0.02914890673592225,0.01095908149596055,0.0323706205133456,0.023696807427979874,-0.008673813085365724,0.0336916325103931,0.03535331464400066,0.0016616821336075602,0.0411507415244928,0.03562433256051883,-0.005526408963973974,0.0470902374465332,0.012901033429939578,-0.03418920401659362
2017-12-01,,0.012318205015532971,,0.0177580850326988,0.010095196862694337,-0.0076628881700044615,0.0384308835028499,0.014911372844707832,-0.02351951065814207,0.051955519213669,0.014735113184944814,-0.03722040602872419,-0.0013176539752059,0.0021245575401596783,0.003442211515365578,0.0219932324898415,0.0032267128135225268,-0.018766519676318972,0.0252109006853377,0.0038314471814858454,-0.021379453503851856,0.0090657244032542,-0.009624261264698668,-0.018689985667952866,0.0018415729813692,0.010817708103335858,0.008976135121966659,0.0028910086549579,0.012701844454226294,0.009810835799268395,0.0456621390535014,-0.02982261516149192,-0.07548475421499332,0.0194437118666823,0.012553356874269632,-0.006890354992412669,0.0110368704855626,0.010400666843772409,-0.0006362036417901906,0.014126867814448,0.01269610037443218,-0.0014307674400158201,0.0083517756371068,-0.019324851138550578,-0.027676626775657378,0.0473828065018438,0.018458186125119642,-0.02892462037672416,0.0111179134841176,-0.013777814772579146,-0.024895728256696746,0.0182275973484965,0.011060137315586145,-0.0071674600329103555,0.0071883419379605,0.00942208705449355,0.0022337451165330494,0.0101247715358442,0.008315519057693935,-0.001809252478150265,0.0241185343210241,0.0192290777302511,-0.004889456590773,,0.03334621073867218,,0.0221209492820605,0.009459426013049731,-0.01266152326901077,,-0.042164523707901184,,-0.012462550988578,0.017944587300985904,0.030407138289563904,-0.0113333812310563,0.01913077193601541,0.03046415316707171,-0.0106056397740468,-0.019647506436232934,-0.009041866662186133,0.0119985357247391,0.00011865209851419562,-0.011879883626224904,,0.0012509625772844327,,0.0024244019649616,0.020002416990979,0.0175780150260174,-0.0069834879357363,0.012522058409248369,0.019505546344984668,-0.0179468652469355,0.0090902597592471,0.027037125006182598,-0.0213209745121691,0.009957002915616834,0.03127797742778593,-0.0514442833853599,-0.008854265522175777,0.04259001786318412,0.0223698809666011,0.013479825785053912,-0.008890055181547188,0.0272487337438183,0.015832712616076373,-0.011416021127741927,0.0377318654455236,-0.02983349127149772,-0.06756535671702132,-0.0139778963708695,0.011007309703884945,0.024985206074754445,-0.0068310354498006,0.014324719411106445,0.021155754860907046,0.0415359782416724,-0.029189419430782314,-0.07072539767245471,-0.0264248525450391,0.01415063973686003,0.04057549228189913,-0.0264310777280957,0.016986880206552025,0.04341795793464773,-0.0477178265350781,0.01987762199868272,0.06759544853376082,0.1088055674644335,0.023642299836448496,-0.085163267627985,,0.009161388388513813,,0.0072399644299004,0.009223008242856176,0.001983043812955776,0.0498217766946908,0.017099257038363413,-0.03272251965632739,0.0492168077824939,0.016858913800680893,-0.032357893981813005,0.0452085946099294,-0.012212071072429848,-0.05742066568235925,0.0094934387026609,0.016449864631232446,0.0069564259285715465,0.0087286031584459,0.01846481783054169,0.009736214672095789,0.0223649018537837,-0.05911353186806684,-0.08147843372185054,0.0451315119224713,0.03086643138388311,-0.01426508053858819,,0.014265990053926663,,0.0056909981650342,-0.0031321337939790557,-0.008823131959013256,-0.0583891171203681,0.007668524703188154,0.06605764182355625,0.0007053303650946,0.013705008754884519,0.01299967838978992,0.0275765852223639,0.01409335911277225,-0.01348322610959165,0.0259459253426065,0.01522349512339485,-0.01072243021921165,0.0302389176083441,-0.026260517936757474,-0.056499435545101576,,0.01447747009924877,,0.0732247373636982,0.011365688913354348,-0.061859048450343845,0.0108213357018676,0.006738034614391103,-0.0040833010874764975,0.0106822425854271,0.008701453349298076,-0.0019807892361290245,0.0234679182937274,-0.008820312191707957,-0.03228823048543536,0.0266732083085601,0.012742253209403314,-0.013930955099156787,0.0273448510224942,0.013372233818345102,-0.013972617204149098,-0.0383328804668464,-0.014193319989026582,0.02413956047781982,-0.03064527255832,0.01737284710961032,0.04801811966793032,-0.0247752045953123,0.019638030073310473,0.04441323466862278,-0.0574653855579595,0.0010772083351685898,0.05854259389312809,0.0430468281862402,0.01212671164501502,-0.03092011654122518,0.0500375610353106,0.014397134017630328,-0.035640427017680276,0.0384950664004184,-0.012399363624258763,-0.05089443002467717
2018-01-01,,0.036572364391178995,,0.0784389653430418,0.0546914093516982,-0.0237475559913436,0.0230628650391688,0.04466316350335025,0.02160029846418145,0.0739371892557213,0.04382617710820678,-0.030111012147514528,0.0400410904832121,0.07988440417104332,0.03984331368783123,0.063738552920132,0.06027941800027979,-0.003459134919852211,0.0656144610558802,0.06345966710984399,-0.0021547939460362098,0.0051003588911575,0.003344973239723872,-0.0017553856514336283,0.0931382697474558,0.07729971668796501,-0.015838553059490793,0.0983575160172795,0.07969500979408861,-0.01866250622319089,-0.0238308423631094,0.01277696810429654,0.03660781046740594,0.0024093222809011,0.015224974640388115,0.012815652359487015,0.0363858957948772,0.04860415941133325,0.012218263616456053,0.0442419564500322,0.03597546017795173,-0.008266496272080467,0.0067271916254948,0.02541408363617766,0.01868689201068286,0.0219263492116695,0.04055282687148939,0.01862647765981989,-0.0728324632716868,-0.0008345176787615501,0.07199794559292524,0.1107083826215241,0.06147933375694635,-0.049229048864577754,-0.0145100292610355,0.04809487297083164,0.06260490223186714,0.0293088537472927,0.04805169468131211,0.01874284093401941,-0.0237009719722596,0.032439659406344204,0.056140631378603804,,0.02275033339828011,,0.0195995816624737,0.05515800781133392,0.03555842614886022,,-0.04217178672961258,,0.035387434509283,0.08224494235761949,0.04685750784833649,0.0362636592625363,0.08380140986441721,0.04753775060188091,0.0449967268548254,0.021586821851343155,-0.023409905003482244,0.183723770433738,0.08761240375283376,-0.09611136668090424,,0.07780751300271173,,0.0016817876326116,0.02971658575509224,0.02803479812248064,0.0771964899977348,0.03200933311714926,-0.04518715688058554,0.0405219560453138,0.05082546889002286,0.01030351284470906,0.0447124286179597,0.05071042620401007,0.005997997586050366,0.0348799451705122,0.01605325862736447,-0.018826686543147727,0.0430430176393164,0.05994956829166204,0.016906550652345642,0.0445721703852225,0.06389261240880394,0.019320442023581436,0.0459007294410928,-0.0033977221284741954,-0.049298451569567,0.0905112001886218,0.053843858408110484,-0.036667341780511314,0.095933025476135,0.05612053110541866,-0.039812494370716336,-0.0277921967467657,0.07138312037403048,0.09917531712079618,0.0929979177339038,0.050738561700755934,-0.042259356033147864,0.0966125542733423,0.05200806467195381,-0.044604489601388485,-0.0044942229159895,0.00782184056569929,0.01231606348168879,0.054659213194381,0.07314449068816145,0.01848527749378045,,-0.03303409636968826,,0.0380576160097691,0.04189051975050607,0.0038329037407369704,0.027858382125635,0.0325292910762873,0.004670908950652298,0.0327277514890477,0.03563613641846011,0.002908384929412415,-0.021675349696587,0.0035051524131446835,0.025180502109731683,0.0508682484927648,0.04385212667079831,-0.007016121821966488,0.0492070481157375,0.04495120031903717,-0.004255847796700331,-0.0242086437088223,-0.01212105944594354,0.01208758426287876,0.0172954335032895,0.034369500277134785,0.017074066773845285,,0.036170623838050586,,0.035996847730242,0.04999214368587186,0.013995295955629865,0.0372951866802401,0.029658672421126592,-0.007636514259113509,0.0228140448441842,0.04000274755191319,0.017188702707728987,0.1254504343401908,0.06021175890633515,-0.06523867543385564,0.1330225446310864,0.0628782922716991,-0.0701442523593873,-0.0807582086682924,-0.01033188254303586,0.07042632612525654,,0.03057068618450761,,0.0151537034791783,0.05543817608751488,0.040284472608336584,0.0109611305377594,0.05481220566637183,0.04385107512861243,0.0222236067363777,0.05926212593550601,0.03703851919912832,-0.009247091513175,0.021116237838902974,0.030363329352077972,0.0332123014421488,0.052854299320855176,0.019641997878706373,0.0321474978152998,0.05812317760749108,0.025975679792191286,-0.0463264869096517,0.006849799038215319,0.05317628594786702,-0.0306470267294702,0.03373939554120882,0.06438642227067902,-0.0358109008683478,0.03567548825288442,0.07148638912123223,-0.0649650791082503,0.008955171324194955,0.07392025043244527,0.0574662576790131,0.03582578798511103,-0.02164046969390207,0.0687206542226726,0.03905689063485004,-0.029663763587822557,0.0852505641997637,0.014970280937204388,-0.07028028326255932
2018-02-01,,-0.01930827504368383,,-0.0282432622860432,-0.047309029307688086,-0.019065767021644885,-0.0277405879539814,-0.022487474264659496,0.005253113689321905,-0.0231595998271034,-0.038936060946752185,-0.015776461119648786,-0.0416592873959616,-0.035128890392775905,0.006530397003185695,-0.0361532065591218,-0.038796996697576115,-0.0026437901384543175,-0.0370038648884524,-0.039924367088060214,-0.002920502199607815,-0.0171912097717008,-0.01996592951611711,-0.0027747197444163117,-0.0169335045854578,-0.02769796634113212,-0.010764461755674321,-0.0194687988455205,-0.026210567305542335,-0.006741768460021835,-0.0546058547262234,-0.05581994842917505,-0.0012140937029516477,-0.0499016564333589,-0.03974294833040118,0.010158708102957721,-0.0617354661326139,-0.04265749049369822,0.01907797563891568,-0.0633851407634718,-0.04216416021991828,0.02122098054355353,0.0047752884134697,-0.0777457232908371,-0.0825210117043068,-0.0849895391161539,-0.042848994994983756,0.04214054412117014,-0.0377045234112734,-0.05560479117744497,-0.017900267766171568,0.0471503455262034,-0.03902978954351093,-0.08618013506971434,-0.0984150736159385,-0.03912669014839721,0.05928838346754129,-0.0803073836029159,-0.04369523232347753,0.036612151279438364,-0.059732537873773,-0.034235011893725416,0.025497525980047585,,-0.018564379256152383,,-0.0544113304221047,-0.04155176933575166,0.012859561086353041,,-0.07647701249479831,,0.0280323710444243,-0.028151182662336138,-0.05618355370676044,0.0333220680383345,-0.027146651201586918,-0.06046871923992142,-0.0730777056194005,-0.05836699604947014,0.014710709569930355,0.0090624857995533,-0.042881837512207206,-0.05194432331176051,,-0.03335787102481405,,-0.0473204227761469,-0.03112221981464314,0.016198202961503757,-0.0789788468870788,-0.04023607493701863,0.03874277195006017,-0.0474740235618015,-0.04139874045980068,0.006075283102000818,-0.0506887929584916,-0.041250042139395315,0.009438750819096287,-0.0607233003260986,-0.029503930551194015,0.031219369774904585,-0.044668761236451,-0.04745401209236013,-0.0027852508559091313,-0.0368152041524279,-0.04697741327888542,-0.010162209126457517,-0.086449923128616,-0.057975231814635424,0.02847469131398058,-0.0375503679180659,-0.03412162614334345,0.003428741774722452,-0.0358857694903836,-0.02957285066740288,0.006312918822980719,-0.08985662768775,-0.023060239648800402,0.0667963880389496,-0.040051762635249,-0.03436238135184713,0.005689381283401865,-0.0434330545215988,-0.03486845639764342,0.00856459812395538,-0.0180067839317427,-0.03393404152078828,-0.01592725758904558,-0.020260106478941,-0.06028488215117467,-0.04002477567223367,,-0.0198716909664075,,-0.0295491315241612,-0.03397903216470651,-0.004429900640545312,-0.1073262992276001,-0.05490571926513022,0.05242057996246988,-0.1017531430422652,-0.05842585230534302,0.043327290736922174,-0.0354236158487372,-0.060484301796641465,-0.025060685947904268,-0.0374818490547614,-0.026280014390204384,0.011201834664557018,-0.0375668571863015,-0.026240662407677393,0.011326194778624104,-0.1045169840677557,-0.05862386561351057,0.045893118454245124,-0.1161509300615708,-0.029126918817901408,0.0870240112436694,,-0.037284846806758,,-0.0154695655985125,-0.03909502537377847,-0.02362545977526597,0.0094668836786666,-0.03797723345563107,-0.047444117134297664,-0.0438897051086764,-0.021332693157253252,0.02255701195142315,-0.0375092118943518,-0.024299077630116437,0.013210134264235365,-0.0363947933998735,-0.021810686657270928,0.01458410674260257,-0.0430347250741556,-0.06783815460573149,-0.02480342953157589,,-0.03389998776704884,,-0.0426638866182052,-0.05642426642091491,-0.013760379802709707,-0.0332781584068938,-0.03482721095976732,-0.00154905255287352,-0.0251340350217387,-0.033547569794005055,-0.008413534772266355,-0.0532151950751816,-0.05092157516468715,0.0022936199104944474,-0.0513172731649096,-0.04304064651396851,0.008276626650941095,-0.0565958871899995,-0.04461105803465321,0.011984829155346287,-0.0427862821601983,-0.08027199061868397,-0.037485708458485666,-0.0568027655345381,-0.027835504438147387,0.028967261096390712,-0.0554886287932066,-0.027474270261366666,0.028014358531839936,-0.0648473464510865,-0.030551576801945004,0.034295769649141494,-0.0474066140832123,-0.0329555802517732,0.0144510338314391,-0.0451960521369649,-0.030964812758787697,0.014231239378177201,-0.0383828888847481,-0.046175207858044735,-0.007792318973296637
2018-03-01,,0.008409031024694376,,-0.0568914972906573,-0.026877955007921558,0.030013542282735745,-0.0021849743239713,-0.017655172070329943,-0.015470197746358643,0.0075428128853022,-0.015952120630126767,-0.023494933515428966,-0.038782975111422,-0.0072389107458056805,0.03154406436561632,-0.044077380232854,-0.028480417484858852,0.015596962747995147,-0.0476337215044912,-0.03083795144654887,0.016795770057942333,0.0182580697888928,0.00024444188797410047,-0.018013627900918698,-0.0313059369475217,-0.028368396501894433,0.0029375404456272666,-0.0357889477694882,-0.029840399794610048,0.005948547974878149,-0.0173148490502805,-0.010465936506593576,0.006848912543686922,-0.0464677857212019,-0.020518869658421004,0.025948916062780897,-0.0394092191411539,-0.023389810972173474,0.01601940816898043,-0.0421008385193357,-0.018169673225395106,0.023931165293940595,0.0098159283708696,-0.020746861041360674,-0.030562789412230274,-0.0233262499633812,-0.021919617910972387,0.0014066320524088148,-0.084112666667761,-0.013394134312542353,0.07071853235521865,-0.0242258711747059,-0.02443255722561796,-0.00020668605091206035,0.0266732088850983,-0.006741559240851723,-0.033414768125950026,-0.0122190331364962,-0.010715929229790457,0.001503103906705744,0.0228413246839584,-0.022149708791180462,-0.04499103347513886,,0.02594430276914653,,-0.0145356476393439,-0.006005693449323571,0.008529954190020329,,-0.015803664734837845,,-0.0356221771471497,-0.023792192590888737,0.011829984556260963,-0.0369499441514397,-0.024790299304331225,0.012159644847108474,-0.026903926298965,-0.022101050089929113,0.004802876209035887,0.0067336684115037,-0.025662422932903314,-0.03239609134440701,,-0.03296594888958852,,-0.0146075942588705,-0.0166497472579196,-0.002042152999049099,-0.0369601971774325,-0.00487808257436742,0.03208211460306508,-0.019941985535046,-0.025437441685643266,-0.0054954561505972666,-0.0297688546048639,-0.02520996067450256,0.004558893930361338,-0.0117245406288686,-0.0018680184885753249,0.009856522140293275,-0.0152332564628684,-0.01799547621258648,-0.002762219749718079,-0.0233362892575689,-0.020346872531319362,0.002989416726249538,0.1639212709764027,-0.009354985239992716,-0.17327625621639542,-0.0099308325261556,-0.010846218747485854,-0.0009153862213302534,-0.0101050120372455,-0.014499160629275434,-0.004394148592029934,-0.0111454984512095,-0.035179247280754035,-0.024033748829544534,-0.0026131998295936,-0.018155040060333243,-0.015541840230739642,-0.0100855176114124,-0.019972409276040163,-0.009886891664627763,-0.0019075138915862,0.016659780599231185,0.018567294490817385,-0.0387357605390801,-0.02284615786486234,0.01588960267421776,,0.02378136272150671,,0.0165668641172364,-0.009669785557257254,-0.026236649674493656,0.024906268148194,-0.01905411732557364,-0.04396038547376764,0.0207831021739474,-0.019573825524839862,-0.040356927698787265,0.0071452423684394,-0.012365287953686434,-0.019510530322125835,-0.0270075958763435,-0.013412919992596634,0.013594675883746866,-0.0269421750054463,-0.014768175644545394,0.012173999360900904,-0.0597505997350792,-0.018792474833345858,0.04095812490173334,0.0556020297950479,-0.012225238544573512,-0.06782726833962141,,-0.01801483663277145,,0.0329964085798911,-0.008682959241102184,-0.04167936782099328,-0.0929934855647522,-0.012498985639321208,0.08049449992543099,-0.000830185870658,-0.014197679977587726,-0.013367494106929726,-0.0311470977888878,-0.016387837129013205,0.014759260659874596,-0.0321545023921891,-0.01751696218887048,0.014637540203318623,0.0049548962616995,-0.014246994684004224,-0.019201890945703723,,0.007090082329719445,,-0.0550894927523694,-0.021258493615204307,0.03383099913716509,0.0058077405072175,-0.021796230683161662,-0.027603971190379162,0.0017616797163632,-0.023223622286181328,-0.024985302002544528,0.0097930020002719,-0.015973673942067567,-0.025766675942339466,-0.0074045271545468,-0.021732492697966038,-0.014327965543419238,-0.0070956311006995,-0.026353801405451713,-0.019258170304752215,0.0040461284199205,-0.025308482290907795,-0.029354610710828295,0.0190955287193084,-0.01728717501489024,-0.03638270373419864,0.016968153156567,-0.01863636066221046,-0.03560451381877746,0.0063092679874904,-0.0009479007774429468,-0.007257168764933346,-0.0091590359483261,-0.008047402870608861,0.001111633077717238,-0.0167166893306769,-0.00980334283564632,0.006913346495030578,-0.04695870337262,-0.020059171788212957,0.026899531584407044
2018-04-01,,0.02753350893990923,,-0.0053957096576888,0.006109403417195931,0.011505113074884731,-0.0093272875496187,0.0009466329215521337,0.010273920471170834,0.0441323859982766,-0.00757094706410162,-0.051703333062378225,0.0171130160056754,0.00923256891772128,-0.00788044708795412,0.0098833418875637,0.013768248388080708,0.0038849065005170085,0.010200945175061,0.01400281756753364,0.0038018723924726407,0.0040399082998608,0.004877004069128492,0.0008370957692676916,0.0126573440853237,0.0018220221917789588,-0.010835321893544742,0.0125718596277212,0.0013198069067427026,-0.011252052720978496,-0.0002956980383061,-0.0010145121067941007,-0.0007188140684880007,-0.0439127040774471,-0.013966211491966187,0.029946492585480912,0.0008883059890538,-0.0025891101895136864,-0.0034774161785674864,-0.0049030223424514,-0.0024053137085184124,0.0024977086339329872,-0.0607643987461177,0.0037163757408906943,0.0644807744870084,-0.0192581541634725,0.003575307907463218,0.022833462070935718,-0.0144358200093991,-0.0037072319492417348,0.010728588060157366,0.0105949953439495,0.002025431820594882,-0.008569563523354619,-0.0314979699836625,0.0014758704572622003,0.0329738404409247,-0.0282875087104373,0.002491997314196912,0.03077950602463421,-0.0502379848563679,-0.007588164051038154,0.042649820805329745,,0.0344205104274522,,-0.0590399840336456,0.009286977054016937,0.06832696108766254,,-0.0201181843405285,,-0.0303661493867268,0.00027990310711336936,0.030646052493840167,-0.0300208064517291,-0.0005019380403781879,0.029518868411350912,-0.0022920025872842,-0.00017205384915342263,0.0021199487381307774,0.0313770625944925,0.013459573252969705,-0.017917489341522798,,-0.004748759385025869,,-0.0254862042624683,0.0035072735581488535,0.028993477820617154,0.0487103580109671,0.01571516534537219,-0.032995192665594905,0.0270704996826516,0.0072484891364517365,-0.019822010546199864,0.0425750319939819,0.006854184311320652,-0.035720847682661254,0.053528150043055,0.004780252716762138,-0.048747897326292866,-0.051588839298269,0.0066947127460247795,0.05828355204429378,-0.0581207219822314,0.006902279570614862,0.06502300155284627,-0.0965184514692728,-0.012288002804595419,0.08423044866467738,-0.0216272968378571,0.008507968437276341,0.03013526527513344,-0.0113130362458204,0.006576530468205143,0.017889566714025543,-0.0501639220881236,0.0037265001254759133,0.05389042221359951,0.0207143859805379,0.010014415148946,-0.010699970831591899,0.018793311027083,0.008869485050822282,-0.009923825976260717,0.0195411602277708,0.023018973360477653,0.003477813132706852,-0.0089345985126754,0.02113081987999132,0.030065418392666722,,-0.005269816089848016,,0.0015771139807516,0.00601599569118197,0.0044388817104303695,0.0999633251082602,0.00727366058402968,-0.09268966452423053,0.0963042467352583,0.015258652419284693,-0.08104559431597361,0.0582195503350918,0.00011141904465841279,-0.05810813129043339,-0.0026996792045111,0.01298722789290368,0.01568690709741478,-0.0022143862042196,0.012451378387669403,0.014665764591889003,-0.0915269843034057,-0.006158722320553894,0.0853682619828518,0.02992230840801,0.00799607087868482,-0.02192623752932518,,0.010509288911551362,,-0.0171196468012915,0.0032776290442801176,0.02039727584557162,0.0617212274779516,-0.006792267376540779,-0.06851349485449237,0.0536020488734092,-0.006070822173494694,-0.05967287104690389,0.0372850971261961,0.0021731242215497597,-0.035111972904646335,0.0410300668714069,0.002375742076902072,-0.03865432479450483,0.0307913094682929,-0.023419080429294376,-0.05421038989758728,,0.01651112016898802,,0.0274603701983244,0.0033671969770035833,-0.02409317322132082,-0.008337684906904,0.006274968225732355,0.014612653132636355,-0.0154536208460407,0.00834782562058219,0.02380144646662289,0.0285162031596997,0.0003236568839402631,-0.028192546275759435,0.0256843341069169,0.0034519599368004654,-0.022232374170116434,0.032246233193953,0.0034329718341392246,-0.028813261359813776,0.010159861849636,-0.007895602061788501,-0.0180554639114245,0.0180643115878149,0.000966625735861314,-0.017097685851953585,0.0124958539429,0.0013832376935964993,-0.011112616249303502,0.0346739768258439,-0.0032983045763369818,-0.03797228140218088,0.0279077663450907,0.003901244365876723,-0.024006521979213977,0.039278813157023,0.004457227274663876,-0.034821585882359125,0.0170541245938918,-0.013175473915183701,-0.0302295985090755
2018-05-01,,0.04330088791145617,,0.0345201631024788,0.015139199001444637,-0.019380964101034168,0.0411756264081214,0.011399348909936628,-0.029776277498184768,0.0358051209274158,0.03417933330136547,-0.0016257876260503332,0.0285141073894098,0.09799964723262093,0.06948553984321112,0.0057797558603503,0.0071716970202590595,0.0013919411599087597,0.0032200729519945,0.005739997717018804,0.0025199247650243037,0.0135514151481666,0.017225653850079528,0.0036742387019129286,0.0612601247925359,0.03749436981998031,-0.023765754972555585,0.0614374728240833,0.03365002111336113,-0.027787451710722173,0.0836391378124371,0.07079931139697142,-0.012839826415465688,-0.0044026116830025,-0.004124422204395562,0.0002781894786069378,0.0353949813113585,0.021383688321399353,-0.014011292989959147,0.0371363009510853,0.016128193636022928,-0.02100810731506237,0.0520087654808432,0.05605100214021562,0.004042236659372422,-0.0151017678772487,0.010165086158948787,0.025266854036197488,-0.0879114850139688,0.02565593426460036,0.11356741927856916,-0.0188962076699041,0.03229435117621437,0.051190558846118464,-0.0196833643697507,0.05482105524082073,0.07450441961057143,0.0416373639929771,0.047933321137625225,0.006295957144648125,-0.0033778484878612,-0.00177724839253995,0.00160060009532125,,0.04815138309145889,,0.066904101302776,0.06873482571292266,0.0018307244101466585,,0.04619489879098358,,0.1141462051927871,0.04729635506120264,-0.06684985013158447,0.1168314689970228,0.045456219119742375,-0.07137524987728043,0.0400558494985059,0.04392379350255021,0.0038679440040443117,0.0881804234220786,0.06586287782714663,-0.022317545594931973,,0.05094051386633762,,-0.0259205080156018,-0.0017673405094234794,0.02415316750617832,-6.798358039739657e-05,0.038570576018558914,0.03863855959895631,-0.0103638602875779,0.010826981616497906,0.021190841904075806,-0.0095260246386992,0.010230030802532802,0.019756055441232004,-0.0090023862357613,0.03855647129699711,0.04755885753275841,0.0246694668387867,0.044361117567674954,0.019691650728888253,0.0261264232566074,0.040898773494782326,0.014772350238174924,0.0600840276837334,0.052814483294135274,-0.007269544389598127,0.0335669149986492,0.05212032914559693,0.01855341414694773,0.0252569880362813,0.038536847314739255,0.013279859278457956,0.0630506046440745,0.042764886641817254,-0.020285718002257244,0.0548722437878055,0.029175205649670008,-0.025697038138135495,0.0444535117010635,0.024439982206005045,-0.020013529495058455,-0.078195137394089,0.03891396089709885,0.11710909829118785,0.0335809853198857,0.04006796593673417,0.0064869806168484714,,0.02584469553684029,,0.0101061349697154,0.0389484271312421,0.0288422921615267,0.0312831850504848,0.0053588094161054235,-0.02592437563437938,0.0316135322803195,0.0016636164519151506,-0.029949915828404353,0.1187960568872017,0.02069463742455685,-0.09810141946264485,0.0131978590053852,0.01963051992548156,0.006432660920096358,0.0101553282998778,0.01580240320751024,0.005647074907632442,0.0777638095746536,0.06475453259110228,-0.013009276983551324,0.0095071982414659,0.0028984568302870117,-0.006608741411178889,,0.0052008553449028345,,-0.0003924516853756,0.058001857187505605,0.058394308872881204,0.002532340667466,0.026782677125348466,0.024250336457882465,-0.0282149798408256,0.017593267794247244,0.045808247635072845,0.0168708943942802,0.03908686240977904,0.022215968015498837,0.0166510699606471,0.03665288525474282,0.02000181529409572,0.0533252337545944,0.04210724278628864,-0.011217990968305759,,0.04752633358131969,,0.0459592876272157,0.04056837012201803,-0.0053909175051976704,0.0171426617278491,0.024617537210576836,0.007474875482727735,0.0108446197660702,0.022913778499358606,0.012069158733288406,0.0336941454929382,0.028820878159838838,-0.004873267333099361,0.0385738953496314,0.027078453783465316,-0.011495441566166081,0.0349717876981484,0.02437041353595539,-0.010601374162193006,0.0481195203544672,0.029685498852949868,-0.01843402150151733,0.0026063943313154,0.0028872851184588164,0.0002808907871434162,0.0030333123150702,-0.00020810047303636563,-0.003241412788106566,0.0041657334322096,0.030713653548112157,0.026547920115902558,0.0032218118638254,0.03161020566934664,0.028388393805521245,-0.0084741367034355,0.027786011106723234,0.03626014781015873,-0.0405396803873663,0.02677740668870311,0.06731708707606941
2018-06-01,,0.007018897340452332,,-0.0313968097859742,-0.0077793795351410195,0.023617430250833182,-0.0012766671215578,0.007910020529270628,0.009186687650828428,0.0884000706875896,0.01684799353361004,-0.07155207715397956,0.0016730709978832,0.022066876612304623,0.020393805614421424,-0.008724230624706,-0.021770255442615755,-0.013046024817909755,-0.0086828795981976,-0.022310153880531404,-0.013627274282333804,0.0210070425114095,-0.013494947877021641,-0.034501990388431145,0.0139632471702716,0.012464742589430198,-0.0014985045808414022,0.0140778571830647,0.012818273186608541,-0.0012595839964561588,-0.008282505645322,-0.01054404573881215,-0.0022615400934901508,,0.004412006361517008,,0.0181987001914932,0.0020015334357003636,-0.016197166755792837,0.0231783677907288,0.003265047207356664,-0.019913320583372137,-0.0256845491926692,-0.0196332919660316,0.006051257226637602,0.0351829859253296,0.00637996929266571,-0.028803016632663887,0.0239672631613892,-0.014959863350389483,-0.03892712651177868,0.005248995408261,0.007026922022310138,0.001777926614049138,-0.0096906148619178,0.01306293599443556,0.02275355085635336,-0.0179876235096886,0.007058212959718482,0.025045836469407085,0.0380839820468759,0.00914317554537305,-0.028940806501502853,,0.029649479443092226,,-0.0214069548516674,0.017543607534854514,0.03895056238652191,,-0.017980147466871106,,-0.0309703804686263,0.02244413561566195,0.05341451608428825,-0.0316746781317117,0.023319671754615988,0.05499434988632769,-0.0487725123569186,-0.014054457349286722,0.03471805500763188,0.0462837795216215,0.0016906439845289839,-0.044593135537092515,,0.012935733928050827,,0.050534829889922,0.006547701599492734,-0.043987128290429264,0.0210927336910772,0.00952553403260402,-0.01156719965847318,-0.0044404382620084,-0.008477229295778611,-0.004036791033770211,-0.0020838311085999,-0.007836680124606301,-0.005752849016006402,0.0360159784268855,-0.005596748867143253,-0.041612727294028755,-0.0457843513142062,0.008882337486381705,0.0546666888005879,-0.0588474226227755,0.009511397912187448,0.06835882053496295,-0.0645520008306985,-0.01719519517594127,0.04735680565475722,-0.0035288178810068,0.016293716024988976,0.019822533905995775,-0.0008525420300611,0.014738474286612626,0.015591016316673726,0.0135381762154036,-0.0247040200651822,-0.0382421962805858,0.0183301695729928,0.010676628487486352,-0.007653541085506447,0.0193355736615972,0.01154122621544603,-0.007794347446151168,0.4495029232479063,0.014639891340280497,-0.4348630319076258,-0.0361213757017622,0.006683076982398109,0.04280445268416031,,0.018697324791943425,,0.0048280206214545,0.009082798193131843,0.004254777571677343,0.0080360762229644,-0.0057404223423418105,-0.01377649856530621,0.007276804815918,-0.013839784793151939,-0.02111658960906994,0.1839645693395366,-0.02469631390726281,-0.2086608832467994,0.0122819372009847,0.00938929624346457,-0.002892640957520131,0.0153171264366742,0.009760197462626291,-0.005556928974047909,-0.0100865170935362,-0.03217558762843119,-0.022089070534894988,-0.009937118908638,0.018573167663604683,0.028510286572242683,,-0.0026976357809256587,,0.0178664876016309,-0.0010039621295134503,-0.01887044973114435,0.057843286352314,0.006325779761063777,-0.05151750659125022,-0.0358578705926241,0.012219143751293666,0.04807701434391777,0.0443282885439221,0.018127405192041583,-0.02620088335188052,0.0425914371010109,0.01864902868054048,-0.023942408420470417,0.0318916364292836,-0.01645064458362109,-0.04834228101290469,,0.011213623272160684,,-0.039106600483037,0.004003927037358023,0.04311052752039502,0.0109920643837559,-0.002230040089360237,-0.013222104473116137,0.0086421909601039,-0.0016825339545934327,-0.010324724914697332,0.0053633776804484,-0.014279761474813074,-0.019643139155261474,-0.0392623984645761,0.004738109074767333,0.04400050753934343,-0.0412671807006024,0.0040799796639111735,0.045347160364513577,0.0170322553085426,-0.01847223687771667,-0.03550449218625927,0.0379187124445766,0.007338969485439859,-0.03057974295913674,0.0536403669861247,0.00825359931463102,-0.045386767671493675,-0.005179677320647,0.0052871738999922865,0.010466851220639287,0.0007916344453261,0.009713036527716858,0.008921402082390758,0.0002062921643619,0.010613119959898802,0.010406827795536902,-0.0671206752110388,-0.007949900111036542,0.05917077510000226
2018-07-01,,0.022584848818749902,,0.0579452184393214,0.03789806603789132,-0.020047152401430075,0.0546787279568955,0.03290157943122845,-0.021777148525667048,-0.013624747468679,0.03638730008810178,0.05001204755678078,0.0022162600288232,0.03633570663352085,0.03411944660469765,0.0485968623929141,0.036064824359498864,-0.012532038033415238,0.0513704418837885,0.03742072540976772,-0.013949716474020775,-0.014763850316638,0.0020120484259385117,0.01677589874257651,0.0245059950157332,0.039157955207079265,0.014651960191346066,0.0246739158344596,0.041958032909114346,0.017284117074654746,-0.0061188619890614,-0.018198282124864882,-0.012079420135803482,,0.02384029901162611,,0.0385157044746093,0.03625944512795494,-0.0022562593466543615,0.0375926556842281,0.03272632568314055,-0.004866330001087549,0.0041912738735024,0.0009326133247328436,-0.0032586605487695567,0.0505208392166395,0.03102053761539274,-0.019500301601246762,-0.0065593353499094,-0.005551594075179346,0.0010077412747300542,0.0018677359080333,0.036752828739048865,0.03488509283101557,-0.0097697574937891,0.03670409904738224,0.04647385654117134,0.0284914261931599,0.036296989183231335,0.007805562990071433,0.0162511664263956,0.03293856176335721,0.01668739533696161,,0.027473885884687816,,0.0981964200614168,0.031525199594806125,-0.06667122046661067,,-0.05445879401282342,,0.014535472431666,0.04916983933035547,0.03463436689868947,0.0147081207822396,0.05077562919278107,0.036067508410541474,-0.0116860086040519,-0.0074621793498893104,0.0042238292541625895,-0.0722656403761284,0.03677319371502389,0.10903883409115228,,0.030095088157306257,,0.0052248784388878,0.02786828853965092,0.02264341010076312,0.0263247129439968,0.01828756826910904,-0.00803714467488776,0.0528973563303643,0.03368989126036917,-0.019207465069995128,0.0460822793162848,0.03470127189183511,-0.01138100742444969,0.0237363661454151,0.00530767444982673,-0.01842869169558837,0.0715515195354303,0.03959976642597112,-0.031951753109459184,0.0802818907816216,0.0425118324551349,-0.037770058326486694,0.0183090600198528,-0.012444637239826946,-0.030753697259679746,0.0805958988880991,0.028520223834278175,-0.05207567505382092,0.0859188899867805,0.03360540957505699,-0.05231348041172351,-0.1102263222345157,0.00903122032938872,0.11925754256390442,0.0411336121375287,0.026175961997877313,-0.014957650139651384,0.0436387451633905,0.029346595220496603,-0.014292149942893899,-0.037748005905722,0.01653752618052811,0.05428553208625011,-0.0023102961317621,0.046960295946238136,0.04927059207800023,,0.0006507829140983518,,0.0767309597481221,0.026848011044327345,-0.04988294870379475,0.0150431088849789,0.03443238415522073,0.019389275270241826,0.0177193552517588,0.03577210520933555,0.018052749957576747,0.0328369261188732,0.006447405047657201,-0.026389521071215997,0.0675498053765923,0.02531101924858472,-0.042238786128007584,0.0716631718402103,0.02754566606280556,-0.04411750577740474,-0.1350659666078982,-0.057807338443385294,0.07725862816451293,-0.0697882043606935,0.03384044398489195,0.10362864834558544,,0.02662793351212869,,0.0425716390229699,0.031604446102707864,-0.010967192920262034,0.0421032194202866,0.028219775279602705,-0.013883444140683897,0.0172467841382282,0.034186658146561105,0.016939874008332904,0.033657975699459,0.03547956892612942,0.0018215932266704218,0.0378410682275268,0.03691241724747766,-0.0009286509800491421,-0.0211486734193784,-0.006618092851814244,0.014530580567564157,,0.028360478558084785,,0.0922740808551399,0.039000943006468634,-0.05327313784867126,0.0142970825534298,0.032148157472684895,0.017851074919255097,0.0161404969705314,0.03398722688861318,0.01784672991808178,0.0192157089905594,0.010438948072766845,-0.008776760917792555,0.0680895247580961,0.03569347871831054,-0.03239604603978556,0.0806136061383618,0.036927594714737534,-0.043686011423624264,-0.0708165764555333,-0.0011949999528729517,0.06962157650266035,0.0214151602187972,0.028671132579055094,0.007255972360257892,0.0177565408412602,0.030399214388119086,0.012642673546858885,0.0704250854602709,0.011312522961561716,-0.059112562498709185,0.0268500686361173,0.028614846469428315,0.001764777833311016,0.0258648865409798,0.030653310684434096,0.0047884241434542965,-0.0656386195407027,0.0043544936151961415,0.06999311315589885
2018-08-01,,0.025767581811299997,,-0.0277159974462205,0.018808753688445968,0.04652475113466647,0.0240383295836368,0.025035554570275297,0.000997224986638498,0.0779862315391614,0.03887008623266429,-0.03911614530649711,-0.028169573365729,0.08944410615765086,0.11761367952337987,0.0213711160214155,0.012070302798655836,-0.009300813222759665,0.0211358806568359,0.01256162226582995,-0.008574258391005951,0.0160097328314911,-0.0006119419849032086,-0.01662167481639431,0.0568533914968975,0.05830640332952025,0.0014530118326227526,0.0534708371003127,0.05794119037415591,0.004470353273843208,0.0075440776776072,0.03391467755665922,0.026370599879052024,,0.0022807819544051157,,0.013560164923983,0.02708029893172323,0.013520134007740228,0.0181209358535642,0.017423740563239535,-0.0006971952903246648,-0.0277107729228451,0.019718548541856548,0.04742932146470165,0.0242568386410074,0.01592574380501462,-0.00833109483599278,0.041994218998513,-0.0012756847363156853,-0.04326990373482869,0.0959894189352774,0.041315693858147484,-0.05467372507712992,-0.0029909044417821,0.04622154434249826,0.04921244878428036,0.0085730242773421,0.0391940583682451,0.030621034090903,0.0224732308134887,0.01234248286780127,-0.01013074794568743,,0.022700411564329045,,0.0031171355125483,0.05648787736102212,0.05337074184847382,,-0.0035511915896166727,,0.1116717050810641,0.06821356071073338,-0.043458144370330715,0.1137805360693382,0.06882289711449922,-0.04495763895483898,0.0590990135422304,0.021272844725399608,-0.03782616881683079,0.0213418090469109,0.0672342841331217,0.045892475086210804,,0.06985865598635348,,0.0219694537842759,0.0061587958051451805,-0.01581065797913072,0.0820823437045362,0.023570596448472703,-0.05851174725606349,0.0235486076358535,0.015611026761165343,-0.007937580874688158,0.027862027364823,0.01543163389855651,-0.012430393466266489,-0.0241018316182184,0.018531549202375125,0.04263338082059352,-0.0127711264734562,0.04222783509465725,0.05499896156811345,-0.0261299167041535,0.04258548717608,0.0687154038802335,-0.0500615704938504,0.015336145351237233,0.06539771584508763,0.0370749498953899,0.04954126743173733,0.012466317536347436,0.0271063112747363,0.044288622996619294,0.017182311721882993,-0.0137886611959756,0.05146027102977428,0.06524893222574989,0.0539034364061537,0.03371366225758128,-0.02018977414857242,0.0434652922046806,0.0321239261266744,-0.011341366078006204,0.006750571531183,0.007788821340252736,0.0010382498090697363,-0.0785250369088518,0.0363396489712226,0.1148646858800744,,-0.003563486877020382,,0.0216773001598368,0.03407520825939704,0.012397908099560241,-0.0257195485255321,-0.001416496225124135,0.024303052300407964,-0.0273533048600128,-0.009108274422000991,0.01824503043801181,-0.0528064802198357,-0.010326472094626764,0.04248000812520894,0.049927272005543,0.024397881789932345,-0.025529390215610653,0.0471071413561494,0.02303378184921939,-0.02407335950693001,0.0003436220070331,0.018553031227440998,0.018209409220407896,-0.1349984783021339,0.012620756303482538,0.14761923460561643,,0.006211161232340104,,-0.0107388896726767,0.04447737165511602,0.05521626132779272,0.0314988073418939,0.023888691977980013,-0.007610115363913886,0.0452478901209407,0.029958351560191172,-0.015289538560749528,0.0920476084287021,0.05130329740803619,-0.04074431102066591,0.0954257915145037,0.05210714208663445,-0.04331864942786925,0.0640735046436521,0.00743126234109876,-0.05664224230255333,,0.026177312991066303,,-0.0146340138259404,0.035416660989019945,0.050050674814960346,0.0197475495665571,0.029723613679650315,0.009976064113093215,0.0194862533872334,0.03080966029957696,0.01132340691234356,0.0222233281909047,0.010116567470306771,-0.012106760720597928,0.0186006380151801,0.030857240138658246,0.012256602123478146,0.0179883978297742,0.03210493129964971,0.01411653346987551,-0.0373678686598761,0.00019343086771980125,0.0375612995275959,-0.0009738116171101,0.01320216598881133,0.01417597760592143,-0.0113974116236828,0.012689112941384684,0.024086524565067484,0.0164477120640953,0.01595668506737441,-0.0004910269967208919,0.0458943974261409,0.027389137463857204,-0.018505259962283693,0.0490386868691374,0.0275679726616081,-0.021470714207529298,-0.00224062039655,0.016423025810840333,0.018663646207390333
2018-09-01,,-0.004124332750837428,,0.0297642530136031,-0.010650509011010062,-0.04041476202461316,0.0070533306546272,0.009209957443934918,0.002156626789307718,0.023228621663615,0.0013311721546352623,-0.02189744950897974,-0.0338704447316125,-0.015523531978098531,0.018346912753513966,-0.0156897013551189,-0.01931607688897966,-0.003626375533860759,-0.0138683643532513,-0.01814798629949,-0.004279621946238699,-0.0294538407814172,-0.02806767427042704,0.001386166510990161,0.0031212213530405,0.00882630700227106,0.00570508564923056,0.0055353454952201,0.011583509835777895,0.0060481643405577955,-0.0678245073486424,-0.049209063625596655,0.018615443723045744,,0.002202037809596546,,-0.0294103240157961,-0.00652304151705216,0.022887282498743937,-0.0346666837659939,-0.004729828502299841,0.029936855263694058,0.0119938263283834,-0.05198832443633931,-0.0639821507647227,0.0057574271267288,0.009128127029401634,0.0033706999026728336,0.0452972615403584,-0.03574792896423871,-0.0810451905045971,-0.0023563970123951,-0.00028881341104221433,0.0020675836013528855,-0.0672282045306409,-0.01393772046372235,0.05329048406691855,-0.0269822378715258,-0.016770819643958535,0.010211418227567264,0.0134061265996723,0.012642670118049924,-0.0007634564816223766,,0.01909687641710699,,0.023771522341768,-0.0090123721215722,-0.0327838944633402,,-0.055126844731617025,,-0.0079777921127063,0.013010714890346938,0.020988507003053238,-0.0037782207919681,0.015181559830935396,0.018959780622903495,-0.034414113621218,-0.03550735469309733,-0.0010932410718793306,-0.0102332026054285,-0.016355782710136595,-0.006122580104708095,,0.0020901150005597263,,-0.0101338846852291,0.014050050316969395,0.024183935002198495,0.0040892705215163,-0.0003113117220196371,-0.004400582243535936,0.0085660633734765,-0.008168545862643388,-0.01673460923611989,0.0094477846849449,-0.0074939935424610995,-0.016941778227406,0.005135225881657,-0.027636649867366143,-0.03277187574902314,0.0065584513978193,-0.006126965180339691,-0.012685416578158991,0.0076493298199562,-0.0023040987143362443,-0.009953428534292444,-0.0734661734900547,-0.05958625320204079,0.013879920288013908,0.0107231635579737,0.0013284322864003841,-0.009394731271573316,0.0202264960366737,0.006564596923982948,-0.01366189911269075,-0.1087612509349274,-0.03647513143350386,0.07228611950142355,0.0457800963074431,0.010175247808923536,-0.03560484849851956,0.0507089408378718,0.013520377943054539,-0.03718856289481726,0.0575276640654738,-0.0005859428258574522,-0.05811360689133125,0.0297497331514648,0.0022700495371425996,-0.0274796836143222,,-0.007094100934412257,,-0.0335480901478356,-0.004879041883149204,0.028669048264686397,0.0178449712569383,-0.007836124003553812,-0.025681095260492115,0.0196376629827912,-0.012884987360857142,-0.03252265034364834,0.0716620349174276,-0.0481459020060378,-0.1198079369234654,0.0239670865629049,0.01327955193046496,-0.010687534632439937,0.0258356947281796,0.01581761565641194,-0.01001807907176766,-0.0041491659725437,-0.07007204626518712,-0.06592288029264343,0.0001695229190611,0.028761306565082183,0.028591783646021083,,0.002086587965178161,,-0.0522984316818638,-0.032572683393801434,0.019725748288062367,0.0380981832996577,-0.01057465261737611,-0.048672835917033815,0.0208760803408681,0.005598045017999861,-0.015278035322868238,0.0014057273048667,0.010002967611130217,0.008597240306263517,0.00171102786449,0.0129436666038238,0.011232638739333799,-0.0619619466601864,-0.060110836051435836,0.0018511106087505669,,-0.009756541583909342,,0.0167434506823102,-0.012814887685112054,-0.029558338367422256,-0.0215152612849109,-0.007449198941082208,0.014066062343828694,-0.0211982776820779,-0.0036431274779841895,0.01755515020409371,-0.0230340843422055,-0.03369687254590382,-0.010662788203698318,0.0109888079225001,-0.0023137080427989196,-0.01330251596529902,0.0109109030229308,0.0005073270092286334,-0.010403576013702166,-0.027758502038259,-0.04254848686499779,-0.014789984826738791,-0.0142378943117829,0.012064630938780605,0.026302525250563508,-0.0204131576311659,0.015792963082442154,0.036206120713608056,-0.0202078246190659,-0.015181502202268262,0.005026322416797636,-0.0142518583965621,-0.002983812261901309,0.011268046134660792,-0.0068210824869805,0.0016309672740486328,0.008452049761029133,-0.0522775430087914,-0.028281093345175444,0.023996449663615957
2018-10-01,,-0.048916953241180734,,-0.09594684756818,-0.07198312063528475,0.023963726932895252,-0.0170915083009963,-0.03903280443344037,-0.021941296132444072,-0.1097359626686526,-0.08975157533520343,0.019984387333449163,-0.0318205694243304,-0.17684023911991045,-0.14501966969558006,-0.0620352166823503,-0.05911844894065729,0.0029167677416930063,-0.0604318297894598,-0.05872863005236513,0.0017031997370946725,-0.0508624657856612,-0.04806987004382597,0.002792595741835227,-0.093960070035821,-0.09121066912349106,0.0027494009123299468,-0.0911341882668707,-0.0853147548836324,0.005819433383238301,-0.1156900843930475,-0.16523818997597323,-0.04954810558292573,,-0.03768319770720707,,-0.1084463609251775,-0.08026372139466847,0.02818263953050902,-0.1028525877085241,-0.06496506568658936,0.03788752202193474,-0.0858570051499792,-0.1610745616671589,-0.07521755651717969,0.0057647928363586,-0.04435450918405889,-0.05011930202041749,0.0175082055156456,-0.09423168172290468,-0.11173988723855027,-0.0767937744979897,-0.0887424321619945,-0.011948657664004797,-0.097047570959963,-0.11678682440967392,-0.01973925344971092,-0.1537288377736051,-0.11254306765329054,0.04118577012031456,-0.0127477221337329,-0.03057836975589573,-0.01783064762216283,,-0.018016839842940974,,-0.1451376931183552,-0.12704484265828572,0.018092850460069476,,-0.14989178969390313,,-0.0795554511483033,-0.10218536034105076,-0.02262990919274746,-0.0766918389464504,-0.09941044886779839,-0.022718609921347985,-0.0834368703643182,-0.1276378507736603,-0.0442009804093421,-0.1582679734197235,-0.14496580422532998,0.013302169194393532,,-0.1256662067445128,,0.0208753099673833,-0.013758520946915142,-0.03463383091429844,-0.0727068231685995,-0.06545288700926974,0.00725393615932976,-0.0507890971585866,-0.05881400790763547,-0.008024910749048868,-0.0471480245166077,-0.057678966713536554,-0.010530942196928857,-0.0321422645393552,-0.08556264276010529,-0.05342037822075009,-0.1291980189085121,-0.10459687910125864,0.024601139807253453,-0.1256995731386219,-0.09907250841599387,0.026627064722628033,-0.0976492212810311,-0.15515186074301246,-0.057502639461981364,-0.097160767060123,-0.096645376314878,0.0005153907452449952,-0.0915215435572585,-0.07695145963938621,0.01457008391787229,-0.122574678313565,-0.12988047822710025,-0.007305799913535249,-0.1096981573280428,-0.06052450527306679,0.049173652054976015,-0.106829614109155,-0.05429153842260867,0.05253807568654632,-0.1115042334637719,-0.038017783153046075,0.07348645031072583,-0.1101087305280803,-0.09031423239372488,0.019794498134355423,,-0.030959829329976443,,-0.0539933138845806,-0.08164569552993754,-0.027652381645356945,-0.1150184151499478,-0.04804939420787577,0.06696902094207204,-0.1089492181860978,-0.04169846623931077,0.06725075194678704,-0.126797584254544,-0.0958654150125096,0.030932169242034388,-0.0596892164528094,-0.03452727756197664,0.025161938890832757,-0.0522245161121478,-0.02900618637541026,0.023218329736737535,-0.1815842767631926,-0.17551460342270728,0.006069673340485332,0.0319323451759809,-0.0030381640828902627,-0.03497050925887116,,-0.030454609025325104,,-0.1185792742663796,-0.13472635187658513,-0.016147077610205535,-0.1305359415584332,-0.0814091571933435,0.0491267843650897,0.0068592043170186,-0.053275514088466036,-0.060134718405484636,-0.1151638855849751,-0.07942538479684037,0.03573850078813473,-0.1191625825181807,-0.07409310309589215,0.04506947942228855,-0.0995892846982171,-0.15652163903067678,-0.05693235433245969,,-0.07457552490726728,,-0.1129104791980251,-0.11177775369381868,0.0011327255042064277,-0.0203669176800749,-0.07442324010912299,-0.05405632242904809,-0.0114082041733687,-0.06880495115300563,-0.057396746979636926,-0.0341832190089139,-0.09902840913729583,-0.06484519012838193,-0.0881084782687082,-0.07951410366070998,0.008594374607998223,-0.0818602246871248,-0.07839452873546787,0.0034656959516569247,-0.0694280908010079,-0.12760138151917236,-0.05817329071816446,-0.0068993271202971,-0.024159729635218223,-0.017260402514921124,-0.0113968230232167,-0.017925992797451294,-0.0065291697742345944,-0.0456367670833266,-0.07143814900566248,-0.02580138192233588,-0.0786864688111003,-0.06930795026124241,0.009378518549857884,-0.0753509700220454,-0.06120957978000155,0.014141390242043847,-0.0295497403887819,-0.10366758879435646,-0.07411784840557456
2018-11-01,,0.02412339415514457,,-0.0376252136556781,0.021113055955790463,0.058738269611468566,0.0450957759995648,0.016742870708441174,-0.028352905291123623,-0.0061101846389343,0.011825359964812302,0.017935544603746603,0.0202806669662355,0.023244411930091413,0.0029637449638559125,0.0194900331367105,0.026245856551312417,0.006755823414601916,0.0185966538781511,0.02723458837502458,0.00863793449687348,-0.0230612324418453,0.002707709952561999,0.0257689423944073,0.0174129246677099,0.02254496969559025,0.005132045027880349,0.0175714141605271,0.023854702138384993,0.006283287977857894,-0.1266308533683253,-0.010687451981925982,0.11594340138639932,,0.0015585825701875684,,0.0327957033103311,0.015384069769623988,-0.017411633540707107,0.0390392357339382,0.012597567944627406,-0.026441667789310792,-0.110002808297765,-0.0005117428958877376,0.10949106540187727,0.0308945720119966,0.01519639497948613,-0.01569817703251047,-0.0405748431873089,-0.007760237931862979,0.03281460525544592,0.0104433514278282,0.019205801328145387,0.008762449900317187,0.0302067082953696,0.01662075038191031,-0.01358595791345929,0.048802701060134,0.016984199908766713,-0.031818501151367286,0.0639142826591705,0.010403782197150225,-0.05351050046202027,,0.02640523256696237,,0.0667402750897266,0.018520317356817664,-0.048219957732908936,,-0.04153265966270217,,-0.0886442841924811,0.025624674505077615,0.11426895869755872,-0.0946597512240816,0.026136257992093025,0.12079600921617463,-0.0588670328482914,-0.004632634598953815,0.05423439824933759,0.0005864986410382,0.027283543935668033,0.026697045294629834,,0.015272428161574467,,0.0129879942927125,0.013728377833509602,0.0007403835407971023,0.0519617423609495,0.014539177086419273,-0.03742256527453022,0.045464184685732,0.020116423300284614,-0.025347761385447382,0.0524710828694626,0.02029832626303386,-0.03217275660642874,-0.0020765995450754,0.0039981560863680595,0.006074755631443459,0.0732181803583279,0.02137599285630427,-0.05184218750202363,0.0909085366371703,0.023153035329489008,-0.06775550130768129,-0.0842342065097763,-0.015314885010089284,0.06891932149968702,0.0655960036594071,0.01773774947702441,-0.04785825418238269,0.0734576701057096,0.01974422039543672,-0.05371344971027288,-0.0028069629872934,0.013190008769414188,0.015996971756707588,0.0604095104294559,0.017776625413732806,-0.0426328850157231,0.0722499611072115,0.01861419583749243,-0.053635765269719075,-0.0281792975686444,0.014585821572306309,0.042765119140950714,-0.0033674590966379,0.03183810113900049,0.035205560235638395,,-0.008884170290058562,,0.0377534151900535,0.015027043093645732,-0.022726372096407765,-0.0285267385588551,0.017020538348733055,0.045547276907588155,-0.0151766160968048,0.021895177505992004,0.037071793602796804,-0.1636101909174182,-0.0005510866350817286,0.1630591042823365,0.0699652984723938,0.018868660338630956,-0.05109663813376285,0.0711044706842784,0.019664289466691014,-0.05144018121758739,-0.0126251365857368,-0.03064590649069152,-0.01802076990495472,0.0027933397390895,0.01821951908987618,0.01542617935078668,,0.017224346466584897,,0.0462081813234682,0.016401215425788263,-0.029806965897679935,-0.0237864432175571,0.008005982712588783,0.03179242593014588,0.0714142979455641,0.013127470324045883,-0.05828682762151822,0.0156250540984035,0.019136597011305063,0.003511542912901563,0.0178368609993064,0.020330381710317414,0.002493520711011013,-0.0132801068894374,-0.019833484890685617,-0.006553378001248217,,0.018960676590632525,,-0.0260084339023761,0.018598744652814966,0.044607178555191064,0.0317057958522194,0.019540721439427488,-0.012165074412791913,0.0323746024247231,0.021886337871766425,-0.010488264552956674,0.0054385325081288,0.0033767174120781568,-0.002061815096050643,0.047709377350357,0.018282977123439834,-0.029426400226917164,0.0480725540000856,0.019349977573378113,-0.02872257642670749,-0.1374715010321034,-0.008977509391022521,0.12849399164108088,0.0380166034013854,0.013487229507955494,-0.024529373893429907,0.053848398929489,0.014625147023166304,-0.0392232519063227,0.0229705212558106,0.0011171518445101992,-0.0218533694113004,0.0402719752906384,0.01413413228871858,-0.02613784300191982,0.0511931510383707,0.0157618965188306,-0.0354312545195401,-0.0556945621629797,-0.006053198168819518,0.049641363994160186
2018-12-01,,-0.0701544661193901,,-0.0871068945807903,-0.12132156247507211,-0.03421466789428182,-0.0604956606257922,-0.05996484040088946,0.0005308202249027436,-0.0610851898221904,-0.10886042216054716,-0.04777523233835676,-0.1016969964614052,-0.16034131015156813,-0.05864431369016293,-0.1190610255472888,-0.11466215425695578,0.00439887129033302,-0.1188054998976143,-0.11528488596484421,0.003520613932770089,-0.0795726207243072,-0.06987764035361863,0.009694980370688569,-0.0771036367754294,-0.09067817899479406,-0.01357454221936466,-0.0742089565253361,-0.08679270222690796,-0.012583745701571863,-0.1798959033091186,-0.14759088188703445,0.032305021422084135,,-0.07214458748007946,,-0.0696303964520194,-0.11482816166692791,-0.04519776521490851,-0.0650106463094885,-0.10363730146665583,-0.03862665515716733,-0.0977640828805217,-0.18915308340476167,-0.09138900052423997,-0.0842455360185675,-0.07842655183398316,0.005818984184584347,-0.1053309543672475,-0.11836706830528364,-0.013036113938036137,-0.1010973823595478,-0.10847142486791925,-0.007374042508371453,-0.0911473364627907,-0.13889645750780388,-0.04774912104501318,-0.1296034104749797,-0.14305146399318994,-0.01344805351821024,-0.0595747061878393,-0.06301478074532726,-0.003440074557487967,,-0.042756842322183165,,-0.1146570421953835,-0.13440789653437332,-0.01975085433898982,,-0.12433068057359052,,-0.08888501935291,-0.10380439466517824,-0.014919375312268238,-0.0884724941203271,-0.10100785070509254,-0.012535356584765442,-0.1705526055426887,-0.12969153492704738,0.040861070615641315,-0.078489916159193,-0.15148895077153432,-0.07299903461234132,,-0.10541100105457332,,-0.0967687843245804,-0.04746311495600535,0.04930566936857505,-0.1713636027047217,-0.08431697674045653,0.08704662596426517,-0.0973165889199105,-0.10329193643431515,-0.00597534751440465,-0.1027290614452703,-0.10320063521729976,-0.00047157377202945716,-0.0266223513132663,-0.09685134932337655,-0.07022899801011025,-0.0990640143877149,-0.1340867967104594,-0.0350227823227445,-0.091977712782324,-0.13009079905219503,-0.03811308626987103,-0.1410982184858614,-0.1634415385337907,-0.0223433200479293,-0.0914188297943523,-0.0993973076541743,-0.007978477859822003,-0.0909104273870098,-0.08645442717890023,0.004456000208109573,-0.1350796009305558,-0.11327465261562678,0.021804948314929018,-0.0688720330640113,-0.07113663102599713,-0.0022645979619858314,-0.0660096480106429,-0.06873632179894267,-0.0027266737882997716,-0.0985698141072602,-0.0712719747094766,0.027297839397783602,-0.0263961696701462,-0.13899805693923073,-0.11260188726908453,,-0.045357657987080434,,-0.0996158501421755,-0.09818200339107193,0.0014338467511035707,-0.1157838553675723,-0.11410806477216355,0.0016757905954087465,-0.1089666252519922,-0.12170682085049324,-0.012740195598501036,-0.1633412744371276,-0.15089109999191774,0.01245017444520985,-0.0762749262817679,-0.049937479480322226,0.026337446801445667,-0.0727447386711943,-0.04720352643168209,0.02554121223951221,-0.2254145815881529,-0.12873748427333367,0.09667709731481922,0.1130279135618885,-0.03373501829842988,-0.14676293186031839,,-0.07097443655568986,,-0.122909177488581,-0.1594184405631319,-0.03650926307455089,-0.1484445845759848,-0.10871825647784665,0.039726328098138156,-0.061702990509364,-0.07076341298059503,-0.009060422471231032,-0.0843621543542901,-0.08039052435815633,0.003971629996133777,-0.0810494171328385,-0.07410061257414928,0.006948804558689223,-0.1196156773323334,-0.17935362789241271,-0.059737950560079314,,-0.10664746390253486,,-0.1206472433136852,-0.15107823926355957,-0.030430995949874362,-0.0689498245598413,-0.10169093403949458,-0.03274110947965328,-0.064742339632082,-0.09592483388825011,-0.03118249425616812,-0.0813269506488098,-0.1313415853165972,-0.0500146346677874,-0.143875495837955,-0.11025527629334907,0.03362021954460594,-0.1437039875606081,-0.10852026166543452,0.03518372589517357,-0.2326175280294235,-0.16444200840206435,0.06817551962735915,-0.0561997562921526,-0.051333942624883284,0.004865813667269313,-0.0574937794991297,-0.046169565507730645,0.011324213991399053,-0.1056732924984931,-0.08611651417004608,0.019556778328447016,-0.1031720670004102,-0.09269145828805544,0.010480608712354761,-0.1034576868905929,-0.08452780081273929,0.018929886077853605,-0.0618820286078704,-0.11479702549038295,-0.052914996882512555
2019-01-01,,0.0810864793966544,,0.1804697939522428,0.09591765055162177,-0.08455214340062103,0.1000028296879111,0.05817670001479838,-0.04182612967311272,0.1231044484565305,0.09269541454566106,-0.030409033910869437,0.1125812730222053,0.1675028215310409,0.0549215485088356,0.1104354665301482,0.09441541268913883,-0.016020053841009366,0.1120570868713153,0.09492388006059987,-0.017133206810715423,0.0580205573164244,0.050105788694498506,-0.007914768621925895,0.107152156307179,0.09660430223835953,-0.010547854068819473,0.1036516107070875,0.09441680387340419,-0.009234806833683315,0.1559169654221396,0.10193880628773772,-0.053978159134401876,,0.039355294575499605,,0.054969981628344,0.09208353967882708,0.03711355805048308,0.0446376420161761,0.07866441576451337,0.03402677374833727,0.2570750424278322,0.12540910796915075,-0.13166593445868144,0.0539610186624577,0.06015652618425071,0.0061955075217930075,0.0819877459446912,0.06475335266712993,-0.017234393277561266,0.1092288541962804,0.09765103512634703,-0.011577819069933368,0.1531322784034672,0.12515522943029211,-0.027977048973175073,0.1424788878771128,0.12321694950660021,-0.019261938370512585,0.0640542000096176,0.0448981617897219,-0.019156038219895706,,0.06520014126409496,,0.1145488032964263,0.1279794083360987,0.013430605039672389,,0.03700951636067327,,0.0634621276436265,0.11379238994080548,0.050330262297178976,0.0587731258958875,0.11226994554595623,0.053496819650068736,0.190040445454161,0.08331044710499706,-0.10672999834916393,0.1945555973320383,0.14743409193117032,-0.047121505400867986,,0.10470776748603759,,0.0731793239217146,0.03595701518618221,-0.03722230873553239,0.0619898059126128,0.0737048330864264,0.011715027173813605,0.085415569982521,0.0823603799907256,-0.0030551899917954095,0.0910467746855504,0.0823769957992427,-0.00866977888630771,0.0013516069916502,0.07673545708408479,0.07538385009243459,0.1128305916541324,0.11838365786272945,0.005553066208597052,0.1115558526351954,0.11632463055155909,0.004768777916363695,0.0934870338032623,0.10078222724055388,0.007295193437291583,0.0928555283470773,0.09877700945205305,0.005921481104975743,0.0836968373958768,0.08823175447155421,0.004534917075677408,0.2294991713026508,0.1048014776414026,-0.1246976936612482,0.0608194026362901,0.06859477950997736,0.007775376873687262,0.0568062772965455,0.06589925790767102,0.009092980611125526,0.1427759600764234,0.06421967906582109,-0.07855628101060232,0.0929586591577153,0.12304774039176884,0.030089081234053544,,0.026365594418160554,,0.0764373968162305,0.08907356444501452,0.012636167628784015,0.1088452719831928,0.07805843188666828,-0.03078684009652452,0.1023494947615431,0.0833512342387743,-0.018998260522768803,0.2158823782240691,0.08939036670605244,-0.12649201151801667,0.034751097849381,0.05285205591406346,0.01810095806468246,0.0331694661288409,0.0503225696753297,0.0171531035464888,0.2243635033801065,0.0641614649071569,-0.1602020384729496,0.0324464767238619,0.033494362707608145,0.0010478859837462426,,0.05485576995559193,,0.161674976558873,0.1396910736353413,-0.021983902923531695,0.1331483981555148,0.08445522519623182,-0.04869317295928298,0.0538620488429983,0.06652122552958085,0.012659176686582556,0.0968755173569682,0.08707087479265864,-0.00980464256430956,0.0968393225741295,0.08397495127345715,-0.012864371300672348,0.1073613369506303,0.10086405053684606,-0.006497286413784234,,0.09952452182183301,,0.1536179798307157,0.12252087426979194,-0.031097105560923766,0.083809264878003,0.0898691032572549,0.006059838379251906,0.0739493439063551,0.0878440318034824,0.013894687897127292,0.0790731922480947,0.08851992247042999,0.00944673022233529,0.1205386581399293,0.09318992098810498,-0.027348737151824315,0.1219475180936367,0.09162814149467428,-0.030319376598962416,0.1679455794466203,0.08894981686656525,-0.07899576258005506,0.0817456201334401,0.04251243225692649,-0.03923318787651361,0.1013981761777033,0.03895664297088457,-0.062441533206818736,0.1572101070927134,0.06436753944767608,-0.09284256764503733,0.0920820683220151,0.08168959802047963,-0.010392470301535464,0.0876970735153674,0.07691734020115075,-0.010779733314216652,-0.0123049396549258,0.07148021487110785,0.08378515452603365
2019-02-01,,0.031998589112537876,,0.0926125287692248,0.02559071298406611,-0.06702181578515869,0.031657825601791,0.02554781056780403,-0.006110015033986969,0.0450249245332279,0.04489496776470366,-0.00012995676852423782,0.0164426613716239,0.08648118444314641,0.07003852307152252,0.0363824533823451,0.01618137423039661,-0.020201079151948492,0.0342784294096903,0.01597076614053412,-0.018307663269156182,0.0255362324575814,0.007822390275741836,-0.017713842181839565,0.0506663404192196,0.04951007249011234,-0.001156267929107259,0.0500500007001468,0.048671362289115866,-0.001378638411030933,0.1263131955875185,0.03735888170488055,-0.08895431388263794,,0.011824643486827201,,0.0339953729776899,0.033005667180946226,-0.0009897057967436715,0.0267706725597847,0.026678906605218104,-9.17659545665965e-05,0.0764869001063884,0.0321361394958901,-0.044350760610498294,0.0351838657641797,0.021236485336706735,-0.013947380427472966,0.0989114367303012,0.01090654557422599,-0.08800489115607521,0.0726973583639182,0.04146376895543551,-0.031233589408482698,0.01111004901065,0.05517337941471505,0.04406333040406505,0.0477674477256316,0.04903354216956823,0.001266094443936626,0.0457008506927025,0.017836526662157414,-0.027864324030545087,,0.03596752951520414,,0.0489519030361951,0.06119390594614045,0.01224200290994535,,0.005169485689231474,,0.0680214758992581,0.062160842664544594,-0.005860633234713503,0.066879978330502,0.0622297002926563,-0.004650278037845693,0.0529576588890043,0.024070172424252547,-0.02888748646475175,0.0370057737431074,0.06191317357731596,0.02490739983420856,,0.0571839983738977,,0.0232465560483106,0.011507751632012415,-0.011738804416298185,-0.0420131549636002,0.0302151010473625,0.0722282560109627,-0.0015121296834895,0.020564945506120803,0.0220770751896103,-0.0179386479841547,0.020764514186503717,0.03870316217065842,0.0258079321703488,0.025383242483873292,-0.0004246896864755073,0.0409862234684973,0.048228283623553185,0.007242060155055886,0.0330953890616129,0.047641037606991524,0.014545648545378626,0.0551405369678553,0.02821425306329053,-0.02692628390456477,0.0849360321971704,0.04968707059747993,-0.035248961599690466,0.0852570037202053,0.04370950578390254,-0.04154749793630275,0.0052348982724822,0.03524404265014229,0.030009144377660092,0.0428554148694073,0.03216151689165331,-0.01069389797775399,0.0412418653532559,0.03091288986961835,-0.01032897548363755,0.0558949726630809,0.024835886341950428,-0.03105908632113047,0.0047159387915771,0.043846505202447345,0.039130566410870246,,0.016201748514749047,,0.0765947988369167,0.03859922159543187,-0.03799557724148483,0.034506540892231,0.014311540285273537,-0.02019500060695746,0.0347929622111806,0.008577203294480206,-0.02621575891670039,0.1136274911393509,0.009418205489643247,-0.10420928564970766,0.0373248200318647,0.023861855983679514,-0.013462964048185186,0.0366677523815479,0.022582793910530575,-0.014084958471017327,-0.0423743284274076,0.014193065372352367,0.05656739379975997,-0.0150458764497017,0.017700173365155825,0.03274604981485753,,0.012275569939383921,,0.0607412242238643,0.05288476630236735,-0.007856457921496945,0.0444745564100087,0.03330640020250099,-0.011168156207507711,0.048237306966115,0.03253051485145025,-0.015706792114664754,0.0032578918650202,0.04768686937717467,0.04442897751215447,0.0018006748623199,0.04715011211988897,0.04534943725756907,0.0619424559636691,0.025845738912341844,-0.03609671705132726,,0.039646186842726396,,0.0317325579849635,0.0448414999759561,0.0131089419909926,0.0129815544838878,0.031188229698058657,0.018206675214170857,0.0129789189272144,0.030806457800830193,0.017827538873615795,0.0567113716580573,0.02071115490917188,-0.03600021674888542,0.0271194613743387,0.03538355243085226,0.008264091056513562,0.0268861179335893,0.03465890461694492,0.007772786683355622,0.0699389461677486,0.015780826219581566,-0.05415811994816703,0.0361002719862139,0.016581961197752192,-0.019518310788461706,0.0393520086892757,0.015487005208216255,-0.023865003481059445,0.0590378079885523,0.025880023918805804,-0.033157784069746496,0.047946947553294,0.03448897397649241,-0.01345797357680159,0.0499209891742582,0.03325703966919599,-0.016663949505062205,0.0446899694619151,0.02236287436407099,-0.02232709509784411
2019-03-01,,-0.00960065442334549,,-0.0606667997526692,-0.012083938825101906,0.04858286092756729,0.0422984302142995,0.016745097564955423,-0.025553332649344077,4.503388343669124e-05,0.010635761077602914,0.010590727194166222,-0.0482372949569671,0.013841276201838086,0.06207857115880519,-0.0278743162427305,-0.022152636219529728,0.005721680023200771,-0.0251472453767237,-0.02026497036817504,0.00488227500854866,-0.0121285149796595,-0.03638629087531523,-0.024257775895655732,0.0357205853252555,0.03549892092430662,-0.00022166440094888162,0.0406798455554133,0.038717499235088826,-0.001962346320324472,-0.0972836974806973,-0.04024793667264978,0.05703576080804752,,-0.0016532011947939264,,-0.0100984974156215,-0.0020386221276246655,0.008059875287996836,0.0032822721344372,-0.006665109243427887,-0.009947381377865086,-0.0673297775315259,-0.05733206788465609,0.009997709646869808,0.0116253759179615,0.00804912774277552,-0.003576248175185981,-0.0639216052548582,-0.045641192755390865,0.01828041249946733,0.0220731216167202,0.012580770417409775,-0.009492351199310425,0.0295610005068811,-0.007263621401356237,-0.036824621908237334,0.0003960132390946,-0.013408120356770487,-0.013804133595865088,0.0413776594175715,0.013706723926553093,-0.027670935491018407,,0.0028974897285415817,,-0.0115582584309975,0.0021961998148732,0.0137544582458707,,-0.057941885587291624,,0.055434802395256,0.040631986619051645,-0.014802815776204355,0.0621105078696568,0.04370931931891166,-0.018401188550745143,-0.0323655642299585,-0.03051309148629435,0.001852472743664152,-0.0005995879091771,0.006996013730815071,0.007595601639992172,,0.03810979104860541,,0.073035847883022,0.009809970532157755,-0.06322587735086425,-0.0409156798169354,-0.003838434327694061,0.03707724548924134,-0.0083410520471542,-0.009295345479270006,-0.0009542934321158051,-0.0079222435406314,-0.008925646198614521,-0.0010034026579831216,-0.0563843422800702,-0.028530118699537803,0.027854223580532397,0.0066285187258103,0.00014844268833439094,-0.006480076037475909,0.0125257344734574,0.0048357535229020115,-0.007689980950555389,-0.0128101973341854,-0.061509220653923266,-0.04869902331973787,0.0291613739559312,0.014603841166151276,-0.014557532789779924,0.0333720488261918,0.019448376311005888,-0.01392367251518591,-0.0215392789347295,-0.004006449395697077,0.017532829539032423,0.0269741902828065,0.01925674517850061,-0.00771744510430589,0.0315094104582487,0.022045835812300317,-0.00946357464594838,-0.1665195463486353,-0.021211934467219636,0.14530761188141567,0.060567555834181,0.0004491330381835273,-0.06011842279599747,,-0.025079563122238017,,-0.0045753345310954,0.0003571188170292288,0.004932453348124629,0.0082159230369915,-0.024857723824037628,-0.03307364686102913,0.0061671544262797,-0.036435375497835244,-0.042602529924114944,0.0285888137553465,-0.06858320282429581,-0.0971720165796423,0.0022358631682247,0.017542172402402367,0.015306309234177667,0.0020650162375999,0.019677486107985892,0.01761246987038599,-0.0265547077617756,-0.05682366950194383,-0.030268961740168226,0.0477655108271335,0.02494781109580242,-0.02281769973133108,,-0.004571654822580936,,-0.0158128379974842,-0.025774611215073573,-0.009961773217589374,-0.0045716241624733,-0.009093888114110792,-0.004522263951637491,0.0518924002121419,0.01503056980149127,-0.03686183041065063,0.0499499495366553,0.02931740897504679,-0.020632540561608508,0.055599383305874,0.033680522988132865,-0.021918860317741137,-0.1017313001603252,-0.0664254359358076,0.03530586422451759,,-0.018559284332508846,,-0.0495439916338481,-0.010803904464057996,0.038740087169790105,0.0100773783416152,-0.00048559212012797893,-0.010562970461743178,0.0074894830651652,0.004334516666953391,-0.0031549663982118094,0.0186816209270339,-0.03940748165271541,-0.05808910257974931,0.0013431160600052,0.002647315408109554,0.001304199348104354,0.0047480620722792,0.007643697507157063,0.0028956354348778635,-0.0314901812406001,-0.05397162264637213,-0.022481441405772032,0.0260595772160465,0.012846213973377948,-0.013213363242668552,0.0238023290831459,0.01673032982891924,-0.0070719992542266595,0.0334854038420702,-0.017787698587331775,-0.05127310242940197,-0.0147469704611769,-0.0016920280154008986,0.013054942445776001,-0.0153150807804837,0.004043353468048122,0.01935843424853182,0.0119324276646358,-0.023712611040029166,-0.03564503870466497
2019-04-01,,0.03513826504798569,,0.0369037771214625,0.057982094981324055,0.021078317859861556,0.0299269066518042,0.03746852081312556,0.007541614161321358,0.0484005670298477,0.040008544268460074,-0.008392022761387626,0.0645814004527399,0.0632247557467551,-0.0013566447059848025,0.078316263110022,0.07211860551643029,-0.006197657593591713,0.0792699033963478,0.07323186988076366,-0.006038033515584143,0.0377375149476638,0.025113735590601993,-0.012623779357061809,0.0659468166203983,0.049555756103634545,-0.01639106051676375,0.068268646981173,0.052250205794300696,-0.01601844118687231,0.0134300819455802,-0.002027594898345863,-0.015457676843926063,0.035948790494208,0.017466993566010895,-0.018481796928197108,0.042776971590816,0.050134122549043904,0.0073571509582279065,0.0498240277259334,0.04069849176034552,-0.009125535965587878,0.0364493911029071,0.024012686162453906,-0.01243670494045319,0.0559043494708875,0.024562031725068708,-0.03134231774581879,0.0645755728015545,0.003239317412415174,-0.061336255389139324,0.041846698585213,0.04773513646020625,0.005888437874993255,0.07772491352054,0.056878463392003635,-0.02084645012853637,0.061687821166581,0.05826419208877094,-0.0034236290778100614,0.035287740996191,0.026010205455900205,-0.009277535540290798,,0.012804982092455694,,0.0493657347936139,0.04327377123719541,-0.0060919635564184865,,-0.07005803528553123,,0.0670946846017585,0.059085139412890834,-0.008009545188867671,0.0656294005865416,0.05999608472444064,-0.00563331586210096,0.0244710442565827,0.002504691861280096,-0.021966352395302605,0.0574709749463045,0.0674063966972462,0.009935421750941698,,0.039259198776589344,,0.0331192521001151,0.01868864258105094,-0.01443060951906416,0.0141020441065202,0.01322467792389788,-0.0008773661826223193,0.0289155568210926,0.051486201052207935,0.022570644231115336,0.0127974895799631,0.05227985916910187,0.03948236958913877,-0.0146524925488914,0.02545720443215526,0.04010969698104666,0.0605972583426736,0.05300661788636517,-0.007590640456308431,0.0634729237682592,0.054577478969543285,-0.008895444798715922,0.0308867694053726,0.014380542711342136,-0.016506226694030464,0.0127128394254886,0.03236581092283966,0.01965297149735106,0.0163473297302359,0.0380909325759993,0.021743602845763398,0.0001618802103215,0.05715915517238384,0.05699727496206234,-0.0323312463593085,0.021014634521661357,0.05334588088096986,-0.0294562806450134,0.022422644616280827,0.05187892526129423,-0.1789548591001219,0.008433622938310055,0.18738848203843195,0.0080398313447861,0.05314511725116854,0.04510528590638244,,-0.01153287992192688,,0.0436046067968742,0.03547183547262076,-0.00813277132425344,-0.0082205253345013,0.0419311209947199,0.0501516463292212,-0.0096662955733781,0.049801390962566035,0.059467686535944135,-0.0024185555640826,0.03444774295165526,0.03686629851573786,-0.032017002051678,0.019743370935053985,0.05176037298673199,-0.032138901320898,0.020851379120672576,0.05299028044157057,0.0525654815295954,-0.043296823537851636,-0.09586230506744703,-0.0795909866731491,0.012611837875628846,0.09220282454877794,,0.02882030751908115,,0.030513661903309,0.07078064212942688,0.040266980226117875,0.1156534951517422,0.039476190569404435,-0.07617730458233776,0.0320291434209579,0.04148596828613965,0.009456824865181748,0.0571421505728682,0.04002231759694263,-0.01711983297592557,0.0577546239498318,0.04093779830242721,-0.01681682564740459,-0.0077281934341238,0.017532943855347226,0.025261137289471026,,0.04015859302020102,,-0.0230502153374486,0.05455960162050542,0.07760981695795402,0.0401231272969679,0.05073193109570541,0.010608803798737507,0.0483919435222002,0.05119258472851453,0.0028006412063143332,-0.0067395079197365,0.031825562358054886,0.03856507027779139,0.0369471882304258,0.04519617729376496,0.008248989063339159,0.0368874423532663,0.04471371587868829,0.007826273525421992,0.0292839001993685,0.0067554081625474365,-0.022528492036821064,0.0122440355322264,0.023882563329023738,0.011638527796797337,0.0164008933533315,0.023250624983103915,0.006849731629772416,-0.0237861893596279,0.018173598047790132,0.04195978740741803,0.0281729114481939,0.03560878569861797,0.007435874250424072,0.02267775998029,0.03561853176312197,0.01294077178283197,-0.1545608110677644,0.016727277598193525,0.17128808866595793
2019-05-01,,-0.04676048582528737,,-0.0838090225347523,-0.09410574996628132,-0.010296727431529026,0.0079142011231136,-0.04306603663914841,-0.05098023776226201,-0.1166848781557004,-0.07458860533624005,0.04209627281946035,-0.1371591939306014,-0.11654653641953897,0.02061265751106242,-0.0710730655767409,-0.09934548087589694,-0.028272415299156042,-0.0712073573889979,-0.09994656307744736,-0.028739205688449454,-0.0185987505085602,-0.058796984419285284,-0.04019823391072508,-0.0498919660723371,-0.06680544800587745,-0.016913481933540357,-0.0491170911338948,-0.06454423001720053,-0.015427138883305727,-0.0589930491806553,-0.10597681914438299,-0.04698376996372769,,-0.04774972433099812,,-0.103245685680678,-0.0861038585279418,0.017141827152736197,-0.0969303895093414,-0.07466904253190847,0.022261346977432928,-0.0320234822797053,-0.13939499879166187,-0.10737151651195656,-0.0316977669595286,-0.04905896768097998,-0.017361200721451385,-0.0630841382107352,-0.08495812296498172,-0.02187398475424651,-0.0883345380441112,-0.0789761303120632,0.009358407732048005,-0.0517968538767878,-0.10147669297789945,-0.04967983910111165,-0.1049405257874895,-0.10620640987788836,-0.0012658840903988638,-0.0390378685997329,-0.040393009351302335,-0.0013551407515694364,,-0.008132308373873442,,-0.0977040175556008,-0.09156167695987134,0.006142340595729462,,-0.07603950126754415,,-0.1390893408061252,-0.074061400874691,0.0650279399314342,-0.1383255659575915,-0.07204501463059425,0.06628055132699724,-0.1237928594055721,-0.09292895266942076,0.03086390673615133,-0.0943946424660931,-0.11677560985320852,-0.022380967387115425,,-0.07666924659401504,,-0.0220795477709788,-0.02672109634488296,-0.004641548573904159,-0.0395009595671536,-0.04887072458118152,-0.00936976501402792,-0.0032475959766664,-0.08063718791855326,-0.07738959194188685,0.0001057186729116,-0.08046904054317842,-0.08057475921609003,-0.0236156382384903,-0.07398665929409146,-0.05037102105560115,-0.1070950069208732,-0.09551231283459086,0.011582694086282347,-0.1067975460988273,-0.09242257429858455,0.014374971800242747,-0.1366725988828108,-0.12529136424950874,0.011381234633302068,-0.0665020583435942,-0.06497956019049198,0.0015224981531022225,,-0.05807905418871273,,,-0.10630201503827774,,-0.018686912595292,-0.04268973080869664,-0.02400281821340464,-0.0193671225455795,-0.040569241463198125,-0.021202118917618626,-0.2537921994567319,-0.03466016012681802,0.2191320393299139,-0.1014311820301367,-0.0934464278674803,0.007984754162656399,,-0.01820713104381552,,0.004884099093475,-0.06809232486327653,-0.07297642395675152,-0.1083786816133478,-0.08106226470121165,0.02731641691213614,-0.099460130279916,-0.08955299510425489,0.009907135175661108,-0.1705792997128422,-0.11809418922294607,0.052485110489896125,-0.0353708161139564,-0.027860191215567362,0.007510624898389037,-0.0326423250429609,-0.02574585970339871,0.006896465339562188,-0.0209952551225443,-0.09528494457744525,-0.07428968945490096,0.0158532747502753,-0.008564084397805658,-0.024417359148080957,,-0.04850971222537335,,-0.0944995069204532,-0.12694482241374613,-0.03244531549329294,-0.117059905055566,-0.07932250467314934,0.03773740038241666,-0.0188336539001035,-0.051937136026728274,-0.03310348212662477,-0.0668841535116288,-0.05469801777868097,0.012186135732947828,-0.0608690353176187,-0.05039005253204079,0.010478982785577906,-0.2057355047021703,-0.13674262582320734,0.06899287887896297,,-0.0718292976274477,,-0.1329848256305962,-0.10930123139928143,0.02368359423131476,-0.0135520525629832,-0.07887112722575937,-0.06531907466277617,-0.0076963539250218,-0.07415719283983316,-0.06646083891481136,-0.0550768309766677,-0.10072109782071939,-0.04564426684405169,-0.0711455842730616,-0.07910520301672318,-0.007959618743661578,-0.0698351486379499,-0.07761584028266594,-0.007780691644716037,-0.0903383691264021,-0.11705299046160887,-0.026714621335206773,-0.0071329797337378,-0.03208669442948093,-0.024953714695743128,-0.0072496921098894,-0.027438365275791948,-0.020188673165902546,-0.0128408541519552,-0.059719967100792394,-0.04687911294883719,-0.0503924915824617,-0.06383971867509197,-0.01344722709263027,-0.0378369521751452,-0.057453785331833006,-0.01961683315668781,-0.0159018425911143,-0.0863754055409021,-0.07047356294978781
2019-06-01,,0.056815380995888926,,0.0797675518880801,0.0765814622351788,-0.0031860896529013055,0.0386248277882828,0.05432084717413731,0.015696019385854507,0.0906426194702474,0.07833409180230591,-0.012308527667941493,0.134979622592135,0.12011052319051259,-0.014869099401622413,0.0721995920064965,0.0705533001120288,-0.0016462918944677024,0.0729847226929128,0.07189834366642879,-0.0010863790264840079,0.0059390624156771,0.025786068720316822,0.019847006304639724,0.0555788850351708,0.08302398260173258,0.02744509756656178,0.0564270105301512,0.083292371647519,0.0268653611173678,0.0241495787077117,0.052723917798363946,0.028574339090652247,,0.04032857745587405,,0.1178612055205064,0.07543621126806019,-0.04242499425244621,0.1131326632069724,0.06553740821329494,-0.04759525499367746,0.130467412250098,0.07484850026712266,-0.05561891198297535,0.0465540121863892,0.05675521195814403,0.010201199771754828,-0.0222219582919279,0.03610379723612883,0.05832575552805673,0.0742993481948435,0.0806125200469277,0.006313171852084201,0.033288299467802,0.09339101723767496,0.06010271776987296,0.1203052889005359,0.09154694787125428,-0.028758341029281626,0.0719175764401103,0.048919121953933525,-0.02299845448617678,,0.05295756307211178,,0.1108808765718443,0.09465819026838992,-0.016222686303454373,,0.0014503093093865519,,0.1266801445369305,0.0987139284501832,-0.027966216086747292,0.1263539308352795,0.09894925883091328,-0.027404672004366207,0.0217488702807031,0.04862873350102284,0.026879863220319742,0.0635674275258575,0.10780449294030198,0.04423706541444447,,0.08542857236897909,,0.0343248179152946,0.039826190674303215,0.005501372759008617,0.072785514827239,0.05618271855684963,-0.016602796270389367,0.0469287216025221,0.06634628537800878,0.01941756377548668,0.0416496329302963,0.06688482445309384,0.02523519152279754,0.0325843492126178,0.04581215848427235,0.013227809271654553,0.1179131844349525,0.0930583522343254,-0.02485483220062709,0.1215007920069815,0.09385773775447574,-0.027643054252505753,0.0320967325371174,0.05160121112562527,0.019504478588507866,0.1151629279171281,0.07740258480572468,-0.037760343111403416,0.1158617461225769,0.0735732067072939,-0.04228853941528299,0.0898782321740813,0.06492992789556631,-0.02494830427851498,0.0945224118812681,0.05967070710211513,-0.03485170477915297,0.0922135243414201,0.06016841241489225,-0.032045111926527856,-0.042084037887828,0.0461161150851467,0.0882001529729747,0.1183861024403481,0.10056699761399167,-0.01781910482635643,,0.015998232655647426,,0.054213044970332,0.06851373948830689,0.014300694517974888,0.0793785582305329,0.0643800764642132,-0.014998481766319696,0.0805250863342413,0.06590226925355067,-0.014622817080690631,-0.0391483971570291,0.051710784184351814,0.0908591813413809,0.057055606797369,0.048417184854813555,-0.008638421942555444,0.0570737905610465,0.04833977478359104,-0.008734015777455459,-0.2099423004489055,0.01079575848914292,0.2207380589380484,0.2034396604643179,0.04366897405689286,-0.15977068640742506,,0.04793142842239214,,0.1010421169343807,0.09545875082317135,-0.0055833661112093536,0.1254473517741908,0.06607001320679858,-0.05937733856739223,0.0759142380190898,0.059679999485277205,-0.01623423853381259,0.0723253550937849,0.07474783867083738,0.0024224835770524783,0.0746849678975243,0.07388828906321648,-0.0007966788343078124,0.0377598941331766,0.05571378578281026,0.017953891649633666,,0.07172835959900126,,0.1610811462473613,0.09485671897624189,-0.06622442727111942,0.0335637211223086,0.07057040276982346,0.03700668164751486,0.0340738558967154,0.07071304815606202,0.03663919225934662,0.05365725115336,0.056539329782135495,0.002882078628775493,0.0564594700990535,0.07656053223060104,0.02010106213154754,0.0524173357319531,0.07726496180966298,0.024847626077709885,-0.023884625720443,0.05484072555276654,0.07872535127320954,0.0316955870805513,0.04392800332522235,0.01223241624467105,0.0230324181674646,0.043265709041496604,0.020233290874032004,0.0220168578386646,0.044364295735210175,0.022347437896545575,0.0701818812539989,0.06471250159424567,-0.005469379659753235,0.0645698122842113,0.06348862073069428,-0.0010811915535170191,-0.0106478219674956,0.046856599729398964,0.05750442169689456
2019-07-01,0.0095507645873773,0.01587122299631128,0.0063204584089339814,-0.0191571709282191,0.015871691775836607,0.03502886270405571,-0.000936821249653,0.015614317835197986,0.016551139084850987,0.0199460149564057,0.005798301870584283,-0.014147713085821415,-8.234870167695904e-05,0.007851697881649067,0.007934046583326027,0.0258931499555626,0.022127207931534245,-0.0037659420240283535,0.0263624955552714,0.023423909464627,-0.0029385860906444017,-0.0197929642829219,-0.0036127901220071295,0.016180174160914773,0.0365583912041838,0.018561476326565417,-0.01799691487761838,0.0378133641397483,0.020879012579529226,-0.016934351560219073,-0.0635823275168371,-0.028609221837796742,0.034973105679040356,,0.00016801916570751622,,-0.0005635479567431,0.010216222187061877,0.010779770143804978,-0.0036771672676391,0.007791181212328787,0.011468348479967886,-0.0586418901599121,-0.01834785358565188,0.04029403657426022,0.0150465593730818,0.012031486781056122,-0.003015072592025679,-0.0237917518399259,-0.018756512340900866,0.0050352394990250335,0.0137818393027744,0.01355835107271378,-0.0002234882300606207,-0.0034033083573663,0.006182457279192811,0.00958576563655911,-0.0121811462012225,0.006852925758292255,0.019034071959514755,0.0436531380141863,0.010278833275255379,-0.033374304738930924,,0.018108294063894706,,-0.0108863237845392,0.006098776243955137,0.01698510002849434,,-0.0594051483743302,,0.0589872301577918,0.020748443342295992,-0.03823878681549581,0.0597393170055179,0.021879152315225327,-0.037860164690292575,-0.0130252561549786,-0.01766640106261581,-0.00464114490763721,-0.0410258131373001,0.01583114902252068,0.05685696215982078,,0.008823685290867356,,0.0280869336984884,0.013235089134046333,-0.014851844564442067,0.0408657669005597,0.005828412388049684,-0.03503735451251001,0.0203617380238903,0.01599545519554349,-0.00436628282834681,0.0218195186267338,0.0163370441511722,-0.005482474475561598,-0.0234039040610837,-0.005667261100733466,0.017736642960350234,0.0055951035454622,0.012441638634790586,0.006846535089328386,0.0081237175978994,0.015182028132393418,0.007058310534494018,-0.0879577097752798,-0.031691128066149085,0.05626658170913071,-0.0445184702397129,0.009124925155101606,0.053643395394814504,-0.0502665082257567,0.014062100731248124,0.06432860895700482,-0.0434360641732764,0.005448388620511472,0.04888445279378787,0.0245163824634855,0.012847797233093938,-0.011668585230391562,0.0235071687639436,0.014664002453963529,-0.008843166309980072,-0.0374395949748761,0.004860688640675923,0.04230028361555203,-0.0595469568552963,0.022637105207064117,0.08218406206236041,,-0.015990805339211153,,0.0283938635569374,0.007490457022625608,-0.020903406534311792,-0.021437642028323,0.01162480719817594,0.03306244922649894,-0.019091200151001,0.016006824142122567,0.035098024293123566,-0.0887937647858483,-0.012263635730051101,0.0765301290557972,-0.0372220662663881,0.01579003342949023,0.05301209969587833,-0.0364594040242048,0.01738838444455242,0.05384778846875722,-0.0836260013161552,-0.05004133755175781,0.03358466376439739,0.024605440673101,0.01819659834515484,-0.006408842327946161,,0.014198221652922732,,0.0374570639612284,0.004193627676548885,-0.033263436284679516,0.1423577400338453,0.0016384287248508986,-0.1407193113089944,0.0477571420906161,0.011155964193568825,-0.036601177897047275,0.0053147176421178,0.014542649425772162,0.009227931783654362,0.0039744423670652,0.016625346300477826,0.012650903933412627,0.0395067430782774,-0.035306592787178355,-0.07481333586545576,,0.008705177361035103,,-0.0375226121629693,0.008902988984797489,0.04642560114776679,0.0195900449045873,0.014344202397649284,-0.005245842506938015,0.0212342353595454,0.017391947261114222,-0.003842288098431179,-0.0314422771937266,-0.006828141808344367,0.024614135385382235,0.0209266853317051,0.01239953902320816,-0.008527146308496941,0.0220170191431374,0.01414541118190274,-0.00787160796123466,0.0483386892642519,-0.022733741518789333,-0.07107243078304123,-0.0140746554353608,0.012816697908415145,0.026891353343775945,-0.0248907321747399,0.014750876874604251,0.03964160904934415,-0.0380481905216425,-0.00651186906156605,0.031536321460076455,0.0016595071736163,0.007719199628687293,0.006059692455070993,0.0029822040154238,0.010509910522510518,0.007527706507086718,-0.0213437105015024,-0.014586100292596558,0.006757610208905843
2019-08-01,-0.0201152538166356,-0.034768067508517374,-0.014652813691881775,-0.0035346119147273,-0.057614223430014606,-0.054079611515287306,0.0089884930124692,-0.01047458459950691,-0.01946307761197611,-0.0478780179818104,-0.02844622028546254,0.01943179769634786,-0.0550521426702996,-0.04118852068875259,0.01386362198154701,-0.0515312464904849,-0.0676743424237636,-0.016143095933278707,-0.0504046765125857,-0.06666145349478407,-0.016256776982198372,-0.0301091210354189,-0.05568661745495994,-0.02557749641954104,-0.0106555278329967,-0.0041244842782724896,0.006531043554724211,-0.0053109533008061,-0.0009580431143643715,0.004352910186441728,-0.0992658017668433,-0.0737030570491258,0.025562744717717495,,-0.026612864430018434,,-0.0539966715262699,-0.044360799589761336,0.009635871936508562,-0.0450212325227025,-0.04367462577876893,0.0013466067439335677,-0.1286294220955808,-0.1073950992420348,0.021234322853545984,0.0092288470850645,-0.02209721998320011,-0.03132606706826461,-0.1004013918627035,-0.07392381180599475,0.02647758005670875,-0.0890839020274777,-0.029170203127517842,0.05991369889995985,0.0355468596101175,-0.05442821809160892,-0.08997507770172641,-0.0278705809406258,-0.061927681362816824,-0.034057100422191025,0.0230118103630637,-0.0126686207138654,-0.0356804310769291,,-0.012242500775622866,,-0.0361779688284664,-0.04242961081529896,-0.006251641986832562,,-0.07091918942530158,,-0.0169732670809513,-0.004359199403325479,0.012614067677625823,-0.015133658403604,-0.0011483796956398404,0.01398527870796416,-0.0554512382491426,-0.06343982541111076,-0.00798858716196816,-0.0804732080503943,-0.04851986172544174,0.031953346324952565,,-0.0030565054851024905,,0.0284939922327516,-0.010932543293752706,-0.039426535526504304,0.0175535781649124,-0.030442629333875832,-0.04799620749878823,-0.0459205286461921,-0.0490390381485088,-0.0031185095023167006,-0.0533790935456914,-0.04884166772511543,0.004537425820575966,-0.0391002661768381,-0.05571680176459399,-0.016616535587755887,-0.05192537864342,-0.047810195921256016,0.004115182722163983,-0.0441572476800971,-0.04325542765684759,0.000901820023249511,-0.1771123466620352,-0.0996438068247243,0.0774685398373109,-0.0102888559503927,-0.020787586173091843,-0.010498730222699143,-0.004326493926997,-0.014671693456787885,-0.010345199529790884,-0.0665077682738868,-0.04514975574810849,0.021358012525778305,0.0131023523177735,-0.008609016250398551,-0.021711368568172053,0.0177112312136966,-0.0061034324654901245,-0.023814663679186724,-0.1390636817529208,-0.04057984923950137,0.09848383251341944,-0.0844441335613032,-0.0511831993828595,0.0332609341784437,,-0.030617210900974554,,-0.0225574102020388,-0.03379688215623792,-0.01123947195419912,-0.0808994229940096,-0.06451805784492826,0.01638136514908134,-0.0722746097174737,-0.07905139526375433,-0.006776785546280639,-0.1543693922292136,-0.10921279366472861,0.04515659856448498,-0.0009011013467121,-0.004277455696116736,-0.0033763543494046357,0.0028104387794988,-0.002132312950112278,-0.004942751729611078,-0.1758163289643647,-0.07516461537257453,0.10065171359179016,0.1483259055532965,0.007039730251246895,-0.1412861753020496,,-0.03208389789646826,,-0.0488871160307444,-0.07846436027915209,-0.029577244248407686,-0.1097038203641521,-0.045550563291563026,0.06415325707258908,0.0290793877029832,-0.014591407530488803,-0.043670795233472004,-0.0046037445850367,-0.004287340082100226,0.00031640450293647475,5.43069883760061e-05,0.0009502912649570775,0.0008959842765810714,-0.000695540430898,-0.10926845712690908,-0.10857291669601107,,-0.0531397157012434,,-0.107652024217125,-0.0626821972476104,0.0449698269695146,0.0292682923703852,-0.03954454476994607,-0.06881283714033128,0.0399104836563132,-0.03415374153439188,-0.07406422519070507,-0.0645944889770141,-0.07745401576758909,-0.01285952679057499,-0.0435010917573238,-0.03828680566435413,0.005214286092969672,-0.0449203363264849,-0.03379825548919757,0.01112208083728733,-0.1156512170519529,-0.09544456606641064,0.020206650985542265,0.0359822313930612,-0.00971024753437089,-0.045692478927432084,0.0473507958966144,-0.0050866052687702735,-0.05243740116538467,0.0325901317085904,-0.042123495817578814,-0.07471362752616922,-0.0238533827158994,-0.0342659998305516,-0.010412617114652196,-0.01291635555837,-0.02732699872847808,-0.014410643170108081,-0.0458010516117341,-0.055517938363819325,-0.009716886752085221
2019-09-01,-0.0295889945207437,0.03768856904902161,0.0672775635697653,0.0317491237391818,0.05279310232991931,0.021043978590737505,-0.0053498485653653,0.022073275149833968,0.02742312371519927,0.094942027383587,0.021746535656349358,-0.07319549172723763,0.0598898357246511,-0.012019035497774172,-0.07190887122242527,0.0470556893680845,0.062118153678978126,0.015062464310893628,0.0470908905516651,0.06183339749346337,0.014742506941798274,0.0572014129394277,0.03136268647827739,-0.025838726461150312,-0.0165198240395346,-0.009699159795370527,0.006820664244164073,-0.0141804076758183,-0.007334228191075371,0.006846179484742929,-0.0287734280727499,-0.0349821577600335,-0.006208729687283601,,0.03189788778103789,,0.0565564287810299,0.03668568356323911,-0.019870745217790788,0.0540017640240683,0.04324143253620911,-0.010760331487859189,0.1219328616726086,0.018796366729942515,-0.10313649494266608,0.0123894255961917,0.030065984379595966,0.017676558783404267,0.0569504844726645,0.016766577934312514,-0.040183906538351986,0.046214614465293,0.016774487158761696,-0.029440127306531304,0.0807518427203621,0.03517744336291157,-0.04557439935745052,0.0631866918333299,0.0423794738614197,-0.020807217971910194,0.0175567932477834,0.030390796266125248,0.012834003018341849,,0.04944624172787456,,0.0463393589062494,0.012857121118372367,-0.03348223778787703,,-0.06621428166906218,,0.047561111493492,-0.0005686583515864406,-0.04812976984507844,0.0484264149434087,-0.0008516291199287779,-0.049278044063337474,-0.073925246241956,-0.017945928023562655,0.055979318218393345,-0.0389587216664729,0.0024474873571840726,0.04140620902365697,,-0.04008032600525959,,0.0034877443661222,0.032880235974280296,0.029392491608158097,0.0265161527888549,0.01928143976375096,-0.00723471302510394,0.0110077487000054,0.0463877335959541,0.0353799848959487,0.0049800467062247,0.048158212661580664,0.043178165955355965,0.0750359484156691,0.016391505531070653,-0.05864444288459845,0.054815870549318,0.03383840903790323,-0.020977461511414774,0.0553167968095316,0.03452819432380089,-0.020788602485730716,0.0224909454783593,0.0033051943854312984,-0.019185751092928,0.036952894386932,0.001449779144634704,-0.035503115242297295,0.0402518523482854,0.009295253839596286,-0.030956598508689114,0.0054020778584938,-0.03471080071355904,-0.04011287857205284,-0.0136139780715802,0.0026447567961663085,0.01625873486774651,-0.0111806293160531,0.006650760175249237,0.017831389491302335,-0.0047506848419853,0.05150869105785887,0.05625937589984417,0.0334609945393745,0.05160741234879124,0.01814641780941674,,0.032487973093225764,,-0.0013801660537385,0.020272816622096814,0.021652982675835312,0.0519987759362811,0.07457744392473598,0.022578667988454877,0.0514604106861989,0.09205523795021293,0.04059482726401403,-0.0009963471681501,0.06287812222560289,0.06387446939375299,-0.0105367352306749,0.012004120860280446,0.022540856090955345,-0.008513974452135,0.014900778845304259,0.023414753297439257,-0.1093932432199777,-0.08897391191759176,0.02041933130238595,-0.0943409796158579,0.031046693812618747,0.12538767342847665,,0.041208562650107694,,0.035025570967822,0.03960323441955084,0.0045776634517288375,0.0605094188919044,0.03376552411240675,-0.02674389477949765,-0.0271138339864869,0.022409517104153915,0.049523351090640814,0.0032622246632146,-0.0011255725835741309,-0.004387797246788731,0.0011957422505596,-0.002682415441376282,-0.003878157691935882,-0.0109633956495036,0.019338019805525082,0.03030141545502868,,0.051890654765679334,,0.0503649625153424,0.043552565819256116,-0.006812396696086284,0.0113383522996866,0.028235119157562747,0.016896766857876146,0.0038864561153068,0.02704774529625285,0.02316128918094605,0.0322104061008154,0.032505210706776824,0.0002948046059614226,-0.0034804828707416,0.03123502085224332,0.03471550372298492,-0.0083282817668273,0.026861346981397985,0.03518962874822529,0.0226644153126833,0.023265793114617107,0.0006013778019338077,0.0372007476538113,0.02618347518169892,-0.011017272472112382,0.0376412516614686,0.026430798787289534,-0.011210452874179069,0.0337407300822277,0.02088279717049126,-0.012857932911736439,0.0467690157807153,0.030424317687246377,-0.016344698093468925,0.0445622378728442,0.029243611141812745,-0.015318626731031453,-0.0262033966864419,0.0014326049138119658,0.027636001600253868
2019-10-01,-0.0491691797466017,0.01859553320540216,0.06776471295200386,-0.0147603016550452,0.013070110576504238,0.027830412231549438,0.0021296095103411,0.01849697666712057,0.01636736715677947,-0.0322321094709025,0.02642059166345801,0.05865270113436051,0.0706689919476953,0.04945708860073721,-0.021211903346958084,0.0311247968359003,0.0075977217817340265,-0.023527075054166274,0.0315104117804171,0.007808379459379374,-0.02370203232103773,-0.000898202253204,-0.0023768387523230203,-0.0014786364991190202,0.0197969055753074,0.03359327849937538,0.01379637292406798,0.0210165431874364,0.03418233275131945,0.013165789563883049,0.0092937644917884,0.0044761363403107,-0.004817628151477699,,0.00502317405015733,,-0.0034871867128609,0.01816403143342118,0.02165121814628208,-2.2333552544830885e-06,0.013890809632067421,0.013893042987321904,0.0704218411916643,0.0007582620579126328,-0.06966357913375167,0.0103731957414291,0.012769553666917828,0.0023963579254887273,0.022004524634152,-0.007651009741568271,-0.02965553437572027,-0.0021402343812508,0.025024716924464424,0.027164951305715224,0.0294927891082631,0.030003181862262536,0.0005103927539994377,0.05206997026821,0.02541467001889517,-0.026655300249314832,-0.011976680702185,0.012544361507950895,0.024521042210135895,,0.02416442055129349,,0.0439812680636498,0.03347699526031788,-0.010504272803331917,,-0.023973769091520603,,0.0760272166484279,0.042684369940216974,-0.03334284670821093,0.0788191369576224,0.04345955067066744,-0.03535958628695496,-0.0041680231078936,0.0003169284056722284,0.004484951513565829,0.0571445368945435,0.034772629151213715,-0.022371907743329783,,0.035250768821235616,,-0.0426403390775647,0.008743864091569596,0.05138420316913429,0.0207632452673038,0.014739416816383346,-0.006023828450920454,0.0349733133707862,0.010746725999747046,-0.02422658737103915,0.0547822912605676,0.01109365409019581,-0.04368863717037179,-0.025043722278904,0.007294324131463097,0.0323380464103671,0.053741119833756,0.026956048934544806,-0.026785070899211193,0.0606977018134538,0.027788550096328492,-0.0329091517171253,-0.0429485823845765,-0.002568983939165144,0.040379598445411356,0.0062741831017993,0.029186907288193623,0.022912724186394322,,0.027943026127046466,,,0.015689424743478578,,0.0117398859657795,0.02015696767002533,0.008417081704245832,0.0119191094410066,0.020320208734713942,0.008401099293707342,-0.0414455813330608,0.010985549898168889,0.052431131231229694,-0.012071697706317,0.02523754652349639,0.037309244229813396,,0.0036681959991473113,,-0.0132966263075545,0.021252958172127745,0.03454958447968225,-0.0307556727427634,0.004537173641683184,0.03529284638444659,-0.0254011168908497,0.0002343583294571491,0.02563547522030685,-0.1006580366601158,-0.009550013356740774,0.09110802330337503,0.0493765558428917,0.01656632823184676,-0.03281022761104495,0.0512685692923764,0.016544592925156507,-0.0347239763672199,-0.1778743573104678,-0.01770575122775951,0.16016860608270828,0.0513166129996481,0.015563269013865745,-0.03575334398578235,,0.00660301902665365,,-0.0205773588412133,0.025410281464443133,0.045987640305656434,-0.0631281497260073,0.016575306803638546,0.07970345652964585,-0.0600971338100076,0.022064243583591266,0.08216137739359887,0.011185170200441,0.03192325948927961,0.020738089288838614,0.0123236894286073,0.03270112633942759,0.020377436910820286,-0.0228388277272173,-0.004891052954294036,0.017947774772923263,,0.020539956035207772,,0.0375388042526703,0.022546274037515326,-0.014992530215154978,0.0117845598115349,0.017810751861353887,0.006026192049818987,0.0095952408690256,0.018746434328042478,0.009151193459016879,-0.0218500549718412,0.0016710539127187834,0.023521108884559983,0.007097049746961,0.020149615311830606,0.013052565564869605,0.0038236184283716,0.02035609798682221,0.01653247955845061,0.0469482970213961,-0.008404370196874093,-0.055352667218270195,-0.0108600688142271,0.012098253757510065,0.022958322571737164,-0.0008556656113736,0.012376865821196419,0.013232531432570019,-0.0473649684700205,0.009733332946422818,0.05709830141644332,0.0108912860741594,0.019277785619210595,0.008386499545051194,0.0173932803265118,0.019937384962641753,0.0025441046361299527,-0.0071342588952011,0.003301444299351688,0.010435703194552788
2019-11-01,-0.0090074487923407,0.03877940088471971,0.047786849677060414,0.071510490592059,0.03328410585343244,-0.03822638473862656,0.009300054703683,0.026302486695868443,0.017002431992185443,0.0586255601858763,0.03339158626451947,-0.02523397392135683,0.039761011584737,0.08161874376929737,0.04185773218456037,0.03793551418527,0.034569486943291594,-0.003366027241978403,0.0385801890862085,0.035659713763247815,-0.0029204753229606847,0.0267224752227791,0.009035549404991511,-0.017686925817787587,0.0552544313506369,0.05466103329313069,-0.00059339805750621,0.0544512727313654,0.05415512453110146,-0.0002961482002639404,-0.0076569121884961,0.03657237109341702,0.044229283281913126,,0.002242988188643871,,0.0352626309110552,0.03154788661777663,-0.003714744293278567,0.0400512247926882,0.0226368739559068,-0.017414350836781403,-0.0732605968925846,0.03611828063388346,0.10937887752646806,0.0233081345460039,0.023542472936903102,0.0002343383908992025,0.0054889909541749,0.009110898132554592,0.003621907178379692,-0.0042282831400014,0.043720788275418816,0.047949071415420215,0.0190993084324219,0.04525553089166945,0.02615622245924755,0.0327784257798514,0.04255508922984445,0.009776663449993055,-0.0076784250730493,0.01282396959163158,0.02050239466468088,,0.03302994677280241,,0.0878861242367526,0.05613804101040592,-0.03174808322634668,,-0.0035686588895232916,,0.0604392690112579,0.06022027278501438,-0.000218996226243523,0.0617003834321859,0.060120225846932315,-0.0015801575852535873,0.0381389847237337,0.029669522542965378,-0.008469462180768321,0.0654211779372197,0.07338951811890489,0.007968340181685185,,0.06038956276548702,,0.0389483798491167,0.013102960715950795,-0.025845419133165903,0.0981550503332181,0.0328646573766055,-0.0652903929566126,0.0582281524567363,0.029992882385291922,-0.028235270071444378,0.0700157098803876,0.02954333558133406,-0.040472374299053544,0.0475497647790959,0.02426913558223796,-0.02328062919685794,0.0308033022200539,0.0478523328969064,0.0170490306768525,0.02917249523212,0.04841664018958497,0.01924414495746497,-0.0419199004480093,0.018398749623572904,0.0603186500715822,0.0562243553816588,0.04897301897859442,-0.007251336403064378,0.0505459830734943,0.04414801197358056,-0.006397971099913739,0.104798811869135,0.057027559102386056,-0.04777125276674895,0.0387540709601802,0.03831072646989012,-0.00044334449029007766,0.0307908944276283,0.03665341817223534,0.005862523744607037,0.0831746299608787,0.02045354442413638,-0.06272108553674231,0.0147008782436734,0.054230769667944365,0.03952989142427096,,-0.009347061895961933,,-0.0170470936781297,0.0368495327682425,0.053896626446372206,0.0267570092447502,0.01708945431637244,-0.009667554928377762,0.032600516090028,0.01813943239307802,-0.014461083696949983,-0.115745963400238,0.008901377226636557,0.12464734062687456,0.0451398251333424,0.031144102263859476,-0.013995722869482925,0.0417889891456247,0.02993260287945972,-0.011856386266164979,0.0021005207562623,0.023342389786356145,0.021241869030093844,-0.0208664520341803,0.01746601979807228,0.03833247183225258,,0.02047036452050743,,0.0609978299928118,0.0484769041077438,-0.012520925885068,0.0205178543814261,0.023397967931113477,0.0028801135496873756,0.0163153719177272,0.025273809167053577,0.008958437249326379,0.0157629038957794,0.04607347257079184,0.03031056867501244,0.0143033871742179,0.046517295339129586,0.03221390816491169,-0.0260853859276518,0.008134254588287567,0.03421964051593937,,0.03500589083441459,,0.0368845428249682,0.0433251414057461,0.006440598580777904,0.0141234582092431,0.037948006039314024,0.023824547830070923,0.0153170465930049,0.03983973939511922,0.02452269280211432,0.02107883101683,0.02184061228216303,0.0007617812653330329,0.0261953195426548,0.03694583106991176,0.010750511527256961,0.0244896799443893,0.0386633494021825,0.014173669457793203,-0.0688604109917778,0.01373659350453181,0.0825970044963096,-0.0080859818022538,0.016965531093911163,0.025051512896164963,-0.0029966311743638,0.01667565966036448,0.01967229083472828,0.0739388011354994,0.015456678178124161,-0.05848212295737524,0.0214066232870086,0.030060813265970675,0.008654189978962074,0.0230426362837166,0.03022354741331979,0.007180911129603191,-0.0195603172260528,0.016597881057243507,0.036158198283296306
2019-12-01,0.1051467468906913,0.039386924679762646,-0.06575982221092866,-0.0417966291065159,0.04086242631390784,0.08265905542042373,0.0154507463101655,0.023867037133777275,0.008416290823611774,0.073349306441303,0.03201249397443783,-0.041336812466865165,0.0594942660110621,0.04259314552676121,-0.01690112048430089,0.0213626693197882,0.041752679868343114,0.020390010548554913,0.0211486102803607,0.04183598681195554,0.02068737653159484,0.0302725831223744,0.019569260029301212,-0.010703323093073189,0.0189410904117222,0.02394375371095048,0.005002663299228282,0.0214004033282449,0.024241213096376522,0.002840809768131624,-0.0047418193846043,0.009786415007084102,0.014528234391688401,,0.018817479260948025,,0.0201880263822752,0.03468714587595724,0.014499119493682041,0.0136688209487165,0.033987072795520004,0.020318251846803505,0.0270086133870489,0.03289363157065214,0.0058850181836032425,0.0112126460059123,0.028012539110976255,0.016799893105063954,0.0476344056792142,0.01703523661118204,-0.030599169068032162,0.0401254647335298,0.031744778941186706,-0.008380685792343093,-0.037107644893022,0.04460997566808462,0.08171762056110662,0.0260723778766712,0.04557714569128044,0.01950476781460924,0.0280497196319267,0.022362324547925323,-0.005687395084001377,,0.04660960668942585,,0.0269668960466984,0.041002688853535134,0.014035792806836735,,-0.021157671630973957,,0.0745788980143605,0.032854540753296774,-0.04172435726106373,0.0757180577103048,0.032472917002841425,-0.04324514070746338,0.0934316850695697,0.01124451311718226,-0.08218717195238744,0.0503086932984693,0.03976511232102853,-0.010543580977440771,,0.014440259197500862,,0.0327863751884624,0.022993033599287317,-0.00979334158917508,0.0084347311134705,0.030462172022666444,0.022027440909195943,0.0218070876003811,0.035571582032674375,0.013764494432293276,0.028207699353913,0.03621896698449725,0.008011267630584254,-0.0032949548426393,0.022945031764914494,0.026239986607553795,0.0330913520157191,0.04366609635976646,0.010574744344047364,0.0297800941458295,0.04375857084635671,0.01397847670052721,0.1035664412108009,0.017670117657975864,-0.08589632355282503,0.0397569795078615,0.03018073107469793,-0.00957624843316357,,0.029595196334806364,,,0.008317094563430284,,0.0146241405903502,0.023109395592990536,0.008485255002640336,0.0192579382433955,0.023883038036809426,0.004625099793413925,0.0931604850015584,0.04108048384458263,-0.052080001156975766,0.0781031695361988,0.05434043651706261,-0.023762733019136187,,0.019376724077916574,,0.0450732429396725,0.031692859752440135,-0.013380383187232364,0.0668286822803972,0.044800743165630014,-0.022027939114767192,0.0560663634052423,0.051842778404483696,-0.0042235850007586034,0.1434101021670967,0.03641580052477333,-0.10699430164232338,0.0488488162579516,0.02268242585172588,-0.02616639040622572,0.0487113519424068,0.023110764010170926,-0.025600587932235873,0.1364117915064163,-0.023204036754608717,-0.15961582826102502,0.1146764159787832,0.025879508458458378,-0.08879690752032482,,0.02958067975408362,,0.0488620360312,0.046177456150021876,-0.002684579881178123,0.0667366733868365,0.031409077150876895,-0.03532759623595961,0.0185767143226936,0.024982450318844888,0.006405735996151289,0.0129038232083621,0.025575198810155738,0.012671375601793638,0.0135622182138377,0.024541401457814426,0.010979183243976726,-0.016055806792535,0.020898913448644644,0.03695472024117964,,0.0469954755546205,,0.0087451095710529,0.04609974501348576,0.03735463544243286,0.0128424876699677,0.03223074076350962,0.01938825309354192,0.0122884761499719,0.032092441039827266,0.019803964889855363,-0.0166726938828946,0.028805168103213357,0.045477861986107954,0.0225783808558145,0.035311424916883646,0.012733044061069145,0.021965451955411,0.03359568824758302,0.011630236292172021,0.0288695376481867,0.023872610822644132,-0.004996926825542567,0.0416714501870507,0.021722772123353617,-0.019948678063697083,0.038836800332038,0.021415814044384508,-0.01742098628765349,0.0411770237199894,0.022470086048131305,-0.018706937671858097,0.0224485463598867,0.032948621055467836,0.010500074695581136,0.0182830289234732,0.031900769903556184,0.013617740980082983,0.0690002447220843,0.012919266136233768,-0.05608097858585053
2020-01-01,-0.039071815917567,-0.020524956626240837,0.01854685929132616,0.0238840270331518,-0.03757297902988287,-0.06145700606303467,0.0573454868729552,0.0030669996152901196,-0.054278487257665084,-0.0540134277595232,-0.017123607253040938,0.03688982050648226,0.0845620843016316,0.00438231246948683,-0.08017977183214478,-0.0281549477901286,-0.04031013894681278,-0.012155191156684182,-0.0257293812560446,-0.037686731134199285,-0.011957349878154683,-0.0348639964683758,-0.051358748891373596,-0.016494752422997798,0.0565882905240209,0.034082123059852094,-0.022506167464168808,0.0601784311884633,0.03701338848917855,-0.023165042699284745,-0.0062112183189497,-0.043703720923710034,-0.037492502604760336,,-0.03167833510979783,,-0.0867755642964029,-0.02822927267158788,0.05854629162481502,-0.0909553384976969,-0.036545127446445565,0.05441021105125133,-0.0520646699278279,-0.08139396732280064,-0.029329297394972746,-0.0211012894730235,-0.011968489850920704,0.009132799622102797,,-0.06760190801240455,,-0.0322527658186621,-0.0027445095231255507,0.02950825629553655,0.0996079231705893,-0.037929940952799585,-0.13753786412338886,-0.0154203770767227,-0.04512429401772616,-0.029703916941003463,-7.758221520036812e-05,-0.010639451134032397,-0.01056186891883203,,-0.017637540530987806,,-0.0107214796422638,-0.016940203465464244,-0.006218723823200444,,-0.06226237943382478,,0.0247141050006288,0.030440779993820697,0.005726674993191898,0.0282117277781107,0.033647625658477294,0.005435897880366594,-0.0260618416894984,-0.03578448346145848,-0.00972264177196008,0.0099672247929966,0.0028466683553891653,-0.007120556437607434,,0.043613036835716094,,-0.0118142091995986,-0.008428115768465617,0.0033860934311329832,-0.0227363603807538,-0.01774650904349891,0.004989851337254891,-0.0225004235183616,-0.029522846452383334,-0.007022422934021735,-0.0300112798456525,-0.03024393633159354,-0.00023265648594103863,-0.070393600685752,-0.04271696700364987,0.02767663368210213,-0.0463139266457141,-0.024714520511074433,0.021599406134639666,-0.0465073501079173,-0.01932472275222665,0.02718262735569065,-0.0944383065786761,-0.08651484898386097,0.007923457594815136,-0.0313561988620197,0.004615649148477575,0.03597184801049728,,0.008509779650661485,,,0.016436667173374254,,0.0009664177144681,0.014234925075856254,0.013268507361388154,0.0009939338727837,0.015085375296286289,0.014091441423502589,-0.0380798711704094,-0.04853794661233946,-0.01045807544193006,-0.1250472556326062,-0.024516971033692093,0.10053028459891412,,-0.06000568655918146,,-0.0135829249309166,-0.016985839007212646,-0.003402914076296046,-0.1136120016384363,-0.06272066493371609,0.05089133670472021,-0.1050665938590243,-0.07555182246806405,0.029514771390960245,-0.131805143216312,-0.1068064086711022,0.024998734545209816,-0.0272795245975748,0.0126672952981732,0.039946819895748,-0.0264323307914514,0.01379933865124686,0.040231669442698265,0.0002380994198959,-0.0350083619373577,-0.0352464613572536,0.0069258200404454,0.007093515152072104,0.00016769511162670423,,-0.021965233860165332,,-0.0171415364755349,-0.054043164514294105,-0.03690162803875921,-0.0112990611636736,-0.039349302628322716,-0.028050241464649114,0.0266986377734542,-0.0050941518764121615,-0.031792789649866364,0.0228168988355294,0.02127791992994549,-0.0015389789055839098,0.0274526516127795,0.027525684232411606,7.30326196321067e-05,-0.1423695201285148,-0.10638157047680573,0.03598794965170908,,-0.047665953441273355,,-0.1334393016860813,-0.042493725848507906,0.0909455758375734,0.0327205924518512,-0.014899725656617555,-0.04762031810846876,0.0407916878192263,-0.007499620123250656,-0.048291307942476956,-0.0142028906539801,-0.06364473108675298,-0.049441840432772874,-0.0208363018406757,-0.018887124421195157,0.001949177419480544,-0.0166483944136272,-0.01105467217986118,0.005593722233766019,-0.1591514680846142,-0.08532573962204744,0.07382572846256676,0.0480542294310888,-0.003543027460172041,-0.051597256891260844,0.0539003310328638,0.0009890389804313492,-0.052911292052432446,0.012215997593838,-0.041194319796985054,-0.05341031739082305,-0.0260747826481846,-0.02434611145389814,0.0017286711942864595,-0.015577209448206,-0.016627365876833156,-0.0010501564286271563,-0.0719312246423819,-0.04224740575699656,0.029683818885385342
2020-02-01,-0.0693568945083423,-0.052469606185587984,0.016887288322754317,-0.1224389863433322,-0.11391078008534457,0.008528206257987628,-0.0561423191618676,-0.05906742096833732,-0.0029251018064697237,-0.0915151774960704,-0.09554701732808481,-0.004031839832014411,-0.0670947741430747,-0.0963883225663186,-0.0292935484232439,-0.1048738116105683,-0.10457511762406974,0.00029869398649856604,-0.1047143005156662,-0.10606786528627929,-0.0013535647706130888,-0.0563443731430659,-0.053338228337844594,0.0030061448052213086,-0.0588012112436239,-0.06746817104181263,-0.008666959798188732,-0.0581023151043489,-0.06649695668784016,-0.008394641583491257,-0.1036488533271425,-0.08895978793453935,0.01468906539260316,,-0.08355093287343514,,-0.0851074957988414,-0.1045735827808945,-0.0194660869820531,-0.0800240374403021,-0.10039684212983309,-0.020372804689530982,-0.1420097627178947,-0.144968060976742,-0.002958298258847303,-0.0781391029731462,-0.08416370759795315,-0.006024604624806945,,-0.09819973043762023,,-0.1037196102020858,-0.0913073704446975,0.012412239757388296,-0.0983513731854952,-0.10879450254262413,-0.010443129357128933,-0.0884314637647713,-0.11624976310149912,-0.027818299336727817,-0.0849931566543061,-0.07542895715960352,0.00956419949470258,,-0.042412602330477896,,-0.0565740627399529,-0.0975745166232068,-0.04100045388325391,,-0.08253629281211561,,-0.0875917391696834,-0.07906331538147349,0.008528423788209907,-0.0890955165899601,-0.0777959325919962,0.011299583997963894,-0.0956597871368404,-0.09258540921375273,0.003074377923087665,-0.0314173786686704,-0.10351869231066103,-0.07210131364199063,,-0.06810290217589665,,-0.0946387335270159,-0.06202281568966631,0.032615917837349594,-0.0736126765515299,-0.07241272457562384,0.001199951975906055,-0.0885199902376095,-0.09820090447865497,-0.009680914241045474,-0.0835303320068715,-0.09901117605395474,-0.015480844047083234,-0.0411407001622826,-0.06805651001382437,-0.026915809851541773,-0.0527281595632508,-0.11274947239128438,-0.060021312828033586,-0.043732433683146,-0.11183755526804635,-0.06810512158490035,0.2149703497931333,-0.11480877278986588,-0.3297791225829992,-0.0814700110837355,-0.07348393783446007,0.00798607324927543,-0.0809010073120265,-0.06941900241704885,0.011482004894977652,0.048227971324472,-0.05657983725347554,-0.10480780857794754,-0.0834096895467325,-0.06187937906349567,0.02153031048323683,-0.0869006494329246,-0.06395710386898389,0.02294354556394071,-0.1257123153069181,-0.06829356931848356,0.057418745988434536,-0.1347669008499025,-0.12816016236866992,0.0066067384812325824,,-0.04509470557732392,,-0.0669256202561879,-0.0792998806751254,-0.012374260418937508,-0.1456445862001291,-0.12221636280131966,0.023428223398809442,-0.1412390876400745,-0.13151999303159626,0.009719094608478251,-0.1968646574510504,-0.13221656725386746,0.06464809019718293,-0.048496956605925,-0.04836681681260889,0.0001301397933161086,-0.0483739220424003,-0.04903208268118909,-0.0006581606387887906,-0.1090128112346844,-0.05749346668254155,0.05151934455214285,-0.0381742662538878,-0.054079970951671726,-0.015905704697783928,,-0.07661292719726302,,-0.083433237410188,-0.11673394362864761,-0.03330070621845961,-0.2131604248705386,-0.09595571255589742,0.11720471231464118,-0.0947090908031066,-0.06512415697378056,0.029584933829326046,-0.0582329141333072,-0.06148660393214065,-0.003253689798833448,-0.0560996508309597,-0.05684347362506965,-0.0007438227941099496,-0.1051885483946322,-0.13989003013737955,-0.034701481742747356,,-0.08879882015971649,,-0.0989585922465388,-0.13107771211965666,-0.03211911987311786,-0.079825026773091,-0.08612676403410857,-0.00630173726101757,-0.075977541018223,-0.08227852995029653,-0.006300988932073523,-0.0911570733230009,-0.10805650156293942,-0.01689942823993852,-0.1029031786787817,-0.09896778419693215,0.003935394481849541,-0.0965921553288565,-0.09871766848766822,-0.002125513158811723,-0.1523847806443842,-0.14192059724193343,0.010464183402450783,-0.0883963119291306,-0.05993259949741639,0.028463712431714208,-0.081328569639126,-0.05803690605545086,0.023291663583675147,-0.0847427976006521,-0.07020990340438198,0.01453289419627013,-0.1000389172276807,-0.0806283073363874,0.0194106098912933,-0.0942766264152819,-0.0758226331780547,0.018453993237227198,-0.0514312064679043,-0.09056873529085394,-0.03913752882294964
2020-03-01,-0.1074608769451145,-0.14685067674098085,-0.03938979979586635,-0.3387378001229166,-0.23556028292327688,0.10317751719963972,-0.1699875253507745,-0.08806690217489144,0.08192062317588306,-0.1476465069855735,-0.15444700437076103,-0.006800497385187537,-0.2192560717886464,-0.22608826703180454,-0.006832195243158146,-0.22452124627312,-0.26737088360404077,-0.04284963733092076,-0.2218780739362444,-0.26562532649365717,-0.04374725255741277,-0.2919126422479879,-0.17920154772822647,0.11271109451976144,-0.1133570113906666,-0.09358277474870168,0.019774236641964926,-0.1025989105967316,-0.08819388020282737,0.014405030393904228,-0.2628220031895351,-0.2081280079027685,0.05469399528676658,-0.0803881883483611,-0.1080819603015709,-0.027693771953209795,-0.1692048088468388,-0.1983698746204208,-0.029165065773581994,-0.1532112377218832,-0.1841981626348445,-0.030986924912961317,-0.3968796061247027,-0.32838966981873785,0.06848993630596484,-0.1271371407485313,-0.103951393390751,0.023185747357780298,,-0.2078738561381487,,-0.0997271781094568,-0.15678549573153927,-0.057058317622082466,-0.3517616023751059,-0.24503285518021958,0.10672874719488631,-0.2570107916607129,-0.26266026580505647,-0.00564947414434358,-0.075998658021852,-0.08236170613336488,-0.006363048111512878,,-0.07064176247329129,,-0.1957473645855691,-0.19740595914335418,-0.0016585945577850814,,-0.110783990465421,,-0.0853925233135406,-0.11560432615361156,-0.030211802840070967,-0.0804987382631645,-0.10850028127340124,-0.028001543010236732,-0.2203394566648461,-0.18053237427109833,0.03980708239374778,-0.1487077468103122,-0.2332772848783523,-0.0845695380680401,,-0.08163752855671876,,-0.0449866120289415,-0.06262259934679384,-0.017635987317852347,-0.1036889338115197,-0.11372921890083394,-0.010040285089314246,-0.1480006291177751,-0.20133012587203247,-0.05332949675425738,-0.1251984055838307,-0.20231087834898293,-0.07711247276515223,-0.1081428500452299,-0.18940779543024217,-0.08126494538501226,-0.1771323394108076,-0.21746751296541048,-0.040335173554602866,-0.1559448103625265,-0.2070072980953338,-0.051062487732807305,-0.5014509349101486,-0.29715225786552973,0.20429867704461885,-0.0771972828774139,-0.1200783844836262,-0.04288110160621231,-0.0697609502239325,-0.10802762538777388,-0.038266675163841385,-0.2742505872090715,-0.18847721832753714,0.08577336888153433,-0.090078727081051,-0.0647028217355608,0.025375905345490196,-0.0771091363640892,-0.060160989911693045,0.016948146452396153,-0.2699633138404224,-0.13587982886763303,0.13408348497278935,-0.1746100743543805,-0.22285045080146712,-0.04824037644708662,,-0.08914276743193542,,-0.2537558144807462,-0.15365153329404152,0.10010428118670467,-0.3606927773406656,-0.23439034637658893,0.1263024309640767,-0.3272532737664319,-0.2766344717211355,0.050618802045296396,-0.5717497550487423,-0.33765434324906274,0.23409541179967952,-0.0261680861625879,-0.04709804257996082,-0.02092995641737292,-0.0195664695549519,-0.04265063996165499,-0.02308417040670309,-0.2930888468194612,-0.14323232138234285,0.14985652543711833,-0.0561234820099776,-0.013146284762384523,0.04297719724759307,,-0.12704541530699104,,-0.3509505031228273,-0.3188670153672038,0.032083487755623474,-0.1687159994514093,-0.19170870107806684,-0.022992701626657536,-0.1907799676914471,-0.11015940708224656,0.08062056060920053,-0.0460075290175063,-0.08507672717706517,-0.03906919815955887,-0.0308355699775193,-0.07162349532827297,-0.04078792535075368,-0.4154629640074222,-0.33139445035412174,0.08406851365330048,,-0.2123950110660527,,-0.2073876036854312,-0.2584812326166987,-0.05109362893126751,-0.1816259306235229,-0.17975673329442335,0.0018691973290995423,-0.1442222468707887,-0.16506966007707816,-0.020847413206289467,-0.3653867508299039,-0.2543163325017051,0.1110704183281988,-0.1637548385601072,-0.1763171616474238,-0.012562323087316613,-0.1318165615411722,-0.1628676277129911,-0.03105106617181891,-0.3049296964562155,-0.2741853288589946,0.03074436759722088,-0.1465067258474723,-0.0674396314812297,0.0790670943662426,-0.1160221058760166,-0.05409263647657631,0.061929469399440294,-0.3819084837340786,-0.1518632528299226,0.230045230904156,-0.1961522643832597,-0.1551126033435254,0.041039661039734304,-0.173956144364073,-0.13590214588708202,0.03805399847699098,-0.266673551352825,-0.1816537905665879,0.0850197607862371
2020-04-01,0.0942889677235869,0.0980381785736667,0.003749210850079801,-0.012848415713682,0.14718726034832902,0.16003567606201102,0.0774724100221693,0.1006941493201769,0.023221739298007596,0.0884276434587024,0.1698727390411023,0.08144509558239992,0.2739463405361582,0.240314786709584,-0.03363155382657418,0.0864662525504873,0.12040805155723211,0.03394179900674481,0.085873561537102,0.12132444518371138,0.03545088364660938,0.0205600109849845,0.05742778926521744,0.03686777828023294,0.1628622513454286,0.1504066819451254,-0.01245556940030318,0.160938932099861,0.14895287316371544,-0.011986058936145544,0.1593947819847647,0.13332389903754793,-0.026070882947216767,0.0914203438915255,0.09874720068408004,0.0073268567925545425,0.1391706913432024,0.1547147043909331,0.015544013047730704,0.1401136888046889,0.1392142423536236,-0.0008994464510653222,0.171087286240619,0.17544436218353326,0.0043570759429142625,0.0792372122640076,0.11177204234448322,0.03253483008047563,,0.09891273495098557,,0.0915445712710219,0.15642565431550898,0.06488108304448707,0.2778206309976924,0.19851358766433064,-0.07930704333336175,0.1542486110780212,0.19324515017503346,0.038996539097012256,0.1045100672675535,0.10273302225340697,-0.001777045014146536,,0.09608851171610018,,0.1676534557616551,0.19470251337462458,0.027049057612969468,,0.06387660513612843,,0.1482518790584458,0.18668584523773246,0.038433966179286655,0.1458404447466652,0.18631391094239813,0.04047346619573294,0.1621408469171014,0.11425341158966432,-0.04788743532743708,0.1414305841509032,0.19987393905900164,0.05844335490809843,,0.16309766746619628,,0.0682416873330447,0.07540729715078237,0.007165609817737673,0.105195705583165,0.11168695574605851,0.006491250162893508,0.1009108177379526,0.12331316120706476,0.022402343469112157,0.1179018827209775,0.12482164128707658,0.006919758566099082,0.0180369976617339,0.10130503114806892,0.08326803348633502,0.0943980360257941,0.18688497650623484,0.09248694048044075,0.0817712538062149,0.1855121167988111,0.1037408629925962,0.1299613653027701,0.1459235302250967,0.015962164922326577,0.1651085847023391,0.1521453218170933,-0.012963262885245797,0.163488975419645,0.14001980638207845,-0.023469169037566545,0.1658203250815268,0.10769365510135155,-0.05812666998017525,0.1269552054230812,0.10873267053863023,-0.01822253488445097,0.1227750503322672,0.10934328345339661,-0.013431766878870585,0.2711164963302941,0.09839234661380189,-0.17272414971649222,0.1526263426261077,0.18858519215310007,0.03595884952699238,,0.06889930594114511,,0.134477082555511,0.13851953386485655,0.004042451309345552,0.3058249740252313,0.13326279240670774,-0.17256218161852355,0.2698603430638521,0.12921932633502325,-0.14064101672882884,0.0720054671651337,0.12922142415596857,0.05721595699083487,0.1154258764844085,0.08199164641363871,-0.03343423007076979,0.1121184361547645,0.08094623779875976,-0.031172198356004738,0.1412603224713906,0.05407119626176547,-0.08718912620962511,0.3928028993709518,0.07957372437161638,-0.31322917499933545,,0.08699776710186902,,0.1132892791756553,0.2000905918802053,0.08680131270455001,0.0866967591686787,0.14809875744844542,0.06140199827976672,0.1977649123790016,0.12154217604201147,-0.07622273633699013,0.2007926336837249,0.14205458917681213,-0.05873804450691278,0.1984642143513034,0.13734322733569765,-0.061120987015605754,0.2180556907121671,0.16799699733005277,-0.05005869338211433,,0.14779768749731695,,0.107241596036379,0.19726734233200413,0.09002574629562513,0.1072938834416529,0.1319884259858687,0.02469454254421581,0.1052050316276141,0.12761423761774293,0.022409205990128828,0.0658409503894872,0.1286020117631298,0.0627610613736426,0.0960817195466448,0.1517685662770583,0.05568684673041349,0.0872879135567891,0.14994321984097878,0.06265530628418968,0.1842558877060703,0.14591213529319108,-0.03834375241287921,0.0555485045607262,0.08383446473290493,0.02828596017217873,0.0439041926196487,0.08035745612858428,0.036453263508935574,0.0588718335999362,0.1078931291354574,0.049021295535521196,0.1459348156746759,0.13384769836235427,-0.012087117312321621,0.1363485426489849,0.12766340438664595,-0.008685138262338965,0.2527392173583229,0.11813703320221124,-0.13460218415611164
2020-05-01,0.0518474084143534,0.035220884935994526,-0.016626523478358878,0.0371778601003805,0.03620431137463352,-0.000973548725746981,0.0713657542073627,0.03908368370050142,-0.03228207050686128,0.1413583025914713,0.0729305020411239,-0.0684278005503474,0.0818986427152257,0.13526565426871007,0.05336701155348436,0.0293686341023139,0.017769957714189745,-0.011598676388124157,0.0325579885463132,0.017714227911473063,-0.014843760634840136,-0.0122873256613806,0.0062614350396835,0.0185487607010641,0.0829619185085868,0.08141395956863498,-0.0015479589399518129,0.0792441946114667,0.08019384044744417,0.0009496458359774668,0.1345907199450552,0.06365737964882907,-0.07093334029622612,0.0208672876397744,0.022183719195075537,0.0013164315553011383,0.0803473664353331,0.05195619799328761,-0.0283911684420455,0.0762816178689081,0.0405093042879675,-0.035772313580940594,0.0594037769224395,0.05045267959867179,-0.008951097323767705,0.0423789949767167,0.03153210210413741,-0.010846892872579283,,0.018006693609285532,,0.075058393570076,0.06575977821545154,-0.009298615354624465,0.1789694264825794,0.08369898199238922,-0.09527044449019019,0.0704734995760573,0.07352065942259726,0.0030471598465399707,0.0320040891924884,0.029795101402394424,-0.0022089877900939754,,0.0357095697221636,,0.0709463853791758,0.09263506718653915,0.021688681807363344,,0.023077673760985563,,0.0782888836253754,0.10061372679604895,0.022324843170673556,0.0801927492220987,0.10113006052170441,0.020937311299605715,0.1003215296585182,0.04220376008693385,-0.058117769571584356,0.0284933639648311,0.09595275937244158,0.06745939540761048,,0.09946701862513242,,0.0396877007636818,0.014882163901224169,-0.02480553686245763,0.0651972200622792,0.0403513293316353,-0.024845890730643895,0.0444523692782215,0.028110695385760633,-0.016341673892460867,0.0480808162058344,0.028363977200744746,-0.01971683900508965,0.0132367240956639,0.03610839113207552,0.022871667036411622,0.0692392438484482,0.07262639887284118,0.0033871550243929766,0.0634597922805181,0.07185510907421858,0.00839531679370048,0.2558876083983737,0.04929008904348424,-0.20659751935488946,0.066506537882364,0.07615762638401327,0.009651088501649266,0.0604277737777753,0.06696514207131973,0.0065373682935444336,0.0094059660092832,0.06125189221777453,0.05184592620849133,0.0457942105609762,0.048610425458279816,0.0028162148973036177,0.0471412687531504,0.046889590636076756,-0.0002516781170736476,-0.0618577034745815,0.023273746709255014,0.08513145018383651,0.0782041264512367,0.05990176115528638,-0.01830236529595032,,0.019852499174344118,,0.0971809383205503,0.057449936151294165,-0.03973100216925614,0.0198268940367177,0.014922161702040422,-0.004904732334677277,0.0198254641284022,0.0015464551500108086,-0.01827900897839139,0.0941537648452294,0.009953195792822353,-0.08420056905240705,0.0361298071097054,0.03271386254447808,-0.0034159445652273204,0.032572923341925,0.030767889342452042,-0.0018050339994729568,0.0838861239418023,0.03482170780381244,-0.049064416137989855,0.017861018132843,0.022727500796162457,0.004866482663319457,,0.01321826442271262,,0.0122805861611077,0.07928861108269959,0.06700802492159189,0.0709479491562509,0.05262640122360947,-0.01832154793264143,0.0338176407063679,0.05209955183518133,0.01828191112881343,0.0452337279613353,0.07593352832811862,0.03069980036678332,0.0411889733587911,0.07525491939422388,0.03406594603543278,-0.0321569508015638,0.04868758700025292,0.08084453780181672,,0.050311763496779544,,0.0586251304902195,0.06808210786822698,0.009456977378007478,0.0366743880601678,0.04644346503223736,0.009769076972069565,0.0406310924495446,0.045395410876364894,0.004764318426820298,0.0473180751796486,0.030984599223140744,-0.01633347595650786,0.0750438815831356,0.05395778641405968,-0.02108609516907592,0.079259705536676,0.05386339461171041,-0.02539631092496558,-0.136205369500187,0.02865734705765412,0.16486271655784113,0.0416997788060799,0.02448067765353986,-0.017219101152540037,0.0441948534835037,0.02274105102752445,-0.021453802455979252,0.0234047840569084,0.039149175669780975,0.015744391612872576,0.0874866812710363,0.05044796740041124,-0.03703871387062506,0.0939698242056226,0.04859799739041598,-0.045371826815206615,0.2007192329791524,0.041627524241755004,-0.1590917087373974
2020-06-01,-0.0263680451980823,0.026613512755282648,0.05298155795336495,0.0645075798477479,0.01460489255439433,-0.049902687293353565,-0.0058736311197117,0.01776075496170619,0.02363438608141789,0.0183904592231539,0.036847739226811296,0.018457280003657397,0.1605193026203854,0.05793565339798398,-0.10258364922240143,0.0112667426850214,-0.0012875493900534332,-0.012554292075074833,0.0107872976655008,-0.001844014669521459,-0.012631312335022259,0.0128614632621644,0.00011855485636754117,-0.012742908405796859,0.0550755115735774,0.02931743372676984,-0.025758077846807562,0.0564940725393628,0.028317984781496313,-0.028176087757866484,0.015233294910387,0.02335174975463885,0.00811845484425185,0.0209560097217483,0.014723793374945046,-0.006232216346803255,0.0170472711698521,0.022388384107962053,0.005341112938109953,0.0204721362715468,0.021917798648824927,0.0014456623772781257,0.074084639679231,0.02138757784351586,-0.05269706183571514,-0.0176355754775708,0.02183614106749682,0.03947171654506762,0.2338023210393403,0.009526293537212328,-0.22427602750212797,-0.0162378644294994,0.027742684206897558,0.04398054863639696,0.0220867281243426,0.041095619931052756,0.019008891806710157,0.0548047508788252,0.035572085361198484,-0.019232665517626715,0.0158180631341617,0.018304775451238337,0.002486712317076638,,0.04781214338589025,,0.0474381398775594,0.04805784132674914,0.0006197014491897412,,0.010977401885485048,,0.0882018323710311,0.041954594231907345,-0.04624723813912376,0.0918327939748931,0.04191041319153845,-0.049922380783354654,0.1362693752007102,0.014323133823330473,-0.12194624137737972,0.0202313800156439,0.0338448888429165,0.013613508827272598,,0.03295842005942656,,-0.0117439148456884,0.015195533804011811,0.02693944864970021,-0.0209632507350677,0.03128617735238768,0.05224942808745538,-0.0054520960566272,0.010483058643919522,0.01593515470054672,-0.0113321662566177,0.010961300089157983,0.022293466345775684,0.0272497974616121,0.015064986415797208,-0.01218481104581489,0.0493959155346257,0.03653629505668587,-0.012859620477939836,0.0581057810740222,0.03604200197429645,-0.022063779099725747,0.0146966585802213,0.01559973316297238,0.0009030745827510803,0.029967787766935,0.03895256744796779,0.008984779681032787,0.0373171624778581,0.03298998537454758,-0.004327177103310521,0.0978923761498779,-0.0044247948766514035,-0.1023171710265293,-0.0341977160744447,0.027081338053016095,0.0612790541274608,-0.0341690311428025,0.02687878784596406,0.06104781898876656,0.0804884818752135,0.03603503604131971,-0.04445344583389379,0.0881654778699845,0.03819955502720707,-0.04996592284277742,,0.029686075168952584,,0.0005638374792729,0.02994158208405302,0.02937774460478012,-0.010445756976592,0.016481752947433603,0.0269275099240256,-0.0134458047565287,0.010684098559883597,0.024129903316412297,0.0684812611896141,0.004779544609829913,-0.06370171657978418,-0.0115728265714811,0.021467151493321353,0.03303997806480245,-0.0125240904379329,0.02087190920274678,0.03339599964067968,0.0302911824859659,-0.00142516823394651,-0.03171635071991241,0.0795274067420474,0.02632990075442031,-0.0531975059876271,,0.011746047289826516,,0.0460236561179389,0.030385780591844765,-0.015637875526094133,0.0957306517832563,0.025882057448342877,-0.06984859433491342,-0.0126737905416798,0.0231123581466792,0.035786148688359,0.0627586525529403,0.0340326126652081,-0.028726039887732202,0.0624492085635174,0.03302239160367568,-0.02942681695984172,0.1173822425321256,0.016836412864946103,-0.10054582966717951,,0.036525455782078116,,0.0793179311811023,0.03424663093164946,-0.045071300249452835,0.0093127985007874,0.017027533754687785,0.0077147352539003854,0.0014203163803758,0.01662142753580523,0.015201111155429431,0.0135755385905483,0.011705915918111869,-0.0018696226724364308,0.0130282293379163,0.026143802848387028,0.013115573510470728,0.0142463036022636,0.024926967027484197,0.010680663425220597,0.0661850309671996,0.01497011829218359,-0.05121491267501602,-0.0460227544502194,0.016065358414782772,0.062088112865002175,-0.0504290045103662,0.015864169379350136,0.06629317388971634,-0.0103709249424617,0.02258495165062079,0.03295587659308249,0.0030638294156715,0.02866757614914634,0.02560374673347484,-0.000688518375519,0.027720537211693815,0.028409055587212816,-0.0616379570261429,0.012784515514749925,0.07442247254089282
2020-07-01,0.056474490505011,0.03341082801073018,-0.023063662494280823,-0.0817415457398233,0.05479401624144252,0.13653556198126582,0.0700634723111639,0.048701220531039376,-0.021362251780124526,0.0076518826273346,0.05694118027894525,0.04928929765161065,0.1908284283625397,0.07077323898412692,-0.12005518937841277,0.0049036489237216,0.046054759616046825,0.04115111069232522,0.0069788149210984,0.048966060254620775,0.041987245333522376,-0.0271402367333718,-0.004155355607964633,0.022984881125407166,0.0503161457393745,0.07263715781081584,0.02232101207144134,0.0498464650011617,0.07521184443872893,0.025365379437567226,0.0291748505010322,0.005418900531490223,-0.023755949969541976,0.0384475539096976,0.034300939432951816,-0.004146614476745782,0.0765120714349642,0.05374171193944802,-0.022770359495516188,0.083765266093193,0.046299755718682216,-0.037465510374510784,0.2042114488034369,0.02352486141009908,-0.18068658739333782,0.0476923082372287,0.054093620091074476,0.006401311853845779,-0.0870209109276974,0.00441354029500121,0.09143445122269861,0.033292784789043,0.06307017963301162,0.029777394843968616,0.1577071883110556,0.052639193425276405,-0.1050679948857792,0.0952269041567066,0.05163338869425177,-0.043593515462454824,0.0784062614791548,0.048908597328046734,-0.02949766415110807,,0.04097676234839814,,0.0553272155408141,0.05891895417404772,0.0035917386332336224,,-0.030200110078459706,,0.1014823110480351,0.0830129893876303,-0.018469321660404797,0.1019669904296697,0.08496529093598519,-0.017001699493684505,0.0648618199747934,0.018104760163755288,-0.046757059811038115,0.0420245739361419,0.07193855294038745,0.02991397900424555,,0.0711425072539265,,0.0596767956888088,0.04361165601815381,-0.01606513967065499,0.0782795588422529,0.04155508989243807,-0.036724468949814834,0.0360792363655322,0.04939508963945763,0.013315853273925427,0.0282316133179623,0.04999319828672018,0.021761584968757876,-0.0415205349724945,0.010794390207392642,0.052314925179887145,0.0923666798961066,0.06496288738559473,-0.027403792510511865,0.1045584597229018,0.06930561275917983,-0.03525284696372197,0.0408952328762554,-0.006244894214237985,-0.04714012709049338,0.105193573544834,0.05728157774176311,-0.047911995803070886,0.0985683857044938,0.05942410002172106,-0.03914428568277274,0.103977762282123,0.03190782445554108,-0.07206993782658193,0.0899503740288384,0.05617409456468518,-0.03377627946415322,0.0926904924586299,0.0594747240894889,-0.033215768369140995,0.0370310652598567,0.025480888134120142,-0.011550177125736558,0.039760508296415,0.08151836950209049,0.04175786120567549,,-0.007786265265970627,,0.07968548417642,0.04571776684155828,-0.03396771733486172,-0.0462671695091942,0.04597688838364027,0.09224405789283446,-0.0581418538232403,0.044984884636790054,0.10312673846003036,-0.0327725472443991,0.0048935537989227285,0.037666101043321826,0.0223013067196789,0.048935549631636384,0.026634242911957484,0.0282279675054255,0.051177941939402206,0.022949974433976707,-0.0127257574365268,-0.03200636927747318,-0.019280611840946385,0.1516276633587339,0.05550284622089892,-0.09612481713783498,,0.04232828888643996,,0.0091150376881173,0.04151454380218669,0.032399506114069394,0.0540675263307879,0.03880158178264542,-0.01526594454814248,0.0536110518565886,0.04638015424627251,-0.007230897610316089,0.1133193711236311,0.062452963287685376,-0.05086640783594572,0.1128331330634534,0.06444026814967303,-0.048392864913780365,-0.077819688053768,-0.0035835841321824493,0.07423610392158556,,0.03796934977474678,,0.0829650343798646,0.06255584187120233,-0.02040919250866227,0.0304242875930983,0.050596695154736374,0.020172407561638073,0.0338845837898239,0.05444089688783595,0.020556313098012056,-0.0404954167090881,0.020025760687401344,0.06052117739648945,0.0909091660909591,0.0581103223486911,-0.032798843742268,0.1061295812221597,0.06292407812023573,-0.04320550310192396,-0.1054773059114516,0.017674752866775608,0.12315205877822721,0.0636407594930491,0.04441445387869608,-0.019226305614353026,0.0804025734363883,0.04737338093987042,-0.03302919249651789,0.0215649224480987,0.0169149780208867,-0.0046499444272120015,0.0435428239196574,0.043245490350513366,-0.0002973335691440343,0.0433157199152597,0.04660902527215228,0.0032933053568925813,0.0562455620704482,0.0173412365120731,-0.0389043255583751
2020-08-01,-0.0044077269404669,0.03354957028135837,0.03795729722182527,0.0829838259981865,0.06804855033619372,-0.014935275661992778,0.0145167035405611,0.06515157959724618,0.05063487605668508,0.1342764139541478,0.10516526384984246,-0.029111150104305344,0.4254142475923479,0.1288218501565381,-0.2965923974358098,0.0713987060222399,0.041290057714118214,-0.030108648308121683,0.0731433754484572,0.04232537042876988,-0.030818005019687317,0.0052726724474606,0.005159353528358379,-0.00011331891910222082,0.0980835202011503,0.09657570852870806,-0.0015078116724422386,0.1016257497731689,0.09865198573088137,-0.0029737640422875383,0.0248080970148235,0.032306188961062035,0.007498091946238534,0.0336667311981982,0.06281152573298344,0.029144794534785246,0.0512374078026812,0.0843042420686892,0.033066834266008,0.0482008890974572,0.07495849691673909,0.026757607819281888,0.1571347869458503,0.04621103171504652,-0.11092375523080379,0.0522946612492326,0.0629699140025516,0.010675252753319,0.0610860677234183,0.020784685646128606,-0.04030138207728969,-0.0482481841882342,0.08859060539600452,0.13683878958423873,0.063939100193343,0.10537971136055069,0.041440611167207694,0.0729280272476781,0.09737299144497619,0.02444496419729808,0.0561412368903251,0.07092710542691238,0.014785868536587282,,0.04381712936484399,,0.0994061494276489,0.10033792902989273,0.0009317796022438318,,-0.011595739173520138,,0.1646595300576002,0.1244250800725684,-0.0402344499850318,0.1732697146706165,0.12681971817574486,-0.04644999649487164,-0.0564840538950345,0.02870895295856442,0.08519300685359892,0.1266173182196878,0.09605790015998907,-0.030559418059698737,,0.10337195216781642,,0.045038843361614,0.04657134501549022,0.0015325016538762226,-0.0224992024826677,0.047228475047485834,0.06972767753015353,0.0262221428375204,0.0554486503754766,0.029226507537956203,0.0231080625368542,0.05725877117704097,0.034150708640186773,0.0791196057355985,0.03157644591497202,-0.04754315982062647,0.0495173324438653,0.097259681226848,0.047742348782982696,0.0495555878265127,0.0993771755643511,0.04982158773783841,0.0290413686488853,0.039479331959515376,0.010437963310630075,0.020511830939414,0.08361507290320715,0.06310324196379315,0.0257700861904347,0.08266549318811715,0.05689540699768245,-0.0501239400017218,0.03521215942648957,0.08533609942821138,0.0390027278040301,0.06056067617474169,0.021557948370711587,0.0347313574829239,0.06415622711972634,0.029424869636802437,-0.0469434789759559,0.03345246612040577,0.08039594509636167,0.0938628603570457,0.08939123695173219,-0.004471623405313513,,0.03458477755776449,,0.0677227590960175,0.07131220682056733,0.0035894477245498185,0.0004658784742333,0.05633029627840699,0.055864417804173686,0.0040298666875997,0.042451235826813635,0.038421369139213936,0.0200188434206565,0.026169388583033023,0.006150545162376522,0.0225775493928814,0.04554569511721583,0.02296814572433443,0.0229166776552809,0.04718905020089268,0.024272372545611782,-0.0911263760611801,-0.03213605200943717,0.058990324051742926,0.0014436054823506,0.05771368174633319,0.056270076263982595,,0.03782764183742217,,0.1088605574625332,0.09114378977045674,-0.01771676769207646,0.0264519250192896,0.08107510867109687,0.05462318365180727,0.117443343709399,0.08163081127476998,-0.03581253243462902,0.0837840806379125,0.09208322112782813,0.008299140489915632,0.083554461429202,0.09204561349468825,0.008491152065486243,0.078375217053336,0.058105597543418326,-0.020269619509917673,,0.06474133550463176,,0.0680339312550706,0.09816923825689751,0.030135307001826914,0.0205307092214029,0.06507549177775725,0.04454478255635434,0.0210510142838186,0.06411576595331593,0.04306475166949733,0.1007715836606439,0.040849646696129296,-0.0599219369645146,0.1168417771898704,0.08100008826928555,-0.035841688920584855,0.1244503688852694,0.0816711902085152,-0.04277917867675421,0.0559673168301737,0.041252646757575964,-0.014714670072597733,-0.0115921728526064,0.05392948845124878,0.06552166130385517,-0.0114366794181653,0.054328409683315496,0.0657650891014808,-0.0023023082533572,0.05065404616371743,0.05295635441707463,0.045593417077224,0.07126724329033565,0.02567382621311165,0.048111694178338,0.071094130834873,0.022982436656534995,0.0455101146314157,0.050290087742420504,0.004779973111004802
2020-09-01,-0.0033586072231953,-0.019227450206798828,-0.01586884298360353,-0.0475335720236052,-0.057576529573248984,-0.010042957549643787,0.0294717449928833,-0.027445074090979592,-0.056916819083862896,0.0655228574516613,-0.048786902061123474,-0.11430975951278477,-0.1038894532499851,-0.0339489461552146,0.0699405070947705,-0.0588618331290593,-0.04985283995095427,0.00900899317810503,-0.0582452272142194,-0.05029680430941472,0.007948422904804686,-0.0144638075453327,-0.029935563934965024,-0.015471756389632324,-0.0496551829447622,-0.02376399923810136,0.02589118370666084,-0.0499898516452762,-0.02307694687840862,0.02691290476686758,-0.0863377633789505,-0.04671759212290633,0.03962017125604416,-0.0051309012845314,-0.05152986890901615,-0.04639896762448475,0.0071976748305083,-0.05355867826783974,-0.060756353098348044,0.013770823916416,-0.0541798160142282,-0.06795063993064421,0.0962226218348856,-0.07908675925645356,-0.17530938109133914,-0.0152190858405385,-0.044304168547323525,-0.029085082706785025,,-0.05946193785489874,,-0.0469367380746151,-0.04180712111311968,0.005129616961495415,0.0568881207677397,-0.05242006854232383,-0.10930818931006353,-0.0297860571086776,-0.05746068848709004,-0.02767463137841244,-0.0066114483936746,-0.0424647206196728,-0.0358532722259982,,-0.016106918765573252,,-0.0177538079449136,-0.04289375101315675,-0.02513994306824315,,-0.059446146000264787,,-0.060163248026821,-0.029094355428117922,0.031068892598703077,-0.0608790144552879,-0.028280749489559578,0.03259826496572832,0.064922649337459,-0.04992088056879663,-0.11484352990625563,-0.0218049197958871,-0.039259940776675634,-0.017455020980788535,,-0.02369327869264637,,-0.0237725498685402,-0.03393285246703895,-0.01016030259849875,-0.0159936230745437,-0.03508081206925632,-0.01908718899471262,-0.0243294832881351,-0.04910414662027753,-0.02477466333214243,-0.0165904059864738,-0.049708190738079944,-0.03311778475160614,-0.0910010515483873,-0.034905256437071194,0.0560957951113161,0.0060601334985668,-0.05358124300132492,-0.05964137649989172,0.0124385728130967,-0.052629584059736806,-0.0650681568728335,-0.0415278002707959,-0.06744848250630091,-0.025920682235505005,-0.0021595984580351,-0.030420561789949244,-0.028260963331914142,0.0027461474068345,-0.028768532026947055,-0.031514679433781556,-0.1084075668215766,-0.015653066820176236,0.09275450000140036,-0.0132969584487107,-0.02640855850102652,-0.013111600052315821,-0.0155191860538443,-0.02804520802328549,-0.01252602196944119,-0.0185388586032733,-0.03645325819583025,-0.01791439959255695,0.0538906293366716,-0.060115700500366666,-0.11400632983703826,,-0.03384728263305839,,-0.0393135355911511,-0.03732544548749222,0.001988090103658878,-0.1560276647777965,-0.06837970405916173,0.08764796071863477,-0.1499394065164774,-0.07273218390067056,0.07720722261580686,-0.0809128976571768,-0.07829939330470315,0.00261350435247365,-0.0230690655088613,-0.019961238644983725,0.0031078268638775747,-0.0215352962191019,-0.02059757396705277,0.00093772225204913,-0.0966793594807026,-0.03373603577063097,0.06294332371007162,-0.0586099867070224,-0.028011432127639214,0.030598554579383187,-0.0878563437211914,-0.039799124964877176,0.048057218756314225,-0.0076281354536744,-0.055406984104940674,-0.047778848651266276,0.0080755061521947,-0.05188278214116159,-0.05995828829335629,-0.0037311510330686,-0.03188848852784668,-0.028157337494778084,-0.047041561063532,-0.023436111020219277,0.023605450043312725,-0.049045408171647,-0.02029604927498559,0.02874935889666141,-0.0301176595412011,-0.08621451177423833,-0.05609685223303723,,-0.04327100612251404,,-0.0236246189044346,-0.06622952389271704,-0.04260490498828244,-0.033753559680108,-0.03973932133381203,-0.005985761653704028,-0.0320284640060424,-0.036579722699051326,-0.0045512586930089236,-0.0668973523818584,-0.05978525672508258,0.00711209565677582,0.0020576176536666,-0.048559879633586364,-0.05061749728725296,0.0145118889609537,-0.04778745971368276,-0.06229934867463646,-0.0342172102769254,-0.08503277340274416,-0.050815563125818766,-0.0051120314729171,-0.031419389099135525,-0.026307357626218424,-0.0070673917806855,-0.03026096834505849,-0.023193576564372993,-0.0288214623040003,-0.03969203750103773,-0.010870575197037432,-0.0268154643978148,-0.04017065031533602,-0.013355185917521224,-0.017542723711824,-0.03700828144441509,-0.019465557732591093,-0.0541588549074794,-0.05220874370009408,0.0019501112073853216
2020-10-01,0.1158694516597491,0.027909436632826502,-0.0879600150269226,-0.023320029841805,0.001171049163733598,0.024491079005538596,-0.0318116662327166,-0.017667253238692178,0.01414441299402442,-0.0264832385720985,-0.022275501491275506,0.004207737080822994,-0.0515803143108242,-0.005945048599487618,0.04563526571133658,-0.009973658320872,0.021948593029351093,0.03192225135022309,-0.0170298680743612,0.019214636548304152,0.036244504622665354,0.0474297289521246,0.03278986834071802,-0.014639860611406576,-0.0248288132324296,-0.0379579753508578,-0.013129162118428198,-0.0252810642527074,-0.0394942100086239,-0.014213145755916503,-0.0542579420084493,-0.004889741380450935,0.04936820062799836,-0.035078049032262,-0.02533261560409476,0.009745433428167239,-0.0159708694633811,-0.01047004001914483,0.00550082944423627,-0.0250926232996251,-0.007113718544919263,0.017978904754705836,-0.1579516260746558,0.009010383074654038,0.16696200914930984,-0.0408577007105752,-0.026382038522133423,0.014475662188441776,,0.0030674030323406512,,-0.0436267377379502,-0.021777031489607898,0.0218497062483423,-0.0827223002007837,0.007594851468304064,0.09031715166908776,-0.0084093999078683,0.009848896516722761,0.01825829642459106,-0.0048727552387029,-0.030284787151108907,-0.025412031912406007,,0.021090527794404484,,0.023830006547784,-0.0051046584486652115,-0.02893466499644921,,-0.039469547756396245,,-0.0440509044866065,-0.036324751335230464,0.007726153151376036,-0.0483081993287408,-0.03875867244169071,0.009549526887050089,-0.0131013873196878,-0.016360722820831692,-0.0032593355011438924,-0.0711103222582668,-0.00884525699166397,0.06226506526660283,,-0.05381620437730337,,-0.0353571880898134,-0.021533121137717253,0.013824066952096144,-0.0093046575518829,-0.007987525030905931,0.0013171325209769685,-0.0083392421415522,-5.118736945071882e-05,0.008288054772101481,-0.0184626697854106,0.0001278702935264019,0.018590540078937002,-0.0171639345341865,0.019586024856870526,0.036749959391057026,0.0293201385359411,-0.007743136984103372,-0.03706327552004447,0.0290547486289475,-0.011711383144503701,-0.0407661317734512,0.005058220458024,0.017020177591458987,0.011961957133434988,0.0433007075664885,-0.019231754864254283,-0.06253246243074279,0.0386282152777728,-0.02053558711489036,-0.05916380239266315,0.004641325749794,-0.004795666599743435,-0.009436992349537435,-0.0252869009898366,-0.030487570875186363,-0.005200669885349764,-0.0325978952499812,-0.03346336338531183,-0.0008654681353306298,1.9992001483439088,0.02282911687431057,-1.9763710314695981,0.0534858074408455,-0.010114335676179496,-0.063600143117025,,0.016834710786633737,,-0.0132695364199187,-0.005292968171570267,0.007976568248348434,-0.0408115153433275,0.007224272114355825,0.048035787457683325,-0.0441162346726319,0.02195520263031739,0.06607143730294929,-0.0580439167054929,0.036878321737767804,0.0949222384432607,-0.0575605674947623,-0.021481772055880758,0.03607879543888154,-0.0608514113571375,-0.023403884195612387,0.037447527161525114,-0.094595525721415,-0.01884477593377264,0.07575074978764236,-0.0322605241183962,-0.03163703762286235,0.0006234864955338495,,-0.006383791427643314,,0.0536561454692326,0.028239814504712142,-0.025416330964520457,0.0326877562596503,-0.003089053543113186,-0.03577680980276349,-0.0130565132776277,-0.0149974950213594,-0.001940981743731699,-0.0292614768351635,-0.028459156736048333,0.0008023200991151662,-0.0318275100022343,-0.030989436517192586,0.0008380734850417133,0.0318490052649864,0.012053896941972743,-0.019795108323013656,,0.026223471254804426,,0.0406658781843489,-0.004781058283653716,-0.045446936468002616,-0.0294044073847191,-0.004166696038875984,0.025237711345843118,-0.0331750211491192,-0.007285920096337769,0.025889101052781433,0.0170876000366595,0.012979691967554767,-0.004107908069104733,-0.0418012747444967,-0.013814774727365215,0.027986500017131485,-0.0431398850274594,-0.021413275806174643,0.021726609221284755,-0.0253334974353019,-0.007922087677968412,0.017411409757333487,0.024077497566988,-0.022039875465311668,-0.046117373032299666,0.0243805581498694,-0.02575283429358752,-0.05013339244345692,0.0077239883849392,0.005231171088933472,-0.0024928172960057273,-0.0086713798484438,-0.0023114058884508644,0.0063599739599929355,-0.0115023281208556,-0.006711662714298875,0.004790665406556726,0.0263071766733488,-0.012565061085705459,-0.038872237759054254
2020-11-01,0.1973441310892206,0.13663611917701282,-0.06070801191220779,0.3316289832059272,0.15542160219530243,-0.17620738101062478,0.1053540554068719,0.07905260515393202,-0.02630145025293988,0.145848201041318,0.14146006931040264,-0.004388131730915346,0.3524535017343283,0.23684503432181328,-0.11560846741251504,0.192518383788909,0.1470503483620228,-0.04546803542688621,0.1949995836665587,0.1466102614137053,-0.04838932225285339,0.1954313819409653,0.09353307405961714,-0.10189830788134815,0.1139819350087105,0.11740553206044683,0.003423597051736338,0.1067846883257963,0.11127823186296908,0.004493543537172781,0.2399806658776777,0.18303665328622565,-0.05694401259145204,0.0881417558793063,0.07453229097282163,-0.013609464906484667,0.1503136596929246,0.14347270711691731,-0.006840952576007281,0.1503598818061282,0.1320303180932789,-0.0183295637128493,0.0716570386993483,0.23696687014236004,0.16530983144301176,0.1534995229469826,0.1033609267639762,-0.05013859618300641,0.14456297471057,0.13915110968623742,-0.005411865024332579,0.2106524951932343,0.1415265989107045,-0.06912589628252983,0.097421616975571,0.196076099862361,0.09865448288678999,0.1391225201074762,0.19751180405951196,0.05838928395203577,0.0641993841403555,0.07170445224891331,0.007505068108557805,,0.1297998522939322,,0.1870769211908816,0.20021817457765362,0.013141253386772023,,0.11840763623835342,,0.1177172688093186,0.14251905954782323,0.024801790738504637,0.1159918528218721,0.13789821757246115,0.021906364750589047,0.082188199787988,0.15262014576084382,0.07043194597285582,0.1356318929095867,0.20864819796968412,0.07301630506009743,,0.12577133236294,,0.0695436234747464,0.0644570712019376,-0.0050865522728087975,0.1673110960714681,0.13487243871166624,-0.032438657359801865,0.1280859364468173,0.13224366295475895,0.004157726507941661,0.1302702312954679,0.1322956824872587,0.002025451191790817,0.1090337123872618,0.13254127800370477,0.023507565616442974,0.1618136238347595,0.18674294780766187,0.024929323972902373,0.1586126511141642,0.1808285127683339,0.022215861654169694,0.1805391940558007,0.19082005232340282,0.010280858267602111,0.0703159766825326,0.14795139723395886,0.07763542055142626,0.0606411441062657,0.12614635990334858,0.06550521579708288,0.1488008168860143,0.12351791149949286,-0.025282905386521434,0.0826867885156048,0.10396184973025757,0.021275061214652766,0.0777533741338847,0.09923650296416549,0.021483128830280793,0.0469655568729502,0.14132610790890066,0.09436055103595045,0.1208309122631637,0.20647616526281232,0.08564525299964862,,0.07911730850373894,,0.1360509802485698,0.1408765996606734,0.0048256194121036045,0.3106109805407372,0.15264264963200927,-0.15796833090872794,0.3063990262321632,0.16791948778334034,-0.13847953844882285,0.2485207086354891,0.18548756239858022,-0.0630331462369089,0.1108524480681788,0.08096333627645998,-0.029889111791718825,0.1043795663601472,0.0763657177236015,-0.0280138486365457,0.1368479573226581,0.13028516748443822,-0.006562789838219868,-0.092167162771413,0.06016801426434104,0.15233517703575405,,0.09857111432409896,,0.1835800533481696,0.21717478493122522,0.03359473158305562,0.1841343317198968,0.13828424292369126,-0.04585008879620553,0.0917058962922204,0.09027465670208036,-0.0014312395901400349,0.0752272395444818,0.11366902082753785,0.03844178128305606,0.0696299107817575,0.10512603646272303,0.03549612568096554,0.2200195855372337,0.19837412423767994,-0.021645461299553748,,0.17591696728232398,,0.1876672984848544,0.20170577439232906,0.014038475907474673,0.1434141298707033,0.13379040162387895,-0.009623728246824337,0.1372299879765306,0.12790395034004104,-0.009326037636489565,0.2321316217143637,0.16220625386119386,-0.06992536785316983,0.1607751864374148,0.14614524195729828,-0.014629944480116536,0.1530421348193953,0.14071198974946517,-0.012330145069930132,0.1589192068046455,0.18834083805440813,0.02942163124976263,0.0549445743989655,0.06687530617706015,0.011930731778094651,0.034408637511724,0.06020632449376782,0.025797686982043815,0.1001382982430013,0.11582148977207953,0.015683191529078225,0.1584545779559952,0.13282706680761797,-0.025627511148377247,0.1477727806788907,0.12202632697235764,-0.025746453706533043,0.115602046453988,0.12424787574854303,0.008645829294555027
2020-12-01,0.0063534268205723,0.06159811663806921,0.05524468981749691,0.0314577255460864,0.04439076063734949,0.01293303509126309,0.0209905265716767,0.02515279841865949,0.004162271846982788,0.03902796083333,0.05560991575037623,0.016581954917046227,0.182657009394148,0.11733810523391283,-0.06531890416023517,0.0648420395714273,0.03455702339266222,-0.030285016178765077,0.0637655687156003,0.03345451598117065,-0.030311052734429647,0.04081390593974,0.030480239605972993,-0.010333666333767005,0.0366323360501083,0.04966339017032965,0.013031054120221347,0.0314706601319872,0.04557259355780238,0.014101933425815179,0.1305485270674946,0.08744298197132991,-0.04310554509616468,-0.0040050271348145,0.015458714278707096,0.019463741413521595,0.0323851743644284,0.04606704712278358,0.013681872758355182,0.0253320677847389,0.04123988378327272,0.015907815998533824,0.0795559133404359,0.09086059377412617,0.011304680433690276,0.0493801766944869,0.032665417764753873,-0.01671475892973303,,0.04901805467381395,,0.0694155286996022,0.0529786970018387,-0.0164368316977635,0.0084268893409105,0.08079010248087512,0.07236321313996462,0.0605909387669691,0.07635599984535463,0.015765061078385524,0.0162406004307453,0.016478781995473667,0.00023818156472836527,,0.0693405777953341,,0.0265809844629073,0.09244067955622112,0.06585969509331382,-0.0330069482997836,0.05966742676394048,0.09267437506372408,0.0794987643667691,0.06270836351745344,-0.016790400849315656,0.0788740655229061,0.06037879574947975,-0.018495269773426352,0.0847218787802223,0.06321802500286117,-0.021503853777361137,0.0892556891186551,0.08828072690456241,-0.0009749622140926839,,0.0597657299934308,,0.0164017663868747,0.015867939391777434,-0.0005338269950972661,0.0343961052872724,0.05998312936299818,0.025587024075725787,0.0418893192232927,0.03616835857996835,-0.005720960643324349,0.0357801891121876,0.035852939686152774,7.275057396517043e-05,0.024901298408976,0.05436921851252089,0.02946792010354489,0.0282273134606216,0.07259273475645006,0.04436542129582846,0.0253714490769787,0.06899568116129685,0.043624232084318156,0.0435690848660725,0.07597755725243023,0.03240847238635773,0.0373068292006604,0.06945439748914546,0.032147568288485064,0.0219575955526365,0.05485736744865011,0.032899771896013605,0.0744272403614765,0.047124253009137654,-0.02730298735233884,0.058998372659052,0.04488323863599578,-0.014115134023056218,0.0579675979357624,0.04086442163057443,-0.01710317630518797,0.0810615791096222,0.06426458633312071,-0.016796992776501485,0.1358537504814575,0.07684485371976371,-0.059008896761693796,,0.039630829260449404,,0.032933632354554,0.058521463598751,0.025587831244197,0.0505045585444263,0.04050795986313734,-0.009996598681288958,0.0409648263272821,0.041395004555014506,0.00043017822773240566,-0.0102134214844096,0.05492355679144597,0.06513697827585557,0.0356205625728764,0.033446635061401386,-0.0021739275114750142,0.037854181614781,0.029962623867648863,-0.007891557747132134,-0.150786086015985,0.06916999376324041,0.21995607977922543,0.0472832197196936,0.020369425324255324,-0.026913794395438274,,0.027316820881418055,,0.0483372891550039,0.08476206207813047,0.036424772923126576,0.0590638940333939,0.049040830180872755,-0.010023063852521143,0.0435375988448878,0.0313508308429212,-0.012186768001966601,0.0118067960188304,0.051563385311255885,0.03975658929242548,0.0086186381298232,0.047835458593268876,0.03921682046344568,-0.0510956416315981,0.0710052062179877,0.1221008478495858,,0.07412722800098703,,0.0361960067084408,0.07342076664842198,0.03722475993998118,0.0472305929178396,0.04515580857168831,-0.0020747843461512844,0.0443198281009829,0.04280773460582325,-0.0015120934951596485,0.0578709235110388,0.05479636577355444,-0.003074557737484357,0.0177889684061042,0.05149368505862669,0.03370471665252249,0.0155841318588995,0.04838925867450319,0.032805126815603686,0.105270265779234,0.06365188983257097,-0.041618375946663025,0.0085635282892743,0.018414394304984538,0.009850866015710238,0.0040151321245395,0.015107637668867307,0.011092505544327808,0.0573156499242704,0.04725639644603563,-0.010059253478234768,0.0247108672636927,0.0521764595397738,0.027465592276081103,0.0147071267117169,0.047247133594302965,0.03254000688258606,-0.0247314287261622,0.044246644723515784,0.06897807344967799
2021-01-01,0.0310157698733156,0.05880309105280379,0.027787321179488192,-0.0610363669694474,0.017063407967911014,0.07809977493735841,-0.033313848723717,-0.009894856172704913,0.02341899255101209,-0.0516917650397191,0.0028237682464303093,0.05451553328614941,0.0979184364941693,0.015902138297360233,-0.08201629819680907,-0.0280803386343841,0.014760154099227055,0.04284049273361115,-0.0301473519325718,0.012051321127615124,0.042198673060186924,0.0223833668943536,0.035054630733025775,0.012671263838672175,-0.0098805327828265,-0.03155772867749172,-0.02167719589466522,-0.0130841326840498,-0.03666934303011387,-0.02358521034606407,0.0969185721806653,0.04704861879717804,-0.04986995338348726,-0.0144330101288668,0.0006722462116722575,0.015105256340539058,-0.0196240769782297,0.004984757982364986,0.024608834960594683,-0.0297427914518502,0.016181871135951403,0.045924662587801604,0.215404759415627,0.06861547513398475,-0.14678928428164226,-0.0251753155911171,0.014032330380225704,0.039207645971342804,,0.04930423808433311,,0.0118569751806258,-0.0028663379401353785,-0.014723313120761177,0.0790594707382494,0.02845939877543792,-0.05060007196281148,-0.0070171632166989,0.031227781778188732,0.038244944994887634,-0.0597880341454617,-0.00754562117287089,0.052242412972590815,,0.0919444861977844,,0.0025931284253394,0.035605710365782514,0.03301258194044311,0.1372704808000138,0.05591162008963896,-0.08135886071037485,0.0075555968261358,-0.027820745957093815,-0.03537634278322961,0.0066402483909352,-0.03208464499492638,-0.03872489338586158,0.1037058227544009,0.0333843148739981,-0.07032150788040281,-0.0243963978120388,0.0055351124132337615,0.029931510225272562,,-0.042114099024127175,,-0.0090057107722467,0.010263219605536375,0.019268930377783076,0.0883677060967644,0.05036587994089521,-0.038001826155869195,-0.031428935760514,0.01339699658350773,0.04482593234402173,-0.0299340419918236,0.013232742589709613,0.04316678458153321,-0.0244400265796431,0.03718817669840628,0.06162820327804938,0.0201935249722483,0.024656440590089868,0.004462915617841567,0.0171433848596866,0.019554483845657035,0.002411098985970434,0.1958720633104023,0.04944024063519026,-0.14643182267521204,0.0514775763701957,0.01704929068260294,-0.034428285687592756,0.0590597560679046,0.004215270420458452,-0.054844485647446144,0.081302891129947,-0.038844592986132465,-0.12014748411607946,0.0024461677299858,0.009507942899603487,0.007061775169617687,-0.0004021830786887,0.006026420224750879,0.006428603303439579,0.3983172995700356,0.09209448191865244,-0.30622281765138315,0.0155475978005291,0.04760991855400985,0.032062320753480755,,0.06264325464478387,,-0.019369820914297,0.022726764800154908,0.042096585714451906,0.0329942609420018,0.04735980401417997,0.014365543072178168,0.0242287638504991,0.06241832688303288,0.03818956303253378,0.1564764420615902,0.0675152767109097,-0.0889611653506805,0.037541864007061,0.01282600666504382,-0.02471585734201718,0.0373957546023409,0.010051716809188517,-0.027344037793152386,0.1513976158046399,0.036937045384279436,-0.11446057042036045,-0.0253275524352271,0.015272187268578798,0.0405997397038059,,0.02478399645380617,,0.0317035822453841,0.030603251119961747,-0.001100331125422356,0.0337142928343753,0.01500995551182896,-0.01870433732254634,-0.0264197650014629,-0.013053408588361565,0.013366356413101336,0.0685494572651407,-0.012929266351369016,-0.08147872361650971,0.0666877614006705,-0.018572665882635456,-0.08526042728330595,0.1142361133566732,0.045836244119417856,-0.06839986923725536,,0.0657229749532087,,-0.0266724744237706,0.030666075992444065,0.05733855041621466,-0.0079145713166474,0.005420243040595815,0.013334814357243215,-0.0092757700445341,0.0023941068397870403,0.01166987688432114,0.0689691155520235,0.03998113504168,-0.028987980510343493,-0.0485832395621285,0.012119237911374463,0.060702477473502964,-0.0620152962624536,0.005206904507540938,0.06722220076999454,0.114985244121926,0.05705657605825819,-0.05792866806366781,0.0019063618955232,0.0005959429071232432,-0.0013104189883999568,0.0141838270223535,-0.002206747897918252,-0.016390574920271753,-0.0094284411498696,0.031156772269353074,0.04058521341922267,-0.0174955968798146,0.024197402936143347,0.04169299981595795,-0.0313317220477357,0.01837709249417229,0.04970881454190799,0.1165005360509666,0.009959703085986841,-0.10654083296497975
2021-02-01,0.1346828935548543,0.06561120367092949,-0.06907168988392481,0.1045810521453957,0.07406125759099005,-0.03051979455440565,0.0070026699681186,0.01961629043080872,0.012613620462690121,0.0306325243620767,0.027964348951687038,-0.0026681754103896616,-0.0801118158088154,0.06744946886964188,0.1475612846784573,0.1242908586733496,0.1060610481798875,-0.018229810493462104,0.1238459398408993,0.10424962061410221,-0.019596319226797082,0.0777057729251687,0.07280809480562413,-0.004897678119544571,0.0430225867871641,0.011395781089429978,-0.03162680569773412,0.0439207433998549,0.010508693113773306,-0.03341205028608159,0.2002424951030022,0.03485725081188462,-0.1653852442911176,0.0120790380336913,0.0061404248339817485,-0.0059386131997095516,0.039102400681239,0.05267300391208756,0.013570603230848563,0.0333198951898929,0.04723034984862124,0.013910454658728338,0.2187587501134022,0.08161820684980423,-0.13714054326359798,0.0342667499933565,0.008468829429075576,-0.025797920564280923,0.0629025625848903,0.04285455330038117,-0.02004800928450913,0.0433585481596854,0.03476072214695622,-0.008597826012729182,0.0255761111699052,0.07783897649309998,0.05226286532319478,0.0767333974193946,0.08425227582450996,0.0075188784051153645,0.0160542305364643,0.001605101750892032,-0.014449128785572267,,0.03048668250718728,,0.0529025300202359,0.051815882794650915,-0.0010866472255849843,-0.0637617396347127,-0.045811064244291336,0.01795067539042136,-0.0242789885884285,0.020109917322854175,0.04438890591128268,-0.0282718386232723,0.017230416534786592,0.04550225515805889,0.1540897243665817,0.0230313428934637,-0.131058381473118,0.1047195493572956,0.07124547922136788,-0.03347407013592772,,-0.008220902207757359,,-0.0010821363729304,0.0015067946770691235,0.0025889310499995237,-0.0496313763916338,0.018934241614559647,0.06856561800619344,0.0524356175171696,0.0636510873562352,0.0112154698390656,0.0434875301001796,0.0642442240406427,0.020756693940463103,0.0809042747801384,0.06363327287507217,-0.017271001905066224,0.1135175322845575,0.059146261778392634,-0.05437127050616487,0.1213326916105639,0.05480227086930261,-0.06653042074126128,0.091609610172584,0.07703713925407574,-0.01457247091850826,-0.0212786498969998,0.02102747878932942,0.04230612868632922,-0.0330692125278597,0.02082972613347072,0.05389893866133042,0.0477914994187948,0.06574787535644583,0.01795637593765103,0.0148217448021064,-0.003469839337710088,-0.018291584139816488,0.0096338692317014,-0.006200735887687409,-0.015834605119388806,-0.015637712209634,0.043315140828313614,0.05895285303794762,0.1422580063890488,0.05822775054730982,-0.084030255841739,,0.01873870810547254,,0.07206650840006,0.04036788835271302,-0.03169862004734698,0.2298129251387834,0.06891273715157191,-0.1609001879872115,0.2283466651253431,0.09340706966211733,-0.13493959546322576,0.3092197671805445,0.11048431335595779,-0.1987354538245867,-0.0268732999308396,-0.00023777091709230487,0.026635529013747293,-0.0312154807264227,-0.002149345426277428,0.029066135300145273,0.043979084022346,-0.005683492761555166,-0.049662576783901166,-0.1132570584633803,-0.020538451089357417,0.09271860737402288,,0.0320798512809267,,0.1624234018483422,0.11734670325966533,-0.04507669858867687,0.0678802556715338,0.05097538563724978,-0.016904870034284022,0.0542158629833526,0.027218695802285267,-0.02699716718106733,-0.0336589303888812,0.011148408383847494,0.044807338772728696,-0.0330190605626315,0.0071497693888266396,0.04016882995145814,0.0193442094698823,0.08016122585959717,0.06081701638971487,,0.07764684763932972,,0.1374119224905328,0.0701560420375157,-0.0672558804530171,0.0597330652588874,0.0557189801641781,-0.0040140850947092965,0.0534487582367184,0.05078828960035931,-0.0026604686363590896,0.1005930670411364,0.07425754997307304,-0.02633551706806335,0.0913645591958227,0.043170188492837276,-0.04819437070298543,0.0917504968397707,0.0346123248153272,-0.0571381720244435,0.09315031093439,0.048250225509385944,-0.04490008542500405,-0.0369489475194812,0.004887292002778148,0.041836239522259344,-0.0468879471161939,-0.0010011815042022532,0.04588676561199165,-0.046155653148833,0.039439399113187834,0.08559505226202083,0.0283053205441724,0.04261926485844848,0.014313944314276083,0.0260956563681855,0.03551590653093033,0.009420250162744826,0.119002826742589,0.03225743626546589,-0.0867453904771231
2021-03-01,0.0237471343495647,0.02873672324059292,0.00498958889102822,0.1001447140144322,0.07300497559908298,-0.027139738415349224,0.1064228984517257,0.04371435151854216,-0.06270854693318353,-0.0062619399961931,0.06146378354076642,0.06772572353695952,0.0146131253191896,-0.0020601876932927997,-0.0166733130124824,0.0551036054448161,0.0664658763179384,0.011362270873122304,0.0546059907064166,0.06597390373812521,0.011367913031708615,0.0661324951752997,0.02847821153234805,-0.037654283642951654,0.0010095134137442,0.004545983715721831,0.0035364703019776307,0.0054880337389306,0.00934510060074267,0.0038570668618120698,-0.0351756376072763,-0.05628914060938615,-0.021113503002109846,0.0877367147861418,0.0715728963703458,-0.01616381841579599,0.077438085244654,0.06680262242746608,-0.010635462817187913,0.0778840082971003,0.07517913932873806,-0.0027048689683622368,-0.0836940844316435,0.013196178046102925,0.09689026247774643,0.0249182197912357,0.05154968092380815,0.026631461132572448,,0.018631955400567793,,0.0871717079774102,0.03710977461113224,-0.050061933366277955,0.1529011372678856,0.06647000773123028,-0.08643112953665531,0.0886960297665051,0.07156069551044221,-0.017135334256062895,0.067791602062301,0.06712471784588256,-0.0006668842164184452,,0.051987844577730064,,0.0317946623825998,0.02804061558145906,-0.003754046801140741,-0.0050099809510063,-0.08972150320192265,-0.08471152225091635,0.0087274268003127,0.02814082491361032,0.01941339811329762,0.0088484287145845,0.02966667458450893,0.02081824586992443,-0.0397114317572349,-0.03270816957458431,0.007003262182650585,-0.0311821396799933,0.0006749029264682196,0.03185704260646152,,-0.030924881153237674,,0.0718374072293946,0.05368132716354432,-0.01815608006585029,0.0316952829112364,0.01994865722715559,-0.011746625684080806,0.0791355764441956,0.0607218628488521,-0.018413713595343495,0.0894109360520379,0.06430737564322435,-0.02510356040881355,0.0774142495091517,0.01488309226163918,-0.06253115724751251,0.0750176224750572,0.05735551786369076,-0.017662104611366435,0.0860254506216145,0.05930828946221329,-0.02671716115940121,-0.0130855643030697,0.007242871093945071,0.02032843539701477,0.0118083455193811,0.011222607644446596,-0.0005857378749345044,0.0146687496057017,0.024498637664254315,0.009829888058552614,-0.0138106143751639,-0.06468076836110156,-0.050870153985937666,-0.0013817724080039,0.00691152941182494,0.00829330181982884,0.0041219685463359,0.015318594588744842,0.011196626042408942,-0.087927675206745,0.0570981795354738,0.1450258547422188,-0.0318576839086452,0.0660581380964147,0.0979158220050599,,0.061918704414558774,,0.0561156374719299,0.03484521872054268,-0.021270418751387223,0.0281175373121346,0.10209407180673451,0.0739765344945999,0.0318932137224059,0.11187683940056249,0.07998362567815659,0.0207927824756132,0.07475342473667317,0.05396064226105997,0.0008276380755512,0.014356925319054494,0.013529287243503295,0.0080691710921517,0.019875122799369115,0.011805951707217415,-0.1356784837487277,-0.14896396579767365,-0.013285482048945946,0.0593423180874521,0.054945818083850934,-0.004396500003601166,,0.050870055004839244,,-0.0415040819034094,0.05993248147201242,0.10143656337542181,0.0120309810216868,0.0677261529802035,0.0556951719585167,0.0280909022799732,0.05560921928279247,0.027518317002819273,0.052199330501702,0.01790343480242727,-0.03429589569927473,0.0488388747651002,0.016115359850227672,-0.032723514914872534,0.1090441379780069,0.04558961807533656,-0.06345451990267034,,0.06692972114752324,,0.2073419668419164,0.07209707067608019,-0.13524489616583618,0.0539687557613293,0.04004765017453723,-0.01392110558679207,0.0570221159055148,0.036742381358372295,-0.020279734547142506,0.0066983810234413,0.04012008143051226,0.03342170040707096,0.0617215597540056,0.05364519114188103,-0.008076368612124574,0.0606239862804183,0.04782934727758729,-0.01279463900283101,0.0235154213774262,0.033674847279532225,0.010159425902106025,0.096282021943504,0.04809393538222183,-0.04818808656128218,0.0959993047991688,0.04901474670049025,-0.04698455809867855,0.0386119079841658,0.0395118755384427,0.0008999675542769037,0.0822860599689551,0.05208599524451346,-0.030200064724441644,0.0824800893171922,0.05085268022605035,-0.031627409091141846,0.0187805972760183,0.015861577633696847,-0.002919019642321455
2021-04-01,0.0304654323628388,0.019809009099761944,-0.010656423263076857,0.0108475902499776,0.04868779488899522,0.03784020463901762,0.0588891899835297,0.04521762645980807,-0.013671563523721626,0.0386558527376794,0.05143981902621097,0.012783966288531567,0.0432707486237487,0.07429546230434676,0.03102471368059806,0.056353907898613,0.050432801300071675,-0.005921106598541323,0.0588923870752068,0.05261273014297463,-0.006279656932232168,0.0007053656470736,0.0008685180237027711,0.00016315237662917106,0.0782688200473367,0.07133296978662146,-0.006935850260715248,0.0820466209917921,0.07516540012452783,-0.006881220867264268,-0.0629411507488411,-0.010194676804613435,0.05274647394422767,0.0232523437820915,0.02282825813187266,-0.0004240856502188417,0.0351159139841133,0.05063242390540961,0.015516509921296308,0.035641549686285,0.03850943990912606,0.002867890222841056,0.0373641166553161,0.0023759532466792847,-0.03498816340863682,0.0319212537343555,0.031002018776539464,-0.0009192349578160328,,-0.01344904447238915,,0.0228036278396082,0.05662671124850797,0.033823083408899765,0.0652947878365535,0.054056776003761756,-0.011238011832791744,0.0588360190983477,0.05141295347213916,-0.007423065626208543,0.0226816893643164,0.03674489450585364,0.014063205141537236,,0.004328092472491496,,-0.0106562721343174,0.047317023545068095,0.05797329567938549,-0.1252975961029079,-0.07229648239553728,0.05300111370737061,0.0382765128744854,0.08381176929251803,0.04553525641803263,0.0414581603311548,0.08639716385693083,0.04493900352577603,-0.1423924279002734,-0.0028228242877560194,0.13956960361251738,-0.0025117107953946,0.07124737683388437,0.07375908762927896,,0.06918338965763185,,0.0278326177806668,0.023505518241585657,-0.004327099539081142,0.029570647326317,0.011788133073410903,-0.017782514252906098,0.0656667762702917,0.04295091449718501,-0.022715861773106694,0.0682198874676003,0.04385825161908663,-0.02436163584851367,-0.0050549652242357,0.009904516386478735,0.014959481610714434,0.0251808876756135,0.05418883466294657,0.02900794698733307,0.0218913596458675,0.0579447283557806,0.0360533687099131,-0.0668986230928712,-0.006940200888535065,0.059958422204336136,0.0460860819462117,0.04297497474789953,-0.003111107198312167,0.0499619601974971,0.04943828105155875,-0.0005236791459383508,-0.1280951504908181,0.05500776571580647,0.18310291620662456,0.0697950818217521,0.033344621526769466,-0.03645046029498264,0.07619799320201,0.036208266556590214,-0.03998972664541978,-0.1287459268222808,-0.007943132603305187,0.12080279421897562,0.0470031175143569,0.05114334926453537,0.004140231750178469,0.018158908112017,-0.0218818576855138,-0.0400407657975308,0.0240402387119135,0.03632409986581211,0.01228386115389861,0.00382128473763,0.025948221793482606,0.022126937055852607,0.0041078227348835,0.02324013039012693,0.01913230765524343,-0.1134247737650292,-0.001598146251343887,0.11182662751368531,0.0098006358093826,0.027536097621639007,0.01773546181225641,0.0138435042454879,0.02955755789039035,0.01571405364490245,-0.1117119804388231,-0.052933296181495317,0.05877868425732779,0.0559515314885001,0.02550535193283671,-0.03044617955566339,,0.02321053248462475,,0.0391598835467657,0.05515338782877829,0.015993504282012586,0.0758882323681202,0.03777864586350846,-0.03810958650461174,0.0492268185664699,0.050300698703492706,0.001073880137022809,0.0775939302793525,0.057962315627537175,-0.01963161465181533,0.0810219624858116,0.06072716023661704,-0.02029480224919456,-0.0068022283866016,-0.003013673648267452,0.003788554738334148,,0.025047637737174163,,0.0156776990111623,0.051204322370727556,0.03552662335956526,0.0641073502496783,0.04835527151932514,-0.015752078730353163,0.0643167547541876,0.050640138717670716,-0.01367661603651689,0.0366095853453951,0.01337506605206385,-0.02323451929333125,0.0467801894570467,0.047708208665285565,0.0009280192082388658,0.0499053535861247,0.05055621255178828,0.000650858965663581,0.0057111805104905,-0.00909288159372211,-0.01480406210421261,0.0405515206436367,0.030840254888671762,-0.009711265754964938,0.0474419307546119,0.03212782310665591,-0.015314107647955988,0.0185749558550577,0.011684539305881744,-0.006890416549175955,0.0493040248931382,0.0347157668554794,-0.0145882580376588,0.0560759881640135,0.03733661637318733,-0.018739371790826166,0.0349752095308877,0.013775191409582619,-0.021200018121305085
2021-05-01,-0.0561517930569309,0.03031365033053173,0.08646544338746263,0.0540163639914625,0.04023082036052507,-0.013785543630937432,0.0043392050370798,0.012154683271358973,0.007815478234279173,0.0041971671445069,0.012938278973171435,0.008741111828664536,-0.0500628368354094,-0.024141586114431964,0.025921250720977437,0.0461002641255966,0.04948186667450645,0.0033816025489098525,0.0472505622027781,0.04828169533054557,0.0010311331277674668,0.0386678227773899,0.030493989024109346,-0.008173833753280554,-0.0077485455217812,-0.02568052565257573,-0.017931980130794528,-0.0050899612512328,-0.02362485046851416,-0.018534889217281362,-0.0777730865264465,-0.04211368181391556,0.03565940471253094,0.0281451894612108,0.025366176672613962,-0.002779012788596838,0.0588224628039049,0.02620320800297774,-0.03261925480092716,0.0636550583354258,0.03464321349795222,-0.02901184483747358,0.1125987948577899,0.008597321809555025,-0.10400147304823487,0.0064408543478137,0.01736875218667271,0.010927897838859009,,0.011596438167153071,,0.0112414684436697,0.003329612498235452,-0.007911855945434247,-0.0238987624014373,0.02812650579613747,0.052025268197574775,-0.0005772593315492,0.03448692573206823,0.03506418506361743,0.0016406071168265,0.020867417579187475,0.019226810462360976,,0.043459813649543835,,-0.0179024714952531,0.002282281669935342,0.02018475316518844,-0.0848028390203719,-0.07056372723261656,0.014239111787755346,-0.0117650195126122,-0.015614593162647784,-0.003849573650035583,-0.0132669971452295,-0.016132229936873334,-0.0028652327916438344,-0.0391483398852987,-0.028693580572258726,0.010454759313039973,0.0088368853533123,-0.014569534576035027,-0.023406419929347326,,-0.05708073437059968,,0.033845901594723,0.022693915505648022,-0.011151986089074976,0.0427005823604285,0.0085966205899564,-0.0341039617704721,0.0209606799245636,0.0341647270336123,0.0132040471090487,0.0276488862680367,0.03610171752935369,0.00845283126131699,0.0133900577480224,0.012727490810641128,-0.0006625669373812714,0.0295880591021228,0.021298577672294833,-0.008289481429827966,0.0349441812595464,0.021005479481303713,-0.01393870177824269,0.0057417714580153,0.0020301758668033456,-0.0037115955912119542,0.008779109189686,-0.010565297116518746,-0.019344406306204744,0.0151866624004689,-0.0028257920232173193,-0.01801245442368622,-0.0223746164448279,-0.048729406885005294,-0.026354790440177394,-0.0322824740751448,-0.011687292045835554,0.020595182029309246,-0.0297261861795152,-0.008043373404034099,0.0216828127754811,-0.0150559144237095,0.04711006697623066,0.06216598139994016,0.0831896195103626,0.0333311812227665,-0.049858438287596105,,0.038440705825950765,,-0.0139605148883394,0.011098763530365109,0.02505927841870451,0.0717953026938408,0.06456047236606614,-0.007234830327774652,0.0695803249848075,0.08110642204660014,0.01152609706179264,0.1563220904102125,0.05970150530549145,-0.09662058510472105,0.0109528936175565,-0.000634991661511099,-0.0115878852790676,0.0157008649632873,0.0019538182569572085,-0.01374704670633009,-0.0727638478873462,-0.09628440985566863,-0.02352056196832243,0.1617956022377775,0.0193773491959856,-0.1424182530417919,,0.02985854625291487,,-0.0025518306673632,0.033589874111523886,0.036141704778887083,0.0410037889926697,0.02799285831394495,-0.013010930678724754,-0.0218201520137646,0.015268887360592474,0.03708903937435708,-0.0318670849782851,-0.013243544431931379,0.018623540546353724,-0.0364395379850565,-0.015297468143506368,0.021142069841550135,0.1148982413309974,0.01950478612614883,-0.09539345520484857,,0.04648290763934149,,0.0960830080206171,0.03144060510368508,-0.06464240291693202,0.040713986055639,0.016436125114387374,-0.024277860941251627,0.0484898060343585,0.014043545696142353,-0.03444626033821614,-0.0055182001804549,0.025837155260019663,0.03135535544047456,0.0331060208781462,0.01897570206034392,-0.01413031881780228,0.0313426226309182,0.012793013321771352,-0.01854960930914685,0.0159486222923873,0.014612254771816723,-0.0013363675205705777,-0.0040919483343206,0.016342803378160575,0.020434751712481176,-0.0052982910907088,0.015849859829584874,0.021148150920293672,-0.0204038997962799,0.018381443038077008,0.0387853428343569,0.012889065736127,0.02273231738022506,0.009843251644098062,0.0087671062780771,0.020648590406601556,0.011881484128524456,0.0552258877358734,-0.004495530699569739,-0.05972141843544314
2021-06-01,-0.0189555758114424,0.011015297394809054,0.029970873206251455,-0.0302087723583551,-0.014425737546508475,0.015783034811846626,-0.0050373298355978,0.014943328763622797,0.0199806585992206,0.1034166509482174,0.025724161877432435,-0.07769248907078496,0.0423995095071083,0.07451230780389108,0.03211279829678278,-0.0311802106677612,-0.036358358290038535,-0.005178147622277335,-0.0297457418141506,-0.035064527316634606,-0.005318785502484005,0.0056909326058693,-0.03366869448512903,-0.039359627090998335,0.065657486594123,0.05727631636413863,-0.008381170229984372,0.0660772688615331,0.05611969259082775,-0.009957576270705357,0.0097345649308177,0.03160790759531847,0.02187334266450077,-0.005279801898485,-0.008403140041023684,-0.0031233381425386847,-0.0423049615214798,0.001499320940738523,0.04380428246221832,-0.0414872747343111,-0.005820246106264479,0.035667028628046625,-0.0532166880691517,-0.006181217540734778,0.047035470528416924,0.0033149484401267,0.014951587153484172,0.011636638713357472,0.0831565235174223,-0.01752823604950198,-0.10068475956692427,0.004653034017296,0.028762665474203655,0.024109631456907657,-0.0344485992088733,0.015176946864531977,0.049625546073405274,-0.0326065022875173,0.004539674793209927,0.037146177080727226,-0.0020892284692968,0.006406718976514415,0.008495947445811215,,0.03065550171399887,,0.0551983052478814,0.04581613256261576,-0.009382172685265637,0.0371685513551319,0.026923530839211923,-0.010245020515919974,0.0863035002802287,0.06314289094194965,-0.023160609338279056,0.0881486996241106,0.06433682887750686,-0.023811870746603736,-0.1196312172037026,0.02037896372217493,0.14001018092587753,0.0374659162492421,0.04726954590137914,0.00980362965213704,,0.0791305175006183,,-0.0295682240245211,0.0058204376414700155,0.03538866166599112,0.016683405861339,0.028782588628411838,0.01209918276707284,-0.0355042952795807,-0.012716937635624967,0.02278735764395573,-0.0375223592951282,-0.013567390105357001,0.0239549691897712,-0.0338150653785946,-0.005371293244332682,0.028443772134261917,-0.0082897524070479,0.02218914090277145,0.03047889330981935,-0.01190560155043,0.024056193521780067,0.03596179507221007,-0.0732590681903125,-0.017664816430152174,0.05559425176016032,0.0556014795802827,0.051007344357736926,-0.004594135222545773,0.0570993360742344,0.04173328864451507,-0.01536604742971933,0.0847194439102654,0.024811340009473035,-0.05990810390079236,0.0297028274094258,0.04480937183234705,0.015106544422921253,0.0264513394218577,0.04311345781904569,0.016662118397187994,0.0727380973146579,0.003900549266055967,-0.06883754804860193,-0.0543972610831313,0.023997057323998074,0.07839431840712938,,-0.011144304165933126,,0.046817515875927,0.0220850059671802,-0.024732509908746803,0.0582125375544173,-0.03180138211355284,-0.09001391966797014,0.0547236893138824,-0.04871509889472126,-0.10343878820860367,0.0977837214463711,-0.0610274312762071,-0.1588111527225782,0.0493115587968449,0.03294861200743818,-0.016362946789406724,0.0535071106329373,0.031507751715453204,-0.0219993589174841,-0.0100594617660899,0.036187964638627924,0.04624742640471782,-0.1360264729601582,0.02637895191432704,0.16240542487448525,,-0.004800756825860164,,0.0032730949218604,-0.005583594659052151,-0.008856689580912552,-0.0245576186979487,-0.001714970818678888,0.02284264787926981,0.0096260554643574,0.01338911588031036,0.00376306041595296,0.0423006173995211,0.051011403974267885,0.008710786574746783,0.0447262231629354,0.053212612437407804,0.008486389274472407,0.0225911381187122,-0.033865363095687204,-0.05645650121439941,,0.001662448738714524,,-0.0484236087437136,0.008264141292029988,0.056687750035743584,0.0193833414900192,0.006868788684825008,-0.012514552805194193,0.021347375549817,0.010982255990236734,-0.010365119559580265,0.0239386154616719,-0.02152160312865352,-0.04546021859032542,-0.0414594125695873,0.014295165223502744,0.055754577793090045,-0.0446773462013513,0.019526318911226085,0.06420366511257738,0.0588284365676061,-0.018143046238392004,-0.07697148280599811,-0.0090172065703956,0.010214237077080017,0.019231443647475616,-0.0060536432564707,0.012289546203169282,0.01834318945963998,0.0338371339049959,-0.0007783623898920933,-0.034615496294888,-0.0073655523667576,0.011777520840626337,0.019143073207383936,-0.0045552635445114,0.01491932050351348,0.01947458404802488,0.0107966573251544,-0.0005105823682273044,-0.011307239693381703
2021-07-01,-0.0343270427026212,-0.02350997377413692,0.010817068928484278,-0.0166023514411166,0.0007891879438529875,0.01739153938496959,0.0534420213762643,0.028431063051635286,-0.02501095832462901,0.0596408719053084,0.03211023903645619,-0.02753063286885221,-0.00629698681446,-0.005425606583487855,0.0008713802309721456,-0.0099538650140783,-0.017146330731660192,-0.007192465717581892,-0.0089718980437213,-0.01586646802417311,-0.00689456998045181,-0.0042498779433846,-0.03614173402248629,-0.031891856079101694,0.0404597105228601,0.027926523340414705,-0.012533187182445393,0.0471131252214633,0.03402169202131702,-0.013091433200146281,-0.1098476627327944,-0.0811209852505331,0.028726677482261292,-0.0188797661865379,0.029202809277702593,0.048082575464240496,0.0110056377371879,0.01614504858621811,0.005139410849030211,0.0199372304382275,0.015656373504601286,-0.004280856933626214,-0.0262191116531329,-0.0774080978676771,-0.05118898621454421,0.0028987082006428,0.017222479067546384,0.014323770866903583,-0.0902611764505924,-0.051204326421239926,0.03905685002935247,0.0262398955112715,0.015924678975916998,-0.010315216535354502,0.0405608699764436,0.008188109140812428,-0.03237276083563117,0.0018206929650998,0.0021509732144428598,0.0003302802493430597,0.0357234399944274,0.03978762670716443,0.0040641867127370335,,-0.0026710437529502452,,0.0199596753339562,-0.004311482506767563,-0.024271157840723763,-0.179579260762777,-0.10245881603520784,0.07712044472756915,0.0320719316272931,0.04454081233267285,0.01246888070537975,0.0343954391261555,0.049195662777029546,0.014800223650874043,-0.0921174063196114,-0.061582477019011435,0.03053492930059997,-0.0875876978453797,-0.016502106979605954,0.07108559086577375,,0.018402021314292735,,-0.0221308543673464,0.023102779843537695,0.0452336342108841,-0.0062272959528405,-0.01667800976514605,-0.010450713812305551,0.0046803037322054,-0.0009092927422031643,-0.005589596474408564,0.0091695131555658,0.001372526707309117,-0.007796986448256683,0.0070783051566529,-0.036060140340339226,-0.043138445496992125,0.0132324639469245,0.006619806860862168,-0.006612657086062333,0.0157057628130111,0.012329574198154333,-0.0033761886148567684,-0.0422427798549808,-0.06851425681962173,-0.026271476964640925,0.06479461708325,0.003999369172836727,-0.060795247910413276,0.0733274474704934,0.017126926803464497,-0.0562005206670289,-0.1984632664358296,-0.0463644353327935,0.1520988311030361,0.0472410484563539,0.006511753013002189,-0.04072929544335171,0.0547117009289314,0.013870627946738257,-0.04084107298219314,-0.1496856658341607,-0.0213359040169772,0.1283497618171835,0.0069919701449064,-0.0018894234634527943,-0.008881393608359194,,0.0005547803999171735,,0.0011478256838913,0.0011834124575105045,3.55867736192045e-05,-0.0920963743977103,-0.000947336472826194,0.09114903792488412,-0.085192150184693,-0.01553347600351914,0.06965867418117386,-0.1022259235764314,-0.055619987923410705,0.046605935653020694,0.022578359203905,0.007943466571302437,-0.014634892632602562,0.0324915943649395,0.013018034337858019,-0.019473560027081484,-0.1323531986366328,-0.1355564181310993,-0.0032032194944665027,0.0131131541245712,0.03753154552301735,0.02441839139844615,,-0.00024755449895693185,,0.0416595422594681,-0.016548426838158447,-0.058207969097626544,0.0093477429410231,0.013749267455598194,0.004401524514575093,0.0649557178789624,0.036884442317085285,-0.028071275561877114,-0.0064589997743805,0.02865273254666891,0.03511173232104941,-0.0049377491953736,0.03281404262084458,0.037751791816218176,-0.0737598488252044,-0.05105449656014353,0.022705352265060867,,-0.011606641223306841,,0.0569745063319474,0.0018787223199289767,-0.05509578401201842,0.03074681351628,0.0012351055573613628,-0.029511707958918637,0.0355569807438629,0.0036663533120283136,-0.03189062743183459,-0.0351888718294658,-0.038313242454938126,-0.003124370625472328,-0.0393384057107796,0.011221451729812747,0.05055985744059235,-0.040575717541592,0.013531013763813056,0.054106731305405054,-0.0907123406726572,-0.05609454760310494,0.034617793069552254,0.0191423672037566,0.02592742397492593,0.006785056771169331,0.0250981947559448,0.030290426903108403,0.005192232147163602,0.0379207173573979,-0.007670820615526692,-0.045591537972924596,0.0167741739448525,0.008539201225303994,-0.008234972719548508,0.0249711618817266,0.014107516851937027,-0.010863645029789573,-0.048557262858018,-0.021493264000309695,0.027063998857708306
2021-08-01,0.0270763081005262,0.02758871902109311,0.0005124109205669122,-0.0102530845090402,0.031156479361809493,0.041409563870849694,0.0296719430438976,0.02306844252446035,-0.006603500519437248,-0.0058462433424587,0.022578367799381334,0.028424611141840035,0.0347673233706294,0.055089794189437755,0.020322470818808357,0.014291340283986,0.040162822621880756,0.025871482337894755,0.0130973721683313,0.04126203213665183,0.028164659968320533,0.0115616725773747,0.008710089293383431,-0.0028515832839912693,0.0427530598459129,0.041491618525881284,-0.0012614413200316144,0.0441239734588979,0.04276166552253407,-0.0013623079363638338,-0.0144051849026453,0.004703723335441908,0.019108908238087207,0.028144202141539,-0.0005176320117656046,-0.028661834153304602,0.0104267197882633,0.026687970755291848,0.01626125096702855,0.0141625979605268,0.018251910289493637,0.004089312328966838,-0.0458432787723224,0.012100319348065209,0.05794359812038761,0.0078553668685641,0.013640757221072239,0.005785390352508139,0.0278302642245333,-0.005797023674372228,-0.033627287898905525,0.0324470720421245,0.032824649594913394,0.000377577552788895,0.0144424651562494,0.034086257147702304,0.019643791991452903,0.0482936423430574,0.03321214443499408,-0.015081497908063318,0.0027249843523168,0.00973197515447342,0.00700699080215662,,0.014393629630073871,,0.0325184086466849,0.03419713955917149,0.0016787309124865896,-0.0368357300063199,-0.04537842819597923,-0.008542698189659331,0.0440877993705912,0.04661010268712107,0.0025223033165298683,0.0450505649094162,0.047177934626293355,0.002127369716877152,-0.0240619246603499,0.004660706404305475,0.028722631064655377,0.1098306656696975,0.05483542551178082,-0.05499524015791668,,0.03902226742827692,,0.0052835583720573,0.008155534388349244,0.0028719760162919444,0.0047825706039322,0.012875527341702971,0.00809295673777077,0.023582113376504,0.028294953989072905,0.004712840612568905,0.0218581170834977,0.028331932510641648,0.006473815427143946,-0.0602453905976108,0.014177727735181634,0.07442311833279243,0.0089127949587676,0.034503857249811046,0.025591062291043444,0.0102368353265575,0.035850961948278,0.0256141266217205,-0.0876336566925461,0.000656539078414091,0.08829019577096019,0.0392809911212519,0.028949736108712647,-0.010331255012539252,0.0435730102787923,0.030201383885860845,-0.013371626392931452,-0.0270388624620725,0.04808673217896629,0.0751255946410388,0.0250016533886662,0.02101199778870419,-0.003989655599962009,0.024757880084564,0.020820342854345638,-0.003937537230218363,-0.0416369251943731,0.003998182490653694,0.04563510768502679,0.004938639992324,0.03729951914055926,0.03236087914823526,,-0.01892295616164915,,0.0068106173046716,0.0241310657379119,0.0173204484332403,-0.0160420773787206,0.014839880999857218,0.030881958378577816,-0.0181485646452451,0.018667377086320658,0.03681594173156576,-0.0418609266953011,0.005335019818953743,0.04719594651425484,0.0310580701877086,0.018486696880288953,-0.012571373307419646,0.028844718986511,0.018502805666037823,-0.010341913320473177,0.0315710331241764,-0.016794274661979934,-0.04836530778615633,-0.0682779438944728,0.007988140900007204,0.07626608479448,,0.015257333952830646,,0.0527291828858625,0.04152216471539357,-0.01120701817046893,-0.0114531264530358,0.017581521681942398,0.0290346481349782,-0.0022923533927191,0.022966404530138162,0.025258757922857263,0.0365457051255207,0.032683534557949416,-0.0038621705675712867,0.0377062671559716,0.033950638687183905,-0.003755628468787693,0.0098598814725479,-0.005470114299232342,-0.015329995771780241,,0.023620052152823683,,0.020889369651046,0.031309814284673096,0.010420444633627096,0.0327709456230688,0.03231841125843883,-0.00045253436462996954,0.0369099751303424,0.03409540237489767,-0.002814572755444729,-0.0858866692739592,0.012821569374052953,0.09870823864801215,0.0112529192795447,0.027642488696988723,0.016389569417444023,0.0124371985076369,0.0286625722669765,0.0162253737593396,0.0509982490833465,-0.0060026286219226,-0.0570008777052691,0.0269934755507675,0.012406802435805659,-0.014586673114961842,0.02933645620738,0.012358898435701232,-0.016977557771678767,0.0157619509885606,0.005923511735709441,-0.009838439252851161,0.0033338334345809,0.02074051145944155,0.01740667802486065,0.0024547237721368,0.021565241965189486,0.019110518193052685,-0.0192568895146715,0.004661436833697303,0.023918326348368803
2021-09-01,-0.0441848624363812,0.007072079388880882,0.05125694182526208,-0.0031480252643506,-0.023258092604385827,-0.020110067340035228,-0.0207648048729911,-0.030906529601437773,-0.010141724728446672,-0.0898762021655745,-0.06249749112536761,0.027378711040206893,0.0372471670651938,-0.08262245466752946,-0.11986962173272325,0.0027740288482446,0.003511798666950408,0.0007377698187058081,0.0026110029973634,0.0024716586157813476,-0.00013934438158205243,-0.0010799223119478,0.007040288178460652,0.008120210490408453,-0.0599967841327183,-0.06576796969460216,-0.005771185561883864,-0.061145492480221,-0.06493273243637596,-0.0037872399561549586,-0.0844026959469844,-0.06370534654316276,0.020697349403821633,-0.0466941430258318,-0.03983778209943985,0.006856360926391955,-0.0460842251589939,-0.042595157358075515,0.0034890678009183856,-0.057409650798751,-0.034411462530489885,0.022998188268261117,-0.0442687888074418,-0.04752723801135505,-0.003258449203913251,-0.052103209559836,-0.034137953868462606,0.017965255691373395,-0.0273238641060608,-0.03013577207675848,-0.002811907970697681,-0.0668291793574298,-0.05220401665158865,0.014625162705841147,-0.0963129799784299,-0.05027443158456914,0.04603854839386076,-0.0513033856285275,-0.0437854004605972,0.0075179851679302995,-0.0490901611378519,-0.03901220160796259,0.010077959529889303,,0.010607663772871357,,-0.0733678361684869,-0.058381303653533126,0.014986532514953771,-0.0964851853303324,-0.08020096544806461,0.01628421988226779,-0.0581621009168099,-0.07523583208097169,-0.01707373116416179,-0.0587744276232896,-0.07646051403678311,-0.017686086413493514,-0.0594911626514456,-0.05307308380005127,0.006418078851394331,0.0174525611459271,-0.05947329794315632,-0.07692585908908342,,-0.09205115763942258,,-0.0238583834772968,-0.019279965427021845,0.004578418050274955,-0.0656413542304553,-0.026021147329625655,0.03962020690082965,-0.034640408113375,-0.017559164231133555,0.017081243882241446,-0.0321687370535984,-0.017566812100135942,0.014601924953462457,-0.054779475563295,-0.018989927701643053,0.03578954786165195,-0.079228594137128,-0.048594923992456476,0.030633670144671526,-0.0809341915178645,-0.048911450052057395,0.03202274146580711,-0.0432497804375506,-0.0513185578006609,-0.008068777363110298,-0.0550363540147225,-0.05379249216507115,0.0012438618496513482,-0.0480155324083103,-0.047497319063459595,0.000518213344850707,-0.0932305917263567,-0.045033056110635586,0.04819753561572111,-0.0433480225958957,-0.04151449186706785,0.0018335307288278521,-0.044407258971,-0.04180500430872455,0.002602254662275448,-0.0295168288903443,0.004714269265726283,0.03423109815607058,0.0005874423985235,-0.03417488215451865,-0.03476232455304215,,-0.013660590731732357,,-0.0301701114397054,-0.03802153953585188,-0.007851428096146477,0.1149160270628022,-0.009030693166669731,-0.12394672022947192,0.1027254636544888,0.01006466111479823,-0.09266080253969057,0.1305069890526817,-0.006219565681446281,-0.13672655473412798,-0.0628933893001151,-0.023790094882132226,0.03910329441798287,-0.0614956042376531,-0.02319618672222687,0.03829941751542623,-0.1461832144992744,-0.06658270804512835,0.07960050645414606,-0.0908506995749835,-0.023369049563161628,0.06748165001182187,,-0.009351833933341616,,-0.0047884511821881,-0.03902207837359642,-0.03423362719140832,-0.112641072603791,-0.04284677247069621,0.06979430013309479,-0.0176856650198595,-0.04146382800149027,-0.023778162981630768,-0.0475315190836276,-0.057520632858777405,-0.009989113775149806,-0.0461962583340943,-0.05710387273705216,-0.010907614402957864,-0.0607261008061889,-0.06120831397055999,-0.00048221316437108835,-0.0450122376663028,-0.012178382458970044,0.03283385520733276,-0.0978742446250318,-0.04916062866018454,0.048713615964847266,-0.0575638121679252,-0.02995609925212543,0.02760771291579977,-0.0624123131176496,-0.028605991948237736,0.03380632116941187,0.0031537102864837,-0.02619481754051997,-0.029348527827003673,-0.0291975310218,-0.04166655125755668,-0.012469020235756679,-0.0363319622555244,-0.045190356767121694,-0.008858394511597291,0.0889634486546669,-0.04982694079304097,-0.13879038944770788,-0.036768192603669,-0.026081733640532328,0.010686458963136674,-0.0347587798443736,-0.025842655518671747,0.008916124325701855,-0.0768455515077862,-0.030680767164187894,0.0461647843435983,-0.0363523931296986,-0.032863071328859565,0.0034893218008390375,-0.0408016363211049,-0.032290690817472295,0.008510945503632607,0.0029824018376154,-0.05285700759742915,-0.055839409435044556
2021-10-01,0.0226204608116478,0.037560546974299405,0.014940086162651606,0.0040349822388146,0.07019883372603009,0.06616385148721549,0.0815098053755179,0.05560448840882083,-0.025905316966697067,0.1328335560993722,0.06815256201475203,-0.06468099408462016,0.3283435089911105,0.09636229416928202,-0.23198121482182846,0.0449870703269646,0.06960552660729051,0.024618456280325912,0.0456218940446324,0.07209797970721755,0.026476085662585157,0.0098590514024381,0.011150573222547755,0.0012915218201096541,0.0790705583995673,0.0843981589152213,0.005327600515654007,0.0823712683706917,0.08741511668382693,0.00504384831313523,-0.012588749597511,0.013058675810526655,0.025647425408037654,-0.0132710750451786,0.035697807639673125,0.04896888268485172,0.0803698933928347,0.06881134854916894,-0.011558544843665752,0.0842988188514637,0.05654908186854658,-0.02774973698291712,0.0488505152915893,0.03557835718869249,-0.013272158102896808,-0.0326167280723144,0.0496292398890809,0.0822459679613953,0.0904867573093136,0.008048892022354811,-0.08243786528695879,0.0519710620212802,0.07451536945171776,0.02254430743043756,0.0771730687351325,0.07464965613111772,-0.0025234126040147714,0.06031415624065,0.07345000280822366,0.013135846567573654,0.0390783097529375,0.04917999445748681,0.010101684704549307,,0.02516719908706303,,0.122535936140991,0.0706089034257822,-0.05192703271520879,-0.0260988935834998,-0.048802198630207794,-0.022703305046707995,0.072602678227957,0.09828277378475245,0.025680095556795443,0.0732211389661274,0.10022444361985054,0.027003304653723137,-0.0702915475944603,0.020167082302092035,0.09045862989655233,0.0841937760595575,0.09441662698635607,0.010222850926798574,,0.08259415100224055,,0.0271536431230889,0.0371035795736505,0.009949936450561601,0.015559688725392,0.033724635557447265,0.018164946832055266,0.1080711837993259,0.06190218481110567,-0.04616899898822023,0.1169582039757403,0.06273835022295983,-0.054219853752780475,0.029355220846098,0.024868761142507387,-0.004486459703590611,0.0498922783274354,0.07788008934248852,0.02798781101505312,0.0492807498734855,0.0812993022792996,0.0320185524058141,0.0392887494582143,0.014931452754664329,-0.02435729670354997,0.0592210684834741,0.061594771535269405,0.002373703051795302,0.0629430062684868,0.0652730212287434,0.0023300149602566017,-0.0224415838612574,0.06437925582544575,0.08682083968670315,0.0287099030522084,0.05050209116694179,0.021792188114733393,0.0304902076953984,0.05318434328663161,0.02269413559123321,-0.0679022599575867,0.014969170981742115,0.0828714309393288,0.1250831856043215,0.0828975904823931,-0.04218559512192839,,-0.011523017310873676,,0.1097741373240904,0.053974978101611074,-0.05579915922247933,0.1181562085899859,0.05091426594108122,-0.06724194264890468,0.123274403558328,0.05130590581074079,-0.0719684977475872,-0.0202820669666083,0.023759384007930383,0.04404145097453868,0.0315729345910467,0.04202832302791653,0.010455388436869828,0.0380384433801154,0.04378894254638532,0.005750499166269921,-0.1110211687060306,-0.03349183642624517,0.07752933227978542,0.0414959958983276,0.04008225213380615,-0.0014137437645214482,,0.04098028767598732,,0.082424135816008,0.07590843937398355,-0.00651569644202446,0.0716163199155309,0.05387399692880052,-0.017742322986730376,-0.0040163228362133,0.059480181278269484,0.06349650411448278,0.0521984661646522,0.07065510176380696,0.01845663559915476,0.0542406141498027,0.07231547615716273,0.018074862007360033,0.0391404182906159,0.020167605706103642,-0.01897281258451226,0.0435684384597848,0.047027641552251254,0.003459203092466452,0.059032205935722,0.07745809121551128,0.018425885279789285,0.0956314222532262,0.06514453196367395,-0.030486890289552246,0.1029377851417608,0.0672231695140349,-0.035714615627725904,0.0400336646113209,0.034899739274842495,-0.005133925336478405,0.1094817833192153,0.06756074327005107,-0.041921040049164235,0.12676110018275,0.07054244870876178,-0.05621865147398822,-0.0265444243767807,0.021009024397415567,0.04755344877419627,0.0548133917182209,0.04276520736274128,-0.012048184355479621,0.0608309371617889,0.043826968407159494,-0.01700396875462941,0.0491793954956586,0.025492917510170274,-0.023686477985488324,0.0661075189083709,0.051519644034221476,-0.01458787487414942,0.068829542997547,0.05322291231391652,-0.015606630683630475,-0.0114456218750888,0.029502240559653274,0.04094786243474208
2021-11-01,0.0161464775406982,-0.03486077753805031,-0.05100725507874851,-0.0688304546752153,-0.024482108132371685,0.044348346542843614,-0.0242605292421559,0.009571558286171681,0.03383208752832758,0.0105444090586974,0.022809498470921105,0.012265089412223705,0.0335550329828243,-0.05041154610686117,-0.08396657908968547,-0.0619212264205133,-0.05576643975877797,0.006154786661735329,-0.0645967787788938,-0.05712876874336689,0.007468010035526912,-0.0091679642472837,-0.037364023069447666,-0.028196058822163965,-0.0392267470331394,-0.020826699819524938,0.018400047213614462,-0.0324660971225764,-0.015795831880739176,0.016670265241837224,-0.1083743099952198,-0.10024791729128174,0.008126392703938057,-0.0147722681300166,0.036758661083946986,0.051530929213963586,-0.0091184221473184,-0.0025743499792921817,0.006544072168026218,-0.0093010768037842,0.0092603267333714,0.018561403537155602,-0.0886715976621115,-0.09388494860184839,-0.005213350939736891,-0.0634199136921363,0.0061672984963037965,0.06958721218844009,-0.1107133698835535,-0.047859811391911714,0.06285355849164179,0.0103231513237053,-0.015409200138824181,-0.02573235146252948,0.0416399619007522,-0.004251911999590874,-0.04589187390034307,0.0349551724914682,-0.011658166525311955,-0.04661333901678015,0.008004773229175,0.03606903491618321,0.028064261687008214,,0.01555632336662334,,-0.0259994270692931,-0.02508916108877379,0.000910265980519312,0.0086116202600398,-0.08881147927086279,-0.09742309953090258,0.1173673444405411,0.0015755999883146554,-0.11579174445222645,0.1230918214580709,0.005499954310701129,-0.11759186714736977,-0.1109751579009925,-0.08411255809896598,0.026862599802026516,-0.0806781208302293,-0.07597462354992582,0.004703497280303476,,-0.03781099833081287,,-0.0229993961457281,0.019380003627327492,0.04237939977305559,-0.0618446752572886,-0.023514845951260282,0.038329829306028323,-0.0560374761160376,-0.026461750604004696,0.029575725512032903,-0.0534720559619673,-0.023148460557627436,0.030323595404339865,-0.0717813209219588,-0.04415059548034667,0.027630725441612124,0.0112155586909956,-0.01654391271006393,-0.027759471401059527,0.0203899361760331,-0.01317520242857427,-0.03356513860460737,-0.0989937452395415,-0.06860166749210454,0.030392077747436963,-0.0028064205561509,-0.020619517822188346,-0.017813097266037446,0.0042907510076965,-0.008596424905648345,-0.012887175913344845,-0.0671032237826733,-0.12533517633347724,-0.058231952550803934,-0.0776950332567704,-0.01883626997106234,0.05885876328570805,-0.0751938604106892,-0.010471593753906865,0.06472226665678234,-0.1928227674862004,0.0012567637368832967,0.1940795312230837,-0.0051049402331088,-0.0298010394127515,-0.024696099179642703,,0.05053174508336941,,-0.0248130738433155,-0.01406877052915793,0.010744303314157568,-0.0534438134885679,-0.00041987313927780226,0.0530239403492901,-0.0475791039912204,-0.01796658263500409,0.029612521356216313,-0.1329768237977741,-0.04920128099526309,0.08377554280251101,-0.0259349441007081,-0.011842375144522785,0.014092568956185315,-0.0209290403137254,-0.006431321681329514,0.014497718632395885,-0.1285524273948897,-0.16526200898311563,-0.03670958158822593,0.0149627600032412,0.03786747789116518,0.022904717887923982,,-0.012578571887157839,,-0.0903245142919619,-0.0395506909901479,0.05077382330181399,0.011782139140825,0.010853612581364094,-0.0009285265594609054,-0.0181996445953971,0.024576448870756457,0.04277609346615356,0.0211289405278221,-0.001388996843846325,-0.022517937371668427,0.0235915750409935,0.00032148328548577956,-0.023270091755507722,-0.0600345138225826,-0.03861334412578447,0.02142116969679813,-0.0483431994090429,-0.008713336685617188,0.03962986272342571,-0.0321483907765923,-0.01694634164499608,0.015202049131596222,-0.0352354593745814,-0.02928908441186992,0.005946374962711477,-0.0354298266113323,-0.03039695059395431,0.0050328760173779935,-0.0627521219176646,-0.04790289410438103,0.014849227813283572,-0.0664519344150967,-0.0104777897793165,0.055974144635780196,-0.0666816957210306,-0.013464680306607905,0.05321701541442269,-0.1128188126532505,-0.05491625070387901,0.05790256194937149,-0.0360939170236399,0.017257407718582952,0.05335132474222285,-0.0399062731375671,0.020892594438762853,0.060798867576329955,-0.0561851520661519,-0.0006529976465711098,0.05553215441958079,-0.0147255389191662,0.001175909690381777,0.015901448609547977,-0.0107253442689714,0.004360448951586913,0.015085793220558313,-0.1464008748674013,-0.030686811066421238,0.11571406380098007
2021-12-01,0.0479657540446365,0.02268027072685565,-0.02528548331778085,0.0466889229368659,0.050714391544190475,0.004025468607324577,0.0355031627040613,0.04019826317090694,0.004695100466845639,-0.0348613882575365,0.06289365674772719,0.09775504500526369,-0.0566214990234054,0.009271453439375375,0.06589295246278078,0.0422464780959544,0.027984665047831706,-0.014261813048122695,0.0428195225959377,0.027834282365556948,-0.014985240230380753,-0.00855156327602,0.005930908064431156,0.014482471340451157,0.0041782360334018,0.014852511317426898,0.010674275284025099,0.0079085412514265,0.018218628525340633,0.010310087273914133,-0.126946784424441,-0.03889295857702373,0.08805382584741725,0.0749151878719869,0.06728613114878806,-0.007629056723198829,0.0785358480314162,0.05403706596053924,-0.024498782070876954,0.0773865599364973,0.06292580280558757,-0.014460757130909732,-0.0800238867304049,0.00723184828891223,0.08725573501931713,0.040524045450183,0.0550613384894018,0.014537293039218802,-0.0311992958477477,0.014496568990090254,0.045695864837837954,0.1063989336788662,0.03668719140413581,-0.0697117422747304,0.0914254824446065,0.05592898563986916,-0.03549649680473735,0.0856108242165733,0.05631517121251241,-0.029295653004060895,0.1109370254964143,0.0659800272193396,-0.044956998277074695,,0.06408591684011357,,-0.0086274460513055,0.035949955355823224,0.04457740140712872,-0.1754690746346774,-0.04691485542133743,0.12855421921333998,0.0355397072719952,0.03777455215832225,0.002234844886327046,0.0344798436665378,0.039529357895251124,0.005049514228713324,-0.0450233289695833,-0.020385447423922797,0.0246378815456605,-0.0247435081165342,-0.00025330482684434867,0.02449020328968985,-0.034766877769593,-0.007415121046633755,0.027351756722959246,0.100117931281626,0.054608446253319565,-0.04550948502830643,0.1114891080108913,0.03228703681659067,-0.07920207119430064,0.0895553936647433,0.04107223602926784,-0.048483157635475456,0.0990556262342889,0.044047556373693515,-0.055008069860595386,-0.0098801110201131,0.005191791133988945,0.015071902154102045,0.0533801801933068,0.052647454660684434,-0.0007327255326223664,0.056901026897348,0.05503822423049389,-0.0018628026668541103,-0.0338451072410294,-0.0025301271293699684,0.03131498011165943,0.0477438062913058,0.02533186933123333,-0.02241193696007247,0.0512866069078135,0.032509683481962065,-0.01877692342585144,-0.1030781606100946,-0.07487704850370154,0.02820111210639306,0.0762202909381161,0.023312992556725063,-0.052907298381391035,0.0813750986809214,0.03081605723819501,-0.05055904144272638,-0.1049078976522163,0.05994870263911992,0.16485660029133622,0.0359992844177832,0.06393021968378146,0.027930935265998255,,0.06420066696424075,,-0.0049823909480884,0.03520093743485014,0.04018332838293854,0.0331872215630045,0.07952189370704602,0.046334672144041515,0.0352640032783143,0.07917088907451723,0.04390688579620294,-0.0560201527198576,0.04030994820869266,0.09633010092855027,0.0535469823346445,0.025543693663759946,-0.028003288670884554,0.0633490580531015,0.03024423415998959,-0.03310482389311191,-0.1746309806066682,-0.11555976204749717,0.05907121855917104,0.0520276703889188,0.06760905832052515,0.01558138793160635,,0.043242400980644156,,0.0795038043571254,0.03404649423170351,-0.04545731012542189,-0.006747193832325,0.05679748138600339,0.06354467521832839,0.0700915481263526,0.04964678381459619,-0.02044476431175641,-0.0081554376269732,0.028830404168578974,0.03698584179555217,-0.0048417458330943,0.02757105025678504,0.03241279608987934,0.0010869332182466,0.029069885573989464,0.027982952355742864,0.0519127919894348,0.0564454259877925,0.004532633998357703,0.0739745076237996,0.06150211893830129,-0.012472388685498312,0.0572051446425904,0.028236536016208184,-0.028968608626382213,0.0604436292264713,0.026606403233106497,-0.033837225993364806,0.0385396710164278,0.023273694132839067,-0.015265976883588734,0.0642370385805496,0.048365027946425374,-0.01587201063412423,0.0667480117211112,0.045315294728287395,-0.0214327169928238,-0.0862384781341214,0.030270233873637028,0.11650871200775843,0.0748274938747289,0.04845344237449789,-0.026374051500231005,0.0739234905799578,0.050720342428020884,-0.023203148151936914,0.0594464299971988,0.03564958744283351,-0.02379684255436529,0.0874475084865429,0.0481270107571155,-0.039320497729427396,0.0959971715001791,0.048332830659865995,-0.0476643408403131,-0.0479927555636606,0.013519187382150482,0.06151194294581108
2022-01-01,,-0.007422819455259334,,0.0032761028576599,-0.00497315702909662,-0.00824925988675652,-0.0845980519684749,-0.02627202263637854,0.058326029332096366,-0.1174555846755223,-0.08448097608859487,0.03297460858692744,-0.1108299148005006,-0.20354490180584245,-0.09271498700534185,0.0335266687611561,0.031824406619516715,-0.0017022621416393838,0.0367133119067199,0.032467713019979715,-0.0042455988867401845,-0.0133488081605754,0.002370343651466055,0.015719151812041456,-0.0923402576203692,-0.11405883570168197,-0.021718578081312778,-0.0886517508329618,-0.10732472392338552,-0.01867297309042372,-0.1394723137877691,-0.17302107894830537,-0.03354876516053629,-0.0298269480017296,-0.011227261587113985,0.018599686414615617,-0.0705650365216818,-0.04295098980874093,0.027614046712940876,-0.0719188859160892,-0.021804446756884432,0.05011443915920477,-0.1362537615945203,-0.10180531160599392,0.03444844998852638,-0.0091558308899898,-0.01579627828883981,-0.006640447398850009,-0.1391784318256208,-0.049880820827365516,0.0892976109982553,-0.091118143527108,-0.07586120412652604,0.015256939400581954,-0.1423680085398995,-0.08975986180638201,0.05260814673351749,-0.100046940939877,-0.07098181713526931,0.029065123804607684,-0.0710918070092886,-0.011173831887659795,0.05991797512162881,0.0521338175712454,0.014620493928131424,-0.03751332364311397,-0.1367372316947265,-0.12267412627100904,0.01406310542371747,-0.1532921448584464,-0.1785129692266884,-0.025220824368242023,-0.0690359304527826,-0.12723163177976296,-0.05819570132698036,-0.0650202768433305,-0.1265187614932122,-0.061498484649881696,-0.1471109924567293,-0.1169205119939553,0.03019048046277399,-0.1995658184816402,-0.13508739783345175,0.06447842064818846,-0.2163937308728883,-0.17879020748972468,0.03760352338316361,0.0186576718865073,0.014661624546770523,-0.003996047339736776,-0.079644212930321,-0.04384621070393364,0.03579800222638737,-0.0241716907359792,0.001778842197244359,0.02595053293322356,-0.0259363640500165,0.0037220311713038402,0.02965839522132034,-0.0764034515251646,-0.0556563915374568,0.020747059987707803,-0.0729311100735351,-0.0722229247893684,0.0007081852841667041,-0.0716373363686807,-0.06739268433306739,0.004244652035613319,-0.0755652027428527,-0.12197993540028602,-0.04641473265743333,-0.1277223247367534,-0.10521785562489157,0.02250446911186184,-0.116070859499758,-0.07928628900709622,0.036784570492661775,0.0009299213215911,-0.136245578070156,-0.13717549939174709,-0.0974700547223272,-0.06255498083513077,0.03491507388719643,-0.0947991292153495,-0.054147584189464235,0.04065154502588526,-0.1488128452130147,0.013112232983733735,0.16192507819674842,-0.0276358190166854,-0.03117759952605468,-0.0035417805093692807,,-0.013938414072760655,,-0.1154483955314409,-0.06484713374708997,0.050601261784350926,0.1867194815029492,0.04178871185398616,-0.14493076964896304,0.1929265244248023,0.07727793779503174,-0.11564858662977055,0.0684947652408144,0.005759623544233884,-0.06273514169658051,-0.0654684657955136,-0.02690680408663872,0.038561661708874886,-0.0582864777400278,-0.01957296904154846,0.03871350869847934,-0.2079085336649541,-0.2116113684001281,-0.003702834735173993,-0.0334470626032513,0.011684429753081121,0.045131492356332424,,0.02015200956525129,,-0.1009710592580451,-0.08743793917305136,0.013533120084993744,-0.1299382951407291,-0.05210104447671559,0.07783725066401351,-0.0899258572167415,-0.046929290121349145,0.04299656709539235,-0.0973602843787052,-0.0989372442455824,-0.0015769598668771978,-0.0972363287801341,-0.09666411723806556,0.000572211542068532,-0.1764381551452207,-0.11049332325686385,0.06594483188835686,-0.031932084510812,-0.023548248620983276,0.008383835889828727,-0.0436963112512373,-0.06356093855782304,-0.019864627306585732,-0.0542603451800014,-0.03965477674071051,0.014605568439290888,-0.0514362827382492,-0.03587127658702763,0.01556500615122157,-0.036413053603682,-0.041687865122560105,-0.0052748115188781045,-0.0414006261355787,-0.04805841822996341,-0.006657792094384711,-0.0401111932647684,-0.05082465665704119,-0.01071346339227279,0.0053860143040366,-0.06913073876248346,-0.07451675306652006,-0.0029988593766299,-0.0049699005456195905,-0.0019710411689896905,0.0091761313644377,0.00016753110232135132,-0.009008600262116348,-0.0996224847713975,-0.051656734644116034,0.047965750127281465,-0.0503411055515851,-0.044306047925202305,0.006035057626382796,-0.0515677604188146,-0.03920866241758484,0.012359098001229758,-0.0991285024156738,-0.08930913432917116,0.009819368086502633
2022-02-01,,0.022274907144757657,,0.0773096107924808,-0.010303223977864493,-0.0876128347703453,-0.0338273972341292,-0.018412309504133074,0.015415087729996124,-0.0619253651490593,-0.0284438817143604,0.0334814834346989,-0.0637844874190123,-0.0367714594000353,0.027013028018976995,-0.0172727889587572,-0.0020867166102363915,0.015186072348520808,-0.0181271039188963,-0.0035832469535493107,0.01454385696534699,0.0045595629462132,0.009716505271416978,0.005156942325203777,-0.0712480684680521,-0.0434032051825682,0.027844863285483898,-0.073680710820755,-0.04460385822027853,0.029076852600476474,-0.0867809812314742,-0.02076367629773073,0.06601730493374347,-0.0624906824967492,-0.018342179347573827,0.04414850314917537,-0.0060095119791546,-0.02156437170407017,-0.01555485972491557,-0.0128811300466497,-0.012658472484907958,0.00022265756174174277,0.0065588307762642,-0.007821877386287045,-0.014380708162551246,-0.0009507234230219,-0.010872912119243315,-0.009922188696221416,-0.0128418959630016,-0.002640207724565082,0.010201688238436517,-0.0240495229621683,-0.027907245213784276,-0.0038577222516159755,-0.0462827391185958,-0.016632694532994933,0.02965004458560087,-0.0087998844023794,-0.013680814609472222,-0.004880930207092822,-0.0436763374724149,-0.019876067968687242,0.02380026950372766,0.1065914617035032,0.042556270388429684,-0.06403519131507351,-0.0008586266429927,-0.01659973212478115,-0.01574110548178845,-0.039463446997442,-0.02297752822414071,0.016485918773301293,-0.0254946923410179,-0.04516894413126841,-0.019674251790250508,-0.0258793922052676,-0.04696372512009208,-0.02108433291482448,-0.0804733496874078,-0.019694196604912898,0.0607791530824949,-0.0066040274018797,-0.03249259437898676,-0.025888566977107057,-0.0228143342849406,-0.05997652250052368,-0.03716218821558308,-0.0018797957509715,-0.004190555070166899,-0.0023107593191953987,0.0097400365526497,0.0055679286559064765,-0.004172107896743224,0.0069523461571821,-0.008468888373186028,-0.015421234530368127,0.0083916322236088,-0.008382450582137678,-0.01677408280574648,-0.0773946383431345,-0.0010645439745427185,0.07633009436859178,-0.0533172721797633,-0.016930194659963642,0.03638707751979966,-0.0601381529299473,-0.01851177973630233,0.04162637319364497,-0.1195698433621151,-0.01604087970589637,0.10352896365621872,-0.0432626230188209,-0.01962847583404476,0.023634147184776143,-0.0509295106516052,-0.0210370397732005,0.029892470878404697,-0.091183272076397,-0.0467284146258547,0.0444548574505423,0.0149222519920557,-0.01568575081074978,-0.030608002802805484,0.011770127170281,-0.016594815679852985,-0.028364942850133985,-0.0869104312269024,0.03633428083445041,0.1232447120613528,0.112893808798556,-0.0015219664197970717,-0.11441577521835307,,0.01875657163147359,,-0.029487127146375,-0.01153603838441964,0.01795108876195536,0.0790706068661554,0.0090813209049273,-0.0699892859612281,0.0740516905834001,0.021470009691607284,-0.05258168089179281,0.0845537198373469,0.011361947236303535,-0.07319177260104337,-0.0268393274346507,-0.00577058057882813,0.021068746855822572,-0.0250816367524941,-0.006172402452253898,0.0189092343002402,-0.1064365754324748,-0.029051157639894597,0.07738541779258021,0.1093105736562385,-0.0009975252305995976,-0.1103080988868381,,0.0025248648108642012,,-0.0355458402764983,-0.015155417205980683,0.020390423070517617,0.0465262342879298,-0.0172019756317936,-0.0637282099197234,-0.0169477346460439,-0.02436625017360262,-0.0074185155275587195,-0.0149627517258652,-0.031238710956795493,-0.016275959230930295,-0.0149303935353693,-0.032759265034104486,-0.017828871498735188,-0.0623879272788378,-0.021619332661045564,0.04076859461779224,0.0592734182966514,0.015787396602354876,-0.04348602169429652,0.1672834848208382,-0.016273551730467933,-0.18355703655130615,-0.0333058467467772,-0.01647648585186442,0.016829360894912784,-0.037035227300989,-0.016553653299008587,0.020481574001980415,0.0119211193808009,-0.005359468837861167,-0.017280588218662067,0.0034989631336709,-0.017744689420710166,-0.021243652554381067,-0.0010843928878728,-0.02173127479982591,-0.02064688191195311,0.0929511436357553,-0.010474090514111132,-0.10342523414986643,0.0012945105381455,-0.011299941325575021,-0.012594451863720522,0.0097407118257446,-0.011649463549640193,-0.021390175375384794,0.0328999153259005,-0.005276162407032673,-0.038176077732933175,0.0184655052042429,-0.008061312753260202,-0.026526817957503102,0.0200636230410859,-0.009299990523368372,-0.02936361356445427,0.0301842340320998,-0.026500779953732154,-0.05668501398583195
2022-03-01,0.1027598505734068,0.024489534543172833,-0.07827031603023396,-0.0263408548116008,0.020394337093910923,0.046735191905511723,0.1211665250789362,0.02483946608942514,-0.09632705898951106,-0.0001569082160495,0.025120835583930818,0.025277743799980316,0.1238081858477252,0.02604383898476266,-0.09776434686296254,-0.0331488407716168,0.007752433544481831,0.04090127431609863,-0.0323190955375305,0.009952159185070367,0.04227125472260086,-0.0081244870523258,-0.017483041732936168,-0.009358554680610368,0.0228151799507958,0.036440730659305906,0.013625550708510105,0.0252351984292706,0.03754373373377168,0.01230853530450108,-0.00521108265301,-0.005188121751131492,2.2960901878508327e-05,-0.0232644904395068,0.01651060666847061,0.039775097107977414,0.0672798598323903,0.01904184613396323,-0.048238013698427076,0.0837976077757009,0.018890104509149845,-0.06490750326655106,0.1032525598377659,0.0021257832192118666,-0.10112677661855404,-0.0013964607709585,0.03901896238667078,0.040415423157629284,-0.0261778360381082,-0.0037480974630107345,0.022429738575097467,0.0237350007917352,0.03004996574130299,0.006314964949567788,-0.0657118921245355,0.014544095948551342,0.08025598807308684,-0.0599900283862142,0.01359579171505655,0.07358582010127075,-0.0352863922172597,0.028887846538315175,0.06417423875557488,0.0090324385802604,0.05172958017585765,0.04269714159559725,0.0108228778786247,0.03048588494505585,0.01966300706643115,0.0174651429823702,-0.009492914669700325,-0.026958057652070523,0.0439239857977167,0.040574747305745035,-0.0033492384919716622,0.0461819520144757,0.04170512197168983,-0.004476830042785866,0.014868449010625,0.007466470765121449,-0.007401978245503551,-0.0440053924755758,0.028099425498675685,0.07210481797425149,-0.047571842171617,0.034323157248104044,0.08189499941972105,0.0188991689469239,0.034212742484795985,0.015313573537872084,0.0004017889665954,0.037811794830826556,0.037410005864231155,0.0598455482464989,0.01982873466219045,-0.040016813584308454,0.0644714317849813,0.019955455692047326,-0.04451597609293397,-0.0158026752152943,-0.005922561946598568,0.00988011326869573,0.0264410076275053,0.031328483197588936,0.004887475570083635,0.0355920804195473,0.03500047756654219,-0.0005916028530051076,0.0122074529291912,-0.028618803764119554,-0.040826256693310754,0.0395333859689108,0.03574498119130032,-0.003788404777610485,0.0504580775544289,0.03493305876924774,-0.015525018785181165,0.0661821868995365,-0.011698305420270762,-0.07788049231980726,0.0126476994311598,0.04371551391484181,0.03106781448368201,0.0140398320724849,0.046126399770529056,0.032086567698044154,-0.0614289623231969,0.03250855029285434,0.09393751261605124,0.1158010061405085,0.05554333379963294,-0.06025767234087557,0.0739202312035126,-0.0012648812888551124,-0.07518511249236771,0.1036033461723344,0.023314086864565223,-0.08028925930776917,0.0963097704934269,0.02478582561910217,-0.07152394487432473,0.0883289381746992,0.023926578927297867,-0.06440235924740133,0.087272795709758,-0.017571746482272985,-0.10484454219203099,0.0660289619526374,0.040812998133365946,-0.02521596381927145,0.0708841652252443,0.0425390680587929,-0.028345097166451394,0.0141201310677792,-0.02413481217628693,-0.03825494324406613,0.1499795884700886,0.05233574175642455,-0.09764384671366405,0.0881227295678084,0.0294416280077058,-0.058681101560102596,-0.0069838774377112,-0.004857905854555963,0.0021259715831552367,-0.097016689662987,0.009123913515212063,0.10614060317819907,0.0023724040771717,0.01651230317944713,0.01413989910227543,0.0379785748264238,0.03400456777577743,-0.003974007050646371,0.0438498811532403,0.03565121358258857,-0.008198667570651734,-0.0999136275887712,-0.03210600716464141,0.0678076204241298,0.0252916411936562,0.02059164685965514,-0.0046999943340010585,0.091734013680133,0.02656623446076231,-0.06516777921937068,0.0364362498585695,0.01932520646784668,-0.017111043390722818,0.0360747096156575,0.02392455398471552,-0.012150155630941982,0.0179681029454591,-0.0030643983673922445,-0.021032501312851344,0.0625962616241508,0.02877845443425503,-0.03381780718989577,0.0679701669693678,0.033381732828044,-0.03458843414132381,0.1463038642607338,0.003408878268579125,-0.14289498599215467,0.0923260630581698,0.02979507201314252,-0.06253099104502728,0.0903886554830399,0.03357057500928751,-0.05681808047375239,0.0516557852603577,0.002079154002887367,-0.04957663125747033,0.0221177966025247,0.021218521089707405,-0.0008992755128172936,0.0238159377909413,0.025065461754739796,0.0012495239637984948,0.0392029745115058,-0.004908338771853244,-0.044111313283359044
2022-04-01,,-0.04833888622448019,,-0.1103841631688155,-0.07775388751286232,0.03263027565595318,-0.0216072683725955,-0.0511241058665176,-0.0295168374939221,-0.0681945613336295,-0.08284753761296122,-0.014652976279331723,-0.1775946202431265,-0.20254159016992132,-0.02494696992679482,-0.0895668737261198,-0.07813371924766904,0.011433154478450752,-0.089852516446145,-0.080938570393894,0.008913946052251001,-0.0759561797451898,-0.03416756368420878,0.04178861606098102,-0.1220555569970817,-0.13564945743520554,-0.013593900438123835,-0.1204779729959582,-0.1313048569591519,-0.0108268839631937,-0.1681507631407376,-0.1694126822995175,-0.0012619191587799061,0.062155927597583,-0.018324589754603278,-0.08048051735218628,-0.0238966646185518,-0.08110111424892845,-0.057204449630376644,-0.023334006788488,-0.05355254221669822,-0.030218535428210222,-0.1676682401544374,-0.15038161359131236,0.017286626563125046,-0.0997570364082611,-0.0469824896571581,0.052774546751103,-0.1273263611814876,-0.07305904137863291,0.054267319802854694,-0.0969750698193845,-0.10784610012460215,-0.010871030305217647,-0.0613653117471591,-0.10455140814456149,-0.04318609639740239,-0.007320783140246,-0.10076241061428495,-0.09344162747403895,0.019171947911817,-0.02601518003494215,-0.04518712794675915,-0.0370010872151914,0.00952209214501945,0.04652317936021085,-0.1074163906601479,-0.1296025495157581,-0.02218615885561019,-0.1429099512672317,-0.12951469858268666,0.013395252684545028,-0.1327459967425954,-0.1362576164969484,-0.0035116197543529903,-0.1325065873751872,-0.1348362503702092,-0.0023296629950219916,-0.1246685702531787,-0.13866585572982387,-0.013997285476645166,-0.2872318301388072,-0.18866766801253443,0.09856416212627278,,-0.17980613329453787,,0.0234923826545402,-0.012415064777218564,-0.03590744743175876,-0.0998911527043881,-0.06317876783748459,0.03671238486690351,-0.0436421904048149,-0.0687417780102002,-0.025099587605385304,-0.0370338860773253,-0.06621107257227825,-0.029177186494952947,-0.1658277623100298,-0.07757120920838034,0.08825655310164945,-0.1019291101522417,-0.10822951901527408,-0.006300408863032389,-0.1002762082857936,-0.10627531328053942,-0.005999104994745819,-0.1587454925606281,-0.12819259446365344,0.030552898096974646,-0.1024249282794635,-0.11184917016933087,-0.00942424188986736,-0.0998569864059539,-0.09439785201116074,0.005459134394793161,-0.4337803487160447,-0.20287132156276383,0.23090902715328088,-0.1056876216028629,-0.08330616308887495,0.022381458513987942,-0.1040644127554367,-0.07616617143878227,0.02789824131665443,-0.1381578304422409,-0.00023719533471180249,0.13792063510752908,-0.1079443387303524,-0.0998962037837076,0.008048134946644803,,0.03439292764982038,,-0.0596942022804617,-0.08338054789927012,-0.02368634561880842,-0.0003154306622863,-0.025297892680528955,-0.024982462018242654,-0.0015039337939687,-0.01907599127619446,-0.01757205748222576,-0.0229275690210416,-0.05811935386360976,-0.03519178484256816,-0.0313336323477177,-0.05310879441747022,-0.021775162069752517,-0.0229786885886684,-0.04753014262994637,-0.02455145404127797,-0.3358163058258741,-0.20209978010968443,0.13371652571618964,-0.0838446056721004,-0.001258478987114016,0.08258612668498638,-0.1112517479193873,-0.03339626084619237,0.07785548707319492,-0.1167558534449961,-0.12808460309272968,-0.011328749647733574,-0.0152725080126818,-0.06473320856736689,-0.049460700554685086,-0.062045353793519,-0.05467443868535271,0.007370915108166287,-0.1222225302829253,-0.10333304300552025,0.018889487277405054,-0.1261837168655624,-0.10202876903729924,0.024154947828263162,-0.1199199469025434,-0.11111118823100745,0.008808758671535952,-0.0501971125314536,-0.050032488624817975,0.00016462390663562337,-0.0598476311106598,-0.10669280997061231,-0.04684517885995251,-0.08656412804882,-0.09141643117051818,-0.0048523031216981816,-0.0852932239839624,-0.09131206873617247,-0.006018844752210067,-0.1117637662845843,-0.08671985853408372,0.025043907750500582,-0.11332961058468,-0.08620659971799151,0.027123010866688488,-0.1135522534363813,-0.09253184848859083,0.021020404947790464,-0.1007879957425406,-0.10231769213527354,-0.0015296963927329404,-0.0424818233259086,-0.027462474941510846,0.015019348384397755,-0.0454430045478444,-0.02334016306390536,0.022102841483939036,-0.0844223883922618,-0.04876323305277922,0.03565915533948257,-0.0238738602558348,-0.061757796998800865,-0.037883936742966064,-0.0199858106534053,-0.058208972186243546,-0.03822316153283825,-0.1229706594136128,-0.09737618917504473,0.025594470238568076
2022-05-01,0.0668392753230057,0.02935594609013585,-0.037483329232869844,-0.0166093352665376,0.04040730349096497,0.05701663875750257,-0.0302234212597521,0.008848108172742246,0.03907152943249435,-0.0698741626142068,-0.0031936137836182897,0.0666805488305885,-0.0802395340673346,-0.051054235170170874,0.029185298897163724,0.041923860204175,0.05807920753310066,0.016155347328925665,0.0423399854190795,0.05765753744873789,0.015317552029658392,-0.0506429378659207,0.029213965267895138,0.07985690313381584,-0.031013561422168,-0.03557642900349934,-0.004562867581331339,-0.0286495428779919,-0.03261811051384512,-0.0039685676358532165,-0.151759458811826,-0.06113488852815152,0.09062457028367449,-0.016405713757965,0.01916486292237734,0.03557057668034234,0.0400511764575359,0.018761262266327225,-0.021289914191208674,0.0382892434481468,0.02816740773346449,-0.010121835714682309,-0.1332755633623217,-0.0030262196597293433,0.13024934370259234,0.0607379424440017,0.015826626547546373,-0.04491131589645533,0.0286394466136261,0.004302073564987079,-0.024337373048639022,-0.0272783073727525,-0.005137107316739344,0.022141200056013156,0.0591882418435122,0.010196146830362051,-0.04899209501315015,0.0191396029121991,0.02005624401827987,0.0009166411060807719,-0.0491433302441045,0.01681562703068401,0.06595895727478851,0.0075770277437208,0.039850069982952645,0.032273042239231844,-0.0324137181101176,-0.01599596432916993,0.016417753780947668,-0.0869912694248348,-0.09040889247931852,-0.0034176230544837177,-0.0078142217636197,-0.031188677831456964,-0.023374456067837265,-0.0094113519575552,-0.03160309313704028,-0.02219174117948508,-0.0087455384533195,-0.03839351164390331,-0.02964797319058381,-0.0388879855983869,-0.025933179943751532,0.01295480565463537,,-0.07355244301915768,,-0.02373065349931,0.024373003044013786,0.04810365654332378,0.0036348813342354,0.003545433132412056,-8.944820182334428e-05,0.0122647039211964,0.03643311157307453,0.02416840765187813,0.0068924189660404,0.03819792008049484,0.031305501114454445,-0.0055689790533222,0.004247435900973578,0.009816414954295777,0.0215429641305645,0.01046701643569893,-0.011075947694865572,0.0222805463158888,0.011372103464783715,-0.010908442851105085,-0.0747296283645854,-0.01745097778474758,0.05727865057983782,0.0244784547492638,-0.023454874937118775,-0.04793332968638257,0.0249848147903953,-0.012306593365840222,-0.03729140815623552,-0.1072012965618982,-0.05268121788377713,0.054520078678121066,-0.0170888453098634,-0.015703548302332823,0.0013852970075305775,-0.013243208569447,-0.011342418144580504,0.0019007904248664956,-0.133886703122431,0.042895192172532584,0.17678189529496358,-0.0023140031781537,0.031335778524681224,0.033649781702834926,,0.022962883077398244,,-0.0351934256272474,0.0013939679752576035,0.03658739360250501,0.1491004060782809,0.06680587043038624,-0.08229453564789466,0.1482863345728193,0.08938045751790455,-0.05890587705491476,0.0616535370369843,0.05616279426889859,-0.005490742768085706,0.0183863012228282,-0.0005052051132021108,-0.01889150633603031,0.0242982417375835,0.0029194001749753336,-0.021378841562608164,-0.1495538316916213,-0.11134364473945539,0.038210186952165895,-0.0818565099695028,0.019998769066462876,0.10185527903596568,-0.0797659712120534,0.03428180306174606,0.11404777427379945,-0.0117705956532016,0.01775573527159351,0.029526330924795112,-0.0030803636463093,0.015510810390175432,0.01859117403648473,-0.020001394544374,0.0056335302099317875,0.025634924754305788,-0.0617388548000238,-0.025229078297566324,0.03650977650245747,-0.0601703307858799,-0.026383453896607886,0.03378687688927201,-0.0933913508210698,-0.0028282795900465133,0.09056307123102328,0.0214048737651729,0.03752146984186618,0.016116596076693284,-0.0573099556498044,0.020607725897774026,0.07791768154757843,-0.0103802400172108,0.013434493596159652,0.02381473361337045,-0.0102470662188193,0.012684609149394857,0.02293167536821416,0.0018447899149586,0.019521378520562113,0.017676588605603512,-0.0274393185398729,0.012568758306197325,0.040008076846070224,-0.0246570549444642,0.007666333187574687,0.03232338813203889,0.0366227640226031,0.004789919237467466,-0.031832844785135636,0.0485093016832342,0.015450930577137248,-0.033058371106096954,0.0562676744404934,0.01605080975024159,-0.04021686469025181,0.0780818867706318,0.006268729457543448,-0.07181315731308835,0.0080231203112305,0.01369903149303049,0.0056759111817999905,0.005645510402379,0.013082062849155822,0.007436552446776822,-0.0407518609394573,-0.017110984583006198,0.0236408763564511
2022-06-01,,-0.06985365423142852,,-0.0457832036846639,-0.12856944754896785,-0.08278624386430394,-0.0423186434909023,-0.05786872644946906,-0.01555008295856676,-0.1199314080785802,-0.07568685498973203,0.04424455308884817,-0.1187886141346804,-0.0780567629426827,0.04073185119199771,-0.1165674394152434,-0.13526906666297572,-0.01870162724773232,-0.1192058462819312,-0.13834827788869863,-0.01914243160676743,-0.0699324435798778,-0.061782038207757614,0.008150405372120181,-0.0681792668228516,-0.06367661274143824,0.004502654081413357,-0.0675455983509736,-0.06261106482969751,0.004934533521276083,-0.1996236322746566,-0.09001539615164707,0.10960823612300953,-0.0422527710145636,-0.07289655049509433,-0.03064377948053073,-0.1473541207061406,-0.10204808082661197,0.04530603987952862,-0.1453180785990116,-0.09754560918385323,0.04777246941515838,-0.1840424902299771,-0.16033805793223693,0.023704432297740163,-0.085738096062973,-0.09164333083294907,-0.005905234769976064,-0.1608819458886679,-0.10556221257494826,0.05531973331371963,-0.0844104309737462,-0.09073072745385406,-0.006320296480107859,-0.1073659718963971,-0.09307579631820981,0.014290175578187292,-0.1219362006609278,-0.1074751016278809,0.01446109903304689,-0.0269367346430943,-0.06901347087150471,-0.042076736228410405,-0.0323266838257035,-0.05234715163436529,-0.02002046780866179,-0.0928247168789979,-0.0887300764354467,0.004094640443551206,-0.126721520945492,-0.07999090249440866,0.04673061845108334,-0.1150287333601721,-0.06377638172794574,0.051252351632226356,-0.1152511256997415,-0.061582148452936226,0.05366897724680527,-0.0852509841345705,-0.10454535593808642,-0.019294371803515925,-0.1109770929071446,-0.11257290005997504,-0.0015958071528304474,,-0.05732817609381502,,-0.0378262135139008,-0.06934264459324843,-0.03151643107934763,-0.0771611564109703,-0.08380730228084658,-0.006646145869876288,-0.0270381354084584,-0.11529562671090511,-0.08825749130244671,-0.0222767932135166,-0.11518472592813483,-0.09290793271461824,-0.0633453898153837,-0.07032251726892778,-0.006977127453544091,-0.1342295781772294,-0.11243480908060312,0.021794769096626296,-0.141357355642898,-0.11264190041270615,0.028715455230191853,-0.1983394308880798,-0.1056396286396257,0.09269980224845409,-0.0746070967482616,-0.06977880894823217,0.004828287800029432,-0.0678466074478517,-0.066585578950953,0.0012610284968987001,-0.1813256301655828,-0.0745683813977388,0.10675724876784401,-0.0866462743235129,-0.07074917230671861,0.0158971020167943,-0.0855773989287927,-0.07223133763423766,0.01334606129455504,-0.0890793994274792,-0.07820500654193542,0.010874392885543774,-0.2047348697413889,-0.1499311205477865,0.0548037491936024,,-0.01934814925335473,,-0.0549902642381418,-0.07737294180293815,-0.022382677564796345,-0.1674179716418707,-0.13841807959233868,0.028999892049532017,-0.1608663877781925,-0.16159008670336616,-0.0007236989251736548,-0.1948023764803998,-0.14568706801331574,0.04911530846708406,0.0025249935385688,-0.060973549092256496,-0.0634985426308253,0.0021921395993145,-0.06174135283173336,-0.06393349243104786,-0.0916215215418142,-0.07304740720148754,0.01857411434032666,-0.1282411423413018,-0.05911444746164719,0.0691266948796546,-0.133535004574081,-0.09568237301135442,0.03785263156272657,-0.140975896198578,-0.10877300114065495,0.03220289505792305,-0.0895057450728055,-0.08228614911959543,0.007219595953210062,-0.0657179482432034,-0.050213946231510105,0.015504002011693295,-0.0912321311204242,-0.051575824350359276,0.03965630677006493,-0.0888678464219774,-0.04745837841155231,0.04140946801042509,-0.1604898654665441,-0.12024684229206355,0.040243023174480544,-0.0774323079233145,-0.0904310645841037,-0.012998756660789201,-0.1930047107988012,-0.13125334368158242,0.061751367117218764,-0.0770141716955167,-0.09506768434953629,-0.018053512654019582,-0.0676878674351987,-0.09416307090996948,-0.02647520347477078,-0.1042571731846131,-0.11640427620611905,-0.012147103021505956,-0.0674164051532879,-0.10166918423514117,-0.03425277908185327,-0.050084525324515,-0.1040441733996193,-0.0539596480751043,-0.1453959092039181,-0.15066328897641237,-0.0052673797724942795,-0.0643387845024104,-0.06235677985482879,0.001982004647581609,-0.0603992981347569,-0.06156097850390637,-0.0011616803691494731,-0.045219298524681,-0.058878972394576526,-0.013659673869895528,-0.0714228420384285,-0.07622460696908666,-0.004801764930658162,-0.0641541509565832,-0.07278797075296366,-0.008633819796380462,-0.0564410881709187,-0.0826907229562472,-0.026249634785328498
2022-07-01,0.0616058476810492,0.0651219053586697,0.0035160576776204974,0.0781506179406525,0.08886227077257021,0.010711652831917703,0.0707521923398153,0.06620958953936898,-0.004542602800446327,0.1227906946392801,0.10547983554357403,-0.01731085909570608,0.2742465484424377,0.21570831379636138,-0.0585382346460763,0.0652069450102569,0.088129799362412,0.022922854352155103,0.0636203465075218,0.08911784825816613,0.02549750175064433,0.0181385195764602,0.038991930098449375,0.020853410521989173,0.0907156806717514,0.13454381006558583,0.04382812939383443,0.0915526256103581,0.13338499132052592,0.041832365710167824,0.089137447798385,0.1101104132917775,0.02097296549339249,0.0339621362193203,0.028144580801276884,-0.005817555418043418,0.0661637368963274,0.09686548162043057,0.03070174472410317,0.0659124519144729,0.07187733232015418,0.005964880405681286,0.201159930504288,0.10856411221835749,-0.0925958182859305,0.0059953698163164,0.04618282833919841,0.04018745852288201,-0.0234502430653255,0.04206835302373837,0.06551859608906387,0.0992064362610585,0.11308535602078933,0.013878919759730823,0.1654416978267141,0.1378018401702861,-0.027639857656428013,0.1583209172396471,0.12946233249784916,-0.02885858474179795,0.010417778166323,0.039829895018620456,0.029412116852297457,-0.0178227784324679,0.02384961083025806,0.041672389262725956,0.2135567642962219,0.14105009619607617,-0.07250666810014572,0.01436009615176,0.016271310873719098,0.001911214721959098,0.172542627750832,0.15549567576554166,-0.017046951985290354,0.1719673441249871,0.15554564886418443,-0.01642169526080267,0.0789670035132247,0.08098245569015537,0.0020154521769306655,0.1749029549642967,0.1811133764060024,0.0062104214417056935,,0.15732718024867326,,0.0379024630090927,0.018139269857691678,-0.019763193151401025,0.084212165786199,0.053959259928425436,-0.030252905857773564,0.0317536888178268,0.07509307233123688,0.04333938351341008,0.0391178117224501,0.07486574359197194,0.03574793186952184,-0.0840365212042321,0.07519794936149847,0.1592344705657306,0.1314901453654939,0.12290812008802598,-0.008582025277467903,0.1349649438016196,0.12150764966495271,-0.013457294136666895,-0.0872281989584461,0.10055725086506337,0.18778544982350948,0.1303220149478521,0.11223644674769184,-0.018085568200160246,0.131506058580571,0.10232905246892994,-0.02917700611164105,-0.0063700966355796,0.1608943294187112,0.16726442605429082,0.0577220852194991,0.06986575080804742,0.012143665588548326,0.0536405475494783,0.06599690909020647,0.012356361540728174,0.0275470784608977,0.018185129223288878,-0.009361949237608823,0.0735807009580102,0.10449871163336155,0.030918010675351354,,-0.003785358127973803,,0.1133885046401781,0.09257741368043444,-0.020811090959743664,0.0891805789979483,0.04172417596287251,-0.04745640303507579,0.0818463731578105,0.03531768670674864,-0.04652868645106186,0.0817440327160888,0.05596094299051157,-0.025783089725577225,0.0027793001260284,0.046913252590882464,0.04413395246485406,-4.697506292471686e-05,0.043499694551599376,0.043546669614524094,0.0022718294603008,0.07500076431255817,0.07272893485225737,-0.1129857726042653,0.011929203053917528,0.12491497565818283,0.0030631904582721,0.03327212466521751,0.030208934206945412,0.1388204670715249,0.15766508926475817,0.018844622193233268,0.0648421305352021,0.08725784800497118,0.022415717469769073,0.1170497085097534,0.08235133930271639,-0.034698369207037005,0.170316279447224,0.11358729481622751,-0.05672898463099649,0.1747476045615067,0.11266984538151913,-0.06207775917998758,-0.0429577675232665,0.09568945984268035,0.13864722736594684,0.0829819917318965,0.08111919211358756,-0.001862799618308944,0.1893508403289406,0.12065858731584463,-0.06869225301309596,0.0842443871748183,0.09746826620934658,0.013223879034528277,0.0796670940415167,0.0957440250798185,0.016076931038301795,0.0820779398578301,0.0767698695213823,-0.005308070336447798,0.1006063443529794,0.0949538993253019,-0.005652445027677491,0.0966939267695791,0.09524457208574492,-0.0014493546838341698,0.0564217238610314,0.06043103066590812,0.004009306804876718,0.059085392695567,0.03557891928797495,-0.02350647340759205,0.0573103687612033,0.03119148898840222,-0.02611887977280108,0.0787007669206803,0.059326925111089356,-0.019373841809590946,0.0901135921672956,0.07982494445274989,-0.010288647714545712,0.0856422103745659,0.07594469065011392,-0.009697519724451986,0.0394436606686006,0.07752666170934326,0.038083001040742664
2022-08-01,,0.009876174157186545,,-0.0140196891326282,-0.041205675466471456,-0.027185986333843254,0.0382249758611066,-0.03299849536700994,-0.07122347122811654,-0.0588773523981098,-0.06224080755507472,-0.0033634551569649146,-0.0668861907828904,-0.046556473805157025,0.020329716977733378,-0.0340575100553501,-0.023424483610174344,0.010633026445175754,-0.034218965815838,-0.02379440140027921,0.01042456441555879,-0.0240533282755945,-0.008789321817162738,0.015264006458431763,-0.0519862433563343,-0.0408538564545137,0.011132386901820598,-0.0519096812227447,-0.042291641064985126,0.00961804015775957,-0.0160551801277066,-0.023805131188350183,-0.007749951060643582,-0.0269577485612052,-0.05519445308738044,-0.02823670452617524,-0.0172242248566053,-0.053328134072874206,-0.03610390921626891,-0.0161148844024147,-0.04958993557749203,-0.033475051175077326,0.0272104589411673,-0.038446518409404044,-0.06565697735057134,-0.0345185595606247,-0.03388584429107506,0.0006327152695496385,0.0330178327345331,-0.0302624001563285,-0.0632802328908616,-0.0416105937056017,-0.044682026650670954,-0.003071432945069251,-0.0638913049826392,-0.05522468823908177,0.008666616743557433,-0.0726464031882203,-0.05368041665159528,0.01896598653662502,-0.0257483818088181,-0.04859798711213254,-0.02284960530331444,0.0232286875008058,0.017328710399333733,-0.0058999771014720676,-0.0675171693451426,-0.03944251387538279,0.028074655469759804,0.0189011671599414,-0.02733391054229401,-0.04623507770223541,-0.0564980107633693,-0.05441477331700953,0.0020832374463597703,-0.0564926843658305,-0.055915484787579975,0.0005771995782505243,-0.0517080103771402,-0.02433471434412284,0.027373296033017358,-0.0171921823871686,-0.03458930788120103,-0.01739712549403243,,-0.04806215107752098,,-0.0089903185935214,-0.02490011339425415,-0.015909794800732752,-0.0353509359459294,-0.01016897475840605,0.025181961187523347,-0.0105388153571774,-0.032268928371627786,-0.021730113014450388,-0.0139353135970198,-0.03363876034282546,-0.01970344674580566,-0.0428250057805126,-0.018285249342526188,0.02453975643798641,-0.0444645184909686,-0.04701773916959415,-0.0025532206786255465,-0.0452618005197642,-0.04742600954839307,-0.0021642090286288704,-0.004477652228523,-0.048647945722130506,-0.04417029349360751,-0.0851169072339249,-0.029628091882165856,0.05548881535175904,-0.0780248933173032,-0.03202852868512661,0.04599636463217659,-9.718094426148984e-05,-0.016107788447105656,-0.016010607502844165,-0.0530952672437043,-0.018493674302054355,0.034601592941649946,-0.0531042099601392,-0.021836247397698398,0.0312679625624408,0.0770379707449837,0.0015533307349965772,-0.07548464000998711,0.0699904399496405,-0.03132331503913345,-0.10131375498877396,,-0.026786514402974054,,-0.040073953269109,-0.031811602216699444,0.008262351052409557,0.0292989275251041,-0.038820329893991284,-0.06811925741909539,0.0270702040868214,-0.02834835064199527,-0.05541855472881667,0.0986199984680646,-0.03874348260533118,-0.13736348107339577,-0.0579217874620203,-0.008523654698359417,0.04939813276366088,-0.0616705417756419,-0.010144372306050897,0.051526169469591,-0.0218262277144919,0.0014956574431658819,0.023321885157657783,-0.0781934124661446,-0.02080444872518434,0.05738896374096026,-0.1167472073413495,-0.017433191617476494,0.099314015723873,-0.0676499988988862,-0.05112352768223492,0.01652647121665128,-0.0836463598200596,-0.05501611911389025,0.028630240706169346,-0.0130460945774562,-0.047861050026858566,-0.034814955449402364,-0.0318460049430116,-0.038078458606708936,-0.006232453663697339,-0.0359267384398926,-0.03690840949542154,-0.000981671055528939,-0.0237098520793709,-0.07423421540448703,-0.05052436332511613,-0.0239098418561044,-0.021238816334377447,0.002671025521726954,-0.0180599833121514,-0.055707068249774366,-0.03764708493762296,-0.0329370315509191,-0.03246574787242239,0.0004712836784967131,-0.0263317962137197,-0.02887372977056298,-0.0025419335568432795,-0.0294170401515536,-0.035834816540034384,-0.006417776388480782,-0.0184706271880449,-0.04313108743327283,-0.024660460245227934,-0.0192804653992138,-0.0430074328936066,-0.023726967494392796,-0.0090862433683076,-0.050508765373814775,-0.041422522005507174,-0.0098118636471049,-0.029517955300186888,-0.019706091653081986,-0.0170487421966347,-0.0288141469191057,-0.011765404722471,-0.0484460461787125,-0.034515032150300225,0.013931014028412278,-0.005607776261037,-0.035531355827539975,-0.029923579566502975,-0.0013335602990376,-0.03386682578172805,-0.03253326548269045,0.0254906680751064,-0.04886582425989251,-0.07435649233499891
2022-09-01,,-0.05142240303612807,,-0.1307752123563299,-0.10637496881053372,0.024400243545796188,-0.0612881527486329,-0.06329509782097556,-0.0020069450723426627,-0.1730479661348173,-0.11417599678582319,0.05887196934899411,-0.0638122016086434,-0.14291701829426537,-0.07910481668562197,-0.0808434984572163,-0.08455119461717944,-0.0037076961599631364,-0.0821064562126859,-0.08574011467422846,-0.003633658461542552,-0.0669215296055052,-0.04508447745989771,0.021837052145607487,-0.1149108442691204,-0.09301415385331678,0.021896690415803624,-0.1160410898309167,-0.0905594031345927,0.025481686696324002,-0.1660434524251566,-0.12247346275150607,0.04356998967365054,-0.1410169769570796,-0.08325100297813647,0.05776597397894313,-0.0961808278458125,-0.10905530066359718,-0.012874472817784685,-0.0840605703969027,-0.10061848069982735,-0.01655791030292464,-0.1999020655769357,-0.15666009596233157,0.04324196961460414,-0.1298903759351163,-0.08524620448969261,0.04464417144542368,-0.0588226270254209,-0.10137414700398656,-0.04255151997856566,-0.1048191040694976,-0.10547489711168799,-0.0006557930421903918,-0.0715304364263584,-0.12610627444823908,-0.05457583802188068,-0.0919171073165428,-0.12737398498677258,-0.03545687767022977,-0.1107787920561,-0.07645493774136065,0.03432385431473935,-0.0809244935508649,-0.0429516018835508,0.037972891667314095,-0.0761838677193919,-0.12471958864909509,-0.048535720929703194,-0.0973208873267778,-0.11839853268716874,-0.021077645360390945,-0.1258614499045437,-0.10938411574101106,0.016477334163532642,-0.1263840774866778,-0.10823970839727794,0.018144369089399856,-0.1531722686252931,-0.1122203863892691,0.040951882236024,-0.0344950066941604,-0.12886432162904596,-0.09436931493488557,,-0.10940736185513093,,-0.0823225006859739,-0.05692891181942109,0.025393588866552803,-0.0495508997353628,-0.08112661077728853,-0.031575711041925726,-0.0473422709880983,-0.08970691803587055,-0.04236464704777225,-0.0476378788947114,-0.09016640766357048,-0.042528528768859084,-0.1214955814180642,-0.07496894631475999,0.04652663510330421,-0.0950675824564138,-0.1252936391582196,-0.030226056701805795,-0.0944487228648237,-0.12349420178054969,-0.029045478915725995,-0.1480094157904252,-0.13292439581767548,0.01508501997274972,-0.0788816396500851,-0.0977678933460638,-0.018886253695978697,-0.0677006204868505,-0.08731313742342367,-0.019612516936573177,-0.1171931306781901,-0.07760020735929772,0.03959292331889237,-0.0658013819501671,-0.0758816302577845,-0.01008024830761739,-0.0651764378628891,-0.07617011278858038,-0.010993674925691282,-0.1418827563043055,-0.06463143954106872,0.07725131676323678,-0.0815941240486225,-0.13016122849421577,-0.04856710444559327,,-0.05018212371765164,,-0.0566406742602637,-0.09182428014077783,-0.03518360588051413,-0.0952892844664009,-0.10433932930576933,-0.009050044839368429,-0.0888040707766592,-0.10254347213280748,-0.01373940135614829,-0.0599582648060987,-0.11721874014168462,-0.057260475335585925,0.0007819013196902,-0.054101900742173484,-0.05488380206186368,0.0050354612582528,-0.05314293057947133,-0.05817839183772413,-0.0941525272116033,-0.0972736913365385,-0.003121164124935197,0.041013027849867,-0.05332030666397778,-0.09433333451384478,-0.0660701296036598,-0.06683737093327581,-0.0007672413296160169,-0.1342236850363236,-0.12891632864114377,0.005307356395179819,-0.1411710122822876,-0.10405407321197718,0.03711693907031041,-0.0573617590908625,-0.07479529989155542,-0.01743354080069292,-0.0777900026452348,-0.0851765570413481,-0.007386554396113312,-0.074341026990512,-0.0803335576521121,-0.005992530661600104,-0.1827351266830084,-0.1546166522207051,0.02811847446230331,-0.0762562238042829,-0.09108466887701425,-0.014828445072731344,-0.1712965971887661,-0.13963599644347335,0.031660600745292755,-0.1092806231322515,-0.08933110481510347,0.01994951831714803,-0.1047878030959778,-0.08494022720987685,0.01984757588610095,-0.1478346806069179,-0.10811759125555342,0.039717089351364476,-0.1444381477165685,-0.10573602239095765,0.038702125325610834,-0.1349235984487783,-0.10616308511335895,0.028760513335419347,-0.8878669082719844,-0.14726858391011644,0.740598324361868,-0.1156350856260335,-0.059525705154569016,0.056109380471464486,-0.1114939687105183,-0.05683320228529076,0.05466076642522753,-0.1191898700950249,-0.07929694089523481,0.03989292919979008,-0.0895439366340091,-0.08841373394273504,0.0011302026912740626,-0.0843827715752843,-0.08292000051311645,0.0014627710621678558,-0.1973704107103477,-0.10484663228877676,0.09252377842157093
2022-10-01,,0.08746745308695231,,0.1771493251951936,0.13285465824377218,-0.044294666951421424,0.0064813444879798,0.07118138681133306,0.06470004232335326,0.1201546727614082,0.10984896972304255,-0.010305703038365657,-0.0657056019932464,0.07792401217277647,0.14362961416602288,0.1167033349139511,0.11984551716608505,0.003142182252133946,0.116965591529049,0.11978650288304288,0.0028209113539938713,0.0246846582659165,0.0640425983878277,0.03935794012191121,0.0377009394684672,0.04530330772461465,0.007602368256147449,0.0351161774283594,0.04630794494429445,0.01119176751593505,-0.0311690366610672,0.03319024098276563,0.06435927764383283,0.1088291833591445,0.10286918219519763,-0.005960001163946876,0.0778044278419253,0.11781571767905982,0.04001128983713452,0.0700292308338908,0.12481939673616588,0.054790165902275076,0.103653029807456,0.12369496721688755,0.020041937409431554,0.0948557657894708,0.10247964513835627,0.007623879348885462,0.2512595843484407,0.08918578962892497,-0.16207379471951572,0.113548310553715,0.09030148976780732,-0.023246820785907688,0.1122538119139611,0.13099327752337145,0.018739465609410352,0.0883327548541121,0.13911281693631458,0.05078006208220248,0.0444965817487566,0.09632798106357834,0.051831399314821745,0.2565295805849115,0.1175622387039784,-0.13896734188093307,0.0826805480973551,0.10521631533863252,0.022535767241277413,0.0609203249644071,0.0012803575896362974,-0.0596399673747708,0.0923110719790146,0.071968437002372,-0.0203426349766426,0.0920255580415418,0.07085781967786556,-0.021167738363676247,-0.0340942735907479,0.04803365023294173,0.08212792382368964,0.1569598186416815,0.07836175641091485,-0.07859806223076664,,0.01591827979587183,,0.1075344841369988,0.0880452234406219,-0.019489260696376895,0.039632063562355,0.08973868547114805,0.05010662190879305,0.1251165643270533,0.11343595298308265,-0.011680611343970637,0.1217236206189844,0.11635671917147625,-0.005366901447508149,-0.0341015734943159,0.06775737488510304,0.10185894837941895,0.1587604253900942,0.1287576274801525,-0.030002797909941703,0.1601252563569521,0.12843673569120753,-0.03168852066574457,0.1220114369942869,0.086120174698331,-0.035891262295955906,0.0505840801261301,0.0724275716502979,0.021843491524167792,0.0522520746099458,0.0736373937360632,0.021385319126117408,0.0273250163621057,-0.023463129327565817,-0.05078814568967152,0.0800728003355054,0.05985841756701732,-0.02021438276848808,0.0835472437491361,0.06584445766248509,-0.017702786086651004,-0.0542202752313114,0.12879708402880158,0.18301735926011298,0.0268401000982667,0.15885675569288193,0.13201665559461523,,0.09574074671866517,,0.1110715907202673,0.09041440361963224,-0.020657187100635063,0.246481922505517,0.16914623435119563,-0.07733568815432137,0.2500901268878548,0.18744277784447141,-0.0626473490433834,0.1656119070768435,0.15267678020034872,-0.012935126876494785,0.1039417684608368,0.05773963459406348,-0.046202133866773326,0.1072933150895625,0.06110700023139473,-0.046186314858167765,-0.0876502400875407,-0.06133792483949141,0.026312315248049292,0.0028437149448111,0.09137575437679066,0.08853203943197956,-0.0254655575159685,0.09999027774693432,0.12545583526290283,0.058982256666656,0.12784070848556564,0.06885845181890965,0.0206678502575368,0.11467469768732487,0.09400684742978807,0.093337020833128,0.07982223452854054,-0.013514786304587467,0.0177886317316083,0.05766711718376548,0.03987848545215718,0.0125582148986393,0.051994033380951654,0.039435818482312354,0.039761856438924,0.12326288420807034,0.08350102776914634,0.1708223667941244,0.1358172897364575,-0.035005077057666895,0.1750733124957754,0.14986840625550707,-0.025204906240268332,0.0544351630799513,0.08996493976641572,0.03552977668646442,0.0466991852927946,0.08555211477059914,0.03885292947780454,0.0518579615798626,0.10850179749456856,0.05664383591470596,0.0834637231978767,0.11118780282713123,0.027724079629254522,0.0777711184345449,0.10518599328362604,0.027414874849081144,0.0823588354262633,0.12861548897414624,0.04625665354788294,0.0381418438547804,0.07860413891909829,0.04046229506431789,0.0367584030257992,0.07784411593512404,0.04108571290932484,0.0977276321842552,0.08446670924086386,-0.013260922943391346,0.1335658872617957,0.10269335411242853,-0.030872533149367165,0.1347089683382606,0.09767184934032756,-0.037037118997933036,0.0038034269913476,0.06783861657558925,0.06403518958424165
2022-11-01,,0.01732954474558362,,0.0896624716882648,0.059479661066550414,-0.030182810621714386,0.0497068897290844,0.0574242989273197,0.007717409198235298,0.1700712055200074,0.08403124245876169,-0.08603996306124571,-0.0780765919703807,0.031142040743062042,0.10921863271344273,0.0535551679290453,0.030352111194112213,-0.023203056734933086,0.0558608151359694,0.031201473158129045,-0.02465934197784035,0.0321877288552278,-0.0026684435615179497,-0.03485617241674575,0.0593062174395247,0.04411514790729652,-0.01519106953222818,0.0658606287808871,0.04907273910516074,-0.016787889675726357,-0.1675184268469335,-0.04240159199728809,0.12511683484964542,0.095236975085355,0.08118182312508107,-0.014055151960273932,0.0940256482732254,0.06933903499773018,-0.02468661327549522,0.0995876187091255,0.07415854126130761,-0.025429077447817888,-0.0518567007406961,-0.0007615427367340648,0.051095158003962034,0.0345047416340585,0.06768189603146417,0.03317715439740567,-0.1182412302347682,0.007388921881361014,0.1256301521161292,0.0930926352945008,0.0563228492304384,-0.03676978606406241,0.0825181495996496,0.06874082423551323,-0.01377732536413638,0.0606054914303012,0.06660259316022854,0.0059971017299273385,0.1006985503832414,0.08434421257484172,-0.016354337808399677,0.0173017106712223,0.05639492872450482,0.039093218053282516,0.0681586721030365,0.0487334123100594,-0.0194252597929771,-0.0985936430964818,-0.057614205707894425,0.04097943738858738,0.042754726281274,0.07108318683684478,0.028328460555570784,0.0418919186711986,0.07440827101423313,0.03251635234303453,-0.0118979849384592,-0.020493392719322875,-0.008595407780863675,0.0764645662536311,0.017677196870447404,-0.0587873693831837,,0.02632527496680337,,0.0371182951215507,0.06509587033953382,0.027977575217983115,0.0456100079683429,0.03386968017260254,-0.011740327795740357,0.0256095616026996,0.04887981112306485,0.02327024952036525,0.0288874872649783,0.05217839554005657,0.02329090827507827,0.0779654581013308,0.002187862568165385,-0.07577759553316542,0.1028754762517229,0.0666592262195562,-0.036216250032166705,0.1174510751200357,0.07097487344285304,-0.046476201677182666,0.0149573995552196,-0.00917852498746155,-0.02413592454268115,0.0963745397349381,0.04093076262251684,-0.055443777112421266,0.0972544014435657,0.050632641036018,-0.0466217604075477,-0.0334799838783216,-0.06009150528800279,-0.02661152140968119,0.0447903708118473,0.03784233753501328,-0.00694803327683402,0.0474728044420592,0.04695894390395596,-0.0005138605381032404,-0.0861880182404887,0.048201666189252215,0.13438968442974092,0.1620259280959787,0.07288953532619297,-0.08913639276978574,,0.05789604067785284,,0.0425873616287634,0.045416438929093805,0.0028290773003304057,0.0032949777163187,0.07956343402902971,0.07626845631271101,0.0043942897892833,0.0721666983410464,0.0677724085517631,0.0348982789369524,0.025966151209118694,-0.008932127727833708,0.0577579741108579,0.036269283762945435,-0.021488690347912467,0.0622067593993434,0.042023252075616635,-0.020183507323726764,-0.1673728752436403,-0.12763375966606655,0.03973911557757376,0.1339504816185956,0.08119568143138321,-0.05275480018721239,0.0231025136584522,0.04733640787162518,0.024233894213172978,0.0753739431269038,0.04092541582414776,-0.03444852730275605,0.0094353946451025,0.06873183604238198,0.05929644139727948,0.0637097280547647,0.06964418356479768,0.005934455510032979,0.0268876751882207,0.05292015138763875,0.026032476199418054,0.0254513011493852,0.05321677812849021,0.02776547697910501,-0.0350905180653079,0.02577838949297589,0.060868907558283794,0.0305363936250098,0.05402930320995915,0.02349290958494935,0.1130906059185205,0.07332791302477419,-0.039762692893746315,0.0782023631001143,0.0401572702869852,-0.0380450928131291,0.0835436683147764,0.03957689594957614,-0.04396677236520026,-0.0825684316027833,0.020605802684784888,0.10317423428756818,0.1070017800119209,0.06266111191555197,-0.044340668096368926,0.1107336857915228,0.06194479510789998,-0.048788890683622826,0.0005217614260253,0.025045397291751106,0.024523635865725806,0.0621083414517831,0.06209319774520531,-1.5143706577791516e-05,0.0589496018559798,0.06553737884083141,0.0065877769848516135,-0.0098421380181681,0.038744643771755925,0.048586781789924025,0.0469431986243145,0.05761771807381147,0.010674519449496968,0.0549346870600573,0.05965457062128347,0.004719883561226171,0.0454044943986077,0.021020030672228525,-0.024384463726379174
2022-12-01,,-0.02739559623455234,,0.0106618312352914,-0.06593205162051423,-0.07659388285580562,-0.0608561049986336,-0.03551875350141084,0.025337351497222764,0.0054210039996532,-0.059659016311317814,-0.06508002031097102,-0.2765252306198521,-0.12353925671678981,0.15298597390306232,-0.0637162739771547,-0.07137056617341153,-0.007654292196256837,-0.0630760097759419,-0.0727877059437153,-0.009711696167773398,-0.0121732741557362,-0.0353117903080699,-0.0231385161523337,-0.0654634763847485,-0.080020453790154,-0.0145569774054055,-0.0672573536345042,-0.07805266075348395,-0.010795307118979747,-0.0683044690403357,-0.10217409626140189,-0.03386962722106619,-0.0268704496781351,-0.023268923908442447,0.0036015257696926546,-0.0546665244532944,-0.06507426250189888,-0.010407738048604474,-0.0499274594017982,-0.04758877421851486,0.00233868518328334,-0.2342011479927275,-0.10687576579894018,0.12732538219378733,-0.0612430841309079,-0.030405244251885396,0.030837839879022503,,-0.05592369210207042,,-0.0574320254006806,-0.07161438445742276,-0.014182359056742158,0.0063054488389532,-0.07895069403127992,-0.08525614287023313,-0.0495233492985845,-0.07932233024492298,-0.029798980946338482,0.0125905687931941,-0.02296638717487315,-0.03555695596806725,-0.0108866532170349,0.020810813040589946,0.031697466257624846,-0.0649871742080641,-0.08026258781434142,-0.015275413606277322,-0.1696855226368558,-0.06876519878410137,0.10092032385275443,-0.1077203230573955,-0.08298303857885994,0.024737284478535557,-0.1091925727405972,-0.0820158695816265,0.027176703158970694,-0.025596947966077,-0.08488671676003387,-0.059289768793956865,-0.0526850437740627,-0.11937831771324871,-0.066693273939186,,-0.10212555751514049,,-0.0239184257444674,-0.008424011074967937,0.015494414669499464,-0.0473828299881322,-0.03150066876981206,0.015882161218320145,-0.0309554345214006,-0.0568583848085623,-0.025902950287161698,-0.0270441343530996,-0.055872075814466515,-0.028827941461366916,0.0112444828822657,-0.05656513454328547,-0.06780961742555117,-0.0406111051931676,-0.07550723144649836,-0.03489612625333076,-0.0387820071163497,-0.07365081251590477,-0.03486880539955507,-0.131569056647994,-0.09868224428374793,0.03288681236424608,-0.0301962190062806,-0.0629445001829725,-0.0327482811766919,-0.0260696538097523,-0.05540280595491073,-0.02933315214515843,-0.1004856377073446,-0.13098814351494698,-0.030502505807602373,0.0032233055960667,-0.041419551864101026,-0.044642857460167724,0.004329874416533,-0.037942727300824916,-0.042272601717357916,0.2434169330673712,0.0034708843070015245,-0.23994604876036968,-0.0361380335823733,-0.06493962503268921,-0.02880159145031591,,0.016474541529213033,,-0.0717825682305041,-0.05456905032564491,0.0172135179048592,-0.0371552005110609,-0.034624306809459805,0.002530893701601096,-0.0312260675601817,-0.0345543611334814,-0.003328293573299699,-0.0166483254360915,-0.06604784966221192,-0.049399524226120414,-0.0173989412537104,-0.023439242697888663,-0.0060403014441782615,-0.015767966076544,-0.020559332723890388,-0.004791366647346387,-0.1415358518735696,-0.11128471143555034,0.030251140438019256,0.0220930953231084,0.007193964359556863,-0.014899130963551537,-0.0025230067791704,-0.02526659546628698,-0.02274358868711658,-0.0524172136920118,-0.10228314836344085,-0.04986593467142905,-0.0398125514729493,-0.055414860349149275,-0.015602308876199976,-0.0625555806590484,-0.04257791079757114,0.01997766986147726,-0.0901779992694537,-0.059862048252375066,0.030315951017078638,-0.0891292715846529,-0.05806910459222576,0.031060166992427148,-0.1624036410576337,-0.09807735911996668,0.06432628193766701,-0.0186449556489602,-0.03869336227439273,-0.020048406625432533,-0.0737567513237737,-0.08074448860044064,-0.006987737276666947,-0.0611504126709444,-0.06594578103409503,-0.004795368363150629,-0.0590624758113488,-0.06364782523987882,-0.0045853494285300195,-0.0806985686029978,-0.07093648856344022,0.009762080039557586,-0.0758342283126448,-0.06143666591227162,0.014397562400373182,-0.0716942748274747,-0.0633804460628351,0.008313828764639597,-0.0702916996398781,-0.0789024454414074,-0.008610745801529304,-0.0241079514806202,-0.018734300942325696,0.005373650538294503,-0.0178187435339776,-0.01492935630954436,0.0028893872244332396,-0.0579698131400996,-0.03853489788081799,0.019434915259281607,-0.0538298922143622,-0.04456648246178287,0.009263409752579325,-0.0519668947347778,-0.04066222898557426,0.011304665749203538,-0.0418326499116729,-0.0719826907611486,-0.0301500408494757
2023-01-01,0.0946608626352831,0.06989847147147751,-0.02476239116380559,0.0618138782764411,0.059242960116509556,-0.0025709181599315456,0.0013126305217101,0.0392693172924059,0.0379566867706958,0.0824991198316299,0.07041081579438181,-0.012088304037248088,0.293664533090056,0.1792882417460404,-0.11437629134401561,0.0978076193839809,0.059551878493043116,-0.038255740890937785,0.1020639388262888,0.059306107122915626,-0.04275783170337317,0.0440684343695992,0.03944933262708301,-0.004619101742516195,0.0933454530662501,0.09442219036116806,0.0010767372949179593,0.0907640723331231,0.09030775465169973,-0.0004563176814233738,0.2950930445049336,0.12046605714889451,-0.1746269873560391,0.0289166211400971,0.005509074943132905,-0.023407546196964196,0.0822242987762279,0.06268844673249985,-0.019535852043728055,0.0781819087468557,0.045319563979659395,-0.0328623447671963,0.0106383710097338,0.1091566636152575,0.0985182926055237,0.1468499359923655,0.030062994131379705,-0.1167869418609858,0.1696417547995224,0.0484534414763638,-0.1211883133231586,0.0500039138548696,0.08011958275615773,0.030115668901288126,0.1383007699846139,0.10498016376369984,-0.03332060622091407,0.1267239623109836,0.0978904159089225,-0.028833546402061094,0.0061815905869561,0.012887610455015033,0.0067060198680589335,-0.0195292435094441,0.045002558258827687,0.06453180176827178,0.0929394776634819,0.12007853794590401,0.027139060282422106,0.0542317149765538,0.0571334973887293,0.0029017824121754937,0.1209439880664802,0.10669146404266086,-0.014252524023819338,0.1205413345677799,0.10469084879392665,-0.015850485773853257,0.104953161155025,0.08573787519499827,-0.019215285960026723,0.19830459184961,0.14632260555652823,-0.05198198629308176,,0.11696727720933127,,-0.0234926365626892,0.006338706319286174,0.029831342881975375,0.0184969244628843,0.05897820938798943,0.040481284925105124,0.0127512379169741,0.050227289131170166,0.03747605121419607,0.0010169499589971,0.04909170776501862,0.04807475780602152,0.1966270212909993,0.07210718429337791,-0.12451983699762138,0.0850949825803333,0.09347772505049934,0.008382742470166044,0.0723775755594633,0.08984961735552587,0.01747204179606257,0.297272536002618,0.09762706997857772,-0.19964546602404026,0.0368210662184287,0.09436267248340612,0.05754160626497742,0.0174215992305778,0.07818164011904882,0.06076004088847102,0.3324567422915193,0.12954578253998383,-0.20291095975153545,0.0266799545195361,0.05874071289991719,0.03206075838038109,0.0248466707750186,0.052138714095781864,0.027292043320763265,0.1958607525149298,0.03838104030152383,-0.15747971221340595,0.1632683535241112,0.08523801864518135,-0.07803033487892985,,0.008726005319118574,,0.0728219544209424,0.07500352573772559,0.00218157131678319,0.0373502898671873,0.02640061452172639,-0.010949675345460912,0.037903001612574,0.02459571862012326,-0.013307282992450736,0.0646645596809677,0.05220500194149163,-0.012459557739476067,-0.0215079590902003,0.04035500784320158,0.06186296693340188,-0.0262742852552091,0.0351456344266712,0.0614199196818803,0.1825296100279725,0.11159356444299125,-0.07093604558498125,0.1223623735761489,0.0033695972797798063,-0.11899277629636909,0.1177445319354238,0.024434673527150706,-0.09330985840827309,0.1411351881917966,0.12302331811953562,-0.018111870072260977,0.0978466162085824,0.059181566930450194,-0.038665049278132205,0.0973653651563817,0.04792430036737143,-0.04944106478901027,0.1202111178318254,0.08218227055075518,-0.03802884728107023,0.1171678624863754,0.07975868833093042,-0.03740917415544498,0.1093373230871902,0.08220543627742039,-0.027131886809769815,0.0139504986083152,0.07511633640396036,0.061165837795645155,0.1989214781378361,0.08990397136403915,-0.10901750677379694,0.0988202136048479,0.070382408810737,-0.0284378047941109,0.0924938405313503,0.06869359345798053,-0.02380024707336978,0.1664038030152086,0.06697165410656623,-0.09943214890864237,0.0758683914927063,0.06737529826205403,-0.008493093230652268,0.067128881799894,0.06620944569184145,-0.0009194361080525487,0.0150368496323748,0.06112295167757268,0.04608610204519788,0.0087501088489612,0.01785465042397347,0.009104541575012271,-0.0012943251927766,0.013044960339486461,0.01433928553226306,0.0506367332391483,0.051013602102837216,0.0003768688636889145,0.0610614859953127,0.06119388290416653,0.00013239690885383237,0.0498936927039584,0.05619166376721934,0.006297971063260938,0.1164069830860528,0.0619898565681389,-0.054417126517913895
2023-02-01,-0.0283918544976284,-0.009194895996612811,0.01919695850101559,-0.0062708998300975,-0.031422087141546345,-0.025151187311448844,-0.0086009905735652,-0.011481688389876997,-0.0028806978163117974,-0.0574341982153504,-0.020370320063199082,0.03706387815215132,0.1032408094041614,-0.020485700859383452,-0.12372651026354485,-0.0228038912004509,-0.028475259035343987,-0.005671367834893089,-0.0238975752384775,-0.029612684897361997,-0.0057151096588844985,-0.0026892745590612,-0.013008882436284255,-0.010319607877223054,-0.0232336566910189,-0.017714934247406673,0.005518722443612227,-0.0231278868318746,-0.016381777440952337,0.0067461093909222634,-0.0830528193432084,-0.04425887803966235,0.038793941303546055,-0.0499324352221423,-0.022604249070954104,0.027328186151188198,-0.0246959066463041,-0.026107072409386246,-0.001411165763082145,-0.0241529713421399,-0.024618500112203203,-0.00046552877006330456,-0.0666050459380644,-0.058606492551998124,0.007998553386066282,-0.0544109134179129,-0.026509913824069684,0.027900999593843213,-0.1434448623247997,-0.04049777390046612,0.10294708842433357,-0.0006700925929862,-0.024639048860901677,-0.023968956267915478,-0.0187073025817891,-0.02049710530500143,-0.0017898027232123269,0.0028808210960307,-0.02490490438492519,-0.02778572548095589,-0.0352601044830771,-0.018423930798443792,0.016836173684633308,0.0260352150175604,-0.0022133053058324818,-0.028248520323392885,0.0481301890088135,-0.024025713480144744,-0.07215590248895824,0.0150419117388268,-0.06222360444363978,-0.07726551618246658,0.0295316929172766,-0.014486691229051996,-0.044018384146328596,0.0322164681527156,-0.013561899150133484,-0.045778367302849086,-0.0096572862861177,-0.046250681291381865,-0.036593395005264165,-0.0436704769733257,-0.031097722441169984,0.012572754532155714,,-0.02398236439065378,,-0.0078153400540153,-0.017406195729850145,-0.009590855675834845,-0.0372569520680837,-0.025083833932571204,0.012173118135512497,-0.0324360379137696,-0.02790970846325703,0.004526329450512574,-0.0385336495775405,-0.027442847139593034,0.011090802437947463,-0.0197064206689503,-0.019555295618932895,0.00015112505001740537,-0.0126233015969318,-0.02890431043631453,-0.01628100883938273,-0.0166969222745183,-0.028524898212389252,-0.011827975937870952,-0.0056159860481977,-0.042653495573009015,-0.037037509524811316,-0.0519363096161693,-0.02019299262593255,0.031743316990236754,-0.0554431587266678,-0.01657342800065835,0.03886973072600945,0.017659550345847,-0.02554847807459938,-0.04320802842044638,-0.026987033087904,-0.022224371401585015,0.004762661686318986,-0.0267250807324882,-0.022037361834109138,0.0046877188983790626,-0.0987084112074393,-0.01597149879063442,0.08273691241680488,-0.034053642771073,-0.03902590858422007,-0.004972265813147074,0.0027831625335286,-0.003100653241765674,-0.005883815775294274,-0.0196068119868137,-0.019733626111861212,-0.0001268141250475134,-0.0696569644469798,-0.034267506719119614,0.03538945772786019,-0.0715453915287618,-0.03799336389567341,0.033552027633088385,-0.1008226315237324,-0.04244534689880657,0.05837728462492583,-0.0474859141956233,-0.015864055021931164,0.03162185917369213,-0.0457232826238575,-0.015526299178966894,0.030196983444890604,-0.1022614824964785,-0.05604192870701784,0.04621955378946066,-0.1544962537383037,-0.013617917215947052,0.14087833652235665,-0.0815966789808295,-0.024038312555487284,0.05755836642534222,-0.0200136823280078,-0.023532126899509415,-0.003518444571501616,-0.0739771198369679,-0.02087785567389753,0.05309926416307038,-0.028405750232892,-0.008643794856991956,0.019761955375900045,-0.0541547295817541,-0.012528479051576672,0.04162625053017743,-0.0538319121219579,-0.01083295975058182,0.042998952371376076,-0.0775210594995314,-0.04735321028769658,0.030167849211834824,-0.0002229433926542,-0.016469752668876746,-0.016246809276222546,0.0087926994153461,-0.035516225340976176,-0.044308924756322275,-0.0399533591617922,-0.02296738862179107,0.01698597054000113,-0.036349322814542,-0.022332178676425084,0.014017144138116916,-0.0688267416411776,-0.0360573436077536,0.03276939803342399,-0.0027264458821247,-0.02680024549357226,-0.02407379961144756,-0.007322720902579,-0.02876702023992265,-0.02144429933734365,0.0335537268790374,-0.05891612865329771,-0.09246985553233511,-0.0570365074343999,-0.015170495345389619,0.04186601208901028,-0.0587439656018781,-0.014815579655113216,0.04392838594676488,-0.0907173391156248,-0.01656754929206525,0.07414978982355955,-0.0049783728348287,-0.017636761104109843,-0.012658388269281142,-0.0062189060076909,-0.016266423666512413,-0.010047517658821514,0.0050542087077759,-0.03276168050948615,-0.03781588921726205
2023-03-01,-0.0276660490203987,-0.031068908200272402,-0.0034028591798737004,0.0343340456429084,-0.023488539001472825,-0.057822584644381225,0.0656400645520616,0.03295099959576836,-0.03268906495629324,0.05635037946791,0.03071788137079712,-0.02563249809711288,0.0016805774673476,0.03364320621375759,0.03196262874640999,-0.0913753065609605,-0.05115957956381615,0.04021572699714435,-0.086052936877865,-0.04754709322240914,0.03850584365545586,-0.1532710447249975,-0.07022384215243797,0.08304720257255953,0.0941814679020596,0.07398154655147558,-0.020199921350584016,0.1020530005967193,0.07924167062510734,-0.022811329971611963,-0.1025402548032852,-0.0521847434968297,0.0503555113064555,0.0271069884061476,0.009113416099617782,-0.017993572306529818,-0.0208901642924042,0.001747229977541055,0.022637394269945255,-0.0106110802906228,-0.007661872395891073,0.0029492078947317276,-0.1895938871093216,-0.09131315768966825,0.09828072941965335,0.0040687582423357,0.02003091869607858,0.01596216045374288,-0.0554408856068575,-0.07073363323558504,-0.015292747628727545,0.0617153263078148,0.02963823570753425,-0.03207709060028055,0.0495078786617056,-0.009542331286412766,-0.05905020994811837,-0.0330143715414039,-0.021981719617951378,0.011032651923452524,0.0438104821972324,0.03337243657647682,-0.010438045620755579,0.0081114084607406,-0.010600490228033655,-0.018711898688774257,-0.0247304377677948,0.009797430770580524,0.03452786853837533,-0.002591265656512,-0.06326520935396565,-0.06067394369745365,0.113140868914117,0.08319137655871393,-0.029949492355403062,0.1185016756435739,0.08903052143670567,-0.02947115420686823,-0.0406973196022643,-0.037561363549218754,0.0031359560530455424,0.0311669905110012,0.016545748361035707,-0.014621242149965491,,0.08905874242753797,,0.0427746291733497,0.01995074085853487,-0.022823888314814827,-0.0422506581941859,-0.005349459400984419,0.03690119879320148,-0.0484369265869764,-0.019125721943102855,0.02931120464387355,-0.041585980979407,-0.018590711972748843,0.02299526900665816,0.0097980490526145,-0.04986845720637527,-0.05966650625898977,0.0019560402274706,0.0038575074285835463,0.0019014672011129462,0.0073842215477575,0.012120511837915442,0.004736290290157943,-0.079230820424593,-0.09356068607952177,-0.014329865654928775,0.0375365617441133,0.033283055665362625,-0.004253506078750677,0.0433288385471636,0.040108924372912635,-0.003219914174250965,-0.0021402028999576,7.330982759161126e-05,0.0022135127275492114,0.0382442496001874,0.04087024965754487,0.0026260000573574693,0.0418936343052109,0.045958303411957044,0.0040646691067461466,-0.0426891925254732,-0.04727551750604433,-0.004586324980571127,-0.0349291234629478,-0.0021538414199443927,0.0327752820430034,,-0.04073391566256016,,0.0156961785063852,0.004088104465150633,-0.011608074041234567,-0.0137786941649814,-0.04857385570790699,-0.03479516154292559,-0.0078983983231301,-0.07668044093053512,-0.06878204260740503,-0.0639905719964218,-0.12354517205180747,-0.05955460005538567,0.0189817438363302,0.032518304046929035,0.013536560210598837,0.0242429228141709,0.03614919609913374,0.011906273284962837,-0.0812962097361475,-0.07047569734124938,0.010820512394898119,0.1519316449209732,0.0468538437882618,-0.1050778011327114,0.1502139417168227,-0.010725763932600635,-0.16093970564942334,-0.0857623027662085,-0.046956788744157665,0.03880551402205083,0.0005109207567128,-0.009206346342294596,-0.009717267099007396,0.0493751430327923,0.032886237932538746,-0.016488905100253554,0.0413346198479813,0.06094141653398748,0.019606796686006178,0.0466402707299237,0.06849839170085094,0.021858120970927236,-0.0835641029549062,-0.09784912150194441,-0.014285018547038217,-0.0401529393882996,-0.041003723081315335,-0.0008507836930157359,-0.0553229042896207,-0.014629640147317415,0.04069326414230329,-0.0352043652667563,-0.00038999352077851313,0.03481437174597778,-0.0317840853627544,0.007426983882043738,0.03921106924479814,-0.053923400225958,-0.06611903601886158,-0.012195635792903586,0.011495058266561,0.009113949135975786,-0.002381109130585214,0.0205034640321018,0.01943683041877384,-0.0010666336133279587,-0.1256984794649709,-0.07927912625185048,0.04641935321312042,0.0378388308982995,0.026893171109725077,-0.010945659788574424,0.038530498533258,0.033802920917559855,-0.004727577615698142,0.0349120832529879,-0.025724575015121563,-0.06063665826810946,-0.0005664934263215,-0.0007333172499775645,-0.00016682382365606455,0.007517201341826,0.009313595823141521,0.001796394481315521,-0.0563700832201559,-0.025762476404565506,0.030607606815590396
2023-04-01,,1.4098997820180363e-05,,0.0020649232247019,0.005377801728727403,0.0033128785040255028,0.024161236612391,0.020268886106216345,-0.003892350506174657,0.0247825293584656,0.02032765347607584,-0.004454875882389759,-0.1411438331618006,-0.019892814299106047,0.12125101886269454,0.0217791114333215,-0.01062791376481909,-0.03240702519814059,0.0265140796772135,-0.00975850457953269,-0.03627258425674619,-0.0390360182027303,-0.02187609745907734,0.017159920743652957,0.0219207235345564,0.00773256735590346,-0.01418815617865294,0.0278316427967897,0.011293546589022475,-0.016538096207767226,-0.0636414798329934,-0.05740437113358904,0.006237108699404359,0.0181526131374637,0.027456416531694464,0.009303803394230762,0.0021330643367265,0.010562741709419914,0.008429677372693414,0.0093200644209016,0.016400658323666398,0.007080593902764798,-0.1145828424326148,-0.04456488024395422,0.07001796218866058,0.0249332663690084,0.02624192891703002,0.0013086625480216198,0.0134562121584298,-0.0241626376869509,-0.0376188498453807,-0.050558746438913,0.008593052797436395,0.05915179923634939,0.0665206904615405,0.0022174346798342843,-0.0643032557817062,0.0070379742579629,0.00031294036566892466,-0.006725033892293975,0.04018413898605,0.03441677651142934,-0.00576736247462066,-0.0233801060204228,0.03509532410938358,0.05847543012980638,-0.0344593750475283,-0.0013166329450104621,0.03314274210251784,-0.1562593119094031,-0.057441326335467426,0.09881798557393567,-0.0125464398645857,0.018034876864269918,0.03058131672885562,-0.0078837912746943,0.02053864529860302,0.028422436573297318,-0.0188750854130441,-0.038113623302100316,-0.019238537889056218,0.0075355893351945,-0.02240127912738823,-0.02993686846258273,,-0.005797151408538194,,0.0410719792488886,0.03163325084978846,-0.009438728399100135,0.0274588677371853,0.008776066156175856,-0.018682801581009444,0.0385401474050833,0.004788970246267062,-0.03375117715881623,0.0419092258439032,0.006414549887023527,-0.03549467595687967,-0.0847383902001696,-0.023540724388508745,0.061197665811660855,-0.0367714492916584,0.008029871635386938,0.044801320927045335,-0.0390340236576952,0.01211357987240299,0.05114760353009819,-0.0553923994365688,-0.05220741272594534,0.0031849867106234567,-0.0531760278358956,0.00544544855141398,0.058621476387309586,-0.0498332901347205,0.012967870610646661,0.06280116074536717,-0.0252165262564912,-0.06256718256450491,-0.037350656308013715,0.0724188548850901,0.014373116748240777,-0.05804573813684932,0.0763939535293997,0.020070347561167164,-0.05632360596823254,0.4263315818839038,0.018829386546733693,-0.4075021953371701,0.0942411099218078,0.018391221889220932,-0.07584988803258687,0.0484928744182026,0.019095074335565797,-0.029397800082636805,-0.0129981100966434,0.004808529408660554,0.017806639505303954,0.0274400829071287,0.01995681542545307,-0.007483267481675628,0.0313258425786621,0.014975590536284254,-0.016350252042377843,-0.0475312122817294,-0.027241970182164753,0.020289242099564647,0.035237734218776,0.018528731882304486,-0.01670900233647151,0.0365437099834855,0.022498990435575385,-0.014044719547910117,-0.0043010528652771,-0.0982394738686714,-0.0939384210033943,0.0164751268252603,0.048291987275879134,0.031816860450618836,-0.0146430063821739,0.01608516583121183,0.03072817221338573,0.0020160509592973,-0.02226125643160766,-0.02427730739090496,0.0327878500247256,0.009038145946339306,-0.02374970407838629,0.071593724001441,0.02031869263393573,-0.05127503136750527,0.0159185898402633,0.014494665441646536,-0.0014239243986167646,0.0191243901234536,0.016556586166716004,-0.002567803956737596,-0.0617184380157998,-0.04037259007672818,0.02134584793907162,-0.0319980449343651,0.007183709288977117,0.03918175422334222,-0.0599841496696943,0.005939545379835092,0.0659236950495294,0.0017043583196521,-5.64691567556605e-05,-0.0017608274764077604,0.00538839095257,0.0024563438230256187,-0.0029320471295443814,-0.0318622106855575,-0.021938821342134516,0.009923389343422986,-0.0169146907910769,0.011650116078663328,0.02856480686974023,-0.0166962927973008,0.013024036366208618,0.029720329163509418,-0.0373135808414881,-0.024828572005234757,0.012485008836253343,0.0219033019704968,0.027195784371767884,0.0052924824012710835,0.0292514869625054,0.03130118263981852,0.002049695677313123,-0.0138588690161109,-0.0009166216087537959,0.012942247407357103,0.0133753660463081,0.011667427849863108,-0.0017079381964449913,0.0169323899640325,0.01576652934894701,-0.0011658606150854872,-0.0736442211965312,-0.01909340642964802,0.054550814766883185
2023-05-01,,-0.005647360904347822,,-0.0269915816560847,-0.03512273702855895,-0.008131155372474247,-0.027069705982106,-0.0003727479708760641,0.026696958011229937,-0.1460669474834992,-0.008030076251793385,0.1380368712317058,0.1355450650622925,0.07310286497106964,-0.06244220009122285,-0.0450899969220404,-0.028763254065732137,0.016326742856308266,-0.0446428544302962,-0.02799651502152377,0.01664633940877243,-0.0710356623399718,-0.0255145170778329,0.0455211452621389,0.0727614429942101,0.05239150107533377,-0.02036994191887633,0.0752817666856928,0.05230594195355528,-0.022975824732137516,0.0238387685143495,0.015842606773232508,-0.007996161741116992,-0.0761868788094801,-0.05103082024414092,0.025156058565339173,-0.0836253303975327,-0.02123004460240563,0.06239528579512707,-0.0812749752161521,-0.03828003206815667,0.04299494314799542,0.0031763873251209,-0.04167227002734695,-0.04484865735246785,-0.0868061837565112,-0.03293234568447626,0.053873838072034934,-0.0872080257278171,-0.050991926481448575,0.03621609924636853,0.0455506500602565,0.008613494127210854,-0.03693715593304565,-0.019674597455463,-0.0048206040702966175,0.01485399338516638,-0.0103603024567576,-0.01650044407915808,-0.006140141622400478,-0.1021898422659439,-0.03331019549786152,0.06887964676808238,-0.0402425480114529,-0.03247107897038239,0.007771469041070504,0.0199368640470308,0.016055871524274574,-0.003880992522756227,-0.0333207630683011,-0.03205261307716983,0.0012681499911312705,0.1065416615024744,0.051131161863060604,-0.0554104996394138,0.1071679146213576,0.052607020118730564,-0.05456089450262703,0.1251930115033601,-0.004925138624133372,-0.13011815012749348,0.043711183859844,0.05024747204772368,0.006536288187879678,,0.076350339986076,,-0.0549618968559123,-0.036352880333143586,0.018609016522768716,-0.0613423706795929,-0.019649574446384786,0.04169279623320812,-0.0415252132310129,-0.02944295968383078,0.01208225354718212,-0.0410984591826283,-0.031014660867171154,0.010083798315457145,0.0945474757499828,-0.008088138022677556,-0.10263561377266037,-0.0137229125077454,-0.009739780581538654,0.003983131926206746,-0.0117953910746649,-0.008772995251484773,0.003022395823180127,-0.0439676061319943,-0.02827571656937438,0.015691889562619916,-0.028802567328273,0.023240896830710435,0.052043464158983435,-0.035703011592367,0.018886170543121656,0.05458918213548866,0.0053466405467749,0.08727495984669503,0.08192831929992013,-0.054084983168332,0.009395312031618464,0.06348029519995046,-0.0554591511812931,0.004609652678440012,0.06006880385973311,-0.0503382962380117,-0.05770386951585083,-0.007365573277839134,-0.0641889201710005,-0.03248437877948204,0.03170454139151846,-0.1211576747019679,-0.05929007194827702,0.061867602753690874,-0.0089514081950946,-0.0019279810633604415,0.007023427131734158,-0.0931590034797639,-0.08214021034985054,0.011018793129913357,-0.0949763748391382,-0.09709064512306786,-0.002114270283929659,-0.1290514750897465,-0.08471283447834213,0.044338640611404356,-0.027204670163681,0.0012440772441494686,0.028448747407830467,-0.0289661795225554,-0.001829446294528434,0.027136733228026965,0.0317287945093899,0.037666682658132895,0.005937888148742992,-0.1040605276487284,-0.033164099339508285,0.07089642830922012,-0.1008755708702782,-0.03900763745491811,0.06186793341536009,-0.0160619719775628,0.00038179842941527074,0.01644377040697807,-0.0903973185206709,-0.026071027612843217,0.06432629090782768,-0.0507525003422633,0.001022360134579982,0.05177486047684328,0.0246810234839822,0.03556840984055156,0.01088738635656936,0.0287587982054897,0.03994266633245339,0.011183868126963693,-0.0729961858035107,-0.05788961844614299,0.015106567357367706,-0.0367409854718619,-0.03217331108877848,0.00456767438308342,-0.0870750990555299,-0.02890068423616824,0.05817441481936166,-0.0450664699748051,-0.0014246501444450466,0.04364181983036006,-0.0472123606853188,0.00244840267522324,0.04966076336054204,-0.308909196409578,-0.03947958261917617,0.2694296137904018,-0.0177796616179076,-0.014805186532930694,0.0029744750849769047,-0.0200252476606941,-0.010660643256967455,0.009364604403726644,-0.1055656258824533,-0.07235285106768168,0.033212774814771626,-0.0541596358099367,-0.02194115504036726,0.032218480769569444,-0.0631299830266672,-0.022347833989261656,0.04078214903740554,0.0280279611837317,-0.02359829214711128,-0.05162625333084298,-0.001176631267828,-0.015819281522031665,-0.014642650254203665,-0.002267784480065,-0.01283349799890484,-0.01056571351883984,0.0032011536846746,-0.016616921122518346,-0.019818074807192946
2023-06-01,,0.053402228763804155,,0.07535840932073,0.07633580670442885,0.0009773973836988553,0.0639283491297696,0.0551445120854383,-0.008783837044331291,0.0763820996234413,0.08678409632650216,0.01040199670306087,0.2387889561268331,0.1233861995954703,-0.1154027565313628,0.0703026659913312,0.06776195069667965,-0.002540715294651552,0.0704510717549719,0.0679114275699378,-0.002539644185034093,0.0346945138582468,0.03292433502327516,-0.0017701788349716446,0.0480294262704274,0.0776713006514515,0.0296418743810241,0.0466204395340716,0.07808756427061139,0.031467124736539794,-0.0161509497157671,0.0499205706991761,0.0660715204149432,0.0529018789733449,0.04776177269861814,-0.005140106274726754,0.0985592178961972,0.08009409804508728,-0.01846511985110992,0.1032996302007855,0.07140137055976709,-0.03189825964101842,0.1653196111800647,0.07272469231589448,-0.0925949188641702,0.0439112303762033,0.052131368886884424,0.008220138510681124,0.0590034442718558,0.03806694517559325,-0.020936499096262544,0.0663097126782753,0.07927719676995643,0.012967484091681122,0.1619649132072731,0.10480310427996911,-0.05716180892730399,0.1928488697022204,0.10125918055890974,-0.09158968914331066,0.0703410991120143,0.051999580029964784,-0.01834151908204952,0.0390533706002678,0.04931172566391023,0.010258355063642435,0.1618329786054139,0.09667006341917292,-0.06516291518624098,0.2061056425439116,-0.004723964852549251,-0.21082960739646084,0.0856871442292027,0.09888050966186707,0.013193365432664361,0.0857415502874274,0.09920072812352818,0.013459177836100775,0.0401760621277178,0.041029749790445866,0.0008536876627280657,0.0943736617601306,0.10102898589652368,0.0066553241363930815,0.108203113312043,0.0785402497140928,-0.0296628635979502,-0.0050876198109998,0.03673465012739892,0.041822269938398715,0.0657993197041742,0.04909787006038735,-0.01670144964378685,0.0416306310991073,0.06422983174003467,0.022599200640927374,0.038474367469367,0.06539963490908297,0.026925267439715975,0.0623072023078236,0.050909521018895065,-0.011397681288928534,0.1408336624917296,0.09421933490563952,-0.046614327586090076,0.1381362024764952,0.09387063775771376,-0.04426556471878143,0.1060702193267896,0.0635210633070617,-0.042549156019727905,0.0565859563842883,0.07425243301290681,0.017666476628618505,0.0541781996407304,0.0713186820979967,0.0171404824572663,-0.0044082019286263,0.05633822226943634,0.06074642419806264,0.0828304367320604,0.04957401366600561,-0.033256423066054794,0.0861762394606757,0.05038203730668732,-0.035794202153988375,-0.006065500913539,0.046197254812799585,0.05226275572633859,0.1029353099628921,0.09042095789303739,-0.012514352069854712,0.0726838641519213,0.034440060438478554,-0.03824380371344274,0.0547633365553071,0.06996583705831275,0.015202500503005645,0.066035874620528,0.06596294716049912,-7.292746002887651e-05,0.0608277826331285,0.06468298281780732,0.003855200184678824,0.0858522371063862,0.06120184183596543,-0.024650395270420775,0.0314656430336346,0.038905689058474746,0.0074400460248401495,0.0335810138949677,0.03883774116515688,0.005256727270189186,-0.1027300236253368,-0.003023604450844995,0.0997064191744918,-0.0003521395251168,0.037743138603261506,0.038095278128378304,-0.0764817487541824,0.042320985284636695,0.1188027340388191,0.0924909269522756,0.10830585541453941,0.015814928462263803,0.1155506325785494,0.07705814753252202,-0.03849248504602738,0.0498556699243571,0.06796583786448825,0.018110167940131143,0.0795738446734435,0.07396143057575826,-0.005612414097685245,0.0766819782746113,0.07229689328731015,-0.004385084987301155,0.0428096901048078,0.07483677024983557,0.03202708014502777,0.1783865632190889,0.07764721893978119,-0.10073934427930772,0.1921764786552736,0.09810915313577367,-0.09406732551949992,0.0573498972901826,0.06930400588482276,0.011954108594640162,0.0542338018244723,0.06711316017440855,0.012879358349936247,0.054168925160343,0.06056741814531265,0.006398492984969646,0.1084442518979368,0.07635798419559472,-0.032086267702342075,0.1060309765524879,0.07425754796351709,-0.03177342858897081,0.0230357247017176,0.05542905279979059,0.032393328098072986,0.0247340177881389,0.04275009511511789,0.01801607732697899,0.0295401795820397,0.04087072967096715,0.01133055008892745,-0.0013104905797389,0.054027051121379,0.0553375417011179,0.1071144834518423,0.06915203767988948,-0.03796244577195282,0.1095835794505303,0.06636601353325958,-0.04321756591727072,-0.051546412832221,0.052895693587047765,0.10444210641926877
2023-07-01,,0.06168585326041334,,0.0221733248308505,0.0634984145671909,0.041325089736340394,-0.031407637353242,0.027127064281821146,0.05853470163506315,0.0055680109091075,0.03704285325228508,0.03147484234317758,0.0392476467968854,0.06249408512798012,0.023246438331094715,0.0651853028161597,0.07603511373640963,0.010849810920249933,0.059997414321345,0.07540310634903119,0.015405692027686192,0.0798639109390467,0.04851231575073476,-0.03135159518831194,0.0422610640139126,0.024402515355556525,-0.017858548658356076,0.0412391579329478,0.02351061194856237,-0.01772854598438543,0.059840897136924,0.03535639100567878,-0.02448450613124522,0.0064645776174439,0.0196534718702431,0.013188894252799198,0.0532479251187051,0.04926403028817,-0.003983894830535101,0.050388205301702,0.04722192695907897,-0.0031662783426230287,0.1405893639294408,0.07060350758179218,-0.06998585634764862,0.0053094741048627,0.029879091540048804,0.024569617435186104,,0.04070662366591263,,0.0231099108843552,0.040817233029932155,0.017707322145576954,0.0311057670547255,0.06649434743549126,0.03538858038076576,0.0260024033185301,0.0703590262994311,0.044356622980901,0.0001799298929791,0.019538366125385245,0.019358436232406146,-0.0252954381527379,0.05476387085036722,0.08005930900310512,0.0239467051099961,0.056945383337483016,0.032998678227486915,0.0083434390747766,-0.012196551751126196,-0.020539990825902795,0.0357100905751577,0.0326848770545877,-0.0030252135205700026,0.0362557548235959,0.030792641400917586,-0.005463113422678315,-0.0663763438824265,0.03060405258610919,0.09698039646853568,0.0150990824050452,0.06303771803866812,0.04793863563362292,,0.011382341072324317,,0.019182507304022,0.022194709685622253,0.0030122023816002534,0.0210273280043643,0.039601384594846384,0.018574056590482085,0.0356024785893656,0.05565096181364633,0.020048483224280732,0.0325597976692853,0.05610323335270575,0.023543435683420447,0.004823579208939,0.048841381121945665,0.044017801913006666,0.0557114201745565,0.060438768744241395,0.004727348569684896,0.0588324084320252,0.0583839175596708,-0.00044849087235439983,0.0734209426839284,0.053973587463011376,-0.019447355220917027,0.0329796378221174,0.03659387656926746,0.003614238747150056,0.0365270968870066,0.034111746871008417,-0.0024153500159981856,0.0236841581239874,0.03678004481284874,0.013095886688861337,-0.017097827220933,0.022676279084251388,0.03977410630518439,-0.017894544860586,0.021586451499979464,0.039480996360565464,-0.0494271597873921,0.05715936192633403,0.10658652171372612,0.0770213553572039,0.07122948639334992,-0.005791868963853988,-0.0284934993659934,0.027392323673537944,0.055885823039531345,0.0339454526386035,0.04444085798930391,0.010495405350700412,0.0842632306983078,0.0663569097736768,-0.017906320924631,0.0761803353040836,0.08218222165404739,0.006001886349963792,0.0941609765961921,0.07937428994031745,-0.014786686655874653,0.0033151057307739,0.022881257091142037,0.019566151360368135,0.0031332439498805,0.02201063922745777,0.01887739527757727,-0.0586509763563566,0.0013294572047455673,0.059980433561102164,0.0316187341406959,0.015949805578601026,-0.015668928562094876,0.0162524991482701,0.040644669199099315,0.024392170050829214,0.0523937409042424,0.0831849876246916,0.03079124672044921,0.0462429517717873,0.04615366730925276,-8.928446253454042e-05,0.0057281950516668,0.029284459661650313,0.023556264609983512,0.0318045396888473,0.02575049550121069,-0.006054044187636609,0.0305261626243381,0.0229251320325542,-0.007601030591783901,0.0641527435769856,0.056065441339210736,-0.00808730223777486,0.0529359498498052,0.07124668699989714,0.01831073715009194,0.0247909214040338,0.0670729444844373,0.042282023080403505,0.0523171476220007,0.04954472210379244,-0.002772425518208263,0.0513498894574939,0.04749002828862176,-0.0038598611688721376,0.0431893490857811,0.05853934850488867,0.015349999419107571,0.0571662329322291,0.047508591052348344,-0.009657641879880753,0.0538312086909492,0.04307880490144437,-0.01075240378950483,-0.0252771697916928,0.05006080556345884,0.07533797535515165,0.01543638749714,0.021490115084236282,0.006053727587096281,0.009410247793047,0.018817277558586504,0.009407029765539504,0.0005961630747477,0.03744532012338433,0.03684915704863663,-0.0027984507076357,0.045344190900309576,0.04814264160794528,-0.0094970933599032,0.04139533424875605,0.05089242760865925,-0.0608447812037432,0.02921530224201087,0.09006008344575407
2023-08-01,,-0.03196294892392089,,-0.0142525807518533,-0.031821218611386384,-0.017568637859533085,-0.0469064697359785,0.0005555811293603309,0.047462050865338834,-0.0561406492752119,-0.018252625628817853,0.03788802364639405,-0.0463977572155284,-0.042093338368647135,0.004304418846881264,-0.0598944890051714,-0.028494611603989774,0.03139987740118162,-0.0581014676124261,-0.027937954166718623,0.030163513445707477,-0.0469062163809334,-0.03258829227811385,0.014317924102819554,-0.013339293873035,-0.0045564264241086646,0.008782867448926337,-0.0104902839751097,0.0007735011459277935,0.011263785121037493,-0.133437942198686,-0.09352761478924278,0.03991032740944321,-0.0043229348807975,-0.014093620926070364,-0.009770686045272864,-0.0314910860191064,-0.02353811651615236,0.007952969502954037,-0.0272876362684115,-0.024699113128769244,0.002588523139642255,-0.3243841171188932,-0.10588969358705717,0.218494423531836,0.0026130946089115,-0.023059868919945947,-0.025672963528857447,,-0.07199144531677869,,0.0505784655216871,-0.021416499734458288,-0.07199496525614539,-0.0259574498132232,-0.034028623673646764,-0.008071173860423563,-0.0125181549535482,-0.03854493522038987,-0.026026780266841666,-0.0227906069769362,-0.0032504393500356237,0.019540167626900577,0.0207183770920757,-0.029809153959733593,-0.050527531051809293,-0.0089343108085243,-0.04467754896970156,-0.03574323816117726,-0.1666395500978469,-0.1214679922124611,0.045171557885385794,-0.0256037559405491,-0.000453475367870413,0.025150280572678686,-0.0233805671034978,0.0031976450065522655,0.026578212110050063,-0.1521471787287663,-0.07901670303832262,0.07313047569044367,-0.0433455897530461,-0.04270362262845304,0.0006419671245930583,-0.034692214802388,-0.015560553855304148,0.019131660947083854,-0.0547745656173834,-0.009297471705261504,0.045477093912121895,-0.0607065844172482,-0.04568264734639394,0.015023937070854261,-0.0149078221892021,-0.02690411034680579,-0.011996288157603691,-0.0230670916433917,-0.02572440283858475,-0.0026573111951930517,-0.0201633777668858,-0.04448393715491732,-0.024320559388031522,-0.0229091812953576,-0.037318741406148194,-0.014409560110790594,-0.0216564917269411,-0.03293137705428667,-0.01127488532734557,-0.0997253225700604,-0.08726866192044053,0.01245666064961988,-0.0010152628032426,-0.030138738517667605,-0.029123475714425005,0.0038848840288704,-0.016382132913279654,-0.020267016942150055,0.3851988881671482,-0.03039625067059602,-0.41559513883774424,-0.0676302634561509,-0.023680170379884246,0.043950093076266655,-0.0634626381901186,-0.01957449190873235,0.04388814628138625,-0.0626270730273105,-0.048935821376972485,0.013691251650338021,-0.0403223860316916,-0.05060602993582205,-0.010283643904130446,-0.1189027539623915,-0.028221441578142843,0.09068131238424866,-0.0255501320341057,-0.029477385124553782,-0.003927253090448082,0.0239362463266593,-0.041877703506779086,-0.06581394983343838,0.0246142713598351,-0.050167638089252536,-0.07478190944908764,-0.0694140442861749,-0.07646748394364278,-0.00705343965746788,0.0265700235619825,-0.015242649299072448,-0.041812672861054945,0.0314224225737044,-0.01189233210720211,-0.04331475468090651,-0.1176709201490395,-0.11846895293676833,-0.0007980327877288307,-0.0578957531822746,-0.003465156262378209,0.05443059691989639,-0.1085920872172127,-0.02529452576958719,0.08329756144762551,-0.0245545208142325,-0.043809545139956954,-0.019255024325724453,0.025151469642131,-0.025308697129917398,-0.0504601667720484,-0.0540865361704937,0.00312859531837204,0.05721513148886574,0.0099835636457126,-0.005749244896165452,-0.015732808541878054,0.014105043904659,-0.0006902796828457212,-0.014795323587504721,-0.1141077270174093,-0.0861876782311664,0.027920048786242907,-0.0558570458060044,-0.04138660826217048,0.014470437543833925,-0.027366029736392,-0.04645207769005756,-0.01908604795366556,-0.027629301331881,-0.023075690512267853,0.004553610819613148,-0.0264808861452079,-0.01991028408814668,0.006570602057061219,-0.0590027735791294,-0.05981103885132117,-0.0008082652721917716,-0.0537640760361243,-0.027538180523071196,0.026225895513053103,-0.053451531522081,-0.02608292232448268,0.02736860919759832,-0.0673162969541788,-0.09469419651689563,-0.02737789956271683,-0.051319584849801,-0.0052194495303723,0.0461001353194287,-0.0399562521574906,-0.0020358070672677267,0.037920445090222875,-0.1431153318231094,-0.03292112681447308,0.11019420500863632,-0.0153525917601004,-0.024748695073398597,-0.009396103313298198,-0.0186785111112443,-0.019161226905626882,-0.00048271579438258216,-0.0651828712193489,-0.04746483957419528,0.01771803164515362
2023-09-01,,-0.031109494294362536,,-0.0891977904825289,-0.04956947203113193,0.03962831845139698,-0.0320227628567032,-0.02358409814261453,0.008438664714088669,-0.0407408369094697,-0.05332330680548792,-0.012582469896018217,-0.0278672972678829,-0.08964412720247185,-0.06177682993458895,-0.0350533094534911,-0.0364275592283392,-0.0013742497748481033,-0.0335940956762145,-0.037114320020061785,-0.0035202243438472863,-0.0467440213803216,-0.024401928245619,0.022342093134702597,-0.0462487059941705,-0.05023173063323963,-0.003983024639069133,-0.045421699191315,-0.046163482191849334,-0.0007417830005343323,-0.1438636365023481,-0.10575133862546467,0.03811229787688343,-0.0288015966059849,-0.03290944517984191,-0.004107848573857008,-0.0486073665030024,-0.05000082797647603,-0.001393461473473627,-0.040384787934562,-0.044371840803302254,-0.003987052868740251,-0.0609542708608138,-0.11275777696337286,-0.05180350610255906,-0.0484787074200652,-0.042835397660832275,0.005643309759232926,,-0.07120126470254182,,-0.0481970354862081,-0.05483463617124917,-0.006637600685041066,-0.0875785937905545,-0.062359263215448255,0.02521933057510624,-0.0738336252540895,-0.06315013540697205,0.01068348984711745,-0.0678551702776635,-0.02753684874356218,0.040318321534101316,-0.0880666094427996,-0.024303631335886033,0.06376297810691357,-0.0726854114153989,-0.07512540041971187,-0.00243998900431297,-0.1225723569247907,-0.12134297605019798,0.0012293808745927198,-0.0821817449165144,-0.05289416485360437,0.029287580062910025,-0.081826161317747,-0.05084603770603666,0.03098012361171034,-0.1184450802488782,-0.09124306991145806,0.027202010337420146,-0.1112892805420977,-0.0812483220291304,0.0300409585129673,-0.1180732718957483,-0.07034970867895324,0.047723563216795065,-0.0576285728194075,-0.022527700897468632,0.03510087192193887,-0.0316445603424209,-0.05513279790021661,-0.023488237557795708,0.0228344241020115,-0.04180845977494264,-0.06464288387695413,0.0270439969834674,-0.04090289777548375,-0.06794689475895115,-0.0666652430512527,-0.048304848002951116,0.01836039504830158,-0.0659321042995508,-0.06629210654930633,-0.00036000224975552,-0.0668587978413964,-0.06373720073801331,0.0031215971033830836,-0.0616116689722767,-0.09315285174320603,-0.031541182770929335,-0.0733877689236133,-0.060265848700186336,0.013121920223426967,-0.0729049379646222,-0.047053195427362186,0.025851742537260018,0.0256752438806863,-0.06026741305076434,-0.08594265693145064,-0.0652592050481403,-0.04819167360709661,0.017067531441043685,-0.061462625073102,-0.04537239408565925,0.01609023098744275,0.030955630218485,-0.03926757135688746,-0.07022320157537246,-0.0087399013371696,-0.07323938564854945,-0.06449948431137985,-0.0151456822764058,-0.021737641460378168,-0.006591959183972368,-0.0444602300261061,-0.050539024418492305,-0.006078794392386205,0.0293138500189142,-0.04640937462122709,-0.07572322464014128,0.0321164398069227,-0.045553520019244176,-0.07766995982616687,0.0312184426109716,-0.06683745010749619,-0.09805589271846779,-0.0408649480611116,-0.031961297733463456,0.008903650327648144,-0.0377475664407424,-0.02928309404923781,0.008464472391504586,-0.1546400206022622,-0.11944712317383138,0.03519289742843082,-0.0823626508793414,-0.020351618991080504,0.0620110318882609,,-0.03274579184441281,,-0.1053166993354497,-0.0661468736751638,0.0391698256602859,-0.0693396769758645,-0.04734707545187328,0.021992601523991226,-0.0503223442784103,-0.025674873849483026,0.024647470428927273,-0.0590142618672406,-0.04380292699106199,0.015211334876178609,-0.0588952169798783,-0.04005844363871659,0.018836773341161704,-0.1080467766127676,-0.09582613171458701,0.012220644898180588,-0.0548604202119827,-0.04686597101902246,0.007994449192960246,-0.0577760973902734,-0.07323780497690148,-0.015461707586628078,-0.0496863318197761,-0.0449332584108463,0.004753073408929803,-0.0486735464773073,-0.042624128754595356,0.006049417722711947,-0.0485619473277922,-0.06544692236490246,-0.016884975037110263,-0.0433454315695918,-0.05334632548887458,-0.010000893919282779,-0.0442848713213967,-0.054707496936491976,-0.010422625615095278,-0.0186425212981771,-0.10031918171274246,-0.08167666041456535,-0.0503862304453658,-0.02329688700931444,0.027089343436051357,-0.0448951771889188,-0.02096007288340778,0.023935104305511018,-0.0868027669652559,-0.04268876029597749,0.044114006669278415,-0.0186669467383977,-0.043317391024675383,-0.024650444286277683,-0.0125694857066736,-0.039144253770429835,-0.026574768063756235,-0.0812753803962168,-0.06531998271083121,0.01595539768538559
2023-10-01,,-0.030274581903067657,,0.0238156439961959,-0.03387198404165012,-0.05768762803784602,-0.0002093639610215,-0.005099416511590726,-0.004890052550569226,0.0458551699301164,-0.0323478063280219,-0.0782029762581383,-0.1642531184451009,-0.06941688282749854,0.09483623561760236,-0.0317648963487752,-0.026751139295640866,0.005013757053134331,-0.0315467272370129,-0.025914676913970654,0.005632050323042245,-0.0556726996937121,-0.03284536871303722,0.02282733098067488,-0.0093654992521855,-0.02016252782892498,-0.010797028576739481,-0.0045666003806714,-0.014721982862325157,-0.010155382481653756,-0.1209407638468284,-0.10570574953339171,0.015235014313436698,-0.0254325210423934,-0.017216666793659005,0.008215854248734396,-0.0434848988096859,-0.03188445006607403,0.011600448743611873,-0.0359251252306731,-0.029695436744239807,0.0062296884864332935,-0.0875149528642319,-0.1106926937356036,-0.0231777408713717,-0.0113680381644691,-0.02256805377692217,-0.01120001561245307,,-0.072356940186792,,-0.0288506556248712,-0.03189054379067766,-0.0030398881658064633,-0.0548615695784937,-0.04975776245068067,0.005103807127813033,-0.0594164205666479,-0.05122786261490297,0.008188557951744932,-0.0090629452324009,-0.006497801063920015,0.0025651441684808847,0.0993785986416281,-0.022680420183550765,-0.12205901882517886,-0.0892475708116082,-0.05933381299178385,0.029913757819824346,-0.1407549611274659,-0.12535006464266638,0.015404896484799535,-0.0307234281715806,-0.020461046510541807,0.010262381661038794,-0.0263456383826977,-0.017138312860807137,0.009207325521890564,-0.0688310647556053,-0.08431338429914571,-0.015482319543540415,0.0263543358212392,-0.058960934086748074,-0.08531526990798727,0.0386598431205055,-0.03725819453084235,-0.07591803765134786,-0.0513342351576331,-0.005957622080878993,0.045376613076754106,-0.0273666554229499,-0.04466407971530186,-0.01729742429235196,0.0257818463039025,-0.02731142670361756,-0.053093273007520064,0.0335284665527889,-0.02624303418781799,-0.05977150074060689,-0.026333909724936,-0.050427909167410793,-0.024093999442474794,-0.0709382601542841,-0.04708060996571468,0.023857650188569425,-0.0689067240615743,-0.042232196486169236,0.026674527575405067,-0.0920296872720743,-0.09983679361696526,-0.007807106344890957,-0.1078213267050812,-0.04126407838597719,0.066557248319104,-0.0986646898765756,-0.026235611145536714,0.07242907873103889,-0.0119320820304394,-0.04709452222824146,-0.03516244019780206,-0.0688126101409426,-0.026851401638216803,0.0419612085027258,-0.0617564376194614,-0.022258753224009865,0.03949768439545154,-0.1897942616715038,-0.041745900468756536,0.14804836120274725,-0.0759922874760786,-0.05033877156683977,0.025653515909238832,-0.0201377751938202,-0.030487397635056056,-0.010349622441235856,-0.0075149804046556,-0.03738684001758604,-0.029871859612930443,-0.0573843282874592,-0.036106134469202814,0.021278193818256387,-0.062576096418792,-0.03902792262219451,0.023548173796597488,-0.0358634279829924,-0.07462841483954584,-0.03876498685655344,-0.0389725664515775,-0.014558888434388368,0.02441367801718913,-0.0355656811287165,-0.010669159412452608,0.02489652171626389,-0.1430040003476691,-0.12691276472334617,0.016091235624322936,0.0517830984365592,0.0007896780318989204,-0.050993420404660275,-0.0014971397964049,-0.020115528323596706,-0.018618388527191807,-0.07402452652229,-0.06038372571764179,0.013640800804648204,-0.171018729736696,-0.035577108778706984,0.135441620957989,-0.0078927834087227,-0.00807839471354263,-0.00018561130481993017,0.0049705234885779,-0.019661467897259716,-0.024631991385837618,0.0094084396595566,-0.014562389283887672,-0.023970828943444274,-0.1112347456585061,-0.10013760343907868,0.011097142219427425,-0.005375970140315,-0.0444634964334436,-0.0390875262931286,-0.0624962239798389,-0.05532101384320294,0.007175210136635961,-0.0383457567750357,-0.0291552509778907,0.009190505797144997,-0.0327725388287816,-0.02505078426980646,0.007721754558975141,-0.0813008632906421,-0.06331163632778476,0.017989226962857333,-0.0568690163105091,-0.03406819906683942,0.022800817243669676,-0.0553961822137291,-0.03222539144198236,0.02317079077174674,-0.1297773150207694,-0.09576843187817893,0.03400888314259046,-0.0036946743724998,-0.005828230640682234,-0.002133556268182434,0.0068236413180161,-0.0018050254428355,-0.0086286667608516,-0.0294857037167497,-0.04001050624738733,-0.010524802530637627,-0.0047028089328695,-0.03138257893973751,-0.02667977000686801,0.004399390879218,-0.02511288064459307,-0.02951227152381107,-0.0204031259080866,-0.057494934780381556,-0.037091808872294955
2023-11-01,,0.09388153746493633,,0.1147749445219914,0.11445544476466367,-0.00031949975732772917,0.0635588942585678,0.062435855616814105,-0.0011230386417536917,0.1010319111085521,0.06934803549835515,-0.03168387561019695,0.1657270971836111,0.15058892038271093,-0.015138176800900155,0.1223753478379655,0.13743788849010496,0.015062540652139467,0.1236288676388525,0.14055253131458606,0.016923663675733558,0.0516130720915793,0.05630262418163412,0.004689552090054817,0.1266311044463363,0.10542086998807855,-0.021210234458257746,0.128382932158804,0.10465659644150595,-0.023726335717298055,0.04288717973763,0.0908365774997405,0.0479493977621105,0.0624142927870427,0.02327868077146143,-0.03913561201558127,0.0704249814518708,0.09124041983341097,0.020815438381540166,0.0670491318490535,0.07288808302036731,0.005838951171313805,-0.0641403082032868,0.12719999020297856,0.19134029840626537,0.0717662148357673,0.06477652378161985,-0.006989691054147443,,0.058904861619226506,,0.0489474239609634,0.10166724474049021,0.05271982077952681,0.1778995642910983,0.10471745630435406,-0.07318210798674424,0.1452266550762335,0.11040980040258284,-0.03481685467365066,0.0485412334134356,0.03780920444572927,-0.01073202896770633,0.0069149660319478,0.055611940685932074,0.048696974653984273,0.0876775183315011,0.11270443438755715,0.025026916056056045,,0.0059616617801767505,,0.1272818296032358,0.10831186061106511,-0.018969968992170697,0.1286362878211946,0.10674331959042728,-0.02189296823076732,0.0414382515708573,0.08792430617844928,0.046486054607591976,0.1109882031741378,0.16648144210413682,0.05549323892999902,0.115463511972449,0.10616888304889337,-0.009294628923555634,0.0284081999153118,0.041241316562806635,0.012833116647494834,0.0495019725578383,0.07467062977793547,0.025168657220097167,0.0518762534442898,0.10452784722591102,0.05265159378162122,0.0482767682254924,0.10346017211640161,0.05518340389090921,0.1429310752060344,0.07419784113162947,-0.06873323407440493,0.1010396859891168,0.11611366951682733,0.015073983527710527,0.1021523288785139,0.11669878984383875,0.014546460965324845,-0.1483477218778943,0.07762742028515272,0.22597514216304704,0.1212610317949643,0.09299785399089192,-0.02826317780407238,0.1211858990508168,0.08733169183081825,-0.033854207219998544,-0.0704823235248048,0.1482740063988166,0.2187563299236214,0.098666130521301,0.07770275245819148,-0.02096337806310951,0.0996395546559282,0.07483474709579152,-0.024804807560136685,0.0132675961410714,0.05264508527863304,0.039377489137561644,0.0752044380036492,0.14079464088551483,0.06559020288186562,-0.0494766765235901,-0.02453714518920544,0.02493953133438466,0.1181330447088424,0.08429321965676771,-0.03383982505207468,-0.0127080048981676,0.0868109407393872,0.0995189456375548,-0.0067032832541978,0.10677825875348529,0.1134815420076831,-0.0183290095914035,0.09083045996932673,0.10915946956073024,0.0422637273954104,0.06616705473377499,0.02390332733836459,0.0404751973082433,0.06430609976150702,0.023830902453263712,-0.0046099234577971,0.06927670362591115,0.07388662708370825,0.1160091027143011,0.03328705530523361,-0.08272204740906748,0.0914858605551374,0.07312823724170113,-0.018357623313436267,0.1134971207400752,0.13190577616911994,0.01840865542904474,0.049531677816944,0.06633518946239704,0.01680351164545304,0.0788761017359419,0.055186302774324215,-0.02368979896161768,0.0739971320490616,0.08231450910321456,0.00831737705415296,0.0724375987971073,0.08152591394073483,0.009088315143627526,0.0111503326328825,0.06377520295811843,0.05262487032523593,0.0960300326233718,0.08951579504497907,-0.006514237578392729,0.1111078300853914,0.11854734610145547,0.00743951601606406,0.1183817342319303,0.10502858121604852,-0.013353153015881775,0.1220052110508666,0.10749876975178561,-0.014506441299080991,0.0877921021139305,0.09096621563346574,0.0031741135195352405,0.1027899555126916,0.0965054169119635,-0.0062845386007280984,0.1066263796001522,0.0995364592575501,-0.007089920342602099,0.1571987209764761,0.08062812577149345,-0.07657059520498266,0.0646353569299036,0.04551929983897611,-0.019116057090927494,0.0596303265102683,0.04368941450576817,-0.015940912004500124,0.0992213894595473,0.043600336077656884,-0.05562105338189041,0.0885549607375725,0.07302056377322227,-0.01553439696435023,0.0919100657036616,0.07132419250830589,-0.02058587319535571,0.0446760822373816,0.05897687296248707,0.01430079072510547
2023-12-01,,0.10027308275022927,,0.0612961097344969,0.08897924355235318,0.027683133817856274,0.0770140342287966,0.02895127518494122,-0.04806275904385538,0.037200412467042,0.055025428802849975,0.017825016335807978,0.0538116972154008,0.11553395074716367,0.061722253531762875,0.0950637804672464,0.10255011830389453,0.007486337836648135,0.0899274659535129,0.10054819293348043,0.01062072697996752,0.1250752157783078,0.08156659283713347,-0.04350862294117433,0.0362794132536953,0.03167228037736361,-0.004607132876331688,0.0314649947558755,0.02655035801798173,-0.004914636737893767,0.1709821438540736,0.10638384090137572,-0.06459830295269788,0.00978646366469,0.023099044694695967,0.013312581030005967,0.0507203316349626,0.0693524391899415,0.018632107554978898,0.0412566057549188,0.06699942507491767,0.025742819319998868,0.0949196281301762,0.1483917818914183,0.053472153761242106,0.0324433579591541,0.04144507900033476,0.00900172104118066,,0.08969442317014731,,0.0467511676743818,0.05973767676537921,0.012986509090997411,0.1626924313353411,0.10647741364795552,-0.05621501768738557,0.1208393554824028,0.11133019495208912,-0.00950916053031367,0.0109300806650549,0.016613374416680766,0.005683293751625866,0.0311876684566501,0.09121810285365778,0.06003043439700768,0.1022825234313652,0.10263833341235967,0.0003558099809944787,0.12179751615013,0.05666605974033778,-0.06513145640979222,0.0641185670301859,0.04153283350277103,-0.022585733527414865,0.0618771018898382,0.03661455943792985,-0.02526254245190835,0.0726796475285996,0.0834238302803382,0.010744182751738607,0.042055136887761,0.10623852243106217,0.06418338554330118,0.0407670623215836,0.02430909735948427,-0.01645796496209933,0.0414892364195064,0.02392717390784386,-0.017562062511662542,0.1021633336003058,0.07511747233568321,-0.027045861264622592,-0.0037399086641343,0.07661595925757674,0.08035586792171104,-0.0101793570445455,0.07636848827536562,0.08654784531991111,0.1693353908508845,0.09120482725825173,-0.07813056359263278,0.1037191361932224,0.09497697387657127,-0.008742162316651134,0.1039461790767349,0.08863300221036179,-0.01531317686637311,0.0777009743731638,0.12310113050372311,0.04540015613055931,0.0867371912408188,0.06575746719381473,-0.020979724047004072,0.079082677624176,0.05193203079782086,-0.027150646826355145,-0.0555380408396954,0.0672158962344118,0.1227539370741072,0.071688985407509,0.038475609233038936,-0.03321337617447006,0.0665182108975071,0.03321147946576221,-0.033306731431744896,0.0980274263161627,0.10192823096666628,0.0039008046505035893,0.0914741529711331,0.11055570936240375,0.019081556391270654,0.0095911166387545,0.05631693562271266,0.04672581898395816,0.0818510492528873,0.07315795455070508,-0.008693094702182227,-0.0049028591366238,0.09555038718172396,0.10045324631834776,-0.0032563837557409,0.11833158399925275,0.12158796775499366,-0.0732286355982495,0.13873844771170996,0.21196708330995945,0.0646295271494626,0.033471563183824805,-0.031157963965637796,0.0596495620243516,0.029303141440381514,-0.030346420583970087,0.0117949929944886,0.07888321638633827,0.06708822339184967,0.0149763933767681,0.013112884759375417,-0.0018635086173926837,-0.0322618142971823,0.05670471137834173,0.08896652567552403,0.1589966976686601,0.1346820753147013,-0.024314622353958787,0.1043402032296533,0.07045178906825869,-0.03388841416139461,0.0407493612624978,0.03267228651176919,-0.008077074750728608,0.0605723456613673,0.03626908576285406,-0.024303259898513244,0.0565567995648922,0.02940388995630712,-0.02715290960858508,-0.0568718279847742,0.12104832066726633,0.17792014865204053,0.0971581477743136,0.116550913667208,0.019392765892894404,0.0735077581262474,0.10639616426730583,0.03288840614105844,0.0925767971597344,0.07136299815947583,-0.021213799000258562,0.0900905163059112,0.06625691527107887,-0.023833601034832327,0.057201799845116,0.10517095848374387,0.04796915863862787,0.0838077134906006,0.07012335435948137,-0.01368435913111922,0.0818334019238269,0.06220079233626045,-0.019632609587566456,-0.1169446434218029,0.1100677138362104,0.2270123572580133,0.0252684629013977,0.022484024917323535,-0.0027844379840741666,0.0189666792705676,0.01625935150502223,-0.002707327765545369,0.0521286470151995,0.06807444120224658,0.01594579418704708,0.0290264017301878,0.07031556021932991,0.041289158489142115,0.0156612227010301,0.06114189986245444,0.04548067716142434,0.0349641046960773,0.062284956417339374,0.02732085172126207
2024-01-01,,-0.0109155802354736,,-0.0110478611775298,-0.004555147074696634,0.006492714102833167,0.0183517816619929,0.01963114344207983,0.0012793617800869322,-0.0612170676521395,-0.0026611646726767994,0.058555902979462705,-0.1757666807443281,-0.008999692651475478,0.16676698809285262,0.0076340605763424,-0.0010198529439995252,-0.008653913520341925,0.0120909952169841,0.0020410671683468657,-0.010049928048637233,-0.0264183275331926,-0.034132087305415594,-0.0077137597722229945,0.0363816076788868,0.034116838538204325,-0.0022647691406824724,0.0414846187839698,0.039246108845446,-0.0022385099385238,-0.0598732630001805,-0.06539059655874453,-0.005517333558564035,-0.0097478388354138,-0.006341259878798852,0.0034065789566149482,-0.0503907415614914,-0.003316838755908754,0.04707390280558264,-0.0434476113365372,-0.009535920390739545,0.03391169094579766,-0.0768531203826003,-0.0729608146622469,0.0038923057203534006,0.0404220993356234,0.0069932399098448905,-0.03342885942577851,,-0.05704935365536643,,0.0295573655002454,0.009859709656497281,-0.019697655843748118,-0.0223779909419546,-0.02153538762989938,0.0008426033120552227,0.0019103514655824,-0.023663975220458624,-0.025574326686041024,0.0310348365359028,0.012906848403743603,-0.018127988132159198,-0.0499652592234794,-0.010809372037134057,0.03915588718634534,-0.0540706527137977,-0.01650573781105616,0.03756491490274154,-0.0685087045147075,-0.09610764838374276,-0.02759894386903526,0.0246695446625565,0.03336695253484294,0.008697407872286438,0.0275062243237474,0.037051553498997525,0.009545329175250125,0.0110793034025757,-0.043874580873631795,-0.054953884276207496,0.0768918719662353,0.0037191170039034497,-0.07317275496233185,0.0946246326722072,0.028674918633888394,-0.06594971403831881,-0.0105472806078372,0.012441550105756774,0.022988830713593974,-0.0330343835422615,-0.014105398360813929,0.01892898518144757,0.022108489666237,0.00016067676885853175,-0.02194781289737847,0.0162604243265523,0.00044707236806983564,-0.015813351958482467,-0.0525289312712251,-0.03579842410999697,0.016730507161228127,-0.0035938003497251,-0.007509705147914461,-0.003915904798189361,-4.556502256095941e-05,-0.0009559080887471842,-0.0009103430661862248,-0.0703163669648978,-0.083276388996385,-0.01296002203148719,-0.002719535735478,0.001987396796441787,0.0047069325319197865,0.0059398097798028,0.013074688813406878,0.007134879033604077,-0.0679025447130081,0.007879786222487778,0.07578233093549588,0.0369575381526141,0.015221967320981647,-0.021735570831632453,0.0432810160654856,0.019170919995896218,-0.024110096069589384,-0.1141897852145924,-0.035129867237771395,0.079059917976821,-0.01591461680952,-0.0012905767455019855,0.014624040064018014,-0.1711644286548764,-0.049763329089506064,0.12140109956537035,-0.0228489592311742,-0.007752225048875269,0.01509673418229893,-0.0067540330682013,-0.021241168083342442,-0.014487135015141142,-0.004092396877957,-0.025987313824596705,-0.021894916946639705,-0.1065037366421371,-0.07150740257494148,0.034996334067195614,0.0407501351357252,0.018111314506311867,-0.022638820629413334,0.0429306283968609,0.021507172954335012,-0.021423455442525885,-0.0626128632741471,-0.08121379099628993,-0.018600927722142835,-0.1268858471555354,0.023424382395424125,0.15031022955095952,-0.1683132210527606,0.0018441023071668595,0.17015732335992745,-0.0389008817826147,-0.03389614245635142,0.005004739326263281,-0.0681770535418394,-0.018178911170897795,0.0499981423709416,0.0015897283525487,0.012110484676637043,0.010520756324088342,0.0166966240256841,0.022223950820093433,0.0055273267944093325,0.0211765969133309,0.028264137772732095,0.007087540859401196,-0.085093070441597,-0.09077408274583507,-0.0056810123042380645,,-0.029224486148625287,,0.0191997795195755,-0.018653489707029163,-0.03785326922660466,-0.0376041754876899,0.003755529899806305,0.041359705387496205,-0.0365782241116589,0.010545614569477457,0.04712383868113636,-0.0434266175996827,-0.044080283319608664,-0.0006536657199259638,-0.0149992345580762,0.0003621774840146903,0.015361412042090891,-0.0145022191018665,0.007100097708648158,0.02160231681051466,0.0091356726977627,-0.06954654146791407,-0.07868221416567678,-0.0249779985573348,0.014734859023190456,0.03971285758052526,-0.016232023964907,0.019763922113946293,0.03599594607885329,-0.0793780529601883,-0.030743558056143483,0.04863449490404481,0.0332296213054831,-0.009073769202259253,-0.04230339050774235,0.0461735326672415,-0.0013194678105585573,-0.04749300047780006,-0.0696334697405946,-0.034953052483061506,0.0346804172575331
2024-02-01,,0.04261585513975414,,0.0578451541897606,0.041871464594160156,-0.015973689595600443,0.0725802179114369,0.037352542748559876,-0.035227675162877024,0.0494214120977958,0.04310296518463924,-0.006318446913156556,0.0857314721387975,0.10552519189966918,0.019793719760871673,0.0269215665357666,0.04413906677170886,0.017217500235942262,0.0301047303510395,0.046256655369655425,0.016151925018615926,-0.059824522533322,0.007316876357542501,0.0671413988908645,0.0463530217918683,0.08004202062884407,0.033688998836975764,0.0477762921971343,0.07995723298382502,0.032180940786690725,0.0122451992593015,0.04746965550126687,0.035224456241965366,0.0360844069052571,0.0036700158579681683,-0.03241439104728893,0.0632466371778704,0.04097097025965777,-0.022275666918212624,0.0643628031848849,0.02715199100941017,-0.03721081217547473,0.0082168947206555,0.04125755163148504,0.03304065691082954,-0.0309299724325982,0.03137113164128215,0.06230110407388035,,0.008155810498389315,,0.0501123293874836,0.05981003395762278,0.00969770457013918,0.0994299208186427,0.053133630670459654,-0.046296290148183046,0.1072374044775412,0.049527754387085225,-0.05770965009045597,0.0350744000896428,0.01908359503897883,-0.01599080505066397,0.040196130245187,0.02859071873643731,-0.011605411508749688,0.1170148427371288,0.06901476265987694,-0.04800008007725186,-0.0531592392753714,-0.0019204113473032464,0.05123882792806816,0.0839548417182204,0.0845825574667934,0.0006277157485729962,0.0851142964592729,0.08504765946011371,-6.663699915919474e-05,0.0043717664738718,0.04088714652257737,0.03651538004870557,0.0636041343125317,0.09873501351863423,0.03513087920610253,0.0700476352544544,0.09122728850076474,0.02117965324631034,0.0019812330179476,0.01778083007306054,0.01579959705511294,0.0374655411778793,0.038633041700155156,0.0011675005222758564,0.0319206976718911,0.03882594300698916,0.006905245335098058,0.0270480336654085,0.03801815413807163,0.010970120472663127,0.1394182198136198,0.027729340148456495,-0.1116888796651633,0.0871694427831361,0.05953623420617418,-0.027633208576961915,0.094961320909154,0.06119069334567165,-0.033770627563482356,0.0766447130598477,0.019017426065922275,-0.05762728699392543,0.0797137747628559,0.06421987863486739,-0.015493896127988516,0.0762482361107953,0.059314258091617354,-0.016933978019177946,0.0739111590919434,0.08764019209445456,0.01372903300251116,0.025072291658809,0.05325177521326119,0.028179483554452187,0.0275294226021466,0.051349529948106695,0.023820107345960094,0.0085455370219184,0.012639647398628134,0.004094110376709734,-0.0081698878745707,0.06579707593330392,0.07396696380787461,-0.0176812792858254,-0.02403174860147116,-0.0063504693156457605,0.0351912855671695,0.04609600501562547,0.010904719448455967,0.0337455637076654,0.014967926978373923,-0.018777636729291475,0.0322469175874369,0.013939425913786458,-0.01830749167365044,-0.0304194759833303,0.0014234842367146154,0.031842960220044916,0.0548248403199164,0.04272364668132589,-0.01210119363859051,0.0522608214460976,0.041411752711584,-0.0108490687345136,-0.0022292529034081,0.038354325261489436,0.040583578164897535,-0.0740502675977314,0.022727794473742628,0.09677806207147402,-0.0426639386156022,0.025525385520445032,0.06818932413604722,0.0247724133321997,0.05694351189762143,0.03217109856542173,0.0500339553530836,0.027617340284568092,-0.02241661506851551,0.0619086767776183,0.03483299803875443,-0.02707567873886387,0.1059231788713025,0.06445878413091291,-0.041464394740389585,0.1055653309080484,0.06605431787059646,-0.03951101303745194,0.0191072163048769,0.004322187167216685,-0.014785029137660216,,0.03429799554334384,,0.0396581931452306,0.05227990347474198,0.012621710329511378,0.036061375496065,0.05070521581139909,0.01464384031533409,0.0403681604176357,0.054063403257164334,0.013695242839528637,-0.0442897773915719,0.024402195121866605,0.0686919725134385,0.0585006735061497,0.0479612898569145,-0.0105393836492352,0.0606279779735696,0.0521022650515617,-0.008525712922007898,-0.0427325416323467,0.013608701786035324,0.05634124341838202,0.011288443083876,0.02410774236148625,0.012819299277610248,0.0155831780955214,0.02434603201749012,0.008762853921968721,-0.0283502807645176,0.01581190537223031,0.04416218613674791,0.0556281937427923,0.03594086092218814,-0.019687332820604156,0.0560476032701003,0.03732935859751859,-0.018718244672581708,-0.1085690677449254,0.023353992845906873,0.13192306059083228
2024-03-01,,0.03775529652288763,,0.0533491499104925,0.05721292532507119,0.0038637754145786907,0.0414402905592241,0.03340916725393873,-0.008031123305285374,-0.0772445827821189,0.03148742892040723,0.10873201170252614,-0.0559973424646585,0.023108976715728244,0.07910631918038674,0.0479734398629237,0.06817688899546398,0.020203449132540283,0.0489579558652326,0.06914146163187047,0.020183505766637876,-0.0203469611242607,0.02542363032711524,0.045770591451375936,0.0172022274955892,0.024747765061292462,0.0075455375657032635,0.0187843187259464,0.0275877220990871,0.0088034033731407,-0.051736291597584,-0.020314025313172966,0.031422266284411034,0.0509716744762869,0.02729479136246532,-0.02367688311382158,0.0490679573007262,0.04438371314971368,-0.004684244151012526,0.0477388090704764,0.04300217815893197,-0.004736630911544436,0.2588600894539374,0.019508063063555618,-0.23935202639038178,0.01371055376401,0.03330617624447698,0.01959562248046698,,0.009424349065680467,,0.050913523563107,0.03524979224577452,-0.01566373131733248,0.0933431218542274,0.042817769006492964,-0.050525352847734434,0.0546991733814394,0.047562349553031374,-0.007136823828408023,0.0318612835944547,0.03273698321725954,0.000875699622804843,0.0532555582289246,0.034999360008559056,-0.018256198220365547,0.0629219662923577,0.02788776503273486,-0.035034201259622845,-0.1153624924070986,-0.06657511959405515,0.04878737281304345,0.0281656895115364,0.03253591917951531,0.004370229667978908,0.0290372379752535,0.033112431789187415,0.004075193813933915,-0.0519676200590352,-0.005815547728981159,0.04615207233005404,0.0010720467427532,0.03627307384837361,0.03520102710562041,0.0007572501741096,0.004385892801464949,0.0036286426273553487,0.0443422506728917,0.031902684434050796,-0.012439566238840905,0.0564830242734061,0.020730211809959882,-0.03575281246344622,0.0410327473450806,0.05160209700569588,0.010569349660615283,0.0374084665915792,0.05278193685889878,0.015373470267319583,0.0015166541898091,0.01852912373594804,0.017012469546138942,0.0595971734287226,0.04462043881271517,-0.014976734616007431,0.0621931477121703,0.04658863217570593,-0.015604515536464372,0.002554175035365,0.0020735186718479365,-0.00048065636351706355,0.0219604431843203,0.019908640263158243,-0.0020518029211620582,0.0179438519419274,0.027238486323486154,0.009294634381558753,-0.0706784831865496,0.011463914631715507,0.0821423978182651,0.0337799187627288,0.018677007893589087,-0.015102910869139716,0.0352118138506557,0.02183617894456579,-0.013375634906089909,-0.1056332544978815,0.03170426652835113,0.13733752102623262,0.1525482325952093,0.05786949687873949,-0.09467873571646981,-0.0172149124256026,0.007227960493783847,0.024442872919386446,0.0429024617137951,0.02913258422493798,-0.013769877488857121,0.1057566873294523,0.06044410945579538,-0.04531257787365692,0.1074841194859985,0.07314266994903051,-0.03434144953696798,0.0181787003578332,0.04400077607758347,0.025822075719750273,0.0134104606920655,0.0227794211113599,0.009368960419294402,0.0136833179364413,0.025173496966619205,0.011490179030177905,-0.0160485052695109,-0.06585254291407336,-0.049804037644562454,0.1842432492216934,0.030199291773723012,-0.1540439574479704,0.2566191277980981,0.040105107573399384,-0.2165140202246987,0.0262044583962727,0.049071377347100584,0.022866918950827885,0.0392624875264222,0.03521493743059252,-0.0040475500958296814,0.0124327309163529,0.032923155359634595,0.020490424443281696,0.0256705891979472,0.02294020745932048,-0.0027303817386267193,0.0247692108289256,0.02317504572806537,-0.0015941651008602314,-0.0672964004238348,0.010380823681161108,0.07767722410499592,,0.04456111781570376,,0.0640583409118901,0.04932665990142872,-0.014731681010461378,0.0344833519624197,0.041482004400317796,0.006998652437898094,0.0327422205408741,0.042185890372270676,0.009443669831396578,0.0287094273566719,0.03040042974462332,0.0016910023879514215,0.0185442134651803,0.04083869230080178,0.02229447883562148,0.0145631619065837,0.03973035687085281,0.025167194964269106,-0.0399933675373915,0.014841872117259068,0.05483523965465057,0.0597335212454571,0.030165843572375395,-0.029567677673081702,0.0647653987203262,0.03083503902718763,-0.033930359693138575,-0.0005513450728241,0.01781610795540747,0.01836745302823157,0.0416316541933999,0.03380963604703959,-0.007822018146360306,0.0416749886847983,0.034251628618410745,-0.007423360066387552,0.035212539887869,0.008041619098558404,-0.027170920789310597
2024-04-01,,-0.03267158506798302,,0.0236055586721127,-0.054007923651335527,-0.07761348232344822,-0.0334628069043002,-0.020106992936256233,0.013355813968043969,-0.0596211846428635,-0.049301859582930464,0.010319325059933035,-0.0233314114782258,-0.08171877766270523,-0.05838736618447943,-0.0340107743706878,-0.04771045169287269,-0.01369967732218489,-0.0324119640519796,-0.04765380721143842,-0.015241843159458819,-0.0461559812395317,-0.036103718193776516,0.010052263045755183,-0.0541597741644473,-0.037772761148021194,0.016387013016426102,-0.0525224908214229,-0.03385048924921392,0.018672001572208982,-0.1261075243141596,-0.09958028727952914,0.026527237034630474,0.0023171562185131,-0.03179319441685482,-0.034110350635367916,-0.0599409158963717,-0.05118421454226423,0.008756701354107471,-0.0570682621716902,-0.04644053160286713,0.010627730568823067,-0.0818947573655098,-0.11511736820487932,-0.03322261083936952,-0.064052718376457,-0.035599062198182284,0.028453656178274715,-0.1084701696981523,-0.07383778232662673,0.034632387371525575,-0.0623158428299548,-0.04910819772083754,0.01320764510911726,-0.0806772868414121,-0.06572244773053772,0.014954839110874377,-0.0817854176694422,-0.06811286203922422,0.013672555630217978,-0.0162882322632745,-0.023010567539608062,-0.006722335276333563,0.0145745432175704,-0.019035116005497076,-0.033609659223067474,-0.043469484281289,-0.06922749043064481,-0.025758006149355812,-0.0965679695179369,-0.1061713783727961,-0.009603408854859191,-0.0326937497782633,-0.04125553799380331,-0.00856178821554001,-0.0321690789509814,-0.038775523093574495,-0.006606444142593093,-0.0807318415042204,-0.08406537581231477,-0.0033335343080943686,-0.0946478468694744,-0.07521888957063622,0.019428957298838187,-0.0967429222035168,-0.05209224660761052,0.044650675595906276,-0.0072183099795019,-0.017195891379742485,-0.009977581400240586,-0.0795075228938179,-0.046948488977194405,0.0325590339166235,-0.045806092365386,-0.04508103347197222,0.0007250588934137811,-0.0372333411588567,-0.04447405514571921,-0.007240713986862511,-0.0392336515906073,-0.05358507186253813,-0.014351420271930829,-0.0499365486376157,-0.06388206270338184,-0.013945514065766142,-0.0445322921712068,-0.0603173512873976,-0.015785059116190797,-0.0573883001006098,-0.10143687583940031,-0.04404857573879051,-0.0379395745069864,-0.04996691369440068,-0.012027339187414277,-0.0311582455320881,-0.03851056306289886,-0.007352317530810757,0.0008145893994926,-0.058986211769591596,-0.0598008011690842,-0.06163179547471,-0.03490179798769311,0.026729997487016884,-0.0606531598121051,-0.031986114824250796,0.0286670449878543,0.0576940851955733,-0.03928130626730974,-0.09697539146288303,0.0412241604720517,-0.0670033219143658,-0.1082274823864175,-0.033364118659541,-0.02662280212106702,0.006741316538473985,-0.0505600249057755,-0.04758755746191515,0.0029724674438603507,-0.0084291265623041,-0.05276643628383024,-0.044337309721526136,-0.0069612355410615,-0.056150997837545236,-0.04918976229648374,0.0051990396591527,-0.0839103362601422,-0.08910937591929491,-0.0546359791024823,-0.0215265701468539,0.0331094089556284,-0.0517709019970915,-0.018806541154109267,0.03296436084298224,-0.1608309172425763,-0.10704547519238293,0.05378544205019338,0.0766714078030782,-0.009013409355574119,-0.08568481715865231,0.1340735511029172,-0.03128983390870381,-0.165363385011621,-0.1133400784289958,-0.07722755232363636,0.036112526105359435,-0.0300569367725884,-0.050664085152746494,-0.020607148380158095,-0.0050934789571274,-0.024780510012743645,-0.019687031055616245,-0.0485533950877128,-0.03350244665171947,0.015050948435993333,-0.0458786608088298,-0.02899582523528583,0.016882835573543975,-0.1157063487211683,-0.10741385225230103,0.008292496468867275,,-0.051710120389827786,,-0.0781090861806488,-0.0738386675972338,0.004270418583414995,-0.0587453386600494,-0.04514729181523376,0.013598046844815637,-0.0590139279138829,-0.04128025127178965,0.01773367664209325,-0.0557431586866731,-0.0723140109512096,-0.016570852264536494,-0.0746155594577186,-0.05061434936436906,0.02400121009334954,-0.0731670899898442,-0.04958378579306,0.0235833041967842,-0.0204431094095739,-0.10137645759472425,-0.08093334818515034,-0.0029327724122765,-0.01828132287004737,-0.01534855045777087,0.0021536928014888,-0.014748811993084372,-0.016902504794573173,-0.008626320799255,-0.04539605517456569,-0.03676973437531069,-0.0522882247076153,-0.04276864981193212,0.009519574895683183,-0.0521633472600042,-0.037158778538429096,0.015004568721575101,-0.0287363845735452,-0.06557260922282161,-0.03683622464927641
2024-05-01,,0.02923822277706551,,0.0634660089451138,0.04577197877989601,-0.01769403016521779,0.0176138676224321,0.04201929405908095,0.024405426436648846,0.0396292187173147,0.06629112822699695,0.026661909509682252,-0.0117370471720561,0.0952070986797717,0.10694414585182781,0.03263489612979,0.037291863184987395,0.004656967055197393,0.0321433720172839,0.03710612000423459,0.004962747986950691,0.0241839883409392,0.01607322244309738,-0.00811076589784182,0.0253283922178173,0.06227440273119003,0.036946010513372735,0.0284840258151934,0.06366360900605815,0.035179583190864755,-0.035598925331606,0.02068419020037443,0.056283115531980434,0.0462423863628616,0.03215423827726652,-0.014088148085595081,0.0361905181912507,0.055416314668326104,0.019225796477075403,0.0325982423020008,0.04726667278017505,0.014668430478174253,-0.0421093227467065,0.02790544434531531,0.07001476709202181,0.0418227386409748,0.02967321968062574,-0.012149518960349059,0.0115793910946196,0.009560900882578294,-0.002018490212041306,0.0504493700012961,0.056393781513429275,0.005944411512133173,0.0614046691895918,0.07678316172322851,0.015378492533636705,0.0132258664266929,0.07071508039887056,0.05748921397217766,-0.0016122308161265,0.03736874763767065,0.03898097845379715,-0.0059850517320571,0.0247831323158518,0.0307681840479089,0.0418412312996081,0.06739885965290975,0.025557628353301644,,-0.02985739725879749,,0.1522369796726386,0.08185023434257173,-0.07038674533006688,0.1535329779986056,0.08311933438679654,-0.07041364361180906,-0.092314025932993,0.012156775167838781,0.10447080110083178,0.095363874704062,0.06976653753204204,-0.025597337172019966,0.1041017396863396,0.06414250877919878,-0.03995923090714082,-0.012444594905577,0.020640383267943103,0.0330849781735201,-0.0050787261526783,0.022733066942618476,0.027811793095296775,0.0435015881059663,0.03730989709341295,-0.006191691012553346,0.0415847743864314,0.0385483059275723,-0.003036468458859097,0.0468865339358764,0.02961356502980219,-0.01727296890607421,0.0263417935126111,0.06316662525776018,0.03682483174514908,0.0336552507037383,0.06343478634037444,0.029779535636636142,0.1059646490109101,0.03283794596077627,-0.07312670305013383,0.0288421456851712,0.05215421069728858,0.02331206501211738,0.0310308312407152,0.05227107561671681,0.02124024437600161,0.0163724133248337,0.040523252200893665,0.024150838876059965,0.0134305274824892,0.0300997635692474,0.016669236086758202,0.0111412127705024,0.03123971062780325,0.020098497857300848,-0.0316521690934818,0.017586943501284417,0.04923911259476622,0.0580995715013402,0.04948240778123717,-0.00861716372010303,0.1823928333894311,0.02259182778500585,-0.15980100560442526,0.0075186510632963,0.04736950066224457,0.03985084959894827,-0.0035563539550127,0.03160266917243597,0.03515902312744867,-0.0077699233034244,0.024665486398484215,0.03243540970190861,0.0355637030741645,0.023385132240497167,-0.012178570833667336,0.0347731176623385,0.022282705424838373,-0.01249041223750013,0.036092819155673,0.022588812492511053,-0.013504006663161948,-0.0343852529506196,-0.026166169602685252,0.00821908334793435,0.0749682227609886,0.022426073126541032,-0.052542149634447574,0.0225512654172396,0.019012528640680475,-0.0035387367765591267,0.0680866540126147,0.07709398469141411,0.009007330678799413,0.0162446142345752,0.05539066924092016,0.039146055006344965,-0.0361961059445524,0.056146067717584,0.0923421736621364,0.0419455233361038,0.05942141966529417,0.017475896329190367,0.0375924605522497,0.059300299353967745,0.021707838801718046,0.1800333895819078,0.04223685988945109,-0.1377965296924567,,0.04791053335560076,,0.0623862594030735,0.06301971671476964,0.0006334573116961381,0.0468746457958722,0.045973136855364236,-0.0009015089405079654,0.0496341461987399,0.044306941811645524,-0.0053272043870943725,0.0250879763581153,0.030091572438862586,0.005003596080747286,0.0165840947652152,0.050454591067388956,0.03387049630217376,0.0063730958209044,0.04860344958683896,0.04223035376593456,0.1777144652539206,0.016051844375852758,-0.16166262087806785,0.0743967736360932,0.02855454433725034,-0.045842229298842865,0.0831394649683193,0.027284064322117718,-0.05585540064620158,0.0680783137667117,0.03597701596815715,-0.03210129779855454,0.0018845154724022,0.047374477388611363,0.045489961916209166,-0.0003446815110507,0.04608599558305584,0.04643067709410654,0.0534514642726739,0.03221654678042546,-0.021234917492248442
2024-06-01,,0.004872492057824553,,-0.0358503508693058,0.014031130794212848,0.04988148166351865,0.0440525311651003,0.031057088872003945,-0.012995442293096356,-0.1292133468420521,0.0231598013434022,0.1523731481854543,0.0486610789785865,0.04025186587765337,-0.008409213100933129,-0.0128902815086692,0.012799467914571577,0.025689749423240777,-0.0147349724807526,0.01559509435885957,0.03033006683961217,-0.0119725339466223,-0.022699399666879904,-0.010726865720257604,0.0643955140349684,0.05857922223943512,-0.005816291795533286,0.0675726995029918,0.0622941042142717,-0.0052785952887201,-0.0411807771080636,-0.02634962614614899,0.014831150961914612,0.0001661587152601,0.003700775486086519,0.003534616770826419,-0.0360156410316624,0.018249660112549807,0.054265301144212214,-0.027213766209455,0.008483229781706332,0.03569699599116133,-0.0981762842999006,-0.03463362942664112,0.0635426548732595,-0.018778015208308,0.019351151749848382,0.03812916695815638,-0.0712406282274359,-0.035565932606653826,0.03567469562078208,0.0668608662229903,0.033764133912396285,-0.03309673231059401,-0.0536383318664994,0.011994684667728909,0.0656330165342283,-0.0592376297323761,0.007954930028964243,0.06719255976134034,-0.0066440102851896,0.021986934468435054,0.028630944753624654,0.0067568303406944,0.0010782368732777528,-0.005678593467416647,-0.0416947620228639,0.019550033651286342,0.06124479567415024,-0.0846314132057947,-0.06503879450949034,0.019592618696304367,0.0889600125984344,0.06278533320993993,-0.02617467938849448,0.0919761798482275,0.06584020039555258,-0.026135979452674915,0.0149113104929678,-0.014973338054875475,-0.029884648547843277,0.0388482361842155,0.04147952857538955,0.002631292391174052,0.0365290451301032,0.06070342660651961,0.024174381476416408,-0.0320195299447671,0.01711865248357767,0.04913818242834477,-0.013834211237636,0.004542413697973189,0.01837662493560919,-0.0023607047278704,0.015004901876163039,0.01736560660403344,0.0020473306811059,0.015165185909535094,0.013117855228429193,-0.0500909126669258,-0.01404029665793893,0.036050616008986874,0.0145534732611848,0.021710758027650927,0.0071572847664661265,0.0213092741870938,0.0268858936652112,0.005576619478117401,-0.1101196952840955,-0.046495436833764066,0.06362425845033143,-0.0060440723121827,0.029229474761523083,0.03527354707370578,-0.0050139833116893,0.035165752651403225,0.040179735963092524,-0.0201808826864898,0.0360035423140456,0.0561844250005354,0.0082272202586706,0.03179773082674608,0.02357051056807548,0.0122404344976669,0.03431355572407467,0.02207312122640777,-0.0485955146352348,-0.0209292021762137,0.0276663124590211,-0.0835259975233401,0.02442342190240601,0.10794941942574611,-0.1387621510952094,-0.03786461713850244,0.10089753395670695,0.0269458540637013,0.01517006577830491,-0.01177578828539639,-0.0240352254992489,-0.007901936160591577,0.016133289338657323,-0.0193647952403424,-0.014721164946024462,0.004643630294317937,-0.0634328787856448,-0.048948407798543515,0.014484470987101282,0.0329138053164622,0.028284908048866634,-0.004628897267595567,0.0378246926471893,0.030349927294802743,-0.007474765352386559,-0.2265433321356028,-0.04560910392427555,0.18093422821132724,-0.0317357044103682,0.02719383692193936,0.05892954133230756,-0.1197379644903345,0.009961119078071247,0.12969908356840573,-0.0465627515314502,0.0025522894421584905,0.04911504097360869,-0.0449555163215256,0.004426573105576408,0.04938208942710201,-0.0038307515792779,0.027994713889148506,0.031825465468426406,0.0508910948722949,0.045054274918584415,-0.005836819953710486,0.0558556088471118,0.049726100979459315,-0.006129507867652484,-0.1468410926088963,-0.05339242144494381,0.09344867116395249,,-0.00591214352487112,,-0.0409659132141421,0.011809419332702426,0.05277533254684452,0.0047866344591965,0.023168772904918148,0.018382138445721646,0.0034634048490276,0.028535356797122526,0.025071951948094924,-0.0164559343509855,-0.020235513959337686,-0.0037795796083521863,0.0221333369709507,0.022040739864252937,-9.259710669776156e-05,0.0239661654674154,0.02805240430014048,0.004086238832725082,-0.2071748697436626,-0.040312230759503714,0.16686263898415887,-0.0352919202231231,0.022071653851289515,0.057363574074412615,-0.0388987455034398,0.02556774672512296,0.06446649222856277,-0.0344455181136586,-0.01113177112673027,0.023313746986928327,-0.0246985954362641,0.011090445539125273,0.035789040975389375,-0.0195209946986944,0.016786932059935148,0.03630792675862955,0.0171630542694799,-0.010569117687049646,-0.027732171956529546
2024-07-01,,0.06879609032513287,,0.0838368397613361,0.052251261903462055,-0.031585577857874046,-0.0038117599882406,0.008761744822490768,0.012573504810731368,-0.0199508047064037,0.03566954097316043,0.05562034567956413,0.1024219435039811,0.06573334416331755,-0.03668859934066354,0.0618902015684245,0.061547961315495836,-0.0003422402529286647,0.0550414806289245,0.05730464333678759,0.0022631627078630936,0.1225333598485189,0.07188215790841275,-0.05065120194010615,-0.0210905925040118,-0.01108207336273576,0.01000851914127604,-0.0257679906657359,-0.01512891840162325,0.010639072264112651,0.0575639677090404,0.0603580528370609,0.0027940851280204987,0.0132327523724898,0.016922171843083107,0.0036894194705933067,0.049826421235924,0.04239568058601448,-0.00743074064990952,0.0508906085929996,0.04667446304214061,-0.004216145550858988,0.0088760477616396,0.09476880635334638,0.08589275859170678,0.0400172522571759,0.010720212970617631,-0.02929703928655827,0.0640357177972629,0.06343739595762955,-0.0005983218396333478,0.0113052366382862,0.022250875185865576,0.010945638547579377,0.1573491710902349,0.08210738531552117,-0.07524178577471374,0.1348780373309453,0.08390042235350047,-0.05097761497744484,-0.01365229870828,0.003166612482507577,0.01681891119078758,0.1339606158558451,0.06869706584852174,-0.06526355000732335,0.027660059370511,0.06290151334948313,0.03524145397897213,,0.02125476779305737,,-0.0034948305516662,0.003695900906223285,0.0071907314578894856,-0.003694148314653,-0.0004918556504941744,0.0032022926641588254,0.0171199428374211,0.03528867478580255,0.018168731948381447,-0.0365579001978777,0.04375083606415654,0.08030873626203425,-0.0482057773722509,-0.025022385666409765,0.023183391705841137,0.0460276507243348,0.004237010874190398,-0.0417906398501444,0.0712563676628517,0.03764843403682829,-0.03360793362602341,0.081713350211232,0.04143478683356665,-0.04027856337766535,0.0771682410034453,0.04230667831380187,-0.03486156268964343,0.0765517345220954,0.06993791208034865,-0.006613822441746756,0.0036814493855013,0.05545134131614076,0.05176989193063946,-0.0080559844368238,0.048047065265955875,0.05610304970277968,0.0517922667625473,0.09995501414210926,0.048162747379561964,0.0717187787172162,0.026950542907075787,-0.04476823581014042,0.0704342405880602,0.017965156074286916,-0.05246908451377329,-0.0042584626439829,0.01115450539074471,0.015412968034727609,-0.0143419058317809,-0.0026270494078206993,0.0117148564239602,-0.0167315559194583,-0.006464551333765159,0.01026700458569314,0.0514669306397494,0.08162834984156192,0.03016141920181252,0.0130466464447434,0.051763409552070344,0.03871676310732694,0.0032388948632468,0.07640499646145449,0.07316610159820769,0.0661524820425991,0.04403528692240009,-0.022117195120199017,0.0171361275734532,0.06790973266532878,0.050773605091875576,0.0171977199251158,0.0841451782505679,0.0669474583254521,0.0344567973782789,0.11636322039845567,0.08190642302017678,0.0047687963115096,-0.0008640135171264678,-0.005632809828636068,0.0002069672174172,-0.004149228499313138,-0.0043561957167303385,-0.0017434344037739,0.022229160615698865,0.023972595019472763,0.1433659800258784,-0.008135118938925736,-0.15150109896480413,0.066354941788523,0.02597380865909448,-0.040381133129428516,0.1920674812309769,0.10620133782003094,-0.08586614341094595,0.106968647571698,0.05671150881772833,-0.050257138753969664,-0.0323982186959576,0.02198102295283446,0.05437924164879206,-0.0007380901284837,0.005244840542439699,0.0059829306709233985,-0.0022177877040053,-0.0017260715665015774,0.0004917161375037225,-0.1033585613178936,0.10834366025327481,0.21170222157116841,,0.09329258156780812,,0.0561437231661371,0.06756500155147659,0.01142127838533949,0.0701254909341573,0.03602298167485824,-0.034102509259299064,0.0679055466961704,0.02809810287349799,-0.03980744382267241,0.0618022535170991,0.0757021884629659,0.013899934945866804,0.0036980390541727,0.03575622429594759,0.03205818524177489,0.0021791867339212,0.023488472113449847,0.021309285379528645,-0.0038606378176442,0.07153461426889819,0.0753952520865424,0.0691120000255321,0.0037431969917758835,-0.06536880303375621,0.0616365181435004,-0.0031255182660773336,-0.06476203640957773,0.11417615474991,0.059029387672400506,-0.05514676707750949,0.0716890990350241,0.04856655066069474,-0.02312254837432936,0.0683239349690382,0.03865784252397668,-0.02966609244506152,0.0701639495317657,0.04086602320116087,-0.029297926330604837
2024-08-01,,0.007181249535898932,,0.0183007386528537,0.01303248917738039,-0.005268249475473309,0.0500270268391618,0.024857779234936712,-0.025169247604225085,0.0682777856805378,0.01629875573952511,-0.051979029941012694,-0.0398269319871056,0.00610470041276184,0.045931632399867445,0.0324688405769058,0.009294426764939884,-0.023174413811965916,0.0342953539659824,0.011358224113693496,-0.022937129852288903,0.0013652846578187,-0.01817404953007328,-0.01953933418789198,0.0199090118532339,0.031181660379460904,0.011272648526227003,0.0224154144557154,0.03472528019402989,0.012309865738314486,-0.0805443659151961,-0.04075411433026344,0.039790251584932664,0.0487469428707519,0.012206373861710494,-0.03654056900904141,0.0220339749718558,0.013508746381922416,-0.008525228589933383,0.0324318292372438,0.011421534040402113,-0.02101029519684169,-0.034819612188608,-0.03540988507838773,-0.0005902728897797319,0.0102853917768512,0.023010424198876025,0.012725032422024826,-0.1373279750931426,-0.027562732401235558,0.10976524269190704,-0.0070004067087273,0.02027076318304341,0.02727116989177071,0.0174927139354442,0.003839697470843619,-0.013653016464600582,0.0062593940280446,0.0025150524530446737,-0.0037443415749999266,0.0629730916139398,0.025410480190109788,-0.03756261142383001,0.072793017921742,0.019662934974371247,-0.05313008294737076,-0.0112517084772483,0.006695770004753841,0.017947478482002142,,-0.062197119954717564,,0.0184226477434844,0.035606915629746716,0.017184267886262317,0.018992172913227,0.03807766886545937,0.019085495952232374,-0.0256831264819846,-0.02373407637351352,0.0019490501084710801,0.0621246517689454,0.011636615010540086,-0.05048803675840532,0.0714567560323724,0.023637522391807143,-0.04781923364056526,0.0330143950061788,0.024842476489790006,-0.008171918516388797,0.0411050824020009,0.008394026887922446,-0.03271105551407845,0.0448626466904546,0.013834791546868105,-0.031027855143586497,0.0462941981171238,0.01449970867816086,-0.03179448943896294,0.0020510254374114,-0.016795966819773047,-0.018846992257184447,0.0014322462173089,0.014193980651176882,0.012761734433867982,0.0067007713160186,0.018864542643132913,0.012163771327114313,0.0003331071374587,-0.049532117172581686,-0.04986522431004039,-0.0083058685194715,0.01563341167771167,0.023939280197183173,-0.0094454018044532,0.02255499862094953,0.03200040042540273,-0.0756610491279842,-0.007219528138803193,0.068441520989181,0.0747072266940538,0.0236676927544033,-0.0510395339396505,0.0782773714124768,0.027436566402325554,-0.050840805010151244,-0.0848621223901071,0.0010447326908711507,0.08590685508097824,-0.0564600570802134,0.024833555425588728,0.08129361250580212,-0.0567537879275119,-0.014679473174848523,0.04207431475266338,0.0319296396226027,0.009341223452284001,-0.0225884161703187,-0.0213747274298756,0.009335374111551623,0.030710101541427223,-0.0162545484362303,0.007028631745543706,0.023283180181774006,-0.0465096653676241,-0.03317901649962564,0.013330648867998465,0.0606265985733144,0.025167949620568154,-0.035458648952746245,0.0645131705373896,0.02807815465120056,-0.03643501588618904,-0.1139721990557034,-0.06694816298214895,0.047024036073554445,0.0600212144658863,0.036766023696814865,-0.023255190769071434,-0.0504341378948546,0.01681966911511684,0.06725380700997144,0.0128083923827048,-0.009987418308498214,-0.022795810691203015,-0.0358051272025027,0.0036995686903700596,0.03950469589287276,0.0597834841923547,0.020491243942447487,-0.03929224024990721,0.0106382901193568,0.02655090080194317,0.01591261068258637,0.0130025004201686,0.029956348709065533,0.016953848288896935,-0.1238257948001931,-0.04977355982078082,0.07405223497941227,,0.0015247766691679969,,-0.0432062445716076,0.008409537261875665,0.05161578183348327,0.0369358216301553,0.013687306124276093,-0.023248515505879204,0.0393117385887347,0.018109149392651566,-0.021202589196083133,-0.0259781042086446,-0.018183416536912068,0.007794687671732532,0.0156680480910109,0.01678349813837509,0.0011154500473641894,0.0233673437264478,0.020762843697133958,-0.002604500029313842,-0.0400569731977909,-0.03068357410495756,0.009373399092833336,0.0509312918666416,0.024206643210751194,-0.026724648655890408,0.0594038097458132,0.02803288031615795,-0.03137092942965525,-0.0898940775588314,-0.008036137787179844,0.08185793977165155,-0.0189496020617141,0.010199377042206303,0.029148979103920402,-0.0215241269090346,0.015195339580366594,0.03671946648940119,0.0033554421120015,-0.016209457980824377,-0.019564900092825875
2024-09-01,,0.013108400716995258,,0.0078400407890856,0.006066028807296059,-0.001774011981789541,-0.0265489468748575,0.019553097619521762,0.04610204449437926,0.0608428641946204,0.023009974774971756,-0.037832889419648644,0.1217493552950636,0.03714981210205731,-0.08459954319300629,-0.0016554621232072,-0.003057636736731005,-0.001402174613523805,-0.0001472343944459,-0.0022417341736917923,-0.0020944997792458923,0.0201657419662985,-0.012847714581959168,-0.03301345654825767,0.0345987384084195,0.03474329098673059,0.00014455257831109264,0.0360461282807956,0.035922969374888605,-0.00012315890590699347,-0.051100516363308,-0.0061251057361636635,0.04497541062714434,0.0043352054571915,0.006293537067027635,0.0019583316098361354,0.0171985663913483,0.012523505745406099,-0.004675060645942201,0.0160993542880886,0.009326145310303145,-0.006773208977785456,0.0040309338756247,-0.014050311854732229,-0.01808124573035693,0.0543444456944094,0.01638723085553214,-0.03795721483887726,-0.0954581011601521,-0.015466143159446975,0.07999195800070513,0.049965539893512,0.022476747394296386,-0.02748879249921561,0.045169251181989,0.017988353058358053,-0.027180898123630948,0.0588837207411386,0.0130695605235665,-0.045814160217572106,0.0146209050057504,0.01629934235018971,0.0016784373444393083,0.0542371035188943,0.025913016824634958,-0.02832408669425934,0.0395514167087712,0.025894935231768685,-0.013656481477002515,-0.028385702503958,-0.024962403950027474,0.0034232985539305247,0.0199552570968702,0.04203080141666335,0.02207554431979315,0.0202360541344775,0.043431498429233495,0.023195444294755996,0.0600099780885947,-0.004962250707976288,-0.06497222879657098,0.0464557682409994,0.025409810071432427,-0.021045958169566975,0.0537485586774906,0.03681825840909188,-0.016930300268398722,0.0066454743890526,0.014127004220689932,0.007481529831637332,0.0187508005991621,0.015385174825378144,-0.003365625773783956,0.0002376516575725,0.005703346732671099,0.005465695075098599,-0.001423967074324,0.006000677726934799,0.007424644801258799,-0.0888279898062064,-0.002972871368295673,0.08585511843791073,0.0587204195115443,0.020361631757853896,-0.03835878775369041,0.0651752656455594,0.02250653329588204,-0.04266873234967736,0.0045612632338434,-0.02063917643497511,-0.02520043966881851,0.0112546674567116,0.027837362850538856,0.016582695393827257,0.0113228593800783,0.0277539789297181,0.0164311195496398,0.118125680135845,0.004978138197877241,-0.11314754193796776,0.0175088499221169,0.025025915597875786,0.007517065675758886,0.0110731648045858,0.026097795442266786,0.015024630637680985,-0.0650610588828524,0.008436084561928046,0.07349714344478044,0.1042028909402384,0.022583491209965747,-0.08161939973027264,0.0467666087447175,-0.0003305557825414012,-0.0470971645272589,0.0271178217423745,0.017017636650250873,-0.010100185092123626,-0.0418771818174583,-0.000837006582634899,0.0410401752348234,-0.0413915515276593,-0.007430869143472935,0.03396068238418636,-0.0222687421016922,-0.026920079406906834,-0.004651337305214633,-0.0284519334363729,0.02203708052031204,0.05048901395668494,-0.0280694481661066,0.022741027367078726,0.05081047553318532,-0.0695598995425113,-0.02489526162827051,0.04466463791424079,0.0095919305239024,0.025650719045760436,0.016058788521858037,0.0557425279179015,0.007422796605766182,-0.048319731312135315,0.0426886087954942,0.006262648771292712,-0.03642596002420149,0.0287444678515577,0.009250262509043861,-0.019494205342513837,0.0514904194788031,0.02006537248490406,-0.03142504699389904,0.0407673215692703,0.032653308202053186,-0.008114013367217114,0.0415120135257358,0.03445678697458239,-0.007055226551153412,0.0806584289801546,-0.024142909039087793,-0.1048013380192424,,0.011163163275697843,,0.0410901971263934,0.013781460465257637,-0.02730873666113576,0.0306453084211532,0.012640267931243584,-0.018005040489909613,0.0309024982720228,0.015098806245464681,-0.015803692026558118,0.0070039587076944,-0.009799605817927588,-0.016803564525621987,0.0246735443465619,0.016769622052935994,-0.007903922293625906,0.0231395750609621,0.018809020658565663,-0.004330554402396436,-0.0305748476373926,-0.017628904098864574,0.012945943538528026,0.0444525015784501,0.016087814085862434,-0.028364687492587665,0.0449208587821049,0.017854395040192577,-0.027066463741912326,-0.0076262135028658,0.0032432206705206093,0.01086943417338641,-0.011754579943733,0.0149719546980401,0.026726534641773103,-0.0184642654660486,0.01742793792183344,0.03589220338788204,0.0581325337381668,-0.0037912202310197134,-0.061923753969186514
2024-10-01,,0.01219524524093625,,-0.0357503399707854,-0.00512383162004276,0.030626508350742643,-0.0033111127079914,-0.0016023075274539823,0.0017088051805374178,-0.059950553654291,-0.020489537418407033,0.03946101623588397,-0.0366520270450178,-0.021470543128821216,0.015181483916196583,0.0305797690307787,0.005791804366206173,-0.024787964664572525,0.031874643839334,0.0064505004772345284,-0.02542414336209947,0.0171523835201518,-0.004977942934831157,-0.022130326454982956,-0.0041238197712772,-0.007212451315293287,-0.003088631544016087,-0.0039964132584723,-0.00582014189432157,-0.00182372863584927,0.0065878204462714,-0.03518084939965097,-0.041768669845922375,-0.0162421468816981,-0.017402463099398125,-0.0011603162177000262,-0.0410608055135693,-0.013609162938518441,0.027451642575050856,-0.0418869538421404,-0.012581101306806928,0.02930585253533347,0.0848002795148286,-0.03164019682571977,-0.11644047634054838,0.011940188852509,-0.0042174164118496315,-0.01615760526435863,-0.0770110742971055,-0.02468651366571373,0.05232456063139178,-0.0024994502223589,-0.010244650458120143,-0.007745200235761244,-0.060067371809403,-0.01929897971215482,0.04076839209724818,-0.0156000587027015,-0.017788425639186468,-0.0021883669364849683,-0.0629313999215665,-0.008976575246518254,0.05395482467504825,-0.0401001451798716,0.017978083153345627,0.05807822833321723,-0.0065790682573791,-0.015915550865230672,-0.009336482607851571,,-0.05450535918209185,,0.0095752339406786,-0.010878853019547628,-0.020454086960226228,0.010398760575997,-0.01052505489431272,-0.02092381547030972,0.0463057213949776,-0.02571777393264841,-0.072023495327626,0.0354490924817822,-0.009951015796762289,-0.04540010827854449,0.0386635010844563,-0.01872751382417683,-0.05739101490863313,-0.0480229890167421,0.0016447262538293742,0.049667715270571476,-0.0690775550401323,-0.002133391800212071,0.06694416323992022,-0.035933375496271,-0.0014637310178815177,0.03446964447838948,-0.040853424439195,-0.0015713636548133122,0.039282060784381685,0.0432429605008793,-0.012547195403956046,-0.05579015590483535,-0.0340622939283574,-0.01221961452605446,0.021842679402302938,-0.0380159061094377,-0.010350586706610689,0.02766531940282701,-0.1590136836075819,-0.042752059677365076,0.11626162393021681,-0.0876917139803408,-0.009258688307467938,0.07843302567287286,-0.0945864022968409,-0.0054372622811394945,0.0891491400157014,0.0636107981963115,-0.009754668137130534,-0.07336546633344204,-0.0142968875238385,-0.0009125338264340194,0.01338435369740448,-0.0108426303181382,-0.00036935144834497006,0.01047327886979323,0.002250652968605,0.0040321680124821456,0.0017815150438771454,-0.0024154526025173,0.00031510667821906587,0.002730559280736366,0.0855281351596033,-0.01741724564287904,-0.10294538080248233,0.0059682112600501,-0.009074773927413689,-0.01504298518746379,-0.0005744746385839,-0.00454977311260816,-0.0039752984740242595,0.0016693093289526,0.0025570560844150525,0.0008877467554624524,0.0052195586284824,-0.02188826936145715,-0.02710782798993955,-0.0379966216651688,0.006203385539673551,0.04420000720484235,-0.0389726060365128,0.0070954671688364624,0.04606807320534926,0.1559074533302897,-0.04191708521197391,-0.19782453854226362,-0.0160508980144312,0.00630965683245875,0.022360554846889952,0.027716427368734,0.0038880892951056027,-0.023828338073628396,0.0082568378500814,-0.01993763217357416,-0.02819447002365556,-0.0461407704874551,-0.019405019727373924,0.026735750760081178,-0.0162460681251251,-0.009997190485064325,0.006248877640060775,-0.0095208458548754,-0.00765176115739468,0.00186908469748072,-0.0064514807919176,-0.005737593695570905,0.0007138870963466952,-0.0384583926308095,-0.05267130658435346,-0.01421291395354396,,-0.003400133292380967,,-0.008609359114505,-0.017196937505144807,-0.008587578390639807,0.0191544288895813,-0.004272553847398236,-0.023426982736979535,0.0242221150844431,-0.0009968680261454683,-0.02521898311058857,-0.0458159262355417,-0.019197938633879325,0.026617987601662372,-0.0080418221805665,-0.009271585249775859,-0.0012297630692093588,-0.006506148076957,-0.008291652356505967,-0.0017855042795489676,-0.1025506124013929,-0.03568099430379722,0.06686961809759569,0.0025238610305773,-0.0010103952750005396,-0.0035342563055778395,0.0113664560961149,0.0007667804982886845,-0.010599675597826215,-0.0584063695424279,-0.017331947826686334,0.04107442171574156,-0.0089864284168692,-0.008928118898572718,5.8309518296481566e-05,0.0054750145477312,-0.006251139273215149,-0.011726153820946349,-0.0523529165936079,-0.02943254921786504,0.022920367375742857
2024-11-01,,0.08347853180071957,,0.0408031336535433,0.08069599213813546,0.039892858484592154,0.0775529348720074,0.041549890614291554,-0.03600304425771585,0.078956044701684,0.06875361025593986,-0.010202434445744146,0.2766514987317343,0.1541206170448418,-0.12253088168689247,0.1025949366695789,0.08835603576664239,-0.014238900902936516,0.1017031749924322,0.08796905331762765,-0.013734121674804547,0.1138936235491268,0.05747108493641771,-0.056422538612709086,0.0746032016531649,0.07579430841316757,0.0011911067600026692,0.0720963888611599,0.07212736977896411,3.098091780420753e-05,-0.0033703833831084,0.10877989736173803,0.11215028074484643,0.0492265563116046,0.018032876888745022,-0.03119367942285958,0.013855037147826,0.07278298443920819,0.05892794729138219,0.0198059799741576,0.06045564132692145,0.04064966135276385,0.0869788863819816,0.12516112928654127,0.03818224290455967,0.0644930251367911,0.04089814781232179,-0.023594877324469313,-0.183781701445155,0.06456069674152641,0.2483423981866814,0.070743095124955,0.07848182363951478,0.007738728514559784,0.0726219134880761,0.10911539102755488,0.03649347753947878,0.0865365496919954,0.10800743320436428,0.02147088351236888,0.0711570123348565,0.02133416386460387,-0.049822848470252624,0.1277525246637545,0.06188166582775251,-0.065870858836002,0.1221513043982816,0.11427389926018737,-0.007877405138094234,-0.0736330112334169,0.0451647758454735,0.1187977870788904,0.0349136499705531,0.08719955435985667,0.05228590438930357,0.0333292282253418,0.08442341437697193,0.051094186151630125,0.0260365957854225,0.08352246143322896,0.05748586564780646,0.146525487707284,0.13594620120369197,-0.010579286503592022,0.1534730953202112,0.0838520713249756,-0.06962102399523559,0.0140719593669978,0.019382746326797373,0.005310786959799573,0.0584121270672542,0.06629151917365741,0.007879392106403212,0.086517273282647,0.06974211336062111,-0.016775159922025884,0.0842847222557914,0.0691115690465019,-0.015173153209289497,0.173057873200263,0.07957680456144126,-0.09348106863882175,0.0760375583610021,0.09991112316592622,0.023873564804924127,0.0709625094254894,0.0960650759392713,0.0251025665137819,0.0474699455593514,0.10452120283551221,0.05705125727616081,0.0230944315943931,0.08481691774129839,0.06172248614690529,0.0220134366014707,0.07180139717412139,0.04978796057265068,0.0830682927752106,0.10954548434576575,0.026477191570555142,0.04508469798492,0.05433570354582111,0.00925100556090111,0.0418127020663581,0.049167817606208114,0.007355115539850014,0.0439518478337957,0.06245793501905331,0.018506087185257605,0.0218708744307953,0.10353575888890344,0.08166488445810814,-0.0943469879612268,0.022630769819544636,0.11697775778077144,0.1078821447474404,0.0772717998672561,-0.030610344880184298,0.0573546382289629,0.0625420741065061,0.005187435877543202,0.0506891065709049,0.07212503199692345,0.021435925426018555,0.0460745085458,0.09038060936817154,0.04430610082237153,-0.0264210638446046,0.041597623311190546,0.06801868715579515,-0.0273455907571755,0.03750492663687058,0.06485051739404607,-0.0957859404058672,0.08742232427825695,0.18320826468412416,-0.0620211913355474,0.012607889041880305,0.0746290803774277,-0.1535764248466179,0.04397415394870985,0.19755057879532775,0.0756866567272158,0.13187952768369726,0.056192870956481455,0.0243512999327619,0.0679387665436617,0.043587466610899794,0.0595007044025257,0.04739147749583221,-0.012109226906693492,0.1041021482306904,0.0680248901154515,-0.0360772581152389,0.103436550301145,0.06428998619278299,-0.03914656410836201,0.1070563999649799,0.09619691059384307,-0.01085948937113683,,0.09340390318499403,,0.0891070678712091,0.10306008195830253,0.01395301408709343,0.0859688027543524,0.07778479715417283,-0.008184005600179567,0.094153793109848,0.07526256675257575,-0.01889122635727225,0.0763293722413345,0.08529953411770981,0.00897016187637531,0.066075822136222,0.07510715283868137,0.009031330702459373,0.0630287347325448,0.07198239127391164,0.00895365654136683,-0.1456444412425859,0.0818548746323477,0.2274993158749336,0.059415682628569,0.025612544397612912,-0.033803138230956084,0.060803301616402,0.020736907046160578,-0.04006639457024143,0.0902770120756707,0.05782657765208804,-0.032450434423582655,0.125643234641665,0.06840652385999853,-0.057236710781666464,0.1300101601742503,0.0623875709692511,-0.0676225892049992,0.2438642066013756,0.06333890477596799,-0.1805253018254076
2024-12-01,,-0.03870775246580966,,-0.0362841538339338,-0.05255286630075809,-0.016268712466824292,-0.0925773613405481,-0.008747585925754892,0.08382977541479321,0.0230163201243342,-0.031058024887647716,-0.05407434501198191,0.1122194925834238,-0.05605724170478743,-0.16827673428821122,-0.0442654031484053,-0.05592473767452,-0.0116593345261147,-0.0418338890565563,-0.055079250743059444,-0.013245361686503143,-0.0454918175721529,-0.049190998059911326,-0.0036991804877584272,-0.0056141510973752,-0.011328690371013054,-0.005714539273637854,-0.002551026872629,-0.006775011583847423,-0.004223984711218423,0.0215573585239707,-0.09415403063904282,-0.11571138916301352,-0.0585118304878596,-0.023528900176801995,0.034982930311057606,-0.0982246202198505,-0.0417167162627731,0.056507903957077395,-0.0956182944013611,-0.040694116167460624,0.05492417823390048,-0.0971590410728244,-0.11914600281102782,-0.021986961738203414,-0.0834994532121692,-0.02619848001763468,0.05730097319453452,-0.0550437044663563,-0.07974405785235647,-0.02470035338600017,-0.0188501142245909,-0.03289704961860887,-0.014046935394017971,-0.1496358019294036,-0.055327286597459724,0.09430851533194387,-0.1211770082339948,-0.06121175779648511,0.059965250437509686,-0.0583881809856774,-0.010735063376020652,0.04765311760965675,-0.0714033614640435,-0.023436633428052717,0.04796672803599078,-0.0808087740113758,-0.0540642578486242,0.0267445161627516,0.0459427908505942,-0.10186198949028974,-0.14780478034088396,0.0345364400832082,-0.01089352782735748,-0.04542996791056568,0.0355531332531297,-0.007252569909072649,-0.04280570316220235,0.0439954745152496,-0.07923910469549797,-0.12323457921074757,-0.0206940808398089,-0.05785140557657281,-0.03715732473676391,-0.0190532979986993,-0.01755919226488968,0.0014941057338096198,-0.0658769560900882,-0.011432360529357309,0.05444459556073089,-0.1418529808905659,-0.042823990499850015,0.09902899039071587,-0.0985852405040013,-0.044409220780350846,0.05417601972365046,-0.1055234800372524,-0.04371959378364361,0.06180388625360879,0.0049420717633291,-0.05738512185306439,-0.06232719361639349,-0.0831436928921945,-0.05214359457517921,0.031000098317015293,-0.0783148851807831,-0.047254990429366164,0.031059894751416933,0.0640142123977208,-0.10527470860147105,-0.16928892099919185,-0.0316023034310926,-0.03278014928970253,-0.00117784585860993,-0.0383220106384983,-0.021764494520875595,0.016557516117622705,0.0959163697718569,-0.04775422399863231,-0.1436705937704892,-0.0467432323515017,-0.020088726666312076,0.026654505685189622,-0.0451299581347961,-0.016421614416179363,0.02870834371861674,-0.0101551063404898,-0.04860736428331768,-0.03845225794282788,-0.1211104492444744,-0.05951379807849926,0.06159665116597513,-0.0963844008825512,-0.03193147434054504,0.06445292654200616,-0.1259817393665417,-0.03864905713155816,0.08733268223498353,-0.0839725572055171,-0.05926147495119031,0.024711082254326798,-0.0875326915514093,-0.07100498656758641,0.01652770498382289,-0.0014599575013799,-0.10249452618721752,-0.10103456868583763,-0.0479650166112732,-0.012083540361238975,0.035881476250034225,-0.0438274475620513,-0.009001718502961435,0.034825729059089865,-0.1297801045772004,-0.10501637807497063,0.02476372650222977,-0.0903886808488868,0.0017161139435310658,0.09210479479241786,-0.1385331190790678,-0.03193976028124298,0.1065933587978248,-0.0909119221518112,-0.07447967343940029,0.016432248712410905,-0.0620920730047715,-0.04308024481316628,0.01901182819160522,-0.0407657265754395,-0.01092563385064634,0.029840092724793155,-0.0026811327364413,-0.011211833955741048,-0.008530701219299748,-0.0013440075567286,-0.0056187461442010495,-0.004274738587472449,-0.1639584413890896,-0.11017120558599522,0.053787235803094385,,-0.055146180889054354,,-0.1412309528441981,-0.06501323810649455,0.07621771473770354,-0.063515414192435,-0.038460089560507164,0.02505532463192784,-0.0635443341538222,-0.03366569454444009,0.029878639609382106,-0.0375654750306147,-0.0773389272970074,-0.03977345226639271,-0.082647500459172,-0.040181244381920285,0.04246625607725172,-0.0827546820575853,-0.03684510274325855,0.045909579314326744,-0.0673393354792098,-0.10437341916504041,-0.03703408368583061,-0.06567982944423,-0.009634924879095542,0.05604490456513445,-0.0691800282772359,-0.005174238874730683,0.06400578940250522,-0.0424523533756235,-0.043487852496128174,-0.001035499120504671,-0.0941627520162139,-0.03593412507831137,0.058228626937902525,-0.0970736755797087,-0.02895339624780304,0.06812027933190565,0.0190793168714816,-0.059014302457901284,-0.07809361932938289
2025-01-01,,0.041382485155709234,,0.090102440462473,0.04436537705629549,-0.04573706340617751,0.0547250496332969,0.021876108125428284,-0.032848941507868615,0.0404735417816924,0.003448285300117486,-0.03702525648157491,0.005674859676839,0.05782543681069705,0.05215057713385805,0.0766856662973959,0.07826833649742145,0.001582670200025546,0.0792261585443101,0.08022226947359613,0.0009961109292860315,0.0015168788250361,0.027159191275103134,0.025642312450067033,0.0556009039111301,0.045645639729564674,-0.009955264181565428,0.0568690584559887,0.04704326413507503,-0.00982579432091367,-0.0052188977797052,0.011312718733523007,0.01653161651322821,-9.99950098649633e-06,-0.021200397554910544,-0.02119039805392405,0.0562771706761212,0.025836863160286758,-0.030440307515834444,0.0636158506996859,0.011595814020669575,-0.05202003667901632,0.0625697091848977,0.023689654199274837,-0.03888005498562286,0.0024032114683543,0.00417720684052802,0.0017739953721737198,-0.0253158996567078,-0.005287299164526778,0.02002860049218102,0.0233906347473827,0.03382811462351764,0.010437479876134938,0.0251341808322691,0.02811617304798024,0.002981992215711139,0.0683802221028184,0.0319859123960227,-0.0363943097067957,0.0070734896152122,-0.007132494662962924,-0.014205984278175123,0.008335895682538,-0.0014080948131549639,-0.009743990495692963,-0.0026213112268496,0.027650208632795895,0.030271519859645494,-0.0721511750759685,-0.06640383172094208,0.005747343355026413,-0.0577358473837955,0.04074761472105779,0.09848346210485329,-0.0591977479499635,0.0405160764067371,0.09971382435670059,-0.0610308003433446,0.012680090696066437,0.07371089103941103,0.0667213368847742,0.07792592863174334,0.01120459174696914,0.0730353779241373,0.039695860132838295,-0.03333951779129901,-0.0302563386341849,-0.0012192272070255528,0.029037111427159347,0.1465251606892178,0.006959915076043632,-0.13956524561317418,0.0431069477860254,0.04346925313763202,0.000362305351606626,0.0470959612531923,0.04253410475685875,-0.004561856496333547,-0.0115279505774153,0.025090781576961922,0.03661873215437722,0.0566098689041906,0.03283393463374383,-0.023775934270446768,0.0580485519756682,0.03414475373056779,-0.023903798245100416,-0.0769675295505637,0.004463846602667492,0.08143137615323119,0.0715759836676773,0.023445307228691772,-0.048130676438985526,0.0754814340354638,0.026594775238045723,-0.048886658797418076,0.1142053763825881,0.10179526505793145,-0.01241011132465665,0.0951097535934301,0.017816442250258357,-0.07729331134317174,0.0996674335421362,0.015484239947514439,-0.08418319359462176,-0.0836368678742227,-0.00924150230654408,0.07439536556767862,0.0133009043359251,0.04010008163133826,0.02679917729541316,-0.0444025396682101,-0.053973280098816946,-0.009570740430606843,0.0819241253965784,0.021861256432202353,-0.06006286896437604,0.0146392119169982,0.014448370864578721,-0.0001908410524194791,0.0150701181900921,0.030166651284619657,0.015096533094527556,-0.0437163043834633,0.018919192229658502,0.0626354966131218,0.0377574964755817,0.018210561197459715,-0.019546935278121985,0.0409605757703069,0.01726608328213463,-0.02369449248817227,-0.0917381065145025,0.0049824545156615056,0.096720561030164,0.1305728555566948,-0.012469919576219192,-0.14304277513291397,0.060507294323836,0.020441214160401275,-0.04006608016343473,0.0655036442902943,0.05563509409327568,-0.00986855019701862,0.0042664517611018,0.007630527450798069,0.003364075689696269,0.0282952958332036,0.01451171941170174,-0.013783576421501862,0.0726244548509029,0.026890721795153755,-0.04573373305574914,0.0759851108008067,0.02899735356720764,-0.046987757233599055,-0.047986312353074,-0.014333130670812403,0.03365318168226159,,0.021122962384264865,,0.0686161802357603,0.028877939908353883,-0.039738240327406416,0.0510003505712885,0.04556291025345387,-0.005437440317834635,0.0569296713290201,0.04878799904695866,-0.00814167228206144,0.0082667254792352,0.023337914141761937,0.015071188662526738,0.0314993840138141,0.0270355286898677,-0.0044638553239464,0.0314673690953005,0.029004862079305797,-0.0024625070159947013,-0.0361035095258078,-0.010949093774042937,0.02515441575176486,0.0186439492934479,0.0046965800163242324,-0.013947369277123669,0.0349396387202099,0.003728550098837182,-0.03121108862137272,-0.0412572073131588,-0.0036299202812137025,0.0376272870319451,0.0501052977330904,0.014649906528625621,-0.03545539120446478,0.0504468322571455,0.015593228699721729,-0.03485360355742377,-0.2329501139432474,0.0021245286349117765,0.2350746425781592
2025-02-01,,-0.00892674557507404,,0.0129454043140042,-0.0024006440638008877,-0.015346048377805087,0.0508926187467414,0.0001587837095838934,-0.050733835037157504,-0.041053251655752,-0.037657232941308336,0.0033960187144436646,-0.2210629110922717,-0.09889365728000218,0.12216925381226951,0.0037117216788615,0.016045354369735226,0.012333632690873727,0.0048072619432919,0.01788749122556452,0.01308022928227262,-0.0022571621001383,-0.015488883179616258,-0.013231721079477957,-0.0553103749308316,-0.03433394657977077,0.02097642835106083,-0.0528323068596643,-0.028297889810235417,0.024534417049428884,-0.1292220485804034,-0.11654414498856323,0.012677903591840164,0.0243995553821643,-0.005206870365817317,-0.029606425747981616,-0.0056260327385056,-0.018966932978187623,-0.013340900239682024,0.0100560561963855,-0.012183188004083044,-0.022239244200468543,-0.1679163079277897,-0.08579337029145011,0.08212293763633959,0.0851063061968147,-0.0020115674674313086,-0.087117873664246,-0.0795954726355184,-0.052468248569726796,0.027127224065791607,-0.0452871949749523,-0.02849823774357253,0.016788957231379773,-0.0982582594486728,-0.050176756830038624,0.04808150261863417,-0.0474382414090004,-0.04260531398923967,0.004832927419760734,0.0306674770364253,0.004566770471470899,-0.0261007065649544,-0.0974757120591654,0.0017696914835074488,0.09924540354267285,-0.0726729605940836,-0.0646403880275391,0.008032572566544494,-0.1511058838444316,-0.13616461401768432,0.014941269826747289,0.0025254075182447,-0.03982554406356169,-0.042350951581806386,0.0052511900344715,-0.037446389389701594,-0.04269757942417309,-0.1320821359636914,-0.07864403848139946,0.05343809748229193,0.0021106071166716,-0.06097521100333332,-0.06308581812000492,0.0039315481406652,-0.06819118422748613,-0.07212273236815132,0.0501507084192734,0.01523998879618858,-0.03491071962308483,-0.0002463313876744,-0.027722208132980642,-0.027475876745306244,-0.0042446739178032,0.0027937597786533725,0.007038433696456572,-0.0093618160941435,0.003998634878190381,0.013360450972333881,0.0117613783803562,-0.04385178522717869,-0.05561316360753489,-0.0359749325918354,-0.035577620267914674,0.0003973123239207274,-0.0337556880031889,-0.029844368344290263,0.003911319658898637,-0.1457751096814258,-0.0994475463254906,0.046327563355935186,-0.0910943096881326,-0.04735549175268651,0.043738817935446095,-0.0755374587462769,-0.02888083189280925,0.04665662685346765,-0.143278841827941,-0.06081885521165434,0.08245998661628667,-0.0031169598034799,-0.021042522420911005,-0.017925562617431105,0.0031101479594025,-0.014740190883904478,-0.017850338843306977,-0.0399279172174812,-0.011290937596488335,0.028636979620992865,-0.0609694264540828,-0.014117326125977759,0.04685210032810504,-0.1137699115903495,-0.02953831363351866,0.08423159795683084,-0.0005408363081076,-0.0328216846906538,-0.032280848382546204,0.0196665289133169,0.01121757445198315,-0.00844895446133375,0.0265711563742743,0.02499969096214247,-0.0015714654121318297,-0.079302941548056,-0.03250676295857351,0.0467961785894825,0.0454370515721347,-0.0027672590908904273,-0.04820431066302513,0.0513151456616145,0.002625965062572834,-0.04868918059904166,-0.1014462422297508,-0.14600320127341682,-0.04455695904366602,0.0320456823293036,0.019468711048857845,-0.012576971280445753,-0.0354027599348818,0.01165204898026026,0.04705480891514206,-0.030404530802672,-0.05586156366985072,-0.02545703286717872,0.0384941426060934,-0.030628089818653902,-0.0691222324247473,0.022460506818373,-0.012465069520494764,-0.03492557633886777,-0.0512005421524594,-0.03304412780301925,0.018156414349440153,-0.0496554680397948,-0.028848632512195587,0.020806835527599214,-0.1704260604499722,-0.09633260796767679,0.0740934524822954,,-0.024319306841367436,,0.0136935597779597,-0.03692001239235783,-0.050613572170317526,-0.0031043290551737,-0.01498552006555666,-0.01188119101038296,-0.0022472691887157,-0.00988257290359532,-0.0076353037148796194,0.008981879689287,-0.04110429193525862,-0.05008617162454562,-0.0033609527095969,-0.020211162144227867,-0.016850209434630968,0.0113014606586603,-0.018219780393630158,-0.029521241052290457,-0.112778911181837,-0.06772227361731323,0.04505663756452377,0.0215291029311812,0.007405184846972511,-0.014123918084208688,0.005787474368724,0.012424423662760541,0.006636949294036541,0.0257127552737887,-0.038094458721654706,-0.06380721399544341,0.0043277682328743,-0.02326987561017077,-0.02759764384304507,0.0139535120031323,-0.016888079178335666,-0.030841591181467967,-0.0954184128533247,-0.05844549651352395,0.036972916339800745
2025-03-01,,-0.0354485558230513,,-0.0108114285095863,-0.05579007511667268,-0.04497864660708638,0.0208142652282392,-0.0319001731647588,-0.052714438392998,-0.1828201164401031,-0.06623249256398415,0.11658762387611894,-0.1014810413675441,-0.1128723276533035,-0.011391286285759403,-0.0624542344746194,-0.03807930418763981,0.02437493028697959,-0.0621476877057028,-0.039236544290063485,0.022911143415639317,-0.0370105291523632,-0.022309239195653068,0.01470128995671013,-0.0807502473856077,-0.06905881280689821,0.011691434578709484,-0.0801369257333792,-0.06474651503824316,0.01539041069513604,-0.1131613939464232,-0.12094555556231756,-0.007784161615894361,-0.0479749862594639,-0.03823942979072825,0.009735556468735647,-0.0354779788821486,-0.059066405898884254,-0.023588427016735657,-0.0346800250786025,-0.050966925030957407,-0.016286899952354904,-0.158535072378624,-0.12332000723760521,0.035215065141018784,-0.0131783458901275,-0.05208108501094143,-0.03890273912081393,0.0788551102335589,-0.0759253499250881,-0.154780460158647,-0.085857581012999,-0.06864335077897041,0.0172142302340286,-0.0373828329765614,-0.07351090855595212,-0.03612807557939072,-0.0729557182677971,-0.07277518977355013,0.00018052849424697592,-0.0274192610093439,-0.0350689748040207,-0.007649713794676799,-0.0162975247977351,-0.028826881410079178,-0.012529356612344077,-0.0839118766012408,-0.09134811815464411,-0.0074362415534033055,-0.095290328239327,-0.13572490823971115,-0.04043458000038415,-0.1029142407312189,-0.07309784433966492,0.02981639639155398,-0.1027437695851342,-0.07127279258124933,0.031470977003884876,-0.202003066632628,-0.10436618586671177,0.09763688076591621,-0.0781427589032567,-0.1003178622730597,-0.022175103369802995,-0.0748634450726171,-0.0948140764078574,-0.019950631335240304,0.0175914496939554,-0.028108644464762453,-0.045700094158717855,-0.0054877562371303,-0.06513625651690746,-0.05964850027977717,0.0274135855734366,-0.04731876104922717,-0.07473234662266377,0.0327188184317275,-0.04624268837810036,-0.07896150680982786,-0.0427199261586646,-0.053021516654471815,-0.010301590495807214,-0.0620304462398115,-0.0791971122330658,-0.017166665993254303,-0.0588766829589077,-0.07699623253785579,-0.018119549578948083,-0.0758501552109662,-0.10027073479202207,-0.024420579581055868,-0.0640948675036275,-0.07626561941622387,-0.012170751912596367,-0.0534870612146874,-0.06112067854673657,-0.007633617332049168,-0.1208735968193509,-0.07496048762636534,0.045913109192985566,-0.0512629258878906,-0.06216854915111222,-0.010905623263221621,-0.0487062136148995,-0.05911233794843286,-0.010406124333533363,-0.2191526747635738,-0.04152158912342391,0.1776310856401499,-0.0256109658119539,-0.08624378068327324,-0.060632814871319336,0.0405587810220178,-0.020811755303469046,-0.06137053632548685,-0.0358485478528633,-0.06103124293238703,-0.025182695079523726,0.0394661834848828,-0.04802905429601422,-0.08749523778089702,0.0450581418389404,-0.0439660919596762,-0.0890242337986166,-0.0442083899500169,-0.06463587027987662,-0.02042748032985972,-0.0420291876117921,-0.04210196650401968,-7.277889222757905e-05,-0.0389210182966345,-0.039155537875749706,-0.00023451957911520271,-0.1689320711500404,-0.13572729855611562,0.03320477259392479,0.1319303226455789,-0.028434374653084182,-0.1603646972986631,0.0207834261597451,-0.03725231069510641,-0.058035736854851507,-0.0814022984918092,-0.07459140172832462,0.006810896763484578,-0.058405852479698,-0.05474550080906325,0.0036603516706347483,-0.0584925438157807,-0.03429643541594712,0.024196108399833584,-0.0875868898507564,-0.05978693041555158,0.027799959435204816,-0.0872876279479043,-0.056260113360183155,0.03102751458772115,-0.0966625151464864,-0.10156695879758591,-0.004904443651099516,,-0.051778166088829,,-0.0894998140787547,-0.0847500410804995,0.0047497729982552,-0.0483397840784213,-0.053870246676763704,-0.005530462598342403,-0.0497491610173858,-0.052080801461004904,-0.0023316404436191027,-0.088826171084601,-0.07015610195735397,0.01867006912724703,-0.0673050243847319,-0.06411818824012784,0.0031868361446040633,-0.0647874731321053,-0.06679576776333328,-0.0020082946312279804,-0.0718988177061837,-0.108305756357631,-0.0364069386514473,0.0110785607701764,-0.030154666365630987,-0.04123322713580739,0.0094521312041204,-0.028044607974337263,-0.037496739178457666,-0.0118551171639558,-0.047970057667115394,-0.036114940503159595,-0.0081424613324305,-0.05152694539636764,-0.043384484063937134,0.0002567884575572,-0.0476819098085721,-0.0479386982661293,-0.0466753635292124,-0.07430660664803998,-0.02763124311882758
2025-04-01,,0.00021002090592054778,,0.0136423592121731,-0.026363560264872417,-0.040005919477045515,0.0181941121515501,-0.00576708657757813,-0.02396119872912823,-0.0632705194547444,-0.030709614472770125,0.03256090498197428,0.0607213563742253,0.008417188308070898,-0.0523041680661544,0.0015847676644817,-0.011429917841694722,-0.013014685506176422,0.0028059598710282,-0.009859320266166018,-0.012665280137194217,-0.0032707700674184,-0.021666431496442762,-0.018395661429024362,0.027278370021563,0.01861938647241675,-0.008658983549146251,0.0285646639408298,0.019730453665404754,-0.008834210275425046,0.0046191117524986,-0.020897755824833567,-0.025516867577332167,-0.0831988350706322,-0.04566076735187084,0.03753806771876135,-0.0314519322743525,-0.028491033522671468,0.0029608987516810334,-0.0283464559071507,-0.03711696152793989,-0.008770505620789189,-0.0623428031881732,-0.04935213397786903,0.012990669210304173,-0.0496276162083741,-0.02293887354475673,0.02668874266361737,-0.0813091368939565,-0.048021182184284625,0.03328795470967187,0.0002159294750897,-0.008501109258677923,-0.008717038733767623,0.0262382460039919,-0.03138238968670486,-0.05762063569069677,-0.0020307705250303,-0.03464318903441749,-0.03261241850938719,-0.0362287686829796,-0.029074833474522346,0.007153935208457252,0.1022403165307184,-0.0136044954450431,-0.11584481197576149,0.0260597225626893,-0.014779174439826546,-0.04083889700251585,-0.007968548316959,-0.05417246005182315,-0.04620391173486415,-0.0079652081794972,0.010073759996798992,0.018038968176296192,-0.00747359598117,0.011134103792147989,0.018607699773317988,0.0027198150913077,-0.02080275546768584,-0.023522570558993542,0.1398875445183412,0.014105954869678545,-0.12578158964866265,0.1542166931689861,0.023405538418671837,-0.13081115475031424,-0.0135566550366564,-0.019800611023222864,-0.006243955986566465,0.0034670468351495,-0.015669728341271016,-0.019136775176420515,-0.0727353641434119,-0.018908183986606916,0.05382718015680499,-0.0796568566092736,-0.020205263633669555,0.059451592975604046,-0.0450265167769025,-0.01986617392682397,0.025160342850078534,0.0006310278249762,-0.023007554531993372,-0.023638582356969574,0.0102019631080857,-0.02046147731662769,-0.03066344042471339,-0.038907044022409,-0.05522343387550842,-0.016316389853099418,-0.0522757424302939,-0.0014773343746060947,0.050798408055687805,-0.0564714080516762,-0.00018963035052143402,0.056281777701154764,-0.0219943155958143,0.04268484717075673,0.06467916276657104,-0.0100441444948164,0.003222411221599931,0.01326655571641633,-0.0072326503879936,0.001056952252926618,0.008289602640920218,0.0243594242145571,-0.03613893172244323,-0.06049835593700033,0.0203713563138257,-0.021359011291947068,-0.04173036760577277,0.0051293269448421,-0.058617347773080544,-0.06374667471792264,0.0398406348111346,-0.01514106943974245,-0.05498170425087705,-0.13697110366067,-0.05187762051944256,0.08509348314122744,-0.1321713317868879,-0.05271341919394411,0.07945791259294378,-0.1242515959704634,-0.06742506695961185,0.05682652901085154,-0.0116475244518748,0.0047805646901416645,0.016428089142016464,-0.0140534438001051,0.003960255275230979,0.01801369907533608,-0.0525217362658326,-0.003296846110922528,0.04922489015491007,0.0693234105125193,-0.015496402639013335,-0.08481981315153264,0.065361933339136,-0.01832931163954464,-0.08369124497868063,-0.048578346391484,-0.028228461409299244,0.020349884982184756,-0.0814787782820771,-0.0387436702650911,0.042735108016986,-0.0295767640141222,-0.015583324438115137,0.013993439576007061,0.0139216083069172,0.00634837961303957,-0.00757322869387763,0.0151280600048077,0.01065864798419841,-0.004469412020609289,-0.1226883063503729,-0.081322021647412,0.0413662847029609,,-0.03122984771225263,,-0.0120111166421335,-0.037253483264416035,-0.025242366622282533,0.0050939528569558,-0.007769031990247483,-0.012862984847203284,0.0138385433292738,-0.002183646379768641,-0.016022189709042442,-0.0637061860111007,-0.04001290875739171,0.02369327725370899,-0.0206767090994955,-0.02048966637083988,0.00018704272865562033,-0.0183926687299196,-0.015915771313128227,0.0024768974167913745,0.0912548805151934,-0.06757882697845476,-0.15883370749364817,-0.0036593982856351,-0.015185695520103633,-0.011526297234468533,-0.0070816194823407,-0.013436974424497677,-0.006355354942156977,-0.0488298397423856,-0.03457311790869624,0.01425672183368936,0.014647180979655,-0.023469920264390372,-0.038117101244045375,0.023105541666978,-0.01896348299747088,-0.04206902466444888,0.0079879584521696,-0.0355302035901759,-0.0435181620423455
2025-05-01,,0.04005179144609458,,0.1379518153392936,0.05332883276015823,-0.08462298257913536,0.0194099627660456,0.05328513893341486,0.033875176167369264,0.1180437099862039,0.08292210059173952,-0.03512160939446439,0.1846370677065388,0.08985989064494006,-0.09477717706159873,0.0724175918460378,0.022712259493676088,-0.049705332352361714,0.0746440602279881,0.02408073912525929,-0.050563321102728806,-0.014787429332889,-0.002451887259635833,0.012335542073253167,0.1093410560079337,0.0728845830270152,-0.0364564729809185,0.1120644820184263,0.07355751037537256,-0.038506971643053736,0.0634526948916245,0.03133354598086287,-0.03211914891076163,0.0585800204064179,0.057368113003166826,-0.0012119074032510765,0.0255835291373749,0.06347302735835852,0.03788949822098363,0.0229046955839237,0.061830531187920264,0.03892583560399657,0.1278542041163638,0.04480712658010114,-0.08304707753626267,0.0398569379101503,0.06911168776117763,0.02925474985102733,0.0677882022473922,0.026992240756366335,-0.040795961491025864,0.0706574963637283,0.07060257693211339,-5.4919431614910974e-05,0.0600345403785056,0.07508305321654216,0.015048512838036557,0.0163301658341884,0.06986139526875376,0.05353122943456536,0.0459910891962104,0.06549681484529972,0.01950572564908932,0.0862464025143603,0.07434485669308659,-0.011901545821273715,0.1278713596503177,0.08425637698395493,-0.04361498266636278,0.0085900872048504,0.0221798166639564,0.013589729459105998,0.1032020730918488,0.09232288298125951,-0.010879190110589285,0.102517547912729,0.09374872138699869,-0.008768826525730314,0.0735019520893819,0.03468456770124349,-0.03881738438813841,0.0625460498603075,0.06786792932701488,0.005321879466707383,0.0636505988734713,0.07679840615193192,0.013147807278460627,-0.025167245899021,0.0559208672623606,0.08108811316138159,0.0181842943964611,0.06398357737256656,0.04579928297610546,-0.0208526705067629,0.045103493898328226,0.06595616440509112,-0.0359340231667677,0.04627034720798172,0.08220437037474942,0.0332422445437914,0.02193534451585486,-0.011306900027936537,0.1052003945689818,0.0804766829767381,-0.024723711592243694,0.1088510023696149,0.08295396376553475,-0.025897038604080144,0.064107519442262,0.021209721597654902,-0.04289779784460711,0.0222722988585018,0.07590340219516588,0.05363110333666408,0.0122198754482994,0.07178306491961059,0.05956318947131119,0.0037574084790982,-0.002298884642796912,-0.006056293121895112,0.0156559623517631,0.06773643572442607,0.05208047337266297,0.0141241258236524,0.07111826737266008,0.056994141549007685,-0.0152226256824818,0.05953171175563244,0.07475433743811424,0.0944694515832394,0.09355628781972412,-0.0009131637635152734,-0.0071929861115614,0.04240550965250544,0.04959849576406684,0.0975288737295838,0.061548775905349934,-0.035980097824233864,0.0214160847872904,0.0588293085905521,0.037413223803261696,0.0153033980153585,0.049391708141240505,0.034088310125882,0.0509172375107321,0.01842756507375258,-0.03248967243697952,-0.0658592979167416,0.05658531331055383,0.12244461122729543,-0.0668843246887595,0.05826745781994625,0.12515178250870576,-0.0903642300461738,-0.014876109611122275,0.07548812043505153,0.0186674051588077,0.07601206868365926,0.057344663524851555,0.1245777152888472,0.04646478609259185,-0.07811292919625534,0.008710635903841,0.050204227971858084,0.04149359206801709,0.089513521887907,0.05969480534415157,-0.029818716543755425,0.0223347087252656,0.05821096423367936,0.03587625550841376,0.065373099386724,0.07399901606028016,0.008625916673556153,0.0651520184691699,0.07365193740309847,0.008499918933928569,0.0370797188154677,0.032921309315683586,-0.004158409499784112,,0.06089311637239565,,0.0544424140244,0.08015385678156621,0.025711442757166213,0.0501933696611436,0.048772831131492285,-0.0014205385296513148,0.0540114407773567,0.050005029419612344,-0.004006411357744356,0.0491418102411553,0.03134779085466523,-0.01779401938649007,0.0812084553633933,0.06863530227375349,-0.012573153089639813,0.0792714738979714,0.07091677904682313,-0.008354694851148273,-0.0319688597655687,0.04749284247947889,0.07946170224504759,0.0226589010758665,0.05489089186410931,0.032231990788242806,0.0302224361337715,0.05720345103838322,0.026981014904611723,-0.0003983650015672,0.04195209444353922,0.042350459445106424,0.0190482931497463,0.061215956647138095,0.042167663497391795,0.0148015800980267,0.06237885862550796,0.04757727852748126,-0.0432506942042811,0.03592226894718176,0.07917296315146286
2025-06-01,,0.05433477627546516,,0.0575352801897537,0.047821195482169704,-0.009714084707583996,-0.0337738034219353,0.03403316253286723,0.06780696595480253,0.0301467323075489,0.040218341748213794,0.010071609440664896,-0.0572060161299625,0.08281302770605826,0.14001904383602076,0.0528189944938105,0.04578975863814631,-0.007029235855664187,0.0532288469999497,0.04772709268578815,-0.0055017543141615555,0.0019434365852854,0.011837098081525138,0.009893661496239738,0.0615422705400332,0.06098218458430097,-0.0005600859557322313,0.0629742566176894,0.05991641678452076,-0.003057839833168645,0.075154965733388,0.049173615592255464,-0.02598135014113253,-0.0400221453016619,0.01346264941619443,0.05348479471785633,0.0041307418470538,0.04072509873457041,0.03659435688751661,-0.0010386299630567,0.03410014545424798,0.03513877541730468,0.0321609025146126,0.05793799024282514,0.025777087728212536,0.0419880048007423,0.04476523463950283,0.0027772298387605254,0.0329973920035404,0.025813345921552044,-0.007184046081988353,0.1089027705148353,0.05443961342839356,-0.054463157086441734,0.0821186821795139,0.04925309882939024,-0.03286558335012366,0.0212173035449662,0.049108912382016104,0.027891608837049903,-0.0306521412217675,0.025315287903457877,0.05596742912522538,0.0399716263575533,0.05993815624405302,0.019966529886499718,0.0960891946882027,0.06773578906669672,-0.028353405621505984,0.0308152319156017,0.021336486700338934,-0.009478745215262766,0.1140339566159742,0.06415222370808618,-0.04988173290788801,0.1136605495840464,0.06358668139855632,-0.050073868185490075,0.0682008444871889,0.048310079297041356,-0.01989076519014754,0.1010818401056092,0.08266486188621332,-0.018416978219395877,0.1083634446535807,0.06514580711340476,-0.04321763754017595,-0.0070977331300577,0.031728988304863696,0.0388267214349214,0.0384981527605264,0.05700363864784077,0.01850548588731437,0.001991832681923,0.04435633574220949,0.04236450306028649,-0.0007230011658856,0.04366234005132293,0.04438534121720853,0.0286783469306645,0.02972580665435636,0.0010474597236918605,0.0726024229176537,0.061918059121149366,-0.010684363796504337,0.07674565820532,0.0631764404752407,-0.013569217730079311,0.083889732116405,0.02242289845495127,-0.06146683366145374,0.0694070620728783,0.06209466523747542,-0.0073123968354028845,0.0564960744537257,0.0553010298385835,-0.0011950446151422003,0.23515824315153,0.051517822404707904,-0.1836404207468221,0.0178009657682367,0.058200175603914356,0.04039920983567766,0.0180223599532197,0.0569971730953227,0.038974813142103,0.0923537677360075,0.04614837386728391,-0.046205393868723584,0.1168825401476732,0.0843624401136953,-0.0325201000339779,-0.0299151002123203,-0.002559035444235929,0.02735606476808437,-0.022529821150805,0.047888087682292364,0.07041790883309737,0.0514418844498013,0.04001145208412667,-0.011430432365674634,0.0484093636284503,0.0450536205795061,-0.003355743048944204,0.014941963072866,0.022468500575205757,0.007526537502339756,0.0204275481950058,0.0504586274655281,0.0300310792705223,0.0192532924981266,0.04958768592779786,0.030334393429671258,-0.0283713662524487,0.03821809710404521,0.0665894633564939,0.0690154966047273,0.041143750733294245,-0.02787174587143306,0.0019329614962214,0.04111536877828635,0.03918240728206495,0.078710969092336,0.047055452613124424,-0.03165551647921158,0.0837381237374633,0.028541860022399557,-0.05519626371506374,0.0259855595765141,0.026601911374268532,0.000616351797754433,0.0271569578229977,0.05262428009575512,0.02546732227275742,0.0272271733600624,0.05264628932652698,0.025419115966464578,-0.0664568406306664,0.011028984084265723,0.07748582471493212,,0.04905269228007333,,0.0977072376223543,0.05857330120809613,-0.039133936414258164,0.0395727114258367,0.047706344554006685,0.008133633128169983,0.041048295203235,0.05096728579523025,0.009918990591995254,-0.0022124180553916,0.033656927499177695,0.0358693455545693,0.0502181850863096,0.05081611948516588,0.0005979343988562827,0.052409565980187,0.0541954657843914,0.001785899804204398,0.0264395894945273,0.037621246640578206,0.011181657146050905,0.000170947945945,0.030934212444027068,0.030763264498082067,0.0047219434903324,0.03183504308583358,0.027113099595501178,0.0255091468919231,0.02138840993644995,-0.004120736955473152,0.0284300370464124,0.04042248443514246,0.011992447388730058,0.0278582674321506,0.041211595131892154,0.013353327699741555,-0.1337124959826823,0.02270902565859347,0.1564215216412758
2025-07-01,,0.022919869901366394,,0.0470562708681656,0.018004539253731185,-0.029051731614434414,-0.0073364815910605,0.01839790299857466,0.02573438458963516,0.0126820536630519,0.018113943647410865,0.005431889984358965,-0.0217856549053433,0.05187888495338769,0.07366453985873099,0.0069790688201363,0.023923762548636283,0.016944693728499983,0.0074994617051854,0.024538414933077422,0.01703895322789202,0.0094404961026304,0.00498310654153887,-0.00445738956109153,0.0375487938396014,0.03710509597955008,-0.00044369786005132167,0.0401414868067947,0.037932546358984985,-0.0022089404478097124,-0.0026978148756352,0.0058703565473092745,0.008568171422944474,-0.0101048126697447,-0.004864401679557847,0.0052404109901868536,-0.0108375485031796,0.017623798313547562,0.028461346816727164,-0.0115160408659533,0.010132643263963095,0.021648684129916395,0.0160894641794478,0.00285625441727164,-0.013233209762176162,-0.0032434496671718,0.007150651845744649,0.010394101512916448,-0.0365207883616229,-0.009898161136235355,0.02662262722538754,0.0304135414630751,0.025699786326252732,-0.0047137551368223694,0.0695939068466481,0.02723103536223905,-0.04236287148440905,0.0525341462515385,0.024379511411929487,-0.028154634839609016,-0.0228092838950831,0.0047384362957992,0.0275477201908823,-0.055825928410995,0.013562379101658369,0.06938830751265337,0.087076121699884,0.02992053896865925,-0.05715558273122476,-0.0526151034641647,-0.03687105993777706,0.01574404352638764,0.0643654956202503,0.04193979167396218,-0.022425703946288122,0.0655888748951827,0.04251981157017692,-0.02306906332500578,-0.028125119656099,0.0021036546910997893,0.030228774347198787,-0.0781300285858893,0.0456501028779243,0.1237801314638136,-0.0862301293789836,0.03772057535104205,0.12395070473002565,-0.0009298946389446,0.003342960595830661,0.004272855234775261,-0.0890623336281993,0.00969142507924216,0.09875375870744146,-0.0853461592694773,0.016652336996188195,0.1019984962656655,-0.0888746354790651,0.01658275945011675,0.10545739492918185,-0.0019824845751861,0.011311185141273538,0.013293669716459637,0.0510545002253024,0.025446689958319918,-0.02560781026698248,0.0512351703699393,0.02636887899196783,-0.02486629137797147,0.0016446643764487,-0.002273493102104796,-0.003918157478553496,0.0361198224637491,0.02642233908172117,-0.009697483382027926,0.0449778879335125,0.026448695521840062,-0.018529192411672436,0.0647192702198708,0.042253911700455435,-0.022465358519415363,-0.0427490369973545,0.01791718556916539,0.06066622256651989,-0.0415763601690199,0.01715757355564371,0.05873393372466361,0.0190645673901135,0.0012159172309647109,-0.017848650159148792,-0.0253983753365135,0.023917567425196514,0.049315942761710016,-0.0921459481229668,-0.01402476518481894,0.07812118293814785,-0.0324303263453792,0.01965413088654831,0.052084457231927506,0.0379649043817455,0.0016168232119751192,-0.036348081169770376,0.0416367887049393,0.0018411752253876747,-0.03979561347955163,-0.0861360370749218,-0.006380579653086726,0.07975545742183508,0.008224545559664,0.015483261618326336,0.0072587160586623355,0.0055362706959688,0.0150630316974214,0.0095267610014526,0.0381261152108194,-0.009739847338329747,-0.04786596254914915,0.0254854510292035,0.004869249663948666,-0.020616201365254834,0.0392093606608231,0.00717633861143931,-0.0320330220493838,0.1196417855161668,0.03190285966677326,-0.08773892584939355,0.0139034238522947,0.011906966083273244,-0.001996457769021456,-0.045116992038523,0.019293837175038835,0.06441082921356184,0.031366567486621,0.030359390048313555,-0.0010071774383074439,0.0336995359814118,0.031725521721619805,-0.0019740142597919966,-0.0309272142047354,-0.010313676630902486,0.020613537573832913,,0.017374704536202955,,0.0817121001155157,0.020275199145796535,-0.06143690096971917,0.0247009480945675,0.02364481097935208,-0.0010561371152154192,0.0279646444825583,0.025254845272305856,-0.0027097992102524428,-0.0277060206451892,0.004735641834217863,0.03244166247940706,-0.0268160679871475,0.019291367390681307,0.04610743537782881,-0.0361905127043806,0.020013168299133664,0.056203681003514264,0.0126333031855798,-0.013913817616205942,-0.026547120801785742,0.0299708194200121,0.008145485614147055,-0.021825333805865044,0.0264217337867871,0.008006325476938848,-0.018415408309848252,-0.0142438432953055,0.004651864046299997,0.0188957073416055,0.0008649713871134,0.015863714170922468,0.014998742783809069,-0.0017903410513909,0.016712367816505685,0.018502708867896584,0.0485649195115467,0.0017993609669184844,-0.046765558544628216
2025-08-01,,0.060638980467834516,,0.0023242438567938,0.04960908621788134,0.04728484236108754,-0.0034659346988538,0.015043965491123483,0.018509900189977283,0.035690811181273,0.030364199323471633,-0.005326611857801367,0.081022850763949,0.045577070008162565,-0.03544578075578643,0.0564044398188613,0.055292046961950295,-0.0011123928569110042,0.0543541698798634,0.053285874867582586,-0.0010682950122808121,0.0761174614284797,0.048942980738176704,-0.02717448069030299,-0.0045190251046836,6.642591664986035e-05,0.00458545102133346,-0.0064032145069725,-0.0022479443671422528,0.004155270139830247,0.002900049728322,0.03754505866578675,0.03464500893746475,0.0496628332311753,0.019347767928289485,-0.030315065302885812,0.0447734802531321,0.03774426197027037,-0.007029218282861731,0.0367094171172306,0.04180818708463026,0.005098769967399656,0.1430423321822253,0.07161309527068059,-0.07142923691154472,0.0354186205056955,0.02427907056709391,-0.011139549938601587,0.0586024763235618,0.04743555709648427,-0.011166919227077535,0.0437274167206486,0.02511167184752078,-0.01861574487312782,0.0843406061653078,0.0602420430158638,-0.024098563149443995,0.0700785848114617,0.06340729629519198,-0.006671288516269719,0.0313488282677004,0.013537636441508249,-0.01781119182619215,0.0394055323808233,0.06956771532524092,0.030162182944417623,-0.0263173854947478,0.050970530918900255,0.07728791641364806,0.0146883460747245,0.009479995286904293,-0.005208350787820207,0.0356478835402332,0.009870457234382795,-0.0257774263058504,0.0346392560701347,0.007091590048666824,-0.027547666021467875,-0.1086566554540204,0.028198835443696006,0.1368554908977164,0.0481156522867174,0.038075814784176515,-0.010039837502540887,0.0504836550385597,-0.014301290661864125,-0.06478494570042383,0.0154275004617382,0.018760527929882607,0.0033330274681444075,0.1469476802284774,0.04186608515558455,-0.10508159507289286,0.0610870565733396,0.04189646225417141,-0.01919059431916819,0.0668937562088157,0.04253753483941074,-0.024356221369404962,0.0773987827021772,0.04824263521222718,-0.029156147489950025,-0.0259125592076778,0.05007857993141803,0.07599113913909583,-0.0321461963366667,0.04632430780649311,0.07847050414315981,0.0625030415476138,0.05988001781452671,-0.002623023733087086,0.016084839170273,0.027990349764903912,0.011905510594630912,0.019541621933272,0.022414837164364727,0.0028732152310927267,-0.0912880131792871,0.0015002795363070185,0.09278829271559412,0.0228637380807588,0.013269733074038306,-0.009594005006720495,0.0207034151425042,0.011720678344083472,-0.008982736798420727,-0.0166333375584429,0.07382828564439581,0.09046162320283871,0.0735294663214134,0.06105331417420317,-0.012476152147210227,0.0630946795275603,0.05252860300532318,-0.010566076522237122,-0.0048468786009264,0.0385102884524214,0.0433571670533478,0.0432526862635153,0.06549788142887154,0.022245195165356245,0.0457392747769591,0.08058118215958296,0.03484190738262386,-0.00371290926435,0.08470583990121185,0.08841874916556185,0.0506950013244574,0.015260957668512877,-0.035434043655944526,0.0481933409635074,0.013867591334421154,-0.034325749629086244,0.0037197860394005,0.004332149807036242,0.0006123637676357422,0.219513977488299,0.01517000973750454,-0.20434396775079447,0.229239341415648,0.03488415343938517,-0.19435518797626283,0.0811999743148018,0.0721987410891578,-0.009001233225644,0.0512356671819815,0.04260297527818003,-0.008632691903801469,0.0034895046347536,0.018971459041789363,0.015481954407035764,0.0085236043053963,0.010735994582454826,0.0022123902770585253,0.0057990734475747,0.006271618110907304,0.0004725446633326042,0.1374663283835752,0.06491548552021707,-0.07255084286335813,,0.07531677906012871,,0.0492060656545793,0.05843881555844148,0.009232749903862178,0.0094799770299998,0.034178346516380284,0.024698369486380482,0.003783647689326,0.03044711391576713,0.02666346622644113,0.0204517613597985,0.056480468155670746,0.03602870679587225,0.0368438435020813,0.03652418422145719,-0.00031965928062411414,0.034328263437278,0.029554441823464294,-0.004773821613813709,0.0401777510985094,0.056671685250554445,0.016493934152045045,0.0062793549167661,0.01508994997553588,0.00881059505876978,0.005096720718717,0.011779522949160853,0.006682802230443853,0.0173024308756936,0.04173978148850535,0.02443735061281175,0.0174582332808997,0.041776571556340104,0.024318338275440405,0.0137973854708902,0.036216692832210504,0.022419307361320303,0.0127633663952444,0.026277293142302396,0.013513926747057996
2025-09-01,,0.03263746011424642,,0.0496404647305345,0.03459645961660779,-0.015044005113926714,-0.0342705594121688,0.026956549407701428,0.06122710881987023,-0.0689405816285569,0.01501667338901274,0.08395725501756965,0.2460134653177031,0.062044942550897486,-0.18396852276680561,0.0094375867433627,0.0519060538467311,0.0424684671033684,0.0119416646205581,0.05439986808933293,0.042458203468774824,-0.0239344108768228,0.0068072219597830564,0.03074163283660586,0.0444710726851418,0.057263926341939546,0.012792853656797748,0.046296988196907,0.05881505065553955,0.012518062458632545,-0.089635237427018,0.01042317534523187,0.10005841277224986,-0.0507707349779504,-0.010943880499786254,0.03982685447816414,-0.0332887922224325,0.025072522664457607,0.05836131488689011,-0.0278833015654451,0.01216522694376113,0.04004852850920623,-0.1044391390063718,0.012436097901049603,0.11687523690742141,0.02171232376192,0.015613360707764652,-0.006098963054155349,-0.036289412246123,-0.010658760120276646,0.02563065212584635,0.0620265086535537,0.03921541255736715,-0.022811096096186548,0.0306743998793678,0.02561289576023053,-0.005061504119137267,-0.0101007558212252,0.026038247175829463,0.036139002997054664,-0.036322199420083,0.005552458713854872,0.04187465813393788,0.0559007886424763,0.008220357266519315,-0.04768043137595698,0.0728998312748471,0.03401304961703502,-0.038886781657812085,-0.0134986095563135,-0.047796386215266204,-0.0342977766589527,0.0878958437481674,0.05545274892848643,-0.032443094819680975,0.0884626118434246,0.05620089486424059,-0.032261716979184014,-0.0996248141721105,0.013805888084067509,0.113430702256178,-0.0273828219914204,0.07324561424799218,0.10062843623941259,-0.0307213728870142,0.057908951668209106,0.08863032455522331,-0.0226722319016124,0.008875813834504816,0.03154804573611722,0.0276488144640463,0.015892005219295027,-0.011756809244751271,0.0144265392643851,0.03430883708188493,0.019882297817499832,0.0166161580049297,0.03352112752710022,0.01690496952217052,0.0122485417394,0.013434632450063058,0.0011860907106630587,0.0685823635211931,0.03490676877699874,-0.033675594744194355,0.0788301386581471,0.037591258605588936,-0.041238880052558165,-0.0485465850328888,-0.009339376387202166,0.039207208645686636,0.0344426016460636,0.0348901207618701,0.0004475191158064967,0.0329040436200227,0.036463745660108,0.003559702040085301,0.0159199218848388,0.0809956364559665,0.0650757145711277,-0.0294939024421212,0.03230813346555306,0.06180203590767426,-0.0296079314996486,0.03126943744747342,0.06087736894712202,0.0221515961006936,-0.006402862850535168,-0.028554458951228767,0.1782406815742455,0.044065407539239806,-0.13417527403500568,0.2047060987729754,-0.0466168037060988,-0.2513229024790742,0.0119444010097869,0.02481578476151112,0.012871383751724218,-0.0072473192721187,0.007782763104685546,0.015030082376804246,-0.0099295174006716,0.014226552315401524,0.024156069716073127,-0.0188844642537603,-0.006337764445081985,0.012546699808678317,0.0350677407391571,0.029040828985304523,-0.0060269117538525735,0.0338917904047449,0.028792554633725185,-0.005099235771019717,-0.0521789478487926,0.003382315894467445,0.05556126374326005,0.1826684253108167,0.00823337155431135,-0.17443505375650536,0.3514467834263112,0.02002621974118722,-0.33142056368512396,-0.0206248723692797,0.03680112904472106,0.05742600141400076,-0.0388751648909501,0.007796913289516683,0.046672078180466786,-0.0482717174895025,0.01975126760281051,0.06802298509231301,-0.009638086282742,0.03987753916731222,0.049515625450054224,-0.0091433160778464,0.04271283806609514,0.05185615414394154,0.0729283760073238,-0.025967735834939023,-0.09889611184226282,,0.015189183316369717,,0.0780524070059738,0.028007328939552545,-0.05004507806642125,0.02222186438284,0.0400116335003306,0.0177897691174906,0.026475162814662,0.0444548192528687,0.017979656438206697,-0.0377522611724581,0.010266466229865077,0.04801872740232317,-0.0052471979926829,0.029830198650839877,0.035077396643522774,-0.0031056461498908,0.034096966058795496,0.03720261220868629,0.0523414273565478,-0.013145502079519238,-0.06548692943606704,0.0398017487030019,0.013875454959812624,-0.025926293743189274,0.0426031865322414,0.014733587350190817,-0.02786959918205058,-0.0563945438982438,-0.003829530082792058,0.05256501381545174,0.0064295440884091,0.017011135231336363,0.010581591142927263,0.0088827820007869,0.019731131528588134,0.010848349527801233,-0.1856502789831559,0.0015607423160666394,0.18721102129922254
2025-10-01,,0.031163858378130953,,0.020696308168868,0.008745030298326462,-0.011951277870541538,-0.0674047202510113,0.008035375445944643,0.07544009569695594,-0.0645304676008397,-0.016148378117133246,0.04838208948370646,0.0139126713393144,0.0658492975067077,0.05193662616739331,0.002383529380579,0.03720231236567428,0.034818782985095276,0.0044665723104411,0.03973719337192377,0.03527062106148267,-0.0327442264902632,0.0024322065127184885,0.03517643300298169,0.0151972175181963,0.05318873152116875,0.037991514002972446,0.016725940650594,0.05285415158130276,0.036128210930708754,-0.0842406658625212,0.029148435109939884,0.11338910097246108,-0.0736076524296401,-0.049421883335992615,0.02418576909364748,-0.0626199936733604,-0.003136644229471801,0.05948334944388859,-0.0651465437425428,-0.020445914039359775,0.04470062970318303,-0.0925563794113267,0.0066825499706755775,0.09923892938200228,-0.0348942105514169,-0.010412477537452159,0.02448173301396474,-0.015128384550555,-0.022065619041861703,-0.006937234491306702,0.0621287402339475,0.022663274169720873,-0.03946546606422663,0.0010165888282342,0.00028804326820357825,-0.0007285455600306219,-0.0059034546343116,-0.00046533742327173853,0.005438117211039861,-0.029153007629907,-0.02926291559881148,-0.00010990796890448032,0.0348449582284024,-0.007968638110558956,-0.04281359633896136,0.0891646561467844,0.02266888636201777,-0.06649576978476662,-0.0516225627861917,-0.032501055307546364,0.019121507478645335,0.0932687510431737,0.04113237089237898,-0.05213638015079472,0.0931413040442643,0.04088287072653529,-0.052258433317729,-0.0418260084198461,0.022165812616139285,0.06399182103598539,-0.0656144992643569,0.07881754184316957,0.14443204110752647,-0.0629053558993214,0.06372341025307679,0.1266287661523982,-0.0533312381263179,-0.017143861291231056,0.03618737683508684,0.0246021079437448,0.006418206744967946,-0.01818390119877685,-0.0529983292296809,0.013599644354388525,0.06659797358406942,-0.0562062931977927,0.011262557540752593,0.06746885073854529,-0.0149216868456348,0.011403754938018212,0.026325441783653012,0.0675700093799678,0.012036445292683634,-0.05553356408728416,0.0750058152604778,0.013639827212834438,-0.06136598804764336,-0.0245070579598704,-0.014705437404888314,0.009801620554982087,0.1103269664838493,0.02836536452260712,-0.08196160196124219,0.1194105582517267,0.02509378803537942,-0.09431677021634727,0.0887392578228229,0.11654768143373252,0.027808423610909627,-0.0003488437149022,0.025900846833967817,0.026249690548870018,-0.0012238372127045,0.020731365241131484,0.021955202453835983,-0.0538453406414577,-0.027103946608999757,0.02674139403245794,0.0779111159667242,0.01940957624859814,-0.058501539718126064,-0.0568757474421922,-0.07777733254755927,-0.02090158510536707,-0.1199068002662387,0.010684395908008208,0.13059119617424692,-0.0093851693290574,-0.032401110787241706,-0.023015941458184308,-0.009328635062604,-0.02501173169276319,-0.01568309663015919,-0.1124152669761321,-0.03211398437276637,0.08030128260336573,0.0532917131483138,0.02193458044031408,-0.031357132707999724,0.0529602286881279,0.019107666124243493,-0.03385256256388441,-0.0687520593568644,0.05594482614653058,0.12469688550339499,-0.0514208316272127,-0.02061412041102228,0.03080671121619042,-0.1187073761284903,0.00029535222412307646,0.11900272835261338,-0.0345547675973121,0.020528877460320574,0.05508364505763268,0.0237564676735522,-0.022274620048779385,-0.04603108772233158,-0.0514777602668705,-0.00533387071815385,0.04614388954871665,0.0283745471758901,0.029748676956317915,0.0013741297804278144,0.0328463130201549,0.033374666737275675,0.0005283537171207747,-0.1721138640224998,-0.051162881136680764,0.12095098288581904,,-0.006296206938768848,,0.1019114308109542,-0.0015139908872346588,-0.10342542169818886,-0.0244090997692851,0.027107821336671542,0.05151692110595664,-0.0208054549036997,0.03314206084018618,0.05394751574388588,-0.0691504316429608,-0.0043107216585500045,0.06483970998441078,-0.003765762686159,0.007101650638355855,0.010867413324514855,-0.0066423447684805,0.012818924592130684,0.019461269360611183,-0.0759732438305366,-0.034549774152902384,0.04142346967763421,0.0008105915884359,-0.009525518948297066,-0.010336110536732966,-0.0038556794378499,-0.009558038579171823,-0.0057023591413219235,-0.0177261092681412,-0.022058275194033916,-0.004332165925892716,0.0027101333305403,-0.004490300296883748,-0.007200433627424048,0.0106808026694088,-0.0015629918660658541,-0.012243794535474655,-0.1568187943202928,-0.010830068439783992,0.14598872588050882
2025-11-01,,0.02363144607640631,,-0.0237773828696784,0.02118889489480381,0.04496627776448221,0.0623325007982335,0.007816091332595997,-0.0545164094656375,0.0441091022640907,0.007575611919715505,-0.0365334903443752,-0.039703279714659,-0.002615363001895128,0.037087916712763874,0.0167047294565995,0.029565085287958957,0.012860355831359457,0.0154987702970666,0.028396483079300906,0.012897712782234306,0.0297244001017488,0.021144873275866984,-0.008579526825881815,-0.0228770309679967,-0.011674712207560726,0.011202318760435974,-0.0214471147807661,-0.010460989641204253,0.010986125139561848,-0.1147304648848547,-0.025798874257416577,0.08893159062743812,-0.0286235667325145,0.00798729701104429,0.03661086374355879,0.0203513433148757,0.0141033051698921,-0.006248038144983599,0.0276586189068957,0.017651467049884777,-0.010007151857010923,-0.2553338200864871,-0.001060447534284097,0.254273372552203,-0.0085360273103333,0.004158824010497215,0.012694851320830515,-0.0216905689836084,0.00015346754254799873,0.0218440365261564,-0.0334126950966219,0.002230163659684909,0.03564285875630681,0.0383401720476923,0.021363110609749564,-0.016977061437942736,0.0205304312457108,0.02331940051597833,0.0027889692702675294,0.0133173892294003,0.007121256509058759,-0.006196132720341541,-0.1672449486549587,0.028838281941682642,0.19608323059664134,-0.0583808632346097,0.005540957486108959,0.06392182072071866,-0.1499819640800628,-0.05658879675222724,0.09339316732783556,-0.0316736058130532,-0.003975457427199078,0.027698148385854125,-0.0316252796666994,-0.004281819360747779,0.027343460305951625,-0.2232456060274745,-0.022322300379517337,0.20092330564795718,-0.0233360929180963,-0.0027112595241643948,0.020624833393931903,-0.0209276038297976,-0.030527170062703658,-0.009599566232906056,0.0415935625462653,0.00814681838428806,-0.03344674416197724,0.0627312826754323,0.0026100635555981284,-0.06012121911983418,0.0362333617206131,0.017894619510158152,-0.01833874221045495,0.0349691703109297,0.019044409827461705,-0.015924760483467994,-0.0093788884155476,0.010752183740241533,0.02013107215578913,0.0061910874395509,0.012895137672501233,0.006704050232950333,0.0093531614882883,0.012322352357674985,0.002969190869386686,-0.1028138081905749,-0.00023761215626035004,0.10257619603431455,0.024691926632898,-0.003737237394449016,-0.028429164027347017,0.027601543296236,0.0005796711653594227,-0.027021872130876576,-0.1553299826991528,-0.020175825862986534,0.13515415683616627,0.0681747418672262,-0.008890014128315128,-0.07706475599554133,0.0670145459575311,-0.007514769095084905,-0.07452931505261601,-0.2168952288216481,0.026678334567996037,0.24357356338964414,-0.0237187397200967,0.015369123823515733,0.03908786354361243,0.0051172540900055,0.02271452908184608,0.017597274991840578,-0.0220602895468387,0.00816671499464509,0.03022700454148379,0.0304155091916355,0.03078539755700274,0.0003698883653672422,0.0246533992002909,0.04005585528873654,0.015402456088445642,-0.043887811982131,0.030156059114827195,0.0740438710969582,0.1277923544352045,-0.0017148330709039266,-0.12950718750610843,0.1332814556192987,-0.0006941518018481678,-0.13397560742114686,-0.1756563531873008,-0.061757603531195526,0.11389874965610527,0.1706788120223187,0.0058436497170474815,-0.1648351623052712,0.1337487292647448,0.013104967970302746,-0.12064376129444204,0.0365518285025171,0.027285007536571333,-0.009266820965945766,0.1144107622499325,0.01646858169510501,-0.0979421805548275,0.0506794826909188,0.011422590667553252,-0.03925689202336555,-0.0046824681607009,-0.004089985996935485,0.0005924821637654154,-0.0068823269126281,-0.0050465008238548,0.0018358260887733,-0.0913292795303351,0.0066255210843768255,0.09795480061471191,,0.03080025345355183,,0.0129549591510064,0.016617226095261294,0.003662266944254894,0.0163183217221463,0.010774955643107011,-0.00554336607903929,0.0160877625853453,0.009268014035805397,-0.006819748549539902,-0.022406940606351,0.012562853535963071,0.034969794142314076,-0.0079831833106615,0.009661634946303562,0.01764481825696506,-0.0048167899506015,0.005025312334796133,0.009842102285397634,-0.0579899740641928,-0.00336649388630503,0.05462348017788777,0.0317096114548379,0.006449689950316926,-0.025259921504520978,0.0394315685563452,0.005584210026750956,-0.033847358529594244,0.0200052583929458,0.011602104260451957,-0.008403154132493842,0.0265193683109057,0.014352196788949594,-0.012167171521956104,0.033576014159365,0.012887799818654035,-0.020688214340710966,-0.2401342028502414,-0.0058522725640932005,0.2342819302861482
2025-12-01,,0.01604635153560215,,0.0373769526387623,0.010859185249364953,-0.026517767389397345,-0.005306761180753,0.005832033500502919,0.01113879468125592,0.0359134491441389,-0.004610636387516909,-0.04052408553165581,0.039273088845152,-0.010670334311686923,-0.049943423156838924,0.0608072090969472,0.022050332384123215,-0.03875687671282399,0.0629813094947264,0.022004813438350878,-0.040976496056375517,0.0281133859981751,0.007913764061074286,-0.020199621937100815,-0.0013933128558163,-0.00554642182843682,-0.00415310897262052,-0.0011224024761821,-0.003668670122201225,-0.002546267646019125,-0.113656670363854,-0.035294259204179126,0.07836241115967488,-0.001995065369681,-0.003592440483904905,-0.001597375114223905,0.0041916794142583,0.003061105380658462,-0.0011305740335998378,0.004952787690245,0.00417071039801425,-0.00078207729223075,-0.0744144225753993,-0.0199286183956329,0.05448580417976641,0.0546587635727844,9.933663411051692e-05,-0.05455942693867388,,-0.015548203546419902,,-0.002987730486377,-0.0014898950621585034,0.0014978354242184966,-0.0765267208795787,0.0025960632580659154,0.0791227841376446,0.0062739367028644,0.004415284347466969,-0.0018586523553974317,-0.0162525765585472,0.001042744806888284,0.017295321365435483,0.1373498009649517,0.01765351295147207,-0.11969628801347962,-0.0433053678350617,-0.005829163500141824,0.037476204334919876,-0.1464217620409786,-0.06585091200266498,0.08057085003831362,-0.0069211143269949,-0.0030886376389561384,0.0038324766880387614,-0.0074717693540184,-0.002731141421459075,0.004740627932559326,-0.1077325335117643,-0.027346192111014415,0.08038634140074989,-0.0749733077446005,-0.0036060335929035034,0.071367274151697,-0.0848117161006026,-0.021392911032099806,0.0634188050685028,-0.0295716011175513,0.005163167262575326,0.034734768380126624,-0.0512931590505677,-0.0031554957334644037,0.0481376633171033,0.0204519032116168,0.010790352947647464,-0.009661550263969337,0.0207787899360661,0.011414269970104137,-0.009364519965961961,0.0073566013883039,-0.0018664610963636604,-0.00922306248466756,0.0176812678231633,0.001590875168515396,-0.016090392654647904,0.0205677918715677,0.002652192687419111,-0.017915599184148586,-0.1117576711424393,-0.024070958821397825,0.08768671232104147,-0.0005790592870445,-0.006814451547774826,-0.006235392260730326,0.0020728998393246,-0.0012409919710228558,-0.0033138918103474556,-0.1659427978111247,-0.009825611276735691,0.156117186534389,-0.0316941325808425,-0.005440712964133943,0.026253419616708556,-0.0324247754175638,-0.004088978336620197,0.028335797080943602,0.0165820085168306,0.009674863123705104,-0.006907145393125497,0.0484967872573114,0.0074700738924927,-0.0410267133648187,0.0135329782801051,-0.0019842442754363534,-0.015517222555541454,0.0132366756770121,-0.0002567150537064978,-0.013493390730718598,-0.0018616887892413,0.013299874662094487,0.015161563451335786,0.0025738905084678,0.021365670649257436,0.018791780140789634,-0.0226741049034759,0.0028671953747205223,0.02554130027819642,-0.0042553106582595,0.0017380457328088437,0.0059933563910683435,-0.0040521614513189,0.003004935883296367,0.007057097334615267,-0.160410087881227,-0.059437048627762085,0.1009730392534649,0.0539318148205552,0.005248609504766464,-0.048683205315788736,0.0325446832797208,0.00862434124007364,-0.023920342039647158,-0.0183018787168706,0.006392588326969454,0.024694467043840054,-0.0324610278271973,0.00010482915815130441,0.032565856985348605,0.0123850324982851,0.004045457640253568,-0.008339574858031532,-0.0130095239466384,-0.003591661492441484,0.009417862454196915,-0.0128339389164932,-0.0027147117459615784,0.010119227170531622,-0.0584782238009573,-0.02472062631276962,0.033757597488187685,,0.011996068160891486,,0.0506025207375269,0.0009342780995139836,-0.049668242638012915,0.0022929603504036,0.005890408260324708,0.003597447909921108,0.0053594471200671,0.006912798830932234,0.0015533517108651338,-0.0254776230720962,-0.003814265007896216,0.021663358064199983,0.0320929668959258,0.001888004973685047,-0.03020496192224075,0.0310238259453107,0.00032237354698921514,-0.030701452398321484,-0.0404704775982434,-0.023216091737862914,0.017254385860380483,-0.0363033692944925,0.0038938996269287,0.040197268921421205,-0.035490115582277,0.00445396085444422,0.039944076436721224,-0.0374233268299101,-0.003884882261465683,0.03353844456844442,-0.0325419635860664,0.0031233532209836608,0.035665316807050054,-0.0365993132861056,0.0040559006651471954,0.040655213951252794,-0.1212413728368305,-0.01768323782685362,0.10355813500997688
2026-01-01,,0.03657066999920345,,0.0542145330302565,0.03426995488887657,-0.019944578141379933,0.0036339755272797,0.015212617488840074,0.011578641961560374,-0.023417620866539,0.031038811894504206,0.05445643276104321,-0.0331601285489662,0.021269407919978552,0.05442953646894476,-0.0173299502962227,0.03136233321979932,0.04869228351602202,-0.0207393038497966,0.02936970706185992,0.05010901091165652,0.0266020164121927,0.030103380068105427,0.0035013636559127273,-0.0430960362294378,-0.0058603509075304825,0.03723568532190732,-0.0416930428491511,-0.006051638578436005,0.0356414042707151,-0.0269617433817776,-1.4812063636320937e-05,0.026946931318141278,0.0268963026434617,0.02671734615319195,-0.00017895649026974936,0.0960388032899085,0.030840224550338448,-0.06519857873957005,0.1004275450928327,0.036960383130194535,-0.06346716196263817,0.0944314595388455,0.030226083965269813,-0.0642053755735757,0.0333055346826414,0.020001879003188634,-0.013303655679452766,-0.0231213261585887,0.024183822880817704,0.0473051490394064,0.0953017450254209,0.015932037054557743,-0.07936970797086315,0.0989743351983748,0.04770845166111754,-0.05126588353725726,0.0429745543231645,0.04843486143203047,0.005460307108865969,0.0750169680214451,0.02136812008967388,-0.053648847931771215,0.1828994770296682,0.05450044651996948,-0.1283990305096987,0.1424651428163425,0.03205189229262372,-0.11041325052371878,0.006126769872353,-0.02125701134583646,-0.02738378121818946,0.0183480039995149,0.0083555010150426,-0.0099925029844723,0.0162050670200088,0.007334147679836898,-0.008870919340171902,0.1136231724876818,-0.0025815092403139433,-0.11620468172799575,-0.1036127645842209,0.009014553468432218,0.11262731805265312,-0.1147738282921936,-0.022574203324825213,0.09219962496736839,0.0785658184224445,0.019543245965454703,-0.0590225724569898,-0.018229771540023,0.023593262648086893,0.0418230341881099,-0.0366298753141434,0.02728292099336875,0.06391279630751215,-0.0423343045177225,0.028798221664532546,0.07113252618225505,-0.0419934865653615,0.026468041548864018,0.06846152811422551,0.1516877870469716,0.035121543162107735,-0.11656624388486388,0.1585249834465857,0.0330722511076599,-0.1254527323389258,0.0348295778662116,0.029910017851039677,-0.004919560015171926,0.0583540050554541,0.014620896004911652,-0.04373310905054245,0.0551359467425776,0.01442900312218617,-0.04070694362039143,0.0478802628043485,-0.031246340407796457,-0.07912660321214496,-0.0246294895963838,0.0029044139507424316,0.02753390354712623,-0.0226116400667753,0.004169877899744947,0.026781517966520247,0.0106462584579628,0.05550732947316782,0.04486107101520502,0.2275518023241474,0.03825873285477429,-0.1892930694693731,0.187047613376119,0.05477162268027773,-0.13227599069584128,0.0048883176504401,0.026158353976119975,0.021270036325679875,0.1422519436301654,0.05265933063447541,-0.08959261299569,0.1439623685959506,0.05994598473529897,-0.08401638386065163,0.1357152057284213,0.055974168237168255,-0.07974103749125305,0.0189285345423452,0.006627199326549562,-0.012301335215795638,0.0215317983412909,0.007148939972145188,-0.014382858369145712,-0.0733963813953139,-0.045646734373971265,0.02774964702134264,0.1053845570790804,0.020178124101837096,-0.0852064329772433,0.1573937034887065,0.02371274917288427,-0.13368095431582222,0.0257548962307345,0.048997950881341804,0.023243054650607303,0.0845344281312131,0.03839217152219902,-0.04614225660901408,0.038060536168821,0.02339674744207711,-0.014663788726743888,0.0481239201102435,0.00753958418023498,-0.04058433593000852,0.0503393863361566,0.0044965591322457445,-0.045842827203910856,-0.0044095926538644,0.04357733999264209,0.04798693264650649,,0.05652916377837918,,0.1137019131698005,0.04228853003527401,-0.07141338313452648,0.0286553438978723,0.01998631563292938,-0.00866902826494292,0.0283432618263518,0.016438078676674017,-0.011905183149677784,0.0160762674544914,0.03273844159588622,0.01666217414139482,0.0309494482210486,0.026373188565698,-0.004576259655350599,0.02642608944047,0.019811027040555054,-0.006615062399914946,0.0385086099335872,0.029520264183130855,-0.008988345750456345,0.0333907130695873,0.016571994176616325,-0.01681871889297097,0.0310342655112294,0.01479030035109584,-0.016243965160133562,0.0813782069709705,0.033264756617922456,-0.04811345035304805,0.0756443343727378,0.03345736940082739,-0.042186964971910414,0.0718985209276726,0.02980891136789183,-0.04208960955978077,-0.0334891184393734,0.013503716769747574,0.04699283520912097
