,Aircraft,Aircraft,Aircraft,Almost Nothing,Almost Nothing,Almost Nothing,Apparel,Apparel,Apparel,Automobiles and Trucks,Automobiles and Trucks,Automobiles and Trucks,Banking,Banking,Banking,Business Services,Business Services,Business Services,Chemicals,Chemicals,Chemicals,Communication,Communication,Communication,Computers,Computers,Computers,Construction,Construction,Construction,Construction Materials,Construction Materials,Construction Materials,Consumer Goods,Consumer Goods,Consumer Goods,Electrical Equipment,Electrical Equipment,Electrical Equipment,Electronic Equipment,Electronic Equipment,Electronic Equipment,Entertainment,Entertainment,Entertainment,Food Products,Food Products,Food Products,Healthcare,Healthcare,Healthcare,Insurance,Insurance,Insurance,Machinery,Machinery,Machinery,Measuring and Control Equipment,Measuring and Control Equipment,Measuring and Control Equipment,Medical Equipment,Medical Equipment,Medical Equipment,Non-Metallic and Industrial Metal Mining,Non-Metallic and Industrial Metal Mining,Non-Metallic and Industrial Metal Mining,Personal Services,Personal Services,Personal Services,Petroleum and Natural Gas,Petroleum and Natural Gas,Petroleum and Natural Gas,Pharmaceutical Products,Pharmaceutical Products,Pharmaceutical Products,Precious Metals,Precious Metals,Precious Metals,Real Estate,Real Estate,Real Estate,Recreation,Recreation,Recreation,"Restaurants, Hotels, Motels","Restaurants, Hotels, Motels","Restaurants, Hotels, Motels",Retail,Retail,Retail,Steel Works Etc,Steel Works Etc,Steel Works Etc,Trading,Trading,Trading,Transportation,Transportation,Transportation,Utilities,Utilities,Utilities,Wholesale,Wholesale,Wholesale
,Actual_returns,Pred_returns,Residual_returns,Actual_returns,Pred_returns,Residual_returns,Actual_returns,Pred_returns,Residual_returns,Actual_returns,Pred_returns,Residual_returns,Actual_returns,Pred_returns,Residual_returns,Actual_returns,Pred_returns,Residual_returns,Actual_returns,Pred_returns,Residual_returns,Actual_returns,Pred_returns,Residual_returns,Actual_returns,Pred_returns,Residual_returns,Actual_returns,Pred_returns,Residual_returns,Actual_returns,Pred_returns,Residual_returns,Actual_returns,Pred_returns,Residual_returns,Actual_returns,Pred_returns,Residual_returns,Actual_returns,Pred_returns,Residual_returns,Actual_returns,Pred_returns,Residual_returns,Actual_returns,Pred_returns,Residual_returns,Actual_returns,Pred_returns,Residual_returns,Actual_returns,Pred_returns,Residual_returns,Actual_returns,Pred_returns,Residual_returns,Actual_returns,Pred_returns,Residual_returns,Actual_returns,Pred_returns,Residual_returns,Actual_returns,Pred_returns,Residual_returns,Actual_returns,Pred_returns,Residual_returns,Actual_returns,Pred_returns,Residual_returns,Actual_returns,Pred_returns,Residual_returns,Actual_returns,Pred_returns,Residual_returns,Actual_returns,Pred_returns,Residual_returns,Actual_returns,Pred_returns,Residual_returns,Actual_returns,Pred_returns,Residual_returns,Actual_returns,Pred_returns,Residual_returns,Actual_returns,Pred_returns,Residual_returns,Actual_returns,Pred_returns,Residual_returns,Actual_returns,Pred_returns,Residual_returns,Actual_returns,Pred_returns,Residual_returns,Actual_returns,Pred_returns,Residual_returns
date,,,,,,,,,,,,,,,,,,,,,,,,,,,,,,,,,,,,,,,,,,,,,,,,,,,,,,,,,,,,,,,,,,,,,,,,,,,,,,,,,,,,,,,,,,,,,,,,,,,,,,,,,
2009-06-01,,-0.007136174876128899,,,-0.0011086883653928954,,,0.00990794638658514,,,0.035547254013456195,,,-0.01452078360043262,,,0.007884751701113153,,,-0.007878718400536612,,,-0.003428898356345658,,,0.00015548210242080851,,,0.00837484787614882,,,0.004883951587627073,,,-0.006802375225696858,,,0.021187979909698045,,,0.014906664408190141,,,0.025347894275212307,,,-0.005170373288973062,,,0.012803471490419025,,,-0.006170783240790171,,,0.006992779537542836,,,0.018426842604132878,,,0.009827892447593585,,,0.002097346015587084,,,0.005627932136044079,,,-0.02058608472247969,,,0.010152984457404396,,,0.0034072594201921005,,,0.006857936693730547,,,-0.002040409949349873,,,0.0012778737473607468,,,0.01413829781547407,,,-0.0044336816164214305,,,4.7196057671927686e-05,,,-0.0001191670003503727,,,-0.0049321164281606955,,,0.0027119664946412742,
2009-07-01,0.0922105492799037,0.11015125458976126,-0.017940705309857558,,0.057063553499681875,,0.1136877236726563,0.07896198925399937,0.03472573441865692,0.2263023250027362,0.10234905991961193,0.12395326508312426,0.113870467056676,0.11045182687085857,0.0034186401858174315,0.0566404851520569,0.06078154890571727,-0.004141063753660371,0.1192146273201835,0.10154581039501934,0.017668816925164157,0.0765463680618958,0.07606304036391182,0.0004833276979839818,0.144126035687028,0.08715674762604438,0.05696928806098363,0.1199585100972636,0.11559869129309294,0.004359818804170662,0.1677097205176915,0.11729230777028142,0.05041741274741009,0.0972374535030179,0.05491392956297768,0.04232352394004023,0.1854798097223986,0.10228258810344998,0.08319722161894863,0.1117958662680284,0.07569671534917365,0.03609915091885475,0.1740330827621279,0.09061328058595976,0.08341980217616814,0.0744035147818131,0.05601729360056874,0.01838622118124436,0.049343843094514,0.08162863647639111,-0.03228479338187711,0.1558478979254958,0.08823016649801509,0.06761773142748072,0.1663554955871488,0.11471524346065955,0.05164025212648925,0.0725796602778744,0.07736416140579333,-0.004784501127918936,0.0169699467272225,0.06262737578335754,-0.04565742905613504,0.3105291931070916,0.1304765922093343,0.1800526008977573,0.0547024103230329,0.08940923647163877,-0.034706826148605874,0.0512005830473883,0.13523874254615342,-0.08403815949876511,0.0707818284897612,0.05201876169556431,0.018763066794196884,0.0493054292055315,0.053540801049063204,-0.0042353718435317045,0.1255377190830646,0.11753248793027514,0.008005231152789463,,0.08589739194536437,,0.0188186152189139,0.05889110448756956,-0.040072489268655656,0.0766801575394268,0.058397152115150085,0.01828300542427671,0.0315598850722603,0.13553415594639312,-0.10397427087413283,0.061579028662262,0.08191549093570524,-0.02033646227344324,0.1036221206168811,0.09551800033609929,0.008104120280781807,0.0449111364787714,0.05508158604985614,-0.01017044957108474,0.0954375241021582,0.08686203251516257,0.008575491586995623
2009-08-01,0.0694109868841407,0.07144229683574377,-0.002031309951603069,,0.024360304267939663,,0.0119926998315256,-0.004468096145940394,0.016460795977465994,-0.028147498080592,0.01513527884670857,-0.043282776927300565,0.0977046744329968,0.09776713752609908,-6.246309310228848e-05,0.0203767198648483,0.015743006086721512,0.004633713778126786,-0.0097707778518256,0.05131585352145688,-0.06108663137328248,0.0069577775856525,0.036659753079699535,-0.029701975494047034,0.0179093130505573,0.03775163844454751,-0.019842325393990206,0.0754179599025775,0.04155580959338004,0.03386215030919747,0.0732145288550181,0.05178869998350713,0.02142582887151097,-0.0110902922584489,0.007107608400068522,-0.01819790065851742,0.0410863069068683,0.03170387888148887,0.009382428025379426,0.0374983489509994,0.005423123898447848,0.03207522505255155,0.1558106024173274,0.03855354907884254,0.11725705333848485,0.0080844061120818,0.02444736518485568,-0.01636295907277388,0.0893709840481399,0.042375408943910634,0.04699557510422926,0.040101256874231,0.06271592946257952,-0.022614672588348518,0.0175875830588727,0.055274211065613935,-0.03768662800674123,0.0171221658963074,0.020205086390754405,-0.0030829204944470036,0.0332576605178231,0.022107118873532387,0.011150541644290711,-0.0306717983454204,0.0843289079277251,-0.1150007062731455,0.0428798088665647,0.03821570864279164,0.00466410022377306,0.0011850111500413,0.10489254532471119,-0.1037075341746699,0.0189187289155357,0.02269970882710307,-0.0037809799115673705,-0.008813985607736,0.02241161560669553,-0.03122560121443153,0.1107843585716549,0.05938323421120507,0.051401124360449836,,0.020839450105664698,,0.0203793949848084,0.0064451472246511874,0.013934247760157212,0.0305630939252297,0.0012974358677060006,0.0292656580575237,-0.0333544154529056,0.07213379091021824,-0.10548820636312384,0.0418601691397123,0.04425384488901729,-0.002393675749304991,0.0264868817586951,0.04274645475769499,-0.016259572998999893,0.0031169199542091,0.027391831719420067,-0.024274911765210967,0.0449640454717185,0.037580766091375055,0.007383279380343444
2009-09-01,0.1315235089035461,0.053267623919967706,0.07825588498357841,,0.031240077653615868,,0.1366870443993109,0.05579395629497675,0.08089308810433415,-0.0114041239856998,0.07429346493639655,-0.08569758892209635,0.0182509135506679,0.04433239464991848,-0.026081481099250577,0.0267176270081832,0.03422893548940382,-0.007511308481220617,0.0685336739434615,0.0523350680393727,0.01619860590408881,0.0414119326102549,0.034830980820084324,0.006580951790170576,0.0711781605663364,0.04496191095241496,0.02621624961392144,-0.0553610573431527,0.07364376779047353,-0.12900482513362624,0.007532845905499,0.07119810428556034,-0.06366525838006133,0.063183410419313,0.03033025321416283,0.03285315720515017,0.0489425417524082,0.0648172082053841,-0.015874666452975902,0.0446012435424755,0.0529037412087624,-0.0083024976662869,0.1676687808894372,0.052528212156148335,0.11514056873328887,0.0050595783548465,0.026205903412306056,-0.02114632505745956,-0.0143044857094498,0.03865755875913702,-0.05296204446858682,0.0075321321624024,0.040727063587799185,-0.033194931425396784,0.0710003272046071,0.06343032946385627,0.007569997740750831,0.0728956875551564,0.047498639118349825,0.02539704843680657,0.0378727322122976,0.029646936080940982,0.00822579613135662,0.1191258599222798,0.05683415479434589,0.0622917051279339,0.0590017674403656,0.051019251689699924,0.007982515750665678,0.0539377484263681,0.057776652875211144,-0.003838904448843043,0.0045934110356572,0.02436052479212187,-0.01976711375646467,0.1241268946856832,0.02544649400879398,0.09868040067688923,0.0643320009889828,0.07019814675875813,-0.00586614576977533,0.0152673316818222,0.054626699680998675,-0.03935936799917648,0.0240194619785857,0.04040372879736153,-0.01638426681877583,0.0182623467654006,0.03969117718318478,-0.02142883041778418,0.0529483870717358,0.07116537280501255,-0.01821698573327675,0.0726476022565833,0.041893463762296024,0.030754138494287278,0.0459877533284254,0.04962337337714095,-0.0036356200487155516,0.0207358312803719,0.02674636184559008,-0.006010530565218181,0.03064427867142,0.0504617317269814,-0.0198174530555614
2009-10-01,-0.0931186765597678,-0.05160361122860141,-0.04151506533116639,,-0.002832187379736394,,-0.0307849403483091,-0.010800445465503305,-0.019984494882805796,-0.0283617723667784,-0.05207445232214318,0.02371267995536478,-0.063827059802835,-0.06903492468205566,0.005207864879220661,0.0215227525653226,-0.005188025757442581,0.02671077832276518,-0.0309595235869984,-0.042694584529253427,0.011735060942255026,-0.0375025879418637,-0.023357910810846268,-0.014144677131017434,-0.0138128043273593,-0.030628154395767784,0.016815350068408483,-0.0967053686507617,-0.05179455079594552,-0.044910817854816175,-0.0457365452765681,-0.05799292910102579,0.012256383824457692,0.0162402452243607,0.008271225854382534,0.007969019369978167,-0.0136415099701928,-0.05302256108736781,0.039381051117175006,-0.0425627428150092,0.00676135717933391,-0.04932409999434311,-0.127218240867967,-0.04661739634150881,-0.08060084452645817,0.0072317746700372,-0.004078648886284796,0.011310423556321995,-0.0129077725550754,-0.05295285966317098,0.04004508710809558,-0.0643304551704045,-0.04157920172282474,-0.022751253447579764,-0.0054962153296597,-0.05132038799827724,0.04582417266861754,-0.0388214975268136,-0.03170024184294492,-0.007121255683868684,-0.0200299156499214,-0.01896265994537101,-0.0010672557045503898,0.0151196473955486,-0.06987817866758458,0.08499782606313319,-0.0578540704562964,-0.04426125560671988,-0.013592814849576515,0.0279485516531016,-0.07963993788330082,0.10758848953640242,-0.0341857764289524,-0.011558015842434244,-0.022627760586518157,-0.0662941378419163,0.0014021741313643785,-0.06769631197328069,-0.019211196538445,-0.07527141401405632,0.056060217475611324,0.0065522366886972,-0.03174451254933367,0.03829674923803087,-0.0196262513648399,0.001945654204903229,-0.021571905569743127,0.0129468262250182,0.0008825122853934754,0.012064313939624725,-0.0833024161435484,-0.07079962175362096,-0.012502794389927435,-0.0374516025209528,-0.03662562971468184,-0.0008259728062709609,-0.0504525078672492,-0.03760443947625953,-0.012848068390989668,-0.0249890127838628,-0.0051459743184176215,-0.019843038465445176,-0.0120389698657387,-0.0333172108630561,0.0212782409973174
2009-11-01,0.1069549450816885,0.05733096387747553,0.04962398120421297,,0.04701999624269282,,0.0361245400642241,0.05185197581048786,-0.015727435746263757,0.1570386004633943,0.07080205177554261,0.08623654868785169,0.0602932461405293,0.05433166080340208,0.00596158533712722,0.0550720094382912,0.06926530633551006,-0.014193296897218863,0.1314345321237115,0.052633113401817574,0.07880141872189393,0.0590348177394955,0.0449340546463659,0.014100763093129604,0.0342218873072805,0.06389947397567504,-0.02967758666839454,-0.0162175450394448,0.05708218397255073,-0.07329972901199552,0.0562732892221136,0.054881318683977755,0.0013919705381358477,0.072083962483407,0.04409942773040274,0.027984534753004255,0.0524897555028983,0.05541722200839368,-0.0029274665054953783,0.0567314334595371,0.07881434444754874,-0.022082910988011642,0.0991087953285337,0.06933309020208694,0.029775705126446755,0.017748508939352,0.034495754154327984,-0.016747245214975986,-0.0525387361733693,0.035001486442545,-0.08754022261591429,0.0276184047834379,0.04494911527390277,-0.017330710490464873,0.0716035846344049,0.06219510586842085,0.009408478765984052,0.0559488514679075,0.05175708666688352,0.004191764801023977,0.0869281750075828,0.04989984519681829,0.03702832981076452,0.1443214104063596,0.06323768102324584,0.08108372938311376,0.0534531619478541,0.04704993620977514,0.0064032257380789576,0.037234807270961,0.04563216329541277,-0.008397356024451769,0.0988848035512278,0.03965548230280914,0.05922932124841867,0.2090923745778153,0.03355507001021252,0.17553730456760278,0.0791285989769885,0.04912767008256441,0.030000928894424087,0.0644806847100069,0.04115199959554694,0.023328685114459957,0.0879297177851495,0.04587841790035471,0.04205129988479479,0.0659212252923522,0.060474380161893146,0.005446845130459052,0.1214501896931461,0.061666920605794616,0.05978326908735148,0.0474766284932792,0.04847088826010683,-0.0009942597668276265,0.1060187027208738,0.05760764390947177,0.04841105881140203,0.061382354221015,0.0379196211689086,0.023462733052106395,0.0499551092735538,0.04441596581402214,0.005539143459531659
2009-12-01,-0.0114297824243594,0.035622912783975044,-0.047052695208334445,,0.016189670558772042,,0.0504207020680222,0.055729825617270676,-0.005309123549248479,0.046007605604478,0.0816156279502608,-0.035608022345782794,-0.0274384798634084,0.019916099610686473,-0.04735457947409487,0.0586193990380776,0.014757150973112084,0.04386224806496551,0.0137846993367569,0.03857293831086107,-0.02478823897410417,0.0628404822028301,0.020801794292137774,0.04203868791069233,0.0519621185909558,0.027513413140823693,0.024448705450132106,0.0560423800253163,0.07318387283678489,-0.017141492811468588,0.047455649154402,0.06863847328545356,-0.021182824131051554,-0.01611300462995,0.0158648081094443,-0.0319778127393943,0.0513396451083442,0.06828585813926814,-0.016946213030923946,0.0736933627424512,0.038418807647930396,0.0352745550945208,-0.0292709924634559,0.04542651846917841,-0.07469751093263431,0.0310358823628631,0.013696242249932702,0.017339640112930398,0.052896050308132,0.03787384148088178,0.015022208827250222,0.0360488311382776,0.025378079202294263,0.010670751935983339,0.0259931320830787,0.05445601103711172,-0.028462878954033023,0.0546454276147279,0.04575787811299866,0.008887549501729236,0.031308409346898,0.018209490363421718,0.01309891898347628,0.0148725181473256,0.04032677643385026,-0.025454258286524666,0.0436210010561404,0.046386225468249546,-0.002765224412109149,-0.0109245865398162,0.03934529284141946,-0.05026987938123566,0.013311006519737,0.015249570001066989,-0.0019385634813299888,-0.0882410676729737,0.01596163096510193,-0.10420269863807563,0.1047960448887002,0.07099592150788009,0.03380012338082011,0.0472293757583912,0.05278073940675349,-0.005551363648362291,0.0146684124126585,0.032173155009375363,-0.017504742596716864,0.0052717189146879,0.029986649381146233,-0.024714930466458333,0.1320021200088168,0.06000135860018616,0.07200076140863065,0.0271421738290018,0.02997038215576814,-0.002828208326766342,0.0242305322663232,0.03630063504266695,-0.012070102776343752,0.0590878278998199,0.012652425732930517,0.046435402166889385,0.0486116889044572,0.0449647251585693,0.003646963745887896
2010-01-01,0.0419296032399589,-0.03582484924071951,0.07775445248067842,,-0.02345103638262181,,-0.0356475307214155,-0.0437923710196268,0.008144840298211296,0.037003515351064,-0.0489361616968446,0.0859396770479086,-0.0224392289687582,-0.03106673160204312,0.00862750263328492,-0.0733070396133153,-0.03750169791579675,-0.035805341697518554,-0.0551602459606386,-0.04029792721962664,-0.01486231874101196,-0.0616688400064875,-0.029289684276347917,-0.03237915573013958,-0.0736405319488487,-0.04207916657219703,-0.031561365376651676,0.0211536796325392,-0.044352482001845335,0.06550616163438454,-0.0481767609088418,-0.04229647044395911,-0.005880290464882691,0.0056529209664325,-0.03060171107874169,0.03625463204517419,-0.0307775745363004,-0.03996604916484214,0.009188474628541745,-0.0987915668063446,-0.04125921849463353,-0.05753234831171107,0.0544293427524654,-0.036498070250808416,0.09092741300327381,-0.0015735408058133,-0.01955931295926857,0.01798577215345527,-0.0176066465709837,-0.024497947931352106,0.006891301360368404,0.0163649079293011,-0.025287809248850577,0.04165271717815168,-0.0604287789589642,-0.039944490897783354,-0.02048428806118085,-0.051314856808801,-0.03295750003214322,-0.018357356776657778,-0.0134852978262367,-0.02842605849520431,0.014940760668967608,-0.1073436084797782,-0.03790075523640455,-0.06944285324337365,-0.0398005656700283,-0.03510746076004405,-0.004693104909984251,-0.0574125745035586,-0.03463204925120854,-0.02278052525235006,0.0168981064870551,-0.016765642018116454,0.03366374850517155,-0.1137793366386768,-0.011969394817776199,-0.1018099418209006,-0.0698743208485602,-0.04113699586290354,-0.028737324985656655,-0.0243725489735736,-0.040577983960185575,0.016205434986611974,-0.0041323021364897,-0.029977457916680682,0.025845155780190983,-0.0227723615922847,-0.033907749431832925,0.011135387839548226,-0.0912753352601969,-0.04907212340235271,-0.042203211857844196,-0.0745378058755951,-0.031204449226859204,-0.04333335664873589,-0.039614297542404,-0.040211927838891125,0.0005976302964871213,-0.0500488708755839,-0.019762508960318347,-0.030286361915265552,-0.0143125742203231,-0.0302885773912035,0.015976003170880403
2010-02-01,0.0233545593741762,0.05344403150795653,-0.030089472133780326,,0.025860258143921074,,0.0596266098720114,0.02983189610523745,0.029794713766773947,0.0323799625992926,0.04589388222738215,-0.013513919628089552,0.0465771081063619,0.05673451093111667,-0.010157402824754774,0.0276787476500227,0.02397866689474805,0.00370008075527465,0.0579477658389006,0.04607481452536081,0.011872951313539791,0.0193606497632663,0.03200074659452773,-0.012640096831261428,0.0799965199373896,0.03723699911258599,0.04275952082480361,0.0188164025112492,0.05476462027517599,-0.035948217763926794,0.0332294864902614,0.05672393040200779,-0.023494443911746384,0.0396959854508252,0.019694079405224666,0.020001906045600534,0.0964267578065459,0.04662349660689249,0.04980326119965341,0.0525495902383168,0.03165315385065842,0.020896436387658375,0.0339037834229487,0.041876722188664096,-0.0079729387657154,0.0371847396308863,0.02349640012436246,0.013688339506523844,0.0293650471819094,0.035963318162719214,-0.006598270980809815,0.0252899881719771,0.043708416425687034,-0.018418428253709936,0.0810597888219511,0.05393380190927509,0.02712598691267601,0.0762058364172341,0.033309606478649674,0.04289622993858442,0.0158378063589867,0.024143408267198883,-0.008305601908212182,0.0995655003475149,0.060277142354009425,0.03928835799350547,0.0135184435521589,0.040957380260922896,-0.027438936708763996,0.0151854663887753,0.06721482225443627,-0.05202935586566097,-0.0172304526926555,0.02185647447933017,-0.03908692717198567,0.1041237451251552,0.023081077176990532,0.08104266794816467,0.0829534466367895,0.05823328338527861,0.024720163251510885,0.1273020733495128,0.03710372681145206,0.09019834653806073,0.0390878682567973,0.024927038561290527,0.01416082969550677,0.034327697630639,0.022717072004036346,0.011610625626602651,0.0453362496316924,0.06340416097750999,-0.01806791134581759,0.0527281909780091,0.037933527328375495,0.014794663649633603,0.0645651240623121,0.0417966763509767,0.022768447711335404,-0.0006646136160845,0.02453593605115424,-0.02520054966723874,0.0429805179346561,0.04088426974552749,0.0020962481891286106
2010-03-01,0.1146527392957961,0.08099391870370994,0.033658820592086164,,0.04521543515023797,,0.1040523717989317,0.06471918521953753,0.03933318657939418,0.0914045964200791,0.09418700578573033,-0.002782409365651231,0.1099499610548086,0.07897690491639381,0.030973056138414792,0.0482161121641167,0.056165626375152905,-0.007949514211036207,0.0707529529183668,0.07436391673147659,-0.0036109638131097965,0.0755955649694255,0.05689091328758909,0.01870465168183641,0.0509239935242628,0.07013164587603071,-0.019207652351767912,0.0476842565739305,0.08995458310583142,-0.042270326531900916,0.0972888915533098,0.08962376187175425,0.007665129681555555,0.0216552885387349,0.04113225349601694,-0.019476964957282045,0.0823282000135259,0.08555241452782024,-0.0032242145142943324,0.1061674134797922,0.0688484744316334,0.03731893904815879,0.1833268738899761,0.08223956581849752,0.10108730807147857,0.0435611661576099,0.040306040939568445,0.0032551252180414575,0.0703437301632045,0.06496787274040206,0.005375857422802444,0.0851404415425823,0.0642863829695085,0.02085405857307379,0.0687348572255485,0.08958816967530484,-0.020853312449756328,0.0754934237032739,0.06713864770602718,0.008354775997246724,0.0146170820754806,0.05391175646779302,-0.03929467439231242,0.1192106783518254,0.09841858311645763,0.020792095235367777,0.0773941487318929,0.0701593401345172,0.0072348085973757,0.0421873810488495,0.09072272929457227,-0.048535348245722774,0.0261297162780987,0.04428321854850687,-0.01815350227040817,0.0062906839645539,0.04048132207597334,-0.03419063811141944,0.1036301344561856,0.09029233332616378,0.013337801130021823,0.0492575609348546,0.06393105633369082,-0.014673495398836223,0.0702316725032348,0.04702488620408076,0.023206786299154035,0.0673853588939528,0.05428310271858264,0.013102256175370156,0.1416456796995578,0.10003155705073007,0.04161412264882773,0.070772012574246,0.06339786749368265,0.007374145080563346,0.0981018794859687,0.07397789411816962,0.024123985367799083,0.0489292082570967,0.04070676895858855,0.008222439298508147,0.0607535412642834,0.06609234727623645,-0.005338806011953044
2010-04-01,0.0241063297507586,0.04061812098935599,-0.016511791238597386,,0.014017990982248337,,0.0449040140448585,0.037515650386092246,0.007388363658766252,0.0530018259227326,0.04273778128518964,0.010264044637542963,0.0302090030555035,0.03293286163182689,-0.002723858576323391,-0.0039904010673036,-0.0018572435231730994,-0.002133157544130501,-0.0041718775659323,0.03978313761848797,-0.04395501518442027,0.0252824268090615,0.02382023123083672,0.00146219557822478,0.0153213438617449,0.019369238835307265,-0.004047894973562364,0.1137357735395629,0.05972592926965733,0.05400984426990558,0.0876235382383043,0.05938404981161811,0.028239488426686186,0.0152345090255727,0.014955741899424356,0.00027876712614834445,0.0252836624048843,0.04792926145573445,-0.02264559905085015,0.043526300614366,0.015930669302696494,0.027595631311669505,0.1795300292518986,0.022501635646416576,0.15702839360548201,0.0012792313541323,0.01963047041155763,-0.01835123905742533,0.017802326723994,0.03405112070596772,-0.01624879398197372,-0.0246365861100661,0.03227981581344728,-0.05691640192351338,0.0708102067976086,0.04765162643229319,0.023158580365315415,0.0605503347221208,0.028392625860436917,0.032157708861683884,-0.0315801298736866,0.010074595797519936,-0.04165472567120654,-0.0644852995482737,0.04655580511954709,-0.1110411046678208,0.0299001977884518,0.03800734730526191,-0.00810714951681011,0.0571153607425879,0.06136178774080517,-0.00424642699821727,-0.0389256924629327,0.011784254594799553,-0.05070994705773225,0.1455081051734,0.021403722395265137,0.12410438277813485,0.0707325042603127,0.06027436093084793,0.010458143329464771,0.0172645678423694,0.04471973421099107,-0.027455166368621668,0.0708928613996249,0.023271813746175866,0.04762104765344904,0.01789050916246,0.010565658760633484,0.007324850401826516,-0.0365786536170501,0.059607616977050346,-0.09618627059410045,0.0148289430790832,0.027198622611347752,-0.012369679532264552,0.043885159231181,0.03176458527989387,0.012120573951287128,0.0119213954224299,0.016573311693949464,-0.0046519162715195645,0.0334230237220829,0.04111659154301096,-0.00769356782092806
2010-05-01,-0.1181604878820906,-0.09895228661599383,-0.019208201266096778,,-0.051346900470408165,,-0.0410815098151995,-0.06898309858280102,0.027901588767601522,-0.0864889535595642,-0.11191234206557395,0.025423388506009753,-0.1029568041850747,-0.10849225192510864,0.005535447740033936,-0.0927469812962854,-0.08083045175460689,-0.011916529541678517,-0.0997184095277881,-0.09251979453399979,-0.007198614993788308,-0.0606940685408361,-0.06616963916325913,0.005475570622423029,-0.1132523734887281,-0.09565819915782849,-0.017594174330899617,-0.1119585939911907,-0.09986970766406618,-0.012088886327124515,-0.1088347864857239,-0.10182713524416381,-0.007007651241560081,-0.035995999716108,-0.04654289053611302,0.010546890820005018,-0.0884319244880037,-0.09549463084801786,0.007062706360014159,-0.0534009492527696,-0.07820268528803617,0.024801736035266572,-0.0761572941670991,-0.10239924341823593,0.026241949251136834,-0.0451072819426498,-0.03890097623580647,-0.006206305706843329,-0.041747526744864,-0.07153471938122431,0.029787192636360316,-0.0690086824898992,-0.07625035101445071,0.007241668524551506,-0.0996423800978865,-0.10158277361455594,0.001940393516669442,-0.0874334367223376,-0.07600909836104013,-0.01142433836129747,-0.08453266321141,-0.0660580379281871,-0.018474625283222898,-0.0925022054573558,-0.11353664968729009,0.021034444229934293,-0.0648730541980136,-0.08393877825353672,0.01906572405552312,-0.1055785659422329,-0.10753360628186817,0.0019550403396352695,-0.0718518650519998,-0.0445572088969505,-0.027294656155049293,-0.038439796930013,-0.026602236065131186,-0.011837560864881816,-0.0760172416807655,-0.10877711326215707,0.03275987158139157,-0.0230956347628864,-0.07504386886140432,0.051948234098517926,-0.0349287728376787,-0.05011557772729992,0.015186804889621222,-0.0571005816359409,-0.064126560768435,0.007025979132494094,-0.0735551963002801,-0.12155079462573294,0.047995598325452846,-0.0625817459985486,-0.07945555539858903,0.016873809400040435,-0.0770829915979648,-0.09227934458343984,0.015196352985475031,-0.0616362875637533,-0.04334409739470617,-0.01829219016904713,-0.0330933405572259,-0.07072787648812098,0.03763453593089508
2010-06-01,-0.0857190576544244,-0.08654895642611962,0.0008298987716952172,,-0.0362680396947594,,-0.0729485646113763,-0.060470657580763046,-0.012477907030613258,-0.0731027922756827,-0.0739200646060926,0.0008172723304099017,-0.0637709525380712,-0.09088375017324231,0.027112797635171104,-0.0655372414140426,-0.038722719193230025,-0.026814522220812577,-0.0991941651193622,-0.08448211149877771,-0.01471205362058449,-0.0186811444352929,-0.05620732420490342,0.03752617976961052,-0.0697214066998462,-0.06772451902921424,-0.0019968876706319555,-0.1486809262247634,-0.0923414262567605,-0.05633949996800289,-0.1331146306238234,-0.09514584296195647,-0.037968787661866926,-0.0357227842299831,-0.039698595988740634,0.003975811758757532,-0.0690217392472886,-0.07632461554129101,0.0073028762940024056,-0.0606881886890043,-0.04278330654620107,-0.01790488214280323,-0.0876128981707976,-0.05895719878661164,-0.028655699384185968,-0.005314196917383,-0.037127445535053996,0.031813248617671,-0.1089507231524584,-0.059802939247421666,-0.04914778390503674,-0.0561066169455595,-0.06709696548431811,0.010990348538758611,-0.0662683566617188,-0.08561419046265127,0.019345833800932466,-0.0621164816611723,-0.0529342464794398,-0.009182235181732501,-0.0332366486482494,-0.0399841106326901,0.006747461984440699,-0.1190513443042704,-0.09632986515551348,-0.022721479148756926,-0.0856548760766919,-0.0712515551405335,-0.014403320936158398,-0.0494049928333907,-0.11467280591168078,0.06526781307829008,0.0084487901123084,-0.026867668637064707,0.03531645874937311,0.0740408775585124,-0.025365639554288118,0.09940651711280052,-0.1092156781027241,-0.09995017848936737,-0.009265499613356737,-0.0172549298583004,-0.07565679767332656,0.058401867815026154,-0.0432747369850062,-0.04133037483284366,-0.0019443621521625445,-0.0920973277062899,-0.03407586153207763,-0.05802146617421226,-0.108115444635334,-0.11342752739851691,0.005312082763182915,-0.0736240722354614,-0.06336063253948925,-0.010263439695972154,-0.0759245338298332,-0.07477808721842817,-0.0011464466114050331,0.0018484030188003,-0.03652883464542092,0.03837723766422122,-0.0362414191419366,-0.06568236591587817,0.029440946773941573
2010-07-01,0.1036465034287063,0.07321222149691829,0.030434281931788,,0.05255355150134821,,0.0834318071888662,0.08037020827456466,0.003061598914301536,0.1721247797249357,0.09753751040773474,0.07458726931720096,0.079340704931263,0.06057852795446744,0.018762176976795553,0.081366304788225,0.07120956006796902,0.010156744720255975,0.1575891749642297,0.07182507138860252,0.08576410357562718,0.0893158276384488,0.06457374338036388,0.024742084258084912,0.0755619590973447,0.07612025159778624,-0.0005582925004415373,0.0713659354397663,0.08397044787648018,-0.012604512436713886,0.0954119166910922,0.0797507539717998,0.015661162719292396,0.0377649980842798,0.057476309016452565,-0.019711310932172765,0.1347588606428102,0.0855957575694747,0.049163103073335504,0.0553856446851255,0.08836088606612671,-0.03297524138100121,0.1169640402483949,0.08594103704542495,0.03102300320296994,0.0259150060626662,0.04992436437907963,-0.024009358316413428,-0.0002231142796543,0.06616783442732481,-0.0663909487069791,0.0687065028968687,0.05726001491966681,0.011446487977201894,0.1267647232776324,0.08748771952748945,0.039277003750142966,0.0407160978099015,0.07468290761945826,-0.033966809809556756,0.0302236864015127,0.06798203650411154,-0.03775835010259884,0.1693399822036175,0.09679921986282324,0.07254076234079428,0.0756570505245299,0.06780231023558698,0.00785474028894291,0.0748065042007633,0.07105812421414769,0.0037483799866156187,0.0114230542722296,0.05598363075640851,-0.04456057648417891,-0.0868771252375258,0.05406376473236498,-0.1409408899698908,0.1639781327940769,0.07296113231460542,0.09101700047947146,0.0190456545493838,0.06393245576836719,-0.04488680121898339,0.0582113387712578,0.05678485066060167,0.0014264881106561336,0.0533437455812062,0.07151074363465498,-0.018166998053448784,0.0961141920145698,0.09054192068915747,0.00557227132541234,0.0904175675481056,0.062012096375454136,0.02840547117265147,0.1219809279828492,0.07744769254337991,0.044533235439469285,0.0718575781647233,0.047320257629267025,0.02453732053545627,0.0229662077927911,0.06463410671310675,-0.04166789892031565
2010-08-01,-0.0949719337321137,-0.06353177850676896,-0.03144015522534474,,-0.02736836167337977,,-0.068238723626827,-0.06113695976176509,-0.007101763865061901,-0.0826449213656815,-0.07530612421796766,-0.007338797147713835,-0.0881517149807635,-0.0593471833834879,-0.028804531597275605,-0.0666991501810335,-0.03473505140643886,-0.03196409877459465,0.1074800766034827,-0.06576177675252115,0.17324185335600384,-0.0111380718717653,-0.048293404201918154,0.037155332330152856,-0.1318171225170701,-0.05600139229881117,-0.07581573021825892,-0.0830868096830164,-0.07704661756484665,-0.0060401921181697515,-0.0550368977922578,-0.0765040481841158,0.021467150391857995,-0.0396877613227241,-0.03477472103578454,-0.004913040286939563,-0.0666454742070223,-0.07255718566510873,0.00591171145808643,-0.0680685266804755,-0.04056401569674993,-0.02750451098372557,0.0045730518338113,-0.05668108718004124,0.061254139013852536,0.0161637813660569,-0.03125203814148775,0.04741581950754464,-0.0841573318995565,-0.0592741487849477,-0.024883183114608798,-0.0795642875165368,-0.04807512543020372,-0.031489162086333074,-0.0750024249987906,-0.0715557747833218,-0.003446650215468805,-0.0544003345393735,-0.05365281063604194,-0.0007475239033315623,-0.0572105533071063,-0.04191584878147095,-0.015294704525635354,-0.047061184612566,-0.08150487817415077,0.03444369356158477,-0.165841547873672,-0.06068228722948876,-0.10515926064418324,-0.0429356295258986,-0.08110266084367021,0.03816703131777161,0.006898544901294,-0.029155593489027028,0.036054138390321025,0.1293565248894926,-0.02584062628397552,0.1551971511734681,-0.0275604655689503,-0.07981932566169683,0.05225886009274654,-0.0237708218182919,-0.06368331905287793,0.03991249723458602,0.0169899951391491,-0.034879653497878506,0.0518696486370276,-0.0141345541808036,-0.03577640078238362,0.02164184660158002,-0.0832606396945911,-0.08994796951394077,0.006687329819349663,-0.0451346882142949,-0.05040700910745472,0.005272320893159821,-0.0343153946598237,-0.0626645713845009,0.028349176724677204,0.0140542124805182,-0.027880507605471734,0.04193472008598993,-0.0699610473119873,-0.053939470527600716,-0.01602157678438658
2010-09-01,0.117030969732508,0.09387863854875449,0.02315233118375351,,0.06449179975195711,,0.1651130190205588,0.1239578036978537,0.04115521532270511,0.1206856405317039,0.17816437277980002,-0.05747873224809612,0.0638123016547807,0.07105283246175709,-0.0072405308069763835,0.1176035602717195,0.1007668456831373,0.0168367145885822,0.0602074442287257,0.09596863693489523,-0.03576119270616953,0.0699073264860276,0.07720958225619164,-0.007302255770164037,0.1154055003766336,0.1054470161060294,0.009958484270604195,0.1006353154457052,0.1347736266250919,-0.034138311179386704,0.104033739453698,0.12574803582423086,-0.021714296370532862,0.0370791300576864,0.0669856807561484,-0.029906550698462,0.1617970898296628,0.14214613447791113,0.019650955351751653,0.1510373083390646,0.1289862406515227,0.022051067687541892,0.1744589955550176,0.13792312519277522,0.03653587036224237,0.0281726259109963,0.052407770733368955,-0.024235144822372656,0.1526888277947468,0.09515146468356867,0.05753736311117813,0.0904752641441501,0.0695850581907503,0.0208902059533998,0.1575796842650793,0.1262316127180896,0.03134807154698968,0.1421625789929161,0.11724898306931157,0.024913595923604523,0.0971014390458005,0.09084974018876688,0.006251698857033625,0.1844703257011408,0.1219930034882695,0.062477322212871306,0.1324972290144407,0.1034047330286344,0.029092495985806294,0.0874358950141055,0.0798032961257356,0.007632598888369896,0.0772437888625408,0.0699925525452838,0.007251236317256993,0.0288569682049175,0.05592697477383138,-0.02707000656891388,0.1340254210035693,0.12381489860194356,0.010210522401625732,0.1109740001639345,0.09894005450625398,0.012033945657680511,0.0584280948175058,0.07979384600560618,-0.021365751188100385,0.1181686762663001,0.10626808138784812,0.011900594878451978,0.1179760714961843,0.12875296279697315,-0.010776891300788849,0.063894908587298,0.08555375349056357,-0.02165884490326557,0.099723162303152,0.10632313549772837,-0.006599973194576378,0.0348637303956405,0.05176310455633872,-0.01689937416069822,0.0946496843951552,0.09244645238210318,0.002203232013052017
2010-10-01,0.0199217524339244,0.031778261768733586,-0.011856509334809185,,0.030830344135109697,,0.0352667752876328,0.05729462038062292,-0.02202784509299012,0.104274351294165,0.07376377496702836,0.030510576327136635,0.0144194318395789,0.01552181056102421,-0.0011023787214453108,0.0924478333255845,0.04635719605410786,0.04609063727147664,0.067041932197248,0.03475793610986753,0.032283996087380466,0.0409847599452787,0.029599290194728088,0.01138546975055061,0.039879302786638,0.04170320832818338,-0.0018239055415453787,-0.0219185230307255,0.05346393772069532,-0.07538246075142083,0.0519169376329736,0.04729808536598793,0.004618852266985669,0.0522774986345439,0.033758546884635726,0.018518951749908176,0.0506603774546279,0.05536179244864591,-0.004701414994018015,0.0468266397460016,0.06529451235799404,-0.01846787261199244,0.1800235514485778,0.054096409534826834,0.12592714191375096,0.0401877735146067,0.023566883756443693,0.016620889758163008,-0.0055641946950326,0.03013697489110096,-0.03570116958613356,0.0221992922405403,0.022703585311269425,-0.0005042930707291268,0.0523596861744175,0.047880892416827824,0.004478793757589673,0.0560785860818635,0.04805124944153156,0.008027336640331943,0.0061831855164794,0.036728602375251176,-0.030545416858771775,0.1149382826158345,0.03829461783019461,0.07664366478563989,-0.0398964606309553,0.03841938698326177,-0.07831584761421706,0.0403327440221782,0.016996403838652942,0.023336340183525258,0.0168061934029675,0.029607235961176065,-0.012801042558208565,0.0157138273484554,0.02698866647032187,-0.01127483912186647,-0.0028590025600896,0.04164800078857382,-0.04450700334866342,0.0172717482601592,0.04013133212970834,-0.02285958386954914,0.0703007859235976,0.040242176767291624,0.030058609156305982,0.0266446859129842,0.05164861032052883,-0.02500392440754463,0.0167234662029002,0.04345068762255355,-0.026727221419653353,0.055224500865606,0.03136673841761025,0.02385776244799575,0.0499690405941534,0.04055470446954379,0.00941433612460961,0.0176596713428108,0.02350678535357981,-0.005847114010769011,0.0439633426966356,0.0368068704282393,0.007156472268396302
2010-11-01,-0.0174261186566977,0.0048365963053146775,-0.02226271496201238,,0.003830148761214745,,0.0886321746358048,0.02944069646546976,0.05919147817033504,0.0744227136632876,0.023893473598340462,0.05052924006494715,-0.0049330893850657,-0.012101433960422887,0.007168344575357187,-0.0342833969156233,-0.005846296375218261,-0.02843710054040504,0.0053539320928005,0.009241885845627868,-0.0038879537528273677,-0.0176080151302414,0.011708892547159747,-0.029316907677401145,-0.0688151350372492,0.00081337609923232,-0.06962851113648152,0.0331672715288416,0.02426093163037114,0.00890633989847046,0.0327955195279921,0.02012104433328813,0.012674475194703966,-0.0201841467000778,0.011374682652688607,-0.03155882935276641,0.0599503795649443,0.02603724678957596,0.03391313277536834,0.0322452279986298,0.011491509823802742,0.020753718174827056,0.0842660592730893,0.008190033420112017,0.07607602585297729,-0.0398893403671944,0.013324327291723722,-0.05321366765891812,0.0180738637403763,0.0217614819147225,-0.0036876181743461973,-0.0047095346347109,0.0036437445942624526,-0.008353279228973352,0.0438104573170544,0.018290674423098764,0.025519782893955636,0.0200784485054236,0.01902286390488058,0.0010555846005430199,-0.0373189213598145,0.009956292442810065,-0.04727521380262457,0.0860782802973167,0.017865453977289766,0.06821282632002694,0.0126827112408486,0.013897527681126612,-0.0012148164402780107,0.0471699115633537,0.009311605030965127,0.03785830653238857,-0.0440167935754366,0.013146248716512486,-0.05716304229194909,0.0477383532529795,0.02277122455244125,0.024967128700538254,0.0155030817743035,0.01566940602416236,-0.00016632424985885998,0.0763511077881289,0.019271536296471607,0.057079571491657294,0.0444572812003183,0.013047275078691483,0.03141000612162682,0.0398577817972015,0.010377871470301621,0.02947991032689988,0.0019877453304281,0.016078998064777136,-0.014091252734349035,-0.0110117217478523,0.005014303609915908,-0.016026025357768207,0.0135224241954031,0.010025428303838454,0.003496995891564646,-0.0159980946058788,0.006970704801363461,-0.02296879940724226,0.006146810854476,0.017617223968829063,-0.011470413114353064
2010-12-01,0.1062498891028522,0.09124581586703648,0.01500407323581572,,0.0450713688015445,,0.0062680089092876,0.047511409624874865,-0.04124340071558726,0.0803391403161319,0.08879938655156958,-0.008460246235437674,0.0860913049945148,0.10231570190525792,-0.016224396910743122,0.0651169028962464,0.05979897948729422,0.00531792340895218,0.0823696522317513,0.07634343920848724,0.00602621302326406,0.0630136550216251,0.06333242309783478,-0.0003187680762096745,0.0374596102932451,0.0754523993970087,-0.037992789103763594,0.1518244549797673,0.08173834238527464,0.07008611259449266,0.1103496334848115,0.08551925389043127,0.024830379594380225,0.0601560421226612,0.033437927185397565,0.026718114937263636,0.0624769137325357,0.08499745529187247,-0.02252054155933677,0.0489147802078876,0.059552694068366094,-0.010637913860478493,-0.0332099097277507,0.09461601372038894,-0.12782592344813964,0.0451791414584674,0.041537941991264475,0.003641199467202927,0.1075665327180297,0.07952441425982514,0.028042118458204562,0.1106270928529852,0.07531603799657316,0.03531105485641205,0.1082153226621255,0.09442603250407905,0.013789290158046447,0.0737564428162381,0.0689819371278125,0.004774505688425593,0.0711424424102646,0.0637890293925613,0.0073534130177033,0.2046657151047658,0.12171525180020362,0.08295046330456218,0.0711856070505975,0.07165457536587007,-0.0004689683152725721,0.0975901229787637,0.10787438278765156,-0.010284259808887863,0.0458887072424716,0.05378551156032175,-0.00789680431785015,0.045529765728969,0.04411547307222705,0.00141429265674195,0.079483166281361,0.09084918939433695,-0.011366023112975951,0.007665177823567,0.05133826051093916,-0.04367308268737216,-0.0195477273142764,0.03475689358835888,-0.054304620902635284,0.0248958357497328,0.04922452881665634,-0.02432869306692354,0.119294849215712,0.10502848595894686,0.014266363256765141,0.0780251895909313,0.06978043882771294,0.008244750763218359,0.047729454064462,0.07828465031867142,-0.030555196254209417,0.0346328590371555,0.042392928189110904,-0.007760069151955401,0.0759764298129156,0.06426594769163267,0.011710482121282922
2011-01-01,0.0775183739878827,0.021940593727075682,0.05557778026080701,,0.018617296817429848,,-0.0246201811946383,0.004614702090317386,-0.029234883284955687,0.0128199871005125,0.013135244918654098,-0.0003152578181415972,0.0218477941956817,0.02706491251819531,-0.005217118322513609,0.0308885758541087,0.026047164248164927,0.004841411605943771,0.0582197460124164,0.01445121970924723,0.043768526303169165,-0.0007568995191828,0.01683380369711902,-0.01759070321630182,0.0373650733681644,0.02127565979620107,0.01608941357196333,0.056231872002387,0.009140699327582005,0.047091172674805,0.0477707433568045,0.0103694159018863,0.0374013274549182,-0.0085508624657748,0.012148562583494532,-0.020699425049269332,0.0691967493663905,0.011437734478556194,0.05775901488783431,0.0601284223883052,0.02521758281001741,0.03491083957828779,0.0463315224405835,0.026000790362824884,0.020330732077758616,-0.0150036988673528,0.013895936797557205,-0.028899635664910005,0.0015731746099086,0.012743096612595,-0.0111699220026864,0.0222363370632845,0.019665076396050245,0.0025712606672342563,0.0445815022348124,0.019472261745149443,0.025109240489662957,0.0284042054234647,0.014508714042150221,0.013895491381314478,0.0042751420383534,0.02010136262064327,-0.01582622058228987,-0.0229993156460982,0.028038586311927006,-0.051037901958025204,-0.0199797214479029,0.011421494286758567,-0.03140121573466147,0.06623338911215,0.018458837912692,0.047774551199458004,-0.0147222265601515,0.019227067209160918,-0.03394929376931242,-0.1149741414441117,0.017026315467777938,-0.13200045691188964,0.0060289677959422,0.007971218038064292,-0.0019422502421220919,-0.0655806498825409,0.0015388028493880219,-0.06711945273192893,-0.0207712140624745,0.01037216032304969,-0.03114337438552419,-0.0035857806918279,0.018681169892603364,-0.022266950584431264,0.0953666065936104,0.015614072609362989,0.07975253398424742,0.0174387777577729,0.016849571308435642,0.0005892064493372567,-0.0006051264426963,0.01774370215882217,-0.01834882860151847,0.0074025690529128,0.015846277608530804,-0.008443708555618004,0.0317177208998714,0.011630621139254463,0.020087099760616935
2011-02-01,0.0397792423543103,0.04468543775914608,-0.004906195404835778,,0.022213661799957467,,0.0860131160923187,0.026429293950280392,0.059583822142038306,-0.0675153719704376,0.060460855387101206,-0.1279762273575388,0.0426369384609798,0.04865421061641666,-0.006017272155436855,0.0183032195152366,0.03190879727842833,-0.013605577763191733,0.0422553276456748,0.03625263119402896,0.006002696451645841,0.0569040442414557,0.027140275116844942,0.029763769124610755,-0.0615384292452042,0.03737564312529987,-0.09891407237050406,0.0064226339430527,0.04821060133434167,-0.04178796739128897,0.0312999646708953,0.04910311070858425,-0.017803146037688955,0.0200799240270689,0.01165529797746316,0.008424626049605742,0.0573213683739531,0.05132375462285352,0.005997613751099584,0.0462577214438716,0.035746602631812216,0.010511118812059385,0.0083321004424799,0.05662024857267771,-0.04828814813019781,0.073543501785158,0.01588181733851417,0.05766168444664384,0.0189481783676569,0.04037720347789578,-0.021429025110238878,0.0410845096191196,0.03641981852004318,0.004664691099076419,0.0360561758309976,0.05073368870556137,-0.014677512874563772,0.0425922953216028,0.04004680527792613,0.002545490043676671,0.0501387420491747,0.03073387984533699,0.01940486220383771,-0.0525592034416181,0.057627791778789,-0.1101869952204071,0.0805103810881033,0.039055939074561535,0.04145444201354176,0.0813110594526866,0.04779771635259247,0.03351334310009413,0.0201095597224273,0.026324817926232605,-0.006215258203805304,0.0890630612026051,0.018513379807706457,0.07054968139489864,0.0985319383131746,0.053634363364536336,0.04489757494863826,0.0479188961386737,0.02716234229184458,0.02075655384682912,0.0445021270123467,0.019008294325957884,0.02549383268638882,0.0087955981960934,0.028757684246823626,-0.019962086050730226,0.0544111626106068,0.05295432765946979,0.0014568349511370135,0.0312242897849645,0.03547062100955759,-0.004246331224593093,0.0240446166611554,0.038402982328716945,-0.014358365667561546,0.0323475374738048,0.018132849738424096,0.014214687735380701,0.0304129507828869,0.034511319220697494,-0.004098368437810595
2011-03-01,-0.0149321807908794,-0.0010749814875917957,-0.013857199303287604,,0.005905632227372129,,-0.0587041094271496,0.030578138478042603,-0.08928224790519221,0.0068197002438729,0.027959431410911208,-0.02113973116703831,-0.0048376858123544,-0.019453879197690857,0.014616193385336457,-0.0102813485384163,0.001626647740748796,-0.011907996279165096,0.0031362988507046,0.005053826453855672,-0.0019175276031510717,0.0189821340048946,0.003958100120299186,0.015024033884595413,-0.0424029892509368,0.001301687579062707,-0.04370467682999951,-0.0059556716344266,0.023291870220467716,-0.029247541854894317,0.0361479660116667,0.017779685417266374,0.018368280594400325,0.0040417709035898,0.011902533256675936,-0.007860762353086135,0.0464425511585336,0.02171964904529897,0.02472290211323463,-0.0318043176101224,0.0214540346776097,-0.053258352287732104,-0.0173267431810639,0.007194353246161848,-0.024521096427225747,0.0079681026967985,0.007434055215861273,0.0005340474809372277,0.0343209567504662,0.006352026209064664,0.027968930541401538,-0.0168045450972838,-0.002648602184862494,-0.014155942912421306,0.04099078633924,0.012352836007625545,0.028637950331614453,0.0110705972297158,0.01591798512536013,-0.004847387895644331,0.0043500898108222,0.004085783419375304,0.0002643063914468955,-0.0795723921698982,-0.0008842024893114494,-0.07868818968058675,0.0346657449869619,0.010327639722239969,0.02433810526472193,0.0080299056516371,-0.007337406413670732,0.015367312065307833,0.0298013728627291,0.006013307039284088,0.02378806582344501,-0.0048705909869373,0.01305507634983826,-0.017925667336775558,0.0555098941809717,0.012363394262602283,0.04314649991836941,0.0128298793227393,0.019247153103203216,-0.006417273780463917,0.0357866425242645,0.018156215052483538,0.017630427471780962,0.0044608394369487,0.016046408168612115,-0.011585568731663415,-0.0373028042697549,0.007857382474703314,-0.045160186744458215,-0.0206667929690307,0.0020112526175797697,-0.02267804558661047,0.017635073528905,0.006008918503229491,0.01162615502567551,0.009234928276082,0.004570497690638368,0.004664430585443631,0.0142491648913958,0.014015117384674593,0.00023404750672120778
2011-04-01,0.0279336490943065,0.019962138487158068,0.007971510607148433,,0.024834555453686357,,0.0877833721789343,0.03893765156986184,0.048845720609072454,0.04415087863541,0.05434027092529317,-0.010189392289883172,0.0013273939211634,0.008687965478048535,-0.007360571556885135,0.0131850625652044,0.04066511125958204,-0.02748004869437764,0.0313554379531408,0.021052010419235524,0.010303427533905278,0.0314891596278323,0.018937530866665178,0.012551628761167125,0.0143057281019068,0.03128184004031714,-0.016976111938410338,0.0078508392045735,0.03400877254620467,-0.02615793334163117,-0.0104715361545207,0.029091772237627888,-0.03956330839214859,0.048475116057437,0.024475819354493455,0.023999296702943543,-0.0440653801368826,0.036795524569706736,-0.08086090470658933,0.0343439614281147,0.054325462506888626,-0.019981501078773924,0.0761722580496905,0.04246759227242815,0.033704665777262346,0.0460184402247675,0.015412003740030038,0.03060643648473746,0.0331670228676628,0.01619163392476615,0.01697538894289665,0.0230714257272313,0.014036973049848779,0.00903445267738252,0.0181670266347158,0.03152404063404447,-0.013357013999328673,0.0438415525232454,0.03438049731319115,0.009461055210054248,0.0542995736859743,0.027536266528908518,0.026763307157065784,-0.0024980032168641,0.02175829562824187,-0.024256298845105967,0.0180303672169463,0.02460608775483652,-0.006575720537890219,0.0101237152331947,0.0020831347019278665,0.008040580531266833,0.0736037114713065,0.022266631817168186,0.05133707965413831,0.0106615999318332,0.018258812653702695,-0.0075972127218694955,0.0176420289632784,0.024013461620808117,-0.006371432657529718,0.0407315732486669,0.02379096274756946,0.01694061050109744,0.0148798269853022,0.03020706749898701,-0.015327240513684809,0.0540231090153238,0.042173724796047314,0.011849384219276483,0.0138132926191982,0.024316120495130093,-0.010502827875931894,0.0161603377443577,0.02147097218289496,-0.00531063443853726,0.025573843025475,0.027283215013882058,-0.0017093719884070588,0.0408537175422008,0.017120406739002957,0.023733310803197846,0.0406165524256087,0.023396337349573835,0.017220215076034866
2011-05-01,-0.0276672261019269,-0.022973419862670097,-0.004693806239256804,,-0.002722381088414733,,0.0101407865092704,-0.004670112432439216,0.014810898941709616,-0.0412260749427505,-0.010392860901607473,-0.030833214041143024,-0.0333950481483761,-0.031137786932751717,-0.002257261215624383,-0.0225466007186787,-0.0044970702418980265,-0.01804953047678067,-0.0149917296260764,-0.02055550047584296,0.00556377084976656,0.0007209692031632,-0.016595108940619722,0.01731607814378292,-0.0324538715958555,-0.016204626088676385,-0.016249245507179114,-0.0143610105136225,-0.014856892719286129,0.0004958822056636298,-0.028958227306658,-0.018005466465292486,-0.010952760841365514,0.0336038510608756,-0.0034166413433801028,0.0370204924042557,-0.0400254977673097,-0.016413104051941806,-0.023612393715367896,-0.0097343640920454,0.005087174855873022,-0.014821538947918421,-0.0083285024810246,-0.015083937171249645,0.006755434690225045,0.0081398415642488,-0.007818546876911008,0.015958388441159807,0.0327946535572898,-0.025061869360997996,0.057856522918287794,-0.0247984579188778,-0.018848475953711797,-0.005949981965166003,-0.0606293498471933,-0.019829048419520892,-0.04080030142767241,-0.0227744600426131,-0.011451466095436128,-0.011322993947176972,0.009281931882859,-0.013696396337836819,0.02297832822069582,-0.042133350979412,-0.03576976355851806,-0.006363587420893942,-0.0293831695465116,-0.01691586551311043,-0.01246730403340117,-0.0477337663330907,-0.03797426471546569,-0.00975950161762501,0.0275176655487884,-0.008802884336911267,0.03632054988569967,-0.0590831459607131,-0.00484211654164881,-0.05424102941906429,-0.0031278073327337,-0.023263445704354502,0.0201356383716208,-0.0141438682887665,-0.012142822595231386,-0.0020010456935351147,0.0422080603529565,0.0015093473852392221,0.04069871296771728,-0.0055258195506345,0.0006402690368900073,-0.0061660885875245075,-0.0528633141356633,-0.029966063620516074,-0.022897250515147228,-0.0121960827959121,-0.016274109667855946,0.0040780268719438455,-0.0049967694819587,-0.018861486430984672,0.013864716949025972,0.0205020487348017,-0.006111227617898335,0.026613276352700034,0.0104492645225331,-0.012176286027974775,0.022625550550507877
2011-06-01,-0.0200479761420514,-0.01929737961340793,-0.000750596528643472,,-0.005651682539672624,,0.055543510510325,-0.010207029192590946,0.06575053970291594,0.0096007931090812,-0.018329979093280137,0.027930772202361336,-0.0196992392106049,-0.024261604243462614,0.004562365032857715,-0.0186803884363541,-0.015278245993642496,-0.0034021424427116056,-0.0155571655752188,-0.018028797279940723,0.0024716317047219234,-0.0086898001880078,-0.019685888542887095,0.010996088354879295,-0.0342614083523489,-0.020862037827941573,-0.013399370524407327,-0.0510467205571446,-0.011527120541254807,-0.03951960001588979,-0.0214288274621049,-0.01298533943529321,-0.00844348802681169,-0.0273454325672498,-0.007972551853883458,-0.01937288071336634,0.0122908544520981,-0.01958766622962153,0.03187852068171963,-0.0401919623295332,-0.0055428994015142,-0.034649062928018996,-0.0139989009144377,-0.024160429472509348,0.010161528558071647,-0.0136856011768853,-0.010050775008259526,-0.003634826168625774,-0.0281208313824284,-0.028897561704591554,0.0007767303221631536,-0.0075639581382384,-0.015596627712250696,0.008032669574012295,-0.0064553438773756,-0.020019805687346563,0.013564461809970963,-0.0044978046203383,-0.01824891870293829,0.013751114082599991,-0.0156777778561296,-0.023438770479771807,0.007760992623642205,-0.0405858548815992,-0.03747673368446585,-0.0031091211971333507,0.0301272465431626,-0.016867177607010505,0.0469944241501731,-0.0203622199611662,-0.026217229270065978,0.005855009308899779,-0.0200135408357593,-0.016473649551096793,-0.0035398912846625052,-0.0558435388446661,-0.009624437516418612,-0.04621910132824748,-0.0510957536952029,-0.016496382826080055,-0.03459937086912285,0.0027218599253391,-0.009399199509417986,0.012121059434757086,0.0295418748853753,-0.0009001727047694853,0.030442047590144787,-0.0112655504606031,-0.009525617697627222,-0.0017399327629758782,-0.0437214774839558,-0.02497972200792506,-0.01874175547603074,-0.0268093469724265,-0.01672572574127139,-0.010083621231155113,-0.0028518623354433,-0.02108989447973594,0.01823803214429264,-0.0075451393016736,-0.007692847666200972,0.0001477083645273717,-0.007107001447882,-0.010631855251097498,0.003524853803215498
2011-07-01,-0.0539591588170047,-0.030376448355506586,-0.023582710461498114,,-0.008086562585124807,,0.0115433934869877,-0.017065612143700306,0.028609005630688005,-0.102367998046654,-0.031506854281521474,-0.07086114376513253,-0.0399757880981578,-0.03612335466220674,-0.0038524334359510623,0.0210835309936527,-0.016887898280271305,0.03797142927392401,-0.0063430135391674,-0.02811350119215767,0.02177048765299027,-0.0407354908888499,-0.02551033636570569,-0.015225154523144213,-0.0369057344399121,-0.027591126155815656,-0.009314608284096446,-0.0372951870461168,-0.025582028040268563,-0.011713159005848236,-0.0759432541754119,-0.02753943234841986,-0.04840382182699203,-0.0264518572614525,-0.009212241250278674,-0.017239616011173825,-0.1024043792005636,-0.032660970204999897,-0.0697434089955637,0.0340003888252656,-0.008123797080374261,0.04212418590563986,0.0731159161356276,-0.0336827536929613,0.1067986698285889,-0.0175456698284412,-0.012911284358541643,-0.004634385469899558,-0.043767920674161,-0.03955637645743819,-0.004211544216722811,-0.0578684128342215,-0.024337270765336004,-0.033531142068885494,-0.0701012148840759,-0.03238973388269193,-0.037711481001383974,-0.0970025819974111,-0.026395920682352716,-0.07060666131505838,-0.0313669687317954,-0.027601529585887064,-0.003765439145908333,-0.0153348660474306,-0.0514268130647486,0.036091947017317993,-0.0279963397015713,-0.027229504923011794,-0.000766834778559506,-0.0064029001543878,-0.04227831527643149,0.035875415122043695,-0.0297015493728411,-0.019672323575868227,-0.010029225796972872,0.0448245974085538,-0.012041377895717569,0.05686597530427137,-0.054340348519079,-0.03317887200315045,-0.02116147651592855,-0.0509083844725745,-0.01905709881044481,-0.03185128566212969,0.0114134774104338,-0.004131446776364244,0.015544924186798044,0.0064431400305129,-0.011916504117212352,0.018359644147725254,-0.0768133084539852,-0.04081349898547647,-0.035999809468508726,-0.0101022375360591,-0.02471401061604042,0.014611773079981322,-0.0501966007068909,-0.0299020801919965,-0.0202945205148944,-0.0099230592370808,-0.010404368943986948,0.00048130970690614915,-0.0436481101605745,-0.019866975738381545,-0.023781134422192957
2011-08-01,-0.0826913715677251,-0.07966194770391093,-0.0030294238638141763,,-0.029447918113165193,,-0.0563072746168252,-0.04724306808992803,-0.00906420652689717,-0.1336238862933936,-0.10502072205303283,-0.028603164240360787,-0.0753748669788963,-0.09284644236700382,0.01747157538810752,-0.0563978763599469,-0.05340444228437633,-0.002993434075570567,-0.0647400508718767,-0.07146556445379611,0.006725513581919404,-0.0318162716846665,-0.04657575901283115,0.01475948732816465,-0.1264627297842259,-0.07134746659718853,-0.05511526318703737,-0.1018176882423112,-0.08607380277500244,-0.01574388546730876,-0.0863042052195115,-0.08926537382152809,0.0029611686020165895,0.0110072968605699,-0.01831263803265162,0.02931993489322152,-0.0895200350981547,-0.08875273619366547,-0.0007672989044892331,-0.050803802374706,-0.046361386435031876,-0.004442415939674121,-0.05013340131075,-0.09234260019445134,0.04220919888370134,-0.0171595573783416,-0.019571489969608648,0.002411932591267048,-0.0639688793602241,-0.0703359673485505,0.0063670879883263864,-0.0799341604769379,-0.061513157604622344,-0.018421002872315552,-0.0897770620871118,-0.08551684116873434,-0.0042602209183774525,-0.077780381303434,-0.06557570098901822,-0.01220468031441578,-0.0253632490566439,-0.04988237731063779,0.024519128253993893,-0.0793309600905525,-0.09839368007593424,0.01906271998538174,-0.1172330707916507,-0.07246083731232489,-0.04477223347932581,-0.0884476502916656,-0.09256151838697912,0.004113868095313528,-0.0182280979042246,-0.03255647788585339,0.014328379981628791,0.0877522798957626,-0.01081527227487417,0.09856755217063677,-0.1467541911149668,-0.10400871031264486,-0.042745480802321933,-0.0072753617099001,-0.05823000806390567,0.050954646354005574,0.0156189431087853,-0.027267558951020815,0.04288650205980611,-0.0230250729107513,-0.04122591742299808,0.01820084451224678,-0.0853627480557948,-0.10352567012110563,0.018162922065310824,-0.0717725416126343,-0.0640713443843326,-0.007701197228301704,-0.0501649053224914,-0.07152752132469173,0.02136261600220033,0.0167781106723718,-0.023762347146564215,0.04054045781893602,-0.0276967173119884,-0.05694909037052396,0.02925237305853556
2011-09-01,-0.0673199566193742,-0.09412025685541552,0.02680030023604131,,-0.042941500912660135,,-0.0361215782506182,-0.07757617623619993,0.04145459798558173,-0.1271159178279756,-0.13504490297655475,0.007928985148579148,-0.113812769003363,-0.0980764350834455,-0.015736333919917495,-0.0501294190751033,-0.07161388174579844,0.02148446267069514,-0.19775430989089,-0.09027695176370681,-0.10747735812718318,-0.0443999651253635,-0.0602956445295722,0.015895679404208704,-0.0779926261555325,-0.09016762994612425,0.012175003790591749,-0.1397064250453041,-0.11288321001597364,-0.026823215029330452,-0.1460294428797902,-0.11296576900860048,-0.03306367387118972,-0.0353447072286024,-0.03724567767903836,0.0019009704504359612,-0.1511514551876248,-0.11222057806180091,-0.03893087712582388,-0.0225793347114858,-0.07416600046258975,0.051586665751103954,-0.227785290441916,-0.10964747155908718,-0.11813781888282883,-0.029413171499212,-0.031122145364159734,0.001708973864947734,-0.0861790877212635,-0.08050344617078328,-0.005675641550480212,-0.0951820301339318,-0.07092022442203894,-0.02426180571189286,-0.1663189024567962,-0.10623592198585924,-0.060082980470936964,-0.1078333934598413,-0.08470011828092708,-0.023133275178914225,-0.0451997361212934,-0.06312412466327072,0.017924388541977317,-0.3016725781683573,-0.11193487498422079,-0.18973770318413652,-0.1360853683466197,-0.09038727781013745,-0.045698090536482244,-0.1280274976197253,-0.10273013822947179,-0.0252973593902535,-0.0296646823780936,-0.041606414065960946,0.011941731687867347,-0.1029200099162886,-0.020866495958382133,-0.08205351395790646,-0.1289245774719243,-0.12434958240873832,-0.004574995063185969,-0.0773297968542747,-0.08251271296837248,0.0051829161140977825,-0.0486145682266977,-0.04825388837888978,-0.0003606798478079168,-0.0217229424089928,-0.06289546055499962,0.041172518146006816,-0.2084410182163874,-0.12597982789351714,-0.08246119032287028,-0.1101515339755505,-0.07784103723192817,-0.032310496743622324,-0.0992396813993363,-0.0906208066448046,-0.0086188747545317,-0.0167126333101838,-0.03468924414317031,0.01797661083298651,-0.0642467976420744,-0.07469784291890835,0.01045104527683395
2011-10-01,0.1042015220236572,0.12784234589299187,-0.023640823869334665,,0.07371444596944964,,0.1550727756715219,0.11159250652482575,0.04348026914669614,0.2037595465669664,0.20473515547067447,-0.0009756089037080695,0.1150172920600205,0.12746866835848333,-0.012451376298462838,0.1139805200525781,0.12093628646324572,-0.006955766410667627,0.1720308588835655,0.11700359340150066,0.05502726548206485,0.0749017867788984,0.08293336171616872,-0.008031574937270317,0.1966809370782087,0.12932309292201924,0.06735784415618945,0.2002217601065871,0.15611135728482534,0.04411040282176176,0.2202866754133794,0.15316814767898038,0.06711852773439902,0.0540354010874645,0.05642638279091341,-0.0023909817034489106,0.2119246373025262,0.16093403677420026,0.050990600528325936,0.0918224880399509,0.13613794291511824,-0.044315454875167345,0.1487319393906252,0.17281217960732936,-0.024080240216704157,0.0577660814875793,0.04720387312136072,0.01056220836621858,0.10544310000922,0.10706481993797484,-0.0016217199287548445,0.1324297645260017,0.09775522053597847,0.03467454399002322,0.2297082429903664,0.15125648746689035,0.07845175552347605,0.1192176608177276,0.12832001316964126,-0.009102352351913659,0.0499099986150305,0.0973638889787008,-0.047453890363670294,0.2967646236501561,0.15103521090664315,0.14572941274351295,0.1463653908397565,0.12337159632371811,0.02299379451603839,0.1595131434487322,0.11862049497878173,0.04089264846995046,0.0504467684598342,0.07201231463919591,-0.02156554617936171,0.0529185657937686,0.04283058476434441,0.010087981029424188,0.1796953298522046,0.1628001710776955,0.01689515877450909,0.1155310801041063,0.10426587520314558,0.011265204900960724,0.0845585429319138,0.07823965468218515,0.006318888249728649,0.0823804742832736,0.11008120162818129,-0.027700727344907694,0.2095978509062775,0.16119844313467885,0.04839940777159865,0.1282444508738094,0.10897055817701952,0.019273892696789877,0.1628320078194582,0.12494862367891972,0.037883384140538476,0.0510433853214809,0.0553869082450835,-0.0043435229236026,0.1271615123284367,0.10535621470983816,0.021805297618598535
2011-11-01,-0.0148986769973184,-0.005976688571390106,-0.008921988425928293,-0.0089035846678229,0.005599920688799271,-0.014503505356622171,-0.0319918284838772,0.013015366406730634,-0.04500719489060784,-0.0679883008008446,-0.014450302212090645,-0.05353799858875395,-0.050951038563362,-0.019717116713869123,-0.031233921849492877,-0.0119636022004511,-0.006397993907800861,-0.00556560829265024,-0.0110454638787629,-0.0017521136695490208,-0.009293350209213878,0.0001625471605292,0.005800335113302616,-0.005637787952773416,0.0107138900188898,-0.006913309266688274,0.017627199285578075,0.039510192102584,-0.0019614539420951187,0.04147164604467912,0.0110529285971855,-0.0050469385867477415,0.01609986718393324,0.0155317449253613,0.015435502997244974,9.62419281163255e-05,0.0491311526623513,-0.005861211393890723,0.05499236405624203,-0.0223671682489647,0.007352067330245353,-0.02971923557921005,-0.0305224737537716,-0.015972008931181666,-0.014550464822589933,0.0222414577257765,0.013920547588873212,0.008320910136903288,0.0472752729328642,-0.003488760483800657,0.05076403341666486,-0.0430826173933792,-0.003967587406635515,-0.03911502998674368,0.0057872912155712,-0.002721551102140601,0.0085088423177118,0.0149945709648402,-0.002160284472495663,0.017154855437335862,-0.0059352053641332,0.00048423211612350255,-0.0064194374802567025,-0.0653348526458983,-0.00385865181735228,-0.061476200828546025,-0.0234281527776977,-0.005197507776746877,-0.01823064500095082,0.0093740729951355,-0.005472974743976734,0.014847047739112235,0.0260256706256852,0.005980993778003282,0.020044676847681915,0.0231095381819461,0.020745692707480872,0.0023638454744652274,-0.0062555281987482,-0.015439468932264715,0.009183940733516515,-0.0065591164452486,0.003405575933052015,-0.009964692378300615,0.0231062000749865,0.010535994601342278,0.012570205473644222,0.0052623712857514,0.003936467074897645,0.0013259042108537547,-0.012072233503373,-0.006992326088368859,-0.00507990741500414,-0.0406296380752752,-0.005554537489867497,-0.0350751005854077,0.0013141323283555,-0.002280632034905832,0.003594764363261332,0.0054906798346267,0.008832118073571836,-0.0033414382389451358,0.0133390709147164,0.0030221104110310796,0.01031696050368532
2011-12-01,0.0696689959283862,0.014703523278302148,0.05496547265008405,0.0190669101775551,0.012088405622535351,0.006978504555019747,-0.0346149351999614,0.013797598484208206,-0.048412533684169604,-0.0199254362878135,-0.009671116604507486,-0.010254319683306014,0.0302522295575925,0.008051451479627785,0.022200778077964715,-0.0119316677872613,-0.0016457490271423146,-0.010285918760118985,-0.0048198838444718,0.014295368533115294,-0.019115252377587093,0.0489777412793014,0.017807679060849117,0.031170062218452282,-0.0347647710319001,0.005104931572881635,-0.03986970260478174,0.0118501421281807,0.010377806243764685,0.0014723358844160143,0.0258636454501342,0.010105617823495904,0.015758027626638294,0.0187898737154949,0.018868960699385186,-7.908698389028426e-05,-0.0108731903634764,0.004122336658426627,-0.014995527021903026,0.016345993752279,0.00818368967611079,0.00816230407616821,-0.0571036755378756,-0.005085495208650338,-0.05201818032922526,0.0188047022143158,0.021643741955018083,-0.0028390397407022823,0.0258223470138652,0.0105301331253366,0.0152922138885286,0.0085492157242509,0.013844778436969192,-0.0052955627127182926,-0.0313195116372986,0.013568538630516335,-0.044888050267814936,-0.0477398073865579,0.0044774998832659285,-0.05221730726982383,0.0218647892320545,0.008282570249587416,0.013582218982467083,-0.0261805655557697,0.021938406198279803,-0.0481189717540495,0.0526841520588695,0.006700649630967234,0.045983502427902265,-0.0008783065925237,0.025676241130339585,-0.026554547722863284,0.05248944910771,0.012844169074328655,0.039645280033381344,-0.1533795619951787,0.027231098508157643,-0.18061066050333632,-0.0164682489950327,0.0020080910225506177,-0.018476340017583318,-0.0636047301071434,0.011115878070382224,-0.07472060817752563,0.0472089066266342,0.012452272168684695,0.034756634457949506,0.0045784464484912,0.004508377437806918,7.006901068428145e-05,-0.0251994442608244,0.015277508533262426,-0.04047695279408683,0.0145201647232989,0.007658048718697439,0.006862116004601461,0.0099967367807851,0.011376219832260682,-0.0013794830514755815,0.0376921993583728,0.01673982071124533,0.02095237864712747,0.0158336368277302,0.01405830625024631,0.0017753305774838891
2012-01-01,0.0488134945966271,0.052695311638337156,-0.0038818170417100548,0.0449429339683042,0.030520984463792953,0.014421949504511245,0.1087775882395679,0.04245758315005965,0.06632000508950825,0.1569822199629683,0.10787405554084206,0.04910816442212623,0.0708127113634164,0.05587932025697355,0.014933391106442845,0.0323157423037164,0.05964094510412949,-0.02732520280041309,0.1317981894226642,0.0439249240601383,0.08787326536252589,0.0150762583908545,0.027974331787369147,-0.012898073396514647,0.0876814837969752,0.05653790131021243,0.031143582486762772,0.0873740505539081,0.0690541838069896,0.01831986674691849,0.0770885922665215,0.06759819786241712,0.009490394404104374,-0.0065541501754233,0.012793679882899936,-0.019347830058323235,0.0911270141795236,0.07724805859719447,0.013878955582329128,0.1149523714588003,0.06530319215986365,0.049649179298936655,0.1623433263433077,0.09194122380152953,0.07040210254177817,0.0022606043997322,0.010367198426896903,-0.008106594027164703,0.0369171912551612,0.04665415352238516,-0.00973696226722396,0.0552751510849086,0.04014414431085076,0.015131006774057841,0.1273363959682816,0.0667396810874677,0.06059671488081392,0.143667303780369,0.06158010052384891,0.08208720325652008,0.0372244667254267,0.04283166190247532,-0.005607195177048614,0.1937955237031319,0.06139987356646608,0.13239565013666582,0.0614132340167035,0.054514438111995446,0.006898795904708051,0.0252951502103231,0.038843952658261474,-0.013548802447938373,0.0173963963261815,0.031648197948583374,-0.014251801622401875,0.0870561615569911,0.010181644926862611,0.07687451663012848,0.1597636568323694,0.07618800550124077,0.08357565133112863,0.1129142124882057,0.038067429354291894,0.0748467831339138,0.0251961161413584,0.030311303596946743,-0.0051151874555883416,0.0383024996866932,0.052682045985506604,-0.014379546298813405,0.0716285521647737,0.06486365457826433,0.006764897586509375,0.0755612115895762,0.04748890236344859,0.028072309226127606,0.0322339440977854,0.05115283183427043,-0.018918887736485035,-0.0263851087839294,0.017881319582086073,-0.04426642836601548,0.06082528647576,0.04343777127796665,0.01738751519779335
2012-02-01,0.0392395654957173,0.048623381650164735,-0.009383816154447437,0.0253454005216307,0.03496804074707017,-0.009622640225439467,0.074389488972468,0.03212919209878714,0.04226029687368086,0.0477345042082937,0.059789932165767196,-0.012055427957473497,0.0659448190278032,0.05228875001332727,0.013656069014475934,0.059722504367056,0.053571840884827845,0.006150663482228154,0.0116559478837927,0.040701673609000545,-0.029045725725207847,0.0477957851100762,0.03267648641969312,0.01511929869038308,0.011248150629254,0.0500666689501415,-0.0388185183208875,0.0597006321334974,0.0456827859405254,0.014017846192972,0.0526394057990411,0.0456499407391012,0.0069894650599399005,0.0647960574673909,0.0258860586323803,0.03890999883501059,0.0462225171100735,0.04615662868317417,6.588842689932844e-05,0.1117031548144243,0.057495948034414206,0.0542072067800101,0.0833239377037369,0.0613733236286879,0.021950614075049002,0.0095341943275138,0.022387226776536116,-0.012853032449022316,0.0619079491782342,0.03062316370072226,0.03128478547751194,0.0582890851828914,0.03897402663881222,0.01931505854407918,0.0552964519030249,0.051262642061264775,0.004033809841760126,0.0198981901794444,0.04131673584086396,-0.021418545661419562,0.0237479459430425,0.03811843843985784,-0.014370492496815341,-0.0311904360780666,0.0541514958995484,-0.085341931977615,0.0034692939503337,0.038503511760940655,-0.035034217810606956,0.0565188144805535,0.040983480536865985,0.015535333943687515,0.0032389102468112,0.03067013685879886,-0.027431226611987658,-0.0142248518779775,0.021883655514564497,-0.036108507392542,0.0463859561452704,0.04509420405398102,0.001291752091289379,0.0405330731577248,0.028049719964139127,0.012483353193585674,0.024902501943479,0.03045978948154143,-0.005557287538062429,0.0265389832639958,0.043967596492771564,-0.017428613228775765,-0.0272750005132839,0.05080977221724629,-0.07808477273053019,0.0306637530553151,0.040040499754273186,-0.009376746698958084,0.0127917525001107,0.04468617751169491,-0.03189442501158421,0.0191222007690753,0.02701124658854618,-0.00788904581947088,0.0250319771384128,0.03472878045936262,-0.00969680332094982
2012-03-01,0.0236973341443288,0.03893139650321442,-0.015234062358885622,-0.0008988306764343,0.02453925420098375,-0.02543808487741805,0.0246393631479568,0.021543136416585375,0.0030962267313714258,0.0093493727372944,0.040480949803704376,-0.031131577066409975,0.0728802080118143,0.042436581231364276,0.030443626780450025,0.0325340185032344,0.032616026932577126,-8.200842934272257e-05,0.0120617409375119,0.03158725159071509,-0.019525510653203192,0.0185197912545712,0.025513710204166894,-0.006993918949595692,0.0294501065060169,0.034155335956322856,-0.0047052294503059575,0.0392709063645745,0.03561501051650667,0.0036558958480678236,0.0324553781696516,0.03645980903687717,-0.004004430867225572,0.0159470294942214,0.01714102226594093,-0.00119399277171953,-0.0091118049006748,0.03500571060195051,-0.04411751550262531,0.0748254111123693,0.0363001073767192,0.0385253037356501,0.0343356408884728,0.042894258910491055,-0.008558618022018252,0.0263184674491793,0.018277249367478536,0.008041218081700763,-0.0011035411756917,0.026795022998699784,-0.027898564174391485,0.0427008375104505,0.032118540711646854,0.010582296798803646,-0.0130996559063346,0.040243438078636826,-0.053343093984971425,0.0357034854850771,0.029676024462791304,0.006027461022285793,0.047450474633335,0.026677346694829032,0.02077312793850597,-0.086739400174615,0.04591675848217114,-0.13265615865678615,0.0009075962197969,0.029464327979432835,-0.028556731759635936,-0.0379492302403067,0.03941977280707379,-0.07736900304738048,0.0326448207041319,0.023341896025612457,0.00930292467851944,-0.1123532693148571,0.019630960172863563,-0.13198422948772068,0.0536897128464439,0.03649415846690613,0.01719555437953777,0.0419612834034316,0.021064897671305285,0.020896385732126318,0.0388599200274477,0.020341839098068144,0.01851808092937956,0.0542698023223926,0.027405621641068148,0.02686418068132445,0.0361192302054827,0.04132907474834425,-0.005209844542861546,0.0365917742934445,0.030093027912349413,0.006498746381095086,0.0313879613465807,0.033012910350856135,-0.0016249490042754347,0.0067418871526377,0.020621279091410878,-0.013879391938773179,0.0232384243289129,0.027937801837458733,-0.0046993775085458316
2012-04-01,-0.0168344213554316,-0.013625641714871826,-0.0032087796405597738,-0.0354728276905357,3.452664720645157e-05,-0.03550735433774215,0.0097935879821445,-4.022077777115097e-05,0.00983380875991565,-0.0848386971280658,-0.017683688954606987,-0.06715500817345882,-0.0236557337434892,-0.022569086439082148,-0.0010866473044070513,-0.011800145476099,-0.00847884383315074,-0.003321301642948261,-0.0110436438376368,-0.01164287879377063,0.0005992349561338289,0.0239260787727337,-0.0038395058553159504,0.02776558462804965,-0.0202141051992507,-0.012915969045401338,-0.0072981361538493605,0.0216553546082673,-0.011801054776280882,0.03345640938454818,-0.0038478451077695,-0.014011919762649098,0.010164074654879597,-0.0211333752817151,0.004330541761817715,-0.025463917043532812,-0.0159820989714597,-0.012943848338184346,-0.003038250633275355,-0.030413691770141,0.0007699359531919481,-0.031183627723332948,-0.0367221269211603,-0.0165624266828757,-0.020159700238284603,0.0126036477606829,0.00415595663260217,0.00844769112808073,-0.0060605754688656,-0.010569154217127784,0.004508578748262183,-0.0068445643285614,-0.009886949824198658,0.0030423854956372577,-0.0106797561615564,-0.011608147952933346,0.0009283917913769455,-0.0234907675924062,-0.007938941915219959,-0.015551825677186241,0.0089605999669839,-0.00538097768896423,0.01434157765594813,0.0340422119127575,-0.014658715554599359,0.04870092746735685,-0.0341075599852333,-0.012029695915901684,-0.022077864069331616,-0.0053137795887418,-0.017298814259361656,0.011985034670619857,0.0146697011098194,0.0005199355127696588,0.014149765597049741,-0.058283179393163,0.010375763305288159,-0.06865894269845116,0.004438053105125,-0.021327170912743214,0.025765224017868214,0.0001791722216822,-0.007654367228734654,0.007833539450416854,0.0052988379016058,0.0021979074603978403,0.00310093044120796,0.0179828214460862,-0.0013074132073939663,0.019290234653480166,-0.0295909473271654,-0.01844593181636476,-0.011145015510800639,-0.0082745463133317,-0.011037047105989132,0.002762500792657432,0.0121995800211199,-0.01094530372013555,0.02314488374125545,0.0266704256983818,0.0015537497165061974,0.025116675981875603,-0.0113564051922351,-0.00556457649872973,-0.005791828693505369
2012-05-01,-0.0514105201658699,-0.07317263805107634,0.021762117885206433,-0.0462727146567282,-0.03573988188450042,-0.01053283277222778,-0.0531221912148313,-0.04281120673877,-0.010310984476061297,-0.0791856980801509,-0.10837928718950215,0.029193589109351256,-0.1043803805815467,-0.08896900478453029,-0.015411375797016402,-0.0768510853634857,-0.07347199661129049,-0.003379088752195211,-0.0730410501823485,-0.06462778680732531,-0.008413263375023183,-0.0071900401370668,-0.03783698022883475,0.03064694009176795,-0.1555816409795393,-0.07707139250431613,-0.07851024847522317,-0.0526135318741124,-0.07764699901090324,0.025033467136790846,-0.0444008344617363,-0.07984065516311868,0.03543982070138238,-0.0487524932649448,-0.019658489780697792,-0.02909400348424701,-0.0689946815396881,-0.07894944342555238,0.009954761885864277,-0.0509047324384506,-0.0646664108043676,0.01376167836591699,-0.1392379056081094,-0.09726916236051868,-0.041968743247590715,-0.0126894365834291,-0.012095335784797474,-0.0005941007986316263,-0.0288208182885994,-0.04875099989855338,0.01993018160995398,-0.0930376605410003,-0.054876020454150694,-0.0381616400868496,-0.1010473741711784,-0.07633522127431265,-0.02471215289686575,-0.0716561490313269,-0.061601572099763774,-0.010054576931563128,-0.0421472049813843,-0.047463899765361695,0.005316694783977394,-0.1798489584393985,-0.07577610352505794,-0.10407285491434055,-0.0629254285431735,-0.06565591441319843,0.002730485870024932,-0.1028028952256286,-0.06725275839370766,-0.035550136831920945,-0.0286817145335627,-0.02706053628344502,-0.001621178250117681,-0.0779194043051578,0.0019532932946176346,-0.07987269759977543,-0.0719214012985872,-0.09327172834416193,0.021350327045574727,-0.0589016064058814,-0.05098407217537432,-0.007917534230507083,-0.0482887670180982,-0.03266679336107406,-0.01562197365702414,-0.0150886699278294,-0.05295497312775941,0.03786630319993001,-0.1359283589338301,-0.08871740697977772,-0.04721095195405238,-0.0692410145855289,-0.06190438491836809,-0.007336629667160817,-0.0442485315232653,-0.06740236702129916,0.023153835498033862,-0.016734263026895,-0.02252314114261705,0.005788878115722051,-0.0535755081146161,-0.048748798155929605,-0.004826709958686497
2012-06-01,0.073830848121553,0.04579779945385536,0.02803304866769763,0.0196554243133041,0.027212961975400487,-0.007557537662096388,-0.1195286489965378,0.03389358259139789,-0.1534222315879357,-0.0272422954889802,0.06515612549518615,-0.09239842098416635,0.0429661961984885,0.046776318512939556,-0.0038101223144510546,0.0337733569929674,0.040086644171117805,-0.006313287178150405,0.0478903422473301,0.03903277265008365,0.008857569597246456,0.06380648512536,0.029899418342469355,0.03390706678289064,0.014878803576193,0.04261085010494739,-0.02773204652875439,0.0934637258176426,0.05112945371785504,0.042334272099787566,0.0427823488169482,0.05079035594753007,-0.00800800713058187,0.0039104320274478,0.01876052745039166,-0.014850095422943861,-0.0435430865537024,0.053226167810766,-0.0967692543644684,0.0130764889318403,0.04643692311151662,-0.033360434179676324,-0.007788277316857,0.05947343742680763,-0.06726171474366463,0.0157988423365706,0.019068460957372402,-0.0032696186208018008,0.075299633251822,0.038267496903697816,0.03703213634812418,0.0354233789187115,0.03657675875889248,-0.0011533798401809764,-0.0050696553623449,0.05281075989881202,-0.05788041526115692,-0.0039219454212772,0.04321059877731692,-0.047132544198594126,0.0517597644001603,0.034286613144063734,0.017473151256096567,0.0774064537843928,0.05631896082444202,0.021087492959950778,0.0504124872655725,0.040822931519170734,0.009589555746401766,0.0590448632067802,0.04422323936132946,0.014821623845450743,0.0712103697879453,0.028450355663438336,0.042760014124506966,0.00442984798882,0.02089154568383106,-0.01646169769501106,0.0505193435164511,0.052933397279787735,-0.0024140537633366363,0.0135733154485298,0.031193642956890203,-0.0176203275083604,-0.0318712143065542,0.025775106783454352,-0.05764632109000856,0.0425753234155809,0.03667736541024742,0.0058979580053334785,0.036749146981261,0.05396074923909571,-0.01721160225783471,0.0568210576540665,0.03753534985894166,0.019285707795124833,0.0437161320319141,0.041999344868830446,0.001716787163083655,0.0329879665316066,0.021612160566764398,0.011375805964842202,0.0174586542412384,0.03664452956732979,-0.019185875326091388
2012-07-01,-0.0110292496462158,0.00573995214689056,-0.01676920179310636,0.0237228281584973,0.013675880435803265,0.010046947722694035,0.0273587342346622,0.0010264002190524624,0.026332334015609735,-0.0078939875062311,-0.004196492672296042,-0.003697494833935058,0.0030338437173881,0.005677601233025909,-0.0026437575156378094,0.0081573535174836,0.01641128525259821,-0.00825393173511461,0.0094427232176606,0.0024135612217428912,0.0070291619959177085,0.0420835855975663,0.005975744643953724,0.03610784095361258,-0.0351277981639007,0.008169623813736267,-0.04329742197763697,-0.029687257909138,-0.0029178669638333663,-0.026769390945304634,-0.0110985849428266,-0.00323347297147552,-0.00786511197135108,0.0359960308224625,0.011329039754292924,0.024666991068169573,0.0515821265089293,-0.005027186533663737,0.056609313042593035,0.0266053070629972,0.019866695607299166,0.006738611455698033,-0.1227521320062975,0.005104503843481082,-0.12785663584977858,-0.0147207017246336,0.009056199650747398,-0.023776901375381,-0.0371477318486374,-0.006505486585989573,-0.030642245262647826,-0.0354334781163074,0.0058872470083444674,-0.04132072512465187,-0.0004415546737628,0.0026222530486811374,-0.0030638077224439376,0.0110459171633986,0.0011163145730747302,0.00992960259032387,0.0038416051489495,0.006808601134804666,-0.0029669959858551658,-0.0515755403747236,0.001862928384693517,-0.05343846875941712,-0.053375349547062,-0.0015856667125411263,-0.05178968283452087,0.0306835253719237,-0.0021183758641874113,0.03280190123611111,0.0438428081290773,0.00835664660802188,0.03548616152105542,-0.0688632826740062,0.011090556211258892,-0.07995383888526508,-0.0153350770004962,-0.009217758310405338,-0.006117318690090861,0.0709237046057324,-0.003748663569943649,0.07467236817567605,-0.0507094400119638,0.009747677514665813,-0.06045711752662961,0.0270281331753129,0.012556132073067112,0.014472001102245786,-0.0532946852644965,-0.0030852197640832174,-0.05020946550041328,0.0085483862550425,0.004125455274598751,0.00442293098044375,0.0011937236430186,0.004197051569613109,-0.0030033279265945087,0.0330333774562928,0.010865938088015755,0.022167439368277045,0.0208282664996006,0.002015605182211266,0.01881266131738933
2012-08-01,0.0135924138919552,0.03403412968895372,-0.020441715796998515,-0.0323950376699535,0.01697716417122648,-0.04937220184117998,0.0904250995725595,0.007568832497773593,0.0828562670747859,0.0356982921211927,0.04865794899300228,-0.012959656871809576,0.0416603962674285,0.04477832062926787,-0.003117924361839372,0.039888286956225,0.029827578204282345,0.010060708751942652,0.0185834802793566,0.023204977085827635,-0.004621496806471035,0.000797083091742,0.011703970794516858,-0.010906887702774858,0.0950030661248362,0.028804648926937924,0.06619841719789826,0.0901170283953814,0.033536535295128324,0.05658049310025307,0.058223802547941,0.03571702292194258,0.022506779625998424,0.0307931280868234,-0.0006104961836643742,0.031403624270487776,0.0379146901985978,0.034707261573830986,0.003207428624766813,0.0583380757624191,0.02891028812113421,0.029427787641284894,0.1042665640909049,0.04839263375084609,0.05587393034005881,0.0372154673182483,0.0024796373767074563,0.03473582994154084,0.024443051475869,0.02014107567657037,0.00430197579929863,0.0632244300340504,0.027811109941231142,0.03541332009281926,0.0445753688764311,0.035056816172355496,0.009518552704075603,0.0374817913711984,0.026229682843938652,0.011252108527259747,0.0159070789406847,0.01711738585381202,-0.0012103069131273216,0.0081117528464618,0.03403712373153074,-0.02592537088506894,0.0343080896990706,0.026873219515678896,0.007434870183391704,0.0283775873735727,0.030178792377206474,-0.001801205003633774,-0.0053322605705356,0.01364999500991185,-0.01898225558044745,0.1638708093104153,0.0012526999548947658,0.16261810935552054,0.0588557736200669,0.04266629792721033,0.016189475692856573,0.0216299547696583,0.01321439990348675,0.008415554866171548,0.0213497111991929,0.011085109938667721,0.010264601260525178,0.0377039371335382,0.021077331810667885,0.016626605322870316,-0.0063943320019884,0.035082003770835,-0.0414763357728234,0.0207750607246406,0.026719005426927376,-0.005943944702286777,-0.0003791647305891,0.0248090034934432,-0.0251881682240323,-0.0284013161544894,0.009528622730157352,-0.037929938884646755,-0.0019855441019259,0.02174535255457413,-0.02373089665650003
2012-09-01,0.0528013398975798,0.03744154362238211,0.015359796275197686,-0.0257097123072465,0.019786487249572125,-0.04549619955681863,-0.0034032403928218,0.018654413950939627,-0.02205765434376143,0.0239037579862975,0.03564513372986541,-0.011741375743567907,0.0417767217856549,0.04090671427873131,0.0008700075069235855,0.0434699689636553,0.02291726392919514,0.020552705034460158,0.0289461451846667,0.02987173956122602,-0.0009255943765593168,0.0436325591408541,0.025509108905316765,0.018123450235537335,0.0009308382386235,0.02864363113280609,-0.02771279289418259,0.0708436349530196,0.03392649760100247,0.036917137352017126,0.0613038789930243,0.03532985048529614,0.02597402850772816,0.0239378968634918,0.013277729376165219,0.01066016748732658,0.0149837235880904,0.034850644824918384,-0.019866921236827983,-0.0120953398123558,0.026004511816113025,-0.03809985162846882,0.0763035329318702,0.038690310116461527,0.03761322281540867,0.0116278980418146,0.018301719364015177,-0.006673821322200577,0.069931123262553,0.032188100050970045,0.03774302321158296,0.0162507088669784,0.03164233304198718,-0.015391624175008778,0.0142257225323522,0.03938366058884014,-0.025157938056487937,0.0111402386900017,0.028266639906668053,-0.01712640121666635,0.0510069933077738,0.025268446583041806,0.025738546724731994,0.0501403162301543,0.0499762882627673,0.00016402796738700098,0.0510849114411599,0.028566496888036814,0.022518414553123083,0.0339400153986456,0.04400133943146703,-0.01006132403282143,0.0452506029287226,0.023598385561457585,0.021652217367265015,0.1181194565718982,0.02188715528671188,0.09623230128518631,0.0379270630655474,0.036372490717941616,0.0015545723476057816,0.0107537149238116,0.019400358690956642,-0.008646643767145043,0.0408445644876063,0.015132537814433683,0.02571202667317262,0.0207406929392883,0.02040036078322906,0.00034033215605924066,0.0624717703310282,0.04153333171935033,0.020938438611677872,0.0182873982594427,0.027957750729843155,-0.009670352470400455,-0.0150781987632465,0.030684920598654856,-0.045763119361901354,0.015911222624113,0.018631194328429208,-0.0027199717043162076,0.0018004803847132,0.02739857851724521,-0.02559809813253201
2012-10-01,-0.0397451990682703,-0.00458700793791785,-0.03515819113035245,,-0.00937248220901073,,-0.0154296776257305,-0.038838527320145214,0.023408849694414716,0.0421447053042718,-0.05325421101001737,0.09539891631428918,0.01787291266941,0.007858026055261919,0.010014886614148082,-0.0436625026820352,-0.02899511947261269,-0.01466738320942251,-0.013730515538273,-0.014145409473265355,0.0004148939349923556,-0.0124207013823653,-0.006611650757632957,-0.005809050624732343,-0.1100757151360258,-0.023032219660157286,-0.08704349547586852,0.0503722126278577,-0.029288171677254473,0.07966038430511217,0.0403192166532592,-0.023504987432033737,0.06382420408529293,0.0159649005255939,-0.0158766534224694,0.0318415539480633,0.0191170864852486,-0.031615816108262286,0.05073290259351089,-0.0805858872795407,-0.03658285148931495,-0.044003035790225756,0.0343518507821759,-0.028478748561024163,0.06283059934320007,0.0040208315234754,-0.0007122949744397804,0.00473312649791518,-0.0402946426950081,-0.007271466978529991,-0.03302317571647811,0.0343027849432504,0.001842711469337009,0.03246007347391339,-0.0034407334788542,-0.017492969418785892,0.014052235939931691,-0.0213231877048968,-0.026238172989459824,0.004914985284563023,-0.0310431980818345,-0.01537111892926288,-0.01567207915257162,0.0570705911852388,8.868565031617112e-05,0.056981905534922626,0.0268892211691829,-0.019846098642029866,0.04673531981121277,-0.013618018316081,0.013139911603207672,-0.026757929919288673,0.0025786555624969,-0.004566786540695883,0.0071454421031927826,-0.0152641392107017,0.005011744839685931,-0.020275884050387633,0.0097814802540966,-0.02349334748367825,0.03327482773777485,0.0067266535039733,-0.027499006195800608,0.03422565969977391,-0.0610795174609142,-0.022202801376264403,-0.0388767160846498,-0.0056453545365705,-0.031163422698577182,0.025518068162006684,-0.0445289106343586,-0.017245332664983265,-0.027283577969375333,0.0088068269029246,-0.011945200256805009,0.02075202715972961,0.0207147237811102,-0.018487263722799768,0.03920198750390997,0.0103622791465109,-0.002229321494413851,0.01259160064092475,0.0205933295729742,-0.013475939313739199,0.0340692688867134
2012-11-01,0.0144139796026129,0.004455837751068252,0.009958141851544648,,0.008593350351357273,,0.0391335716651625,0.01542854392811258,0.02370502773704992,0.0319065335063587,0.013680887557587732,0.018225645948770967,0.0020010497652101,-0.003994326366570809,0.005995376131780909,0.0142121852952934,0.007547223715189892,0.006664961580103507,0.0133757213563159,0.0047839135135229575,0.008591807842792943,-0.0089531210147454,0.008633500601007878,-0.01758662161575328,0.0438249707369265,0.005375326890353316,0.03844964384657318,-0.0153963882908961,0.010346224057510843,-0.02574261234840694,0.0419241751966705,0.007887646071649004,0.034036529125021496,0.0123254752720314,0.010415000282463335,0.0019104749895680652,0.0592706324929623,0.012345283064478718,0.04692534942848358,-0.0008280807731586,0.017314970470464746,-0.018143051243623348,0.0122123851640864,0.010393862866496469,0.0018185222975899314,0.0359126659844161,0.010259897405131056,0.025652768579285043,0.0167594952092258,0.009243058282305601,0.007516436926920198,0.001075299933442,0.00403147145584157,-0.0029561715223995703,0.0219666917857446,0.010807644296142463,0.011159047489602138,0.0546792897042181,0.012161007914412391,0.04251828178980571,0.010844957376357,0.010381241096211444,0.0004637162801455555,0.0356175488838356,0.01046256174905712,0.02515498713477848,0.0261285702094716,0.006568297100857494,0.019560273108614107,-0.0171271867514114,0.0007716910500602757,-0.017898877801471678,0.0067386469085679,0.012184852664538497,-0.005446205755970597,-0.1135011874735329,0.016579554128943932,-0.13008074160247682,0.0094643647665888,0.003218655460993045,0.006245709305595756,0.0385721659368055,0.006596052463891587,0.03197611347291391,0.0268444545694527,0.01084028105422239,0.01600417351523031,0.0226573289107509,0.01333887156755319,0.009318457343197709,0.0118686945253066,0.005561554022362011,0.006307140502944588,-0.0073572620314489,0.004808020800424507,-0.012165282831873406,0.0207942173480644,0.007336929515920568,0.013457287832143831,-0.0264273361061855,0.008191741461783602,-0.0346190775679691,0.013467326850305,0.00930584898076046,0.004161477869544541
2012-12-01,0.0137267419329982,0.03076471840925221,-0.01703797647625401,0.0238529649454206,0.006670596350788864,0.017182368594631736,0.0129991721358962,-0.0047644210356922725,0.017763593171588474,0.0782055509582303,0.020143281289890857,0.05806226966833944,0.0491170181241818,0.0432250079394315,0.0058920101847503015,0.0173752431389541,0.0016522289571459295,0.01572301418180817,0.0655098627410139,0.019527562793573598,0.04598229994744031,0.0113262114557828,0.008432645810878794,0.002893565644904006,0.0599756722232917,0.011995392729018207,0.04798027949427349,0.0513001466414853,0.02593902927239256,0.02536111736909274,0.0225655092926889,0.030484381008182723,-0.007918871715493825,-0.0185769690777605,-0.00801722435952537,-0.010559744718235132,0.0406541756697851,0.021993121860080272,0.01866105380970483,-0.0405922259648523,0.0001846404461158287,-0.04077686641096813,0.0409123921255548,0.02343490051717781,0.017477491608376992,-0.0109102823612348,0.0026067420433358393,-0.013517024404570638,0.0349129007408964,0.01928578166078736,0.015627119080109043,0.0160812560019355,0.02696824312835097,-0.010886987126415473,0.0419108298792521,0.027055854852055652,0.014854975027196446,0.0386653523208719,0.011459136564922957,0.02720621575594894,0.002925218386559,0.0035612542243233986,-0.0006360358377643987,0.0719205346403714,0.03352325746875723,0.038397277171614175,0.0304576694296511,0.01949314223656027,0.01096452719309083,0.0041064827231905,0.044400531258967,-0.0402940485357765,-0.0166172919587833,0.005823248990431472,-0.02244054094921477,-0.0137013518986456,0.0028726939101999314,-0.01657404580884553,0.0341119449814124,0.03783868850950829,-0.003726743528095891,-0.0299577949245791,0.009361541738541122,-0.03931933666312022,0.0199456480095478,0.00016824102214610788,0.019777406987401693,-0.0307493499590333,-0.0020446824416450824,-0.02870466751738822,0.0851309979842698,0.03306952290494823,0.05206147507932157,0.0363007301434713,0.018834501798576726,0.017466228344894575,0.0132106296980937,0.015288715850750447,-0.0020780861526567464,0.0124675593934961,0.006059918040423567,0.0064076413530725325,0.0257795450984237,0.01840956339388869,0.007369981704535011
2013-01-01,0.0448789939121829,0.06538999399483666,-0.020511000082653767,0.0624313304455641,0.03817602945788684,0.02425530098767726,0.0224433432945546,0.045238437382639676,-0.022795094088085076,0.0440465645855636,0.08151996639448723,-0.03747340180892363,0.0391372453464548,0.06850617795705778,-0.02936893261060298,0.0608224275237285,0.056247477960493536,0.004574949563234967,0.0523410688867612,0.05602431943386995,-0.003683250547108753,0.0430948065082307,0.04720895185881942,-0.004114145350588717,0.0886330859865572,0.06129400596704498,0.02733908001951222,0.1162971724170558,0.06520247092198536,0.051094701495070435,0.0777234236614273,0.06557548086862605,0.01214794279280125,0.0848170161493782,0.029608298119945774,0.055208718029432426,0.0597925864037364,0.0701318780172437,-0.010339291613507301,-0.0578333414749527,0.06055863958980937,-0.11839198106476206,0.1802173518761357,0.08045260364787327,0.09976474822826242,0.072684043948299,0.03112081439585536,0.04156322955244364,0.0752083659349325,0.05801349866320685,0.01719486727172566,0.0714837897111523,0.0528975149440169,0.018586274767135397,0.0734677415137185,0.07277467270172357,0.0006930688119949346,0.079079723997227,0.05907313329047997,0.020006590706747027,0.0809681411898205,0.052847631113500146,0.028120510076320354,0.0312316074864336,0.0862751828938778,-0.0550435754074442,0.0845642831126866,0.05570370756554119,0.02886057554714541,0.0655670906194366,0.06711600258587744,-0.001548911966440844,0.0681797819861833,0.043737148023697305,0.024442633962485992,-0.0958741095906486,0.034021622924928385,-0.12989573251557698,0.0563057114200652,0.06773773459226416,-0.011432023172198963,0.0288335184757715,0.04095436326776251,-0.012120844791991006,0.0508054307770099,0.033282719090630616,0.017522711686379283,0.0562752795930331,0.049376274933166396,0.006899004659866703,0.0204577592954481,0.07577159408336703,-0.05531383478791893,0.0759834819173972,0.05317730077261041,0.022806181144786795,0.0780873600494607,0.06073678688584218,0.017350573163618516,0.0442810744461497,0.03276338102859663,0.011517693417553064,0.0775312887825164,0.04951229143849894,0.028018997344017464
2013-02-01,0.0440966486418857,0.014327994550980615,0.029768654090905084,0.0048696935067661,0.011092380868905285,-0.006222687362139185,0.0111738360116971,0.006732445332052638,0.004441390679644461,-0.0073657985093721,0.0172895346635954,-0.0246553331729675,0.0002985674310737,0.01511349513382661,-0.01481492770275291,0.0140111932215189,0.014295790649048512,-0.0002845974275296117,-0.0302126431791179,0.009383743036104,-0.0395963862152219,0.0266302595703152,0.010112855715287125,0.016517403855028076,0.0257839469726665,0.012259092280391272,0.01352485469227523,-0.0487602309643768,0.012036491640828064,-0.06079672260520487,0.0200003622106351,0.012115511970683696,0.007884850239951405,0.0279757380081394,0.00570331883733529,0.02227241917080411,0.0311843018562294,0.014467122749499513,0.016717179106729887,-0.005116064714701,0.017493153413765082,-0.022609218128466082,-0.0139500234368228,0.020786448716628714,-0.03473647215345151,0.0463819428926918,0.008223121094981056,0.03815882179771074,0.0073424129174138,0.012315251778474751,-0.004972838861060951,0.0035881501859863,0.012751289123583153,-0.009163138937596852,-0.0107584337312658,0.01633175323262679,-0.02709018696389259,0.0037016986636163,0.013598137269292083,-0.009896438605675783,-0.0118217768218243,0.012901368906905476,-0.024723145728729776,-0.1009386194305941,0.019912158629031052,-0.12085077805962514,0.0642352570656825,0.010395345038975979,0.05383991202670653,-0.0031686793011309,0.01211682655908116,-0.015285505860212061,0.0211050351854305,0.013462479852177904,0.0076425553332525945,-0.0824149421181823,0.012403073012264957,-0.09481801513044726,0.0608505081751973,0.011237356743286023,0.04961315143191128,0.0805653409343215,0.0037160034525070278,0.07684933748181447,0.0064288478359724,0.007618114556494248,-0.0011892667205218475,0.0040354911970765,0.013066272934696631,-0.009030781737620132,-0.0237711866169731,0.012695408631661883,-0.036466595248634985,0.0122945522644601,0.011321493058520166,0.0009730592059399336,0.0265752544258628,0.011772725701202432,0.014802528724660367,0.0163631537166516,0.009128495294020196,0.007234658422631405,0.0269807000145497,0.010721641285401288,0.016259058729148415
2013-03-01,0.0236923571016625,0.04358771399346481,-0.019895356891802312,0.0612815945251949,0.031107870601336372,0.03017372392385853,0.0365602005352248,0.0506146375677379,-0.0140544370325131,0.0607170130152791,0.06099162806286327,-0.0002746150475841716,0.0251526032738267,0.03342066236845177,-0.008268059094625073,0.0219092309411385,0.038620794804112415,-0.016711563862973917,0.0116566458760426,0.04275723269194441,-0.03110058681590181,0.0438841715459391,0.03796400755059038,0.005920163995348719,0.0527461237146335,0.04279800681347566,0.009948116901157836,0.065643807741458,0.05416682694294543,0.011476980798512573,0.0393695006893421,0.05110283454305003,-0.01173333385370793,0.0224905436257881,0.03375054904416204,-0.01126000541837394,0.0002813525595498,0.05430126640929131,-0.05401991384974151,0.0188538773582049,0.05303293909891262,-0.03417906174070772,0.0844544479827812,0.05081527258443632,0.033639175398344885,0.0756467599567102,0.03043294560438932,0.045213814352320886,0.0636505789300243,0.04076698265307503,0.022883596276949275,0.0453437600476309,0.034244685042456396,0.011099075005174507,0.0084591308102067,0.05418532799661862,-0.04572619718641192,0.0113693166985131,0.04590012085481128,-0.03453080415629818,0.0402405149706361,0.038917565006586656,0.0013229499640494413,-0.0439648300366399,0.05791867104643756,-0.10188350108307746,0.1007339536001619,0.041598258033348046,0.05913569556681385,0.0158140899599734,0.04331148227590403,-0.027497392315930628,0.0743970684427699,0.033625591411233974,0.04077147703153593,0.0075764972316992,0.03485258448734097,-0.027276087255641773,0.0443424432429487,0.04650999641312307,-0.0021675531701743703,0.0770701927183557,0.04026552432350708,0.036804668394848625,0.0513919160932587,0.0353155635220571,0.016076352571201602,0.0386168530559565,0.04231468950816533,-0.003697836452208829,0.0236721500866374,0.05525596572851529,-0.031583815641877885,0.0235892294261623,0.036481594416267644,-0.012892364990105345,0.0266414721918938,0.045552544285898576,-0.018911072094004777,0.0487915478329172,0.02830693086646551,0.020484616966451687,0.030370283856891,0.04111881578952569,-0.01074853193263469
2013-04-01,-0.0150222792166046,0.016882644538994334,-0.03190492375559893,0.0513020963017638,0.017419233318050713,0.03388286298371308,0.0856957270241223,0.0066731360300091485,0.07902259099411316,0.0290357116206326,0.008121650025620455,0.020914061595012145,0.0145450640144562,0.018493637365636795,-0.003948573351180595,0.0280419248857276,0.021663369337958163,0.0063785555477694385,0.0324043990184134,0.011911388448655257,0.020493010569758146,0.0349432131891406,0.013227021474739056,0.021716191714401544,-0.0092517896278088,0.016708058342017898,-0.0259598479698267,-0.0229545932290476,0.0081510140766281,-0.0311056073056757,-0.0324070337704142,0.008441203770933728,-0.04084823754134793,0.0136106761654899,0.01361161867766389,-9.425121739892878e-07,0.0018424949281885,0.006889152771276391,-0.005046657843087891,0.0016444436815558,0.024465339423673436,-0.022820895742117635,0.0417848121906902,0.016945751899073137,0.02483906029161706,0.0158135979816329,0.012948448145466081,0.002865149836166817,0.0277778474972999,0.004988816741101158,0.022789030756198744,0.0327114232354214,0.014958752844062118,0.017752670391359283,-0.0105180768048822,0.014620466550343774,-0.025138543355225973,-0.0071978113364164,0.00996394668799872,-0.017161758024415122,-0.0067516451849882,0.01407066839819893,-0.02082231358318713,-0.0695437283755607,0.01766045362208262,-0.08720418199764332,-0.0279897357706533,0.008008857408498587,-0.03599859317915188,-0.0082243471953276,0.01243224260829383,-0.02065658980362143,0.0454989109213725,0.014153448000910672,0.03134546292046183,-0.264296498688505,0.015096411099891502,-0.27939290978839654,0.0080049737600652,0.004184214313273902,0.0038207594467912984,0.0526497663509969,0.0032445304892228027,0.049405235861774095,0.0333295358856332,0.012562521787922637,0.020767014097710562,0.0255708736838769,0.016934355236790523,0.008636518447086378,-0.0004204512956437,0.011090211235108439,-0.011510662530752138,0.0375046034549226,0.012645041398532392,0.024859562056390207,-0.0030859666473484,0.013703455455792733,-0.016789422103141133,0.0461752799363633,0.01466091678223949,0.03151436315412381,0.0012952230796949,0.010068815603598487,-0.008773592523903587
2013-05-01,0.0529590278824895,0.045315849413608306,0.007643178468881191,-0.0071109082138393,0.016288849509817075,-0.023399757723656375,0.0061037622236765,0.00771226594592098,-0.0016085037222444802,0.1296495794836905,0.059679335675871886,0.0699702438078186,0.0494761182342104,0.06042426527255451,-0.010948147038344111,0.0344457052049135,0.026432759782869505,0.008012945422043997,0.0395307786900555,0.03192490836076525,0.0076058703292902485,-0.0423588512067134,0.012561367969333598,-0.054920219176046996,0.126101588400575,0.03219536096175308,0.09390622743882193,0.0072128175666387,0.04762747328268685,-0.04041465571604815,0.0503965042405936,0.05146156154146399,-0.0010650573008703854,-0.0009435159640561,-0.005956618519918921,0.005013102555862821,0.0499400638977528,0.04554568844777841,0.00439437544997439,0.0337708291294847,0.025009093567281194,0.008761735562203509,0.0384677519526729,0.05528191590139868,-0.01681416394872578,-0.031668951261733,0.00024343682572208498,-0.031912388087455085,0.0200544656245564,0.026964530458178294,-0.006910064833621894,0.0494958573020251,0.03678481895738191,0.01271103834464319,0.0638317827163012,0.04556517786245076,0.01826660485385044,0.0429403364439421,0.03013285880623458,0.01280747763770752,0.0383200479668503,0.014657889883578946,0.02366215808327135,0.0089485208392556,0.04401342043721464,-0.03506489959795904,0.0782844675557936,0.036111757591530576,0.042172709964263026,0.0206733091847612,0.048601765568222634,-0.027928456383461434,0.0089982951100066,0.011053838581171758,-0.002055543471165159,0.0429782192303851,-0.0032359124998595024,0.0462141317302446,-0.0133686430810566,0.0630039705640125,-0.0763726136450691,-0.0228001635222312,0.021297610985462383,-0.04409777450769359,-0.0111049695096383,0.010619759415178863,-0.021724728924817163,0.0241784410079748,0.017400578086152755,0.006777862921822045,0.0348216325833159,0.050882474349942815,-0.016060841766626914,-0.0022316958142189,0.03350567922002265,-0.03573737503424155,0.0275279719964619,0.0303469258313245,-0.0028189538348625982,-0.0780692678048102,0.008730956689999486,-0.08680022449480969,0.0292495432873831,0.02956736604944676,-0.00031782276206366103
2013-06-01,0.0053144171136364,-0.012409786446713162,0.017724203560349563,-0.0188684723385387,-0.008323398958752065,-0.010545073379786636,0.0044866962721837,-0.011591804050737304,0.016078500322921005,0.0198563606693517,-0.005650483973080825,0.025506844642432525,-0.0189112953388018,-0.013644941839068399,-0.005266353499733402,-0.0241832682764264,-0.015331013930920637,-0.008852254345505763,-0.0495477278424174,-0.014725535893129223,-0.03482219194928818,-0.0093530615434091,-0.013098748507470441,0.003745686964061341,0.0039160270756734,-0.016928138327870653,0.020844165403544054,-0.0733384543415305,-0.007310151785378428,-0.06602830255615207,-0.0430203706756011,-0.007517180891055425,-0.035503189784545676,-0.0043100551016824,-0.013976092736328922,0.009666037634646522,-0.0142498126766331,-0.006041723101891417,-0.008208089574741683,-0.0586072504866552,-0.010754639819268025,-0.04785261066738718,-0.0542844514044547,-0.007831491423089044,-0.04645295998136566,0.0160831785949743,-0.008869304283032746,0.024952482878007047,-0.0104781107561885,-0.007080425335617495,-0.0033976854205710044,0.0180358594278121,-0.008842277761811611,0.02687813718962371,-0.0361330105331625,-0.009790596450704568,-0.02634241408245793,-0.0168269395627268,-0.007256293678231358,-0.009570645884495441,-0.0092655263833397,-0.012163905748036781,0.002898379364697081,-0.1324665915135824,-0.014478930760802918,-0.11798766075277947,-0.0363669943597297,-0.009137324067844895,-0.027229670291884802,-0.0240590628000471,-0.013695580050842671,-0.01036348274920443,-0.0099642952136577,-0.006056141216323833,-0.0039081539973338675,-0.1819983286609666,-0.003893970193073626,-0.17810435846789296,0.0015468273250316,-0.00647508802253716,0.00802191534756876,0.0128326630983142,-0.01117833931913488,0.02401100241744908,0.022622461633147,-0.008132674807417618,0.03075513644056462,9.767744784771138e-06,-0.00993387119038412,0.009943638935168891,-0.0495700844692305,-0.01512796530940312,-0.03444211915982738,-0.0193005968736829,-0.01064871762819206,-0.00865187924549084,-0.0141393869458452,-0.014738253394263453,0.0005988664484182539,-0.003353405513632,-0.008310176239931343,0.004956770726299343,-0.0099923831427528,-0.006624793631912376,-0.0033675895108404236
2013-07-01,0.066469730419989,0.06596338649239415,0.0005063439275948545,0.0369787330665036,0.03799392994583451,-0.0010151968793309096,0.0189821150660254,0.05421800810604103,-0.03523589304001563,0.1010901692976613,0.09693155977003202,0.004158609527629281,0.0604763535256649,0.06539470510211069,-0.004918351576445795,0.0372235782918334,0.0567607872265113,-0.019537208934677905,0.0082452096770658,0.05878413183145155,-0.05053892215438575,0.0334341260456768,0.044309793408828756,-0.010875667363151958,0.0624721745431383,0.0625503337756601,-7.815923252180862e-05,-0.0193609667587681,0.07716710836313459,-0.09652807512190269,0.0474362279646122,0.07612576961302889,-0.028689541648416687,0.0535518781933386,0.02907631976958022,0.02447555842375838,0.0907200531027475,0.07966728988803892,0.011052763214708577,0.0826243342012685,0.06612061993703441,0.01650371426423408,0.0743760487799217,0.08464254832673046,-0.010266499546808763,0.0731852385107424,0.02779940056357598,0.04538583794716643,0.0423070409923915,0.05707275118529487,-0.014765710192903368,0.0626213884815242,0.05179285925061766,0.010828529230906533,0.0604249933557394,0.07728224294750094,-0.01685724959176154,0.0756481992938009,0.06383488243271726,0.01181331686108364,0.0497875428367099,0.049824220064751,-3.667722804109874e-05,0.0243965711730446,0.08153270379170267,-0.057136132618658075,0.0589920852774335,0.06116558660811163,-0.002173501330678132,0.0572239858084267,0.06502944869712599,-0.007805462888699287,0.0720867121364735,0.039806642706163964,0.03228006943030953,0.0911877640007013,0.028919009838383622,0.06226875416231768,0.0477557062464675,0.07949945058637511,-0.03174374433990761,-0.0396196039575129,0.050194413586150045,-0.08981401754366294,0.0375320898942061,0.03852874410330491,-0.0009966542090988073,0.0559711441443423,0.053111910359214476,0.0028592337851278266,0.0829615282340597,0.08127340408271022,0.0016881241513494738,0.0311284714591724,0.05465585540601535,-0.02352738394684295,0.0357521617197695,0.06248983800271788,-0.026737676282948382,0.047851186869063,0.030540847461474056,0.017310339407588943,0.0471846429937608,0.054300131974570516,-0.007115488980809714
2013-08-01,-0.0393914349172452,-0.04262700226022641,0.0032355673429812076,-0.0237800545041067,-0.016880429127493005,-0.006899625376613695,-0.0009192279149593,-0.02468677990104259,0.02376755198608329,0.0049112220481052,-0.019027151426642155,0.023938373474747355,-0.0339036276595664,-0.04716908684234908,0.013265459182782678,-0.0102107902466485,-0.016770869047460224,0.006560078800811725,0.0058549758074637,-0.041671419153960665,0.04752639496142436,-0.0401300125644036,-0.03423778142880338,-0.005892231135600223,-0.0700799006594702,-0.03327458202094387,-0.03680531863852633,-0.0536628237441946,-0.033978498589229265,-0.019684325154965335,-0.0351532361209685,-0.03665190625587796,0.001498670134909466,-0.0224845973822282,-0.023334516853285935,0.0008499194710577355,-0.0391100598803778,-0.028943811296861764,-0.010166248583516037,0.0328647808530854,-0.012322229792056126,0.04518701064514152,0.0449819361931987,-0.022278394511406945,0.06726033070460564,-0.0340147117993024,-0.02425927317247315,-0.009755438626829246,-0.0460801105827804,-0.03466146206882672,-0.011418648513953682,-0.0307084332308238,-0.03424821524538131,0.0035397820145575097,0.0020338425075834,-0.03841291344623876,0.04044675595382216,-0.0216526976518696,-0.022118166757004967,0.00046546910513536877,-0.0483167977523826,-0.02516404394382845,-0.023152753808554152,0.0366610595683841,-0.056380485809295895,0.09304154537768,-0.0420343932807509,-0.031092232220246964,-0.010942161060503934,-0.0153176055660181,-0.06264228472983442,0.04732467916381632,-0.0288934313851875,-0.018158599257505178,-0.010734832127682323,0.0949505657601051,-0.019535092159370663,0.11448565791947576,-0.039527647707196,-0.03756117150964978,-0.001966476197546224,-0.0214172344071566,-0.031506127694382415,0.010088893287225814,-0.0245335913136618,-0.015017957235480401,-0.009515634078181397,-0.0452202920481967,-0.01199702142513033,-0.03322327062306637,-0.0424555084678996,-0.05372453933192419,0.011269030864024594,-0.0513530795640079,-0.030388720927306205,-0.020964358636701694,-0.0166242332004439,-0.03755545554827163,0.02093122234782773,-0.0495591818736469,-0.020947975194980466,-0.028611206678666432,-0.0369777350174394,-0.028403773282638507,-0.008573961734800895
2013-09-01,0.0652000402890592,0.03836679348370112,0.026833246805358077,0.038959186798891,0.023937500923263834,0.015021685875627168,0.0847319658455083,0.043382711705175915,0.04134925414033238,0.073120056402018,0.08913602314360711,-0.016015966741589102,0.0306214715496212,0.03352957482653473,-0.002908103276913529,0.0465316146780155,0.042422375775160476,0.004109238902855021,0.0543028427598029,0.034986112635236,0.019316730124566896,0.0482819511134836,0.020911009746533163,0.027370941366950438,0.0179735055787158,0.04124611953366536,-0.023272613954949558,0.0894254698601389,0.061162540038377525,0.028262929821761373,0.0708766071375997,0.058028527002864386,0.012848080134735318,0.0133341515563327,0.013742775394602048,-0.00040862383826934835,0.0837704822905245,0.06452471646283657,0.01924576582768793,0.0148854774059484,0.05467034871741359,-0.039784871311465186,0.1171132312065115,0.06753354435760202,0.04957968684890948,0.0008317633393335,0.009550118158476527,-0.008718354819143027,0.0171668357143251,0.034571907116787044,-0.017405071402461943,0.0373922255556973,0.02817977119667504,0.009212454359022262,0.0624479704641807,0.05328875733582059,0.009159213128360107,0.0675247150268886,0.049780915253231264,0.017743799773657337,0.0178697152403405,0.030259906974220686,-0.012390191733880188,0.034725689646554,0.04233249033301857,-0.00760680068646457,0.0462880251362843,0.04415322502571165,0.0021348001105726475,0.0226749594434904,0.02684790913345601,-0.004172949689965611,0.0401315955242987,0.022712681549412736,0.017418913974885965,-0.0928188297076756,0.010198355327123793,-0.1030171850347994,0.0584598150692715,0.062499385017880923,-0.004039569948609427,0.0391357678160154,0.037428950144680985,0.001706817671334418,0.0405612726604543,0.029709552012276208,0.01085172064817809,0.0505500894728279,0.04322527036252656,0.007324819110301341,0.0663870121946634,0.051744784599900236,0.01464222759476317,0.0412628520713936,0.035274783997322465,0.005988068074071137,0.0487407999419892,0.03942577235401927,0.009315027587969933,0.0155824085771891,0.014178405324032172,0.0014040032531569269,0.0548942172032062,0.03762522674647245,0.017268990456733746
2013-10-01,0.0653750515592196,0.050782528109970825,0.01459252344924878,0.0232493406901771,0.0404101131445244,-0.017160772454347297,0.0247289049999926,0.05209536812045203,-0.027366463120459435,-0.0068147601480059,0.043502653445565025,-0.05031741359357093,0.0324806119034566,0.041431035062151476,-0.008950423158694876,0.0603467603374708,0.042820921157837935,0.017525839179632866,0.0294445152130447,0.05078443619408421,-0.02133992098103951,0.0580601348421998,0.041077725560067474,0.01698240928213233,0.0191543372214885,0.04729747767632988,-0.028143140454841377,0.0252750234382907,0.05491357096600869,-0.029638547527717992,0.0493199062252835,0.05259888112106653,-0.003278974895783035,0.0683874991921336,0.046199584702188434,0.02218791448994517,0.044133241844846,0.04206138802050142,0.002071853824344584,0.0679784101309571,0.05988208400571983,0.008096326125237266,0.0343496790097335,0.03681053674596952,-0.0024608577362360204,0.0568920709727351,0.037484104211655496,0.0194079667610796,0.068996559954729,0.024692188878650625,0.044304371076078375,0.0361115262033211,0.03985269130623129,-0.003741165102910192,0.0268923380763696,0.0528169749067244,-0.0259246368303548,0.0370476674631325,0.03617170093794915,0.0008759665251833471,0.0533307915360867,0.03265235841213368,0.020678433123953018,0.0111888633878867,0.05085768318750104,-0.03966881979961434,0.0570882692698956,0.03952637343458785,0.017561895835307754,0.0404659074010755,0.05222605861918576,-0.011760151218110255,0.0294011175883324,0.027944566339315944,0.0014565512490164571,0.0017214275563262,0.036012742444153374,-0.034291314887827176,0.0645008071677804,0.042816749482431984,0.02168405768534841,0.0788347355883713,0.046536198844810396,0.0322985367435609,0.0398973990126449,0.04558309964855855,-0.00568570063591365,0.0446509444782394,0.043224328403552066,0.0014266160746873313,0.1117793773959542,0.058581410893698935,0.053197966502255264,0.044632179819154,0.03874575125596091,0.005886428563193095,0.0636605420564695,0.04829141755598524,0.015369124500484256,0.0358250216270708,0.036969697955970014,-0.0011446763288992176,0.0563095527738634,0.043661157591991163,0.01264839518187224
2013-11-01,0.0351324734491317,0.03649336656823921,-0.0013608931191075105,0.0277145716327699,0.02354958370715229,0.004164987925617609,0.0531311573497202,0.036857147525182765,0.016274009824537437,-0.0086051967216631,0.05774380361016657,-0.06634900033182967,0.0440640585731993,0.03146558683857615,0.012598471734623147,0.034739611287786,0.03070093424710459,0.0040386770406814106,0.0130211988945528,0.03381380523572922,-0.020792606341176426,0.0064542996803167,0.023879551753493804,-0.017425252073177105,0.0241901735248266,0.03368012076537792,-0.00948994724055132,0.0299342015394795,0.04914290706217223,-0.019208705522692732,0.0218732694471019,0.047256622182948266,-0.025383352735846364,0.040979499239514,0.01947408027703184,0.021505418962482162,0.0314439504673005,0.047027824096347134,-0.015583873629046632,0.050890326446286,0.042709299471425,0.008181026974860998,0.0254339314789233,0.04519267565403827,-0.01975874417511497,7.458197980702146e-05,0.017080300500109544,-0.017005718520302523,0.0502476750562915,0.02834706551514097,0.02190060954115053,0.0575296215396959,0.02823057670627549,0.029299044833420412,0.0219746327660852,0.04487961978518482,-0.022904987019099623,0.0229475111765127,0.03659289199090366,-0.01364538081439096,0.0234692711099852,0.02495528925877052,-0.0014860181487853195,-0.0562948958869883,0.04087759174805751,-0.09717248763504581,0.0585569518089531,0.03532280116874722,0.023234150640205883,0.0103942317642406,0.03430902416330834,-0.02391479239906774,0.0505654740425818,0.020967705337877098,0.0295977687047047,-0.1059615059577631,0.018376411716616095,-0.1243379176743792,0.0189980037218214,0.04696691025937865,-0.02796890653755725,0.0412783304607871,0.033189447815742325,0.008088882645044773,0.0301686632719214,0.027538674466799144,0.002629988805122257,0.0315157130771108,0.0325604262378977,-0.0010447131607869004,0.0090319089073966,0.04625568960400002,-0.03722378069660342,0.0073235789406028,0.0300543809446692,-0.022730802004066398,0.0527134868900548,0.03475858288545981,0.017954904004594985,-0.0150885591582546,0.01861140020797849,-0.03369995936623309,0.0323544207411655,0.03383514426696472,-0.00148072352579922
2013-12-01,0.0447732404831132,0.029972654975964273,0.014800585507148929,-0.0045562207681101,0.021686359971242786,-0.026242580739352886,0.0083411119787001,0.020872414041749866,-0.012531302063049766,-0.0010123298322902,0.04326993673874705,-0.04428226657103725,0.0209722997307201,0.031176937003375586,-0.010204637272655488,0.0512670603110843,0.03336314387482922,0.01790391643625508,0.0468740982291074,0.02403145641202743,0.022842641817079973,0.0273519075276858,0.01990074606057552,0.007451161467110279,0.0435424948150689,0.030405190431166237,0.013137304383902666,0.0760443579800186,0.03061939475164651,0.04542496322837209,0.050519081977889,0.03018914496980109,0.020329937008087908,-0.0137310825129273,0.01408179650390979,-0.02781287901683709,0.0409197984380669,0.033066755983985355,0.007853042454081548,0.0264817535565106,0.03774793718095563,-0.011266183624445026,0.0826225593393946,0.04298086795360947,0.039641691385785126,0.0292558247681126,0.013466661792459814,0.015789162975652787,0.0163057307447379,0.02236466818180522,-0.00605893743706732,0.0177581736762759,0.024316761049529366,-0.0065585873732534675,0.0492113434907658,0.03413367614337153,0.015077667347394269,0.0545670705447554,0.029113728848974202,0.0254533416957812,0.0116743586003969,0.02517534437896151,-0.01350098577856461,0.0830569986275069,0.0357243528431959,0.047332645784311,0.0327556820800784,0.02524310393304111,0.0075125781470372875,0.0326676177780613,0.023905224236636158,0.008762393541425141,0.0055972050848011,0.021531372276926843,-0.01593416719212574,-0.0052732770560294,0.015601710934661426,-0.020874987990690826,0.0403316270988257,0.030227708075068523,0.010103919023757176,0.026065955153956,0.016659457428357137,0.009406497725598862,-0.0112480469337833,0.018822248169886875,-0.030070295103670173,0.0039101126595248,0.029060061924044683,-0.025149949264519883,0.050412406982496,0.03154964240934232,0.01886276457315368,0.0171213503658956,0.025178253752230345,-0.008056903386334746,0.0311187888440408,0.027669019420842565,0.0034497694231982352,0.0186961563484152,0.016309956668808943,0.0023861996796062587,0.0224659172213984,0.022905328817037246,-0.00043941159563884447
2014-01-01,-0.065019062614529,-0.046570775518524996,-0.018448287096004004,-0.0512160867440813,-0.03100750036185017,-0.020208586382231126,-0.0633142435316743,-0.060414577700868985,-0.002899665830805309,0.007242593260097,-0.022430355144051083,0.02967294840414808,-0.0471736943921817,-0.03250974851692051,-0.014663945875261188,0.0009311192654045,-0.023617966224247482,0.024549085489651984,-0.0313040208708571,-0.05676929235106204,0.025465271480204943,-0.0245236713781736,-0.044083785055948344,0.019560113677774743,-0.0039739733249046,-0.04135347410334684,0.03737950077844224,0.0060845627017914,-0.053973174095060965,0.06005773679685236,-0.0488905300031665,-0.051587717523595984,0.002697187520429481,-0.0704544185064784,-0.053568380220323585,-0.01688603828615482,-0.0155151760860632,-0.0336394393005089,0.018124263214445702,-0.0599862197178947,-0.038033955330595365,-0.021952264387299338,0.0243097514253132,-0.008530328978249613,0.032840080403562816,-0.0353465905674398,-0.040632003418562906,0.005285412851123106,-0.0223407442312768,-0.0233483611859933,0.0010076169547164997,-0.0616200652762396,-0.03434752501863644,-0.02727254025760316,-0.0512490939545336,-0.04552549211899561,-0.005723601835537988,0.003757034637511,-0.025643396910759092,0.029400431548270094,-0.0022187231021411,-0.024469809314668512,0.022251086212527412,-0.0329787035603393,-0.046504775100103785,0.013526071539764484,-0.0284397194651717,-0.037974018699554635,0.009534299234382936,-0.0648094263203329,-0.06334742636875301,-0.0014619999515798898,0.0300351570162779,-0.016613521368990986,0.046648678385268885,0.0697956477234439,-0.032023104395875884,0.10181875211931979,-0.00327926609353,-0.04083617839829423,0.03755691230476423,-0.1632627174618096,-0.060055253388294046,-0.10320746407351555,-0.0512025982901948,-0.043969590336738085,-0.007233007953456716,-0.0760938677555116,-0.028419453262607898,-0.047674414492903695,-0.070480673097324,-0.06469358307392827,-0.005787090023395738,-0.010733081720962,-0.03375643419697974,0.02302335247601774,-0.0325472633688556,-0.047873956338734404,0.015326692969878805,0.0157969811635106,-0.03453581744144786,0.050332798604958456,-0.0176525420996377,-0.04241251212535819,0.024759970025720487
2014-02-01,0.034798198848865,0.04987754232812539,-0.01507934347926039,0.0073430569722608,0.03457954945856932,-0.027236492486308522,0.0631251619018333,0.04440123935049447,0.018723922551338833,0.0944939998096912,0.07997855878423117,0.014515441025460027,0.0364925700260721,0.04842581777378786,-0.011933247747715765,0.0418311200167145,0.05468024269400964,-0.012849122677295141,0.082937158496167,0.04439405001623674,0.038543108479930255,0.0006791733457736,0.03281887752947957,-0.032139704183705965,0.0113978535985593,0.052627119614576855,-0.041229266016017556,0.0629524623825464,0.059361183668131916,0.0035912787144144823,0.0615257643439134,0.05751329179021208,0.004012472553701324,0.030576590301717,0.02615574748926511,0.004420842812451888,0.0564949173140024,0.06060332424351745,-0.00410840692951505,0.0535282282435993,0.06376764407508628,-0.010239415831486985,0.088897787508127,0.06997850362423784,0.018919283883889165,0.0351166210947052,0.021000541333692474,0.014116079761012729,0.0587264670428298,0.03674036640106847,0.021986100641761333,0.0401374016184772,0.038545856945855904,0.0015915446726212992,0.060531052238107,0.058858187611622564,0.0016728646264844368,0.0427725159551412,0.050643014417071024,-0.007870498461929824,0.0428937033141623,0.03984606957072907,0.0030476337434332257,0.0235227498346727,0.05580381353281199,-0.03228106369813929,0.086146736047609,0.04637288631430325,0.03977384973330575,0.0502369790740251,0.040242381345172704,0.009994597728852396,0.0631117370496617,0.03109877676736843,0.03201296028229328,0.089220071051599,0.020764872274313062,0.06845519877728594,0.0318586275728743,0.05832672996850539,-0.02646810239563109,0.0406380599675632,0.038171972765847176,0.0024660872017160246,0.0351435595472451,0.035423008459488994,-0.0002794489122438931,0.0506431087109706,0.04963876107344519,0.0010043476375254101,0.0636056374754272,0.058599593601442436,0.005006043873984768,0.0357044051353564,0.0428698760560113,-0.0071654709206549,0.0387641108894885,0.048792454168218896,-0.010028343278730395,0.0284204396206833,0.02538801975780937,0.00303241986287393,0.0443248074449015,0.041203798905110535,0.0031210085397909634
2014-03-01,0.0027358042664575,0.0269385048566329,-0.0242027005901754,0.0313895850427241,0.013620109507658028,0.01776947553506607,-0.0168719706299953,-0.0011903868646882003,-0.015681583765307098,0.0144957694483229,-0.02794468366837478,0.04244045311669768,0.023975559288609,0.031615213702310754,-0.007639654413701753,-0.0276244586356194,-0.008849346571449968,-0.01877511206416943,0.0185652089139834,0.021702855659193627,-0.0031376467452102277,0.0129248545399634,0.014261696594567549,-0.0013368420546041489,0.0226681358543521,0.0044485097271055336,0.018219626127246563,-0.0501253758361485,0.012684186621956136,-0.06280956245810464,-0.01941112035026,0.016684510774303492,-0.03609563112456349,0.0171860009110814,0.014303413645868308,0.0028825872652130935,0.0062029211585591,-0.00724814671336083,0.01345106787191993,0.0271121784270745,-0.002829773598307747,0.02994195202538225,-0.0818815745916805,-0.017538507443681257,-0.06434306714799924,0.0391588157543336,0.019101038914471777,0.020057776839861825,0.0222787715346696,-0.002618527591686527,0.024897299126356125,0.0236231599087462,0.02456467236424938,-0.0009415124555031788,0.002470374763682,0.013419466394794043,-0.010949091631112042,-0.0200846922028519,-0.009761098054303051,-0.010323594148548849,0.0156526789245615,-0.0066587965262602175,0.022311475450821718,-0.0331786107344637,0.019214460364761925,-0.05239307109922563,-0.0012718611207299,0.005942581012615496,-0.007214442133345396,0.0375373474827934,0.0484792958448,-0.010941948362006598,-0.0273066666604703,0.00011431639488054465,-0.027420983055350845,-0.092159624766431,0.017093458672662633,-0.10925308343909362,0.0027739889852992,0.010974240091363711,-0.008200251106064512,0.0529183573567111,0.01271037337738833,0.040207983979322764,0.0231263750407788,0.010675172759469762,0.01245120228130904,-0.0166386145413824,-0.00894882908698131,-0.007689785454401091,0.0479761753423304,0.024122890653738006,0.023853284688592397,0.0064565347096664,0.010785013082246716,-0.004328478372580316,0.0009619979458807,0.010496441909942852,-0.009534443964062153,0.0360629950123636,0.018251026772706104,0.017811968239657493,0.0033277400918026,0.015678212887817743,-0.012350472796015144
2014-04-01,0.0266267670270134,0.000365219708352963,0.026261547318660438,0.036675612411166,0.014077632557761744,0.022597979853404254,-0.0353777659935126,0.00015509783248979572,-0.03553286382600239,0.0003236910141421,-0.040489163852257246,0.040812854866399344,-0.020518023417815,-0.00485608494458764,-0.01566193847322736,-0.0134439842126415,0.0012678437328360534,-0.014711827945477554,0.0121578006432142,0.0011925233420635563,0.010965277301150645,0.0001455752745423,0.006724440621612283,-0.006578865347069984,0.0226584063176132,-0.0025398032094288633,0.025198209527042062,-0.0338693284696345,-0.0131676019568914,-0.0207017265127431,-0.0089793414152279,-0.013518254470129974,0.004538913054902073,0.0284926336422679,0.0219588746828251,0.0065337589594428,-0.034369112886883,-0.02655398229515318,-0.007815130591729818,0.045548429981125,0.009958479699473138,0.035589950281651864,-0.038515314156035,-0.027712855739420072,-0.010802458416614927,-0.0026307968651249,0.01765379766994971,-0.02028459453507461,-0.0198799982196148,-0.021804306931026692,0.0019243087114118908,-0.0110926079446092,0.002212035736948661,-0.013304643681557862,0.0066472733126655,-0.009288741596036335,0.015936014908701834,-0.0298345813659911,-0.01639201649241328,-0.013442564873577822,-0.0286599846928409,-0.004763726821415012,-0.023896257871425887,0.0181566010673876,-0.010425554349852218,0.028582155417239817,0.0041247098152114,-0.012644280192353006,0.016768990007564405,0.0543474013989344,0.0010246617159533253,0.053322739682981075,0.0004842002402552,0.0012179444636148413,-0.0007337442233596413,0.0130002776254501,0.0185828176280401,-0.00558254000259,-0.0196675665392508,-0.027273837555296557,0.007606271016045756,-0.0183063831129226,-0.002743504350748325,-0.015562878762174276,-0.0174105463866665,0.01315275691514654,-0.03056330330181304,-0.0151579264385053,0.0017657877586788333,-0.016923714197184133,0.0038033032543061,-0.010878804801702776,0.014682108056008876,0.0031039915089067,-0.004306319022836697,0.007410310531743397,0.0143701046242104,-0.0028767349310318186,0.01724683955524222,0.0355956057564371,0.016014851409593057,0.019580754346844045,-0.0027029481183207,-0.0013247350217033868,-0.0013782130966173134
2014-05-01,0.0115077464638144,0.020218499792537026,-0.008710753328722627,0.0091151008765738,0.01854534643963946,-0.00943024556306566,0.0305695807987874,0.0070692800875568635,0.023500300711230535,0.0134144767150924,0.02895863931472524,-0.01554416259963284,0.0198914082706184,0.025256218740570865,-0.005364810469952467,0.0283281360194086,0.03183736000612921,-0.0035092239867206103,0.0314509027407204,0.013222643320408362,0.018228259420312035,0.0381331922554647,0.009453653460102419,0.02867953879536228,0.0318193139840848,0.02323156627998547,0.00858774770409933,0.0247907576442358,0.016079473603904663,0.008711284040331137,0.0146358961741956,0.016344432600134656,-0.0017085364259390567,-0.007004632446683,0.007748356693919265,-0.014752989140602264,0.0079095076327027,0.016975054145475357,-0.009065546512772657,0.0521992078135144,0.033008521916777875,0.019190685896736524,0.0369548546094738,0.03322143494196218,0.003733419667511617,0.0382855477562124,0.0056581747899916756,0.03262737296622072,0.0632353878135924,0.005687649530505817,0.05754773828308659,0.0193193077663149,0.016620408983200143,0.0026988987831147587,0.0076645282890557,0.020085149948236562,-0.012420621659180862,0.0318280768119687,0.017064425281420204,0.014763651530548493,0.0367312333734689,0.015652986306453155,0.02107824706701574,-0.0224784049059834,0.016887863237287144,-0.039366268143270544,0.0485849309397757,0.01380507553206802,0.03477985540770768,0.0119077114811467,0.008664701009523679,0.003243010471623021,0.0062802686301041,0.013031707683193516,-0.006751439053089415,-0.0753665720283225,0.005476788728219455,-0.08084336075654196,0.0572483923992786,0.016407225432840438,0.040841166966438164,-0.0053832613467683,0.0048835070728625715,-0.01026676841963087,0.0264340380784877,0.013531952871787111,0.012902085206700588,-0.0061866206876027,0.023596661292178273,-0.029783281979780973,-0.0022888982352228,0.015224735769835135,-0.017513634005057933,0.0186027465176086,0.017228550127237882,0.0013741963903707195,0.0534816069417383,0.01670276063463088,0.03677884630710742,0.0025827784382952,0.011286264301351514,-0.008703485863056314,0.0305781170995106,0.011998717213999564,0.018579399885511036
2014-06-01,-0.0175263555615753,0.028022654081254424,-0.04554900964282972,0.0533876734195204,0.012446812982714665,0.04094086043680574,0.0054942745095245,0.02012476086537194,-0.01463048635584744,0.0597642861876193,0.07837539836557023,-0.018611112177950924,0.0272497439672113,0.03178088368684108,-0.004531139719629779,0.0190142559821259,0.03094543443453488,-0.011931178452408982,0.0140543838587478,0.0205187202453156,-0.006464336386567798,0.0055754879662331,0.006257787271640109,-0.0006822993054070086,0.0222024867992057,0.02827805871790287,-0.006075571918697172,0.0236157741435722,0.04624922744250992,-0.022633453298937723,0.0415812141465234,0.04543161315708573,-0.003850399010562326,-0.0115816594095749,-0.006077930245894614,-0.005503729163680285,0.0391700193741211,0.05261441792914968,-0.013444398555028575,0.0409111522412784,0.0357435849980387,0.005167567243239697,0.0209173738335092,0.06169537858524805,-0.040778004751738844,-0.0122052161850112,-0.005140027382924117,-0.007065188802087083,-0.0058267162157539,0.02630941039959246,-0.03213612661534636,0.0335355646135587,0.020824132211501895,0.012711432402056806,0.0472271256767644,0.039824220396109285,0.0074029052806551185,0.0291377727368064,0.03823690001270838,-0.00909912727590198,0.0217596005549769,0.018275036607242032,0.0034845639477348693,0.031796646798239,0.02919403937710019,0.002602607421138811,0.047371212892582,0.0335593771298198,0.013811835762762195,0.0520750423350853,0.01659641787878904,0.035478624456296265,0.0206237353518735,0.01287908332790452,0.007744652023968979,0.185881657730065,-0.004898887888611286,0.19078054561867627,0.0507283486093609,0.055541389564221486,-0.004813040954860584,0.0009414974761745,0.02055703445364243,-0.019615536977467932,0.0282617439861879,0.01347049935540837,0.014791244630779531,0.0126560882684306,0.02830161391702741,-0.01564552564859681,0.0266462913967631,0.036776001131715565,-0.010129709734952464,0.0270018718773962,0.0261968717035083,0.0008050001738879008,0.0197422869358048,0.02497786839510889,-0.005235581459304091,0.0518388273407873,0.002229660994765869,0.04960916634602143,0.0109421287701904,0.025092318092229032,-0.014150189322038632
2014-07-01,-0.0495848656501303,-0.02702082744818034,-0.022564038201949962,-0.0221757448991002,-0.004595076883541304,-0.017580668015558895,-0.0088371421725585,-0.03331307075261387,0.024475928580055366,-0.0239679372507261,-0.05888268473683688,0.03491474748611078,-0.0010072466245281,-0.024287175634276955,0.023279929009748856,0.0080842318460189,-0.012115409378237395,0.020199641224256295,-0.0135028986715488,-0.03019787688490269,0.01669497821335389,0.0056400350772597,-0.014859041299887117,0.02049907637714682,0.0294790674922885,-0.024784964724197903,0.0542640322164864,-0.1052756986301308,-0.04815800384434847,-0.057117694785782325,-0.0641551754092131,-0.04703552344154142,-0.017119651967671685,-0.0295618393050435,-0.005302408182964102,-0.0242594311220794,-0.0984723961623174,-0.04834401404013752,-0.050128382122179876,0.0027760851230105,-0.015040844729894675,0.017816929852905176,-0.0150285671153061,-0.035551200501881354,0.020522633386575256,-0.0381057448647177,-0.002966195268412401,-0.035139549596305296,0.0281530986697715,-0.03220576552382044,0.060358864193591946,-0.0291831761062781,-0.018178424711123884,-0.011004751395154215,-0.0643379628098378,-0.03697679538330554,-0.027361167426532267,-0.0375875672872864,-0.03168278253283778,-0.005904784754448618,-0.0022771148266742,-0.015241749832525683,0.012964635005851483,0.0390838983336831,-0.03359807094237797,0.07268196927606108,-0.0422240110400097,-0.035150595160735765,-0.007073415879273938,-0.0371157964538436,-0.033714540968300025,-0.0034012554855435764,-0.0097559811387529,-0.0065531477143481835,-0.0032028334244047166,-0.0255948625992772,0.0021834497317721013,-0.027778312331049302,-0.0264785243721787,-0.05521187749224385,0.02873335312006515,-0.0781141420198974,-0.03710216681658022,-0.04101197520331718,-0.027145723653167,-0.013442316334945003,-0.013703407318221996,-0.014086470257557,-0.015372448938348797,0.0012859786807917963,-0.0437587564160667,-0.04780453722575102,0.004045780809684325,0.0036421514948204,-0.023752552235888458,0.027394703730708857,-0.0062355740590138,-0.02870056843064591,0.02246499437163211,-0.0461155544077416,-0.0028753287538924115,-0.04324022565384919,-0.026561443854103,-0.027247903209890966,0.0006864593557879654
2014-08-01,0.0424316062483463,0.04403062243017523,-0.0015990161818289286,0.0442075792610635,0.030321135972534316,0.013886443288529185,0.0281330771261223,0.03802867039990867,-0.00989559327378637,0.0479306934298643,0.0764447525719061,-0.028514059142041796,0.0209294093167607,0.04379569455282121,-0.022866285236060508,0.0305571456960262,0.05074957450320455,-0.020192428807178354,0.0450131993389941,0.03802750043972052,0.006985698899273578,0.0122462604235721,0.027770127394648653,-0.015523866971076553,0.0290440681944932,0.047378249545597044,-0.018334181351103845,0.0739283488582855,0.053115188700505835,0.02081316015777967,0.0800496946111928,0.0514878788996454,0.028561815711547395,0.0535443798337889,0.02028454954618413,0.03325983028760477,0.0393708070353938,0.0563763767300242,-0.0170055696946304,0.0643571114129711,0.05810540149173494,0.006251709921236158,-0.0360355264907354,0.06741521805813046,-0.10345074454886585,0.049553245699855,0.016361003618298675,0.03319224208155633,0.0466744486681605,0.034008919594090234,0.012665529074070266,0.048834974696971,0.034054472155153837,0.014780502541817161,0.0489762484081668,0.053120382028707155,-0.0041441336205403564,0.0325655652516892,0.047167658739872886,-0.014602093488183684,0.0190375417128598,0.03651740732085501,-0.01747986560799521,-0.0225329955441355,0.05000474904197964,-0.07253774458611514,0.0590274906808464,0.041887808903887346,0.017139681776959056,0.0188515046335223,0.03323459143323579,-0.01438308679971349,0.0601499464117093,0.028492461512261237,0.031657484899448064,0.0327007166091611,0.016760618189620304,0.015940098419540798,0.0578741245491832,0.05351299073071716,0.004361133818466041,0.0160257098776995,0.0320304076954246,-0.016004697817725098,0.003100699477589,0.030221362336851076,-0.027120662859262075,0.0706374002955334,0.04553181357507644,0.025105586720456964,0.0636829037613635,0.05134848755546755,0.012334416205895947,0.0396965011688381,0.03857099940119379,0.0011255017676443102,0.042664597690713,0.04313502474533654,-0.00047042705462354423,0.0533952267092451,0.021109748592310285,0.032285478116934815,0.0396036816687338,0.036192756956344115,0.0034109247123896846
2014-09-01,-0.0075636399644835,-0.03204949890985526,0.024485858945371763,-0.0183426807050335,-0.005131984531562048,-0.013210696173471453,0.0504317360792112,-0.02726202532637355,0.07769376140558475,-0.1251850307831889,-0.04402333939464922,-0.08116169138853968,-0.014100788293345,-0.032905330758701265,0.018804542465356264,-0.0101247246126652,-0.006882943336637488,-0.003241781276027712,-0.0348283729991571,-0.0332383368541914,-0.0015900361449657022,-0.0214182314624843,-0.01931245365040197,-0.0021057778120823316,-0.023411898764467,-0.023869932377728872,0.0004580336132618719,-0.0609188761553515,-0.04410730094636915,-0.016811575208982348,-0.0322025080582725,-0.04490481623649563,0.012702308178223126,0.0017371832067115,-0.006733254798682147,0.008470438005393646,-0.0667524671011752,-0.042156605259073485,-0.02459586184210172,-0.0149993859046463,-0.006898769801014985,-0.008100616103631313,-0.0378359776609031,-0.028643258035079017,-0.009192719625824085,-0.0131913008845593,-0.00787225285406045,-0.00531904803049885,-0.0234897839891325,-0.034508025393864335,0.011018241404731836,-0.0215023921137319,-0.023652814907708233,0.0021504227939763317,-0.0680381848388503,-0.037118798262004746,-0.03091938657684555,-0.0262798085176081,-0.026759677726947984,0.00047986920933988306,-0.0296720757193185,-0.015080957742499717,-0.014591117976818783,-0.1190656753431025,-0.04179396307757205,-0.07727171226553045,-0.0499171413365091,-0.03373334147850623,-0.01618379985800287,-0.0749145029339234,-0.047093837080995335,-0.02782066585292807,0.0104433930500799,-0.008012772900747554,0.018456165950827455,-0.1984900313970308,-0.0030876443929395256,-0.1954023870040913,-0.038698369969832,-0.05233382802938068,0.013635458059548675,-0.0580098135777275,-0.03488879630499129,-0.02312101727273621,-0.0082646406793754,-0.010413559983840972,0.0021489193044655717,-0.0083361943809683,-0.00866911998123807,0.0003329256002697692,-0.0627797834225383,-0.05093765908807584,-0.01184212433446246,-0.0302152881125933,-0.02484141438209347,-0.0053738737304998285,0.0087160552842314,-0.029652158440550608,0.03836821372478201,-0.0271566391591607,-0.006420476958650475,-0.020736162200510222,-0.0187415313073715,-0.02753932075021922,0.00879778944284772
2014-10-01,0.0173723930190693,0.02279191185919777,-0.0054195188401284684,0.0085919278209713,0.014689339077989293,-0.0060974112570179925,0.0262865628218423,0.04235334450713228,-0.016066781685289983,0.022583409569527,0.06732264738387092,-0.04473923781434392,0.026410373793655,0.009852977388379569,0.016557396405275433,0.012317603123123,0.021843132623302376,-0.009525529500179377,-0.0377860871692885,0.023981369204817252,-0.06176745637410576,0.0215062007340316,0.018297450726016202,0.003208750008015397,0.0053699185513587,0.024199637664274475,-0.018829719112915776,0.0577174721631544,0.04794512503808778,0.009772347125066617,0.0350255694914288,0.04344136157456801,-0.008415792083139209,0.0429854150447345,0.013597649459074206,0.029387765585660294,0.0504640643381612,0.053019553263206,-0.0025554889250447993,0.0395656669919692,0.037921525826953746,0.0016441411650154544,-0.01379622528328,0.04526248956638154,-0.05905871484966154,0.0194714588164405,0.011985004577455712,0.007486454238984787,0.0650566908215584,0.03374530808156925,0.03131138273998915,0.0362224562380242,0.01639608174944703,0.01982637448857717,0.0304700658991692,0.04033054782213747,-0.009860481922968272,0.0291304672954415,0.04080536173444782,-0.011674894439006319,0.0767937617181517,0.024531154178846458,0.05226260753930525,-0.0861569402947964,0.03424764128529836,-0.12040458158009476,0.0498622991602435,0.03316790331410198,0.01669439584614152,-0.0350138326572722,0.01737534165890777,-0.05238917431617997,0.0376831660329806,0.021192531233554197,0.016490634799426404,-0.191885546139626,0.018029217694182493,-0.2099147638338085,0.0158313709412076,0.04396401583659047,-0.028132644895382874,0.0335361096334341,0.031699642508345414,0.0018364671250886838,-0.0019349051164586,0.0234485791231179,-0.0253834842395765,0.0220168034071597,0.0315952897886074,-0.0095784863814477,0.0234515413130669,0.03748754084380637,-0.01403599953073947,0.0564541923600758,0.02250821460223161,0.03394597775784419,0.0330534949012412,0.028074540375973584,0.004978954525267618,0.0498589969288506,0.010768990641239746,0.039090006287610855,0.0282350335924034,0.030527170326109736,-0.0022921367337063354
2014-11-01,0.0376469846957234,0.010982586725349127,0.02666439797037427,-0.0076718441806589,0.025683034461043384,-0.033354878641702286,0.0741109720254815,0.037366183267245896,0.03674478875823561,0.0644329569868365,0.03328523596786023,0.031147721018976268,0.0203166713218579,-0.004291234374207727,0.024607905696065628,0.0244339774971528,0.03936030321078784,-0.014926325713635037,-0.0075501933224034,0.014357703941367438,-0.021907897263770838,0.0291305994994857,0.021837196198445038,0.0072934033010406615,0.0827067287698145,0.026545749419164478,0.05616097935065002,0.0352114723567632,0.017712566956801668,0.017498905399961535,0.0171307265610282,0.01191672353363856,0.005214003027389639,0.0307801596620823,0.032338798727126944,-0.0015586390650446438,-0.0001649602624717,0.022427515402889977,-0.022592475665361676,0.0725035855769518,0.05299259857477637,0.019510987002175434,-0.016713693122709,0.029571413278658087,-0.046285106401367085,0.0585649633429143,0.022170480006627753,0.036394483336286546,0.0263020651094351,0.01177420024070164,0.01452786486873346,0.0230266281779934,0.007740132587793326,0.015286495590200075,-0.0012725278706632,0.02111969525303489,-0.02239222312369809,0.040501055695351,0.027754971357543113,0.012746084337807887,0.0447366582400583,0.030347729225568467,0.014388929014489831,0.0247068238171648,0.017310925267171078,0.007395898549993722,0.0402267386390875,0.014456303041864505,0.025770435597222998,-0.0857245717392111,-0.008129139571628257,-0.07759543216758284,0.0273266485011617,0.026465914775504067,0.0008607337256576336,0.0419196398468217,0.028196823296550367,0.01372281655027133,0.0227893493887792,0.0009114752966372356,0.021877874092141966,0.0307807097672142,0.01549630287781969,0.015284406889394508,0.0580743173449632,0.02956019998739773,0.02851411735756547,0.0905214614372432,0.041760861355662766,0.04876060008158043,-0.015561415827008,0.010498211942998019,-0.02605962777000602,0.0245417874016596,0.014776486869085096,0.009765300532574505,0.0195255685825232,0.02244892221899102,-0.0029233536364678195,0.0005297780931148,0.020645098841695818,-0.02011532074858102,0.0204792600897058,0.01627299751834983,0.004206262571355972
2014-12-01,-0.0203948074983606,0.011471778851208559,-0.03186658634956916,0.0133904527008762,-0.002530400816980467,0.015920853517856666,-0.0156274619539252,-0.005229460429958836,-0.010398001523966366,-0.0067542379061962,0.009114714862271684,-0.015868952768467885,-0.00562180469562,0.01576198576289682,-0.02138379045851682,-0.0082189426166427,-0.01250172771452108,0.00428278509787838,0.0078467378255082,0.005180254838045718,0.002666482987462481,-0.0236484733572995,-0.0004761252660075285,-0.02317234809129197,0.0152687521230863,-0.003758861655015377,0.019027613778101676,-0.0262986568754343,0.014346831485618895,-0.040645488361053195,0.0108316672167001,0.016580881340689652,-0.005749214123989552,0.0040806957013902,-0.011439592738778804,0.015520288440169004,-0.0055223521725839,0.01250492151856375,-0.01802727369114765,-0.0336181101947999,-0.009402953137680055,-0.024215157057119845,-0.0631128320892839,0.006965309166660395,-0.07007814125594429,-0.0146038651458039,-0.0016847684725637682,-0.012919096673240132,0.0455442562182047,0.011665757702175386,0.033878498516029316,0.0096906529978884,0.010980263324998987,-0.001289610327110587,-0.0154083327124198,0.01223111641725281,-0.02763944912967261,-0.0070504693545527,0.003917164363334205,-0.010967633717886904,0.0056304279810793,-0.004567928727460653,0.010198356708539953,-0.0684221489313854,0.014884258089108251,-0.08330640702049365,0.0254660268914584,0.008266200463527787,0.017199826427930612,-0.0001211236098194,0.022646315283432004,-0.022767438893251404,-0.0216823698176323,0.0003288837364773486,-0.02201125355410965,-0.0086652452974701,0.0018647735581557778,-0.010530018855625878,-0.0090250881363726,0.021397008875392365,-0.030422097011764966,-0.0312236790552262,0.003232661284418965,-0.03445634033964516,-0.0072804266803752,-0.004323605959427812,-0.0029568207209473884,0.0112988492493527,-0.008744041548255513,0.020042890797608213,-0.00334157729643,0.014601354211344675,-0.017942931507774675,0.0195803804362639,0.005122255682276134,0.014458124753987767,0.0017011333281997,0.001869442381221247,-0.00016830905302154717,0.0268967260214078,-0.0011320956671146973,0.028028821688522495,0.0017385402438696,0.009317315471926489,-0.007578775228056889
2015-01-01,-0.0087627284668512,-0.05108231965461246,0.04231959118776126,-0.0235959868937785,-0.016674278037598182,-0.006921708856180316,-0.0289632714086898,-0.021838932667710233,-0.007124338740979567,-0.0682327450861114,-0.033083144089375474,-0.03514960099673592,-0.1115975489768171,-0.061523277195769256,-0.05007427178104785,-0.0447022265900054,-0.019702277820458025,-0.024999948769547378,-0.0068223564351328,-0.046634811376195795,0.039812454941062995,-0.0385958195168805,-0.033252131835328845,-0.005343687681551655,-0.0616089422507486,-0.038266190059249555,-0.023342752191499047,-0.0543339497717587,-0.043401646402079025,-0.010932303369679673,-0.0291568460912511,-0.04756264600675836,0.018405799915507257,-0.0464948050534896,-0.016203628289454944,-0.030291176764034658,-0.0402570908107242,-0.038613349846627676,-0.0016437409640965225,-0.0005276140968065,-0.012308349830758153,0.011780735733951653,0.0055340840226583,-0.03458034144013552,0.04011442546279382,-0.0248888640201598,-0.019413345779224406,-0.005475518240935395,0.0042894746483573,-0.03997118322371278,0.04426065787207008,-0.0602591392432613,-0.04093339664388972,-0.01932574259937158,-0.0631212029411317,-0.04652743389325328,-0.016593769047878425,-0.0325776559124122,-0.027119344256330294,-0.0054583116560819045,-0.0146513294425719,-0.025334812892468965,0.010683483449897065,-0.0521074493956825,-0.06367466388794604,0.011567214492263542,-0.0284144131957448,-0.03837810575382282,0.009963692558078021,-0.055243885057679,-0.07251296570525054,0.017269080647571537,0.0243862310616112,-0.017071472759665963,0.04145770382127716,0.1960891527550399,-0.012670224003363428,0.20875937675840334,-0.0160016629605203,-0.053642137691360385,0.03764047473084009,-0.0706268256856098,-0.03430972922030614,-0.03631709646530366,0.0179938423901871,-0.01312329016923046,0.03111713255941756,0.0021902263295199,-0.011891935415055099,0.014082161744574998,-0.0587871223744116,-0.06402092033400489,0.005233797959593285,-0.001698180573892,-0.03655929433500072,0.034861113761108724,-0.0617732468909765,-0.04185930731450447,-0.01991393957647203,0.0030509745489263,-0.01883658725373886,0.021887561802665163,-0.0154249940056287,-0.03271958608200663,0.017294592076377933
2015-02-01,0.0732234012593586,0.0593483919782585,0.013875009281100095,0.0610541916254496,0.041787003014332726,0.019267188611116877,0.051185835686831,0.05602306805069129,-0.004837232363860286,0.097085599087212,0.11707906121727835,-0.01999346213006635,0.0843292804723099,0.058857749439942084,0.025471531032367822,0.0776040912729877,0.07749581548541448,0.00010827578757321987,0.0654470735467867,0.05229073939440087,0.013156334152385825,0.0794917185567368,0.03725308828217107,0.04223863027456573,0.069428938442392,0.06980309685882417,-0.00037415841643217984,0.1064937589039887,0.07528899172232856,0.03120476718166014,0.0469696006098783,0.07222236016559655,-0.02525275955571825,0.0430080971021487,0.02745362023709428,0.015554476865054422,0.0914105941167352,0.08279357869602633,0.008617015420708876,0.0933928115018737,0.08589518044225813,0.007497631059615567,0.0623606822442593,0.1012221862083619,-0.0388615039641026,0.0421649822798625,0.019174240429086532,0.022990741850775966,0.0593889421915189,0.04784022653698786,0.011548715654531042,0.0771582266886738,0.04469466127518438,0.032463565413489416,0.0589525656899042,0.07427293275048746,-0.015320367060583262,0.0519014282906596,0.06986500839763009,-0.017963580106970488,0.0623711652728611,0.05378339845898998,0.00858776681387112,0.177461120628337,0.0671080917610167,0.11035302886732029,0.0624373632610042,0.06016776166608611,0.00226960159491809,0.0378388015980485,0.038745520300746655,-0.0009067187026981574,0.0378540652792637,0.039556967262814845,-0.001702901983551143,-0.0086078994482393,0.0180777732975975,-0.026685672745836803,0.0803100639622689,0.07664621060893884,0.0036638533533300682,0.0469226363046967,0.045579396196230366,0.0013432401084663356,0.0520474884763393,0.042688471330155506,0.009359017146183791,0.055695226665716,0.06852457243105896,-0.012829345765342962,0.0517196600054416,0.0708658105709325,-0.019146150565490898,0.0272994057319084,0.05461380335589015,-0.027314397623981752,0.0544011075414564,0.061460604128311724,-0.007059496586855327,-0.0368360380122869,0.026898320894226974,-0.06373435890651388,0.0415751323203694,0.0493153055742915,-0.007740173253922102
2015-03-01,-0.0303303830199869,-0.011038361137456355,-0.019292021882530545,0.0001508428841127,-0.00899029936485757,0.00914114224897027,0.0124743646676092,-0.0025382209733355245,0.015012585640944725,-0.0129579107299003,0.009284778933313394,-0.022242689663213695,-0.0151874525816717,-0.015949505078036347,0.0007620524963646482,-0.0168489640248436,-0.016164412077406563,-0.0006845519474370371,-0.0295650695882787,-0.011393421654381088,-0.01817164793389761,-0.0287967441106974,-0.014382320971976562,-0.014414423138720836,-0.0664718040333414,-0.015810741759337527,-0.05066106227400387,0.0196554172776067,0.0046621407275267935,0.014993276550079905,-0.0051597676123039,0.0032096985655046,-0.0083694661778085,-0.0204838692928568,-0.014521087603161925,-0.0059627816896948745,-0.0131886864800319,0.004546754147564376,-0.017735440627596275,-0.0246706392044125,-0.006968046096166613,-0.017702593108245887,-0.0334309073892547,-0.0031928191160123286,-0.030238088273242373,-0.0126183557813146,-0.01095764860498415,-0.0016607071763304494,0.0197711902950069,-0.004637327620293501,0.0244085179153004,0.0135058294671816,-0.009011489408668432,0.022517318875850033,-0.0336866521706089,-0.004178689494078135,-0.029507962676530764,-0.0053423241316193,-0.0015705283797279466,-0.0037717957518913535,0.0046061503890131,-0.013643920900881162,0.01825007128989426,-0.0716037953652359,-0.015448847280635267,-0.05615494808460063,-0.0049881488598563,-0.003021015012529791,-0.001967133847326509,-0.0228261654423721,-0.013111682653671302,-0.009714482788700797,0.003361015756163,-0.0082351143066289,0.0115961300627919,-0.1534774911913985,-0.006786806821212929,-0.14669068437018556,0.0471773400174516,0.005585398249693978,0.04159194176775762,-0.0486074663563401,-0.0020711289621826202,-0.04653633739415748,-0.0056982401118576,-0.003920404599753422,-0.0017778355121041778,0.0083529105120996,-0.00703312995154563,0.01538604046364523,-0.0366738602256422,-0.008318209679497302,-0.0283556505461449,0.0008021411590683,-0.008705853163581936,0.009507994322650235,-0.0292277338473817,-0.012222836757483247,-0.01700489708989845,-0.0028750653216675,-0.010109459914443062,0.007234394592775563,0.0046465197721217,-0.001230631892212583,0.005877151664334283
2015-04-01,0.0260239386927262,0.012381119558181561,0.013642819134544638,-0.0231967294541384,0.010843191294580853,-0.034039920748719255,-0.0168296443858965,-0.01776030957938917,0.0009306651934926705,0.0089468404243019,-0.00805947032675409,0.017006310751055992,0.0388808616442093,0.025307492656318226,0.013573368987891073,0.0350532105558375,0.014280275004018095,0.02077293555181941,0.0419118727642276,0.0023747158965497415,0.03953715686767786,0.0407512262697435,-0.0002837811050475764,0.04103500737479108,0.0353505753012441,0.007786392929437202,0.027564182371806897,-0.0674327159705936,-0.005008956188936461,-0.06242375978165714,-0.0091383471989556,-0.0014921588110584124,-0.007646188387897187,-0.0256265444497061,-0.002117362315504379,-0.023509182134201723,0.0070002716673961,-0.009364562381395335,0.016364834048791434,-0.0063115685393121,0.009429867634918848,-0.015741436174230947,0.0281148121662958,0.008043301136615805,0.020071511029679995,0.0047953323069676,0.00021321873419041055,0.004582113572777189,-0.0292527046325791,-0.010442893932177313,-0.01880981070040179,-0.006713983140042,0.012257014436955434,-0.018970997576997432,0.0150469150346372,0.0021867151823740274,0.012860199852263172,-0.0214238605463426,-0.005365223352083615,-0.016058637194258985,-0.0234975051231042,-0.0006418792683044728,-0.022855625854799725,0.1066324629721969,0.0027472839958115848,0.10388517897638531,-0.0260790518643372,-0.0021502747010427132,-0.023928777163294487,0.0734413642112742,0.008562837191701781,0.06487852701957242,0.0051377803670346,0.0013907073105689787,0.0037470730564656217,0.1414102869333742,-0.0016539557922436296,0.14306424272561782,-0.0298578796470828,-0.0012455632276225361,-0.028612316419460264,0.1525945633262239,-0.010911019017971361,0.16350558234419527,0.0068344579970816,0.0005994829198589524,0.006234975077222648,-0.0243951496679558,0.0027811912416145002,-0.0271763409095703,-0.0062387025777893,-0.00026817755893709954,-0.005970525018852201,-0.0171447082168143,0.006416257875785436,-0.023560966092599736,-0.0021531162148669,0.0016519777251741837,-0.003805093940041084,0.0167763353326508,0.006519986986408952,0.010256348346241846,-0.0055407363716938,-0.0007097535258432744,-0.004830982845850525
2015-05-01,0.0112088236217804,0.010031416701138609,0.0011774069206417909,0.0059921988282562,0.006904634748699459,-0.0009124359204432586,-0.0064335290740877,0.0038448308854607603,-0.01027835995954846,0.0445839218726888,0.04009498325108503,0.004488938621603773,0.0053800022682109,0.013417205045949634,-0.008037202777738735,0.0022348438347026,0.0207461442953041,-0.018511300460601503,0.0090881207324666,0.0033517483594675346,0.005736372372999065,0.0046302468674136,0.0016132376180992922,0.003017009249314308,0.0089570182320938,0.013378850253986756,-0.004421832021892957,0.0125282581401766,0.015013506339950506,-0.0024852481997739064,0.0246760138001742,0.014540157263661705,0.010135856536512496,0.004304732763677,-0.006401859815601717,0.010706592579278716,0.0237691776901242,0.024266102197860035,-0.0004969245077358353,0.053104945459434,0.02146927203429033,0.03163567342514367,0.0165749602271754,0.03772484068465726,-0.021149880457481857,0.052148485895168,-0.003950658861789474,0.05609914475695747,0.0462950226100167,0.014009427014919086,0.03228559559509762,0.0418170057199693,0.008260029857343486,0.03355697586262581,0.0030642459249139,0.017109952854268442,-0.014045706929354543,0.0415185148657469,0.02064957904359635,0.020868935822150547,0.0214446036149755,0.013537825797357723,0.007906777817617778,-0.1103808541677633,0.014669248627805317,-0.1250501027955686,0.0172893889254429,0.012884785293382002,0.004404603632060897,-0.0493892341044122,-0.0016802873400786804,-0.047708946764333515,0.0525569092925332,0.011745728148502783,0.040811181144030415,-0.0089778099925972,-1.0634809995931256e-05,-0.008967175182601268,0.0108228258861617,0.019448721433098455,-0.008625895546936754,-0.0247326766512099,-0.0001911454811606275,-0.02454153117004927,0.0220166815590772,0.0032858200535079134,0.01873086150556929,0.0025135617344386,0.017499132335153437,-0.014985570600714837,-0.0230998508444973,0.009353460078571532,-0.03245331092306883,0.0102144606933682,0.011359703771425821,-0.0011452430780576218,-0.0329324040015255,0.00948205719030363,-0.04241446119182913,-0.0137067986342733,0.00048385179413325133,-0.01419065042840655,0.0086445924850887,0.008094947965979678,0.0005496445191090216
2015-06-01,-0.0183628801316921,-0.01793759021965896,-0.0004252899120331388,-0.037674538703755,-0.011917895411250925,-0.025756643292504072,0.0475723379268327,-0.007753128767553588,0.05532546669438629,-0.0146573531435239,0.007867278638999546,-0.022524631782523445,0.0033306654737011,-0.022124372497324674,0.025455037971025773,-0.0182518407817141,-0.017112426702915406,-0.001139414078798695,-0.0110389070675317,-0.018134273406970432,0.007095366339438733,0.0040857802404781,-0.022118224645538226,0.026204004886016326,-0.0724105680756026,-0.020245567559736114,-0.05216500051586649,0.047273593394622,-0.00037677222826253695,0.047650365622884536,-0.0234644132640132,-0.002076396301347961,-0.02138801696266524,-0.00478666467765,-0.01969643461467615,0.01490976993702615,-0.0148277574371753,-0.0007253681762726808,-0.014102389260902619,-0.0622842949653021,-0.008304679738699796,-0.0539796152266023,0.0284285469351108,-0.006169250864482833,0.034597797799593634,-0.0187167743429187,-0.017587798985977236,-0.0011289753569414633,0.0241015753101142,-0.013538215553452674,0.03763979086356687,0.0160939444075533,-0.015023003484761988,0.031116947892315287,-0.0117166827843245,-0.011250835220853503,-0.00046584756347099743,-0.0123394180902098,-0.006136611307535669,-0.00620280678267413,0.0007742671241625,-0.01965349396931247,0.02042776109347497,-0.0695869121157857,-0.028151250862563426,-0.041435661253222275,-0.0273274387547168,-0.008045943476171859,-0.01928149527854494,-0.0419214316919803,-0.024831791931014324,-0.017089639760965978,-0.0168639213738586,-0.014041077205180852,-0.0028228441686777486,-0.1067898857143732,-0.014733378893830706,-0.09205650682054249,-0.0266474999907586,0.0011555744116229566,-0.02780307440238156,0.0119363140213867,-0.006831399921258174,0.018767713942644874,0.008297120875282,-0.006295355143294442,0.014592476018576443,-0.0104486087090335,-0.00884507442809533,-0.0016035342809381705,-0.0509789646611913,-0.017152987610781684,-0.033825977050409614,-0.0223973904962252,-0.01345003321502581,-0.00894735728119939,-0.0185287768931468,-0.018691238406159362,0.00016246151301256215,-0.0475875712283034,-0.014872131262200518,-0.03271543996610288,-0.0370282779795797,-0.006656266742885791,-0.03037201123669391
2015-07-01,-0.017186999531316,-0.0067008058391276526,-0.010486193692188346,0.0555171932860629,0.017245120436842152,0.038272072849220753,0.0554622369027885,0.0036643634565628174,0.05179787344622568,-0.0266341161547178,0.02562611364479022,-0.05226022979950802,0.0194119231886773,-0.00786025622552584,0.02727217941420314,0.0590211779248031,0.04607543301595241,0.012945744908850691,-0.0621843669481503,-0.009947512681499146,-0.05223685426665115,0.0154616002255543,-0.0011780717419269029,0.0166396719674812,0.0340758094590888,0.017793759560657058,0.016282049898431742,0.015958791900774,-0.010290957854996128,0.02624974975577013,-0.005622225644719,-0.013890898827325141,0.008268673182606141,0.0102359955025095,0.008492253458672726,0.001743742043836774,-0.0546175116460035,0.0014756491521101783,-0.05609316079811368,-0.0300776324650093,0.046376398939158923,-0.07645403140416822,0.094871221882104,0.03290627279102071,0.0619649490910833,0.0336172592271338,-0.0014069748368307454,0.03502423406396454,0.0448202806536997,-0.011033260234685314,0.05585354088838502,0.007393356147801,-0.006018157617909206,0.013411513765710207,-0.0561922515650859,-0.0018350474850864474,-0.05435720407999945,0.0179157360803324,0.013627807400483376,0.0042879286798490224,0.040530474181053,0.019343295628957785,0.021187178552095218,-0.0791405095770093,-0.011863112720089308,-0.06727739685692,0.0490252372839009,-0.00371977584183585,0.052745013125736755,-0.0791246231606231,-0.04277426869671398,-0.03635035446390912,0.0361985385793916,0.014728030285431891,0.02147050829395971,-0.2679427604084115,0.0014418453926501214,-0.2693846058010616,0.0253104221344078,-0.018445045119531885,0.04375546725393968,-0.0130035777320901,-0.01492817065453294,0.0019245929224428401,0.0678635543432123,0.011950234719577596,0.0559133196236347,0.0680815783538415,0.03563521801444111,0.03244636033940039,-0.0679820247909358,-0.020971010975537538,-0.04701101381539827,0.0241638651439234,0.0031620428188836396,0.021001822325039762,0.0398043139789911,0.002814458875417993,0.036989855103573104,0.0197710139278871,0.005352914569182201,0.0144180993587049,-0.0144561935816829,-0.006876567970471125,-0.007579625611211775
2015-08-01,-0.0613900425021168,-0.05337053059911401,-0.00801951190300279,-0.032707594616973,-0.03731234490936265,0.004604750292389652,-0.0328849415501842,-0.06683377764559201,0.03394883609540781,-0.0697533270415671,-0.1055690944574414,0.035815767415874306,-0.0605995108667978,-0.04799011465663114,-0.012609396210166664,-0.0534119294336997,-0.07527984755094769,0.02186791811724799,-0.0740850990271962,-0.05586839834583382,-0.018216700681362386,-0.0708060748920107,-0.04412164235341545,-0.026684432538595246,-0.0692845757678291,-0.07217391475047658,0.0028893389826474686,-0.0250874732598932,-0.06888490102283858,0.04379742776294537,-0.0416024694713595,-0.0646111917231942,0.023008722251834694,-0.0691536195226387,-0.03892546490863945,-0.030228154613999247,-0.0444050382843103,-0.07717335306846067,0.03276831478415037,-0.0588057599427477,-0.07793749707735217,0.019131737134604476,-0.07658953353684,-0.08750467824208613,0.010915144705246127,-0.030028884645257,-0.02409592279404861,-0.005932961851208389,-0.0895784247307377,-0.050609056755531776,-0.03896936797520592,-0.0627963225919398,-0.037732650566959146,-0.02506367202498066,-0.0583176315914838,-0.06784592194972928,0.009528290358245484,-0.0771898905016841,-0.06730818108776543,-0.009881709413918666,-0.0635734470974079,-0.05848063840469865,-0.005092808692709255,-0.007765498712994,-0.06670314073080515,0.05893764201781115,-0.0119894536034075,-0.05871680167248508,0.04672734806907758,-0.0386915982860722,-0.03749221097181993,-0.0011993873142522732,-0.0886739352206989,-0.0380128261640552,-0.0506611090566437,0.0139046540073931,-0.018029451820081435,0.03193410582747454,-0.0966308702464098,-0.06699488918896153,-0.029635981057448274,-0.0254251492219508,-0.053187085832120666,0.027761936610169867,-0.0574236424071786,-0.04278138880831025,-0.014642253598868352,-0.0435814725063636,-0.066578026295405,0.022996553789041405,-0.0553968466496292,-0.07148971283592008,0.016092866186290883,-0.0631687583013998,-0.052034490463307895,-0.011134267838091905,-0.0704077336399132,-0.06472205149139225,-0.005685682148520957,-0.045728080603774,-0.02683268154102046,-0.01889539906275354,-0.0525290968347257,-0.04547835292029024,-0.007050743914435463
2015-09-01,0.0002052460298147,-0.03337621407120461,0.03358146010101931,-0.0247622190144471,-0.011950652410221165,-0.012811566604225933,0.0205380775073955,-0.038841779985310056,0.05937985749270555,-0.0393303974155923,-0.06259676200141179,0.023266364585819488,-0.0310307111336196,-0.030529275568639977,-0.0005014355649796236,-0.0099102594633959,-0.025691955416603268,0.01578169595320737,-0.0896938419106097,-0.03547862792690551,-0.054215213983704186,-0.0155972379771497,-0.027153600606466984,0.011556362629317285,-0.0244052295671857,-0.035619754705637656,0.011214525138451954,-0.0497359446069652,-0.046601816299045695,-0.0031341283079195023,-0.086236206007878,-0.045267651367527195,-0.040968554640350804,-0.0016550069521729,-0.014917240259316483,0.013262233307143583,-0.0920921454267064,-0.053128260999193884,-0.03896388442751252,-0.011714296534721,-0.02570665977023338,0.013992363235512381,-0.1043054082746521,-0.0476403313781792,-0.0566650768964729,-0.0080190544793963,-0.012864400995916167,0.004845346516519867,-0.0792533705676479,-0.044469800002980266,-0.03478357056466764,-0.0229626427730021,-0.024155371823971643,0.001192729050969541,-0.0799234999200961,-0.044102919560378984,-0.03582058035971712,-0.0436915046817456,-0.04088569477381585,-0.0028058099079297447,-0.0732982458644158,-0.031840982375501134,-0.04145726348891467,-0.1192216682085557,-0.05126469629640586,-0.06795697191214985,0.0073664600567358,-0.039196420132039694,0.046562880188775496,-0.057303564710356,-0.03829647471939372,-0.019007089990962275,-0.077270351387036,-0.02092436132697581,-0.05634599006006019,-0.0443369742378761,-0.01097805648094513,-0.03335891775693097,-0.0327594278555834,-0.0510586318624244,0.018299204006841,-0.0671580879461989,-0.035973937685607076,-0.031184150260591827,0.0204587131450378,-0.016554475581306738,0.03701318872634454,-0.0056457894688477,-0.025980193898539405,0.020334404429691706,-0.0881291144423448,-0.052128139810486404,-0.03600097463185839,-0.0118758004482546,-0.03039485997791629,0.018519059529661687,-0.0044185724331192,-0.038181429004304046,0.03376285657118484,-0.0164699238658881,-0.010889911640363962,-0.00558001222552414,-0.0560209573486832,-0.030197789730944315,-0.025823167617738882
2015-10-01,0.1272436681593849,0.08110434873049932,0.04613931942888558,0.0888121332891495,0.06182873354767652,0.02698339974147298,0.0198483366935304,0.08066924776845551,-0.060820911074925106,0.0525473120533503,0.10488033882100956,-0.05233302676765925,0.058559436359646,0.07312618067709513,-0.014566744317449129,0.1071181332202694,0.089377198076865,0.0177409351434044,0.1232102255209822,0.07754555225871752,0.04566467326226467,0.0831728237657224,0.06578210336527661,0.017390720400445786,0.0575900392511879,0.0882192449269097,-0.030629205675721805,0.0235024457025689,0.08750080559106772,-0.06399835988849882,0.0848768828721543,0.08377249707739268,0.001104385794761617,0.0560487715571937,0.062229594153482906,-0.006180822596289208,0.1025505440690369,0.08583121699975002,0.016719327069286874,0.0834078052032964,0.10444636431089044,-0.021038559107594043,0.144398769394776,0.09603337471051289,0.04836539468426311,0.0423938116953431,0.049734442858600736,-0.007340631163257637,0.0157498359421751,0.058340122267820566,-0.04259028632564547,0.0513771049036493,0.06292910795410567,-0.011552003050456366,0.092597976913787,0.09149643845094611,0.0011015384628408897,0.0652689512429677,0.07667935547806567,-0.011410404235097982,0.0885577930921921,0.07086426602854244,0.017693527063649656,0.0974493803811209,0.09497296705516454,0.002476413325956356,0.0399580515686461,0.07094726083432165,-0.030989209265675555,0.1239282882565802,0.07090108573319895,0.05302720252338125,0.0478048832074986,0.05584747409796979,-0.008042590890471192,0.1559088026091422,0.048975411099077916,0.10693339151006429,0.117838328405592,0.07683929081471173,0.04099903759088026,0.1093909254489198,0.06571931491956355,0.04367161052935625,0.0376602287422452,0.06401474773005437,-0.026354518987809175,0.0566181157987547,0.08194432449566724,-0.025326208696912544,0.0881208725275406,0.09422900077513054,-0.006108128247589939,0.066524413606792,0.06872092144403068,-0.0021965078372386815,0.0634947322407304,0.08348737979662427,-0.01999264755589386,0.0338683032886972,0.05170151953273661,-0.017833216244039413,0.0449658166709719,0.06651419460876758,-0.021548377937795675
2015-11-01,0.0151295144496996,0.006561360787074742,0.00856815366262486,-0.0122677881474756,-0.0034902104843444427,-0.008777577663131156,-0.0052080606191551,-0.004059785467716261,-0.0011482751514388387,-0.02458110193002,0.043729336190958396,-0.0683104381209784,0.0177125832088664,0.012632968964530434,0.005079614244335966,0.0205240051489829,0.0056320315032154875,0.014891973645767413,0.0144128345504314,-0.0014215735483625491,0.01583440809879395,-0.0157295364475589,-0.007728692170263439,-0.00800084427729546,-0.0086949880827438,0.003491407053302203,-0.012186395136046003,0.0552910647906767,0.017895162979747477,0.03739590181092922,0.0478486836329816,0.018480748359853437,0.029367935273128164,-0.0077077359098142,-0.021515717400950752,0.013807981491136552,0.0121719908627789,0.02736022887979786,-0.01518823801701896,0.004649893287792,0.005618708236337812,-0.0009688149485458123,-0.0140851545790796,0.03535135460133187,-0.04943650918041147,-0.0076364986171762,-0.014273298134770872,0.006636799517594672,-0.0178274880478995,0.015414572828337986,-0.03324206087623749,0.0011998061358069,0.005441351277568419,-0.004241545141761519,0.0208265684125806,0.015193247028731214,0.005633321383849385,0.0624293356944054,0.017706136377347068,0.04472319931705833,0.0184720030532875,0.0032593405820326134,0.015212662471254888,-0.0807153573671802,0.010500574224330966,-0.09121593159151117,-0.0241677822404594,0.012766685620127139,-0.03693446786058654,0.003444495500224,0.00023434817983034126,0.0032101473203936587,0.0011736214020011,0.003394642981417809,-0.0022210215794167087,-0.0536956232258342,-0.01040542988689425,-0.04329019333893995,-0.0241367927361104,0.02906365956790155,-0.05320045230401195,-0.0109420607398265,-0.0016080567279338437,-0.009334004011892657,-0.0070334320931663,-0.005924719886388337,-0.0011087122067779632,0.0213057305096902,0.005329572427000428,0.015976158082689772,0.0013163210939849,0.009688994382260034,-0.008372673288275134,0.0089424890804259,0.007463541203140869,0.0014789478772850306,-0.0200193176890562,0.0026022717941140256,-0.022621589483170224,-0.0412462705088717,-0.009132723353402442,-0.03211354715546926,0.0078827735773826,0.006559820000125878,0.0013229535772567216
2015-12-01,0.0167227697820323,-0.03920335241704057,0.05592612219907287,0.0031750246271549,-0.009092068209124962,0.012267092836279862,-0.0470651290278913,-0.025501048397413115,-0.021564080630478183,-0.0425190932980529,-0.042326320452529785,-0.00019277284552311758,-0.0383585390927543,-0.04381969890445363,0.005461159811699326,-0.0075661624695769,-0.009997440567425782,0.002431278097848881,-0.0726122344587679,-0.03895396397320356,-0.033658270485564336,-0.0403353116070412,-0.018892679520034702,-0.0214426320870065,-0.0140475802223047,-0.027908499978477705,0.013860919756173005,-0.0568591696629188,-0.048950719389076566,-0.007908450273842231,-0.0557337328827661,-0.0509274988346987,-0.004806234048067397,0.0218257190541871,-0.00814908564139333,0.029974804695580427,-0.0423266725557102,-0.04023007517269886,-0.0020965973830113435,-0.0647868915882201,-0.009793213154106776,-0.05499367843411332,-0.0207531005063197,-0.027324745774477074,0.006571645268157372,0.0184354126854221,-0.007575995398640928,0.026011408084063027,0.004875879087948,-0.027527855698744177,0.03240373478669218,-0.017312624654361,-0.029147262917996776,0.011834638263635774,-0.0604262380610866,-0.03963010382114852,-0.020796134239938084,-0.0056228687893366,-0.02351804599100284,0.01789517720166624,0.0034788073356215,-0.010558567485351803,0.014037374820973303,-0.0474042223723558,-0.03988398082346852,-0.00752024154888728,-0.0542717822331728,-0.03578716897071461,-0.01848461326245819,-0.0827237061904659,-0.05535114086950021,-0.027372565320965693,0.0086564119437005,-0.0031984453780542813,0.011854857321754782,-0.0191385933503659,0.001616197601859025,-0.020754790952224923,-0.0421689255735233,-0.058711409781185636,0.016542484207662335,0.0004831816872245,-0.03896372593993991,0.03944690762716441,-0.0137051355553443,-0.014140611811277957,0.0004354762559336568,0.0052007114571505,-0.008403295031884785,0.013604006489035285,-0.039298569111188,-0.0569219943685711,0.0176234252573831,-0.020548591224308,-0.028471541825012017,0.007922950600704016,-0.0496433258871346,-0.03218935153778922,-0.017453974349345376,-0.0080945575596551,-0.00875227360747511,0.0006577160478200093,-0.0112619291012023,-0.0303191843865941,0.0190572552853918
2016-01-01,-0.0848862480896058,-0.0569086102124585,-0.027977637877147306,0.0131631087861899,-0.02580457678776994,0.03896768557395984,0.0133979058102375,-0.055691779508863955,0.06908968531910145,-0.1415227384672361,-0.1366311498341336,-0.004891588633102489,-0.0910336380797151,-0.061398736228107,-0.029634901851608095,-0.0361458561622578,-0.06865561577074183,0.03250975960848403,-0.0863656822875609,-0.053838698159128756,-0.03252698412843215,0.003606479642134,-0.029326973058596297,0.032933452700730295,-0.1076356639616196,-0.06933067062092421,-0.038304993340695384,-0.1059564355008783,-0.08399015391588469,-0.021966281584993613,-0.0831287229756941,-0.08183695759026045,-0.0012917653854336436,-0.0019345355702581,-0.011452317002921372,0.009517781432663271,-0.0709392344436695,-0.09537497531383343,0.02443574087016394,-0.0778192828244812,-0.06680022089458539,-0.01101906192989581,-0.1002297398361562,-0.10708324714013999,0.006853507303983791,-0.0104609787882798,-0.0025641211361671075,-0.007896857652112692,-0.0386557820174113,-0.05660787099676241,0.017952088979351112,-0.0633309217340307,-0.03963741628606804,-0.023693505447962657,-0.0529982901451556,-0.07502468867955013,0.02202639853439453,-0.0880949856027633,-0.07334684729064511,-0.014748138312118186,-0.0493280330610872,-0.04861331398038853,-0.0007147190806986656,-0.052433887602807,-0.06597597891435603,0.013542091311549029,-0.0612069150841687,-0.06774819781768615,0.006541282733517451,-0.0382955694157798,-0.04162036627929927,0.003324796863519469,-0.0912612744840645,-0.02718210054185571,-0.06407917394220879,0.1059138012008851,0.006518324643185276,0.09939547655769983,-0.1113426683296454,-0.09784289275881182,-0.01349977557083358,0.0473584122901018,-0.05368874764029128,0.10104715993039308,0.0121694941645432,-0.031095036115167306,0.04326453027971051,-0.0438460786760905,-0.05826886891323608,0.014422790237145579,-0.0144390374237605,-0.08102819490595577,0.06658915748219527,-0.0616892108472035,-0.055053575926414036,-0.006635634920789467,-0.0872857711438815,-0.06173911802167366,-0.025546653122207844,0.0313723627109702,-0.011148167143929542,0.04252052985489974,-0.0821600345032941,-0.047455989067510626,-0.03470404543578347
2016-02-01,0.0206512794467295,-0.0026227357577022835,0.023274015204431783,0.0334404137080692,0.00890799997895189,0.02453241372911731,0.0134912965929993,0.03156538742143213,-0.01807409082843283,0.0581610429729527,-0.009311499413486106,0.06747254238643881,-0.0335798928249069,-0.026008653936093473,-0.007571238888813427,-0.0248447718506736,-0.00993127254211444,-0.01491349930855916,0.049513827700089,0.006815799259984272,0.04269802844010472,0.0280590565975224,0.012475017392493458,0.015584039205028941,0.0346293806652298,-0.005221070050380594,0.0398504507156104,0.0065709436545612,0.0114721038343843,-0.004901160179823101,0.0327971419220955,0.006187080724843323,0.026610061197252177,-3.0495794816702565e-05,0.026982185853090125,-0.02701268164790683,0.0839538375520896,0.002573602584339663,0.08138023496774993,0.0093826018281127,0.013068414310941147,-0.0036858124828284457,0.0181019812535546,-0.020891334770726005,0.038993316024280605,0.0253022250034325,0.022472216948719675,0.002830008054712823,-0.010322500253096,0.0006759448379654772,-0.010998445091061479,0.0033770088577497,-0.002326987283504288,0.005703996141253989,0.0476774303979041,0.004526777276470829,0.04315065312143327,0.0131604011353998,0.002889423640441057,0.010270977494958743,0.0201846913138343,0.0016559040448416956,0.018528787268992604,0.0966377471552235,-0.000317938377687854,0.09695568553291135,-0.0281106953587561,0.0013710941146561609,-0.02948178947341226,-0.020650872065804,0.0019137629990046783,-0.022564635064808675,-0.0283206009098963,0.007534888775858633,-0.03585548968575493,0.3484818647788855,0.029773280168346784,0.3187085846105387,-0.0559406029260428,-0.008102261305694481,-0.047838341620348314,0.09992398052893,0.019117281168179543,0.08080669936075047,-0.0108116098198919,0.02128795560748717,-0.03209956542737907,-0.0071080382270632,0.008137360379308017,-0.015245398606371217,0.0136290942588861,0.003326306798589361,0.010302787460296739,-0.0053727580703905,-0.003124140493436471,-0.002248617576954029,0.0591526250826896,0.0038449720238902005,0.0553076530587994,0.0187605708186685,0.014105962181794876,0.004654608636873623,0.0358678277134838,0.012488957180338258,0.023378870533145538
2016-03-01,0.0668652875477841,0.08371500754148428,-0.016849719993700177,0.0753386134933121,0.05251050531412436,0.02282810817918774,0.0225860673539241,0.07456461510889423,-0.05197854775497013,0.1139790925135757,0.11072544530577617,0.003253647207799526,0.0797524123787521,0.07955956236513345,0.0001928500136186423,0.0856870782848409,0.071622222428122,0.014064855856718905,0.0806648181829224,0.07862659488550316,0.002038223297419234,0.0633305686435105,0.056056551431986346,0.007274017211524153,0.1502097706873634,0.0795897295279529,0.07062004115941051,0.126375646513621,0.09913039255897459,0.0272452539546464,0.1287503514559524,0.09711676116763826,0.03163359028831414,0.0502439243309911,0.047047030079372894,0.003196894251618204,0.0882013911812089,0.09180884261350314,-0.0036074514322942397,0.1010558504191945,0.08784016325378949,0.013215687165405013,0.0916304078807192,0.09190424469472495,-0.0002738368140057512,0.0345753777198847,0.03901941671975668,-0.004444038999871981,0.0749940973191657,0.05768520261733578,0.017308894701829926,0.0684458520573225,0.06462475441174789,0.003821097645574603,0.0929876529098505,0.09388496536971737,-0.0008973124598668641,0.0806504215066996,0.07281888002972943,0.007831541476970169,0.042567048515029,0.05558631402657239,-0.013019265511543386,0.1538416817932537,0.09094349370200445,0.06289818809124924,0.031032356146592,0.07493039578182743,-0.043898039635235434,0.1061671759586719,0.08275442881753628,0.023412747141135615,0.0179894388335268,0.042866404716034645,-0.024876965882507845,0.0381196543395811,0.03526289903492909,0.0028567553046520144,0.1138634926745427,0.0969131719848751,0.016950320689667592,0.046215381234772,0.07151588342335262,-0.02530050218858062,0.0438181308907583,0.05782242244614687,-0.01400429155538857,0.0566151874487804,0.06754399900575445,-0.010928811556974047,0.171100024777663,0.10297367694484061,0.0681263478328224,0.0866061116584287,0.06779663259716509,0.01880947906126361,0.0803400027455375,0.07897676848086672,0.0013632342646707762,0.0859740730519135,0.042837971069996574,0.043136101981916926,0.0556910947760145,0.06980708269186026,-0.014115987915845757
2016-04-01,0.0067157104022033,0.025202351033316854,-0.018486640631113556,0.0040651245091273,0.003535143084465494,0.0005299814246618058,-0.0300840594138416,-0.013703033184426843,-0.016381026229414758,0.0120398377507995,0.008388617998578892,0.0036512197522206077,0.0622655496363816,0.03971256493281998,0.022552984703561617,-0.0262758372709061,-0.0008883612945643591,-0.02538747597634174,0.0259783136793778,0.012449995434730288,0.013528318244647512,-0.0036160758768319,0.008983447025239392,-0.012599522902071293,-0.0480217903391426,0.007710456559564202,-0.0557322468987068,-0.0236904471821932,0.01212451693034388,-0.03581496411253708,0.0135427861915961,0.01739228648927414,-0.003849500297678039,-0.0035080149645699,-0.010794247048806403,0.007286232084236503,0.0191102285021137,0.01421721015645404,0.004893018345659661,-0.0799526290327684,-0.007217874469671236,-0.07273475456309716,-0.0806237759167777,0.02088283370323792,-0.10150660962001562,0.0116511484913769,0.0033081232089223777,0.008343025282454522,0.015678352501297,0.022435983603993365,-0.006757631102696365,0.0164379778869707,0.023915323808940528,-0.007477345921969827,0.0388577003797169,0.02055187246292804,0.01830582791678886,-0.0102151369492448,0.008290082044619364,-0.018505218993864165,0.0381203160059309,0.007111603833276208,0.031008712172654697,0.1712802130661174,0.03634447107785994,0.13493574198825747,-0.0180951134247968,0.012852846719851627,-0.03094796014464843,0.0902351109679269,0.03966007595342138,0.05057503501450552,0.0481173716098972,0.010314797827085425,0.03780257378281178,0.3781188943326313,0.007152585436910545,0.37096630889572074,0.0056344795501167,0.024343641375999123,-0.018709161825882423,-0.006268947070753,-0.002290205873133244,-0.0039787411976197565,-0.0283872993125778,-0.007751198412212707,-0.020636100900365096,0.0067588501196259,-0.006043018949962638,0.012801869069588537,0.009806057122128,0.023520578061634476,-0.013714520939506475,-0.0019097465460728,0.014757844201068569,-0.01666759074714137,0.0126869304574132,0.01089159577493376,0.0017953346824794401,0.0057804529927171,0.005046141487186803,0.000734311505530297,0.0038837957230224,0.011510408500476901,-0.0076266127774545014
2016-05-01,-0.015993209379728,0.011442043186445813,-0.027435252566173813,0.0154508948449214,0.011994430391621326,0.003456464453300074,-0.055978270614584,0.0026163836743224697,-0.05859465428890647,-0.0291991217947134,0.04870642926027845,-0.07790555105499185,0.0040344043594699,0.018036046227671985,-0.014001641868202085,0.0419074108729024,0.03478321552017256,0.007124195352729845,-0.0184324470764207,0.0035180773214373703,-0.021950524397858072,0.0050842900817416,-0.0022379206381486646,0.007322210719890265,0.0655166163577308,0.02034103191269675,0.045175584445034056,0.0218379517951115,0.016115351695664026,0.005722600099447472,0.0211509964105536,0.015512565235881438,0.0056384311746721615,0.0031748987960121,-0.006215301248671994,0.009390200044684095,0.0136921500893185,0.023728101577077287,-0.010035951487758786,0.0670600985170791,0.03415857125192706,0.03290152726515204,0.0672680645366938,0.045920549438582266,0.021347515098111537,0.0173133330787078,-0.00857773548353781,0.02589106856224561,-0.0198442434832983,0.004125539130301372,-0.023969782613599673,0.0223431577841568,0.008425674771202886,0.013917483012953915,0.0117760595699113,0.01680591690950309,-0.005029857339591791,0.0343609039314397,0.021368748197772295,0.012992155733667406,0.0141463153708794,0.013069959756832908,0.0010763556140464918,-0.0787924234614949,0.005863198234531229,-0.08465562169602613,0.04148976081314,0.013292245594118311,0.02819751521902169,-0.0163338598800144,-0.010320124076489152,-0.006013735803525249,0.0236118453586632,0.008793832146935755,0.014818013211727444,-0.1072417209502159,-0.008809201413119078,-0.09843251953709682,-0.0019999626167409,0.021178807486109088,-0.023178770102849987,0.0320815926741463,-0.0009095599225536508,0.03299115259669995,-0.006478233631568,0.007745270309648532,-0.014223503941216532,0.0267195194934803,0.025716325674926127,0.0010031938185541718,0.006355591640107,0.007195229475837009,-0.0008396378357300085,0.0273424290170747,0.013893880154413289,0.013448548862661412,-0.0303272880232109,0.010618337043740038,-0.04094562506695094,0.015275841583477,0.0004357563136172203,0.01484008526985978,0.0180598365149346,0.006807701242215272,0.01125213527271933
2016-06-01,0.0316094286218102,-0.007447289212157678,0.03905671783396788,0.0870617229836374,0.005477211177209638,0.08158451180642777,0.0212746387514832,0.020606716814767615,0.0006679219367155854,-0.0822333837592898,-0.005424016371830061,-0.07680936738745975,-0.0554478601782526,-0.025460606780240445,-0.029987253398012156,-0.0313540531237558,-0.004578893557451687,-0.02677515956630411,-0.0237118614390974,-0.0015674349152217716,-0.02214442652387563,0.0442251764301696,0.009279757894970085,0.034945418535199516,-0.0166926652289214,-0.005417228282984639,-0.011275436945936763,0.0070729074701723,0.0008619634225207343,0.006210944047651566,-0.0285106467506325,-0.0036311269633156435,-0.024879519787316857,0.0306471378138636,0.01782224573647792,0.012824892077385679,-0.018385731940249,0.001698026429725614,-0.020083758369974614,-0.0190223360227726,0.010988702370118045,-0.030011038392890647,-0.0526053238316087,-0.009878425738389632,-0.04272689809321907,0.0755673976031239,0.016421154587968074,0.059146243015155836,-0.0055252355209607,0.005082036329782466,-0.010607271850743165,-0.0113037752280448,-0.005368559331348747,-0.005935215896696053,-0.0070521825454463,0.0007115491055998752,-0.007763731651046175,-0.0101192063408018,0.005108360059129603,-0.015227566399931404,0.0437078314310612,0.007198673473543942,0.03650915795751726,0.1121176341685438,0.0017772696632399345,0.11034036450530386,0.003161596973232,-0.0021471732715372927,0.0053087702447692925,0.0309277691014405,-0.008421146934100678,0.03934891603554118,-0.0014517731107675,0.011917498248739253,-0.013369271359506753,0.2325668354429954,0.026276374501544377,0.206290460941451,-0.0368343745553634,-0.014523146629404264,-0.022311227925959132,-0.0205359549024686,0.005657399411250297,-0.026193354313718897,0.0027797840021954,0.011896351514673033,-0.009116567512477632,0.0025196578724666,0.008811396213393715,-0.0062917383409271145,0.0102939305738001,-0.005695706119486178,0.015989636693286277,0.0137211025994616,-0.004682750798947249,0.01840385339840885,-0.0115222564412304,0.0004287947038771866,-0.011951051145107586,0.0768995833374804,0.009337625837593299,0.0675619574998871,0.0266947243590139,0.0051714417254090156,0.021523282633604885
2016-07-01,0.0152223411388404,0.040500081930703265,-0.025277740791862867,0.0106024214606393,0.029504305647753453,-0.01890188418711415,0.0151177794498546,0.05807194689983436,-0.04295416744997976,0.0913100555826268,0.08683647411567487,0.004473581466951926,0.039730892252078,0.027671592360721274,0.012059299891356727,0.0681509969350216,0.04268333866214637,0.025467658272875227,0.0301784200882092,0.041836797876343555,-0.011658377788134354,0.0233120444372388,0.026547542830412045,-0.003235498393173244,0.0980530975407324,0.043589305929185924,0.05446379161154647,0.0416863172575796,0.0687138650123244,-0.027027547754744807,0.0752559910125336,0.06369308898100129,0.011562902031532304,0.0288151969503394,0.027197216924264654,0.0016179800260747446,0.0417576584733089,0.06552042377536038,-0.02376276530205148,0.0881907178173747,0.06276069114761673,0.025430026669757966,0.0685591333124475,0.05931320711414812,0.009245926198299385,0.0070153255783214,0.01826071770652039,-0.01124539212819899,-0.0005339443485882,0.03155976350166308,-0.03209370785025128,0.007081026443941,0.028995010158658137,-0.021913983714717138,0.057766935226043,0.05628270275986486,0.0014842324661781398,0.0706056415083917,0.05047319113829215,0.02013245037009955,0.0520606557289363,0.030238256046399323,0.021822399682536974,0.0571685501000044,0.04059431695400382,0.01657423314600058,0.0635909334608618,0.04674225921825172,0.01684867424261008,-0.0271045376420111,0.030222307448862243,-0.05732684509087334,0.0542355528161342,0.02296685838850513,0.03126869442762907,0.0952324250798271,0.017986988401753105,0.07724543667807399,0.0478819418036252,0.06282396183597416,-0.014942020032348964,0.0253882469373425,0.049371158505497136,-0.023982911568154637,0.0153245974681819,0.041151184212408765,-0.025826586744226866,0.0592284201922564,0.048237497333002664,0.010990922859253738,0.1036679813667533,0.056993190225562505,0.046674791141190795,0.0476630351508337,0.03650059295450942,0.011162442196324278,0.0492377390899877,0.04383726594767143,0.005400473142316273,-0.0030351054424424,0.02076143307012617,-0.02379653851256857,0.0302540125766714,0.043828326723974916,-0.013574314147303517
2016-08-01,0.002626844222873,0.021820203856195236,-0.019193359633322235,-0.0132124124624867,0.0013178255535892334,-0.014530238016075933,0.014401939837624,-0.016882818239034425,0.031284758076658425,-0.0020311234339437,0.0164916648215397,-0.0185227882554834,0.053847455457355,0.03814263186096654,0.01570482359638846,0.0162430526365066,-0.0006756099367753865,0.016918662573281985,0.039497091869631,0.009167686189889472,0.030329405679741524,-0.0367646448368355,-0.0030597853612535568,-0.033704859475581946,0.0301616361000248,0.0051691632997843155,0.024992472800240483,0.0056086067204159,0.016714651875336373,-0.011106045154920474,0.0042620876952875,0.021790955601478496,-0.017528867906190997,0.0096905282798091,-0.01857192884783225,0.02826245712764135,0.037282895153422,0.01357497049396526,0.02370792465945674,0.0317377622365353,-0.005224168801600799,0.0369619310381361,0.018573306926302,0.020366524711614188,-0.0017932177853121865,-0.0164463691528754,-0.008098511190899424,-0.008347857961975975,-0.0339828111973774,0.00809581214965886,-0.04207862334703626,0.0183140387189925,0.019627531864450397,-0.0013134931454578981,0.0331556880505835,0.016716230363885365,0.016439457686698133,-0.0088891009816465,0.004127360783850132,-0.013016461765496633,-0.0095379012273375,-0.004996791945786138,-0.004541109281551361,-0.0248798982346331,0.017768167151691355,-0.04264806538632446,-0.0337870541018571,0.011856026842566064,-0.04564308094442317,0.0050316599030186,0.030011128776816845,-0.024979468873798247,-0.0239378698722984,-0.0022222142323451368,-0.021715655639953264,-0.1709287920644923,-0.00950135998876248,-0.16142743207572982,-0.0258558806382766,0.03173296467749873,-0.057588845315775336,0.0066123356966795,-0.0004359634881802144,0.007048299184859714,-0.0080366477212626,-0.006521858128252548,-0.0015147895930100515,-0.0188760977979591,-0.007094195983834381,-0.011781901814124718,-0.0337840393658832,0.020369234567443915,-0.05415327393332711,0.0022047170257041,0.012324616544730419,-0.010119899519026318,0.0187509483423324,0.005439653492916702,0.013311294849415695,-0.0388277728657215,-0.0016319987504655928,-0.0371957741152559,-0.0118277033876453,0.00955481211666044,-0.02138251550430574
2016-09-01,-0.0257865439448915,-0.0018711560459331133,-0.023915387898958387,0.0030305407924105,-0.00243286403700467,0.00546340482941517,-0.0756483484190874,-0.0031493263893776395,-0.07249902202970976,0.006512391047679,0.02479280628365191,-0.018280415235972913,-0.0183742081709742,-0.0009308916154516074,-0.017443316555522594,0.010258229549491,0.004048856848592338,0.006209372700898662,-0.0159796705290913,-0.007041521051159555,-0.008938149477931746,0.0036475466145662,-0.0038350281175777707,0.007482574732143971,0.0389146195368451,-0.0008292885527405573,0.03974390808958566,-0.0364277264127814,0.003708411437166948,-0.04013613784994835,-0.0205780153249913,0.003131871926630196,-0.023709887251621493,0.0021399366486937,-0.01269316763337332,0.01483310428206702,0.0088549641345135,0.0151788489993609,-0.0063238848648474,0.0520430987685718,0.004960739867571436,0.04708235890100036,0.0603718210672171,0.023145848827908568,0.03722597223930853,-0.0359083903390812,-0.00660378481678525,-0.029304605522295947,-0.0113605453938126,0.01279675617946992,-0.024157301573282518,0.0087080205105462,-0.0005016600258772566,0.009209680536423456,0.0225585534826943,0.006265503894875708,0.016293049587818593,0.0216731724236389,0.012625778412641375,0.009047394010997524,0.0066445656081906,0.006894444863043632,-0.00024987925485303163,0.0343706012986787,0.0074361117777342655,0.026934489520944436,-0.017647175586388,0.003983715009996382,-0.021630890596384383,0.0249066990896146,-0.008965352352038814,0.033872051441653415,-0.003574460189768,0.008382234279860136,-0.011956694469628135,0.0456076572768445,0.0007833862471095797,0.04482427102973492,-0.0205915025257816,0.007655204137110337,-0.028246706662891936,-0.0504428542305693,-0.00794583552043967,-0.04249701871012963,-0.0150369463185307,-0.005540457670990276,-0.009496488647540425,0.0045269222304887,0.0056926858430920955,-0.0011657636126033953,0.0390296051517322,-0.002458390068478281,0.04148799522021048,-0.0110089574763442,0.001381759658328712,-0.012390717134672912,0.0236459561175415,-0.0011834471354524334,0.024829403252993935,0.0229577720943213,-0.005152143682254877,0.028109915776576178,-0.0236085475609634,0.0008579881553419976,-0.024466535716305398
2016-10-01,0.0023635992766328,-0.0059728275411726015,0.0083364268178054,0.0108858146242363,-0.0030167361446941307,0.013902550768930431,-0.0505822364062765,-0.04835958022655018,-0.0022226561797263206,-0.0342660541510088,-0.06791196116582073,0.033645907014811925,0.0275271951319045,0.011748680517296198,0.015778514614608302,0.0032717784839123,-0.019509916115972508,0.022781694599884807,-0.0246607540419629,-0.016476868966023336,-0.008183885075939562,-0.0487259137398996,-0.015380039547870851,-0.03334587419202875,-0.0242587753226376,-0.021350446276367903,-0.0029083290462696976,-0.0410985821510765,-0.037121040670310246,-0.003977541480766254,-0.0303981359028125,-0.030442061780185044,4.392587737254289e-05,-0.0309439869064672,-0.013280012241686267,-0.01766397466478093,-0.0394419353308223,-0.05040652590548065,0.010964590574658352,-0.0086868848283944,-0.02815524521625158,0.01946836038785718,0.0746811602749591,-0.039251781642515575,0.11393294191747466,0.0006071625607192,-0.005623699179015997,0.006230861739735197,-0.0672459625431219,-0.03597509640363662,-0.03127086613948528,-0.0012976398596248,-2.1587383131678152e-05,-0.0012760524764931218,-0.0402934520514035,-0.02827658105155166,-0.01201687099985184,-0.0598085340894978,-0.040600729565123936,-0.019207804524373866,-0.0685980379967276,-0.027650173327872802,-0.040947864668854805,0.0890211440775389,-0.024214637798714054,0.11323578187625295,-0.0162108298630999,-0.02857332346292312,0.012362493599823221,-0.0176293427749313,0.002856332129380661,-0.02048567490431196,-0.0769778223552264,-0.017232352291662065,-0.05974547006356434,-0.053997133951434,-0.008278086112160438,-0.04571904783927356,-0.0808959087941177,-0.032780899090169735,-0.04811500970394797,0.0329538110141307,-0.03147168354451761,0.06442549455864832,-0.0317254771655862,-0.016614844623678023,-0.015110632541908177,-0.0417097336989241,-0.029886278305379748,-0.01182345539354435,-0.0300715932817327,-0.027420522585887497,-0.002651070695845203,-0.0274295207443621,-0.014595559187025431,-0.012833961557336668,-0.0197537601484801,-0.024090902021724828,0.004337141873244729,-0.0037512464916195,-0.001014238521720277,-0.002737007969899223,-0.0885934316355094,-0.020025917925040063,-0.06856751371046933
2016-11-01,0.0702425331816965,0.09900776640073682,-0.028765233219040315,0.0354889031925718,0.03265965717030069,0.002829246022271109,0.0068516284320977,0.05702559959655039,-0.050173971164452685,0.0436567045945515,0.07232958759455957,-0.028672883000008066,0.1062153791421,0.10238857001643667,0.0038268091256633274,-0.0022033580727406,0.008279632595562829,-0.010482990668303428,0.0890470383590705,0.09039440652680114,-0.0013473681677306365,0.0499150075238885,0.055630269152117676,-0.005715261628229176,0.0268188017658715,0.05313848855073401,-0.02631968678486251,0.0670382731668391,0.11227834375570182,-0.04524007058886273,0.0858221049177642,0.11722342697038586,-0.031401322052621666,-0.0450678404299754,0.0287938351475495,-0.0738616755775249,0.0865482953635762,0.08768943182977613,-0.0011411364661999407,0.0204945501110439,0.025412985662795897,-0.004918435551751997,0.0301761082484195,0.05178085768579647,-0.021604749437376967,-0.0574609768959929,0.040689996203701034,-0.09815097309969394,-0.0229068650256164,0.07118822830274515,-0.09409509332836155,0.1038947666389838,0.08025654404961692,0.023638222589366875,0.1148705612498067,0.09933278417855808,0.01553777707124862,0.0295122841502862,0.0520888947306078,-0.0225766105803216,-0.0453726514627012,0.02648770406284316,-0.07186035552554436,0.1698387641757411,0.11164103425951921,0.05819772991622188,0.0914652286787355,0.07861869882192972,0.012846529856805775,0.0807188666212947,0.14813609216342666,-0.06741722554213196,0.0296963172581216,0.025234616290990036,0.004461700967131565,-0.1381843779329497,0.03682591459186059,-0.17501029252481026,0.1003096710542679,0.12375629220310869,-0.023446621148840788,0.0312999913138009,0.08318883362163192,-0.051888842307831015,0.0780304240777602,0.039049934779158225,0.03898048929860198,0.0234978129549268,0.016494925835826634,0.0070028871191001665,0.213766691575014,0.13079147442320616,0.08297521715180783,0.0417288859232923,0.06527152078707688,-0.02354263486378458,0.0871321277341435,0.07280984868000942,0.01432227905413408,-0.0315846309237608,0.03793377726399671,-0.06951840818775751,0.0949455849632406,0.08048493480263226,0.014460650160608338
2016-12-01,0.0232916375639545,0.03772719338777507,-0.014435555823820567,0.0282250667799125,0.018816396775957863,0.009408670003954636,-0.0027351502951677,0.012313333399514698,-0.015048483694682398,0.0525017167239613,0.023018752255979696,0.029482964467981602,0.0474198044835474,0.04393107381944665,0.003488730664100749,0.0020529880142603,0.01322813283434969,-0.01117514482008939,-0.0025269793596159,0.0308154213937066,-0.0333424007533225,0.0417605925079125,0.013547434229117567,0.028213158278794934,-0.0001581723925455,0.021825004590109026,-0.021983176982654527,0.0072265925096422,0.03810712822131972,-0.030880535711677516,-0.0087989935563099,0.040699352712962544,-0.04949834626927244,0.0095285967284106,0.0097106101119572,-0.0001820133835466007,-0.0042540966381392,0.022846541962681877,-0.027100638600821077,0.0314127990500323,0.020254605849893744,0.011158193200138559,-0.0201295589063133,0.019287940959465875,-0.03941749986577918,0.0560154579385615,0.010770183169409944,0.04524527476915155,-0.0003853690444875,0.007522270063160275,-0.007907639107647775,0.0176668843993253,0.030758044039314213,-0.013091159639988914,-0.0084249267825324,0.03229723047103214,-0.04072215725356454,0.003693238261035,0.01236356482253853,-0.00867032656150353,0.0148338359160935,0.0026295785411124765,0.012204257374981023,-0.0838458312522289,0.026390453980998492,-0.1102362852332274,0.0312341491990443,0.024271871436628248,0.006962277762416053,0.0227961636102587,0.04674100663399777,-0.023944843023739074,0.0037332296099974,0.0033076075856530588,0.0004256220243443413,0.0285221762327537,0.005680860838365038,0.02284131539438866,0.0394794349540149,0.04206707505513257,-0.002587640101117665,-0.0994401237163521,0.02528972090094827,-0.12472984461730036,-0.0094678596448644,0.018790022179861827,-0.028257881824726227,-0.0009357775015807,0.010098933817916841,-0.01103471131949754,-0.0192596573730944,0.04111341686158264,-0.06037307423467704,0.036767378302798,0.024005825297659402,0.012761553005138596,0.0047405320623791,0.023241654057219965,-0.018501121994840865,0.0409637920849486,0.015500332832492606,0.025463459252455994,0.0170865815367736,0.026667369161919554,-0.009580787625145953
2017-01-01,-0.0160329728591098,0.006896989089318727,-0.02292996194842853,0.0014615097558006,0.015899509138535804,-0.014437999382735203,0.0112348460984752,0.01484666499516501,-0.0036118188966898102,0.0555433058178999,0.03945105873700964,0.016092247080890264,0.0169522026393942,0.0038783393814149974,0.013073863257979202,0.0507820871542755,0.03591517199725862,0.01486691515701688,0.0494674409103758,0.0037237597648253546,0.04574368114555044,0.0404973633444714,0.007611584175217328,0.03288577916925407,0.0187253819032563,0.020571687436227507,-0.0018463055329712083,0.0527358236933093,0.010717666540657594,0.042018157152651704,0.0315793230286453,0.007726687340537713,0.02385263568810759,0.0295011565537994,0.008725581284499932,0.02077557526929947,0.0456128986787556,0.020952450781013116,0.024660447897742483,0.0286875855649994,0.03980565865255844,-0.011118073087559039,0.0555047278279258,0.038886950975740964,0.016617776852184837,0.0119710241651106,0.0042296230205828384,0.007741401144527762,0.0170503801059124,0.009304131384707247,0.007746248721205154,0.0188297797113426,0.005123527342217721,0.013706252369124879,0.0496997117897591,0.015305075623979383,0.034394636165779716,0.0729209967288823,0.023901111479459388,0.04901988524942291,0.0686336920064897,0.02257578103948619,0.0460579109670035,0.1739559000573969,0.010651288039393502,0.1633046120180034,0.0120762342063611,0.010806700208397746,0.001269533997963354,-0.0372241631189374,-0.014870012241154064,-0.022354150877783335,0.0077420128677121,0.018752363756019127,-0.011010350888307027,0.1408466858372694,0.008791381546377654,0.13205530429089174,0.0103480760064789,0.006146331336313764,0.004201744670165136,0.0033657658301233,0.0009018627858102392,0.002463903044313061,0.0102654943319703,0.013710415427591478,-0.0034449210956211777,0.0199847304176021,0.0319250303716492,-0.011940299954047096,0.0540987876730378,0.002941410156230569,0.05115737751680723,0.0127797250732647,0.011769251473366415,0.0010104735998982851,0.0375763717082426,0.013147223642133372,0.024429148066109227,0.0129052691082986,0.007831466796235429,0.005073802312063171,0.0191682858012091,0.007445542512173105,0.011722743289035994
2017-02-01,0.044244156317197,0.0305056677309711,0.013738488586225898,0.0640855757175846,0.030408573981735368,0.03367700173584923,0.0372591544998101,0.027553854531994642,0.009705299967815457,0.0073820305161395,0.05831537045693925,-0.05093333994079975,0.0404445844230078,0.031027753569698058,0.009416830853309743,0.0297542109153165,0.05471437752083928,-0.024960166605522784,0.0134968939534578,0.025242517352305642,-0.011745623398847842,-0.0050710881124057,0.018977604628294814,-0.024048692740700515,0.0615057734961225,0.04150832152530018,0.019997451970822318,0.0432769387247136,0.033548285790642236,0.009728652934071366,0.0381352014697687,0.031445288063426086,0.006689913406342611,0.0479143415296718,0.020373522615728192,0.027540818913943606,0.0170604816823164,0.03594431355215517,-0.018883831869838767,0.0734242124940423,0.06004619215379512,0.013378020340247175,-0.0009556746013093,0.05555500824322242,-0.056510682844531715,0.0116742880354119,0.011904832020421845,-0.00023054398500994486,0.05088458377866,0.013540489199511258,0.037344094579148744,0.0251858828202895,0.023212153857299037,0.0019737289629904627,0.0175990962772367,0.03560082091156283,-0.01800172463432613,0.0366311937213741,0.03469130503930066,0.0019398886820734401,0.0526880043449682,0.030086672599351556,0.022601331745616647,-0.1126007644640052,0.02688569439441716,-0.13948645885842237,0.0038000424639424,0.027290088075708818,-0.023490045611766416,-0.0212610372365265,0.009380804199117668,-0.03064184143564417,0.0726269249970093,0.022602978080399388,0.05002394691660991,-0.054964714290373,0.010577880744318872,-0.06554259503469187,0.1189925751767377,0.03015779182130162,0.08883478335543607,0.0735120976040428,0.018705138966401354,0.05480695863764144,0.0249095236687265,0.028600297474834082,-0.0036907738061075814,0.0263514487143989,0.04537129588530364,-0.01901984717090474,0.0413239953416243,0.02890445178099008,0.012419543560634221,0.0412438372852922,0.028993455101708702,0.012250382183583496,0.022195512712186,0.03181165106987506,-0.009616138357689059,0.0329104000677165,0.018855436807061143,0.014054963260655355,0.0239781156195514,0.02312702682768436,0.0008510887918670405
2017-03-01,-0.0111306611893449,-0.013105764059724372,0.0019751028703794728,0.0099697153559255,0.0029796736121236074,0.006990041743801892,-0.007336709079912,0.015268311103426482,-0.022605020183338483,0.0156881214463091,0.024464109043081064,-0.008775987596771964,-0.0222552601491967,-0.026124905793308572,0.003869645644111873,0.0155642329802139,0.010264236398541956,0.0052999965816719445,0.0171756296823103,-0.009839653083584744,0.027015282765895043,0.0075698665207715,-0.004538427945405536,0.012108294466177037,0.0135708694877086,-0.001381404579966787,0.014952274067675388,0.0414615960396644,0.0036853533164301305,0.03777624272323427,0.014401361888065,-0.0015319020256474936,0.015933263913712494,-0.0032633348802859,0.003041785004623444,-0.006305119884909343,0.0202640141214399,0.010866929252839034,0.009397084868600867,0.0375625863303441,0.02225309270798983,0.015309493622354273,0.0590786998384162,0.01270798780377663,0.04637071203463957,-0.0122329783997949,-0.0016026973919371552,-0.010630281007857746,-0.0183732167409126,-0.0012773060307147244,-0.017095910710197875,-0.0065277773875368,-0.011756249813410346,0.005228472425873546,0.0168525663219526,-0.0004338872905373645,0.017286453612489965,0.0110856634832872,0.012017309193428746,-0.0009316457101415463,0.0118120741070081,0.005767041166356812,0.006045032940651289,0.020713095792639,-0.012647044157426759,0.03336013995006576,0.0269124129631528,-0.0004134081143778459,0.027325821077530645,-0.0033637408944457,-0.0315844409429016,0.028220700048455904,-0.0072541876040992,0.006530244123722205,-0.013784431727821405,0.0006842221352651,0.0051148446812104165,-0.004430622545945316,-0.008231584741032,-0.005283436047424779,-0.0029481486936072205,0.0160496820831952,-0.00017312393561898205,0.016222806018814182,0.0276051358766052,0.009086742125961791,0.01851839375064341,0.0180215254197778,0.01783939980562082,0.00018212561415698048,-0.0459668565247815,-0.012819074114534415,-0.03314778241024709,-0.0146909278128247,-0.004399929414075476,-0.010290998398749224,0.0048785002731429,-0.0031926497350096704,0.00807115000815257,0.0068730383076459,-0.0015742436586464732,0.008447281966292373,-0.0092914890327089,0.0001733816905785226,-0.009464870723287423
2017-04-01,0.0129845461316253,0.0036006401663981435,0.009383905965227157,0.0150664380774211,0.012603441510903117,0.002462996566517984,-0.003575430904765,0.024508765315153523,-0.028084196219918523,0.0211941196997157,0.03496330453975974,-0.013769184840044038,-0.0176203700839041,-0.00747023845318362,-0.010150131630720479,0.0397585263289803,0.019711728273189545,0.02004679805579075,0.0015770437428299,0.006038985855540788,-0.0044619421127108875,0.0089440666682778,0.002072473968529107,0.006871592699748692,0.0201958227753491,0.011322065841233507,0.008873756934115592,0.0014778904777293,0.021480874003096038,-0.020002983525366738,0.0138796840848821,0.016967356851201588,-0.0030876727663194884,-0.0048445189202715,0.01125442058810738,-0.01609893950837888,-0.0034428081901884,0.019991661624891757,-0.023434469815080156,-0.0061225913751907,0.03427011808225846,-0.04039270945744916,0.0356031764453414,0.019594805591682214,0.01600837085365919,0.0135173082076678,0.003467767424655484,0.010049540783012316,0.0238233379923796,-0.0013642252509031678,0.025187563243282765,0.018064396007669,0.0008992628116464179,0.017165133196022583,0.0388196362946095,0.013099107950274093,0.025720528344335407,0.0399680356118243,0.016997547268072646,0.022970488343751653,0.0355884267554252,0.006917034993766606,0.028671391761658595,-0.0381655653575403,-0.004430600521825402,-0.0337349648357149,0.0016212168073112,0.010885808806036576,-0.009264591998725376,-0.0257227272884632,-0.012515024107898825,-0.013207703180564374,-0.0013649035389137,0.005890465885345602,-0.0072553694242593015,-0.0294479039580602,0.004947071331575717,-0.03439497528963592,0.0472101788729873,0.013200174425484632,0.03401000444750267,-0.0380476968268636,0.014729745985928208,-0.05277744281279181,0.0566029097932817,0.020488528441806424,0.03611438135147527,0.0333862612864264,0.02469713254696976,0.008689128739456636,0.0231169767150661,0.00636821019888352,0.01674876651618258,0.0021703383861384,0.006875260546576407,-0.004704922160438007,0.0195564205308355,0.008815579177521942,0.010740841353313556,0.0026800723580927,0.005925596634400336,-0.003245524276307636,-0.0467986014090756,0.011951182463290366,-0.05874978387236597
2017-05-01,-0.0078057616443529,-0.008488254846769358,0.0006824932024164588,0.0216888843119989,0.01433225650088551,0.007356627811113391,-0.0285798983540124,0.011609640437993844,-0.04018953879200624,0.018331683893042,0.02113623526536469,-0.002804551372322689,-0.0115104270438569,-0.016233702951884622,0.004723275908027723,0.0356833707583916,0.03316581847218142,0.00251755228621018,-0.013390238677524,-0.008003355852509154,-0.0053868828250148455,0.0027573767101628,0.00033636590692759903,0.002421010803235201,-0.0167494087367322,0.01141494331770383,-0.02816435205443603,-0.0199901454041165,-0.004955830646497629,-0.015034314757618872,-0.0242611024042156,-0.009579762838037813,-0.014681339566177789,0.0248264701284569,0.011816456968695389,0.013010013159761512,0.0029552743073258,0.0032446294283941268,-0.0002893551210683266,0.0697304536510678,0.039590492028116264,0.03013996162295153,0.0280647116415416,0.02160252182518004,0.006462189816361562,-0.0076109453964097,0.0026126206359238183,-0.010223566032333518,-0.0431073133532893,-0.008422933712375555,-0.03468437964091375,0.0124238077870748,-0.007602506956838109,0.020026314743912907,0.0305079837842937,-0.0012668731846515722,0.03177485696894527,0.0319217905874214,0.012378036984671005,0.019543753602750395,0.0295343785364631,0.015117896255436563,0.014416482281026537,-0.0550003946406448,-0.012083746296955293,-0.04291664834368951,0.001087487529907,-0.002689128085228184,0.003776615615135184,-0.03122860508103,-0.0373049306745754,0.006076325593545401,0.0084751545608973,0.012815263875701489,-0.00434010931480419,0.0093470207554183,0.006918560282608859,0.0024284604728094412,0.0043212379583124,-0.01610687424875523,0.02042811220706763,0.0471970381034866,-0.006977305044858693,0.054174343148345294,0.0613845978509353,0.014280693970760046,0.047103903880175255,0.0242752848264688,0.03043575556160759,-0.006160470735138788,-0.0331878333544952,-0.017434392429273016,-0.01575344092522218,0.0009281421806708,0.0005735112314703353,0.00035463094920046474,0.0176199758043255,0.0018604591596028354,0.015759516644722665,0.0165454440928125,0.005908188551633393,0.010637255541179107,0.019138028282885,-0.0029647609804112334,0.022102789263296237
2017-06-01,0.0036382301567351,0.01787912017604002,-0.014240890019304921,0.0082456137628314,0.0014844325307598878,0.006761181232071511,0.1051861689223618,-0.005043423738931528,0.11022959266129333,0.033545151515398,0.02961004390060501,0.0039351076147929875,0.0665173478010145,0.02704590768357767,0.03947144011743682,-0.0082788747286868,0.0029792600548044054,-0.011258134783491205,0.0235177582852564,0.00831578879098244,0.015201969494273961,-0.028265679668388,0.0008250430542668053,-0.029090722722654803,-0.0340113212367766,0.007006882834142963,-0.041018204070919564,0.0572506108411506,0.020108592859846303,0.0371420179813043,0.0222792898460965,0.02271404673712221,-0.0004347568910257095,-0.0018866351799448,-0.014358770545412182,0.012472135365467383,0.0287762362445427,0.023401498181532636,0.005374738063010063,-0.0443898978075148,0.0018733138913356157,-0.04626321169885042,-0.0017413404915935,0.028235374275874223,-0.029976714767467723,-0.0349965930843029,-0.005005937187751925,-0.02999065589655097,0.0561005227941962,0.017798910586311556,0.038301612207884646,0.0394166084241264,0.015883221468113058,0.02353338695601334,0.0032858023658673,0.020156221636523957,-0.016870419270656658,-0.0068378648636517,0.014051612614222185,-0.020889477477873886,0.0420495246033566,0.003914898886492701,0.0381346257168639,-0.0082722530958016,0.02223407437171713,-0.03050632746751873,0.0281034760489653,0.01524528704293585,0.012858189006029449,-0.0060150118045146,0.021914965215489832,-0.02792997702000443,0.0425621187917822,0.00544465505178722,0.03711746373999498,-0.0312964447743531,-0.0023894480814163847,-0.02890699669293672,0.0224685764093999,0.031346720175435945,-0.008878143766036045,0.0177225600557603,0.002808494759893308,0.014914065295866993,-0.0214700321166925,-0.0034050950020050666,-0.018064937114687433,-0.0311370892198009,0.001140930329919487,-0.032278019549720385,0.0447790253633014,0.02006284453452089,0.024716180828780514,0.0379047608823075,0.01259258202261526,0.02531217885969224,0.031690607777181,0.00840526398110403,0.023285343796076975,-0.0050687087993453,-0.0011388624093596053,-0.003929846389985695,0.0048275613973679,0.011848022196571904,-0.007020460799204004
2017-07-01,0.0265822940356818,0.018268897025099495,0.008313397010582306,0.013703723822975,0.01677564655958911,-0.0030719227366141095,0.0079302992058715,0.005847466580599782,0.0020828326252717187,0.0030088125735642,0.02494754898658171,-0.02193873641301751,0.0197247722943353,0.022705930914571557,-0.002981158620236256,0.0401710016895309,0.028557216787309634,0.011613784902221268,0.0212269193033929,0.011232299952411583,0.009994619350981318,0.0517898858391472,0.011639198100246977,0.04015068773890022,0.0211399778369308,0.02090576388708401,0.0002342139498467885,-1.5323801787961818e-05,0.011938877893099057,-0.011954201694887019,0.0090543307876787,0.012288526182138751,-0.003234195394460052,0.0195065381681425,0.007527909674282913,0.011978628493859587,0.0109624270881324,0.016212496093734634,-0.005250069005602235,0.0376860914699832,0.028508051495484646,0.009178039974498557,0.0670004072748463,0.032139711959857827,0.03486069531498847,0.0154056748348592,0.007887851725377548,0.007517823109481653,-0.0214485352583323,0.011177886956356329,-0.03262642221468863,0.0358214758704856,0.01589228544607499,0.01992919042441061,0.0163112274616044,0.018991694264798447,-0.0026804668031940454,0.008490570305865,0.01758235813934085,-0.009091787833475851,-0.0054507454476711,0.01871518161071167,-0.024165927058382768,0.1393186265195144,0.02146343486810811,0.11785519165140629,0.0259063830944519,0.012463317108495462,0.013443065985956437,0.0327663277093257,0.0090927134951896,0.0236736142141361,0.0097994903713984,0.01689124926030724,-0.007091758888908841,0.0524214592562547,0.010448138790039271,0.04197332046621543,0.0257348731088718,0.01204538062351844,0.01368949248535336,-0.0493350398397215,0.0017767228184729345,-0.051111762658194435,-0.0351856406609484,0.010386771623004215,-0.04557241228395261,0.0106129471597547,0.021604910712285954,-0.010991963552531254,0.0032144725283836,0.013104766283802303,-0.009890293755418703,0.0169237900585764,0.015949999552835634,0.0009737905057407674,-0.0133676258711151,0.0158703655372409,-0.029237991408356,0.0294170473299563,0.011553353073406675,0.017863694256549625,-0.0085066983017115,0.01076293331688263,-0.01926963161859413
2017-08-01,-0.0099797080013723,-0.008711326063198858,-0.0012683819381734424,0.0186827761127455,0.005576112797317042,0.013106663315428457,-0.0633508191023387,-0.007057263580847049,-0.05629355552149165,0.023292520669266,0.01579986988087765,0.007492650788388351,-0.0082263935487972,-0.006682835917314719,-0.0015435576314824818,0.0188955569997002,0.02048877049945293,-0.0015932134997527318,0.0027150025965767,-0.01283759931424774,0.015552601910824441,-0.0170055023794685,-0.011491871451751208,-0.005513630927717292,0.0178802213589571,0.0026339797117829397,0.015246241647174159,-0.0021253933565723,-0.0071455001071347325,0.005020106750562432,-0.0189703122128777,-0.008662820107500219,-0.010307492105377482,-0.0006928224365354,-0.006170282634928327,0.005477460198392927,-0.0429475406775834,-0.0019342155368874227,-0.04101332514069598,0.0591342968125091,0.021564992400033588,0.03756930441247551,-0.0012594646338681,0.0170595612648709,-0.018319025898739,-0.0372934958601528,-0.010128736806479046,-0.027164759053673753,-0.029035370107753,-0.014686908496638076,-0.014348461611114922,-0.0059029969480662,-0.007118235362266384,0.0012152384142001841,-0.0151507863877706,-0.006171370089113355,-0.008979416298657245,0.0391428576636066,0.002825540253496104,0.0363173174101105,0.0013404591746167,0.0007713400632579335,0.0005691191113587665,0.0619542957907266,-0.019305830931750954,0.08126012672247755,-0.0006302683972052,-0.0058383641936957335,0.0052080957964905335,-0.0402257589997436,-0.03188115994953472,-0.00834459905020888,0.0234532685101966,0.0006261103398628473,0.02282715817033375,0.0596516045016515,-0.009025807843450117,0.06867741234510162,-0.0266637112509526,-0.008376926754723785,-0.018286784496228815,-0.0972418618156005,-0.013559446748361537,-0.08368241506723896,0.0137304976880966,0.0026555718465661187,0.011074925841530482,-0.0156393565291862,0.01481709834739397,-0.03045645487658017,0.014426271454214,-0.018770692175455468,0.033196963629669465,0.0049661545316004,-0.0025595133195750663,0.007525667851175467,0.012504800706898,-0.006646537786059617,0.019151338492957616,0.0168944697307414,-0.003305091197953176,0.020199560928694578,-0.0620774678726087,-0.007489472726590797,-0.0545879951460179
2017-09-01,0.0151148151741959,0.04693570386317702,-0.03182088868898112,0.026691939674844,0.013986385099481965,0.012705554575362037,0.0072833077095816,0.02686089237848035,-0.019577584668898747,0.0650977118808677,0.05375636260733774,0.011341349273529963,0.0545714159694095,0.04913466579287937,0.005436750176530135,0.0121858027079887,0.007023803479594269,0.0051619992283944306,0.0666903328324337,0.03992863836493184,0.02676169446750186,-0.0097872731473977,0.024279832900453144,-0.03406710604785085,0.0393864172669579,0.025879177790460076,0.013507239476497825,0.0633154977432371,0.05844604882383668,0.004869448919400415,0.0778869692615135,0.06037103216968979,0.017515937091823718,-0.0073947098734051,0.005551427416368946,-0.012946137289774045,0.0718430585280605,0.05400172415768595,0.01784133437037455,-0.005156701451688,0.015641945712146485,-0.020798647163834484,0.0436879455477533,0.041127012428888596,0.002560933118864704,0.0253016281775132,0.014800142378542417,0.010501485798970785,0.0150084948688785,0.04339885453171326,-0.028390359662834756,0.0223924871383811,0.03851012123772001,-0.01611763409933891,0.0807433454177216,0.052795761277544456,0.027947584140177145,0.0327362232260444,0.0344142662265051,-0.001678043000460698,0.0114544830881785,0.017351828361420393,-0.005897345273241893,-0.0761539467196237,0.05850374047292101,-0.1346576871925447,0.0380269933142646,0.041883963335543804,-0.003856970021279202,0.1046320315566899,0.0659276690974286,0.0387043624592613,0.022441662305832,0.017164944886411078,0.005276717419420922,-0.0636649350849949,0.017017853748972845,-0.08068278883396775,0.0197179309523359,0.06714210526391495,-0.047424174311579054,-0.0034140196694866,0.036807452001683984,-0.040221471671170586,-0.0098213070727293,0.015774766310221764,-0.025596073382951064,0.0317313417979557,0.012142986632271877,0.019588355165683823,0.0310575150888273,0.06291112082266567,-0.03185360573383837,0.0251576737641566,0.03310290782656685,-0.00794523406241025,0.0402124691357668,0.03510676772201755,0.005105701413749254,-0.0127893328897187,0.014575519501020326,-0.027364852390739026,0.0382959514592145,0.04016369785511896,-0.0018677463959044585
2017-10-01,-0.0477093047244252,0.025513230539141115,-0.07322253526356631,0.0131177929514383,0.022235939766595065,-0.009118146815156766,0.0341431791783055,0.008233985467875472,0.025909193710430024,0.0200270295362025,0.04410981315739917,-0.024082783621196667,0.0277362845209749,0.03399932515105204,-0.006263040630077144,0.065244722651034,0.0406109314314843,0.024633791219549693,0.0486781275996687,0.01747012370656659,0.031208003893102108,-0.0456932990989889,0.0031774892978466297,-0.04887078839683553,0.0173332184202615,0.02927988009901984,-0.011946661678758339,0.0824407053106967,0.027369021535051684,0.05507168377564501,0.0266512788106931,0.027817741855557066,-0.0011664630448639662,-0.0281785956863244,0.004825731065742472,-0.033004326752066875,0.0664626447537391,0.022203586840793342,0.04425905791294576,0.0937104694897617,0.04292428583058426,0.050786183659177433,0.0187882441837301,0.04095563405362227,-0.02216738986989217,0.007730221687884,-0.001674604732473125,0.009404826420357126,-0.084740445538206,-0.004419000471292216,-0.08032144506691379,0.0341560959515332,0.019417693046068725,0.014738402905464472,0.0518667597414639,0.023969162539724278,0.027897597201739625,0.0471483101520296,0.01829729705833105,0.028851013093698554,0.036531163558152,0.009264802793456445,0.027266360764695557,0.0076643699109152,0.006910523295911171,0.0007538466150040293,0.0105599913259575,0.01892702347312136,-0.00836703214716386,-0.0052504230915847,0.0075161451111207915,-0.01276656820270549,-0.0284270957009492,0.004757158611018801,-0.033184254311968,-0.0565022879246925,-0.008255092433039552,-0.04824719549165295,0.0392070830434484,0.03094662808920436,0.008260454954244042,-0.0484690918196332,0.011723336219578821,-0.06019242803921202,0.0324104744625096,0.019639695667771268,0.012770778794738334,0.0583781514740022,0.028669284239642115,0.029708867234360087,0.0369041784168065,0.020854048809803967,0.016050129607002535,0.0099075333017656,0.02168340345199973,-0.01177587015023413,-0.0051410165987985,0.018788684296432333,-0.023929700895230832,0.0134088731376119,0.009523898860034694,0.0038849742775772054,-0.018417806884036,0.015495334932311691,-0.03391314181634769
2017-11-01,1.7656522307282828e-05,0.0351468624634764,-0.03512920594116911,-0.001910620798051,0.03251972032466223,-0.03443034112271323,0.0870639872447053,0.05072900548108363,0.03633498176362166,-0.0069961525234572,0.044258988456414024,-0.051255140979871223,0.0242478872161532,0.020995543144488982,0.003252344071664217,0.0039811743106975,0.034408222784420996,-0.030427048473723496,0.0122146949727611,0.038433959396183215,-0.026219264423422116,0.0449910191506208,0.029073732441238898,0.015917286709381903,0.0459151488437999,0.0356638266580705,0.010251322185729404,0.1012451520380381,0.049535349237061,0.0517098028009771,0.0374430159204929,0.04533494986615044,-0.007891933945657542,0.039235725232675,0.038792933703238094,0.0004427915294369089,-0.0147328288419859,0.0379841607352572,-0.0527169895772431,0.022173211635457,0.05490762820978935,-0.03273441657433235,0.0340842809909505,0.029086055823516668,0.004998225167433829,0.0711294978485412,0.028262030513696794,0.0428674673348444,0.0658397653430581,0.01539121846530203,0.05044854687775607,0.0431730971405828,0.02631422171844656,0.01685887542213624,0.0155648446464678,0.04153066259218667,-0.02596581794571887,0.0184360689500508,0.031561193865797615,-0.013125124915746817,0.0382835809239579,0.02324863009415886,0.01503495082979904,0.0518407213369332,0.03025078671025747,0.021589934626675734,0.0278406103362205,0.03230289444300852,-0.004462284106788016,0.0200078635907586,0.030574095463269467,-0.010566231872510868,0.0249630979564833,0.019847370691583696,0.005115727264899603,-0.0164813396156203,0.0273600622977886,-0.0438414019134089,0.0451553546291329,0.03612942486500687,0.009025929764126028,0.0737559725441047,0.04260636507919936,0.031149607464905332,0.0506271835949373,0.042374993013941105,0.008252190580996195,0.0879709074787623,0.03951539567029851,0.04845551180846378,-0.0037316559098827,0.043952772202119135,-0.04768442811200183,0.0387892041844411,0.028540350158389797,0.010248854026051305,0.0271178335778231,0.03668260448897315,-0.009564770911150048,0.0179188137783387,0.028037610824917538,-0.010118797046578837,0.0338538394052382,0.036500057629543795,-0.0026462182243055937
2017-12-01,0.0179349164145842,0.011176702018872617,0.006758214395711582,0.0384757730699732,0.014567003533353945,0.023908769536619252,0.0513871494573994,0.015770946186934476,0.03561620327046493,-0.0014618658168768,0.0005509632772271475,-0.0020128290941039476,0.0218765084403901,0.003932593169478259,0.01794391527091184,0.0018575260374869,0.010032747309225142,-0.008175221271738241,0.0107868138823009,0.010821137574066095,-3.432369176519477e-05,0.047157548095903,0.017245847420872696,0.029911700675030305,0.0184225371818836,0.00962053081240009,0.00880200636948351,0.0070199565634916,0.007642701882335184,-0.0006227453188435844,0.0101038963320941,0.0061939203774497575,0.003909975954644342,0.0240575383576584,0.019679703297161254,0.0043778350604971455,0.0214228347141025,0.006868382325674901,0.0145544523884276,-0.0124849347981919,0.01851068509117105,-0.030995619889362946,0.0119355875340984,0.005506493715432133,0.006429093818666267,0.0016361759500581,0.019954491309062,-0.018318315359003898,-0.0071165587746793,0.010771824809805217,-0.017888383584484517,-0.0180132576266315,0.010669068529340471,-0.028682326155971972,0.021868126835311,0.012835188981728177,0.009032937853582822,-0.0141769055760985,0.009984128108768867,-0.02416103368486737,-0.0273536683823327,0.014830080785421045,-0.04218374916775375,0.1061127371160291,0.019297513354131234,0.08681522376189788,0.0071536359913644,0.006565697644050796,0.0005879383473136037,0.0495737493824735,0.012415540132581362,0.03715820924989213,0.0080823044730894,0.01723540946051349,-0.009153104987424089,0.0427876413012249,0.026339334306637978,0.016448306994586923,0.0072527882306408,-0.001833077785753441,0.009085866016394242,-0.0602637951541572,0.007500432271967654,-0.06776422742612485,0.0005493346681789,0.014038243363191176,-0.013488908695012276,0.0275580034486363,0.013848078746921,0.013709924701715299,0.0732893631747335,0.009529882924760903,0.0637594802499726,0.0104828256276624,0.008242334287238872,0.0022404913404235286,0.0264982058993379,0.01210435412908238,0.01439385177025552,-0.0309374768494766,0.01637425143583584,-0.04731172828531244,0.0429349417756857,0.011659819630428229,0.031275122145257475
2018-01-01,0.0779922817681933,0.0530170270146814,0.024975254753511894,0.0230323052199503,0.044367305298775125,-0.021335000078824825,0.0734865277170224,0.03980883006699693,0.033677697650025464,0.0399691885132562,0.08149589269611185,-0.04152670418285565,0.0636897067039058,0.057303301221385265,0.006386405482520528,0.0929417272892183,0.078486060466479,0.0144556668227393,0.0366702233296702,0.04407302836702078,-0.007402805037350579,0.0210186472479804,0.037918708785430924,-0.016900061537450523,0.1104422575157016,0.06539045540813804,0.04505180210756356,-0.0142470401965028,0.0493934189865002,-0.063640459183003,0.0287932881596382,0.048063150765536675,-0.019269862605898476,-0.0240638191169165,0.03213427538151864,-0.056198094498435144,0.0194329505153253,0.05628322739509671,-0.03685027687977141,0.0353667259645365,0.08024313667009449,-0.044876410705557986,0.1837762382341859,0.08447117989137692,0.09930505834280898,0.0009729244730786,0.024145453262440785,-0.023172528789362185,0.0756258772941838,0.03516289328595062,0.04046298400823318,0.0405135389646531,0.041897487422942456,-0.0013839484582893538,0.0431437929869984,0.058635231988527436,-0.015491439001529037,0.0904365951214838,0.05450253495545047,0.03593406016603334,0.0946713306442951,0.05289982784982314,0.04177150279447196,0.0521508519746517,0.05976979845432904,-0.007618946479677341,0.0377280882133531,0.04478524046048271,-0.0070571522471296125,0.0275366041251629,0.03192460245739702,-0.004387998332234119,0.0509082483771764,0.040771225221327693,0.010137023155848704,0.0181883491172796,0.023443258106500383,-0.005254908989220784,0.0361297854570579,0.04753252565831489,-0.011402740201256985,0.0372951866802401,0.028600825954086327,0.008694360726153774,0.0225139420307796,0.0377850302698939,-0.015271088239114303,0.1254453090669093,0.06319130616783558,0.06225400289907371,0.0151448222308362,0.052639027624119636,-0.037494205393283436,0.0104586875070404,0.04798362340570459,-0.037524935898664194,0.0326915852763555,0.053776414146858104,-0.0210848288705026,-0.030845450696514,0.031415900539485,-0.062261351235999005,0.0575385626586036,0.03721606840329034,0.02032249425531326
2018-02-01,-0.0284764031691471,-0.04351977354817239,0.015043370379025287,-0.0279020638735239,-0.022683886985706343,-0.005218176887817557,-0.0240291232238122,-0.03990980270766012,0.01588067948384792,-0.0418993532671223,-0.03319497911474408,-0.008704374152378215,-0.0364209468722851,-0.04118029179815067,0.00475934492586557,-0.0174122647962687,-0.029171320284270646,0.011759055488001945,-0.0619428231987674,-0.04548630134605326,-0.016456521852714137,-0.0862266719431507,-0.04190744820201419,-0.04431922374113651,0.0465890756855304,-0.041924048720600335,0.08851312440613074,-0.0986407872360056,-0.03937667955122082,-0.05926410768478478,-0.0804634075813015,-0.039466571931150635,-0.04099683565015086,-0.059879589935625,-0.03380447844581207,-0.02607511148981293,-0.054808258286362,-0.0387013401942917,-0.0161069180920703,0.0279822926444599,-0.02848335192904941,0.05646564457350931,0.0084172165052808,-0.03315301128674051,0.04157022779202131,-0.0477057978284124,-0.030731492797878523,-0.01697430503053388,-0.0788203509345027,-0.042047185082090016,-0.03677316585241268,-0.0476191869188165,-0.03388056970976227,-0.013738617209054234,-0.0454611801872299,-0.044995769542589936,-0.00046541064463996584,-0.0376020049203324,-0.03343141139080633,-0.004170593529526069,-0.0391477771924111,-0.037451535386758765,-0.0016962418056523376,-0.0205855260096531,-0.06331156640677672,0.04272604039712362,-0.0297264104068013,-0.036248571591755666,0.006522161184954366,-0.1074004481179043,-0.05696584642241002,-0.05043460169549429,-0.0380099926658473,-0.027623623593765568,-0.010386369072081732,-0.1168662379396903,-0.0283748672373641,-0.0884913707023262,-0.0157206332581896,-0.03714999636513505,0.021429363106945452,0.0094668836786666,-0.03719348300874041,0.04666036668740701,-0.0438726197296793,-0.023243058116356453,-0.020629561613322845,-0.0375594807877749,-0.026184494666565996,-0.011374986121208904,-0.0427165561459604,-0.05690714427282242,0.014190588126862018,-0.0342641926436634,-0.034255403903338935,-8.788740324464084e-06,-0.0530363991624821,-0.045287080235986384,-0.0077493189264957185,-0.0572427944952619,-0.02569148865288533,-0.03155130584237657,-0.0475125260913943,-0.03274802234905573,-0.01476450374233857
2018-03-01,-0.0567717046428348,-0.022790527939250547,-0.03398117670358425,-0.0022938625574525,-0.017953346594820143,0.01565948403736764,0.0071922371919879,-0.013905290737241066,0.021097527929228966,-0.0389540793162558,-0.009733178108034472,-0.02922090120822133,-0.044387470073465,-0.027620535584120042,-0.01676693448934496,-0.0314694744662296,-0.03219071841936977,0.0007212439531401674,-0.0393685863874562,-0.022794308069158113,-0.01657427831829809,-0.023377463004802,-0.020924151400876858,-0.0024533116039251422,-0.0246729914179084,-0.03025872646778492,0.005585735049876521,0.0265543505714291,-0.009640037870224454,0.036194388441653555,-0.0123695956698647,-0.010490458032612717,-0.0018791376372519833,0.0223336884160623,-0.022100845213297825,0.044434533629360125,-0.0148862339574063,-0.00796305858894685,-0.006923175368459451,-0.0356251913065049,-0.02480411063154597,-0.01082108067495893,0.0065490729741698,-0.018658858362992026,0.025207931337161826,-0.0147250953951131,-0.01445272364539436,-0.00027237174971874063,-0.0370865654196585,-0.008287333159538375,-0.02879923226012012,-0.0199530286066293,-0.017153950233777023,-0.002799078372852277,-0.0149637964472132,-0.016949858581873818,0.001986062134660618,-0.0100616569345507,-0.011982483836511142,0.0019208269019604426,-0.0020502209449383,-0.021435027455862277,0.019384806510923978,-0.0411782739584327,-0.024379528766254464,-0.01679874519217824,0.0165608561373163,-0.013539021095886875,0.030099877233203176,0.0244074869353579,-0.02050453511692379,0.04491202205228169,-0.0273451319827559,-0.0124393376939122,-0.014905794288843699,0.0543594358079543,-0.007572376858514765,0.06193181266646906,0.0328792362397232,-0.00801758714768564,0.04089682338740884,-0.0929934855647522,-0.012548532133286572,-0.08044495343146563,-0.0008381280296216,-0.0140347815964681,0.0131966535668465,-0.0313464265729036,-0.020139937527155004,-0.0112064890457486,-0.0552455297065505,-0.022149985226541595,-0.033095544480008905,0.0053155644737333,-0.018867588249478633,0.024183152723211934,-0.0081687833780296,-0.024143465298344262,0.015974681920314662,0.0189485434757446,-0.01568364715758953,0.03463219063333413,-0.0090331765479234,-0.010109884597258402,0.0010767080493350022
2018-04-01,-0.0053454864947791,0.0065650411021638475,-0.011910527596942947,-0.0093526459113091,0.0006135909175117851,-0.009966236828820887,0.0438142866759913,-0.00923275651564476,0.053047043191636056,0.0168520579356154,0.00850380258098089,0.008348255354634512,0.0097045809948125,0.012430906620571376,-0.002726325625758875,0.0123774173181785,0.0009915098980501841,0.011385907420128316,0.0008233087017115,-0.001295473205446275,0.002118781907157775,-0.0199608716224377,0.0031793852495075117,-0.023140256871945212,0.0105782360125825,0.0007623632091211912,0.00981587280346131,-0.033235395336491,0.0003838327550200898,-0.03361922809151109,-0.0284345191918201,0.002226953773298993,-0.03066147296511909,-0.050353336705637,-0.008991887728333968,-0.04136144897730303,-0.0596955396885915,0.008835654777646836,-0.06853119446623834,-0.0303939995743229,-0.001906124030254941,-0.02848787554406796,0.0313211680080082,0.017034672909737508,0.014286495098270693,-0.0260363828239489,0.0008038250190211726,-0.02684020784297007,0.0485060928810955,0.016061349033970437,0.03244474384712506,0.0270458884873151,0.008212579341519229,0.018833309145795868,-0.051739121588563,0.008221659877808393,-0.0599607814663714,-0.0216430209918408,0.008072426954541412,-0.02971544794638221,0.0204085334349435,0.008383604256537603,0.012024929178405898,-0.010103271527979,0.018747125036465834,-0.02885039656444483,0.0014879727615131,0.00387764908417483,-0.00238967632266173,0.0993029925518508,0.008885631856737323,0.09041736069511347,-0.0032724770691514,0.011510722575672346,-0.014783199644823747,0.0301748047549562,0.008098325390248828,0.02207647936470737,-0.0171612277404708,0.005758232113942604,-0.022919459854413404,0.0617212274779516,-0.009174521420815112,0.07089574889876671,0.0513639404892346,-0.007135855491238024,0.05849979598047263,0.0371911746373632,-6.58947240591008e-05,0.0372570693614223,0.0272341332536011,0.0031634837306422367,0.024070649522958863,-0.0087189868616324,0.004794151603266547,-0.013513138464898947,0.0251933574055359,0.002028848539177075,0.023164508866358825,0.0179230985147858,0.0010671314947260449,0.016855967020059755,0.0277339015448001,0.002733839076596698,0.025000062468203403
2018-05-01,0.0345743866189403,0.019237831160566075,0.015336555458374226,0.0410621751429394,0.011070677393453156,0.029991497749486246,0.0351944139968242,0.038016008196886594,-0.002821594200062394,0.0274974281255617,0.09478004136049328,-0.06728261323493158,0.0056049145685354,0.010763785232570511,-0.005158870664035111,0.0605136543107896,0.031693840136462856,0.028819814174326747,0.0347495642424782,0.01758629417500602,0.017163270067472182,-0.0147980237128423,0.0094160495152658,-0.024214073228108098,-0.0202331023639574,0.027165044744764485,-0.04739814710872188,-0.0199209861059035,0.05113683853114644,-0.07105782463704995,0.0453548922084809,0.04633114671969606,-0.0009762545112151633,-0.0037294823114333,-0.0003664897435267432,-0.0033629925679065564,0.0666497504452149,0.06498457753851801,0.0016651729066968907,0.114290252418551,0.04347569138114731,0.07081456103740369,0.0880314608575628,0.06758864388183042,0.020442816975732386,-0.0264681302372338,-0.001566279062420277,-0.024901851174813524,-0.0001085522616392,0.037126504515842366,-0.03723505677748157,-0.0104205338841433,0.01279844908800196,-0.02321898297214526,0.0247195436667629,0.042106961239154056,-0.017387417572391158,0.0333794792549688,0.05009981739223895,-0.016720338137270148,0.0560832417305607,0.027100986382132285,0.028982255348428416,0.031931966263248,0.029955983718009185,0.0019759825452388136,0.009869241970473,0.036881579728584295,-0.027012337758111293,0.0311626312463903,0.0023199534033553383,0.028842677843034962,0.0124593966172871,0.02089645718940384,-0.00843706057211674,0.0069466092298039,0.004204697288992925,0.002741911940810975,-0.0010629443207844,0.054106500683123795,-0.0551694450039082,0.002532340667466,0.02649619136567727,-0.02396385069821127,-0.0282455013516353,0.018451165471694016,-0.04669666682332932,0.0167666780957502,0.03789025895471682,-0.021123580858966623,0.0458748104812479,0.034059324261291206,0.011815486219956692,0.0168181314879231,0.02402353751903821,-0.007205406031115108,0.0382426566029754,0.026449738603981837,0.011792917998993561,0.0024694679913423,0.0017304913368313272,0.0007389766545109727,0.0032123958573112,0.027838283311319698,-0.024625887454008497
2018-06-01,-0.0312259732557968,-0.0039001101823488565,-0.027325863073447944,-0.0013427250795597,0.0075859567334292085,-0.008928681812988908,0.0862457396953092,0.021562517290731525,0.06468322240457768,0.0003908592423861,0.020110290523433588,-0.019719431281047486,-0.0087908495785827,-0.017979686133277144,0.009188836554694444,0.0139237339191868,0.009017766788609528,0.004905967130577272,0.0179634752497412,-0.0003453951997493133,0.018308870449490512,0.0343307996971247,0.005247099006128102,0.029083700690996597,0.0048230120727113,0.0028991099023662134,0.001923902170345087,-0.0098322259635457,0.009738628482687185,-0.019570854446232883,-0.0180700382510684,0.005078716875498319,-0.02314875512656672,0.0377598562273917,0.011585745530974877,0.02617411069641682,-0.0222862782853799,0.01393654254209294,-0.03622282082747284,-0.0309868890880942,0.02238060977802256,-0.05336749886611676,0.0461659247088223,0.010586268615664677,0.03557965609315762,0.0500590665276991,0.008347235759938332,0.04171183076776076,0.0209964922203582,0.006447581715334759,0.01454891050502344,-0.0051130808815119,-0.0034929058103626677,-0.001620175071149232,-0.045644181278276,0.007046369600154579,-0.05269055087843058,-0.0037742753335978,0.014420531821543639,-0.018194807155141438,0.017653794560294,0.010369557631108353,0.007284236929185646,-0.0380003498437468,0.0006458396219372945,-0.03864618946568409,0.0039578862016367,0.004838224730468999,-0.0008803385288322987,0.0077140379822482,-0.014410871203027425,0.022124909185275626,0.0118151103162536,0.011843532447352527,-2.8422131098927023e-05,-0.0072199456699144,0.015711709711372708,-0.022931655381287108,0.0176286071047448,-0.0007637920721404263,0.018392399176885225,0.057843286352314,0.007331580729565379,0.05051170562274862,-0.0358839554834752,0.013638905470453126,-0.04952286095392833,0.0443181955673483,0.018114770047461107,0.02620342551988719,-0.0392754603292293,-0.0017247763539241766,-0.03755068397530512,0.0105989956698096,0.0010396964638559668,0.009559299205953633,-0.039654202892552,0.004183842949742606,-0.0438380458422946,0.0371032628687557,0.005944883196457008,0.03115837967229869,0.0009314658075029,0.007428148125137026,-0.006496682317634126
2018-07-01,0.0577932987794768,0.037522108084869985,0.020271190694606818,0.054823011204602,0.03259385968552779,0.02222915151907421,-0.0141324812673677,0.03402778608994617,-0.04816026735731387,0.0018535214305735,0.03545633766141016,-0.03360281623083666,0.0485223379724584,0.033635893072708,0.014886444899750398,0.0240834926035787,0.0394675701134814,-0.0153840775099027,0.0385333716369169,0.034879203118190635,0.0036541685187262626,0.049451891498344,0.02968958748772993,0.019762304010614073,0.0015591384153629,0.03768563748141058,-0.03612649906604768,-0.01012791835585,0.03679421955879112,-0.04692213791464112,0.0244444887774721,0.03541998370616226,-0.010975494928690162,0.0159015484703676,0.032465847364561116,-0.016564298894193516,0.0972172545774825,0.030619505013804445,0.06659774956367805,0.0145275089587275,0.0495630524192463,-0.0350355434605188,-0.072334039794654,0.03500939465804351,-0.1073434344526975,0.0033069295756383,0.026575055881011566,-0.023268126305373265,0.0259607885125078,0.017918172632377403,0.008042615880130395,0.0529214769402509,0.030273559024939375,0.022647917915311525,0.0713328650030824,0.03857674905095461,0.032756115952127796,0.0805946827007363,0.028694458556102875,0.051900224144633425,0.0403105718042644,0.027814090232107156,0.012496481572157245,-0.0033531914505291,0.03749760453503467,-0.04085079598556377,0.076841966828576,0.02832021692898249,0.04852174989959351,0.0149494489451704,0.033141697797790845,-0.018192248852620448,0.067373779145755,0.024224129251340817,0.04314964989441418,-0.0655961538702544,0.02643636644833999,-0.0920325203185944,0.0422351190007194,0.028908387300818014,0.013326731699901385,0.0421032194202866,0.028519440315334543,0.013583779104952058,0.0172487408347079,0.03301476591068013,-0.01576602507597223,0.0336477659165671,0.036360450011952414,-0.0027126840953853107,0.0922928873368446,0.03901247018718571,0.053280417149658886,0.0140796265715425,0.029901759214772318,-0.01582213264322982,0.0674346691092422,0.035471673589157766,0.031962995520084435,0.0212910880556159,0.028041467463167397,-0.006750379407551497,0.0267516662145793,0.030320100794149128,-0.0035684345795698284
2018-08-01,-0.0279781960466823,0.021844254056171377,-0.049822450102853674,0.0239765924447857,0.024755759365851795,-0.0007791669210660962,0.0757052717030295,0.04102131176854516,0.03468395993448434,-0.0295790082731173,0.08918633132099689,-0.11876533959411419,0.0210261149488754,0.014012147960334627,0.0070139669885407735,0.0564124735640118,0.054944957877716256,0.0014675156862955438,0.0135332831335016,0.02043051435472916,-0.006897231221227559,0.0242926053728463,0.01413172182707267,0.01016088354577363,0.095709165400356,0.03960078018341085,0.056108385216945146,-0.003139127910099,0.044493396469012056,-0.04763252437911106,0.0081559297876809,0.03895398241259726,-0.03079805262491636,0.0223188728830763,0.014620687489229628,0.007698185393846672,0.0036631796031672,0.055121154674896984,-0.051457975071729785,0.1116206073557607,0.06583324698587406,0.045787360369886634,0.0213238471681898,0.0700070362557021,-0.04868318908751229,0.0213403795916313,0.004941502298806203,0.016398877292825097,0.0820464285675886,0.02336517248017291,0.0586812560874157,0.0235135076428171,0.014490055188788285,0.009023452454028816,-0.0124022633291039,0.03961103955084297,-0.05201330287994687,0.0370513826770074,0.0486082334035453,-0.0115568507265379,0.055889516116358,0.033702766055027276,0.022186750061330723,-0.0816991856814215,0.023121238643476594,-0.10482042432489809,0.0215150883101296,0.033615685616913096,-0.012100597306783496,-0.025854708150908,-0.007350742180202958,-0.01850396597070504,0.0483505979755737,0.024574678324906955,0.023775919650666746,-0.1344860161387868,0.007001810700033899,-0.1414878268388207,-0.0119121603977532,0.040861173879567246,-0.05277333427732045,0.0314988073418939,0.024658627852051793,0.006840179489842106,0.0450701601619415,0.029830005813275204,0.015240154348666296,0.0919533379019262,0.05313077780855148,0.03882256009337472,-0.0147852799725421,0.028227250446708377,-0.043012530419250475,0.0185233403301197,0.027480476130744832,-0.00895713580062513,0.0184420222162042,0.0312168851918147,-0.0127748629756105,-0.0011072270127931,0.011156354144008363,-0.012263581156801463,0.0457068663594529,0.0257766318516879,0.019930234507764998
2018-09-01,0.0296736872775105,-0.008643600521673487,0.03831728779918399,0.0070556099995195,0.008883300788242414,-0.001827690788722914,0.0230399811763923,0.004110138534485315,0.018929842641906988,-0.033780257589206,-0.015273528757725715,-0.01850672883148028,-0.0158093103854751,-0.016999272260312177,0.0011899618748370776,0.0028920488268978,0.008218091053444846,-0.005326042226547046,-0.0297675307928688,-0.007837633886428306,-0.021929896906440493,0.0052964589736798,0.007311675330352107,-0.0020152163566723065,-0.0021959931091719,-0.0015427286372918804,-0.0006532644718800196,-0.0683176202331236,-0.01591701343283442,-0.052400606800289184,-0.0276652652671536,-0.018381204114998585,-0.009284061152155014,0.0133200955535474,0.01466970270642295,-0.00134960715287555,0.0234385670115703,-0.01089840198545826,0.03433696899702856,-0.0081911927530946,0.013828993078827952,-0.022020185831922553,-0.0102650753903674,-0.0045899268822959405,-0.0056751485080714596,-0.0105208446206827,0.013628886639440984,-0.024149731260123684,0.0040613823192133,-0.0019072633733894563,0.005968645692602756,0.0085203292614036,-0.004805653359951981,0.013325982621355582,0.0062570593303771,-0.006799944047937842,0.013057003378314943,0.0106933700046951,0.00010339233302401234,0.010589977671671089,0.0459857814967346,0.010981073913158406,0.0350047075835762,0.0281043982990606,-0.0012309305580670035,0.029335328857127602,-0.0336016063652799,-0.009574681443106773,-0.024026924922173128,0.0173717308307667,-0.017037704567864673,0.03440943539863137,0.0232074082827913,0.014576572465090325,0.008630835817700975,-0.0006437451848351,0.022383305208535133,-0.023027050393370233,-0.0515656703057431,-0.02840916076676022,-0.023156509538982878,0.0231321710995819,-0.010458335279163386,0.033590506378745284,0.0207562129069624,0.006306453834189976,0.014449759072772425,0.0013307891691296,0.011011612453734932,-0.009680823284605332,0.0167884522285238,-0.017612185982113025,0.034400638210636825,-0.0217068841600094,-0.00484058733528003,-0.01686629682472937,0.0107674407605989,-0.0025528352867863415,0.01332027604738524,-0.0143995670952401,0.010093416087981163,-0.024492983183221264,-0.014329752646905,-0.004173734049899555,-0.010156018597005444
2018-10-01,-0.0962074256617168,-0.07138928376404187,-0.024818141897674936,-0.017284809290227,-0.03930299291795853,0.02201818362773153,-0.1101631646282787,-0.0926353658295951,-0.017527798798683603,-0.0328757337687007,-0.17396960372816123,0.14109386995946052,-0.0625826717065111,-0.06321243518184057,0.0006297634753294618,-0.0939312221859659,-0.08757736500459877,-0.006353857181367134,-0.1085441838320186,-0.07436708776464383,-0.03417709606737476,0.0045724538087824,-0.04338021228566315,0.04795266609444555,-0.0764541576813887,-0.08936282758802576,0.012908669906637055,-0.0970978428153196,-0.11633230252745906,0.019234459712139468,-0.1534063255915081,-0.1099476283055828,-0.0434586972859253,-0.0132907094579186,-0.03204829779706038,0.01875758833914178,-0.1458505007542649,-0.12396874235030035,-0.021881758403964544,-0.0795782374142301,-0.09860866810316157,0.01903043068893147,-0.1583627683003267,-0.12643340523090338,-0.03192936306942332,0.020388980498008,-0.014013847228371111,0.034402827726379114,-0.0726550229813489,-0.06780878827534179,-0.004846234706007119,-0.0510464725082643,-0.04793914813095408,-0.0031073243773102194,-0.129077024020754,-0.09859767699078338,-0.030479347029970613,-0.0972216691522326,-0.09574470683115813,-0.001476962321074471,-0.1106117617279751,-0.06234802493121813,-0.04826373679675697,-0.1119918910275963,-0.07961005752908108,-0.032381833498515214,-0.0580921389311897,-0.08824431502923435,0.03015217609804465,-0.115603022571188,-0.05063931835630234,-0.06496370421488566,-0.061050682412509,-0.03584995538498836,-0.025200727027520638,0.0268196042117364,-0.003445248913985721,0.03026485312572212,-0.1190855605731433,-0.12204697813203623,0.002961417558892926,-0.1305359415584332,-0.0826403032385957,-0.04789563831983751,0.0068052695764929,-0.054996436702517026,0.061801706279009924,-0.1151490440668848,-0.08285909506117205,-0.03228994900571275,-0.1127474639574753,-0.10657223855087254,-0.006175225406602758,-0.0214737176025852,-0.06932739032956735,0.04785367272698215,-0.0880201290237607,-0.08268901008383249,-0.005331118939928214,-0.0071739612120562,-0.021543053270133394,0.014369092058077194,-0.0787576686475076,-0.06763056132862742,-0.011127107318880183
2018-11-01,-0.0380404458189092,0.021019603689841772,-0.059060049508750975,0.0451285112469659,0.01643481409975426,0.028693697147211643,-0.0074448014538642,0.009242816712441452,-0.01668761816630565,0.0192660214284388,0.023061445600822756,-0.0037954241723839564,0.0192385392965974,0.023854964342889386,-0.004616425046291988,0.0172375575281634,0.022566427699432234,-0.005328870171268835,0.032570523094696,0.01485238652148874,0.01771813657320726,0.0305279159253184,0.014313147390040342,0.01621476853527806,0.0101533923663728,0.019509977461058287,-0.009356585094685486,0.0292272903109195,0.016507108953692035,0.012720181357227467,0.0493908003392646,0.01698796486861375,0.03240283547065085,0.0638732276411299,0.009403954453463285,0.05446927318766662,0.0659129422221278,0.01856694033437798,0.047346001887749824,-0.0887056901286626,0.024532760380816417,-0.11323845050947902,0.0005076837002761,0.028201326246818075,-0.027693642546541976,0.0123100122426972,0.011196126370669317,0.0011138858720278824,0.0515449070726714,0.014980780581936238,0.03656412649073516,0.0454146899808536,0.01846447781347455,0.02695021216737905,0.0732921907098049,0.021867121103536214,0.05142506960626869,0.065601047619658,0.0178645519724016,0.047736495647256405,0.0592184507219826,0.01770649891291105,0.04151195180907155,-0.0050919079709834,0.025598949178511087,-0.030690857149494488,0.0375755751338119,0.015013032695848267,0.022562542437963632,-0.0294821584014615,0.017535588190031957,-0.04701774659149346,0.0704719443342075,0.017112087305776087,0.05335985702843142,0.0013544086346199,0.014227877299300654,-0.012873468664680754,0.046128619852375,0.016425537718687246,0.029703082133687754,-0.0193706771965901,0.00688150388702162,-0.02625218108361172,0.0714591319297456,0.011652354084794557,0.05980677784495104,0.0155857118380436,0.018652330767788307,-0.0030666189297447067,-0.0258375508349666,0.018521456817872085,-0.044359007652838685,0.0312002638246476,0.017011094920311092,0.014189168904336507,0.0473481347630392,0.017492352568491985,0.029855782194547216,0.0376661760903285,0.013267983623833884,0.024398192466494613,0.0394413608289731,0.014610878219689167,0.024830482609283933
2018-12-01,-0.0871432631342228,-0.11598062446609787,0.028837361331875075,-0.0604194624587654,-0.06017324608599463,-0.0002462163727707731,-0.0628307211216096,-0.10583679168862796,0.043006070567018356,-0.1018163407794582,-0.15539572876899357,0.053579387989535376,-0.1191905402114469,-0.11357178747508968,-0.005618752736357216,-0.0766678563847665,-0.09061406992485953,0.013946213540093025,-0.0698943368471689,-0.11513900375964094,0.04524466691247203,-0.085211272461607,-0.07778699798005044,-0.007424274481556553,-0.1010349867302544,-0.11234440287923039,0.011309416148975987,-0.0912106653290783,-0.140378401780104,0.04916773645102569,-0.1298025278215416,-0.13870995568665143,0.008907427865109813,-0.0597569346441087,-0.06051224711542617,0.0007553124713174653,-0.1149419700041829,-0.13087396909013116,0.015931999085948265,-0.0889176871483851,-0.10199517140225205,0.013077484253866942,-0.0786936289532055,-0.12211636389113566,0.043422734937930155,-0.0969878813534256,-0.04672163130448791,-0.0502662500489377,-0.1680536417011736,-0.08736136862642792,-0.08069227307474568,-0.0974277111051656,-0.08643283678917539,-0.010994874315990208,-0.0994490783837096,-0.12914041005358834,0.029691331669878737,-0.0915572686747962,-0.09956716049710972,0.008009891822313514,-0.068783675614302,-0.07498431822133454,0.0062006426070325416,-0.0290921457179928,-0.13001423597525963,0.10092209025726682,-0.0993560301257713,-0.10863292819357034,0.00927689806779905,-0.1156491461231151,-0.12499632612973303,0.009347180006617939,-0.0766823674610469,-0.04938766128118065,-0.02729470617986625,0.1141799164584104,-0.0326503140844082,0.1468302305428186,-0.1231045483116054,-0.14514528812628008,0.02204073981467468,-0.1484445845759848,-0.10865981826834391,-0.0397847663076409,-0.0618091749989367,-0.07122873951302913,0.009419564514092434,-0.0843773072670487,-0.08251890683147085,-0.0018584004355778477,-0.12090856967544,-0.15430112341056348,0.03339255373512348,-0.0691902168540873,-0.09452506123294441,0.025334844378857108,-0.144087886719082,-0.11303739015867548,-0.03105049656040651,-0.0566011700361032,-0.050014681613423664,-0.006586488422679539,-0.1033652170811125,-0.09448557173509628,-0.008879645346016221
2019-01-01,0.1802381010356681,0.0952858360541327,0.0849522649815354,0.0995092682961732,0.05783936794605578,0.04166990035011742,0.1225137512091969,0.08960129486378954,0.03291245634540736,0.1111493028764509,0.16346213219748262,-0.05231282932103172,0.1090627435714376,0.09216780577398889,0.016894937797448703,0.1064876031158971,0.09365261706585544,0.012834986050041658,0.0546858097662704,0.08837024609570047,-0.03368443632943007,0.0537970976355672,0.058740332805257714,-0.004943235169690516,0.1075417338466173,0.09769881750266075,0.009842916343956551,0.1512086819820038,0.12458504395818684,0.026623638023816953,0.142217508504909,0.1211366085954243,0.021080899909484696,0.0640773014660394,0.04333376192856982,0.020743539537469588,0.1130936584529288,0.12510368386914075,-0.012010025416211947,0.0634428485086777,0.11002490850919737,-0.046582060000519676,0.1947141491376725,0.13188539378067332,0.06282875535699917,0.0704444698474903,0.0334468049727611,0.0369976648747292,0.0616198750070671,0.07495701553348556,-0.013337140526418462,0.085277719075301,0.07218046085401146,0.013097258221289543,0.1127173184492421,0.1149334286849992,-0.0022161102357571016,0.0928612446823692,0.0984824296570227,-0.005621184974653498,0.0603806885084435,0.06959752824392844,-0.009216839735484941,0.0894115607849838,0.1045424648344993,-0.015130904049515503,0.0761464775915039,0.09501501897010321,-0.018868541378599307,0.1085645354069906,0.08326128883424173,0.025303246572748864,0.0302015457352999,0.05096906772289909,-0.020767521987599187,0.0293183415674537,0.028767419621436936,0.0005509219460167643,0.161059386393946,0.12823801447225808,0.032821371921687936,0.1331483981555148,0.08396130815778201,0.04918708999773279,0.0524724544585865,0.06515623672640784,-0.012683782267821346,0.0968449480861703,0.08751874751579482,0.009326200570375476,0.1540289945375344,0.12130963821338556,0.03271935632414885,0.0827146660704891,0.08236066544772346,0.0003540006227656517,0.1199355273395344,0.09355216785759743,0.02638335948193697,0.079896978313796,0.04146994326672968,0.038427035047066314,0.0922100814040192,0.08211444534990155,0.01009563605411766
2019-02-01,0.0925966858645983,0.028508826137455777,0.06408785972714251,0.0316485995030881,0.025240605642895347,0.006407993860192751,0.0449207183884254,0.04722888837864175,-0.0023081699902163452,0.0164153193043135,0.08438293526888967,-0.06796761596457616,0.0359094685578122,0.0181514360269418,0.0177580325308704,0.0507358736891899,0.04572076372511423,0.00501510996407567,0.0338254909279621,0.028429864654409755,0.005395626273552348,0.0334775333345844,0.01991251661115203,0.013565016723432369,0.0726742262535423,0.0386966588280334,0.033977567425508906,0.0099458441680137,0.05286756788641002,-0.04292172371839632,0.0468103259692625,0.04770176266937315,-0.0008914367001106455,0.0446938243556806,0.01943757188516521,0.025256252470515394,0.0486036842637132,0.05836532772518142,-0.009761643461468225,0.0679796269486179,0.060281088448877,0.007698538499740892,0.0367176392961901,0.0625949145291866,-0.025877275232996502,0.0226561564242678,0.01162416906161074,0.011031987362657062,-0.0295440319141117,0.02891477304735179,-0.058458804961463495,-0.0019195516523152,0.02017086756377799,-0.022090419216093192,0.0410649340967149,0.04552525068276496,-0.0044603165860500615,0.0849198393265361,0.04843704725370551,0.03648279207283059,0.0425212647490421,0.03207599299520522,0.01044527175383688,0.0011578783519813,0.0317699623306203,-0.030612083978639,0.0767213539863671,0.038175349599775324,0.03854600438659178,0.0341745490542355,0.009773058575682583,0.024401490478552914,0.0357566132184588,0.02468025235110352,0.011076360867355278,-0.0178164647504724,0.013902247726518832,-0.031718712476991234,0.0606216819022548,0.048326728727075344,0.012294953175179459,0.0444745564100087,0.03411143911158931,0.010363117298419391,0.0476614645228604,0.03284479527554355,0.014816669247316852,0.0030604287171564,0.0483473677694518,-0.0452869390522954,0.0318432653044363,0.03938096864860858,-0.007537703344172281,0.0136381193490939,0.030079918439145408,-0.016441799090051508,0.02702089690402,0.03533073342965962,-0.008309836525639623,0.0360729079043188,0.015134103094880634,0.020938804809438168,0.0478568546899907,0.03292010755399929,0.014936747135991413
2019-03-01,-0.06034587337569,-0.009194615407255927,-0.051151257968434075,0.042120653233103,0.01646381109733054,0.025656842135772462,-0.0007279690795918,0.014229585814134568,-0.014957554893726369,-0.0484562288736039,0.01600593229883971,-0.0644621611724436,-0.0283268021342136,-0.019039802876877558,-0.009286999257336042,0.0358376453045102,0.034520139764139396,0.0013175055403708072,-0.0101150130441354,-0.007834958579759492,-0.0022800544643759076,0.0115782887999353,0.005405709082444144,0.006172579717491155,0.0222198390988302,0.012222697884897884,0.009997141213932316,0.0295338878353064,-0.008807199803356482,0.03834108763866288,-0.0001177677914674,-0.013845541023670216,0.013727773232202816,0.0410111628454399,0.017433308552481593,0.02357785429295831,-0.0118291092750748,0.0015357672620319898,-0.01336487653710679,0.0553844540453129,0.04086319760761753,0.01452125643769537,-0.0006698741658828,0.02014799781824006,-0.02081787198412286,0.0723475259287818,0.008547156527631565,0.06380036940115023,-0.0349371313264846,-0.004516581043914293,-0.030420550282570305,-0.00835812395415,-0.007382140891932278,-0.0009759830622177229,0.0061653284035067,-0.001679252500437999,0.007844580903944699,0.0289938271439123,0.013594082734519012,0.015399744409393287,0.0269811848535994,0.020583603468331414,0.006397581385267987,0.0604340550743117,-0.007645001713630062,0.06807905678794177,-0.0049222001617668,-0.0036613765544070828,-0.0012608236073597175,0.0080096421583575,-0.037407254929282124,0.04541689708763962,0.0013783639213364,0.01862691984684779,-0.01724855592551139,0.0453240238303026,0.015157826469323987,0.030166197360978614,-0.0157707097169387,-0.022798730894170574,0.007028021177231874,-0.0045716241624733,-0.008029549645006396,0.0034579254825330957,0.0509947658826895,0.015512371440339621,0.03548239444234988,0.0498560138192158,0.03265080785423107,0.017205205964984725,-0.0496167217443468,-0.019243359146457556,-0.030373362597889246,0.008338842543743,0.0006301835409208932,0.007708659002822106,0.0007891617092043,0.003323533665272373,-0.002534371956068073,0.02583472855355,0.009735310219365719,0.01609941833418428,-0.0149631934540179,-0.0029769748694894148,-0.011986218584528485
2019-04-01,0.0365777155063362,0.05605603970888147,-0.01947832420254527,0.0298009646065718,0.03723824481278944,-0.007437280206217638,0.0482749680870624,0.03135666766071887,0.016918300426343527,0.0635061320215397,0.06331787125853144,0.00018826076300824945,0.0782317874066286,0.06354118372228562,0.014690603684342982,0.0656854501618758,0.05095264900478089,0.01473280115709491,0.0427515965994564,0.04771869139272215,-0.00496709479326575,0.054959905677755,0.0245260835282979,0.030433822149457102,0.0420309763262288,0.05066563687116253,-0.008634660544933732,0.0776466699369238,0.05982869426354048,0.01781797567338332,0.0616184318367901,0.06098257339195263,0.0006358584448374685,0.0352637862873949,0.022868638289142814,0.012395147998252084,0.0492724419015674,0.04614387510636105,0.0031285667952063445,0.0670748838703097,0.058376769978552914,0.008698113891756787,0.0573465024156519,0.05538386837155228,0.0019626340440996246,0.0321589422110826,0.015834873113290772,0.016324069097791827,0.0078340782317578,0.01463561438409664,-0.00680153615233884,0.0286547824395327,0.043843264612970674,-0.015188482173437975,0.0604457670776752,0.05350729103249889,0.006938476045176306,0.0126955645445568,0.034712616317250346,-0.022017051772693544,-0.0322491969773836,0.02170314994095209,-0.053952346918335684,0.0073726329518277,0.039623647409049736,-0.03225101445722204,0.0436130054894435,0.04267438358358626,0.000938621905857244,-0.0087826143779387,0.049848415311243725,-0.05863102968918243,-0.0322594922178267,0.015015740603775175,-0.04727523282160188,-0.078411622749725,0.006514979058278395,-0.0849266018080034,0.0313157687532192,0.06312113151941746,-0.03180536276619826,0.1156534951517422,0.0397338985735742,0.07591959657816799,0.0319347221238072,0.0373327683089728,-0.005398046185165602,0.0571134100657822,0.03999367684158254,0.017119733224199664,-0.023365045857858,0.059870163443935344,-0.08323520930179334,0.0393315492543959,0.04302623926030174,-0.003694690005905839,0.0306937994781907,0.04428276604064761,-0.013588966562456912,0.012097717954108,0.02577669740337453,-0.01367897944926653,0.0281678726541637,0.040260945888724725,-0.012093073234561026
2019-05-01,-0.0840777699466483,-0.08874013601997736,0.004662366073329066,0.0078528329045179,-0.043357625639151756,0.05121045854366966,-0.1172613325512786,-0.06842638818558612,-0.04883494436569248,-0.1398701850398678,-0.11444566923666379,-0.025424515803204026,-0.0711915178584567,-0.09470402932485339,0.023512511466396685,-0.050305944894015,-0.06836880185504106,0.01806285696102606,-0.1036098139015416,-0.08572221559916851,-0.01788759830237309,-0.03242334675432,-0.04942244929496493,0.016999102540644927,-0.0889816168881876,-0.08399554361584864,-0.0049860732723389645,-0.0523175204832779,-0.10495574599978756,0.05263822551650966,-0.10528348257797,-0.10562439980783117,0.0003409172298611679,-0.0392229512893432,-0.037143924003417886,-0.0020790272859253153,-0.1010193492736885,-0.09206898573361628,-0.008950363540072212,-0.1391104106233458,-0.07277080715592404,-0.06633960346742176,-0.094384486983201,-0.0893511003335718,-0.0050333866496291985,-0.0224528547722195,-0.02530356844052599,0.002850713668306488,-0.0328999741266594,-0.0525109467533127,0.019610972626653303,-0.0036146177317845,-0.06549237096074408,0.061877753228959574,-0.1069139618182825,-0.09298456910777557,-0.01392939271050693,-0.0664902808439351,-0.06674766165457811,0.00025738081064301255,-0.01752199609337,-0.0453846416714881,0.027862645578118097,-0.1037936537074326,-0.08623509157802252,-0.01755856212941008,0.0045318907881236,-0.07947506696558262,0.08400695775370623,-0.1085612712176961,-0.09427485654909058,-0.014286414668605515,-0.0363696410057655,-0.02523840717239151,-0.011131233833373989,0.0134873092522318,-0.008131786384898948,0.02161909563713075,-0.0952457008478872,-0.11423849671556116,0.018992795867673967,-0.117059905055566,-0.07954273942265613,-0.03751716563290987,-0.0189591518321233,-0.05048888068029064,0.03152972884816734,-0.0670744277357945,-0.05635568237103599,-0.01071874536475851,-0.1333586366186489,-0.1152709418169006,-0.018087694801748308,-0.0153182498290197,-0.07057603369207702,0.05525778386305732,-0.0713845582987956,-0.08106395752482803,0.009679399226032434,-0.0071762856762342,-0.03262387565772633,0.02544758998149213,-0.0505303981631389,-0.06744866646166765,0.01691826829852875
2019-06-01,0.0793702534328527,0.07605408213529148,0.0033161712975612184,0.0386522453708354,0.05398021495969305,-0.015327969588857654,0.0898963707531859,0.07667720159217853,0.013219169161007377,0.1343736031587334,0.11734074041563126,0.01703286274310213,0.0719326539767475,0.06945523523731269,0.002477418739434814,0.0553410037075747,0.08141866902747977,-0.026077665319905068,0.1174418446128054,0.07211839662200656,0.045323447990798835,0.0464814711300774,0.054721299041559895,-0.008239827911482499,0.07353553937605,0.08131262228959175,-0.007777082913541761,0.0327015308484274,0.0927417263808666,-0.0600401955324392,0.1203557566537524,0.08902761852858423,0.03132813812516816,0.0713121540202992,0.04855993808597374,0.022752215934325457,0.1076695957024068,0.09179865593628075,0.015870939766126052,0.126632380775345,0.0969372850174173,0.029695095757927698,0.0632056899113821,0.09897325055349881,-0.03576756064211671,0.0418896818123032,0.037792755083761134,0.004096926728542068,0.0747324162417608,0.05674643695064915,0.017985979291111655,0.0465458511355686,0.058296233832500995,-0.011750382696932397,0.1184717553141061,0.0897354821281569,0.028736273185949207,0.1146311218312763,0.07692305747391225,0.037708064357364054,0.0945529513193921,0.06178061877458374,0.032772332544808366,0.1177175297584493,0.08494380148481291,0.03277372827363639,0.0542924308595707,0.07211117371919222,-0.01781874285962152,0.0793362325297397,0.06451157113680994,0.014824661392929761,0.0565063637449179,0.047514628322773096,0.008991735422144806,0.1968804714010025,0.03587253849527949,0.16100793290572302,0.100872387781338,0.08783408032332543,0.013038307458012571,0.1254473517741908,0.06611061373109244,0.05933673804309837,0.0757303387779588,0.05895863068538604,0.016771708092572765,0.072288392168236,0.0763596283744746,-0.0040712362062386015,0.1618716079578444,0.09255569742539718,0.0693159105324472,0.0332945699825813,0.06568292382745802,-0.032388353844876726,0.0616347890881894,0.07721459901451581,-0.015579809926326411,0.0315882814284916,0.042078003873115034,-0.010489722444623435,0.0698528552601906,0.06535576009577782,0.0044970951644127816
2019-07-01,-0.0192243621855229,0.015580097868251229,-0.03480446005377413,-0.0013739995026893,0.015320219077941493,-0.016694218580630794,0.0194268364059501,0.0027018325185318454,0.016725003887418252,-0.0001258246539648,0.008448725211191034,-0.008574549865155835,0.025840307546263,0.01912344270238547,0.00671686484387753,0.0359338909312362,0.01933855337855873,0.01659533755267747,-0.0007194767486849,0.009600529669478839,-0.01032000641816374,0.0147267387609624,0.011124552450930046,0.0036021863100323542,0.0138130878097819,0.014491281495571884,-0.0006781936857899844,-0.0033538859977975,0.00655767088511941,-0.00991155688291691,-0.0131519300030011,0.007383075158639901,-0.020535005161641,0.0434081371004232,0.009332289410901378,0.03407584768952182,-0.0109608816441759,0.006895708988555093,-0.017856590632730995,0.0589594587148065,0.020269017668453734,0.03869044104635276,-0.0411046204444209,0.017888052967921685,-0.058992673412342586,0.0271941017297892,0.010594081948947986,0.01660001978084121,0.0418356641101653,0.006322467044969811,0.03551319706519549,0.0202055655563688,0.014547379371565848,0.0056581861848029515,0.0054534896302119,0.013290367410081893,-0.007836877779869994,-0.0445634537472452,0.009573245632318388,-0.054136699379563585,0.0238424239721839,0.013034168323753242,0.010808255648430659,-0.063429538474292,0.01690902204620537,-0.08033856052049737,0.028402428154744,0.007480900918119435,0.020921527236624562,-0.0218451595570288,0.01161672577653577,-0.03346188533356457,-0.0385036318563233,0.013773633454398231,-0.052277265310721535,0.0199678077665582,0.013172044114411153,0.006795763652147046,0.0371059687803992,0.005008524485727664,0.03209744429467153,0.1423577400338453,0.0007270356578379974,0.1416307043760073,0.0475892608759202,0.00940098696854395,0.03818827390737625,0.0051738843227907,0.014391908214360769,-0.00921802389157007,-0.0377460081959519,0.009259423091070997,-0.04700543128702289,0.0196017342735518,0.011927591287360817,0.007674142986190981,0.019525852840165,0.011603115177087998,0.007922737663077002,-0.0143744531049699,0.012712697209535303,-0.027087150314505204,0.00154223812459,0.008794967186639444,-0.007252729062049444
2019-08-01,-0.0035413987787738,-0.052799847244755116,0.04925844846598132,0.0088957568752302,-0.010739635513732129,0.01963539238896233,-0.0482485585929121,-0.022564960433346073,-0.025683598159566026,-0.0551774144208928,-0.0380739382114272,-0.017103476209465604,-0.0519109573832097,-0.06289424192550493,0.010983284542295225,-0.0112877650181797,-0.005658650525795564,-0.005629114492384137,-0.0542007992661121,-0.04943355150544143,-0.004767247760670668,0.008486967983121,-0.02411285094937261,0.03259981893249361,-0.0887681397093907,-0.03158943361558056,-0.057178706093810136,0.0350410288688389,-0.05692043441317066,0.09196146328200956,-0.02804268138485,-0.061446480161689195,0.033403798776839196,0.0226681714682406,-0.007982178413365924,0.030650349881606524,-0.0366986493917051,-0.042629423977846366,0.005930774586141267,-0.0169907556102568,-0.003635334818040208,-0.01335542079221659,-0.0809945725166789,-0.026430026185791874,-0.05456454633088702,0.026626567409181,-0.010979539213589712,0.03760610662277071,0.0141196206703024,-0.03240973966671691,0.04652936033701931,-0.04597943741866,-0.04069186432242031,-0.005287573096239694,-0.0521781985548456,-0.04820309255690888,-0.003975105997936719,-0.0103739722598812,-0.02221050803222775,0.011836535772346548,0.0139207082054533,-0.008906040228129977,0.022826748433583278,-0.0899347826856568,-0.053721208814552855,-0.036213573871103945,-0.0251906193010441,-0.041621100204920804,0.016430480903876703,-0.0814363071583362,-0.08017937884231247,-0.0012569283160237393,-0.0017390969854634,-0.0021745256529685526,0.00043542866750515257,0.1450636170978877,0.00033481848055670334,0.144728798617331,-0.048952549396633,-0.07087000790727886,0.02191745851064586,-0.1097038203641521,-0.044459190575520696,-0.06524462978863141,0.0290110457126596,-0.013496384234244162,0.04250742994690376,-0.0047819487667244,-0.0020984047001396822,-0.002683544066584718,-0.107758246991617,-0.07220839919726708,-0.035549847794349915,0.0274944785122823,-0.03500315799091683,0.06249763650319913,-0.0435421740919307,-0.03840449055758151,-0.005137683534349194,0.0358682153304959,-0.01228519779353451,0.04815341312403042,-0.0236950075769297,-0.036902144798315495,0.013207137221385796
2019-09-01,0.0313649767584814,0.049758419617106676,-0.018393442858625278,-0.0054771183528847,0.021726240696040063,-0.027203359048924763,0.0943978367605195,0.01395087944587642,0.08044695731464307,0.0598167694384823,-0.016246930029019654,0.07606369946750195,0.0462114615801287,0.05418959241004711,-0.007978130829918412,-0.0166554603089146,-0.007824324251239008,-0.008831136057675592,0.0557286704767167,0.04375614272454604,0.011972527752170663,0.0122862742006196,0.03125073243824122,-0.018964458237621617,0.0461976471444391,0.01710232840785082,0.029095318736588282,0.0805610165044583,0.03620608979990359,0.0443549267045547,0.062998050633342,0.041327274103829616,0.021670776529512388,0.0175423587828643,0.024970304558615482,-0.007427945775751184,0.0458610596444936,0.011709205103601605,0.03415185454089199,0.0475475635524288,0.0009607799387560405,0.04658678361367276,-0.0388426230655525,-0.008309893919025702,-0.0305327291465268,0.0028863193966499,0.03291416866513011,-0.030027849268480213,0.0128611804263492,0.01769921129626912,-0.004838030869919919,0.010418256203718,0.04365575796640309,-0.03323750176268509,0.0544881796210342,0.03596611736847873,0.01852206225255547,0.0369352514411376,0.0025853474077836194,0.03434990403335398,-0.0140703969804473,0.002919965285744035,-0.016990362266191335,0.0319992514518221,0.048864069640210735,-0.016864818188388635,-0.0022950124385775,0.024000181687180728,-0.026295194125758228,0.0514480628468237,0.08513482732661437,-0.03368676447979067,-0.0098773407301369,0.009330444975556443,-0.019207785705693342,-0.0938914863206867,0.03082886951885594,-0.12472035583954263,0.0346149458928828,0.03600386567466743,-0.0013889197817846324,0.0605094188919044,0.03257552709163897,0.027933891800265433,-0.0272222284393944,0.01992310322384294,-0.04714533166323734,0.0031831329571284,-0.005360882413144705,0.008544015370273106,0.0504863548040756,0.054511432699181336,-0.0040250778951057345,0.0108130543359537,0.026156687616395943,-0.015343633280442243,-0.0036513845444446,0.02872220759792238,-0.03237359214236698,0.0371630106906936,0.029538064447254767,0.0076249462434388356,0.0467140593253236,0.03452131072754321,0.012192748597780384
2019-10-01,-0.0146533288397959,0.01541019464844924,-0.03006352348824514,0.0021294929991529,0.018203122463217918,-0.016073629464065018,-0.0340710954259085,0.027581001950749445,-0.061652097376657944,0.0705288839053329,0.048575940763565056,0.02195294314176785,0.0309922993362602,0.008328475812371292,0.02266382352388891,0.0197730645889829,0.03126709394303047,-0.011494029354047568,-0.0038693580910873,0.014585960491115655,-0.018455318582202954,0.0101131779258129,0.011602676846143462,-0.0014894989203305623,-0.0026379798396433,0.02319657610250912,-0.02583455594215242,0.0290577943103015,0.028462410987161874,0.0005953833231396276,0.051841338557691,0.024914140374569144,0.026927198183121854,-0.0122236111880279,0.013767438385621887,-0.025991049573649786,0.043720715032859,0.03195617857999531,0.01176453645286369,0.0760200508666463,0.04167572990580145,0.03434432096084485,0.0569879916832265,0.03786936347429246,0.019118628208934035,-0.0428520832846889,0.008413258243078288,-0.05126534152776718,0.0223035484280382,0.013629662083943048,0.008673886344095154,0.0349805055929717,0.011222792870472583,0.023757712722499116,0.053777905608603,0.025465548986616928,0.028312356621986074,0.0062733725199845,0.028452207035266484,-0.022178834515281985,0.0127288804888829,0.02011954435023723,-0.007390663861354332,-0.0126965559357882,0.01577998674673687,-0.02847654268252507,-0.0134716160548874,0.020335292535142963,-0.03380690859003036,-0.0310975547260008,0.00010321363400559933,-0.0312007683600064,0.0490373224727087,0.016782362191649063,0.03225496028105963,0.0486031919615819,0.011181228302488905,0.037421963659093,-0.0219866287706588,0.02327327013564586,-0.04525989890630466,-0.0631281497260073,0.017171690845744672,-0.08029984057175198,-0.060172087608866,0.021856977370179147,-0.08202906497904515,0.0111742586761647,0.03247221945639473,-0.02129796078023003,0.0376539066767217,0.018534594324757098,0.019119312351964603,0.0113820163751308,0.017082394037461326,-0.005700377662330527,0.0069154579657904,0.019817484160498642,-0.012902026194708243,-0.0110322656247781,0.011090416932979345,-0.022122682557757446,0.0108113126658763,0.018519624262399868,-0.007708311596523567
2019-11-01,0.0717456252517342,0.03412897268409166,0.03761665256764254,0.00920696705293,0.025992618461491767,-0.016785651408561766,0.0581033668100004,0.03264118188142714,0.02546218492857326,0.0396967042104103,0.0812749527753624,-0.0415782485649521,0.0378476723095207,0.034329867742016115,0.0035178045675045844,0.0554902765981757,0.05285396515006356,0.00263631144811214,0.0351258664354547,0.027692772764948023,0.007433093670506676,0.0225795779913462,0.021867321047889115,0.0007122569434570847,-0.0043025299142807,0.04359354597324703,-0.04789607588752773,0.0191568967728696,0.04439040914260327,-0.025233512369733667,0.0326846216261397,0.04207347789907123,-0.009388856272931533,-0.0080048114675132,0.013088914283508984,-0.021093725751022183,0.0866252698851891,0.05537996039823429,0.031245309486954802,0.0604585203348533,0.057247885181094235,0.0032106351537590644,0.065252616752302,0.07297364797325147,-0.00772103122094947,0.0385536677158178,0.00985060100132995,0.02870306671448785,0.1025903669465423,0.03412329793214227,0.06846706901440003,0.058146153997437,0.02628781355399277,0.03185834044344423,0.0304631168335541,0.04653434737597821,-0.01607123054242411,0.0561234513718859,0.048493852205760385,0.007629599166125517,0.0384197077975173,0.038286101839513746,0.0001336059580035534,0.0138875989833172,0.04318914756769808,-0.02930154858438088,-0.0182714207306631,0.03726957679877621,-0.05554099752943931,0.0262417598679394,0.015881637737034455,0.010360122130904946,0.0441167170918773,0.029799503381755174,0.014317213710122123,-0.0235270441849377,0.012593316403640132,-0.03612036058857783,0.0606823604003815,0.046063611905741916,0.014618748494639587,0.0205178543814261,0.02239464562040109,-0.0018767912389749883,0.0161933904779887,0.02430376725058178,-0.008110376772593082,0.0157037500213544,0.046888519163606826,-0.031184769142252426,0.037298173111122,0.03913863307257131,-0.0018404599614493117,0.0138179443320813,0.03387121324951265,-0.020053268917431352,0.0256254867607474,0.0370273894593737,-0.011401902698626301,-0.0084554420413446,0.01532008345434289,-0.02377552549568749,0.0213723718271924,0.02905277479251241,-0.007680402965320011
2019-12-01,-0.0415906861628059,0.04054334036509832,-0.08213402652790422,0.0154507123573236,0.023525278707593623,-0.008074566350270023,0.0730702863220252,0.029464434483127203,0.043605851838897994,0.0594118579168694,0.03964739392145244,0.01976446399541696,0.0210881464482321,0.03928568152077609,-0.018197535072543992,0.0184598229685885,0.023017210426147527,-0.004557387457559028,0.02016111925656,0.03597692836530547,-0.01581580910874547,0.0112411118546947,0.027616512454049575,-0.016375400599354877,0.0400236150162956,0.03081937088965512,0.009204244126640483,-0.0379275615486158,0.04381932496830502,-0.08174688651692082,0.0260245074366571,0.04404451385388221,-0.018020006417225107,0.0279089852417095,0.020475298524132345,0.007433686717577156,0.0266462484913824,0.03892883355312747,-0.01228258506174507,0.0745999215755567,0.03200658083154901,0.04259334074400769,0.0506491564172047,0.035352639157553434,0.015296517259651268,0.0327439497101225,0.022107831764070312,0.010636117946052185,0.0083193443068496,0.029708080559772546,-0.021388736252922945,0.0217727564012822,0.033333584575017804,-0.011560828173735604,0.0329627801111126,0.0433928910627486,-0.010430110951635999,0.0397528056731757,0.029925434382499613,0.009827371290676085,0.0145574697147124,0.023173396552305027,-0.008615926837592627,0.0762980072069866,0.047247767513717814,0.02905023969326878,0.0451140917013638,0.03284975178157399,0.012264339919789813,0.0660479662055074,0.04773832610677042,0.01830964009873698,0.046408652660834,0.02162820552898559,0.02478044713184841,0.1125173622796632,0.023771964455077794,0.0887453978245854,0.0485719580065972,0.04303033763828353,0.005541620368313668,0.0656544516815498,0.030538649469484803,0.035115802212065006,0.0185612132057756,0.023994234488205844,-0.005433021282430242,0.0128700750383415,0.023922571609356735,-0.011052496571015235,0.0087625707092955,0.047979818657357606,-0.039217247948062105,0.0125155546873656,0.030183963632579663,-0.017668408945214063,0.0219927894177391,0.034223948785530936,-0.012231159367791837,0.0415724782442851,0.02212946370990477,0.019443014534380333,0.0227291190451279,0.03360532529230516,-0.010876206247177257
2020-01-01,0.0237123595277984,-0.03408000903144233,0.057792368559240734,0.0572221603118875,0.0028219072491970643,0.05440025306269044,-0.0542502081394975,-0.013360869514557016,-0.040889338624940486,0.0829673160200373,0.009681518724532028,0.07328579729550527,-0.0286631107423339,-0.03668791616933849,0.008024805427004587,0.0567134601221064,0.03340910259896195,0.02330435752314445,-0.0876244501114274,-0.03642670176465888,-0.051197748346768525,-0.0216136008456223,-0.015050213751796646,-0.006563387093825656,-0.0331406700805348,-0.0022568936888230314,-0.030883776391711765,0.096897131161557,-0.03901811380074245,0.13591524496229945,-0.0155584502911184,-0.04356334514246784,0.028004894851349438,-0.0005507683721471,-0.0060145643968707975,0.005463796024723698,-0.013300135864484,-0.015067846895205392,0.0017677110307213924,0.0247106528066326,0.029071491810205057,-0.004360839003572457,0.0099160792433698,0.02203598711729215,-0.012119907873922352,-0.0132208823812976,-0.012247849578263657,-0.0009730328030339418,-0.0229396631141588,-0.01650670152640146,-0.00643296158775734,-0.0227097716482294,-0.02682227100071561,0.004112499352486209,-0.0463504843726854,-0.025454676122296613,-0.020895808250388788,-0.03135428077371,0.003866180392416479,-0.035220461166126475,0.0005491856140078,0.014511391642725507,-0.013962206028717707,-0.1334954668449482,-0.0316066611984592,-0.101888805646489,-0.0135814336496689,-0.02263610603850479,0.009054672388835889,-0.1138255407868266,-0.07695892689722901,-0.036866613889597596,-0.027711076026006,0.012692187045408709,-0.04040326307141471,0.0058520012373574,-0.0030175370041142886,0.00886953824147169,-0.0175196093776181,-0.047338501455150526,0.029818892077532428,-0.0112990611636736,-0.03924167734373484,0.02794261618006124,0.0266791875019358,-0.005217334540912817,0.03189652204284862,0.0227282048534498,0.025420457658808415,-0.0026922528053586157,-0.1336385446454714,-0.05396224381376704,-0.07967630083170435,0.0323392151204287,-0.015047969094315192,0.04738718421474389,-0.0222523452343889,-0.01798184188695256,-0.004270503347436342,0.048022881907155,-0.007391755559500535,0.055414637466655536,-0.0261657338593415,-0.026781204531726152,0.0006154706723846513
2020-02-01,-0.1223588188683595,-0.10723453853358879,-0.015124280334770715,-0.0561229697009571,-0.059241800534679,0.0031188308337219,-0.0916789127009389,-0.09232843289941285,0.0006495201984739463,-0.0677879778026168,-0.09163777370773893,0.023849795905122123,-0.104850508254205,-0.10316524638815108,-0.0016852618660539165,-0.0588504060409517,-0.06982414790417786,0.01097374186322616,-0.0849635412242043,-0.10839156164079458,0.023428020416590284,-0.077873037953443,-0.08325297077726122,0.005379932823818226,-0.1035038133937501,-0.09633026561245982,-0.007173547781290285,-0.0983757391066399,-0.11050788676057166,0.012132147653931766,-0.0886571716397731,-0.11063654161952594,0.021979369979752833,-0.0849849498335327,-0.07264105823825294,-0.012343891595279766,-0.0568284519697608,-0.09354411719373378,0.036715665223972974,-0.0876125175251425,-0.07998394863428515,-0.0076285688908573485,-0.0317671933510847,-0.0782379051428603,0.0464707117917756,-0.0956017522016177,-0.0618295626856902,-0.03377218951592751,-0.0666957606659892,-0.07457733264875079,0.007881571982761584,-0.088768157957999,-0.0827188746615308,-0.0060492832964682,-0.0536901027474425,-0.108632200194709,0.0549420974472665,-0.0814494246078404,-0.07364409858294568,-0.007805326024894713,-0.0828930277948742,-0.06717451668515945,-0.015718511109714756,-0.1393488114499069,-0.12433297436348101,-0.015015837086425898,-0.0676039589683039,-0.08792753360314255,0.02032357463483865,-0.1458465473235399,-0.13092911289745146,-0.01491743442608845,-0.0502073103578842,-0.04846718726681864,-0.001740123091065561,-0.0451953726127009,-0.05063875375904815,0.005443381146347251,-0.0837477853478473,-0.10661059348427854,0.02286280813643124,-0.2131604248705386,-0.09580237953605261,-0.11735804533448599,-0.094785902437928,-0.06604007981214963,-0.028745822625778378,-0.0583036819178414,-0.06369211399629987,0.0053884320784584674,-0.0989430770312312,-0.1364677178527597,0.03752464082152851,-0.0803872722521591,-0.08177139521376454,0.0013841229616054496,-0.1035159828471489,-0.10162893641336353,-0.001887046433785372,-0.0882490651062082,-0.05848585214726408,-0.029763212958944116,-0.0995589311092986,-0.08351198844426094,-0.01604694266503766
2020-03-01,-0.3389570786913718,-0.22242531516735134,-0.11653176352402048,-0.1704811689084356,-0.08833586935727444,-0.08214529955116115,-0.1485204653667977,-0.13138532016296603,-0.017135145203831664,-0.2222024675227946,-0.21581720790215173,-0.006385259620642875,-0.2242811967320696,-0.24685318550198937,0.022571988769919782,-0.1134710629210471,-0.09691111483417894,-0.016559948086868156,-0.1712628729836818,-0.2069951583293538,0.035732285345671994,-0.1279620615663347,-0.10847395412303194,-0.019488107443302746,-0.1034549276609334,-0.16448216072449914,0.06102723306356575,-0.3545317342960771,-0.25325150036366184,-0.10128023393241525,-0.2587273312049291,-0.2627498496259952,0.004022518421066101,-0.0767962077239174,-0.06763902604305212,-0.009157181680865281,-0.203704095232363,-0.198396821690529,-0.005307273541833996,-0.0857520351299111,-0.11283439861690645,0.027082363486995345,-0.1492867063552729,-0.161171767028166,0.011885060672893077,-0.0466546798239701,-0.06096748815389521,0.014312808329925111,-0.1084222846731153,-0.1187730796835006,0.0103507950103853,-0.1498473656884744,-0.1708275619605627,0.020980196272088303,-0.1767138481873547,-0.21683118262355885,0.04011733443620416,-0.0771958656708104,-0.12549472852480079,0.04829886285399039,-0.0877918740089606,-0.066870414112666,-0.020921459896294597,-0.1799754664738332,-0.20751734274719738,0.027541876273364185,-0.2532528735499185,-0.18217695792206562,-0.07107591562785287,-0.3666324800285108,-0.28094325288175526,-0.08568922714675553,-0.0271696860828918,-0.03762369658684174,0.01045401050394994,-0.0597951769224692,-0.021380101475396558,-0.038415075447072636,-0.3553973647579818,-0.28674742658087965,-0.06864993817710213,-0.1687159994514093,-0.19027675463152205,0.021560755180112745,-0.1905579773882499,-0.10338330629443251,-0.08717467109381738,-0.0464184036967454,-0.07979913380388402,0.03338073010713862,-0.2073335762729958,-0.28677534122703496,0.07944176495403915,-0.1820481864779782,-0.15976052172166527,-0.02228766475631294,-0.1716467316669255,-0.17568867253094386,0.004041940864018351,-0.147662987862649,-0.07548523259402888,-0.07217775526862012,-0.1957578392306212,-0.1666566385804414,-0.029101200650179793
2020-04-01,-0.0125770499701907,0.14676470697075533,-0.15934175694094604,0.0791107012830506,0.10028866566621954,-0.021177964383168935,0.0876642197932072,0.17089347900559523,-0.08322925921238804,0.2736036764731127,0.2322926197912461,0.041311056681866576,0.0856494028515032,0.12205347035149419,-0.03640406749999099,0.1609579846534007,0.1457286374445922,0.015229347208808502,0.1390185744349623,0.14910208417504775,-0.010083509740085456,0.0790004408529874,0.10861812139691823,-0.02961768054393084,0.0912792006952812,0.15594858431162612,-0.06466938361634492,0.2751286554780923,0.1961472535645955,0.07898140191349678,0.152962488881205,0.186210944785141,-0.03324845590393599,0.1042607744391663,0.10331555789985943,0.0009452165393068757,0.1621623829480904,0.1861742710564318,-0.0240118881083414,0.148176451959292,0.18484558544317092,-0.03666913348387893,0.1413800191256704,0.1779560755817996,-0.03657605645612921,0.0674790867353023,0.07615958573822021,-0.00868049900291791,0.1052070381163171,0.11068696739458546,-0.005479929278268361,0.1004164107113354,0.10883514556211023,-0.008418734850774823,0.0938918308445274,0.17803875845189734,-0.08414692760736994,0.1646920315817365,0.15029195949611748,0.014400072085619026,0.1235018570462703,0.11367122352007426,0.009830633526196036,0.1472596130135466,0.1615652815927332,-0.014305668579186609,0.1335552826684269,0.14620326902079728,-0.012647986352370383,0.2964888259002369,0.13222682602692157,0.16426199987331533,0.1154486289968446,0.08356235770094986,0.03188627129589475,0.3912438127517403,0.06835238602714998,0.3228914267245903,0.1131535701892114,0.18153307095333693,-0.06837950076412552,0.0866967591686787,0.15027828299407212,-0.06358152382539342,0.1948033593772601,0.12269466843857206,0.07210869093868803,0.2000066461122248,0.14557199575016058,0.05443465036206421,0.1074043716702955,0.19262363793713969,-0.08521926626684419,0.1058141826016858,0.12616275439932814,-0.020348571797642337,0.0957998292322009,0.1539967766589579,-0.05819694742675699,0.0544016690361524,0.08021931890836809,-0.025817649872215687,0.1443071635050658,0.13441912569101802,0.00988803781404779
2020-05-01,0.036704628525663,0.04035908590451727,-0.0036544573788542672,0.0709282330044701,0.038785760548666746,0.03214247245580335,0.1356586094136456,0.07769597472066303,0.05796263469298257,0.08178848256054,0.13286788774392624,-0.051079405183386245,0.0286155304776118,0.022042339425839295,0.0065731910517725055,0.0825755121700581,0.07602989408855793,0.006545618081500171,0.0800045391711111,0.04354337475272269,0.036461164418388405,0.0421494969340632,0.029301503439986217,0.012847993494076986,0.0749154884265311,0.06258985568833843,0.012325632738192677,0.1769524022032009,0.0806993086175921,0.09625309358560881,0.0703496114313627,0.07148010507311915,-0.0011304936417564498,0.0310369093397341,0.033319413529358105,-0.002282504189624005,0.068719788042249,0.08860233950878926,-0.019882551466540263,0.078280747214842,0.09837183091305184,-0.020091083698209833,0.0482308078983088,0.09569358262591281,-0.047462774727604004,0.0387765083992945,0.015696990920752663,0.02307951747854184,0.0690317403527589,0.038799782755932655,0.030231957596826245,0.0441563483309859,0.026163194778103954,0.01799315355288195,0.0691421439976075,0.06741383042216517,0.0017283135754423279,0.0663651252957156,0.07434950542074678,-0.007984380125031179,0.0456700916855063,0.049504125129937765,-0.0038340334444314644,0.0700768468235439,0.042031919600879826,0.028044927222664072,0.0973578859360853,0.057720472628052855,0.03963741330803244,0.0192912812821687,0.006391340685642093,0.012899940596526605,0.0353958180872071,0.03467267362222473,0.0007231444649823671,0.0119996274106959,0.016044077568757104,-0.0040444501580612045,0.0109464977538536,0.07139272846558574,-0.060446230711732135,0.0709479491562509,0.05483045993946067,0.01611748921679023,0.0327868014055635,0.05321578208969882,-0.020428980684135324,0.0451102561915503,0.07868653171329802,-0.033576275521747724,0.0586283843930807,0.058564142982870965,6.424141020973384e-05,0.0356302125552698,0.04498539394420884,-0.009355181388939045,0.0751735107579172,0.05496340612425854,0.02021010463365866,0.0415178644911981,0.021573922024162962,0.019943942467035135,0.087035850669774,0.04823795832017471,0.03879789234959929
2020-06-01,0.0645049559922896,0.017914971672451624,0.046589984319837977,-0.006084101207062,0.0174012704927,-0.023485371699762,0.0180440645924483,0.04160655624913259,-0.02356249165668429,0.1581469129604706,0.054466193085030055,0.10368071987544053,0.0108311445868895,0.00297836169978653,0.00785278288710297,0.0544681248251038,0.025150057409875477,0.02931806741522832,0.0168525512628263,0.02037163599645333,-0.0035190847336270294,-0.0178539161653555,0.02042330756248706,-0.03827722372784256,-0.0160843509526485,0.023519931643434563,-0.03960428259608306,0.022036400737888,0.037309517854488806,-0.015273117116600808,0.0543446018419095,0.03220165329305071,0.022142948548858787,0.0155980044920063,0.020293581662164113,-0.004695577170157813,0.044145821580531,0.043008520293599375,0.0011373012869316246,0.0881736226276648,0.040918688442007994,0.04725493418565681,0.0200260491840738,0.03844660027316901,-0.018420551089095214,-0.0124134877286481,0.016604289085004387,-0.029017776813652488,-0.0246727773994426,0.028614003855266055,-0.053286781254708655,-0.0062248686636708,0.012937007243853878,-0.01916187590752468,0.049106429928012,0.0337394446172726,0.0153669853107394,0.0297026993330774,0.03666216224988742,-0.00695946291681002,-0.0357935317656326,0.027088081780065828,-0.06288161354569843,0.0841758951758495,0.03012735895922088,0.054048536216628626,0.0002133278655352,0.02667663780749265,-0.02646330994195745,-0.01065237883554,0.009465196212411157,-0.020117575047951156,-0.0118273864170883,0.024034666266456627,-0.03586205268354493,0.07562457688419,0.02376723061852024,0.05185734626566976,0.0444946518215067,0.0284695364024912,0.0160251154190155,0.0950902627071793,0.026371752561959973,0.06871851014521932,-0.0128948747508285,0.024843661164601512,-0.03773853591543001,0.0627013605574434,0.033910790704339604,0.02879056985310379,0.0797575398314424,0.028281337745958562,0.05147620208548384,0.0073677898432228,0.019171669624182118,-0.011803879780959318,0.0119880314377156,0.02589807535686586,-0.01391004391915026,-0.0460619083659604,0.014170574897866325,-0.06023248326382673,0.0031481656687777,0.025887139271496336,-0.022738973602718635
2020-07-01,-0.0810392815703753,0.053918727995159954,-0.13495800956553525,0.0693575764193094,0.048341552481054956,0.02101602393825444,0.0072985563181087,0.05690873640552508,-0.04961018008741638,0.1913335875629501,0.07013665132744705,0.12119693623550305,0.0050248493864989,0.04675721792924509,-0.04173236854274619,0.0500764681524197,0.07283280165607786,-0.02275633350365816,0.0761372449034689,0.05075623950628446,0.025381005397184443,0.0470934045882646,0.050858744084218546,-0.003765339495953944,0.0330298543215166,0.06521879256288382,-0.03218893824136722,0.1579795549713418,0.05188694360014768,0.10609261137119413,0.0918687734394253,0.048403590894016836,0.043465182545408466,0.0784432663667448,0.0499402810947567,0.0285029852719881,0.0547793323385553,0.05634157742309028,-0.00156224508453498,0.1014331907163906,0.08250931597539318,0.018923874740997423,0.0419593478570939,0.07192748054746387,-0.02996813269036997,0.058835490585761,0.040457834304859476,0.018377656280901523,0.0765184830613115,0.042545101198756555,0.03397338186255494,0.0359458217347963,0.042660941316267326,-0.006715119581471023,0.0922192834758589,0.06196628474052567,0.03025299873533322,0.1049892645076023,0.05643747373446858,0.04855179077313373,0.087782454195426,0.059496805052305514,0.02828564914312049,0.035511142247159,0.06966058134224358,-0.03414943909508458,0.0797991716048011,0.045997590250851116,0.033801581353949985,-0.0466440051306825,0.04027570453081065,-0.08691970966149315,0.0204147254232811,0.048741922289661004,-0.028327196866379904,0.1476134245142068,0.04380268065888551,0.1038107438553213,0.0060393714085296,0.03985901885404592,-0.03381964744551632,0.0540675263307879,0.03842399878070761,0.01564352755008029,0.0532647651542487,0.046363454795929626,0.006901310358319077,0.1124515497527205,0.06570468809898122,0.04674686165373927,0.0831222961040215,0.05778025153138954,0.025342044572631957,0.0300924933435706,0.04779407544475651,-0.017701582101185907,0.0860035844615192,0.059395183847837374,0.026608400613681832,0.0636431434564973,0.040861529498370776,0.022781613958126522,0.0423976056382473,0.04338356367763876,-0.0009859580393914574
2020-08-01,0.0826763472128612,0.07020089193666211,0.012475455276199088,0.0133732274518805,0.0648250235282492,-0.051451796076368704,0.1333369769978114,0.10878988829198015,0.024547088705831263,0.4254647560811296,0.125140769510112,0.3003239865710176,0.0701337518833114,0.04428589285122601,0.025847859032085398,0.0979644771604873,0.09322962588692847,0.004734851273558827,0.0508354200893043,0.07740775430522531,-0.026572334215921013,0.0521702943751114,0.060064027454961345,-0.007893733079849946,-0.0482740862891669,0.08747636885461461,-0.1357504551437815,0.0638854056268477,0.10315595254783501,-0.039270546920987304,0.0729658855735204,0.09326999679501799,-0.020304111221497584,0.0554465781033403,0.0741121558341921,-0.018665577730851805,0.0991468070114102,0.09477218015464987,0.004374626856760322,0.1646719437708389,0.12529985281433043,0.03937209095650848,0.1264862056493955,0.09119312238180695,0.03529308326758855,0.0450709404810039,0.04872954702413261,-0.0036586065431287104,-0.0172340909431835,0.044649485759896405,-0.06188357670307991,0.0254086739612848,0.05004967119680633,-0.02464099723552153,0.0493890062981979,0.09058568645462126,-0.04119668015642335,0.0204804004080404,0.08207897195887184,-0.06159857155083144,0.0422769819310455,0.06465280132544156,-0.022375819394396056,0.0895295806662061,0.06945849607021327,0.020071084595992827,0.0671589784728758,0.07374192798608513,-0.006582949513209327,2.069175415455011e-05,0.04666357628467639,-0.046642884530521844,0.0214743857486986,0.04811850120868366,-0.02664411545998506,-0.0006740936637282,0.045377436646413694,-0.04605153031014189,0.1017230282039664,0.08087815575531243,0.020844872448653975,0.0264519250192896,0.08465761918413958,-0.05820569416484998,0.1171880531641175,0.08301328524853882,0.03417476791557868,0.0837122675754026,0.0963832217160023,-0.01267095414059971,0.0682186903356927,0.09128371567201668,-0.023065025336323985,0.0198566552455027,0.06431049364993961,-0.04445383840443691,0.1166286243079852,0.08266694295454764,0.03396168135343755,-0.0115983400989262,0.050622636851233374,-0.06222097695015957,0.0452326529375484,0.07172106938500918,-0.026488416447460778
2020-09-01,-0.0471252931177668,-0.05345024446847817,0.006324951350711365,0.0286262633775761,-0.02766754936158654,0.056293812739162646,0.060751711706217,-0.04777915247509697,0.10853086418131397,-0.1037870172482194,-0.031040716045884275,-0.07274630120233512,-0.0597284604404805,-0.04975869982498127,-0.009969760615499236,-0.0507915331344619,-0.025532175628748436,-0.025259357505713464,0.0068304169949362,-0.057060137410040936,0.06389055440497714,-0.0155384150254377,-0.04426625871150484,0.028727843686067137,-0.046660308924337,-0.04463508533663559,-0.002025223587701408,0.0562443431050953,-0.05349182316682517,0.10973616627192048,-0.030262522242571,-0.05395065568982588,0.023688133447254876,-0.0066969835652526,-0.04097804464251748,0.034281061077264884,-0.0186396014159218,-0.040361469273674226,0.021721867857752427,-0.0602525255683873,-0.03063295309511596,-0.029619572473271336,-0.022067269232101,-0.02444073968007148,0.0023734704479704827,-0.0240610403908816,-0.0351724405675461,0.0111114001766645,-0.0089637148551239,-0.03584082926492304,0.02687711440979914,-0.0244081101087523,-0.04123724243930166,0.01682913233054936,0.0058787945614912,-0.051269047620557166,0.05714784218204837,-0.0021789516412888,-0.03048067401654896,0.028301722375260158,-0.0151407287234693,-0.029649915601199887,0.014509186877730588,0.0451945078943192,-0.06176610860916069,0.10696061650347988,-0.0393242971444072,-0.04210949585095539,0.0027851987065481906,-0.1565561998554874,-0.07343344461328455,-0.08312275524220286,-0.0241276548253371,-0.02085405756046153,-0.003273597264875569,-0.0609306998213747,-0.027802420069412054,-0.03312827975196265,-0.0105622347395784,-0.050111056603504234,0.03954882186392583,0.0068854002941227,-0.05221625492793558,0.05910165522205828,-0.0039326487245053,-0.03308828771249029,0.02915563898798499,-0.0470608312114283,-0.02461007638859708,-0.022450754822831223,-0.0235373497499598,-0.07033406068718659,0.04679671093722679,-0.0341333506013929,-0.038870549660767896,0.0047371990593749955,0.0015097043142337,-0.05027043080298059,0.05178013511721429,-0.0061508779975448,-0.030893449440557632,0.024742571443012833,-0.0262727726158411,-0.041923982388896865,0.015651209773055764
2020-10-01,-0.0236595115608368,0.0018663500826696143,-0.025525861643506412,-0.0322778980959826,-0.017917710647730328,-0.014360187448252276,-0.0270785983473666,-0.029299177313403188,0.0022205789660365884,-0.05249965159165,-0.008475633327264016,-0.04402401826438598,-0.0112136462949201,0.014178443390288911,-0.02539208968520901,-0.0266008434555327,-0.039352084239310914,0.012751240783778213,-0.0160603321751939,-0.006837745482050339,-0.009222586693143561,-0.0415564184749106,-0.02334796040253202,-0.018208458072378583,-0.0429634871674123,-0.02502030362013092,-0.01794318354728138,-0.0853263010508391,0.008173534235611945,-0.09349983528645105,-0.0084109861211479,0.013334442540789655,-0.021745428661937554,-0.0048822031268477,-0.03523256900306745,0.030350365876219747,0.0225785476680877,-0.00319261618114693,0.02577116384923463,-0.0441113470619569,-0.03813573820932477,-0.005975608852632132,-0.0713843068409671,-0.01553413284401664,-0.055850173996950456,-0.0356035640509928,-0.02136572725126615,-0.014237836799726646,-0.0116259788581838,-0.009412655792945914,-0.002213323065237886,-0.0085278041219404,0.003284205287298009,-0.011812009409238409,0.0292786437943041,-0.0036031128583629943,0.0328817566526671,0.0430643992400088,-0.017759539267161773,0.06082393850717058,-0.0282063911815647,-0.03500305487233086,0.0067966636907661575,0.0514610834961288,-0.012166865487627779,0.06362794898375658,-0.0132931991435604,-0.0026880037982453565,-0.010605195345315043,-0.0416159860317585,0.020210456643560835,-0.06182644267531934,-0.0580209265365071,-0.02517277149006946,-0.03284815504643764,-0.0349610279018869,-0.023418662564727407,-0.01154236533715949,0.0538106119762865,0.02473965833264035,0.029070953643646147,0.0326877562596503,-0.004446936701848814,0.03713469296149911,-0.0131123035574599,-0.01847945009434141,0.005367146536881511,-0.0293675971918784,-0.035067822202467624,0.005700225010589224,0.040743491979536,0.004248609819710804,0.036494882159825194,-0.0306049752585906,-0.007113838096149229,-0.02349113716244137,-0.0419766651885507,-0.017716835338887512,-0.024259829849663187,0.0234503572983287,-0.01662829966792499,0.04007865696625369,-0.0080626667150096,-0.0004465943676180395,-0.007616072347391561
2020-11-01,0.3321133295802676,0.15301222039636572,0.1791011091839019,0.1014589588724811,0.0785804000177552,0.02287855885472591,0.1463221955107656,0.13864966245577695,0.007672533054988662,0.3506226810262554,0.22670575109108837,0.12391692993516701,0.1915312618739726,0.14601767817043468,0.04551358370353792,0.1122361731884444,0.11245326752415001,-0.0002170943357056171,0.148852609974201,0.14447710196855476,0.004375508005646234,0.152592317511114,0.10197101553613838,0.05062130197497561,0.2095289897563034,0.1399057080024286,0.0696232817538748,0.0974727444997042,0.19350980403644352,-0.09603705953673933,0.139070690944737,0.19041511220517557,-0.05134442126043856,0.061989471648775,0.06784183915917816,-0.0058523675104031544,0.1715358485198264,0.19186941820436165,-0.020333569684535258,0.1178795895632681,0.13708714634032543,-0.019207556777057322,0.1350087460051452,0.18116191107811483,-0.046153165072969626,0.0688168950049604,0.06252671266775711,0.0062901823372032845,0.164958429782648,0.13570320221424645,0.029255227568401543,0.1268589481958362,0.11757282438998894,0.009286123805847271,0.1618718701161798,0.18140851314205778,-0.019536643025877987,0.0711293084146339,0.14613755396203523,-0.07500824554740133,0.0842873707181866,0.10540564210358018,-0.021118271385393586,0.1156240353187216,0.1865686509196646,-0.07094461560094299,0.1351405059753773,0.14844267426077154,-0.013302168285394239,0.3045718825177029,0.16402998069887925,0.14054190181882364,0.1056714587271043,0.08019099263570591,0.025480466091398396,-0.0939487341432094,0.059322167350484456,-0.15327090149369385,0.1830251838217067,0.2007609228429033,-0.0177357390211966,0.1841343317198968,0.13605492750328524,0.048079404216611554,0.0917768383284478,0.09031886195662636,0.0014579763718214345,0.0746589517419428,0.11180439160321647,-0.037145439861273666,0.1874807796736446,0.20268735257835596,-0.015206572904711363,0.1384000983744725,0.1255387594344373,0.012861338940035216,0.1604517474577161,0.1465082545789365,0.013943492878779606,0.053523463738308,0.06549105699281284,-0.01196759325450484,0.1579440835578217,0.1318764475360753,0.026067636021746388
2020-12-01,0.0316913438491792,0.04687330771391904,-0.015181963864739835,0.0205268880085381,0.02477389909811777,-0.0042470110895796685,0.03817170329863,0.058454802333553615,-0.02028309903492362,0.1828684003495071,0.1122854762687603,0.0705829240807468,0.0646730902843596,0.0376275694499431,0.02704552083441649,0.0357149211693038,0.04427108515780602,-0.008556163988502223,0.0321664349075963,0.044272615687405995,-0.012106180779809697,0.049468740885533,0.03164238635369406,0.017826354531838937,0.0689278005034915,0.04855782498341035,0.020369975520081143,0.0076543448923158,0.07705937322615167,-0.06940502833383587,0.0600735386140636,0.07283016023323659,-0.012756621619172986,0.015629054779808,0.016759479348870687,-0.0011304245690626873,0.0304278095805722,0.0870654937142384,-0.0566376841336662,0.0794931033696936,0.05894506174397332,0.020548041625720284,0.0890604376004309,0.08462314725849357,0.004437290341937336,0.0162948544193797,0.01578966937499632,0.0005051850443833772,0.0356381569759054,0.058764425785177384,-0.02312626880927198,0.0417881603588685,0.03489393677450007,0.0068942235843684335,0.0283831121385751,0.06965027213695955,-0.041267159998384456,0.036941750219485,0.06722867777442555,-0.03028692755494055,0.0588565704665436,0.04386148182848685,0.01499508863805675,0.1363162809179422,0.06584403171791947,0.07047224920002274,0.0323675630034273,0.05782480972578526,-0.02545724672235796,0.0495695065197218,0.039911177254316255,0.009658329265405545,0.0337465907504535,0.03469050108716621,-0.0009439103367127125,0.045774284633799,0.021014281034917964,0.024760003598881034,0.0470838120358805,0.07909017136356873,-0.03200635932768823,0.0590638940333939,0.04816873319089528,0.01089516084249862,0.0433561619856954,0.03240025246964112,0.010955909516054275,0.0117695977632612,0.05014078002323513,-0.038371182259973935,0.0360577451865812,0.06860877179409806,-0.03255102660751687,0.0465899069340416,0.04374051907959668,0.0028493878544449194,0.0174658280717312,0.05109662499460994,-0.03363079692287874,0.0082789322256104,0.016980947601159056,-0.008702015375548657,0.0245732044503595,0.04885985377221767,-0.024286649321858172
2021-01-01,-0.0611619420810212,0.018352194906353713,-0.07951413698737492,-0.0333640109314183,-0.010357752182486208,-0.023006258748932095,-0.0519042995888793,0.00452044168242122,-0.056424741271300524,0.0978046787027409,0.008364645437750631,0.08944003326499027,-0.0287927393540337,0.016657732515429225,-0.045450471869462925,-0.0096214181333207,-0.035863784886037586,0.026242366752716885,-0.0201213855697421,0.01324244062949264,-0.03336382619923474,-0.0270143616140944,0.015019937071732709,-0.04203429868582711,0.0095496258827812,-0.009642125742918641,0.01919175162569984,0.0782985541978546,0.023650413710196376,0.054648140487658224,-0.0073596883835421,0.02631076682100649,-0.03367045520454859,-0.0609205016579897,-0.010581333960724186,-0.05033916769726551,-0.0047830216815311,0.028895487991993485,-0.033678509673524586,0.0074727032888804,-0.03062277296676802,0.03809547625564842,-0.0283991622987,0.00545461239252204,-0.03385377469122204,-0.0102036393779519,0.011316371782674244,-0.021520011160626143,0.0919683407353007,0.04743411407825826,0.044534226657042444,-0.031567533058081,0.018599086242643566,-0.050166619300724566,0.0199805677068438,0.02576445304332965,-0.005783885336485849,0.0512794657557956,0.01434147536628116,0.036937990389514445,3.8245615161173646e-05,0.006127451410001417,-0.006089205794840243,0.0079517282623626,0.05075802453166087,-0.042806296269298265,-0.019711646401499,0.017998973645389046,-0.03771062004688805,0.0334226342139143,0.052712338600159586,-0.019289704386245284,0.0344922684710564,0.014371483189087488,0.020120785281968916,-0.0268258620256272,0.02498897934707024,-0.05181484137269744,0.0462563618382982,0.03187939249331176,0.014376969344986439,0.0272199780771683,0.011343772140621378,0.01587620593654692,-0.0187027449683085,-0.011583272968004033,-0.0071194720003044665,-0.000901939896533,-0.01997378227053828,0.01907184237400528,-0.026792976902009,0.032881150188588774,-0.05967412709059777,-0.0081819470599936,0.008378114256294877,-0.016560061316288475,-0.0491684070282271,0.009300763795695558,-0.05846917082392265,0.0010429164702663,0.0017731504866543048,-0.0007302340163880048,-0.0181741922130019,0.020131216600591147,-0.038305408813593046
2021-02-01,0.1051005092519504,0.0707246862687135,0.034375822983236895,0.0062765504412517,0.019393016106597022,-0.013116465665345321,0.0291624338671166,0.012974018465502689,0.01618841540161391,-0.0829883362831883,0.06402211953577197,-0.14701045581896027,0.1240804178490074,0.09112042339304967,0.032959994455957736,0.0413023627815568,0.012069266011259148,0.029233096770297652,0.0375044889821538,0.05595587090096812,-0.01845138191881432,0.0331847397196514,0.011823903791490273,0.021360835928161126,0.0423785560674852,0.03572905306819375,0.00664950299929145,0.0249425095748953,0.08183956935651784,-0.056897059781622544,0.0765454159544408,0.08886748875328404,-0.012322072798843245,0.0125202868642512,-0.006945669077551954,0.019465955941803156,0.050037162452687,0.05565371944475601,-0.005616556992069005,-0.0244013133208763,0.017687953138532907,-0.042089266459409205,0.1047438781564642,0.04533237468515436,0.05941150347130984,-0.0021181912678875,-0.0005224665635714127,-0.0015957247043160874,-0.0499590942705954,0.019988684388653012,-0.06994777865924842,0.0515938404469021,0.0559895936209875,-0.004395753174085401,0.1127076399131159,0.06284154812802095,0.04986609178509495,-0.0216821776875715,0.024700479231351002,-0.0463826569189225,0.0166192424728198,-0.006312286976607487,0.022931529449427286,0.136997190321178,0.04735823001201635,0.08963896030916164,0.0654327238205687,0.052032575010386634,0.013400148810182061,0.2281183396086062,0.09304245465446882,0.13507588495413736,-0.0282029970735054,-0.007788343959582978,-0.02041465311392242,-0.1153787480723687,-0.015343843108944799,-0.1000349049634239,0.1620935921580106,0.10464568120877997,0.05744791094923064,0.067140912816032,0.04962312356081207,0.017517789255219934,0.0540856248516226,0.020791148461370056,0.03329447639025254,-0.0369929916444204,0.004985700909022172,-0.041978692553442574,0.136791375451334,0.08589454885985874,0.05089682659147525,0.0583285708720575,0.04508588728229762,0.013242683589759878,0.0897377159182286,0.03957436751986243,0.05016334839836617,-0.0371281328292288,0.011812926201669051,-0.04894105903089785,0.0285195863201131,0.04892440902105584,-0.02040482270094274
2021-03-01,0.1000155942981068,0.07031051736483647,0.029705076933270333,0.106373195668378,0.04336447049466797,0.06300872517371003,-0.0060221661655897,0.05515381644176582,-0.06117598260735552,0.0142671968200266,-0.008569050718662118,0.022836247538688716,0.0544977132543527,0.059101156951887265,-0.0046034436975345636,0.0007774473117804,0.006182753434550778,-0.005405306122770378,0.077301363514868,0.07321139957992576,0.004089963934942237,0.0241186638897924,0.052446302419529967,-0.028327638529737565,0.0882405559355907,0.03704479910450078,0.05119575683108992,0.1507149427511184,0.06717167618236629,0.08354326656875212,0.0888195685806226,0.06860200429902698,0.020217564281595615,0.0678508202292161,0.06278838329372861,0.005062436935487483,0.0302809636866969,0.024272077706621813,0.006008885980075086,0.0086987777449851,0.03298310219882757,-0.024284324453842474,-0.0311500947771331,-0.014053126191738978,-0.017096968585394123,0.0715366264700228,0.0576839941142929,0.013852632355729907,0.0317587445982847,0.015495693156778588,0.01626305144150611,0.0790429951040107,0.05728348271287687,0.02175951239113382,0.0743094096135523,0.056751072498323826,0.017558337115228473,0.0116152513435539,0.012126611211442706,-0.0005113598678888054,-0.002168569476322,0.009828061062336284,-0.011996630538658284,-0.0336113022186113,0.05880661557632276,-0.09241791779493405,0.0560007716681888,0.04048816332734118,0.015512608340847618,0.0276169473554579,0.10886772534793908,-0.08125077799248118,0.0003169149626493,0.013807826763469248,-0.013490911800819948,0.0573181681264036,0.050390416635900756,0.0069277514905028426,-0.04153552489348,0.05122154319320067,-0.09275706808668067,0.0120309810216868,0.0696408541787233,-0.0576098731570365,0.0280365809845384,0.054193411545856635,-0.026156830561318234,0.0505655572054525,0.015269109441773631,0.035296447763678865,0.2075018233872422,0.08373319838485571,0.1237686250023865,0.0536271251667893,0.04031680669399117,0.013310318472798136,0.0613731990602089,0.05171759770188821,0.009655601358320685,0.0962056476417428,0.051297721986234085,0.04490792565550872,0.0827260982250595,0.058160957952402614,0.024565140272656882
2021-04-01,0.0105879360575265,0.048199265805885204,-0.03761132974835871,0.0579875008688804,0.044982815528984914,0.013004685339895489,0.0374768106637388,0.04709192153217481,-0.009615110868436014,0.0431088489235762,0.07550324610180227,-0.03239439717822607,0.0558130933956456,0.046026338772718736,0.009786754622926865,0.0779921988615201,0.0720810615478713,0.005911137313648798,0.0351096238262014,0.044542742779176935,-0.009433118952975536,0.0315684670946159,0.029245548581109865,0.0023229185135060365,0.0231921960769329,0.05966820145339264,-0.036476005376459744,0.0655152964483917,0.05591549498256333,0.009599801465828367,0.0588449304729908,0.052827189620021815,0.006017740852968988,0.0222702928014139,0.036829940873598636,-0.014559648072184735,-0.0111772347352976,0.04892009755347267,-0.060097332288770275,0.0382033121259377,0.08373597657157172,-0.04553266444563402,-0.0025726870110632,0.06572145162433732,-0.06829413863540051,0.0276603189417127,0.020982956453897316,0.0066773624878153845,0.0295935421827192,0.012883786617073597,0.016709755565645606,0.0653227245939154,0.03565712103632614,0.029665603557589258,0.0254696282880857,0.05233535629742731,-0.026865728009341613,0.0457625690816284,0.04431771958714626,0.0014448494944821408,0.0728411889250458,0.03571820894237438,0.037122979982671424,0.0449916629259068,0.034903364445768054,0.010088298480138744,0.0177020282156492,0.041284583362034874,-0.023582555146385673,0.003757049022431,0.02486991713301989,-0.02111286811058889,0.0078912962240291,0.024846594239950066,-0.016955298015920967,0.055104980041892,0.014127071659309438,0.04097790838258256,0.0386159993925873,0.04869719178253161,-0.010081192389944309,0.0758882323681202,0.03929591781196609,0.03659231455615411,0.0492236082494663,0.04771563436575352,0.0015079738837127793,0.0726058705649855,0.06111581807008493,0.011490052494900573,0.0156668562317299,0.05020840128062778,-0.03454154504889788,0.0637638363147836,0.04245747894952851,0.021306357365255095,0.0439277931046436,0.048253377724357685,-0.004325584619714086,0.040222123226536,0.03002945358737108,0.010192669639164917,0.048639899984386,0.03804816618128867,0.010591733803097324
2021-05-01,0.0539712396516784,0.03805614963582664,0.015915090015851764,0.0042004692051252,0.011824837314592822,-0.007624368109467622,0.0037846883365246,0.00538300335858395,-0.00159831502205935,-0.0505550048263392,-0.028831179776104044,-0.021723825050235155,0.0452930750507866,0.04133349441389902,0.003959580636887582,-0.0068465059236534,-0.024460833185074173,0.017614327261420773,0.0583665523950926,0.03355332620940508,0.02481322618568752,0.0057011744299148,0.019285426457691834,-0.013584252027777034,0.0111791253016153,0.002387139784973617,0.008791985516641683,-0.0239193465671781,0.02893170048727798,-0.05285104705445608,-0.0007812539062613,0.03404797293362346,-0.03482922683988476,0.0015264960378122,0.015357939356790305,-0.013831443318978105,-0.0197050145616035,0.0011774671730956135,-0.020882481734699112,-0.0117158205325544,-0.01377464618578052,0.0020588256532261193,0.0021923285386244,-0.025073806193298173,0.027266134731922572,0.0337582786081372,0.02408043655457992,0.009677842053557283,0.0316649884991661,0.005990598090156519,0.02567439040900958,0.0208463886327758,0.03368249210857628,-0.01283610347580048,0.0296622299097826,0.02380805985277897,0.005854170057003633,0.008525412580287,-0.009370800890029358,0.017896213470316356,-0.0321104330741614,-0.01222012109495981,-0.01989031197920159,0.0780796632738793,0.03138377944757144,0.04669588382630786,-0.0141306760389835,0.014698846197504641,-0.02882952223648814,0.0712715700521119,0.07566244228832103,-0.004390872236209126,0.011659329450127,-0.00303089496292332,0.01469022441305032,0.1600650997601059,0.02129354955179447,0.13877155020831144,-0.0189674174326322,0.02941961813838277,-0.048387035571014966,0.0509016753133137,0.027334882628018295,0.023566792685295407,-0.0221849575183217,0.012777021009919669,-0.03496197852824137,-0.0322272380120709,-0.018414282791827167,-0.013812955220243731,0.0960923646757484,0.04331651730834869,0.05277584736739971,0.0368914190622402,0.015329361889072463,0.02156205717316774,0.0327152262018223,0.015899672428150886,0.016815553773671416,-0.0041954115668172,0.020668948767697884,-0.024864360334515084,0.0169079575144285,0.026898562532202495,-0.009990605017773994
2021-06-01,-0.0294453003179645,-0.009006890294753619,-0.020438410023210882,-0.0050981779730988,0.014591524669274283,-0.01968970264237308,0.1051762777653673,0.03584352655829189,0.06933275120707541,0.041699202175896,0.07491441517663856,-0.033215213000742566,-0.0315919496084514,-0.026231888479482632,-0.005360061128968769,0.0655526359744302,0.05221154086733071,0.013341095107099493,-0.0437639786344763,-0.006472645383140697,-0.0372913332513356,0.0032003018845175,0.011080832045072393,-0.007880530160554892,0.0038477492933232,0.02515570854749782,-0.02130795925417462,-0.0348396167728591,0.01013900708836565,-0.044978623861224754,-0.0326827643273631,0.001078969856963147,-0.03376173418432624,-0.0022049767082279,0.012687684166832513,-0.014892660875060412,0.0548259620065967,0.04127205528052539,0.013553906726071312,0.086365376942629,0.06029646734428376,0.026068909598345236,0.0330630004958519,0.06487686381747272,-0.03181386332162082,-0.0298091669454197,0.0044616505009318465,-0.03427081744635155,0.015915800923977,0.028074826805533346,-0.012159025881556346,-0.0356187463645544,-0.009422452473269166,-0.026196293891285236,-0.0082430942033547,0.01782639830754165,-0.02606949251089635,0.0555860708479608,0.047481210027511454,0.008104860820449346,0.0295060718439863,0.04528814979999004,-0.01578207795600374,-0.0558733470201015,0.014399540762636843,-0.07027288778273834,0.0443048852894691,0.014182381845887288,0.03012250344358181,0.05740084222333,-0.04982340219741193,0.10722424442074194,0.048056880411557,0.03679796240125416,0.011258918010302842,-0.1364841687148041,0.01877384266463056,-0.15525801137943465,0.0027218471495099,-0.002039609311280894,0.004761456460790793,-0.0245576186979487,-0.001559327005404725,-0.022998291692543974,0.0085723779430192,0.016522956018919004,-0.007950578075899804,0.0440440227719767,0.05481300704511817,-0.01076898427314147,-0.0484666917057449,-0.008330796056928417,-0.040135895648816484,0.0192115398337482,0.00950434149746256,0.009707198336285638,-0.0415757299350923,0.015920890299583292,-0.0574966202346756,-0.0092732799194379,0.004245590198824198,-0.013518870118262097,-0.0071756163418254,0.005481202193398848,-0.012656818535224247
2021-07-01,-0.0173100843303114,0.0033120901017302893,-0.020622174432041687,0.0531394047871625,0.02816946172533511,0.024969943061827392,0.0585589351535475,0.03453162451254934,0.02402731064099816,-0.0068335376625679,-0.005194453387144078,-0.0016390842754238216,-0.0112099397809898,-0.016265416238142802,0.005055476457153003,0.0402072715419576,0.02775338856677116,0.012453882975186438,0.0105683320519435,0.011549010906016444,-0.0009806788540729448,0.0027711777156606,0.015314178226849717,-0.012543000511189117,0.0269478172620044,0.01550629631629178,0.01144152094571262,0.0402602890363645,0.007352571492217437,0.032907717544147064,0.0017254940790081,0.0012880898059764573,0.0004374042730316426,0.0355145310947014,0.04302285437718704,-0.007508323282485636,0.0190315232780003,-0.005986778335588851,0.02501830161358915,0.0320673221678312,0.04845077843196541,-0.016383456264134205,-0.0880165073415207,-0.008743225788072233,-0.07927328155344845,-0.022347630704913,0.0257218428509836,-0.0480694735558966,-0.0153145139129432,-0.020182280387680253,0.0048677664747370526,0.0046307926103414,0.0011020705267478308,0.003528722083593569,0.0125340875777932,0.0038762760071338453,0.008657811570659354,0.0640987700308505,0.003634053660261236,0.06046471637058927,0.0460634842432232,0.0096126712289754,0.036450813014247796,0.0053547797393724,-0.012005806291868731,0.017360586031241132,-0.0021123130570454,-2.785254873778159e-05,-0.0020844605083076184,-0.0926626218915057,-0.013252201131506988,-0.07941042075999871,0.0219881492391921,0.009862524280926606,0.012125624958265493,0.0124348523620267,0.025575312412315494,-0.013140460050288794,0.0407196605937761,-0.01815205924787287,0.058871719841648976,0.0093477429410231,0.017542561744642658,-0.008194818803619558,0.0628934006574322,0.037318070802520566,0.02557532985491163,-0.0069885799774534,0.03207967880351738,-0.039068258780970776,0.0570313837994208,-0.002089056272281282,0.05912044007170208,0.030422036448734,0.004186005245749199,0.026236031202984803,-0.0404972808455698,0.011576104698728221,-0.05207338554429802,0.0191907968653061,0.024384742923030438,-0.005193946057724337,0.0167735406874057,0.010480957107000867,0.006292583580404831
2021-08-01,-0.0104663329338908,0.030973708002784102,-0.0414400409366749,0.0296609953007961,0.022808025411195372,0.006852969889600727,-0.0061865684629091,0.018178285364003503,-0.024364853826912603,0.0265839210977405,0.055694828819032115,-0.029110907721291615,0.0135540384005332,0.035968683054735225,-0.022414644654202023,0.0421632265077164,0.04141824019552936,0.0007449863121870431,0.0104021747821872,0.02347004602840432,-0.013067871246217118,0.007728885243149,0.012853324843555367,-0.005124439600406368,0.0320180705677281,0.034091882677903834,-0.002073812110175731,0.014407898169982,0.03511793507242493,-0.02071003690244293,0.0474852674029237,0.034853031507017386,0.012632235895906313,0.0030733085099897,0.00855692147040781,-0.00548361296041811,0.0308907563693878,0.035819429869792446,-0.004928673500404646,0.0440879301360839,0.04480108400963682,-0.0007131538735529186,0.1093471875913029,0.051311058601108434,0.05803612899019446,0.0042569957458247,0.004967459551470654,-0.0007104638056459542,0.008078477168516,0.01422671186164201,-0.00614823469312601,0.0236870401114778,0.023986349011119068,-0.00029930889964126933,0.0087049808619163,0.03462098163687681,-0.02591600077496051,0.0386090113830588,0.029910119998735014,0.008698891384323785,0.0242297502310226,0.02095381978935301,0.003275930441669593,0.0007498362876788,0.026427739844612497,-0.025677903556933696,0.0048952641572092,0.026999101666049855,-0.022103837508840655,-0.0161117254631237,0.017359568593335862,-0.03347129405645956,0.0304476760079895,0.015438887163119771,0.01500878884486973,-0.067630816355775,0.0028686483864579157,-0.07049946474223293,0.0526572091201135,0.03807011071268787,0.014587098407425628,-0.0114531264530358,0.017100985948923543,-0.028554112401959344,-0.0023378545553748,0.020378178389955596,-0.022716032945330394,0.0363411838395893,0.03299365160963756,0.0033475322299517385,0.0207716287489659,0.03145831859950751,-0.010686689850541612,0.033405678565049,0.026950920653532072,0.00645475791151693,0.0119948766043435,0.027088213640652385,-0.015093337036308885,0.0268904064869883,0.012580713350551912,0.014309693136436387,0.0033694466671669,0.022298111295314376,-0.018928664628147476
2021-09-01,-0.0034334194229643,-0.024196732801839305,0.020763313378875006,-0.0210320362754568,-0.031183101241899356,0.010151064966442556,-0.0909970884652237,-0.07028380412777417,-0.020713284337449525,0.0365321355016275,-0.08254364584044468,0.11907578134207218,0.0025683448281973,-0.00452212763130397,0.00709047245950127,-0.0602270482583578,-0.06401187760696599,0.0037848293486081874,-0.0464796959770199,-0.036017818779380345,-0.010461877197639552,-0.0525495105482427,-0.031754377562994845,-0.020795132985247856,-0.0670515682064064,-0.053196822780569315,-0.013854745425837083,-0.0975703466498594,-0.0490294725260057,-0.0485408741238537,-0.0526172372598374,-0.040338659930671775,-0.012278577329165624,-0.0501200757559413,-0.04422499153782987,-0.0058950842181114335,-0.0742729627806166,-0.05495234966745234,-0.019320613113164256,-0.0581574841315518,-0.0760052140256389,0.017847729894087096,0.0174265989361659,-0.057573921354541736,0.07500052029070764,-0.0240743737088338,-0.02153050097290711,-0.0025438727359266902,-0.0641468468310928,-0.026187002189177987,-0.03795984464191481,-0.0347731066310058,-0.012872571775997205,-0.021900534855008598,-0.0790960298577861,-0.04220500651784227,-0.03689102333994383,-0.0549396443451441,-0.05214494234081797,-0.002794702004326126,-0.0431027024061495,-0.04554447998703183,0.0024417775808823275,-0.0050564475607452,-0.02873012691335642,0.02367367935261122,-0.0293286751456181,-0.038802984396916713,0.009474309251298614,0.1123550241952157,0.001924362993615738,0.11043066120159996,-0.0629479395905782,-0.028091141958755554,-0.03485679763182265,-0.0913604706255036,-0.01713877685892462,-0.07422169376657899,-0.0051228799533698,-0.03422268871615816,0.02909980876278836,-0.112641072603791,-0.046018222875703584,-0.06662284972808741,-0.0177898066044294,-0.04510173434002065,0.027311927735591247,-0.0477246604874761,-0.06391399399788049,0.016189333510404386,-0.0979085680931564,-0.03963603542333671,-0.05827253266981969,-0.0579992366171669,-0.03152197454971431,-0.026477262067452587,-0.030427499382207,-0.04561122056254526,0.015183721180338262,-0.0368508063550263,-0.021424377926360476,-0.015426428428665824,-0.0367328842594148,-0.03101631269640329,-0.0057165715630115126
2021-10-01,0.0041081059050855,0.06875238084083957,-0.06464427493575406,0.0813251412635316,0.055319462906177105,0.026005678357354498,0.1317191428075608,0.06396701534884204,0.06775212745871877,0.3291393407348997,0.09619060307402603,0.23294873766087365,0.044033219999902,0.065878655331599,-0.021845435331697007,0.0786829377358361,0.08501949029275685,-0.006336552556920755,0.0803322070946323,0.06397944817333263,0.01635275892129967,-0.0330475186501726,0.04740039071997035,-0.08044790937014296,0.0509894351660751,0.07780362464839811,-0.026814189482323017,0.077537048925942,0.07599937157933452,0.00153767734660748,0.0598353594794443,0.07300286039520926,-0.013167500915764956,0.0408771942949636,0.04878354582458621,-0.007906351529622609,0.1222955585436859,0.0705815079615302,0.051714050582155696,0.0726782345612658,0.09766840638373933,-0.024990171822473525,0.0841261720489976,0.08610310667908759,-0.0019769346300899937,0.0270610097981546,0.03398861753452143,-0.006927607736366834,0.0122962052798132,0.03523463218869294,-0.02293842690887974,0.1078594575711137,0.05231370335816664,0.055545754212947065,0.0503459151489782,0.07529352581344266,-0.024947610664464458,0.0592144243267949,0.06241202502641545,-0.003197600699620551,0.0293466881253278,0.053513626307249595,-0.024166938181921796,0.1196282271037617,0.06618104002636033,0.05344718707740137,0.1080095960213441,0.05914597885246446,0.048863617168879644,0.1168346664360995,0.05079753648423036,0.06603712995186914,0.0299183387260052,0.039615813763095004,-0.009697475037089804,0.0389892116290654,0.028437348650758983,0.010551862978306417,0.0793099266432277,0.06882267687909097,0.01048724976413673,0.0716163199155309,0.0545822593729682,0.0170340605425627,-0.0022396608305382,0.05739584913863967,-0.059635509969177866,0.0521593619879795,0.07374930879356943,-0.021589946805589934,0.0581276041821909,0.07636956067744834,-0.018241956495257436,0.0949136229125538,0.0587569541146076,0.0361566687979462,0.1068994312763865,0.06844937473357346,0.03845005654281304,0.0545325536097219,0.041198945134374214,0.013333608475347689,0.0658667764079396,0.05433756797858321,0.01152920842935639
2021-11-01,-0.0690840958516711,-0.01951677703313382,-0.049567318818537286,-0.0243226378913554,0.009259740778421921,-0.03358237866977732,0.0102751312532698,0.029687570625147323,-0.019412439371877522,0.0332549784988663,-0.05419987883620642,0.08745485733507272,-0.0621213139003089,-0.051671106253478705,-0.010450207646830197,-0.0395530533878011,-0.023431787044383607,-0.016121266343417495,-0.0092925365234479,-0.0029343900616549496,-0.0063581464617929505,-0.0636961043970205,0.005620773472224231,-0.06931687786924473,0.0132833822840267,-0.02098902254770358,0.03427240483173028,0.0416097616671309,-0.00801838718431177,0.04962814885144267,0.0346191199291154,-0.014955222618681705,0.04957434254779711,0.0078938435681846,0.039755124471004114,-0.03186128090281951,-0.0305155231867993,-0.0309321847783591,0.00041666159155979987,0.1189783756116568,0.007600961762020492,0.11137741384963631,-0.07945630228922,-0.06421189623325871,-0.015244406055961293,-0.0234136648529202,0.02753336028148983,-0.05094702513441003,-0.0639135149106248,-0.03170841057961142,-0.03220510433101338,-0.0562979596436348,-0.016250372734341892,-0.04004758690929291,0.0108896922742602,-0.01946275860376925,0.03035245087802945,-0.0028300463468516,-0.02258648859820434,0.01975644225135274,-0.0790828904288137,-0.01686179538885175,-0.06222109503996195,-0.0085513284205011,-0.03398694476568927,0.025435616345188167,-0.0266607663733122,-0.01900968663881782,-0.00765107973449438,-0.0537298490385663,-0.015265075972583413,-0.03846477306598289,-0.0276577975607527,-0.006289395609437735,-0.021368401951314963,0.0125330018474852,0.03189261968961205,-0.01935961784212685,-0.0926885232628426,-0.040398005709745013,-0.05229051755309759,0.011782139140825,0.015786975612459484,-0.004004836471634484,-0.0184976406315841,0.027394086205269143,-0.04589172683685325,0.0210496474398522,-0.0009431696793869484,0.02199281711923915,-0.0323795582074847,-0.019688359648077473,-0.012691198559407226,-0.0358633481210217,-0.01940263632037892,-0.016460711800642784,-0.0670124210728369,-0.011442764547511143,-0.055569656525325764,-0.0369008257952859,0.01702137874542631,-0.05392220454071221,-0.0141470453307122,0.001622723913214546,-0.015769769243926746
2021-12-01,0.0476339972919823,0.05073610008930419,-0.0031021027973218915,0.035376750636933,0.03978757150236579,-0.004410820865432791,-0.0362611074044872,0.0643921473161483,-0.1006532547206355,-0.061926711063098,0.0027081062561324335,-0.06463481731923043,0.0409349918111454,0.02852051340856151,0.01241447840258389,0.003412236159712,0.013972090928990105,-0.010559854769278105,0.0784191302728928,0.058192259765663557,0.02022687050722924,0.0404630940480768,0.05410683651331491,-0.013643742465238112,0.1070305491712043,0.03426238251409264,0.07276816665711167,0.091155418195561,0.053309826710387476,0.037845591485173524,0.0852169043352388,0.050300347314890845,0.03491655702034796,0.110864886373843,0.06557523574040246,0.04528965063344054,-0.0095161933011724,0.028748509180688282,-0.03826470248186068,0.0355421755526215,0.04181625696690899,-0.006274081414287494,-0.0248723179928393,-0.0033575772219225394,-0.02151474077091676,0.1000107340144442,0.0590643391593753,0.0409463948550689,0.1064585796630481,0.027085665633127014,0.07937291402992108,0.0894990776239484,0.04126152698675045,0.04823755063719795,0.0531711041051615,0.04967633266602938,0.0034947714391321202,0.0477164861459064,0.02371818669646264,0.02399829944944376,0.076980807920944,0.026605143165213816,0.05037566475573019,0.0320574343413263,0.0577690030661529,-0.0257115687248266,-0.0050825741202866,0.03477383500109287,-0.03985640912137947,0.0330636698862946,0.07528715531589582,-0.04222348542960122,0.0534828072388163,0.028638053871878944,0.024844753366937356,0.0485674922476874,0.06154794930716998,-0.01298045705948258,0.0795565952587587,0.029733086625665192,0.04982350863309351,-0.0055279910774405,0.05863781721906999,-0.06416580829651049,0.0687639496023452,0.05137237143538141,0.017391578166963795,-0.0083525076188396,0.0281221046870912,-0.0364746123059308,0.073864051022806,0.06388642392909025,0.009977627093715746,0.0565482131387885,0.03263251923012246,0.02391569390866604,0.064186572251607,0.047711394174726314,0.016475178076880682,0.0747220222331632,0.04805555290037079,0.026666469332792403,0.0877759548225094,0.04973269624708701,0.03804325857542239
2022-01-01,0.0027435416755456,-0.011827501846278959,0.014571043521824558,-0.0848603233648924,-0.026602711546533375,-0.05825761181835902,-0.117536911171938,-0.09977125040190238,-0.01776566077003562,-0.1108469116624449,-0.20382070463729562,0.09297379297485073,0.0313856913147943,0.016546029875699256,0.014839661439095046,-0.0936988926313754,-0.10536372991065143,0.01166483727927603,-0.07077923617691,-0.026257140172947294,-0.0445220960039627,-0.0098254630207557,-0.012617412908765717,0.0027919498880100164,-0.0914899039092732,-0.07222863374837855,-0.019261270160894642,-0.1436806779545969,-0.08546101606719171,-0.0582196618874052,-0.1001419422740447,-0.0685297406022282,-0.0316122016718165,-0.0724456998683791,-0.021075668602110458,-0.051370031266268636,-0.1374534650408874,-0.11807052436630426,-0.01938294067458314,-0.0690827381487607,-0.12293376597349372,0.053851027824733014,-0.1994329424445049,-0.13723373172801734,-0.06219921071648757,0.0184517224294442,0.011926562768237843,0.006525159661206356,-0.0861259184681264,-0.04424869408941785,-0.04187722437870854,-0.0244349430249346,0.004154413474335932,-0.02858935649927053,-0.0728725606897602,-0.06221515265623447,-0.010657408033525724,-0.1280025227389748,-0.10173486115216777,-0.02626766158680703,-0.0976988591761753,-0.06401110665610893,-0.033687752520066366,-0.0305733583443571,-0.016160635489239537,-0.014412722855117563,-0.1160326366916951,-0.06392869009489825,-0.052103946596796846,0.1859696381950606,0.059827158379057076,0.12614247981600352,-0.0661400278817697,-0.033323680251195455,-0.03281634763057425,-0.0354783192128384,0.015210381563875053,-0.050688700776713454,-0.1035523009256885,-0.07807690050805921,-0.025475400417629288,-0.1267153563341863,-0.05660510274064589,-0.0701102535935404,-0.0906072335696839,-0.052259753158235125,-0.03834748041144878,-0.0974931772421872,-0.10726013867095387,0.009766961428766666,-0.0437722949770273,-0.0416411345860573,-0.0021311603909699994,-0.0549797063421822,-0.040189248580446174,-0.014790457761736028,-0.0414494227726761,-0.05320911524225856,0.011759692469582458,-0.0037393769304892,0.0020783598013214936,-0.005817736731810694,-0.0508532988179224,-0.03708312891687486,-0.013770169901047541
2022-02-01,0.0762846425652023,-0.00949042818546684,0.08577507075066915,-0.0341100241498639,-0.018768893803273547,-0.015341130346590355,-0.0622667592414374,-0.030173224781213964,-0.032093534460223436,-0.0638349707024072,-0.039707916042794264,-0.024127054659612943,-0.0176449851329981,-0.0040557800443303425,-0.013589205088667757,-0.0718130050787083,-0.04466979816758247,-0.02714320691112583,-0.0081756304515957,-0.015736188299548155,0.0075605578479524555,-0.0019148914394311,-0.009691754573700358,0.007776863134269258,-0.0242656269474091,-0.031628626371341347,0.0073629994239322455,-0.0468917761943573,-0.01854016312275692,-0.028351613071600376,-0.0090836644932416,-0.014388338973277074,0.005304674480035474,-0.0437557537457022,-0.022751993779754228,-0.021003759965947975,-0.0114354233966199,-0.018214516322711826,0.006779092926091926,-0.0253801087853751,-0.046328995413263796,0.020948886627888696,-0.006622898671343,-0.02872763093734001,0.02210473226599701,-0.0024298585847763,-0.004430354877571055,0.002000496292794755,0.0085501724088745,0.0037356138220266677,0.0048145585868478325,0.0068159440149859,-0.0029520870859083784,0.009768031100894279,-0.0532879059655016,-0.0138491963048206,-0.039438709660681,-0.0433245185013653,-0.02029894913677891,-0.02302556936458639,0.0149377399949168,-0.018765613724556967,0.033703353719473764,0.1084252222071613,0.0018383592454754173,0.10658686296168589,-0.0300133229363447,-0.014969037487860437,-0.015044285448484265,0.0787418380680998,0.013715828150502587,0.06502600991759722,-0.0268209311583943,-0.006517016644036934,-0.02030391451435737,0.109083489067998,0.004750373703172273,0.10433311536482573,-0.0362231639465587,-0.011624298406107049,-0.024598865540451653,0.0482221579286745,-0.019830187015974336,0.06805234494464883,-0.0170234941168971,-0.025070700511481473,0.008047206394584373,-0.0150573033051069,-0.03669481728572621,0.021637513980619312,0.1675803705968958,-0.012366091755960082,0.17994646235285588,-0.0344581217615859,-0.014979287752097305,-0.019478834009488594,0.003133717906613,-0.02067547189448602,0.023809189801099022,0.0011023880145925,-0.009113749010891275,0.010216137025483775,0.0187204637141709,-0.009245418920442311,0.02796588263461321
2022-03-01,-0.0258559728079172,0.020956068070039753,-0.046812040877956956,0.1211035612423437,0.02442296574638601,0.09668059549595769,-0.0016772340423655,0.029037332336143078,-0.030714566378508577,0.1224737645819736,0.024802038766340843,0.09767172581563274,-0.0335519089556767,0.012356017885662663,-0.04590792684133937,0.023021700971824,0.035531729735683734,-0.012510028763859735,0.0654850030289245,0.018860803094740804,0.046624199934183694,-0.002001323624163,0.03583398891254948,-0.037835312536712476,0.0236123538498962,0.029539589228772773,-0.005927235378876572,-0.0669378653853909,0.011478746899977799,-0.0784166122853687,-0.0607658702634278,0.008735184184065142,-0.06950105444749294,-0.0356346953179342,0.030781332882397164,-0.06641602820033136,0.0105085013164555,0.025999657129829365,-0.015491155813373864,0.0439480724613308,0.03977396315878456,0.00417410930254624,-0.0442325002056319,0.037596943676084106,-0.08182944388171601,0.0184854077352868,0.031721329555108715,-0.013235921819821916,0.0003835281242721,0.037689046913286894,-0.037305518789014794,0.0598246291211019,0.019024459066439677,0.040800170054662216,0.0263685167296814,0.029228045443693014,-0.002859528714011614,0.0391008921309826,0.03336475443201994,0.005736137698962661,0.0116799929866553,0.045627140435716876,-0.03394714744906158,0.1124588686811994,0.05115244182636473,0.06130642685483467,0.1038435884422725,0.017996935963086727,0.08584665247918577,0.0962670212151529,0.015494610966434749,0.08077241024871816,0.0659354287698925,0.04263080676560381,0.02330462200428869,0.1484255082892745,0.04463468224770308,0.10379082604157142,-0.0072290624378952,-0.0003265134109790395,-0.00690254902691616,-0.095567346716312,0.007415780468257038,-0.10298312718456903,0.0022692513560878,0.01828564953601289,-0.01601639817992509,0.037621434875188,0.03562738610721003,0.001994048767977971,0.0918356661520505,0.019440477677512134,0.07239518847453835,0.0357681399852927,0.020824839939232814,0.014943300046059885,0.0616367997382364,0.029524793665207147,0.032112006073029255,0.0923970757949585,0.025607316690474276,0.06678975910448422,0.0219252628701643,0.01828150740557616,0.003643755464588141
2022-04-01,-0.1105653807029613,-0.0753832467495577,-0.03518213395340361,-0.0218859025416913,-0.0514515306678871,0.0295656281261958,-0.068289520659409,-0.08277147697263128,0.014481956313222272,-0.1773667988841469,-0.2054137790400205,0.02804698015587362,-0.0894268403715574,-0.08054190238099264,-0.008884937990564765,-0.1235137135909286,-0.1347093761277491,0.011195662536820514,-0.0240741271238935,-0.0699906947986446,0.0459165676747511,-0.0925286545152375,-0.04411193107123396,-0.04841672344400353,-0.0964949113310624,-0.11380069679277258,0.017305785461710174,-0.0614789881867779,-0.10676368149354507,0.04528469330676717,-0.0074704118758763,-0.10098004644216092,0.09350963456628462,0.0189243025947438,-0.028239871552763685,0.04716417414750748,-0.1084525039024056,-0.1313784297796918,0.022925925877286202,-0.132720462448086,-0.1304753838214912,-0.0022450786265947875,-0.2868830472150835,-0.1725552296523682,-0.11432781756271532,0.0232586953837139,-0.006340379657350778,0.02959907504106468,-0.0997966059912566,-0.07064192323735448,-0.029154682753902122,-0.0438460744722046,-0.051457013109153994,0.007610938636949394,-0.1023274257632619,-0.10274981922327972,0.0004223934600178225,-0.1024207256109497,-0.11229279636642352,0.009872070755473819,-0.1063469554075987,-0.08610854091208846,-0.02023841449551024,-0.109030715389269,-0.08514697338508903,-0.023883742004179975,-0.060012804041057,-0.09137509746406934,0.03136229342301234,-0.0010008791534482,-0.02679824681525279,0.025797367661804592,-0.0321925420567732,-0.05112646446562649,0.01893392240885329,-0.0828272060907315,0.005345776881953104,-0.08817298297268461,-0.1172815285801385,-0.1182162998402703,0.000934771260131792,-0.0113915328773701,-0.06455477831232062,0.05316324543495052,-0.0621533464078888,-0.05434929992883807,-0.007804046479050725,-0.122379003398935,-0.11055303531869563,-0.011825968080239363,-0.05993515601366,-0.097643689017054,0.037708533003394,-0.086602535500575,-0.0803654640589267,-0.006237071441648312,-0.1140745134284661,-0.090967104784805,-0.023107408643661093,-0.0427630490463657,-0.02262558664823324,-0.02013746239813246,-0.024509301082203,-0.0605914766382271,0.0360821755560241
2022-05-01,-0.0167685556504475,0.03652338569799029,-0.05329194134843779,-0.0307413527515971,0.008515631067614965,-0.03925698381921207,-0.0715013801536497,-0.01343050521413862,-0.058070874939511075,-0.0805984005272094,-0.05458808336795996,-0.026010317159249445,0.0416637026440288,0.04768923675167049,-0.006025534107641693,-0.0309358093170711,-0.032359814269486996,0.0014240049524158957,0.0398803108890752,0.028013150174370897,0.0118671607147043,0.0595772814625451,0.017845238204281317,0.04173204325826378,-0.0276834387079525,-0.004253919031478118,-0.023429519676474383,0.0592592450166732,0.012190844418961379,0.04706840059771182,0.0190382929024392,0.02031587584467881,-0.0012775829422396086,-0.0491533890793883,0.00992135790877674,-0.05907474698816504,-0.0350033134116605,-0.015490871320611126,-0.019512442091049374,-0.0078224332992112,-0.029307558702806037,0.02148512540359484,-0.0393007573973918,-0.0365151140654179,-0.002785643331973897,-0.0248569513539632,0.02388708859628616,-0.04874403995024936,-0.0036714249721942,0.002241460381873445,-0.005912885354067645,0.0119651640418858,0.03472801520069131,-0.02276285115880551,0.0215609644379753,0.014622592673271586,0.006938371764703714,0.0244284323514739,-0.02154708552328328,0.04597551787475718,-0.0183072684971856,-0.016245294938152816,-0.0020619735590327835,-0.0038626895053252,0.03214535774834911,-0.03600804725367431,-0.0352720099937575,0.00527865099445648,-0.04055066098821398,0.1485998731721638,0.08075921244870334,0.06784066072346047,0.0183812997592259,-0.004433058115632089,0.022814357874857992,-0.0820347292177423,0.021688286079080663,-0.10372301529682296,-0.0125580589401558,0.01604535980958047,-0.02860341874973627,-0.0015832933917322,0.013597425942561943,-0.015180719334294143,-0.0200480685792979,0.0021392486047651254,-0.022187317184063027,-0.0617604841170099,-0.0308796953346478,-0.030880788782362098,-0.0573531759341474,0.03496716696006261,-0.09232034289421001,-0.0116976192858949,0.011103671610386855,-0.022801290896281752,-0.0278254781498911,0.009210329558021531,-0.037035807707912635,0.0482468943760319,0.02022542487831483,0.02802146949771707,0.007553772433286,0.018773557476829884,-0.011219785043543883
2022-06-01,-0.045809961512527,-0.1183516679620067,0.0725417064494797,-0.0430246959066161,-0.05800332761256645,0.014978631705950346,-0.1205266304890293,-0.06787133652354614,-0.05265529396548316,-0.1190445313545006,-0.07472661237819418,-0.04431791897630642,-0.1165727726925984,-0.13068607311177383,0.014113300419175426,-0.0683580292706305,-0.06899952549783338,0.0006414962272028729,-0.1479395217518205,-0.10950209332015379,-0.038437428431666726,-0.0889102394910604,-0.09051671157998718,0.0016064720889267803,-0.0850871866753046,-0.09905754109553436,0.013970354420229758,-0.1078583562657021,-0.09641854396491083,-0.011439812300791274,-0.122594089566184,-0.10210916351294604,-0.02048492605323797,-0.0269515210176077,-0.06341360056267527,0.03646207954506757,-0.0925008439910222,-0.08675855116850491,-0.0057422928225172865,-0.11504259983148,-0.06312332526782541,-0.0519192745636546,-0.1109820761861301,-0.08533870554303229,-0.02564337064309781,-0.0382296804690641,-0.06440525865770384,0.02617557818863974,-0.0769645417333974,-0.08938655510533354,0.012422013371936144,-0.0272632414179037,-0.09564904353650001,0.06838580211859632,-0.1339713656299478,-0.11088757721100753,-0.023083788418940265,-0.0746198889519701,-0.0707446220166481,-0.0038752669353219887,-0.0869072674997129,-0.0758263182657379,-0.011080949233975013,-0.2092765327761601,-0.15038276076241644,-0.058893772013743656,-0.0549284554692097,-0.08646302165707687,0.031534566187867166,-0.1677295444941181,-0.15360219993929797,-0.01412734455482012,0.0021511364015018,-0.05815174378451475,0.06030288018601655,-0.129032459693496,-0.05608458505929392,-0.07294787463420208,-0.1408090214736164,-0.10286232162944772,-0.03794669984416868,-0.0886613745713984,-0.07867010603037868,-0.009991268541019727,-0.0657296392322344,-0.04956476175244026,-0.016164877479794143,-0.0912215968882701,-0.05273659046875286,-0.038485006419517236,-0.1930900583519783,-0.1399688729749565,-0.05312118537702179,-0.0777532337521834,-0.08721651208505143,0.00946327833286803,-0.0686118391986108,-0.10411285331946199,0.03550101412085119,-0.0644930859669499,-0.06094633195718027,-0.0035467540097696287,-0.0713205232844537,-0.07955808274614519,0.008237559461691496
2022-07-01,0.0782124933243811,0.09012167307718265,-0.01190917975280155,0.0707418768993186,0.06599664132552653,0.00474523557379207,0.122573691467676,0.10221833410827674,0.02035535735939925,0.2748935128559741,0.21498283731698492,0.059910675538989155,0.064907972385065,0.08519604839991157,-0.02028807601484657,0.0905720553536875,0.13081378693478868,-0.040241731581101184,0.0661259332599625,0.08481294280540126,-0.018687009545438768,0.0050962147370237,0.044259915061455206,-0.039163700324431505,0.0994001749446527,0.114354275866212,-0.014954100921559299,0.164704310956089,0.13877412790716356,0.025930183048925443,0.1580678165724361,0.13107096397842474,0.026996852594011356,0.0100261020142616,0.04060824784859897,-0.030582145834337368,0.210522808153622,0.1414849785250079,0.0690378296286141,0.1724926980193944,0.15109225022415765,0.021400447795236754,0.1749121706701078,0.1650373723279478,0.009874798342160013,0.0377920123856004,0.01521536337527169,0.022576649010328707,0.084945219834211,0.05622647315693611,0.028718746677274885,0.0316758228731556,0.06294076836035326,-0.03126494548719765,0.1314567061261691,0.11793708460293685,0.013519621523232259,0.1303050955918596,0.11309470460297108,0.01721039098888852,0.058133273226223,0.0711605416834211,-0.013027268457198107,0.0685093806298425,0.07671081473533467,-0.008201434105492164,0.1132264706093996,0.1015890036969313,0.011637466912468294,0.0888954544943807,0.04356463003474221,0.04533082445963849,0.0020040030890199,0.043952286530789954,-0.041948283441770054,-0.1202595286551956,0.0025525801641240165,-0.12281210881931962,0.1315822345790305,0.14166366764708443,-0.010081433068053924,0.0636532661350779,0.08933415911458814,-0.025680892979510248,0.1159112864078045,0.07971433415049523,0.036196952257309276,0.1703147177374341,0.1174253285755388,0.052889389161895284,0.1896298497992346,0.11538823301144882,0.07424161678778579,0.0835058540335759,0.08671381276270458,-0.003207958729128685,0.1004120618645479,0.09634155572653932,0.004070506138008578,0.0590862422705839,0.03408981604060158,0.02499642622998232,0.0898997288167324,0.08138121992820069,0.008518508888531715
2022-08-01,-0.0145244337191178,-0.03964815757078548,0.025123723851667678,0.038150175599471,-0.03330721906768691,0.07145739466715792,-0.0591604179167317,-0.06369954384679191,0.004539125930060214,-0.0669595640945913,-0.04516413479453612,-0.021795429300055187,-0.0344626306761555,-0.024635741327850385,-0.009826889348305116,-0.0521897582677955,-0.04160252331098352,-0.010587234956811978,-0.0175372638278103,-0.05084811723076531,0.033310853402955004,-0.0351163783283166,-0.03340947603980444,-0.0017069022885121618,-0.0414133353970719,-0.04709191504318678,0.00567857964611488,-0.0636951369039105,-0.05648734621306872,-0.007207790690841778,-0.0725763253232247,-0.051765297291507945,-0.02081102803171675,-0.0260228850121113,-0.05017391830538047,0.024151033293269168,-0.0700428327754731,-0.03764602038065866,-0.03239681239481444,-0.0565185263109707,-0.05767467016321104,0.0011561438522403392,-0.0173494070744701,-0.022527306727864918,0.005177899653394817,-0.0102659980681177,-0.028687005735955062,0.01842100766783736,-0.0351142523560772,-0.00934277709588092,-0.025771475260196283,-0.0107200152368483,-0.025899896355790236,0.015179881118941935,-0.0446625780687263,-0.04255664788363238,-0.0021059301850939183,-0.0852264136201636,-0.029954374369242462,-0.05527203925092114,-0.0531141995105144,-0.02282988262489256,-0.030284316885621842,0.0654141987507802,-0.026743424803916963,0.09215762355469716,-0.0403596984388838,-0.0374632030263206,-0.002896495412563198,0.0284688994818696,-0.03677715400613838,0.06524605348800798,-0.0585505943751896,-0.010682361849874079,-0.047868232525315524,-0.0808880257099659,-0.015927115446372826,-0.06496091026359307,-0.067974749293328,-0.042468883236083624,-0.025505866057244378,-0.0829389731752824,-0.05891890538595274,-0.024020067789329656,-0.0130894334396235,-0.049356995060394995,0.036267561620771493,-0.0319594152062228,-0.042246140913660114,0.010286725707437314,-0.0183165965737998,-0.05606722573223505,0.037750629158435245,-0.0331097843719447,-0.03269983037322092,-0.00040995399872378185,-0.0198516127067818,-0.04566146873453663,0.02580985602775483,-0.0105370639575501,-0.02847385153288412,0.01793678757533402,-0.0063474407338368,-0.0382397293668094,0.0318922886329726
2022-09-01,-0.1305358753149843,-0.10252037271512847,-0.028015502599855843,-0.0622485938461136,-0.06347208134507767,0.0012234874989640737,-0.1752467588404671,-0.11617825887447321,-0.05906849996599388,-0.0644671927388288,-0.13797649986116348,0.07350930712233468,-0.0812917598581764,-0.08808348314451431,0.006791723286337911,-0.1149659057918229,-0.09241302785784165,-0.022552877933981252,-0.0961124041330896,-0.10827272446232412,0.01216032032923453,-0.131160840232576,-0.08328376371220651,-0.047877076520369474,-0.1046403830486299,-0.1084511776788708,0.0038107946302409074,-0.0709975705375619,-0.12584713060866548,0.05484956007110359,-0.0925834685096871,-0.12075274009453292,0.02816927158484582,-0.1113569758649178,-0.0768630934021074,-0.034493882462810405,-0.0776332698830558,-0.11875721093315973,0.04112394105010393,-0.1258684829941445,-0.10931477301014031,-0.016553709984004183,-0.0349228265181264,-0.10767168563035615,0.07274885911222975,-0.0832334868953091,-0.057888983386853186,-0.025344503508455914,-0.047296481021668,-0.08254634400069917,0.03524986297903117,-0.0475494253123114,-0.07559383378987404,0.028044408477562642,-0.095111067647852,-0.1184465849505587,0.023335517302706693,-0.0790317739061405,-0.09655435020271999,0.017522576296579495,-0.066198548940277,-0.08132873924486943,0.015130190304592422,-0.0837136506845465,-0.12192949798033972,0.03821584729579322,-0.056621091311429,-0.09862106751599428,0.04199997620456528,-0.0957689142275081,-0.10591041693320721,0.010141502705699107,0.0001041646807097,-0.05650357047940933,0.05660773516011903,0.0408491938006153,-0.0484679728668218,0.08931716666743711,-0.1351453331720036,-0.11734471853052732,-0.017800614641476295,-0.1416039571639996,-0.105216946737584,-0.036387010426415595,-0.0573902603603461,-0.07745746179473455,0.02006720143438845,-0.0779202323760317,-0.08937859266585345,0.01145836028982175,-0.1713080389778281,-0.1379834387413524,-0.03332460023647568,-0.1095502128252189,-0.08633871421580608,-0.023211498609412823,-0.1445913383898264,-0.10947294381706943,-0.03511839457275698,-0.1159013446888275,-0.05597676945821712,-0.05992457523061038,-0.0890285741596427,-0.08878090603520791,-0.00024766812443478836
2022-10-01,0.1770962787900117,0.12818087612612167,0.04891540266389002,0.0062274892903326,0.07068551072492327,-0.06445802143459067,0.1194021686104798,0.10493822875135084,0.014463939859128958,-0.0670720219788153,0.06723055537934428,-0.1343025773581596,0.1164394127413722,0.115429186312644,0.0010102264287282087,0.0365630207566231,0.045443730524878156,-0.008880709768255057,0.0778618241893938,0.12722832892452796,-0.049366504735134153,0.094750973675798,0.10211936521235995,-0.0073683915365619496,0.1128697690888542,0.08994598853289439,0.02292378055595981,0.1128414014312082,0.12962232084353478,-0.01678091941232658,0.0880393235020184,0.13087557504132777,-0.04283625153930937,0.0437261946624296,0.09087324372996383,-0.04714704906753423,0.0792274091215794,0.0965033433912455,-0.0172759342696661,0.0922538031441191,0.07413836662440652,0.018115436519712577,0.1569856816660509,0.05619910020218723,0.10078658146386367,0.1076621801591967,0.09022310957835333,0.01743907058084336,0.0352942222645379,0.08660059705549686,-0.05130637479095896,0.1253173450260916,0.10415543305044443,0.021161911975647166,0.1585991312392624,0.12595584718088987,0.032643284058372524,0.0501640910507965,0.07147082538236116,-0.02130673433156466,0.0805421798254551,0.06374959972944128,0.016792580096013823,0.0240748120274323,0.15005247102548125,-0.12597765899804894,0.1113167085779091,0.09606901221440707,0.015247696363502025,0.2462036651179596,0.17876521879563298,0.06743844632232662,0.1033399906305364,0.05817594547459164,0.04516404515594476,0.001000518953128,0.0878564649239958,-0.0868559459708678,0.0589300866245522,0.11722165201115298,-0.058291565386600776,0.0201298651328701,0.11393812998662389,-0.09380826485375379,0.0932916933911672,0.08007926524517427,0.013212428145992938,0.0177114498121573,0.05444767510419653,-0.036736225292039223,0.1752657945573725,0.1599151990907906,0.015350595466581907,0.0538805166149857,0.08870807359655064,-0.03482755698156494,0.0829412581463708,0.11017397720300318,-0.027232719056632382,0.0378441293267923,0.07952283121157257,-0.04167870188478027,0.1337322938511295,0.10616707296817685,0.027565220882952657
2022-11-01,0.0894590068258092,0.05986669667226641,0.029592310153542793,0.0453310223055028,0.057035339290965985,-0.011704316985463183,0.1691233774992536,0.08673617213997445,0.08238720535927915,-0.078769413202861,0.025692292260967618,-0.10446170546382862,0.053472095183059,0.031970396459938634,0.02150169872312037,0.0587383647127353,0.04343370452149218,0.015304660191243123,0.0931252967528431,0.07015608162243038,0.022969215130412723,0.0309397104424487,0.06562357576073681,-0.03468386531828811,0.0922810645685008,0.05506707723050513,0.03721398733799567,0.0826907247236805,0.06638631064494897,0.016304414078731524,0.0603666929964141,0.060478531224879284,-0.00011183822846518726,0.0995688106169387,0.08571198149883585,0.013856829118102848,0.0680135687264249,0.04159068389469336,0.026422884831731545,0.0427295491448542,0.07588804005447794,-0.03315849090962374,0.0764367767843685,0.015643385319489965,0.060793391464878534,0.0365298582991502,0.06959186904921498,-0.03306201075006478,0.0455907149714592,0.028804202629172847,0.016786512342286355,0.0252795124453905,0.04730769713788444,-0.022028184692493943,0.1029324560748302,0.061957344228451415,0.04097511184637879,0.0962037759992222,0.03931904946360776,0.05688472653561444,0.0435017735439732,0.04280710448211886,0.000694669061854343,0.1580579821337839,0.06249036470738381,0.09556761742640008,0.0342899520380991,0.04556569613270994,-0.011275744094610844,0.0030791603097555,0.07067630039190649,-0.067597140082151,0.0572767555089888,0.03990885509340583,0.01736790041558297,0.1319857168556831,0.07003125392572443,0.06195446292995868,0.0753707287818203,0.03535309971320818,0.04001762906861212,0.0090545352446901,0.07196780603308779,-0.06291327078839769,0.0635708451359746,0.07166472634682758,-0.008093881210852985,0.026830299832282,0.054910423464090946,-0.028080123631808947,0.1135709643712185,0.07271547309082267,0.040855491280395825,0.0769162549063131,0.044285773559721006,0.03263048134659209,0.1060126667433368,0.06311607897992283,0.04289658776341397,0.0620668246053267,0.06025999791992626,0.0018068266854004353,0.0474276898195831,0.059692484566162045,-0.012264794746578947
2022-12-01,0.010447512542079,-0.06241222265263213,0.07285973519471113,-0.0612899352447051,-0.035868273825123156,-0.025421661419581944,0.001587997727018,-0.05565989518294742,0.057247892909965424,-0.2758140415239093,-0.12487702630277303,-0.15093701522113628,-0.0637550745937926,-0.0688407427706629,0.005085668176870312,-0.0663138187259951,-0.08105382334795957,0.014740004621964481,-0.0548193989218767,-0.05943101385535393,0.004611614933477233,-0.06232271971167,-0.02979218561944034,-0.032530534092229654,-0.0573188014368576,-0.07711535918769943,0.019796557750841833,0.0065803170925982,-0.08250648737381895,0.08908680446641715,-0.0495635232506373,-0.0806797546388132,0.031116231388175902,0.0123968530041215,-0.022346818461193386,0.03474367146531489,-0.0653169373338805,-0.08284299123588712,0.017526053902006622,-0.1075223455015415,-0.08061849719302688,-0.02690384830851461,-0.0529094179133697,-0.09942555172074004,0.04651613380737034,-0.0241671869009796,-0.005531445303812899,-0.018635741597166702,-0.0558168321448406,-0.03637317084761529,-0.019443661297225315,-0.0310782147317975,-0.0427843444363041,0.011706129704506598,-0.0407030203021822,-0.07252722057351436,0.03182420027133216,-0.030206660353055,-0.06470400844530509,0.034497348092250094,0.0031535789017766,-0.04381129139874805,0.04696487030052465,-0.0377269976700556,-0.05545608394057221,0.017729086270516607,-0.071946551905003,-0.06430544382031461,-0.007641108084688389,-0.0372516759540733,-0.041986006792018325,0.004734330837945028,-0.0179716940132066,-0.020786882260944828,0.002815188247738229,0.0217723343276521,0.010434454854933939,0.011337879472718162,-0.0523983687350438,-0.09174589585063406,0.03934752711559026,-0.0388574401094996,-0.05617347086105632,0.017316030751556723,-0.0634933069733746,-0.04110835563906953,-0.02238495133430507,-0.0903907016338423,-0.06397399867989198,-0.026416702953950322,-0.0736650500187674,-0.0808825279118029,0.007217477893035507,-0.062506842835109,-0.05706971395690591,-0.005437128878203093,-0.0761432957015009,-0.0642656009967658,-0.011877694704735098,-0.0248025769451096,-0.017697699559326582,-0.007104877385783019,-0.0535784688112815,-0.04688943019742079,-0.006689038613860707
2023-01-01,0.0624902020441998,0.06167608488972807,0.0008141171544717302,0.0009146891794492,0.038989960476670416,-0.038075271297221214,0.0815192060572735,0.07013753944371391,0.01138166661355959,0.2948135753580986,0.17738943137966828,0.11742414397843032,0.0974566062037687,0.05980475469937972,0.037651851504388975,0.0917251463978188,0.08920064472400599,0.0025245016738128095,0.0814325845676357,0.05466913552342207,0.026763449044213634,0.1396704204921049,0.028739342254588858,0.11093107823751605,0.0497890625213233,0.07821975991006076,-0.028430697388737464,0.1380968221340233,0.10357928408813552,0.03451753804588778,0.1267213903428092,0.09810410874146952,0.028617281601339667,0.0050628702338474,0.013441175891946516,-0.008378305658099116,0.0916280369206356,0.11875648688323534,-0.027128449962599735,0.1209415093714822,0.10084037416232584,0.02010113520915635,0.1980831965426625,0.13785443363307298,0.060228762909589506,-0.0240621351102613,0.0034891548641578342,-0.027551289974419132,0.0195334428040391,0.06058835883868966,-0.04105491603465056,0.0124287031199388,0.043987532066973214,-0.03155882894703441,0.0847685329556142,0.09022030977241996,-0.0054517768168057534,0.0366419683345801,0.09372973768915921,-0.05708776935457911,0.0295899461002268,0.05752350073614171,-0.027933554635914907,0.1622448168502953,0.06609978143853104,0.09614503541176425,0.0708883683125123,0.07865067363160175,-0.007762305319089446,0.0370551763328768,0.028068641923436253,0.008986534409440545,-0.0225584704554588,0.03874936260232862,-0.06130783305778742,0.1212487868619066,0.0009990057223726598,0.12024978113953394,0.1406519192214961,0.11314743412171843,0.02750448509977768,0.097115295741749,0.058927019001425884,0.038188276740323115,0.0962165319177954,0.0467206428603399,0.0494958890574555,0.1200757918241746,0.0829727104417933,0.0371030813823813,0.1988434117520991,0.08356835385900983,0.11527505789308927,0.0982781224330698,0.06306539336330544,0.03521272906976436,0.0754300611522837,0.06771914773870445,0.007710913413579254,0.0081221226702074,0.016417985130023762,-0.008295862459816361,0.0607686069279357,0.059232406314635555,0.0015362006133001482
2023-02-01,-0.005773028631833,-0.027852302090029313,0.02207927345819631,-0.0086787050498138,-0.011712159447621336,0.003033454397807535,-0.057906310669477,-0.020411623453345313,-0.03749468721613168,0.1016976026113819,-0.019977040414677447,0.12167464302605935,-0.0230598075322728,-0.029870477069165277,0.006810669536892477,-0.023875292374035,-0.019553896313438252,-0.004321396060596748,-0.0249193523567995,-0.02818704764494038,0.0032676952881408802,-0.054953086424275,-0.025874327276395007,-0.029078759147879996,-0.0006564721835879,-0.02787288955692651,0.02721641737333861,-0.0189340043658948,-0.02139979463876129,0.0024657902728664888,0.0021680660241253,-0.02232423500913871,0.024492301033264007,-0.0362413460654583,-0.017888881148036447,-0.018352464917421853,0.0476688371991229,-0.02294196795991245,0.07061080515903534,0.0295354273167295,-0.01444375874878184,0.043979186065511336,-0.0441545646978557,-0.022947625328241378,-0.02120693936961432,-0.0084862588199109,-0.016292536763782103,0.007806277943871204,-0.0374275040462739,-0.027482824603824188,-0.009944679442449714,-0.03249640292291,-0.021168646713186388,-0.011327756209723611,-0.0126520993746452,-0.027447740763577592,0.014795641388932392,-0.0519593562803286,-0.020035055673522734,-0.031924300606805865,-0.0270842403785159,-0.024544038572648877,-0.0025402018058670248,-0.0359489114794131,-0.04272907670299044,0.006780165223577342,-0.0198733794082016,-0.022006048658634984,0.0021326692504333826,-0.0706191478747721,-0.03704041697364691,-0.03357873090112518,-0.0475351755064157,-0.016313370841923105,-0.031221804664492595,-0.1553683664264162,-0.013475483439721027,-0.14189288298669517,-0.0204010382061088,-0.02263764414750302,0.0022366059413942187,-0.0740505715023628,-0.01993162337804674,-0.05411894812431606,-0.0288907764424453,-0.009816123906685226,-0.019074652535760073,-0.054194504814795,-0.01426854090856022,-0.03992596390623478,0.0089496357681063,-0.036225911692716974,0.04517554746082327,-0.040895523598236,-0.02167824747431812,-0.019217276123917878,-0.0030300040402217,-0.02877967212473405,0.02574966808451235,-0.0572298414639768,-0.013539619959736814,-0.043690221504239984,-0.0051937393691384,-0.017636554964764593,0.012442815595626194
2023-03-01,0.0347298765213686,-0.01840912114037621,0.05313899766174481,0.0650208137718428,0.03267678755757204,0.03234402621427075,0.0547656506794181,0.0404670195860348,0.0142986310933833,0.0015751433734037,0.03800453394566366,-0.03642939057225996,-0.0918450654286997,-0.04213748692518707,-0.04970757850351264,0.0938598019306377,0.07223841963323092,0.021621382297406774,-0.0209373849621102,-0.010128596329135757,-0.010808788632974443,0.0035500473369454,0.014796392462845136,-0.011246345125899736,0.061329820804757,0.029758019887441724,0.031571800917315276,0.048777755890934,-0.01241770120537894,0.06119545709631294,-0.0331855370367542,-0.023869160939309818,-0.00931637609744438,0.0438136069540019,0.04204414627220388,0.0017694606817980213,-0.0236883707003138,0.007804076604257803,-0.031492447304571604,0.1131600492809489,0.08444164765529327,0.02871840162565563,0.0310827816995103,0.039702207790491925,-0.008619426090981624,0.0421971223535571,0.019024078253229444,0.023173044100327653,-0.0449470786803012,-0.0063366428136715424,-0.038610435866629655,-0.0485372166920528,-0.016787306356412787,-0.03174991033564001,0.0021914554330452,-0.0014027655105950266,0.0035942209436402267,0.0375376010023071,0.030983109088739677,0.006554491913567426,0.0386636516500009,0.04475089982940674,-0.006087248179405841,-0.0367039672477275,-0.014726550238902646,-0.021977417008824857,0.0155884971899369,-0.0030468968126385896,0.018635394002575488,-0.0140894855954635,-0.07477968745353149,0.06069020185806799,0.0190742622998106,0.03640885950944299,-0.017334597209632388,0.1512052898826885,0.0286334359866696,0.1225718538960189,-0.0866418770353687,-0.04218938574964602,-0.04445249128572268,-0.0060275405695504,-0.006080429220535627,5.288865098522673e-05,0.0483987486313197,0.03548033239626438,0.012918416235055324,0.0412493327441906,0.06932161534002063,-0.028072282595830028,-0.0553556622590761,-0.032581676503257356,-0.022773985755818744,-0.0359632398314992,0.003136756259390314,-0.03909999609088951,0.0110243823906952,0.012016513889682286,-0.0009921314989870863,0.0374523917179455,0.01978011118364483,0.01767228053430067,-0.0003032098605499,-0.003729245511166125,0.003426035650616225
2023-04-01,0.0020624429668101,0.006931843740684326,-0.004869400773874226,0.0240896682658007,0.019906780418630955,0.004182887847169744,0.024588152596373,0.023601070462786734,0.0009870821335862673,-0.1410194049120514,-0.021789324356192016,-0.11923008055585937,0.0217018260588941,-0.008108920558457272,0.02981074661735137,0.0219942745294558,0.007224257008433553,0.014770017521022246,0.0019547741053747,0.011372865118028756,-0.009418091012654057,0.0231751177577477,0.024516376863142578,-0.0013412591053948777,-0.0509716193565159,0.006815069219992634,-0.05778668857650854,0.0663602863134132,-0.00027648988433267956,0.06663677619774588,0.0070169233550667,-0.003191425387932131,0.010208348742998832,0.0401723726458332,0.036129885299452755,0.0040424873463804425,-0.0354847088173003,-0.005355143616744916,-0.030129565200555385,-0.0125445841560242,0.02058041734207515,-0.03312500149809935,0.0074880391141363,-0.013099436201510002,0.0205874753156463,0.0407435280551542,0.03324985231299486,0.007493675742159339,0.0262232923394902,0.005528620766656291,0.020694671572833907,0.0383923773625299,0.00817607498589188,0.03021630237663802,-0.036308801200164,0.006512854521930079,-0.04282165572209408,-0.0531802538215365,0.003850881709414469,-0.057031135530950974,0.0722038001987973,0.01631842935772342,0.05588537084107388,0.0825765417200406,0.015179643565872036,0.06739689815416856,-0.0131914777403906,0.0004526154029998236,-0.013644093143390424,0.0271611657720856,0.010435130986062212,0.01672603478602339,0.0348146762958404,0.021032523135684232,0.013782153160156164,0.0134259129835384,0.04134199793378974,-0.027916084950251337,0.0020047744208193,-0.019617921147376267,0.021622695568195568,0.0315392372825042,0.009912667117909224,0.021626570164594974,0.0694006912407503,0.021802269560534614,0.04759842168021568,0.0158167416136491,0.015191892648668305,0.000624848964980794,-0.0606887608096055,0.002956803698041531,-0.06364556450764704,0.0009749065337041,0.004397970967473943,-0.003423064433769843,-0.0173980527419697,0.011349739265767048,-0.02874779200773675,0.0217395101451391,0.025423520581465076,-0.003684010436325977,0.0133684787160095,0.011229699584217101,0.0021387791317923985
2023-05-01,-0.0270221851690477,-0.029622744812935538,0.0026005596438878377,-0.0270354715005121,-0.0005145952825509389,-0.026520876217961162,-0.1471569129910502,-0.006207743948584588,-0.1409491690424656,0.134973037018362,0.07876657966028132,0.05620645735808068,-0.045678666932264,-0.027501990603182883,-0.01817667632908112,0.0711702932832895,0.04897731803128873,0.02219297525200077,-0.0854208556993177,-0.03426930447440775,-0.051151551224909955,-0.0874043651416924,-0.0345232614042647,-0.05288110373742771,0.0441959517839523,0.007540555979070085,0.03665539580488222,-0.0201992796835711,-0.005032243408396299,-0.015167036275174801,-0.0108602125375374,-0.01095703015931613,9.681762177872998e-05,-0.1052664386859358,-0.029109289739079357,-0.07615714894685643,0.0194463393729065,0.020558493560884124,-0.0011121541879776237,0.1064959101670858,0.04691788283463832,0.059578027332447485,0.0437261062325315,0.06226260787189332,-0.018536501639361817,-0.0557510798311878,-0.03994181723690251,-0.015809262594285292,-0.0593341473149059,-0.017808564790827472,-0.041525582524078425,-0.0415333982864918,-0.02729800977643889,-0.014235388510052911,-0.0140267405099939,-0.010411650588928408,-0.003615089921065493,-0.0291400429808199,0.023589852334744955,-0.05272989531556485,-0.0536306284858646,0.006981743235593447,-0.060612371721458044,-0.0686230902266232,-0.04645737259389159,-0.02216571763273161,-0.0092998708730817,-0.0034492952079159195,-0.005850575665165781,-0.0931510320336227,-0.09082216755470571,-0.0023288644789169893,-0.0277147960191591,-0.0006418477593952933,-0.027072948259763807,-0.1047866340131624,-0.038816105650424794,-0.06597052836273762,-0.0168037951521611,0.00013818575417204413,-0.016941980906333143,-0.0842067743367359,-0.02493251751630493,-0.05927425682043097,-0.0507972006459838,-0.0009022300956248478,-0.04989497055035896,0.0245158620147234,0.03878697244792904,-0.014271110433205638,-0.0871411279297711,-0.04017099830394835,-0.046970129625822754,-0.0455317351671316,-0.005765646524361664,-0.03976608864276993,-0.0184911803956977,-0.014527019954036751,-0.003964160441660949,-0.0545109813240534,-0.023700350765242642,-0.03081063055881076,-0.0019243567295241,-0.01798404733225533,0.01605969060273123
2023-06-01,0.075293208363425,0.07681399128385358,-0.0015207829204285789,0.0639752039908757,0.05483692726756509,0.009138276723310607,0.075604649207013,0.08503776109875125,-0.009433111891738247,0.2388740280042443,0.11956002001206047,0.11931400799218382,0.070154125256828,0.06579748563374908,0.004356639623078917,0.0473779871883233,0.07519029977325681,-0.02781231258493351,0.0984894552536278,0.0763733471237515,0.0221161081298763,0.0435947804083396,0.0510252710413369,-0.007430490632997305,0.0649001724826225,0.07860328322652435,-0.013703110743901847,0.1615020408778038,0.10417687940382697,0.057325161473976816,0.1926568104887692,0.09947984115307867,0.09317696933569053,0.0691494189140052,0.05156921843610582,0.017580200477899377,0.1613542713751507,0.0936459939461765,0.06770827742897421,0.0856641835389151,0.09808240049945902,-0.012418216960543918,0.094218072572265,0.08961547213047368,0.004602600441791324,-0.0052496270365922,0.03717594341793687,-0.04242557045452907,0.0670066046936918,0.04795285613417154,0.01905374855952026,0.0415648203947278,0.057830843881773744,-0.016266023487045943,0.1408962822760543,0.09062105620346124,0.05027522607259306,0.056593235764371,0.07406936430007825,-0.01747612853570725,0.0837346352822934,0.051326181757107764,0.032408453525185635,0.1030954294969427,0.0732840158067376,0.029811413690205096,0.0547690288513534,0.07492879105013456,-0.020159762198781156,0.0659947775866567,0.06690863152866507,-0.0009138539420083663,0.0310951667610245,0.03841583190733609,-0.007320665146311592,-0.0016769867022412,0.03136208130091009,-0.03303906800315129,0.0921097450257302,0.09745804085536607,-0.005348295829635863,0.1131065677727247,0.07867064643284578,0.03443592133987891,0.0499069273896109,0.06711861759500094,-0.01721169020539004,0.0794759895034501,0.07491193859626867,0.004564050907181427,0.1923706760239028,0.0975198853812901,0.09485079064261269,0.0569712519774237,0.06524536749138536,-0.008274115513961663,0.1052214685076991,0.07648169101984023,0.028739777487858872,0.024603845630716,0.04229083478862376,-0.017686989157907763,0.1075542008659137,0.07078127974217852,0.03677292112373519
2023-07-01,0.0221277300077291,0.061691415590418096,-0.039563685582688995,-0.0319383041119176,0.026803644035278736,-0.05874194814719634,0.0054929658443106,0.02995240856545739,-0.02445944272114679,0.0388076755031003,0.05870491978263918,-0.01989724427953888,0.0650920524424389,0.0692873596349947,-0.0041953071925558,0.0417687787580466,0.02388848429831036,0.017880294459736237,0.0524528748593967,0.052234208184033494,0.0002186666753632091,0.0039430584823487,0.03080046334010907,-0.02685740485776037,0.0230051507774905,0.040449502073629115,-0.017444351296138614,0.0311262969787393,0.06713576090658264,-0.03600946392784335,0.0259531681785925,0.07033709669125153,-0.04438392851265903,-0.0002959695292849,0.014795115125376783,-0.015091084654661684,0.0236201290271187,0.056371124299291246,-0.032750995272172546,0.0356425047809984,0.030732944669618508,0.004909560111379895,0.0148660703887933,0.0497744512741003,-0.034908380885307004,0.0183904379979625,0.02049245330456066,-0.002102015306598159,0.0214984385136792,0.0397644891837406,-0.018266050670061398,0.0355333860613202,0.05082694111292428,-0.015293555051604082,0.0556168056704884,0.061609631396661986,-0.005992825726173587,0.0329098583443867,0.037507247557492254,-0.004597389213105554,-0.0170338589634426,0.021573567068716187,-0.03860742603215879,0.0763913100552708,0.06331075749589428,0.013080552559376527,0.0338769464357106,0.049262832412867615,-0.015385885977157017,0.0834673436429927,0.0780873192450614,0.005380024397931296,0.0023377136449,0.019476378633443692,-0.017138664988543693,0.0309440861539145,0.01735051281020276,0.013593573343711737,0.0524070499652057,0.07669199938352202,-0.02428494941831632,0.0463704209769917,0.044440618163278475,0.001929802813713223,0.0077588746621591,0.02649480221873259,-0.018735927556573488,0.031748987178971,0.0219927561794533,0.009756230999517695,0.0248044507112926,0.07417153776554732,-0.049367087054254716,0.0518998630716047,0.04415382526534338,0.007746037806261319,0.0568784201889097,0.04548628628701522,0.011392133901894481,0.0151269845135822,0.02411204265757508,-0.00898505814399288,-0.00223787044601,0.047587340706224564,-0.049825211152234566
2023-08-01,-0.0135181568288664,-0.029159322543994916,0.015641165715128517,-0.0469078497127317,0.000379375082791452,-0.04728722479552315,-0.0567739154658751,-0.019965556405639368,-0.03680835906023573,-0.0466599224647395,-0.03877249440411279,-0.007887428060626714,-0.060698035941693,-0.03178985973074414,-0.028908176210948856,-0.0132511806557839,-0.003804116145896882,-0.00944706450988702,-0.0316649045961002,-0.027967556119885596,-0.003697348476214602,-0.0027614391245175,-0.02321142565865435,0.02044998653413685,0.0509541893740214,-0.021514852727644054,0.07246904210166545,-0.0266340908776866,-0.03295354220412084,0.006319451326434241,-0.0129094942642931,-0.03449572586414715,0.021586231599854046,-0.025202719135186,-0.001881415174121391,-0.023321303961064608,-0.0098566117863086,-0.04123829353664759,0.031381681750338994,-0.025584776840192,0.0017517130633675788,-0.02733648990355958,-0.0433704898693436,-0.03299890321036325,-0.010371586658980352,-0.0550458015338789,-0.008812656528987679,-0.046233145004891216,-0.0599048679672447,-0.04749207471843466,-0.01241279324881004,-0.0154002762704353,-0.022203697441696774,0.006803421171261474,-0.0231012645327203,-0.036032325060031845,0.012931060527311543,-0.0012855781519657,-0.02881374481787383,0.02752816666590813,-0.0678386082841031,-0.023920357037599402,-0.0439182512465037,-0.0425257734040958,-0.056620529675123765,0.014094756271027964,-0.0255937322321559,-0.030278637782673517,0.004684905550517617,0.0237460390450326,-0.047787525124387824,0.07153356416942042,0.0264277573420449,-0.016551013650399068,0.04297877099244397,-0.0578582795856552,-0.01003832871994293,-0.04781995086571227,-0.0264701473445842,-0.042521460241422136,0.016051312896837935,0.0259776328837071,-0.02291345404699745,0.048891086930704555,-0.0540355057466224,0.001009279125638635,-0.055044784872261034,0.0098261349110544,-0.0047142528890013686,0.01454038780005577,-0.0273695811205733,-0.04704681428413252,0.019677233163559224,-0.0280649660702154,-0.022596555140949638,-0.0054684109292657615,-0.0544007853395483,-0.028752223094591457,-0.025648562244956843,-0.0514861098378286,-0.004064814860682727,-0.047421294977145874,-0.0150134584126329,-0.02220651431150425,0.007193055898871349
2023-09-01,-0.0888126805869206,-0.04741798537780341,-0.04139469520911719,-0.0327758451798905,-0.02377656697902858,-0.008999278200861924,-0.0411019230788689,-0.05699605493722766,0.015894131858358758,-0.0280450955309562,-0.08715811377942592,0.05911301824846972,-0.0352102437163973,-0.04169053681634372,0.006480293099946424,-0.0461640255845662,-0.04910929118553654,0.0029452656009703385,-0.04856068025658,-0.04965304929814039,0.0010923690415603898,-0.0497115863507559,-0.041361856415243606,-0.008349729935512293,-0.0482512195998733,-0.056237026623306534,0.007985807023433232,-0.0872186462287507,-0.0613009711803468,-0.025917675048403893,-0.0740868761449002,-0.05840102605748729,-0.01568585008741291,-0.0680284967858671,-0.028543315491925077,-0.039485181293942025,-0.0727242769668331,-0.07108430688986093,-0.0016399700769721692,-0.0822006189871,-0.05105254857873959,-0.031148070408360415,-0.1113366256044604,-0.07123861770821716,-0.04009800789624325,-0.0583204608416615,-0.021957333351054202,-0.0363631274906073,-0.0354657362335771,-0.05730679152392812,0.02184105529035102,0.0227966914386122,-0.03375241160464759,0.05654910304325979,-0.0659469039785468,-0.06210988982294863,-0.003837014155598173,-0.0734226698953909,-0.05868236171784334,-0.014740308177547554,-0.0652452893861091,-0.05068094221292308,-0.01456434717318602,-0.0109939228192974,-0.07225041126937239,0.06125648845007499,-0.0444932070401875,-0.052480519199904756,0.007987312159717257,0.0292829774388265,-0.04653375852887286,0.07581673596769936,-0.0407374467779083,-0.034138914006455454,-0.006598532771452843,-0.0828527467201895,-0.020377513957146653,-0.06247523276304284,-0.1058621549259146,-0.06199641987158151,-0.04386573505433308,-0.0694428808737869,-0.04665751302664135,-0.022785367847145556,-0.0503214886398158,-0.028395461659435392,-0.02192602698038041,-0.0590197162119695,-0.04640496226802087,-0.012614753943948627,-0.0578097148315703,-0.06918196101353648,0.01137224618196618,-0.0498825399780444,-0.04354973653542867,-0.006332803442615727,-0.0437019798434528,-0.056226473533843926,0.012524493690391124,-0.0505223488326951,-0.01990979674021006,-0.03061255209248504,-0.0187610442465849,-0.04094937252919959,0.022188328282614692
2023-10-01,0.0240261929358884,-0.032326934717680986,0.05635312765356938,-0.0012108476666832,-0.005307476861787002,0.004096629195103802,0.0451962159628839,-0.03498213747522442,0.08017835343810832,-0.1640394694026757,-0.0661601170295597,-0.09787935237311599,-0.0324699636576149,-0.03062184937712361,-0.0018481142804912878,-0.0095907250668142,-0.0183312540295177,0.0087405289627035,-0.0439697554077174,-0.033485074174131144,-0.010484681233586257,-0.0123644955206035,-0.02260612763567311,0.010241632115069612,-0.0292186903755493,-0.03150813153368738,0.002289441158138082,-0.0547802277652905,-0.04860627850720037,-0.006173949258090131,-0.0538521153953777,-0.04771908448327642,-0.006133030912101281,-0.0096206242832461,-0.006179424490296408,-0.003441199792949692,-0.0896301354615829,-0.055895629518472094,-0.0337345059431108,-0.0307213458743958,-0.018180941649375126,-0.012540404225020674,0.0263123717276837,-0.048150127434935214,0.0744624991626189,-0.0524317111454756,-0.006369270061813742,-0.04606244108366186,-0.0287566710377519,-0.04605301456166545,0.017296343523913547,0.0256020434614669,-0.02233434487266105,0.04793638833412795,-0.0711789338175117,-0.04458057650750419,-0.02659835731000751,-0.1099652705862008,-0.03996286215943546,-0.07000240842676533,-0.0691398475773756,-0.027273528806720626,-0.04186631877065497,-0.0811834170218807,-0.052411375581824834,-0.028772041440055865,-0.0076006409234816,-0.03923490465816635,0.031634263734684746,-0.0573821240633814,-0.040338460686591214,-0.017043663376790183,-0.0392312365891555,-0.01624979244043772,-0.022981444148717778,0.047356811460495,-0.00468488792005431,0.05204169938054931,-0.0739077825072911,-0.056255807876135114,-0.01765197463115599,-0.170309192611818,-0.03449341821997942,-0.1358157743918386,-0.0082124911372416,-0.010277863150695541,0.0020653720134539404,0.0044188131157374,-0.019641740211000392,0.02406055332673779,-0.0624989155500647,-0.05420064448014711,-0.008298271069917589,-0.0400531163050079,-0.028283241460847208,-0.011769874844160692,-0.0571612836695996,-0.03564923061359802,-0.02151205305600158,-0.0045323483746691,-0.004483943428983139,-4.840494568596112e-05,-0.0051046709353134,-0.028940575057171437,0.023835904121858036
2023-11-01,0.1145249677322574,0.10925242381215947,0.005272543920097933,0.0627017869781615,0.06211354792701433,0.0005882390511471741,0.1018148931845201,0.05858700661440203,0.043227886570118064,0.1658140324812629,0.15043923608850307,0.01537479639275982,0.1225421805281058,0.1291402603827836,-0.0065980798546777936,0.1257878565981237,0.10715646152002144,0.018631395078102256,0.0704138514857752,0.08923981948900427,-0.01882596800322907,0.0712396591880701,0.0630231322978812,0.008216526890188897,0.0485614635403959,0.10757053068572761,-0.05900906714533171,0.1776071323857411,0.10781076644524644,0.06979636594049467,0.1451511959694383,0.11089411454902472,0.034257081420413574,0.0483718121562956,0.032983957298393575,0.015387854857902027,0.0875393838038263,0.1149386915863438,-0.027399307782517507,0.1272874097733942,0.10286814080848719,0.02441926896490701,0.111112182465132,0.1474560711888992,-0.03634388872376719,0.0282985700061011,0.032045356868044564,-0.003746786861943463,0.0484212472694194,0.08105869189534558,-0.03263744462592618,0.0514605116177579,0.08748521888160153,-0.03602470726384363,0.1010133003760475,0.11601615393142893,-0.015002853555381432,0.1212276769520274,0.09483841175669665,0.026389265195330747,0.0988593881970178,0.07883089687305588,0.020028491323961922,0.07367513387582,0.12442784149148962,-0.05075270761566962,0.1181657200970787,0.09293437360595276,0.025231346491125933,-0.0130193401048664,0.10018314667367072,-0.11320248677853711,0.0419195741086031,0.05926907023272837,-0.01734949612412527,0.1163412598958093,0.02627977697596818,0.09006148291984112,0.1040686371307764,0.12430404018462624,-0.02023540305384984,0.0468740747551757,0.06245789133791245,-0.015583816582736748,0.0782138083456678,0.05059177055202649,0.027622037793641308,0.0739541614283045,0.08287092408025087,-0.00891676265194638,0.1111988309623572,0.12168522713592059,-0.010486396173563381,0.1175184329661334,0.09107605489203577,0.026442378074097633,0.1024228445503118,0.09687553988856999,0.005547304661741803,0.0639778377614686,0.04483305643465984,0.019144781326808767,0.0885175194656065,0.07564071367802748,0.012876805787579021
2023-12-01,0.0617671253004726,0.08702786784661964,-0.025260742546147047,0.0756071913378867,0.028568159073587868,0.04703903226429883,0.0351337342030099,0.04802925963364802,-0.01289552543063812,0.0536363546403405,0.10838403717724937,-0.05474768253690887,0.0944452430290928,0.09647149943555845,-0.002026256406465657,0.035769097527423,0.028794542040336567,0.006974555487086434,0.0507078129876912,0.07440019063567438,-0.02369237764798318,0.0319413178653144,0.0429926859268317,-0.011051368061517297,0.0464415922804907,0.05725321890530481,-0.010811626624814115,0.1625265830082002,0.10573437767562542,0.05679220533257477,0.1206484064520131,0.10958955866819634,0.011058847783816758,0.0100312315597863,0.010270943326409376,-0.00023971176662307588,0.1019667783661732,0.0996615240493111,0.0023052543168620987,0.0640968187565198,0.03693323546159677,0.027163583294923035,0.0418504046587384,0.08605758638991284,-0.044207181731174446,0.0403773608305104,0.02211736124234829,0.01825999958816211,0.1018325117469311,0.0754711951201025,0.0263613166268286,-0.0041817509339742,0.0703919171328153,-0.0745736680667895,0.1039459665692215,0.09576362975899512,0.008182336810226384,0.0867515853870272,0.06581893726518627,0.020932648121840924,0.0712361880578772,0.035888765820946265,0.03534742223693093,0.0892470884700417,0.10204501172683811,-0.012797923256796406,0.0811527487406084,0.07876862646247468,0.002384122278133727,-0.0050393909747112,0.11295123995464579,-0.117990630929357,0.063350554720886,0.03015281282734166,0.03319774189354433,0.0148849725617062,0.020224548258363874,-0.0053395756966576734,0.1577805466974466,0.12512224057868215,0.03265830611876444,0.1034508122085357,0.0671512479349962,0.0362995642735395,0.0407520944800932,0.030328926491740092,0.010423167988353105,0.0604924632700221,0.030051274604362292,0.030441188665659806,0.0734496017276071,0.11436019808303781,-0.040910596355430706,0.0911593005841039,0.06465898570103643,0.026500314883067477,0.0830293084260226,0.06762495542416262,0.01540435300185998,0.0248490437439744,0.025548068631278842,-0.0006990248873044412,0.0297504444201743,0.07076784659914725,-0.041017402178972956
2024-01-01,-0.0098027387118471,-0.004078159503558123,-0.005724579208288978,0.0181178204341443,0.019385601529891033,-0.0012677810957467325,-0.0620253137537246,-0.004099524278692617,-0.057925789475031984,-0.1756237733681554,-0.004560449228549792,-0.17106332413960562,0.0068817438466507,-0.0025017898219176077,0.009383533668568308,0.0365255111166645,0.03616307115704388,0.0003624399596206182,-0.0507213367889943,-0.008181391237369107,-0.04253994555162519,0.0392956172262427,0.004625970541022755,0.03466964668521995,0.028822028850116,0.0127845519324539,0.0160374769176621,-0.022387638667544,-0.02049032314529797,-0.0018973155222460313,0.0013345078424244,-0.021878309603472285,0.023212817445896684,0.0304032815301601,0.014672853522480964,0.015730428007679136,-0.0571165164112752,-0.013723821045316602,-0.0433926953659586,0.0246526379273638,0.03382693025143433,-0.009174292324070531,0.0768444682053691,0.0142670975715323,0.0625773706338368,-0.0107526764360992,0.00858624035424532,-0.01933891679034452,-0.0350166841981493,-0.0127279180449675,-0.022288766153181802,0.0220525934530177,-0.0009447668867504219,0.02299736033976812,-0.0036581214460527,-0.0072327141459175405,0.0035745926998648407,-0.002725454920895,0.00266237896455019,-0.00538783388544519,0.0366797987664037,0.0167668544812789,0.019912944285124797,-0.0200405873264939,-0.008400406702082416,-0.011640180624411484,-0.0230004826198274,-0.009417937542515242,-0.013582545077312158,-0.0069836312516455,-0.029000140214390027,0.022016508962744527,0.0401092271038951,0.016301312978884663,0.023807914125010435,-0.1276556124050183,0.012043338646899746,-0.13969895105191804,-0.0411323014397182,-0.029731187118731878,-0.011401114320986325,-0.0623354396772728,-0.018043232317711214,-0.04429220735956159,0.0013269827045832,0.010420077255602726,-0.009093094551019526,0.0166223754368316,0.025542912616818073,-0.008920537179986473,0.0191809762782866,-0.023042036641398037,0.04222301291968464,-0.0378935836937069,0.0017460540298964173,-0.039639637723603315,-0.0156116007264396,0.0007505861231759123,-0.01636218684961551,-0.0250573636809933,0.01269255894855639,-0.03774992262954969,0.0329286633076972,-0.007924156156481725,0.04085281946417892
2024-02-01,0.0576891386193429,0.04247492273968131,0.01521421587966159,0.0725784142988525,0.03705928346917068,0.035519130829681826,0.0495743710505366,0.04219662933122032,0.00737774171931628,0.0856313700267482,0.10672376075199813,-0.021092390725249932,0.0267622195976941,0.04409257768119617,-0.01733035808350207,0.0460853397653874,0.07863107718044204,-0.03254573741505464,0.063261256004785,0.0346007074122795,0.028660548592505497,-0.0321304553809921,0.028840819127296063,-0.06097127450828817,0.0502737830522728,0.06118582967008431,-0.010912046617811512,0.0996511013982605,0.052840002436950105,0.046811098961310395,0.1071959093438311,0.04954357064525513,0.057652338698575965,0.0343652991078525,0.020113229466083474,0.014252069641769026,0.116342071888964,0.06923920502630931,0.04710286686265469,0.0838976616778692,0.08093785115893318,0.0029598105189360263,0.0624286543958984,0.09872648306983134,-0.03629782867393294,0.0012224539432634,0.012883965880754338,-0.011661511937490938,0.0341041481177755,0.04129738316661657,-0.007193235048841069,0.0315837050401963,0.03270772373989303,-0.0011240186996967286,0.0867949523437651,0.05761078210938912,0.029184170234375972,0.0797078140689169,0.06395304298665914,0.015754771082257757,0.0253034332516454,0.05389393155672747,-0.02859049830508207,-0.0114427315576578,0.05195736011814407,-0.06340009167580188,0.0350479188135143,0.04710684207794368,-0.01205892326442938,0.0334117649352095,0.012219810643484815,0.02119195429172468,0.0533944550205551,0.0407805655242891,0.012613889496265997,-0.0771470307340025,0.01482006636616304,-0.09196709710016554,0.0249040783047873,0.05443689165265071,-0.029532813347863413,0.0505206928820055,0.02659612253829784,0.023924570343707662,0.0612803863342993,0.03353286291726606,0.027747523417033244,0.105852004433597,0.06701875580286773,0.038833248630729275,0.039637204776498,0.045839788191381084,-0.006202583414883084,0.0355549067982215,0.044843368444209324,-0.009288461645987824,0.0583059955236526,0.048836460331183405,0.009469535192469195,0.0109710272152443,0.021344481230120102,-0.010373454014875803,0.0553471840947586,0.03492663467841013,0.020420549416348466
2024-03-01,0.0545322789957123,0.054436912534956604,9.536646075569699e-05,0.0412594296605257,0.0331055447415391,0.008153884918986595,-0.0782107499485416,0.023727120857999252,-0.10193787080654085,-0.0561420823900221,0.021460365039719383,-0.07760244742974148,0.0474788820277916,0.06060865062034897,-0.013129768592557364,0.0165064124298676,0.026798827607253536,-0.010292415177385935,0.0490692722265862,0.0468361375659047,0.0022331346606815003,0.0129640519005459,0.033394773230125754,-0.020430721329579855,0.049802809277217,0.037400849794102076,0.012401959483114927,0.0936918306765047,0.044688693405325615,0.04900313727117909,0.0546172253392667,0.04787805992235595,0.006739165416910754,0.0318376876583261,0.02876646262663904,0.0030712250316870596,0.0627004690236541,0.028584150470170197,0.034116318553483904,0.0276556068029919,0.032950273765518255,-0.005294666962526354,0.000955631666085,0.026695408141449696,-0.025739776475364694,0.0438722971097313,0.029816358965521747,0.014055938144209551,0.056659900452846,0.021052727882395122,0.03560717257045088,0.0409616630041165,0.046068568581830845,-0.0051069055777143435,0.0594572149907573,0.045853905322190205,0.013603309668567092,0.0219314863153222,0.021439411541066232,0.000492074774255967,0.0333490315120114,0.019570311134864918,0.013778720377146482,0.1508820287200126,0.05044321727770728,0.10043881144230532,0.0420914737615563,0.033760365980848105,0.008331107780708197,0.1054447194582355,0.06834000992946061,0.037104709528774885,0.0121508168360051,0.019232964888907824,-0.007082148052902724,0.1826940479733404,0.025894127596766313,0.1567999203765741,0.0258296845785094,0.04495127422411227,-0.01912158964560287,0.0405460251898007,0.03436219619445211,0.006183828995348591,0.0118426710046134,0.029859367762333083,-0.018016696757719684,0.0254611022933351,0.0213189174590592,0.0041421848342758985,0.0641393865511567,0.05650010331735103,0.007639283233805666,0.0340050957548676,0.03679393443622466,-0.002788838681357063,0.0183715599856812,0.03942287584830659,-0.02105131586262539,0.0597240618214125,0.032069675160432104,0.0276543866609804,0.04191502013161,0.03782420161044431,0.00409081852116569
2024-04-01,0.0237092492764641,-0.05118375439780046,0.07489300367426456,-0.0337711413567187,-0.02033007474632636,-0.013441066610392342,-0.0595455926362689,-0.04985026002651641,-0.009695332609752493,-0.0237732212251567,-0.07877804019817938,0.05500481897302269,-0.03418670127985,-0.04959488828079627,0.015408187000946275,-0.0549289932349954,-0.03719244620361231,-0.01773654703138309,-0.0598697485212957,-0.05211510689701217,-0.007754641624283534,-0.0652334036847132,-0.03535225995458445,-0.029881143730128748,-0.0622059295196771,-0.0506458252890943,-0.011560104230582798,-0.081382517106348,-0.06583151437512956,-0.015551002731218441,-0.0818422275106224,-0.06486362490942514,-0.016978602601197254,-0.0163807525614119,-0.022208180569863158,0.005827428008451256,-0.044159388415768,-0.06648634796371486,0.022326959547946862,-0.0323689955355228,-0.0397480214115566,0.007379025876033805,-0.0947521360750299,-0.06008971028109193,-0.03466242579393797,-0.0075260612661027,-0.01717460843273775,0.00964854716663505,-0.0801237696321338,-0.04887815842307385,-0.03124561120905995,-0.0458486292270758,-0.036701366995934695,-0.009147262231141103,-0.0501645604984031,-0.060898940903886076,0.010734380405482975,-0.0382701152791948,-0.04940893580197231,0.01113882052277751,-0.0622000445489075,-0.03667568997294695,-0.02552435457596055,0.0397951016445521,-0.0660432338641906,0.10583833550874269,-0.0509683252275946,-0.052014337068893246,0.0010460118412986483,-0.0084944202537183,-0.058179729764892524,0.049685309511174225,-0.0548371281059391,-0.02234177653456282,-0.03249535157137628,0.0734432081534075,-0.011265852629467894,0.0847090607828754,-0.1140420548946474,-0.07077912740334873,-0.043262927491298675,-0.0296170712899905,-0.05017748504577769,0.02056041375578719,-0.0060138528098366,-0.026217227620232184,0.020203374810395584,-0.0485841967615106,-0.034595939474434484,-0.013988257287076117,-0.0781624795967052,-0.07423480946392526,-0.003927670132779948,-0.0589403543842025,-0.04251422401205888,-0.01642613037214362,-0.0749556437234354,-0.052608409613794864,-0.022347234109640533,-0.0035216956671802,-0.016973958783309505,0.013452263116129305,-0.0523418805538726,-0.04217922319135136,-0.01016265736252124
2024-05-01,0.0649978826420107,0.047870071250377684,0.017127811391633017,0.0176112440477136,0.04176595577230448,-0.02415471172459088,0.0371558756900618,0.06555964168741175,-0.028403765997349957,-0.0118173484077492,0.09309719966451364,-0.10491454807226284,0.0319334331189195,0.035662676023303745,-0.0037292429043842418,0.0249913376515546,0.05963736810899269,-0.034646030457438096,0.0358927994795689,0.04983588242164725,-0.013943082942078348,0.0403597522091365,0.02888342877015459,0.01147632343898191,0.0505237601797413,0.055057128122247376,-0.004533367942506077,0.0611859671769531,0.07630099372977638,-0.015115026552823277,0.012676898055902,0.07078390777730383,-0.05810700972140183,-0.0027434676876035,0.03817238749181663,-0.04091585517942013,0.0410840296672902,0.06587210815285514,-0.02478807848556494,0.1516679973158506,0.08178558449247765,0.06988241282337294,0.09515118489536,0.06376231669990341,0.03138886819545658,-0.0126640828424216,0.022030745528509577,-0.03469482837093118,7.626259867138819e-05,0.020839327236778275,-0.020763064638106888,0.04314274669846,0.03446732228653548,0.008675424411924523,0.0260930015998464,0.060119341920857015,-0.034026340321010616,0.0288273000683137,0.05225648356315096,-0.023429183494837264,0.0140112751524984,0.031185702690538573,-0.017174427538040174,0.0550691056751254,0.03320096873739352,0.02186813693773188,0.007082765434325,0.05111473151703471,-0.04403196608270971,-0.0040231588806963,0.02948062343819878,-0.03350378231889508,0.0333665053711344,0.022064672124900517,0.011301833246233881,0.0714101372930157,0.01600825943464406,0.05540187785837163,0.0457774459702764,0.06774464111828553,-0.021967195148009128,0.0161524693441121,0.05810180817296984,-0.041949338828857735,-0.0361650879616076,0.055173898561198136,-0.09133898652280573,0.0407412118431615,0.060770740721180334,-0.020029528878018836,0.0624237882326632,0.061227969048413794,0.0011958191842494081,0.0462872975035235,0.04332753965097807,0.0029597578525454304,0.0162123229298672,0.0503349197858378,-0.034122596855970605,0.0738212868204141,0.028517645325382833,0.045303641495031265,0.0018217978329951,0.04906018134678163,-0.047238383513786536
2024-06-01,-0.0328432523382394,0.014989782475935586,-0.04783303481417499,0.042089522771219,0.03080012070504762,0.011289402066171381,-0.1328319492680965,0.02281703899371792,-0.15564898826181442,0.0483864354912761,0.04342258518270186,0.004963850308574241,-0.013078613418528,0.012538238094783893,-0.025616851513311893,0.0643182997705188,0.059079761031037875,0.005238538739480922,-0.0364183338273296,0.011708597734830841,-0.04812693156216044,-0.0194561526088426,0.016636161057203416,-0.03609231366604601,0.0651851327433931,0.03603402517045154,0.029151107572941565,-0.0538097751169069,0.012379855920781401,-0.0661896310376883,-0.059226156861738,0.008815664332989205,-0.06804182119472721,-0.007380847494392,0.024252121880909455,-0.031632969375301453,-0.0426251212732763,0.02094284901811457,-0.06356797029139087,0.0889588541525039,0.06226338135847452,0.026695472794029382,0.0387637421218422,0.04836085605923005,-0.009597113937387852,-0.0323693707061153,0.013590620465761427,-0.04595999117187673,-0.0128123359631814,0.005911894412114154,-0.018724230375295553,-0.0024100735478981,0.0119699907028512,-0.014380064250749301,0.0145187619449217,0.02030982040103527,-0.0057910584561135705,-0.0060579193744976,0.029422168255628194,-0.03548008763012579,0.0082322952303622,0.03361980027677524,-0.025387505046413038,-0.0845463368769798,0.013178689254620065,-0.09772502613159986,0.0262672322074278,0.014638460596147675,0.011628771611280123,-0.0242582189098082,-0.015843299270692564,-0.008414919639115635,0.0327923814034036,0.02701998368131286,0.0057723977220907365,-0.0319020350796183,0.015561690579361794,-0.04746372565898009,-0.0469076049431593,0.003278606990695417,-0.05018621193385472,-0.0457948509818675,0.004963079654998238,-0.05075793063686574,-0.0038317458185152,0.026787030574904093,-0.030618776393419294,0.0508407552991768,0.04893614794545522,0.0019046073537215824,-0.0409563268883823,0.005615064434418634,-0.046571391322800935,0.004434402824348,0.020207817556400408,-0.015773414732052408,0.0214765550081676,0.02294593755491929,-0.0014693825467516908,-0.0353451285802359,0.019358083922490662,-0.054703212502726556,-0.0248956792372683,0.011579042794055461,-0.036474722031323764
2024-07-01,0.0836721794724059,0.05292029347361961,0.030751885998786296,-0.003912512169436,0.008442994366401429,-0.012355506535837429,-0.0215547103957544,0.029843494754759375,-0.05139820515051377,0.1024770424291191,0.05783776735200431,0.04463927507711479,0.0618885019610646,0.054912386850783756,0.006976115110280845,-0.021604940252218,-0.015076427425670922,-0.0065285128265470775,0.0498499355878313,0.047729851594102854,0.0021200839937284485,0.038558424230776,0.014110217524092132,0.02444820670668387,0.0105014653393794,0.01661900150514964,-0.006117536165770239,0.1565149610711337,0.08099740572336706,0.07551755534776664,0.1336336712108896,0.08395095825634996,0.04968271295453963,-0.013859816718237,-0.0026470684113565988,-0.011212748306880401,0.0273441919169863,0.06015765089443968,-0.032813458977453386,-0.0035183826051649,0.0016854619965182994,-0.005203844601683199,-0.0367672339190468,0.026376329782178368,-0.06314356370122517,0.045577580300556,0.007289134925278652,0.03828844537527735,0.0760533130186457,0.034263320833541354,0.04178999218510434,0.0814628016891344,0.042389226739134735,0.03907357494999967,0.0034973632959557,0.05696548384620997,-0.05346812055025427,0.0714534146204312,0.027335962330063347,0.044117452290367856,-0.0161256604626063,-0.006503478082089669,-0.009622182380516632,0.012040583284686,0.04538992956409259,-0.03334934627940659,0.065507005378754,0.04906972324302885,0.016437282135725144,0.0170137172447948,0.08393908928140092,-0.06692537203660612,0.0037463796858971,-0.002821374820182105,0.006567754506079205,0.141399395391102,0.002442128337967093,0.1389572670531349,0.1915658409812096,0.09539297062541656,0.09617287035579304,0.1070797107910768,0.05606842397828162,0.051011286812795174,-0.0341374070983123,0.019814453441501175,-0.053951860539813476,-0.0008029205311323,-0.0026085488474966393,0.0018056283163643393,0.0561500987672934,0.07802988928080194,-0.021879790513508544,0.0689429818573142,0.03340886308555832,0.035534118771755885,0.0027944477548173,0.0318763725269909,-0.0290819247721736,0.0688487431802796,0.009406209663844835,0.05944253351643476,0.071732232886981,0.0501293279514313,0.021602904935549692
2024-08-01,0.0201188287351642,0.013490566803138395,0.006628261932025804,0.0492888842278471,0.024545799617202057,0.024743084610645043,0.0668571298191944,0.016348494600354417,0.05050863521883998,-0.0398268039909571,0.007104491894113925,-0.04693129588507103,0.0320677661285187,0.009294270931984129,0.02277349519653457,0.0191277980640856,0.03185385321557808,-0.012726055151492478,0.021843904841899,0.011501033861003533,0.010342870980895466,0.0096230230669013,0.020923033149450203,-0.011300010082548903,-0.0068921413398591,0.021227283140470597,-0.028119424480329697,0.0173679292184672,0.003301282420237802,0.014066646798229398,0.0061035070157322,0.0015715130885080907,0.004531993927224109,0.0625801272528785,0.02656346514072161,0.036016662112156886,-0.0113746544566367,0.006116887223417843,-0.017491541680054543,0.0184076160984422,0.0361967660967331,-0.0177891499982909,0.0619804807751668,0.01883514233298681,0.04314533844217999,0.0325533244968042,0.02282736879894147,0.009725955697862727,0.0369177819603497,0.00824450405917937,0.02867327790117033,0.0446488726177256,0.013156490964997086,0.03149238165272851,0.0012955608936619,0.013527914311768068,-0.012232353418106169,-0.0083046327506124,0.015255876747115805,-0.023560509497728206,0.0759298430298209,0.02529221863949879,0.050637624390322114,-0.0572547539429061,0.018598607895113715,-0.07585336183801981,0.031912892115353,0.007263824400327941,0.024649067715025064,-0.0215708066475923,0.0027546885326590765,-0.02432549518025138,0.0610334220406797,0.024909721099835892,0.03612370094084381,0.0576039367540306,0.028013394849446684,0.02959054190458392,0.0124640568697454,-0.0075684855866562815,0.02003254245640168,-0.0340236657286237,0.0036221081608579604,-0.037645773889481655,0.0598733068500399,0.020079708475437098,0.03979359837460281,0.0105757167077018,0.02838417415012067,-0.017808457442418872,-0.0432492683603685,0.00502688678657606,-0.04827615514694456,0.0354852882103225,0.013432576889885618,0.02205271132043688,0.0156581159683872,0.016903300877519192,-0.0012451849091319918,0.0505864135180613,0.022258242874620214,0.028328170643441085,-0.0190838319237134,0.010479095032455775,-0.029562926956169175
2024-09-01,0.0083502440215237,0.008649111242389599,-0.00029886722086589976,-0.0268496508700386,0.019240624752676842,-0.04609027562271544,0.0607895128629972,0.025941587296265903,0.034847925566731296,0.121429593445457,0.03691193972192151,0.08451765372353548,-0.0021164612694199,-0.00046997543009294485,-0.0016464858393269552,0.0344994371755119,0.03267412871244117,0.0018253084630707253,0.0171066731506103,0.008836487266486826,0.008270185884123475,0.0543712170805862,0.014506478576643134,0.039864738503943065,0.049835302776141,0.020794238374578118,0.02904106440156288,0.0451871071400857,0.015877244567727343,0.029309862572358354,0.0585220570871477,0.01174497760550055,0.04677707948164715,0.0143949150391409,0.018579016195017846,-0.004184101155876946,0.0392741408505075,0.023845460271071116,0.015428680579436381,0.0199484083162892,0.04137888028251381,-0.02143047196622461,0.046243969134966,0.03324140390235118,0.013002565232614817,0.0063566359991927,0.013502302795862202,-0.007145666796669501,0.0173409594023049,0.014281897762660672,0.0030590616396442283,-4.345789941593011e-05,0.007133310227479046,-0.007176768126894976,0.0587118570178716,0.018592143801185124,0.040119713216686476,0.0112540868771295,0.026565561802936156,-0.015311474925806657,0.0122369984491559,0.025518570796456187,-0.013281572347300286,0.103441334462033,0.014644095806813447,0.08879723865521956,0.0268288170667221,0.01401481436121891,0.012814002705503192,-0.0423658194297912,-0.008964471947081056,-0.03340134748271015,-0.0287533750946816,0.023094728271430904,-0.05184810336611251,0.0084677992759984,0.019655566002816854,-0.011187766726818454,0.042492829747887,0.006859026211756409,0.03563380353613059,0.0287432282168988,0.00967425090697346,0.01906897730992534,0.0515622224360726,0.020619042213049197,0.030943180223023403,0.0406877005613091,0.03405259551362289,0.0066351050476862045,0.0411592885910304,0.007551227703391664,0.033608060887638735,0.0302947018201462,0.013312883971035812,0.01698181784911039,0.024377440433199,0.016858022437885093,0.007519417995313908,0.0442408456008293,0.013918414070089744,0.030322431530739553,-0.0105473639325435,0.013359386560535612,-0.02390675049307911
2024-10-01,-0.0350437337696156,-0.004907160861260289,-0.03013657290835531,-0.0036046804873717,-0.0018998888700683166,-0.0017047916173033835,-0.0635270923656126,-0.023350732987794103,-0.0401763593778185,-0.0368510352753078,-0.02057719586195418,-0.01627383941335362,0.0294579628790257,0.002982203842868278,0.026475759036157422,-0.0043543539208743,-0.006627844116272918,0.0022734901953986187,-0.0414257558879858,-0.012501803972364934,-0.028923951915620864,0.0106620243111873,-0.004457381887808272,0.015119406198995572,-0.0025963614804461,-0.010444190076022767,0.007847828595576667,-0.060896682991155,-0.019351949991219794,-0.041544732999935205,-0.0157068282297928,-0.01664951190403369,0.000942683674240892,-0.0652732539644293,-0.010375043235152013,-0.054898210729277294,-0.0066830991940551,-0.014609821311414854,0.007926722117359754,0.009500944938328,-0.0119059598072585,0.0214069047455865,0.0353154929654036,-0.004103105855092117,0.03941859882049572,-0.0482569169468653,-0.0011627129915527407,-0.04709420395531256,-0.0690022497527072,-0.001753195640989181,-0.06724905411171803,-0.0361484764762884,0.0003344287214290865,-0.03648290519771749,-0.0341211851719512,-0.00975295697440062,-0.024368228197550582,-0.0877747967425883,-0.008954932570398654,-0.07881986417218964,-0.014439729919807,-0.00232574543516285,-0.012113984484644149,-0.0071044006889049,-0.0008632392301187505,-0.006241161458786149,0.007444827361915,-0.011138461017813305,0.018583288379728304,-0.0007434192004434,-0.0035453047571668865,0.0028018855567234864,-0.0388741545001356,0.004083789853798575,-0.04295794435393418,-0.0223719136473956,0.0049488374365604035,-0.027320751083956003,0.0081654398459794,-0.015948904610901038,0.02411434445688044,-0.0459563719735452,-0.021326336858410656,-0.024630035115134542,-0.0163101724163104,-0.011756855794793505,-0.004553316621516895,-0.0095826863185308,-0.00947587054608797,-0.00010681577244282987,-0.008600583331197,-0.016246136757516388,0.007645553426319387,0.018171123474815,-0.005552645022399481,0.02372376849721448,-0.0093389584847058,-0.010863923391880727,0.0015249649071749274,0.0020646606073928,-0.00039178171540632,0.00245644232279912,-0.0089063603188257,-0.008854483234046206,-5.187708477949471e-05
2024-11-01,0.0436339198995676,0.08045495235395102,-0.036821032454383416,0.0769630828395497,0.04123616865825197,0.035726914181297725,0.079147189958637,0.0643108656805531,0.014836324278083901,0.2770839083465815,0.1504808030785025,0.12660310526807897,0.1028823061636845,0.08488826931557526,0.01799403684810924,0.0728515359199128,0.07248603932888563,0.0003654965910271646,0.013716701018112,0.07015007362896188,-0.05643337261084988,0.061826124742639,0.040566014432235106,0.021260110310403896,0.0681292746305906,0.07763548936231149,-0.009506214731720891,0.0719464920562048,0.10878292468096178,-0.03683643262475697,0.0864396498951679,0.10765311036402235,-0.021213460468854445,0.0710478830120034,0.018622348288209672,0.05242553472379373,0.1154816935546,0.11287954920402796,0.0026021443505720443,0.0347811856010294,0.08213390589162611,-0.047352720290596714,0.1463531012171295,0.12093005270354784,0.025423048513581653,0.0133499418117677,0.016276612165509158,-0.0029266703537414573,0.0639405497606752,0.06795947469157967,-0.004018924930904472,0.0862505418873173,0.06169472688190285,0.024555815005414455,0.0757573382535017,0.09839654923438447,-0.02263921098088277,0.0229812371731537,0.08488621478333175,-0.06190497761017805,0.0460106582882766,0.05317992993279477,-0.007169271644518173,0.0194705965281962,0.08794132494097398,-0.06847072841277778,0.1023007288836976,0.08285571280542323,0.01944501607827437,0.0575855734082722,0.07163375111727406,-0.01404817770900186,-0.0270353924367543,0.038587829613935004,-0.06562322205068931,-0.0621474388029685,0.012445683532197587,-0.07459312233516609,0.0757889746793333,0.12177193504604868,-0.04598296036671537,0.0244338054851142,0.06641801561767248,-0.04198421013255828,0.058997940497931,0.045205635395583255,0.013792305102347746,0.1039222907740333,0.06640890247162874,0.037513388302404554,0.089073835459909,0.10358331929566655,-0.01450948383575755,0.0851841233876601,0.06968449057244358,0.015499632815216519,0.0647342561575951,0.07448224174686251,-0.009747985589267413,0.0593230847065541,0.026010545711449125,0.03331253899510497,0.1240180498206722,0.0683834158754952,0.05563463394517701
2024-12-01,-0.0390229051112154,-0.04867476977637075,0.00965186466515535,-0.0927171630240005,-0.008969038896269146,-0.08374812412773136,0.0194191099321664,-0.028606623612423963,0.04802573354459036,0.1117492812704936,-0.05248231966071413,0.16423160093120773,-0.0443229039542519,-0.054875187656667455,0.010552283702415559,-0.0065237924335078,-0.011498330846210589,0.004974538412702789,-0.0981007396449992,-0.046133254695063936,-0.051967484949935264,-0.0846006472386037,-0.02729723947065791,-0.057303407767945784,-0.0191976336472638,-0.034232829698638195,0.015035196051374395,-0.1522058762121495,-0.05613698821233336,-0.09606888799981615,-0.1218901242272375,-0.058899682755609896,-0.0629904414716276,-0.058470537781723,-0.007516114996467335,-0.050954422785255665,-0.0818900902922214,-0.05232103070762557,-0.029569059584595832,0.0342548105153772,-0.009164813509232528,0.043419624024609735,-0.020737216684578,-0.03978471938821022,0.019047502703632216,-0.0661318412937817,-0.011185382912921885,-0.05494645838085982,-0.141992383269906,-0.044843358706437235,-0.09714902456346874,-0.0984565664201754,-0.03684019075037981,-0.061616375669795595,-0.0833676882640099,-0.051371683196264104,-0.0319960050677458,-0.0317750814661218,-0.03289849797913362,0.0011234165130118226,-0.0461988483144736,-0.020446587630123206,-0.025752260684350395,-0.1231275166280866,-0.06237888874948374,-0.060748627878602864,-0.1259219453940959,-0.04385104819782564,-0.08207089719627025,-0.0839498803771513,-0.07094631378961495,-0.013003566587536347,-0.047914423414848,-0.011511339879935143,-0.03640308353491286,-0.0916182689858887,-0.00487409197394423,-0.08674417701194448,-0.0905598519013047,-0.06862988825497474,-0.02192996364632996,-0.0620460193721419,-0.041426869089862886,-0.020619150282279015,-0.0408077851945611,-0.01130749162945642,-0.029500293565104682,-0.002720133504659,-0.009651236474252962,0.006931102969593962,-0.1415715537358172,-0.07027549385805448,-0.07129605987776272,-0.0637249105642744,-0.035226655651401026,-0.028498254912873375,-0.082431207035945,-0.04092493840132468,-0.04150626863462032,-0.0660912903738713,-0.010400119175699067,-0.05569117119817224,-0.0940991744495053,-0.036158862214305774,-0.05794031223519953
2025-01-01,0.0824354854584161,0.041346930020424305,0.041088555437991794,0.0544023032011678,0.021681350468942984,0.03272095273222481,0.0397396144361689,-0.008679920116124654,0.04841953455229355,0.0053066669398572,0.06139763546171168,-0.05609096852185448,0.0763106889007284,0.06720706446377724,0.00910362443695116,0.0558890910964983,0.04835123894905292,0.00753785214744538,0.0557471250160363,0.022849270987739256,0.03289785402829704,0.0008195105764125,0.004326421829770189,-0.0035069112533576887,0.0232826462785303,0.03880799006069161,-0.015525343782161312,0.0254458970408549,0.032698867143983595,-0.007252970103128694,0.0684299902270453,0.03782143720510089,0.030608553021944408,0.0067727090692778,-0.011662943124882473,0.01843565219416027,-0.0028639401163615,0.03475515499450204,-0.03761909511086354,-0.0578834072723893,0.03693311907583589,-0.09481652634822518,0.0666751863009299,0.06776115597696515,-0.0010859696760352477,-0.0309296035581182,-0.00892659588981741,-0.02200300766830079,0.1526806585376655,0.012108637301259254,0.14057202123640625,0.0430019213684849,0.03435701136424334,0.008644910004241564,0.0566307512257864,0.03622679106762886,0.02040396015815754,0.0715548622312997,0.026869311228746286,0.04468555100255341,0.096287882992244,0.016400679746681454,0.07988720324556255,0.0122909349359292,0.028975892587951607,-0.01668495765202241,0.0818411854771224,0.02903596362710005,0.052805221850022344,0.014489552266905,0.027244841865594845,-0.012755289598689844,0.0370143064969307,0.010165902984680734,0.026848403512249968,0.1280262294003949,-0.016388323257618666,0.14441455265801356,0.0649047679245392,0.05198540928424558,0.012919358640293616,0.0042664517611018,0.00511549154285069,-0.0008490397817488907,0.0280203037181526,0.00829163918959104,0.01972866452856156,0.0725295348410404,0.026132645304504085,0.04639688953653631,0.0686615639379522,0.03441687119773552,0.03424469274021668,0.0505849427407349,0.033645056273349266,0.01693988646738563,0.0303490728891785,0.025753708211948542,0.004595364677229957,0.018320170392371,0.006952356235474532,0.011367814156896468,0.0478040123579985,0.018711858278786117,0.02909215407921238
2025-02-01,0.0159493875957537,-0.005343903954616705,0.021293291550370404,0.0509187470204865,-0.00012428689065961066,0.05104303391114611,-0.0426472846617585,-0.04566129213666424,0.003014007474905739,-0.2208251083642987,-0.09685683837796753,-0.12396826998633116,0.0030747107745951,0.007933211294979887,-0.004858500520384787,-0.0572694430567976,-0.02918655231995527,-0.028082890736842326,-0.005648188834624,-0.013718900946700877,0.008070712112076876,0.0851318643213328,-0.0017074437720535846,0.08683930809338639,-0.0457783360871274,-0.02529854681505549,-0.02047978927207191,-0.0975863260849601,-0.047565963071056566,-0.05002036301390353,-0.0480051463851739,-0.04052348536719134,-0.0074816610179825604,0.0300452987399183,0.0008350389155602862,0.02921025982435801,-0.0735016205705516,-0.06110111616724885,-0.012400504403302745,0.0024947191718007,-0.037325536714207186,0.039820255886007884,0.001960304100876,-0.05696432700062078,0.05892463110149678,0.0467948213701593,0.012247438724126775,0.03454738264603252,-0.0022043234068958,-0.027412170768500662,0.025207847361604863,-0.0044592336740268,0.0033022029706990122,-0.007761436644725812,-0.0361630561146782,-0.030853837996361568,-0.005309218118316635,-0.0914928880075924,-0.045317276938430684,-0.04617561106916171,-0.0017730601240383,-0.020792449507390506,0.019019389383352205,-0.0627727475655188,-0.011181923872550074,-0.05159082369296873,-0.0005634518338584,-0.032989233160119494,0.032425781326261095,0.0181559178812036,0.015619617120413105,0.002536300760790495,0.0449453311723284,-0.006667252228780279,0.05161258340110868,0.0304263749660731,0.014968343336803844,0.015458031629269255,-0.0307527038602445,-0.04978926976621874,0.01903656590597424,0.0384941426060934,-0.03242363020232768,0.07091777280842107,0.0216167061770776,-0.015867000329955392,0.03748370650703299,-0.0512045308586033,-0.03518039314492399,-0.01602413771367931,0.0137082292148408,-0.02866285751065902,0.042371086725499815,-0.0033933813213603,-0.01620782724851741,0.012814445927157109,-0.0045598392192833,-0.02244338607419863,0.01788354685491533,0.0213110248895459,0.009760556430201461,0.011550468459344439,0.0038637969524498,-0.019035743645960144,0.022899540598409943
2025-03-01,-0.0127594588462802,-0.0540224114444518,0.0412629525981716,0.0205506972048215,-0.03208127285044582,0.05263197005526732,-0.1843649383941634,-0.07153435668060601,-0.11283058171355739,-0.1014318668832323,-0.11051769506049723,0.009085828177264929,-0.0625027582644497,-0.04515157784356692,-0.01735118042088278,-0.0809782340401643,-0.06736521941388336,-0.013613014626280937,-0.0355480673302844,-0.05706491961605758,0.02151685228577318,-0.0136889972841146,-0.0497874663868358,0.0360984691027212,-0.0869063635391292,-0.0701493133728188,-0.016757050166310405,-0.0378159300382403,-0.07191316069462748,0.03409723065638719,-0.0730687366763107,-0.06720953635847653,-0.005859200317834171,-0.0275314226973434,-0.03720426725715906,0.009672844559815656,-0.0844282701812076,-0.08652828658770052,0.002100016406492919,-0.1029769316235521,-0.07082335957292446,-0.032153572050627646,-0.0781516623183025,-0.09138581533674026,0.01323415301843775,0.0173414913241932,-0.027175634848984886,0.04451712617317809,-0.0054404308529471,-0.06762537583450773,0.06218494498156063,0.0273234967552215,-0.038276632201734884,0.06560012895695638,-0.0619297231908157,-0.0737965229777426,0.011866799786926896,-0.064121529456858,-0.07416893017548605,0.010047400718628044,-0.0515431408919645,-0.06529426773483292,0.013751126842868416,-0.0286362195371338,-0.08322997703589409,0.05459375749876029,-0.0360439295579729,-0.06247414152425833,0.02643021196628543,0.0392332294305986,-0.04535941768104738,0.08459264711164598,-0.0422204558814659,-0.04493869336751464,0.0027182374860487413,0.1296678159975727,-0.026555260701416776,0.1562230766989895,-0.0815407083064859,-0.07021033876863254,-0.011330369537853352,-0.058405852479698,-0.05421815558966169,-0.004187696890036306,-0.0585731185047045,-0.037644349011246116,-0.020928769493458385,-0.0876188455444584,-0.06366275218728168,-0.023956093357176717,-0.0896588393882043,-0.07781959227302984,-0.011839247115174464,-0.0497374126322852,-0.05241277946011419,0.0026753668278289913,-0.0677844261874093,-0.0677230519438612,-6.137424354810128e-05,0.0108165230998506,-0.02544778792206259,0.03626431102191319,-0.0075751809761155,-0.04832006448625997,0.04074488351014447
2025-04-01,0.012789201808436,-0.024469847343996952,0.03725904915243295,0.0181636620917951,-0.005989341354903578,0.024153003446698677,-0.0644939010935918,-0.03242581643157189,-0.0320680846620199,0.0606360617034483,0.013336077362790754,0.04729998434065755,0.0009449253494762,-0.013069157374693136,0.014014082724169336,0.0274254551254051,0.01852992690359049,0.008895528221814612,-0.0331431918732724,-0.034068900604987185,0.0009257087317147833,-0.0543275910208138,-0.024136621072198806,-0.03019096994861499,-1.1377128690283402e-06,-0.007695685654052652,0.007694547941183624,0.0255211608393412,-0.03082685729088184,0.05634801813022304,-0.0020821698901108,-0.03066923067700538,0.02858706078689458,-0.0363534981848961,-0.028059500410087014,-0.00829399777480909,0.0252091532882993,-0.010407750892433596,0.03561690418073289,-0.0079818548771468,0.0069950502419724265,-0.014976905119119227,0.1398942397417174,0.025205504649031693,0.11468873509268572,-0.013797972542269,-0.025048900314968335,0.011250927772699336,0.0050149511475081,-0.013099272182356243,0.018114223329864343,-0.0728439550394466,-0.0177162206259706,-0.055127734413476,0.0005622338300919,-0.021005476496234264,0.021567710326326164,-0.0522772996055695,-0.0007704841331131205,-0.05150681547245638,-0.0097733724083075,0.0012157826711986352,-0.010989155079506135,0.0176972011549144,-0.027004849489492035,0.04470205064440644,0.0397918774049634,-0.017532294743731407,0.057324172148694806,-0.1371019861726787,-0.055165085369819,-0.08193690080285972,-0.0120745393368427,0.0017253004213117302,-0.01379983975815443,0.0671354105722213,-0.01964505215726796,0.08678046272948926,-0.0487667730797847,-0.023513132354886578,-0.02525364072489812,-0.0814787782820771,-0.04029161792930715,-0.04118716035276995,-0.029582708442599,-0.018018919253990316,-0.011563789188608682,0.013771961489583,0.007251257070941413,0.006520704418641587,-0.0120600999303444,-0.042366484464507755,0.030306384534163355,0.0044378120890761,-0.011620803572096619,0.01605861566117272,-0.0218091829831152,-0.021107575502942313,-0.0007016074801728875,-0.0040727900926764,-0.016046223846520304,0.011973433753843903,0.0147618705559422,-0.024534699699756156,0.039296570255698354
2025-05-01,0.1366583071441679,0.05531648596748655,0.08134182117668136,0.019372695369593,0.052847722244481136,-0.03347502687488814,0.1177323418398446,0.09018956465776157,0.027542777182083034,0.184685123514463,0.08529798139624137,0.09938714211822164,0.072316459224468,0.030042726114288206,0.04227373311017979,0.1086372923499033,0.06944723660800954,0.039190055741893756,0.0254399657014208,0.06113802499309742,-0.035698059291676625,0.0390003606268659,0.06545069885124753,-0.026450338224381635,0.0706468680340624,0.06814923891645233,0.002497629117610062,0.0589780922801358,0.07044333160665797,-0.011465239326522172,0.0156636879609401,0.06240319750772931,-0.04673950954678921,0.0457269876334116,0.0690289027619954,-0.023301915128583803,0.1240409428393102,0.07588374086553477,0.04815720197377543,0.1030284772748642,0.09259999427717935,0.01042848299768484,0.062664308688709,0.07215710713055075,-0.009492798441841754,-0.0261071905579004,0.0570700233555517,-0.08317721391345209,0.0146078353489508,0.061385740024893366,-0.04677790467594257,-0.021205583616095,0.04316515512635986,-0.06437073874245486,0.1050903169819658,0.07459317119502719,0.030497145786938615,0.0219010479894176,0.0724642103310047,-0.0505631623415871,0.0151096676901855,0.07135731886315087,-0.056247651172965374,0.0882709596484997,0.08236347540959614,0.005907484238903554,0.0982238977148182,0.05781636831881257,0.04040752939600563,0.0210470697696591,0.045859663835593215,-0.024812594065934116,-0.0683620282947793,0.06105583901864895,-0.12941786731342825,0.0175693301284431,0.06618118273647013,-0.04861185260802703,0.0087022382374535,0.04794210793795087,-0.039239869700497365,0.089513521887907,0.06057856730549972,0.028934954582407274,0.0223321431917186,0.061697934380187495,-0.03936579118846889,0.0652962441968233,0.07698560137018495,-0.011689357173361656,0.0545140074420385,0.07078654573859192,-0.016272538296553417,0.0497371904868652,0.05180614392276594,-0.0020689534359007375,0.0802794525134474,0.07022466540911802,0.010054787104329374,0.0221498262692378,0.049821472112342974,-0.027671645843105174,0.0212276322689531,0.058203295798883545,-0.036975663529930446
2025-06-01,0.0564179879520685,0.04746005838874415,0.008957929563324356,-0.0339648218308016,0.03364102615689311,-0.0676058479876947,0.0179254732691601,0.04073636264441002,-0.022810889375249915,-0.0574645772972515,0.08149410464683653,-0.13895868194408803,0.05229868304272,0.047593454550622076,0.004705228492097924,0.0614348059090047,0.05959449702252784,0.001840308886476863,0.0040928784094953,0.03940827643117446,-0.03531539802167916,0.04112616556914,0.04212815648923553,-0.0010019909200955288,0.1081551173239624,0.054731663523636814,0.05342345380032558,0.082164629150447,0.04734567928047845,0.03481894986996856,0.0212057868670957,0.045819689987552405,-0.024613903120456703,-0.0317089157898782,0.02543760198808074,-0.05714651777795894,0.0963026508213149,0.06484896310199675,0.03145368771931814,0.1138971179136229,0.06076517814945201,0.053131939764170896,0.1005468090518069,0.08383413745528005,0.016712671596526854,-0.0079019925501146,0.027184571763353184,-0.03508656431346778,0.0425311509328877,0.05890764523703531,-0.016376494304147608,0.0019426068377255,0.03937633320477192,-0.03743372636704642,0.0726063589283685,0.060239103215947026,0.012367255712421477,0.0692825858758266,0.0605810597962322,0.008701526079594402,0.0174121648775644,0.058994654128366346,-0.04158248925080195,0.1121597806753315,0.07603126422919794,0.03612851644613356,-0.0229634120951862,0.046228521908960096,-0.0691919340041463,0.0513994711407959,0.037726288762758214,0.013673182378037683,0.019014664038666,0.04990842818467074,-0.03089376414600474,0.0671483066453943,0.03562123072663015,0.03152707591876415,0.0786445369055013,0.04759178989698321,0.031052747008518088,0.0801188820708279,0.025861444719525263,0.05425743735130264,0.0248457269683825,0.02674708258484277,-0.0019013556164602687,0.0269850787512508,0.05345059045206782,-0.02646551170081702,0.0978189950817551,0.05319171329479288,0.044627281786962215,0.0387885929833814,0.044440420721146894,-0.005651827737765493,0.0494320858865817,0.051373337592725714,-0.0019412517061440163,8.16564962783879e-06,0.027688246805158134,-0.027680081155530296,0.0320333329812038,0.03796833567248753,-0.005935002691283726
2025-07-01,0.0486784633885202,0.019213144005641673,0.029465319382878528,-0.0073461543624346,0.01819568152929881,-0.02554183589173341,0.0102146065572977,0.01595045074897302,-0.00573584419167532,-0.0219547694120933,0.05260902341918542,-0.07456379283127872,0.0065278080810877,0.021281492289316077,-0.014753684208228377,0.0374026027800875,0.03598825439412759,0.0014143483859599126,-0.0108574022114976,0.013732060287517521,-0.02458946249901512,-0.00502427919964,0.006465656066151258,-0.011489935265791259,0.0302987540065165,0.02564257169715239,0.004656182309364109,0.0695948439839158,0.02761329217840073,0.04198155180551507,0.0508776388474932,0.026230668428362906,0.024646970419130297,-0.0234993506090573,0.004757953690272359,-0.02825730429932966,0.0871703440782923,0.031220863808128524,0.055949480270163776,0.0642518312057452,0.04017797263161211,0.024073858574133085,-0.0788398159188915,0.04563882055860087,-0.12447863647749237,-0.0039884224087572,0.0011191261213268212,-0.005107548530084022,-0.09166907652832,0.010256375372727415,-0.10192545190104742,-0.0854472904937332,0.01494063166127196,-0.10038792215500517,0.050721470275656,0.025443146544471273,0.02527832373118473,0.0354684466109286,0.02693159989013584,0.00853684672079276,-0.0434935707586379,0.017239673206170526,-0.06073324396480842,-0.0336072550374369,0.013762755908156381,-0.04737001094559329,-0.0325661315889218,0.020959747657737306,-0.05352587924665911,0.0376634276821696,0.0016572340556305974,0.036006193626539,0.0084594931049911,0.013317842118175872,-0.004858349013184772,0.025625303463054,0.000788033619778371,0.02483726984327563,0.1101070631009406,0.029467003253877105,0.08064005984706349,0.012184592163805,0.012034274895742422,0.00015031726806257785,-0.0499705179199175,0.017499416650650555,-0.06746993457056806,0.031211172064892,0.030680685168548112,0.0005304868963438882,0.0817646697173695,0.01867376409645479,0.06309090562091471,0.0239631774195381,0.019812504881125525,0.004150672538412576,-0.027986662308475,0.01871673481781473,-0.046703397126289736,0.0297740535670064,0.008190701237907346,0.021583352329099054,-0.0008828935489984,0.016516248877315808,-0.01739914242631421
2025-08-01,0.0036074485500907,0.04917115939046312,-0.04556371084037242,-0.0034778234008258,0.014657122901646915,-0.018134946302472716,0.0353439709900899,0.02614804283785491,0.009195928152234991,0.0809110691946011,0.039565758187785266,0.041345311006815835,0.0559634861365979,0.05111076446379104,0.004852721672806856,-0.0072557410771763,-0.002129452817870908,-0.005126288259305391,0.044609105962986,0.04301317422208311,0.0015959317409028895,0.0341371383407799,0.0257217827210916,0.0084153556196883,0.0435208464819552,0.021750669343817607,0.021770177138137593,0.0816866550100052,0.05886797438440061,0.02281868062560459,0.0701318814941966,0.06166312483253964,0.008468756661656952,0.031109763600927,0.009057747279870562,0.02205201632105644,-0.0263784372603416,0.047825611405710025,-0.07420404866605163,0.0356341047451416,0.008221092425736843,0.02741301231940476,0.0482375373344906,0.027672266222372673,0.020565271112117926,0.0150812182505566,0.019370133352988393,-0.004288915102431793,0.1561997855457129,0.03997129912316055,0.11622848642255235,0.0604768006316431,0.04135147180247819,0.019125328829164914,-0.025950686224811,0.05110746846808659,-0.07705815469289759,0.0157988704514427,0.027725041192032222,-0.011926170740589524,0.0230195168306612,0.011285011471994497,0.011734505358666703,0.0707434486128382,0.05671982979526303,0.014023618817575169,-0.0069427789257691,0.040659996293394694,-0.0476027752191638,0.0431826488225519,0.07580442402670504,-0.03262177520415314,0.0488924198542205,0.013896448175767434,0.034995971678453065,0.2155925281667501,0.020399991631305,0.1951925365354451,0.0759933138369864,0.0668022286144605,0.009191085222525902,0.0512980323094211,0.04082538793583138,0.010472644373589718,0.0034589914409343,0.017643077859477174,-0.014184086418542872,0.0084932047422519,0.0052366903446417305,0.003256514397610169,0.0492805051312131,0.06517385372064317,-0.015893348589430076,0.0087915014280508,0.03232733500385535,-0.023535833575804552,0.0366371674952097,0.03387624253844765,0.0027609249567620495,0.0058047514612851,0.017952889866819418,-0.012148138405534317,0.0173036064763154,0.04232967085707044,-0.025026064380755043
2025-09-01,0.0499640997060685,0.033302243691978324,0.016661856014090176,-0.0344516053401331,0.026730700316947482,-0.06118230565708058,-0.0701065534737167,0.009001268960887845,-0.07910782243460455,0.2459846320036994,0.06512821519086154,0.18085641681283787,0.0089724607386031,0.046740449395187705,-0.03776798865658461,0.0430505600809265,0.058554621701657,-0.015504061620730494,-0.0336882334757479,0.020610591112473507,-0.054298824588221405,0.0046787435159029,0.01413100377975551,-0.00945226026385261,0.0604877487675596,0.042840845988429806,0.017646902779129794,0.029798535758697,0.027820674542666398,0.0019778612160306006,-0.0101566783753281,0.028871893287648838,-0.039028571662976935,-0.0364118700296556,0.004278244243863448,-0.040690114273519054,0.0726066743531307,0.03785630534063186,0.03475036901249884,0.0877830857474315,0.0523313515574113,0.0354517341900202,-0.0274165123232489,0.07103149021882822,-0.09844800254207713,-0.022928716561069,0.0023994393890242978,-0.025328155950093297,0.0246261991307541,0.019789286765898115,0.0048369123648559845,0.0143019069269937,0.027339302863198234,-0.013037395936204534,0.0682255995230257,0.03584054163824975,0.032385057884775956,0.0343654401721277,0.03640590721805222,-0.0020404670459245253,-0.030354004142487,0.03228492150842553,-0.06263892565091253,0.1711808435172689,0.03293756424160266,0.13824327927566624,0.0119408819812925,0.027873056075064632,-0.01593217409377213,-0.0073827253084571,0.010965619017143179,-0.01834834432560028,0.034547125033533,0.024257655869620195,0.010289469163912806,0.1799456491439306,0.0011318533194945293,0.17881379582443607,-0.0212227421579012,0.03566513844755531,-0.056887880605456506,-0.0390574833234618,0.00604890517969439,-0.045106388503156195,-0.0484023530705655,0.016228977398033268,-0.06463133046859877,-0.0097959566913183,0.041265771376519385,-0.05106172806783768,0.0780674389638928,0.027027754977160562,0.05103968398673224,0.0215107187202661,0.031921757046356775,-0.010411038326090676,-0.0055332647425592,0.02977982588336753,-0.03531309062592673,0.0397408253154175,0.013232304445368725,0.026508520870048773,0.0050903625636276,0.018538001155040947,-0.013447638591413347
2025-10-01,0.0207860837579658,0.008378069309544564,0.012408014448421238,-0.067345551770767,0.00777822836650737,-0.07512378013727436,-0.0646595336743248,-0.022739965031753316,-0.04191956864257148,0.0138909070585205,0.07168754760160773,-0.057796640543087224,0.0023735203928166,0.032354558450796746,-0.029981038057980147,0.0128462148484155,0.053983053165215754,-0.041136838316800255,-0.0626424697463016,-0.010014853267477733,-0.052627616478823865,-0.0380131174665503,-0.011849879319190734,-0.026163238147359564,0.0621756096048219,0.026277443819605714,0.035898165785216186,0.0009280551853003,0.0025916694666074528,-0.0016636142813071528,-0.0062925228388968,0.004796216428506623,-0.011088739267403423,-0.0295426356363305,-0.030465299050299065,0.0009226634139685649,0.0889757304364179,0.029264893837504934,0.05971083659891297,0.0928440276823196,0.035050929078685025,0.057793098603634574,-0.0636039411005537,0.08133103337030374,-0.14493497447085746,-0.0536234879494987,-0.02655565988050268,-0.02706782806899602,0.0355496895579562,0.012576216005305453,0.022973473552650746,-0.0531184565191376,0.007820782997481564,-0.06093923951661917,0.0671885526878363,0.014501658304944908,0.05268689438289139,0.1103021638559217,0.030163669045161594,0.0801384948107601,-0.001637610265048,0.023663180284565516,-0.025300790549613515,0.0719340355805343,0.009480302802227681,0.06245373277830661,-0.1198200837912281,0.012351043803613116,-0.13217112759484123,-0.0096581181512534,-0.028415558184663625,0.018757440033410226,0.0515787564880178,0.015663146959893383,0.03591560952812442,-0.052627405600347,-0.02524949430683926,-0.027377911293507744,-0.0359616563785139,0.02234172977284303,-0.05830338615135693,0.0238249011690545,-0.025800489561750163,0.04962539073080466,-0.0537462054922458,-0.009991013829220087,-0.04375519166302571,0.0283604663073289,0.030762089537588452,-0.002401623230259553,0.1020080562194012,-0.005198353923169955,0.10720641014257117,-0.0248815794541061,0.016924820840823196,-0.0418064002949293,-0.0048409669610309,0.006789546942944307,-0.011630513903975207,-0.0004293765816628,-0.010354981268373998,0.009925604686711198,0.0012839160184426,-0.004818722396854982,0.006102638415297582
2025-11-01,-0.0234752294271354,0.021141379149254475,-0.044616608576389875,0.0623572888773586,0.007572764141665523,0.05478452473569308,0.0437997647623591,0.002562353372535046,0.04123741138982405,-0.0397839278378531,-0.005318022217684807,-0.0344659056201683,0.0165051382279755,0.023609460829745136,-0.007104322601769637,-0.0258231409306471,-0.011926427124774083,-0.013896713805873016,0.0205434323282456,0.01713325038305345,0.003410181945192152,-0.0093907768767761,0.00559726507132997,-0.01498804194810607,-0.0340667473269471,0.0006021068134124041,-0.03466885414035951,0.0376880700717453,0.021770639680986904,0.015917430390758398,0.0204420787623185,0.02437344348023332,-0.003931364717914821,0.0132195594600968,0.0038935537414297203,0.009326005718667079,-0.059568485500996,0.005537509117438184,-0.06510599461843418,-0.0316820722335548,-0.003467129495982493,-0.028214942737572305,-0.0229903888331147,-0.008024089427505248,-0.014966299405609451,0.0405070978711726,0.008987610988834691,0.03151948688233791,0.0618818161844229,0.0005556573360787384,0.061326158848344164,0.0358994844354342,0.018981855952384614,0.016917628483049583,0.0059358814343577,0.014829548337491696,-0.008893666903133996,0.0246814436679486,-0.0028270172664014376,0.027508460934350037,0.0688411706008643,-0.010281943557677458,0.07912311415854176,-0.0283033916337773,0.011143244004979659,-0.03944663563875696,-0.0226145108133769,0.010385663270614652,-0.03300017408399156,0.0298409240648943,0.03766185758791651,-0.007820933523022208,0.1251655337617713,-0.0038214269636276206,0.12898696072539892,0.1676372667849013,0.0072428354295707605,0.16039443135533052,0.0357452286125609,0.023891615072158773,0.011853613540402128,0.1148188847550043,0.0164206653442766,0.09839821941072771,0.0505290566586917,0.009262950486951513,0.04126610617174019,-0.0046992917395786,-0.007807507503720011,0.003108215764141411,0.012945733562367,0.023499930574125194,-0.010554197011758195,0.0142247364316985,0.009393149557699015,0.0048315868739994845,-0.0081353513333304,0.007139122011364178,-0.015274473344694579,0.031205503200049,0.009773584285745505,0.021431918914303495,0.026978715569165,0.0169502186720436,0.0100284968971214
2025-12-01,0.0389051964849297,0.010653461284458269,0.028251735200471428,-0.0054561980933469,0.005557527658417745,-0.011013725751764646,0.0342735741248876,-0.009540990426754742,0.04381456455164234,0.0391954521819333,-0.011091723092132287,0.050287175274065586,0.0600549508136517,0.016750456528337704,0.043304494285313994,-0.0019088901448641,-0.00491310112683549,0.00300421098197139,0.0037439899212352,0.00455436417886801,-0.0008103742576328096,0.0516828682491496,0.0007022216477078876,0.050980646601441706,-0.0036722722131876,-0.0017356217562298289,-0.001936650456957771,-0.0801373302995762,0.003341709907438622,-0.08347904020701483,0.0060765140833753,0.0060780516297677615,-1.537546392461897e-06,-0.016962184530417,-0.00148069918832752,-0.01548148534208948,-0.0441243849980943,-0.00445886481431646,-0.039665520183777836,-0.0069981687488133,-0.003168585653079151,-0.0038295830957341495,-0.0751870936751839,-0.004413194352781941,-0.07077389932240197,-0.0297114864847788,0.0039413483275847405,-0.03365283481236354,-0.0566577408656908,-0.0037152084518774007,-0.0529425324138134,0.0205615862759022,0.011379631131704168,0.009181955144198032,0.0176692601222787,0.0038453046258746307,0.01382395549640407,-0.0006447546072444,-0.005791057241459395,0.005146302634214995,-0.0320917924809518,-0.0065882221340349545,-0.025503570346916846,0.0460858123818077,0.003771354611292242,0.04231445777051546,0.0131471646401549,0.0007657811936548848,0.012381383446500017,-0.00208763270985,0.0177696786063285,-0.0198573113161785,-0.0051953482745981,-0.0008699462492627939,-0.004325402025335306,0.0528731156823094,0.004323173212669739,0.04854994246963966,-0.0183890454932808,0.0059818646344445385,-0.02437091012772534,-0.0323570283055262,-0.000663204756901199,-0.031693823548624996,0.0120626569615999,0.0015714932711785692,0.01049116369042133,-0.0130368394704532,-0.006028741629669605,-0.007008097840783595,0.0505333320882692,0.00541435213724994,0.04511897995101926,0.0017758316316084,0.0038075497297611026,-0.0020317180981527026,0.0311942301327001,-0.000125363850256131,0.03131959398295623,-0.0364052284905728,0.006043089775414765,-0.042448318265987564,-0.0314651551503649,0.005163916180992509,-0.03662907133135741
2026-01-01,0.0591689407266638,0.03521985344756791,0.023949087279095893,0.0032733556400761,0.014934926396564997,-0.011661570756488897,-0.0252490055754074,0.028953144411756084,-0.05420214998716348,-0.0332837805681988,0.015605238299802666,-0.04888901886800147,-0.0181663293830623,0.02861004339894706,-0.04677637278200936,-0.0455742101025894,-0.007980879865060634,-0.03759333023752877,0.0958207855046181,0.03502026317223504,0.06080052233238306,0.0317310527635834,0.02137844359299011,0.010352609170593292,0.0792442152670062,0.012229186746188243,0.06701502852081796,0.0940792984503373,0.046190372536696674,0.04788892591364063,0.0427263027099266,0.046742127359722586,-0.004015824649795989,0.0748895181370658,0.018707052091868796,0.05618246604519701,0.1428642282497619,0.028539890778436102,0.11432433747132578,0.0183125261809829,0.008966109368933797,0.009346416812049105,-0.1042497750067253,0.0025972865762431815,-0.10684706158296849,0.0786804825833894,0.022559852791919358,0.05612062979147005,-0.0148932501336501,0.020076853307929073,-0.03497010344157917,-0.0367855572240607,0.029345845955326372,-0.06613140317938707,0.1517469859352639,0.0354104921070876,0.11633649382817629,0.0583056303071216,0.014270441112176839,0.044035189194944764,-0.0230692521177147,0.0020710646373719097,-0.02514031675508661,0.222510916593572,0.033766590155508265,0.18874432643806374,0.0047854890802708,0.02748599238172179,-0.02270050330145099,0.1422881673029493,0.05800535746806396,0.08428280983488534,0.0174108271698084,0.006860848656212278,0.010549978513596122,0.1037410227343082,0.022817293872235706,0.0809237288620725,0.0253931527421265,0.0438781060702955,-0.018484953328168997,0.0845344281312131,0.038719508006375275,0.04581492012483783,0.0380008901293229,0.022881434449765217,0.015119455679557685,0.0480693475112023,0.003373526128445602,0.0446958213827567,0.1137756564828037,0.047998190291565115,0.06577746619123859,0.0278226774937801,0.020955301090078593,0.006867376403701508,0.0308626758588001,0.02415472033066967,0.00670795552813043,0.0333031220871771,0.01926374630440143,0.014039375782775674,0.0769137133954882,0.03476035245647203,0.04215336093901618
