,Aircraft,Aircraft,Aircraft,Almost Nothing,Almost Nothing,Almost Nothing,Apparel,Apparel,Apparel,Automobiles and Trucks,Automobiles and Trucks,Automobiles and Trucks,Banking,Banking,Banking,Banking - Large Cap,Banking - Large Cap,Banking - Large Cap,Banking - Small Cap,Banking - Small Cap,Banking - Small Cap,Business Services,Business Services,Business Services,Business Services - Large Cap,Business Services - Large Cap,Business Services - Large Cap,Business Services - Small Cap,Business Services - Small Cap,Business Services - Small Cap,Chemicals,Chemicals,Chemicals,Chemicals - Small Cap,Chemicals - Small Cap,Chemicals - Small Cap,Communication,Communication,Communication,Computers,Computers,Computers,Construction,Construction,Construction,Construction Materials,Construction Materials,Construction Materials,Consumer Goods,Consumer Goods,Consumer Goods,Electrical Equipment,Electrical Equipment,Electrical Equipment,Electronic Equipment,Electronic Equipment,Electronic Equipment,Electronic Equipment - Large Cap,Electronic Equipment - Large Cap,Electronic Equipment - Large Cap,Electronic Equipment - Small Cap,Electronic Equipment - Small Cap,Electronic Equipment - Small Cap,Entertainment,Entertainment,Entertainment,Food Products,Food Products,Food Products,Healthcare,Healthcare,Healthcare,Insurance,Insurance,Insurance,Insurance - Large Cap,Insurance - Large Cap,Insurance - Large Cap,Insurance - Small Cap,Insurance - Small Cap,Insurance - Small Cap,Machinery,Machinery,Machinery,Machinery - Large Cap,Machinery - Large Cap,Machinery - Large Cap,Machinery - Small Cap,Machinery - Small Cap,Machinery - Small Cap,Measuring and Control Equipment,Measuring and Control Equipment,Measuring and Control Equipment,Medical Equipment,Medical Equipment,Medical Equipment,Medical Equipment - Large Cap,Medical Equipment - Large Cap,Medical Equipment - Large Cap,Medical Equipment - Small Cap,Medical Equipment - Small Cap,Medical Equipment - Small Cap,Non-Metallic and Industrial Metal Mining,Non-Metallic and Industrial Metal Mining,Non-Metallic and Industrial Metal Mining,Personal Services,Personal Services,Personal Services,Petroleum and Natural Gas,Petroleum and Natural Gas,Petroleum and Natural Gas,Petroleum and Natural Gas - Large Cap,Petroleum and Natural Gas - Large Cap,Petroleum and Natural Gas - Large Cap,Petroleum and Natural Gas - Small Cap,Petroleum and Natural Gas - Small Cap,Petroleum and Natural Gas - Small Cap,Pharmaceutical Products,Pharmaceutical Products,Pharmaceutical Products,Pharmaceutical Products - Large Cap,Pharmaceutical Products - Large Cap,Pharmaceutical Products - Large Cap,Pharmaceutical Products - Small Cap,Pharmaceutical Products - Small Cap,Pharmaceutical Products - Small Cap,Precious Metals,Precious Metals,Precious Metals,Real Estate,Real Estate,Real Estate,Recreation,Recreation,Recreation,"Restaurants, Hotels, Motels","Restaurants, Hotels, Motels","Restaurants, Hotels, Motels",Retail,Retail,Retail,Retail - Large Cap,Retail - Large Cap,Retail - Large Cap,Retail - Small Cap,Retail - Small Cap,Retail - Small Cap,Steel Works Etc,Steel Works Etc,Steel Works Etc,Trading,Trading,Trading,Trading - Large Cap,Trading - Large Cap,Trading - Large Cap,Trading - Small Cap,Trading - Small Cap,Trading - Small Cap,Transportation,Transportation,Transportation,Transportation - Large Cap,Transportation - Large Cap,Transportation - Large Cap,Transportation - Small Cap,Transportation - Small Cap,Transportation - Small Cap,Utilities,Utilities,Utilities,Utilities - Large Cap,Utilities - Large Cap,Utilities - Large Cap,Utilities - Small Cap,Utilities - Small Cap,Utilities - Small Cap,Wholesale,Wholesale,Wholesale,Wholesale - Large Cap,Wholesale - Large Cap,Wholesale - Large Cap,Wholesale - Small Cap,Wholesale - Small Cap,Wholesale - Small Cap
,Actual_returns,Pred_returns,Residual_returns,Actual_returns,Pred_returns,Residual_returns,Actual_returns,Pred_returns,Residual_returns,Actual_returns,Pred_returns,Residual_returns,Actual_returns,Pred_returns,Residual_returns,Actual_returns,Pred_returns,Residual_returns,Actual_returns,Pred_returns,Residual_returns,Actual_returns,Pred_returns,Residual_returns,Actual_returns,Pred_returns,Residual_returns,Actual_returns,Pred_returns,Residual_returns,Actual_returns,Pred_returns,Residual_returns,Actual_returns,Pred_returns,Residual_returns,Actual_returns,Pred_returns,Residual_returns,Actual_returns,Pred_returns,Residual_returns,Actual_returns,Pred_returns,Residual_returns,Actual_returns,Pred_returns,Residual_returns,Actual_returns,Pred_returns,Residual_returns,Actual_returns,Pred_returns,Residual_returns,Actual_returns,Pred_returns,Residual_returns,Actual_returns,Pred_returns,Residual_returns,Actual_returns,Pred_returns,Residual_returns,Actual_returns,Pred_returns,Residual_returns,Actual_returns,Pred_returns,Residual_returns,Actual_returns,Pred_returns,Residual_returns,Actual_returns,Pred_returns,Residual_returns,Actual_returns,Pred_returns,Residual_returns,Actual_returns,Pred_returns,Residual_returns,Actual_returns,Pred_returns,Residual_returns,Actual_returns,Pred_returns,Residual_returns,Actual_returns,Pred_returns,Residual_returns,Actual_returns,Pred_returns,Residual_returns,Actual_returns,Pred_returns,Residual_returns,Actual_returns,Pred_returns,Residual_returns,Actual_returns,Pred_returns,Residual_returns,Actual_returns,Pred_returns,Residual_returns,Actual_returns,Pred_returns,Residual_returns,Actual_returns,Pred_returns,Residual_returns,Actual_returns,Pred_returns,Residual_returns,Actual_returns,Pred_returns,Residual_returns,Actual_returns,Pred_returns,Residual_returns,Actual_returns,Pred_returns,Residual_returns,Actual_returns,Pred_returns,Residual_returns,Actual_returns,Pred_returns,Residual_returns,Actual_returns,Pred_returns,Residual_returns,Actual_returns,Pred_returns,Residual_returns,Actual_returns,Pred_returns,Residual_returns,Actual_returns,Pred_returns,Residual_returns,Actual_returns,Pred_returns,Residual_returns,Actual_returns,Pred_returns,Residual_returns,Actual_returns,Pred_returns,Residual_returns,Actual_returns,Pred_returns,Residual_returns,Actual_returns,Pred_returns,Residual_returns,Actual_returns,Pred_returns,Residual_returns,Actual_returns,Pred_returns,Residual_returns,Actual_returns,Pred_returns,Residual_returns,Actual_returns,Pred_returns,Residual_returns,Actual_returns,Pred_returns,Residual_returns,Actual_returns,Pred_returns,Residual_returns,Actual_returns,Pred_returns,Residual_returns,Actual_returns,Pred_returns,Residual_returns,Actual_returns,Pred_returns,Residual_returns,Actual_returns,Pred_returns,Residual_returns
date,,,,,,,,,,,,,,,,,,,,,,,,,,,,,,,,,,,,,,,,,,,,,,,,,,,,,,,,,,,,,,,,,,,,,,,,,,,,,,,,,,,,,,,,,,,,,,,,,,,,,,,,,,,,,,,,,,,,,,,,,,,,,,,,,,,,,,,,,,,,,,,,,,,,,,,,,,,,,,,,,,,,,,,,,,,,,,,,,,,,,,,,,,
2008-01-01,,-0.0508961437808269,,,-0.03239137332030253,,,-0.06127386485643407,,,-0.12513591330338153,,,-0.04228532195169746,,,-0.04344767643339135,,,-0.021535514894441592,,,-0.0802806994831402,,,-0.0788280551489019,,,-0.12153275995897157,,,-0.055922247033702854,,,-0.10546328282899521,,,-0.039528841568975424,,,-0.07005616042819039,,,-0.07030772276854448,,,-0.06767867318830317,,,-0.025891669547647083,,,-0.08860019515424668,,,-0.0830594994424949,,,-0.08174684985319483,,,-0.10184501443637511,,,-0.11319823439409883,,,-0.017212484489100267,,,-0.05154325641058682,,,-0.04457869041837855,,,-0.04305143200116563,,,-0.0527949453834271,,,-0.07366536263442026,,,-0.07198969976929212,,,-0.09111799364913278,,,-0.07524528545729124,,,-0.05868352860885518,,,-0.054655449498539864,,,-0.022043115248785335,,,-0.07790553458269302,,,-0.05738839553314529,,,-0.026666396851831486,,,-0.021980407895775125,,,-0.05156822748865377,,,-0.037929242566680434,,,-0.034487027399797525,,,-0.14460474273342802,,,-0.01958117662379605,,,-0.0779463835158811,,,-0.047351739294231525,,,-0.03493960527839112,,,-0.06573427364150974,,,-0.06332949871794824,,,-0.08748121176995237,,,-0.07547032111571857,,,-0.056638423392059566,,,-0.05628384743386551,,,-0.06222121249816736,,,-0.05977685023906663,,,-0.06353949377299965,,,-0.08689026906483428,,,-0.023372466548150905,,,-0.020849701015008368,,,-0.04007092877404767,,,-0.04422501881395867,,,-0.04132951986309507,,,-0.0731273750856898,
2008-02-01,-0.0432616412964718,-0.03993072624869335,-0.0033309150477784516,,-0.015549264533221724,,-0.0388673301089493,-0.03160029908847443,-0.007267031020474872,-0.0389324953443867,-0.043103288153778535,0.004170792809391838,-0.0876865470330844,-0.03736531563508135,-0.05032123139800305,-0.0879059797845532,-0.03778292638931486,-0.050123053395238336,-0.027389458868227,-0.024599487141695815,-0.0027899717265311846,-0.0650431093681125,-0.02502648494419333,-0.04001662442391917,-0.0725543673989342,-0.02368088002716573,-0.04887348737176847,-0.0500153484854891,-0.06837444227869516,0.018359093793206056,0.069490623125867,-0.03613918579145441,0.1056298089173214,,-0.07651836348115339,,-0.0282874978365428,-0.03023531447180652,0.0019478166352637216,0.029000281710265,-0.033671918993701505,0.06267220070396651,-0.0466633380452758,-0.03771458163595011,-0.008948756409325694,-0.0732178843519862,-0.04099808976519034,-0.03221979458679586,-0.002623757588528,-0.02063232225843203,0.01800856466990403,-0.019886865904951,-0.04101795877656328,0.02113109287161228,-0.0481324314046322,-0.023853103606381886,-0.024279327798250313,-0.0497025092168813,-0.022279479231357462,-0.02742302998552384,-0.0167194105177183,-0.06248729320277325,0.04576788268505495,-0.0809160537020132,-0.047209660592578195,-0.033706393109435004,0.0320687033195643,-0.018571442566782642,0.050640145886346945,0.0236531956366123,-0.03360990393289802,0.05726309956951032,-0.0633982613621756,-0.03517981023726862,-0.028218451124906986,-0.0643365582970811,-0.0345847121841909,-0.029751846112890196,-0.0275531442471725,-0.03593631528330859,0.008383171036136089,0.0205959694212696,-0.04134388912550273,0.06193985854677233,0.0097782299510941,-0.03972602460088686,0.04950425455198096,0.1172631053500997,-0.06674630527243022,0.18400941062252993,0.0165687446439184,-0.031228690423149904,0.04779743506706831,-0.0099766327960277,-0.027023181273351838,0.01704654847732414,-0.0048978120188016,-0.025697733112907514,0.020799921094105913,-0.1146814784839762,-0.027030496169450583,-0.08765098231452562,0.1747729442070355,-0.05246960121876964,0.22724254542580516,-0.0889306222626933,-0.03073615392349126,-0.05819446833920204,0.0771944248768834,-0.04092971140346031,0.11812413628034371,,-0.045048008944549287,,0.1212614988808287,-0.06201328052878823,0.18327477940961692,-0.0247467586002158,-0.018933750804563224,-0.005813007795652577,-0.0233023781224289,-0.017640023109762735,-0.005662355012666164,-0.0731597047967803,-0.08069310636066838,0.007533401563888084,0.0200647203214009,-0.016378603768318928,0.03644332408971983,-0.0090903762093275,-0.04442913057507,0.035338754365742506,-0.0489401818823857,-0.032086248537756754,-0.016853933344628945,-0.0031446195453272,-0.015450243267382022,0.012305623722054822,-0.0651131160160066,-0.02037325988204694,-0.04473985613395966,-0.0591683786387361,-0.017423333237060353,-0.04174504540167574,-0.1099131668255113,-0.06976083528332035,-0.04015233154219096,0.0397811625197747,-0.04892769320826767,0.08870885572804237,-0.0875460783062689,-0.03245105444354337,-0.05509502386272553,-0.1002658341677403,-0.030915781109654154,-0.06935005305808616,-0.0130473599699095,-0.05191554774355358,0.03886818777364408,-0.0305121021218425,-0.036080635188866714,0.005568533067024213,,-0.03661488661095197,,-0.0309729149341725,-0.073592340723834,0.0426194257896615,-0.0227547791335104,-0.017192064604623254,-0.005562714528887146,-0.0264743874714798,-0.015507208813028205,-0.010967178658451596,-0.0421516555962093,-0.0293155574433265,-0.0128360981528828,-0.0273727622979877,-0.027245822014847376,-0.00012694028314032269,-0.0277693473855179,-0.024358115348487055,-0.003411232037030844,-0.0191877863314169,-0.04773149240671553,0.02854370607529863
2008-03-01,0.0601723153312199,-0.00918626309131461,0.06935857842253451,,-0.0008340851403690842,,0.0631381004319768,-0.003698235346337576,0.06683633577831438,-0.0180024618965453,-0.011348577510385224,-0.006653884386160077,-0.0311168155198617,-0.011752957324406697,-0.019363858195455004,-0.034519758241952,-0.012352202870077657,-0.022167555371874342,-0.024500644310986,-0.00687598997288244,-0.01762465433810356,0.0103346698320327,-0.010281252682262858,0.02061592251429556,0.0141370337724638,-0.009884447357537638,0.024021481130001437,-0.0630688587626916,-0.03598230138839154,-0.027086557374300053,-0.0188205346431212,-0.007908800128186953,-0.010911734514934246,,-0.029193142280692724,,0.0013552484464564,-0.005021444517442341,0.00637669296389874,-0.0276735827106545,-0.009193327229154332,-0.018480255481500167,0.0355378759906121,-0.003093649024283495,0.0386315250148956,0.0404354243953265,-0.004949557379037373,0.04538498177436387,0.0407226713461845,-0.0010809865160520688,0.04180365786223657,-0.0051443741445603,-0.007104456701443402,0.0019600825568831023,0.029002590627143,-0.004272446542314957,0.033275037169457955,0.0334016468152159,-0.0036284288720020413,0.037030075687217945,-0.0723468213142377,-0.03332986291054747,-0.039016958403690224,-0.0527111721124127,-0.018503322567670892,-0.034207849544741806,-0.0021980747475265,-5.974433235829109e-06,-0.0021921003142906705,-0.0037053823134877,-0.004720096653016145,0.0010147143395284447,-0.057641906855615,-0.009187946482284055,-0.04845396037333095,-0.0589448152818699,-0.00835040264483339,-0.05059441263703651,-0.0171623494108622,-0.01242250584680815,-0.004739843564054049,-0.0026394340259425,-0.0067878480963716875,0.004148414070429188,3.424718131748647e-07,-0.00621189938396049,0.006212241855773665,-0.0241100827708155,-0.02822240417584657,0.00411232140503107,0.0033428794042726,-0.006309508872274137,0.009652388276546736,0.0026636684243493,-0.00721825129482755,0.00988191971917685,0.0057812086300976,-0.005951637335392801,0.011732845965490402,-0.0100853246145125,0.006566303299229198,-0.016651627913741696,-0.0558731260174288,-0.011757435116806086,-0.044115690900622714,-0.008407178806577,-0.004864303436023064,-0.0035428753705539348,-0.0324288679809229,-0.0033299122764826484,-0.029098955704440252,,-0.004017912090708774,,-0.0038302182923444,-0.020767810856544333,0.016937592564199935,-0.036174254128749,-0.002703784216998793,-0.033470469911750206,-0.034569037152965,-0.0017241037985937728,-0.03284493335437123,-0.1513020903341685,-0.058599927593380646,-0.09270216274078785,-0.1285228351036551,0.003038342320260852,-0.13156117742391593,0.0177940451375238,-0.008983940282245492,0.026777985419769293,0.0365946279889637,-0.003797769619103098,0.0403923976080668,0.0355327574275257,0.0010949709121905432,0.034437786515335155,0.0448308434887088,-0.004197760583303283,0.04902860407201208,0.0477357570746053,-0.003416575965668308,0.051152333040273605,0.0227453762801502,-0.02787161336425142,0.050616989644401617,0.0232139661195322,-0.009374258093200225,0.03258822421273243,0.0032000959256474,-0.0095743926811607,0.0127744886068081,0.0039353948742432,-0.00943579849683153,0.01337119337107473,-0.0181475013728341,-0.01847501406982714,0.0003275126969930382,0.0192639853476522,-0.007642786233163303,0.026906771580815503,,-0.009427125968266737,,0.2289626477539666,-0.029692707012448825,0.25865535476641544,-0.0008170252704848,-0.0005355869880981628,-0.00028143828238663725,0.0139676523612119,0.00024062787845908454,0.013727024482752814,-0.0010442999461645,-0.004451118001539787,0.0034068180553752866,-0.0245579907881903,-0.000975653750462536,-0.023582337037727764,-0.0286100969699846,-0.00016706614103584685,-0.028443030828948754,-0.0738723885362412,-0.022797624443635093,-0.05107476409260611
2008-04-01,-0.0463932633127553,0.04756067217093232,-0.09395393548368762,,0.04064441223444946,,-0.0168819223996172,0.05159404953730398,-0.06847597193692118,0.0801250542577035,0.08365854504013971,-0.0035334907824362133,0.0858738884574783,0.04777277222541584,0.038101116232062464,0.0898831306803782,0.048997930125640694,0.04088520055473751,-0.0115189657969394,0.010341649521962027,-0.021860615318901426,0.0972570385794839,0.06451220253505498,0.03274483604442892,0.1045929089506272,0.06671296677186342,0.03787994217876378,-0.0099580442001608,0.005168937405499301,-0.015126981605660101,0.1331391472293416,0.049398814857243976,0.0837403323720976,,0.02135751233877958,,0.0654186150739576,0.027804796501476593,0.037613818572481014,0.0395977546284051,0.05473218176373877,-0.015134427135333674,0.0221688371630869,0.06104850795101223,-0.03887967078792533,0.0249263354486683,0.05796262821059079,-0.03303629276192249,-0.0381714427556987,0.03132784764956852,-0.06949929040526723,0.0205807149144833,0.05604306888768575,-0.03546235397320245,0.0967464029511246,0.078363646659707,0.0183827562914176,0.0977869672221705,0.07992442810470946,0.01786253911746105,-0.0345156308556895,0.008292688911906815,-0.04280831976759631,-0.0087985134139596,0.07407698290097249,-0.08287549631493209,0.0461795440618703,0.019808325382598444,0.026371218679271852,0.0307819971694519,0.01925420505940796,0.011527792110043938,0.034153533650743,0.04095396794076135,-0.006800434290018351,0.0337534887270727,0.041843248401860884,-0.008089759674788186,-0.0397856593646213,0.018208382823071034,-0.05799404218769233,0.0827700664582284,0.05730073004455715,0.025469336413671252,0.0824398381672361,0.059142956441516834,0.023296881725719268,0.0366007678836378,0.0120339790739876,0.0245667888096502,0.0340605119648076,0.04698736706021612,-0.012926855095408522,0.0036998931616152,0.032834427046487105,-0.029134533884871906,-0.0006504571121983,0.034135299083912926,-0.034785756196111225,0.0824911613269694,0.005223718795839546,0.07726744253112985,0.0733115184960267,0.049417523663006745,0.023893994833019953,0.1097302754404331,0.04019845475814869,0.0695318206822844,0.1183751009429019,0.02804714609496727,0.09032795484793464,,0.02626676795990789,,0.0266739125404633,0.010545419429839414,0.016128493110623886,0.0006683984350036,0.02566543097189637,-0.02499703253689277,0.001087667402145,0.026410527244132457,-0.025322859841987455,0.0126401710279244,-0.03373053595058075,0.04637070697850515,-0.0942772909781188,0.01934715173928825,-0.11362444271740704,0.0196857840438023,0.06383751649892673,-0.04415173245512443,0.0399934798240671,0.04186509876698523,-0.001871618942918131,0.0474465025281787,0.04693090699727908,0.0005155955308996166,0.0714593871637239,0.05722272291723368,0.014236664246490213,0.0750223386502929,0.0587568286440112,0.016265510006281694,-0.0194028310688917,0.014239890827920654,-0.033642721896812354,0.095362480849302,0.05547346958361495,0.03988901126568705,0.0565190456000067,0.046742465328994114,0.009776580271012587,0.0597659356017583,0.04756302132609815,0.01220291427566015,-0.0085137054714342,0.019196239355050215,-0.027709944826484416,0.0490097838090339,0.04723976413995017,0.0017700196690837236,,0.04817347516585747,,0.0115353721069767,0.006892486394619755,0.004642885712356945,0.0507551989688701,0.027008976690931778,0.02374622227793832,0.0457915154409035,0.027063921511091795,0.018727593929811704,0.0649846063129467,0.019685304382681342,0.04529930193026535,0.007628493676237,0.03881113060363628,-0.03118263692739928,0.0139347884734834,0.03942422942995329,-0.02548944095646989,0.1515880274765492,0.01893130286452451,0.13265672461202468
2008-05-01,-0.0378153407584215,0.014114761869804867,-0.051930102628226366,,0.01547225171598634,,0.0363965034531864,0.03781134263778669,-0.0014148391846002875,-0.0295585152389755,0.057095747012478576,-0.08665426225145408,-0.0322869243658591,-0.0020801846675201703,-0.03020673969833893,-0.0334919718524752,-0.003520123919510012,-0.029971847932965184,0.0012823938973268,0.007140356510764575,-0.005857962613437775,0.0517102196311847,0.020931207185550988,0.030779012445633715,0.0527390789923313,0.019575547726493475,0.03316353126583783,-0.0066833394347261,0.023283241342522028,-0.029966580777248127,0.0496384229269318,0.022766189272434158,0.02687223365449764,,0.026115375417821014,,0.0284691113302356,0.016796129327380813,0.011672982002854788,0.0382793015386631,0.02418294295831072,0.01409635858035238,0.0426201528617271,0.046031594046288614,-0.003411441184561513,0.0365494809846829,0.04053078718044237,-0.003981306195759468,0.0016397508778921,0.016752734993976278,-0.015112984116084178,0.1105587678205289,0.04692383345517839,0.0636349343653505,0.0749690505741708,0.036665334073126644,0.03830371650104416,0.0761253913652701,0.0363799493050654,0.03974544206020471,0.0427015140590811,0.009203926004493835,0.03349758805458726,-0.0444099543670498,0.028483492625683598,-0.0728934469927334,0.0088533764066584,0.011244662119836487,-0.0023912857131780877,0.0260016045870475,0.02782104303081698,-0.0018194384437694826,-0.02166946690731,0.008509531090924298,-0.0301789979982343,-0.0310134414439025,0.009330395320171235,-0.040343836764073736,0.01840732324104,0.01709460125918036,0.0013127219818596415,0.0465236358468376,0.035841279444161364,0.010682356402676237,0.0459987224444289,0.034249139413759504,0.011749583030669399,-0.1404965637789295,0.025266833521929,-0.16576339730085848,0.0672432938908086,0.0352314462631561,0.0320118476276525,0.0176390737623117,0.019378720926996017,-0.0017396471646843152,0.0155077138020996,0.01893955035053635,-0.0034318365484367497,0.0496102391479853,0.039533556706486436,0.010076682441498862,0.0951498676720132,0.0260457014726737,0.0691041661993395,0.0220222753656294,0.029725001799298722,-0.007702726433669323,0.0471764137505825,0.018016232962418187,0.029160180788164312,,0.012352264040449111,,0.0314786079258627,0.010092741515070124,0.021385866410792573,0.0153818304535847,0.014248962355996627,0.0011328680975880735,0.0147140178867325,0.013466713617488406,0.0012473042692440935,-0.032824793970286,-0.005734645222185445,-0.027090148748100555,0.0675026860172696,0.017950787764357934,0.04955189825291166,-0.0346358846679462,0.03860069019729248,-0.07323657486523868,0.0377936939387208,0.031234800536733127,0.006558893401987672,-0.005888994697735,0.024911177236585525,-0.030800171934320525,-0.0063389806745652,0.028580207644579175,-0.034919188319144374,-0.0068397249559662,0.026835560625032676,-0.03367528558099887,-0.0112116283628755,0.02870867164422921,-0.03992030000710471,0.0581800974279206,0.035455005589061596,0.022725091838859006,-0.0041374862737227,0.014494427372083769,-0.01863191364580647,-0.0107297789460665,0.012308932462421037,-0.02303871140848754,-0.0056059564126402,0.014252359263661534,-0.019858315676301735,0.0353095422902948,0.023965896768520026,0.011343645521774776,,0.02079742442070741,,0.0229141678066267,0.017032586728894804,0.005881581077731894,0.03797508577178,0.01315817085399226,0.02481691491778774,0.0399482192573394,0.011941584926744877,0.028006634330594523,-0.0348265756087819,0.02826416517321657,-0.06309074078199847,0.0556784249498481,0.03060997888696834,0.02506844606287976,0.0570420609981305,0.028309270955541515,0.028732790042588986,0.0367477942347101,0.014238309073106588,0.02250948516160351
2008-06-01,-0.1351700515047475,-0.11047340575852371,-0.024696645746223794,,-0.04726987254399035,,-0.1298037755580762,-0.05497902930916626,-0.07482474624890995,-0.2154566850468129,-0.11469568190823147,-0.10076100313858143,-0.1731809551501902,-0.1319706803436028,-0.0412102748065874,-0.1736777816535832,-0.13540768893338728,-0.03827009272019591,-0.1191936477930493,-0.05750618954275062,-0.061687458250298685,-0.0857431634699513,-0.08494773551013221,-0.0007954279598190866,-0.0865680411964644,-0.08413077573878266,-0.0024372654576817337,-0.092486304250295,-0.11947501314088417,0.026988708890589172,0.0336897669967563,-0.08421540556475131,0.1179051725615076,,-0.15414379113445223,,-0.1193638985194203,-0.06581692185062014,-0.05354697666880015,-0.0944459599641164,-0.08976939897711277,-0.004676560987003628,-0.0892165939537676,-0.08112114950232603,-0.008095444451441572,-0.1623941477583393,-0.0918631180144532,-0.0705310297438861,-0.0793783268729953,-0.034891154853860434,-0.044487172019134866,-0.1533475701205662,-0.09370487121551854,-0.05964269890504767,-0.101555496226135,-0.07553346748331177,-0.026022028742823222,-0.1039188614316432,-0.0726905321204161,-0.0312283293112271,-0.0501476735032122,-0.12336561934154923,0.07321794583833703,-0.2525029444497207,-0.1480780367968443,-0.1044249076528764,-0.1157310660181358,-0.04065160346044544,-0.07507946255769037,-0.067699569770764,-0.07390606751401325,0.006206497743249259,-0.1405020683205977,-0.10212200719605749,-0.038380061124540205,-0.140310061321217,-0.10019532623735668,-0.040114735083860334,-0.1670386216732477,-0.07826974450703345,-0.08876887716621426,-0.0817666614925212,-0.10159554501209941,0.01982888351957822,-0.0734707616044667,-0.10119538360239842,0.027724621997931728,-0.0275185522157992,-0.10794723913024211,0.08042868691444291,-0.0712342258902525,-0.0773503816633454,0.006116155773092907,-0.0288250524309899,-0.07305599043383351,0.04423093800284361,-0.0280477607889818,-0.0695537727803217,0.041506011991339894,-0.0027162884395607,-0.042200157267513125,0.03948386882795243,-0.0203965450402099,-0.13799636689670736,0.11759982185649745,-0.0904431433374034,-0.07217199430030712,-0.018271149037096285,0.0040315979022183,-0.09031006523587161,0.0943416631380899,,-0.112715374331108,,-0.0070305326020656,-0.12036634512823674,0.11333581252617114,-0.0470005845798183,-0.05839002871577642,0.011389444135958118,-0.0441159507289211,-0.055935787229935766,0.011819836501014667,-0.2590785285286162,-0.14311810843952866,-0.11596042008908752,0.1016104942706442,-0.031186608315592237,0.13279710258623645,-0.1142492187060284,-0.11094501034578097,-0.003304208360247432,-0.0947494504164822,-0.05733164067294239,-0.0374178097435398,-0.0805073758347928,-0.03453201021012877,-0.045975365624664026,-0.0844436332171347,-0.0594592552817232,-0.0249843779354115,-0.0722522744394595,-0.056529992913089515,-0.015722281526369987,-0.1975407859466345,-0.0970549444826674,-0.1004858414639671,-0.0726531115269019,-0.11129646632188499,0.038643354794983084,-0.1058763109002219,-0.09552662297217217,-0.01034968792804973,-0.1085849497191504,-0.09745485379323536,-0.011130095925915046,-0.1011559894282466,-0.10734626097381167,0.0061902715455650625,-0.1186299354545065,-0.0890146531985062,-0.029615282256000297,,-0.09386494698613966,,-0.1613239579048661,-0.12561682508162422,-0.035707132823241866,-0.0085121713688537,-0.04004896615152773,0.03153679478267403,0.0063124207822236,-0.037842612614656435,0.04415503339688003,-0.0312774842116095,-0.042495216190349676,0.011217731978740174,-0.071908387548218,-0.059163527528566226,-0.012744860019651777,-0.0697644737989966,-0.05642864888057125,-0.013335824918425346,-0.1709122816646591,-0.07828360049099864,-0.09262868117366047
2008-07-01,0.0414077173374699,0.021970664127857698,0.019437053209612205,,-0.0061834080696320775,,-0.0332419067897331,-0.012729453657257176,-0.020512453132475926,-0.0213958496397049,-0.0016363679303524861,-0.019759481709352416,0.1062045882738878,0.0422316659347939,0.06397292233909391,0.105843344155766,0.04074013656350815,0.06510320759225785,9.785453293867355e-05,0.03642583525872542,-0.036327980725786746,-0.018953836967065,-0.026349141465405183,0.0073953044983401835,-0.0197963178135269,-0.02881554451985699,0.00901922670633009,-0.0880634622799182,-0.007133813961313714,-0.08092964831860448,-0.0684240466449008,0.004110233544919496,-0.0725342801898203,,0.02751712745013717,,-0.0384073226721841,-0.006787636800642769,-0.031619685871541334,-0.0261593718916145,-0.007278587132476724,-0.018880784759137778,-0.0139250991974702,0.016299762236623626,-0.030224861434093826,0.0032092536534232,0.02180794610445418,-0.01859869245103098,0.0737185297791676,-0.01594201980320045,0.08966054958236805,-0.0444595997193789,0.005125321136409424,-0.04958492085578832,0.0049698125379496,-0.02617553287516957,0.03114534541311917,0.0077901672849027,-0.028593638870862886,0.036383806155765586,-0.0280610897699364,-0.008539081832495195,-0.019522007937441205,-0.0007384253392435,0.005125339472870163,-0.005863764812113662,0.04774292614704,-0.005095660121761004,0.05283858626880101,-0.0362523625340726,0.00866945173713973,-0.044921814271212335,0.0166723792186455,0.018947987158030314,-0.0022756079393848154,0.0109679232441447,0.019209265757390043,-0.008241342513245343,0.0493819025914316,0.024372052937295798,0.025009849654135805,-0.0321280733103148,0.009197407704359008,-0.04132548101467381,-0.0354576208977756,0.006284701951612182,-0.04174232284938778,0.0075305830008144,0.021064700932378593,-0.013534117931564192,0.0148795998714014,-0.007968657403979854,0.022848257275381253,0.0449304071630275,-0.014459150613557814,0.05938955777658531,0.0441155179250406,-0.016389587470115118,0.06050510539515572,-0.0296086773278014,0.034925422879426626,-0.06453410020722802,-0.103130092783429,0.013594137242780451,-0.11672423002620945,0.0591093780687261,0.00602606918630017,0.05308330888242593,-0.135032294076136,0.03236813513095934,-0.16740042920709536,,0.05084413925185098,,-0.1235922225278268,0.04926907116208485,-0.17286129368991165,0.0425891622077584,-0.006136436470068996,0.0487255986778274,0.0382985629807714,-0.007254634274554566,0.04555319725532597,-0.0163240250611332,-0.020920185481394158,0.004596160420260956,-0.1008122497562477,-0.017489447026872273,-0.08332280272937542,-0.0781096588278502,0.036507000930879364,-0.11461665975872956,0.118239697428123,0.0072529914679632865,0.11098670596015972,0.0294652441203849,-0.007331439094467814,0.036796683214852716,0.0109658683231007,-0.021121400139824286,0.032087268462924985,0.0093740877949796,-0.02347142951325639,0.03284551730823599,-0.0017910574466944,0.016986857663046792,-0.01877791510974119,-0.1518523271205983,0.01441451308687682,-0.16626684020747512,0.036161288476608,0.009703563832374383,0.02645772464423362,0.0419329747378388,0.0072555922032134686,0.03467738253462534,-0.0046024187587238,0.02493538239028744,-0.02953780114901124,0.0573279228388164,0.0029348234636349686,0.054393099375181435,,-0.0033374473393005945,,0.0862208406890418,0.011166507271575669,0.07505433341746613,-0.0481891159873012,-0.00785722871924912,-0.04033188726805208,-0.0675835864177842,-0.010579285733034165,-0.05700430068475003,0.0369353597032575,0.010361184519874743,0.02657417518338276,0.0314852711646602,0.009525716513593558,0.021959554651066637,0.027434423112025,0.0057627510287182795,0.02167167208330672,-0.0086399336700376,-0.00790758412796706,-0.0007323495420705414
2008-08-01,0.0102566477215572,0.026534751125713775,-0.016278103404156575,,0.01546186015766848,,0.052436503835256,0.035584348349628474,0.016852155485627525,-0.0144859921020247,0.040138080441827186,-0.05462407254385189,-0.0101871371851772,0.017730783324760906,-0.027917920509938104,-0.0122997409537456,0.016006494040788345,-0.028306234994533944,-0.0156272413349713,0.02022662055630642,-0.03585386189127772,0.0131996394522314,0.006762652272513873,0.006436987179717528,0.0109075536464592,0.005466528821767253,0.005441024824691948,0.0316625448797008,0.00799094168061288,0.02367160319908792,-0.0822435359168298,0.028846216787990844,-0.11108975270482065,,0.030513301602336257,,0.0369406190491393,0.017149793880210144,0.019790825168929153,0.062006561967473,0.020423363925586042,0.041583198041886954,0.0774585514481547,0.04984844848407306,0.02761010296408163,0.0816467482798772,0.04789322339746967,0.03375352488240753,0.0638670399216602,0.019046785824280172,0.04482025409738004,0.0183547181386432,0.039088870523007524,-0.020734152384364324,0.023493072370185,0.022771751442570733,0.0007213209276142676,0.0241551061304353,0.0221697366078562,0.0019853695225791022,0.0102134151881611,-0.0003760505388545358,0.010589465727015634,0.0662972968613305,0.01925987877844985,0.047037418082880644,-0.0157767085833886,0.013606016684128336,-0.029382725267516938,0.0313305584329224,0.02278812348612251,0.00854243494679989,0.0070731448578808,0.019157386152837023,-0.012084241294956222,-0.0092005103146494,0.020527139150881432,-0.02972764946553083,0.1452634420130256,0.02133520203991299,0.12392823997311261,0.0048143523183243,0.036715334646301355,-0.03190098232797706,0.0032113655180509,0.034696364639462914,-0.03148499912141201,0.0369688401537295,0.0315416821261664,0.005427158027563099,0.0051337797214729,0.02335103741839502,-0.01821725769692212,0.025798503691151,0.007915663380840746,0.017882840310310254,0.0228928169744993,0.008465837926509297,0.014426979047990004,0.0154539857209949,0.04369043378334941,-0.028236448062354508,-0.0855071352547027,0.028166597535274507,-0.11367373278997721,0.005743392266839,0.027817879009246406,-0.022074486742407407,0.0082634854970189,0.03758348704193105,-0.02932000154491215,,0.038532507983967394,,0.0237540116185483,0.03476034114873022,-0.011006329530181921,0.021447132678087,0.007121536926029741,0.01432559575205726,0.0229418982525746,0.007074841983301053,0.015867056269273545,0.0010381889538757,-0.03210780701414105,0.033145995968016755,-0.1206939661810976,0.013387292587780191,-0.13408125876887778,0.0037703268046258,0.04889621313314339,-0.04512588632851759,-0.0192956049516394,0.03786149764786985,-0.05715710259950925,0.0330770206570822,0.025963856475714735,0.007113164181367464,0.0652253050308537,0.016900609802512994,0.04832469522834071,0.0624271648419604,0.014512234083828603,0.047914930758131795,0.0701268173277162,0.03989021409889618,0.030236603228820012,-0.0333946739049697,0.04117841234564359,-0.07457308625061329,-0.0066746151029355,0.017959591466337143,-0.02463420656927264,-0.0158549518858816,0.014383712494229674,-0.030238664380111274,-0.0541035330988887,0.0242314176764808,-0.0783349507753695,0.0064568148495994,0.02589121951754105,-0.019434404667941652,,0.02042323019552885,,-0.0023865497455358,0.024026576962380173,-0.026413126707915974,-0.0045741437111066,0.013943572765475275,-0.018517716476581875,-0.0170340227387945,0.01214557910733259,-0.02917960184612709,0.0294629015380617,0.03145305564951789,-0.0019901541114561924,0.0431113820059821,0.03303744105327678,0.01007394095270532,0.0446263024607682,0.029628650294793252,0.01499765216597495,-0.0333271290174164,0.014181442522774947,-0.04750857154019135
2008-09-01,-0.1027431073715813,-0.07613794994575754,-0.026605157425823756,,-0.05456011343323621,,0.0353895812906077,-0.09321177676368302,0.1286013580542907,-0.0984749710076083,-0.16942870917584407,0.07095373816823577,0.0622607387042964,-0.05896496085320151,0.12122569955749792,0.0606393060866021,-0.061243916539458224,0.12188322262606033,-0.0956746184664586,-0.021866206160225082,-0.07380841230623351,-0.1294594650027525,-0.11882344963235657,-0.010636015370395921,-0.1300169755362464,-0.11810542257336669,-0.011911552962879698,-0.1113579203482261,-0.1499578078069814,0.0385998874587553,-0.2183472253290737,-0.08351011699061307,-0.13483710833846063,,-0.13471160012962072,,-0.0977087850398988,-0.0674769498772339,-0.030231835162664894,-0.065672181728548,-0.10381550104878683,0.03814331932023883,-0.1091466363960698,-0.0991391299820426,-0.010007506414027187,-0.0849953512868087,-0.0953075745702449,0.0103122232834362,-0.0020174091135537,-0.04989443233219095,0.04787702321863725,-0.1889943090869598,-0.12467703606607769,-0.06431727302088211,-0.2188108389606706,-0.12570171343871728,-0.09310912552195333,-0.2208970211919873,-0.1248345050296509,-0.09606251616233638,-0.2074742696661923,-0.13063369556052787,-0.07684057410566444,-0.1662266253518324,-0.15462613557184618,-0.011600489779986234,-0.0303239978120162,-0.03761572866559709,0.007291730853580893,-0.068621494227527,-0.077698188867723,0.009076694640196004,-0.1177838348099949,-0.06702308249510948,-0.050760752314885416,-0.0397965462063509,-0.06545200001837084,0.025655453812019946,-0.0444426123000456,-0.06474621684722179,0.02030360454717619,-0.1980926806398574,-0.10837910110064304,-0.08971357953921437,-0.1978557234801811,-0.10786428880782234,-0.08999143467235876,-0.3172368908204266,-0.10797188046404087,-0.20926501035638573,-0.1236764086073851,-0.10967723338400752,-0.013999175223377583,-0.0500571647233333,-0.09093390506950294,0.04087674034616964,-0.0492527862825187,-0.08740281962428743,0.03815003334176873,-0.1402152128509304,-0.03571547267375931,-0.10449974017717108,-0.2632923929786602,-0.11829440871832772,-0.14499798426033247,-0.0718876437390948,-0.08344114752573029,0.011553503786635486,-0.1141840390379278,-0.046398890801412046,-0.06778514823651575,,-0.03890553505602159,,-0.1738216171160938,-0.06089664524276973,-0.11292497187332409,-0.05282168538686,-0.06295950180414994,0.01013781641728994,-0.0523246465245421,-0.05968387912623912,0.007359232601697019,-0.3553715478277475,-0.16685283727967024,-0.18851871054807726,-0.0463422617608811,-0.046454350586245294,0.0001120888253641969,-0.098477034474776,-0.10126850728739059,0.00279147281261459,,-0.0692187939176372,,-0.026548541744917,-0.05668220567854738,0.030133663933630376,-0.0435977294751122,-0.09929965433117971,0.05570192485606751,-0.0373733743859281,-0.09690771692396077,0.05953434253803267,-0.0286732089736952,-0.10408527346547417,0.07541206449177897,-0.2920402887149591,-0.10977314499963334,-0.18226714371532574,-0.0819770062711833,-0.08178518999675086,-0.00019181627443244642,-0.0939246903334621,-0.08270521273405655,-0.011219477599405545,-0.1129668680404069,-0.08023464626301166,-0.03273222177739524,-0.0844863580650895,-0.09002915464347108,0.005542796578381581,,-0.09646965987377493,,-0.2250113552219119,-0.11273703386649958,-0.11227432135541232,-0.0967604175929927,-0.04446502777991996,-0.05229538981307274,-0.0881277687124647,-0.042701572183376925,-0.04542619652908777,-0.0321847856630466,-0.05479339484282756,0.022608609179780963,-0.0886007077450199,-0.06711963652714503,-0.02148107121787486,-0.0760284457307325,-0.06494839751978314,-0.011080048210949364,-0.1960363488877033,-0.09380156289881775,-0.10223478598888555
2008-10-01,-0.1931858498358027,-0.21071168028652154,0.017525830450718843,,-0.1086024000807674,,-0.1643853521093527,-0.17507228415693202,0.010686932047579312,-0.3481002737066307,-0.2938556892377159,-0.054244584468914836,-0.1963625191705232,-0.21452285489532777,0.018160335724804577,-0.2013789375182988,-0.2169157935690294,0.015536856050730602,-0.1239334465951314,-0.11469104375696344,-0.009242402838167962,-0.1784815175789773,-0.1787149570179112,0.00023343943893391894,-0.1733618380941934,-0.17564184562078644,0.0022800075265930475,-0.2802947668610279,-0.2458160089713194,-0.0344787578897085,-0.2559687582925392,-0.19300660416310722,-0.06296215412943196,,-0.30378215361315963,,-0.1205227717155111,-0.1325313856762833,0.012008613960772213,-0.2028813345222036,-0.19473903865034517,-0.00814229587185844,-0.2793253878983567,-0.22959473396927788,-0.04973065392907883,-0.3244345585017192,-0.23628396311590616,-0.08815059538581305,-0.1165773880984725,-0.09747218690554883,-0.019105201192923665,-0.2156933767959319,-0.23493193102426652,0.01923855422833462,-0.1433255187007708,-0.19567479517941933,0.05234927647864854,-0.1366884332495426,-0.19125440126469523,0.05456596801515262,-0.2503509971071306,-0.2229722686350134,-0.027378728472117198,-0.377946248827624,-0.2900466397661334,-0.08789960906149064,-0.1065912735195958,-0.08042108366640587,-0.026170189853189932,-0.1248336460455915,-0.1485253100179813,0.02369166397238981,-0.3118858514473139,-0.18414772397635032,-0.12773812747096358,-0.313965529180783,-0.1830744040077892,-0.1308911251729938,-0.2432792361124971,-0.1637699693968045,-0.07950926671569261,-0.3039087792482267,-0.23152167764688728,-0.0723871016013394,-0.3002014827122698,-0.22692785021119183,-0.07327363250107799,-0.2481709101183489,-0.2519445111946564,0.0037736010763074757,-0.2290879908575905,-0.181204335448937,-0.0478836554086535,-0.1390270465560287,-0.13771410134356696,-0.0013129452124617524,-0.1335159827079872,-0.1322818896744194,-0.0012340930335678069,-0.3227717257138146,-0.11426585223001795,-0.20850587348379662,-0.4573004659935173,-0.2558122197666848,-0.20148824622683253,-0.1285966320130357,-0.16995777002250081,0.041361138009465115,-0.1907198022072964,-0.1800696483257482,-0.010650153881548191,,-0.19912744896535065,,-0.3533105986502949,-0.23562902426806426,-0.11768157438223065,-0.0723452603318149,-0.10154912658313289,0.02920386625131799,-0.0677372299429987,-0.09643411993133917,0.028696889988340468,-0.0305508090634726,-0.2289540521859383,0.1984032431224657,-0.3838772462574793,-0.06713766290114317,-0.3167395833563361,-0.3362094037852937,-0.2693602000695544,-0.06684920371573927,,-0.1692940163138883,,-0.1016396496430863,-0.11665690621020465,0.015017256567118345,-0.143996350772465,-0.15198959441758947,0.007993243645124465,-0.1193383194682324,-0.14356626295117456,0.02422794348294216,-0.3599118207608205,-0.2564177252100876,-0.10349409555073291,-0.2462079853540992,-0.2526733716632969,0.006465386309197685,-0.2596134581669999,-0.1854145207475128,-0.07419893741948708,-0.2427794205062487,-0.18093406228248815,-0.061845358223760555,-0.3032431028166693,-0.2111747419346152,-0.09206836088205408,-0.150911909174488,-0.1919866264862965,0.041074717311808506,,-0.19248079964889006,,-0.3373728843270454,-0.25345731005374317,-0.08391557427330221,-0.122803522825102,-0.08802921452521442,-0.03477430829988758,-0.1203146506333493,-0.08051093930772692,-0.03980371132562238,-0.0613607318671684,-0.13080724259193152,0.06944651072476313,-0.1856917629967691,-0.15374183097958763,-0.031949932017181465,-0.1742361598315775,-0.14302025697605764,-0.031215902855519867,-0.2967184339645813,-0.1820369838219041,-0.1146814501426772
2008-11-01,-0.1267141935665461,-0.12869470983891196,0.0019805162723658676,,-0.038257338386881355,,-0.1133137312651998,-0.05492954310503927,-0.05838418816016052,-0.0933009779929767,-0.14749155199651134,0.05419057400353465,-0.1984953910372908,-0.1703505730857808,-0.02814481795151,-0.2052296769462834,-0.1710616717979321,-0.034168005148351305,-0.0901647799358195,-0.10580868304686784,0.015643903111048338,-0.0975591117185163,-0.06867669479901016,-0.028882416919506146,-0.1025117062087637,-0.06422947846384683,-0.038282227744916866,-0.1697039590119989,-0.15352774326532054,-0.016176215746678352,-0.2028030464535304,-0.09539421018181311,-0.10740883627171728,,-0.20196010705142636,,-8.527288217025401e-05,-0.04373172900218802,0.04364645612001777,-0.0768378161151657,-0.08830225002830802,0.011464433913142322,-0.0674122658895064,-0.11580405909605021,0.04839179320654381,-0.0190958604836749,-0.12848773064976432,0.10939187016608942,-0.0169978476975943,-0.01211908075213273,-0.0048787669454615715,-0.0278045065964903,-0.11135023851440332,0.08354573191791301,-0.1529348886742677,-0.06160092019085703,-0.09133396848341066,-0.1484435642344204,-0.05594236146614952,-0.09250120276827088,-0.2412746161660768,-0.13834491425973078,-0.10292970190634601,-0.2981853970316466,-0.1714448414279868,-0.1267405556036598,-0.0415048548652049,-0.01596871114491736,-0.025536143720287542,-0.0840730326470129,-0.0677874218695845,-0.01628561077742839,-0.0885850048943297,-0.11560987515734848,0.02702487026301878,-0.0924757724115086,-0.11354325427773837,0.021067481866229767,-0.1520988280741482,-0.11969969901808493,-0.03239912905606328,-0.0642674577445717,-0.11371759895847885,0.04945014121390716,-0.0540296136019475,-0.10755593351228597,0.05352631991033847,-0.3017082899323895,-0.17375217194436376,-0.12795611798802575,-0.0429438519657375,-0.07321594950003749,0.030272097534299984,-0.1396042919932006,-0.047566803356646314,-0.09203748863655428,,-0.0396783757106083,,,-0.05657213143836671,,-0.1448841139816125,-0.13374117088494583,-0.011142943096666663,-0.0344408047099217,-0.08189955600108727,0.047458751291165564,-0.0003890189836453,-0.10458845224522047,0.10419943326157517,,-0.13719683215112163,,-0.2688241787901118,-0.18574034528691305,-0.08308383350319873,-0.0598869297606863,-0.034704517234259,-0.0251824125264273,-0.0563975989330938,-0.028946096103848823,-0.027451502829244974,-0.2406259079241169,-0.17870050270623553,-0.06192540521788137,0.3023297430094815,0.015467084296461387,0.28686265871302014,-0.2179980408701828,-0.17595078796686242,-0.04204725290332037,,-0.07832245114457827,,-0.0433258381340688,-0.03563790856769543,-0.007687929566373375,-0.0661530537797912,-0.04725485823016604,-0.01889819554962515,-0.0535122063901301,-0.04083677858277907,-0.01267542780735103,-0.2178222159247163,-0.16579257763239522,-0.05202963829232107,-0.1243535427072977,-0.1308285985338617,0.006475055826563991,-0.1802819180527384,-0.1088296621836342,-0.07145225586910421,-0.1708273888464697,-0.10457173432820291,-0.06625565451826679,-0.2308495816490663,-0.14511927709822994,-0.08573030455083636,-0.0924290148691464,-0.09218662680475097,-0.0002423880643954296,,-0.08886273885076985,,-0.2481982807407751,-0.15609645476571063,-0.09210182597506447,-0.0030282156513554,-0.02044086306447472,0.01741264741311932,0.0195728414444566,-0.012241745799370738,0.03181458724382734,-0.0747233593284023,-0.06545914764049697,-0.009264211687905324,-0.1036214840677359,-0.069822697309796,-0.0337987867579399,-0.1005295803584025,-0.05993192062344842,-0.04059765973495408,,-0.10321565265317925,
2008-12-01,0.0032739984495683,0.020939156872700652,-0.017665158423132352,,0.010570048745548382,,-0.011040911110686,0.024070840258275862,-0.035111751368961865,-0.0029800405600355,0.06160033782520756,-0.06458037838524305,-0.0400180691037202,0.022282174056303648,-0.06230024316002385,-0.0441405687128588,0.020987626063835644,-0.06512819477669445,-0.0728733064759542,0.020395701232390876,-0.09326900770834508,0.0234712389313228,0.019114141284441673,0.004357097646881126,0.0190334906264796,0.01739541216087679,0.001638078465602811,0.0520933291089735,0.02355720062575643,0.028536128483217068,0.0377579288192386,0.021042797345596546,0.01671513147364205,,0.03249906126863096,,0.0228229051264074,0.003294528224646879,0.01952837690176052,0.0137626624754229,0.02168038102939753,-0.00791771855397463,0.1036591973510817,0.04517014311015856,0.05848905424092314,0.0259866591810228,0.04231033547545337,-0.01632367629443057,-0.0262420805659664,0.00023020548992988988,-0.02647228605589629,0.0964988493542006,0.04251276577594517,0.05398608357825543,0.0271068484957957,0.029816407279105114,-0.0027095587833094147,0.0258705682807343,0.02880301418290497,-0.0029324459021706703,-0.0226179858920665,0.00989085604487071,-0.03250884193693721,0.0857386363166603,0.042551327172374,0.043187309144286305,0.0212037570242693,-0.0023671069959315836,0.023570864020200883,0.0184582751438345,0.017567837985017463,0.0008904371588170368,0.1095027340570281,0.01566429472197742,0.09383843933505068,0.1029787482212916,0.01597582285541066,0.08700292536588095,0.0947120345407027,0.025818388754208384,0.06889364578649432,0.0567522175742742,0.03321262650613613,0.02353959106813807,0.0548214144353409,0.03084742132953195,0.02397399310580895,0.0098092674542861,0.03159363946827388,-0.02178437201398778,-0.0052191821814806,0.02760563949601104,-0.032824821677491636,0.0408023458950662,0.009176635386012447,0.03162571050905375,,0.006995400082737416,,,0.02699092160714007,,0.0781369063816413,0.0230741657251629,0.0550627406564784,0.0272427010743489,0.02603907595876524,0.0012036251155836605,-0.035241296908659,0.015064083021457786,-0.050305379930116786,,0.017077090950107003,,0.016395138497788,0.023346274549052713,-0.006951136051264715,0.0921160544114107,0.005833001445575865,0.08628305296583483,0.089057188915064,0.004057764812153621,0.08499942410291038,0.3858109068521003,0.0034369017292878203,0.38237400512281244,0.2660586647454411,-0.005826362113760981,0.2718850268592021,0.0575898422187494,0.0539520565353368,0.003637785683412602,,0.025742499915032614,,0.0927963136698205,0.01794311222505051,0.07485320144476998,0.0355865257887027,0.021502343314223883,0.014084182474478818,0.0321716495578491,0.01993680997415129,0.012234839583697806,0.0124486529360081,0.03029786266399166,-0.01784920972798356,0.1478527322016168,0.03338059085987492,0.11447214134174187,0.0801678353530226,0.0208713804620162,0.059296454891006406,0.0608126492412649,0.018558616697763416,0.042254032543501484,-0.0218451537819169,0.020667997930556074,-0.04251315171247297,0.0063946211018205,0.020689494500973682,-0.014294873399153182,,0.01677074062626202,,0.133095494573594,0.013473353353894362,0.11962214121969962,-0.0084511897509094,0.001882781221029542,-0.010333970971938942,-0.0043569785004461,-0.0007503746597343503,-0.00360660384071175,0.0251062079242185,0.021850922117719638,0.003255285806498861,0.0487323789853434,0.024915611992666238,0.02381676699267716,0.0443020619234838,0.021674279948396158,0.022627781975087642,,0.012577865253026111,
2009-01-01,-0.1727010551773255,-0.1569800521248665,-0.01572100305245902,,-0.05626961584360021,,-0.1260241686479296,-0.0797512370497838,-0.046272931598145786,-0.0982991700413039,-0.10065222773448845,0.002353057693184557,-0.2367829486477243,-0.1886949119151878,-0.048088036732536504,-0.2350702890669186,-0.18953065924126197,-0.045539629825656625,-0.0712442040194061,-0.11012569425215578,0.038881490232749685,-0.0056890772784772,-0.05115204578442439,0.045462968505947186,0.0034679292912441,-0.04925404809767719,0.05272197738892129,-0.1378585811860901,-0.10027691833132933,-0.037581662854760764,-0.032024207251295,-0.12228755555267522,0.09026334830138022,,-0.19212988446704465,,-0.0987082159092092,-0.07371941552923784,-0.02498880037997135,-0.0572113307314422,-0.09303625396832084,0.035824923236878636,-0.1070587115934133,-0.12941583865825732,0.02235712706484401,-0.1426969121285466,-0.14676977314836215,0.004072861019815549,-0.1060008868016846,-0.05558930300675091,-0.050411583794933684,-0.1356923189094531,-0.09932149103546362,-0.036370827873989486,-0.0204255029106472,-0.05420877797690864,0.033783275066261435,-0.0155803417118305,-0.05013332083876735,0.03455297912693685,-0.157256642986676,-0.1069431459055582,-0.05031349708111779,-0.1700864277392114,-0.13326531734565084,-0.03682111039356056,0.0005207672439408,-0.05089840473274801,0.05141917197668881,-0.0473452020452711,-0.06795983265543287,0.02061463061016177,-0.1406455469200415,-0.13847840538718342,-0.0021671415328580745,-0.1332612991310574,-0.138934929822702,0.0056736306916446155,-0.1890468444029975,-0.10899406324750027,-0.08005278115549722,-0.1275868591984233,-0.12610025567934266,-0.0014866035190806426,-0.1293790080785461,-0.12202430018504933,-0.0073547078934967786,-0.1137351635912861,-0.16601029476089577,0.05227513116960966,-0.0332233477543693,-0.05917211859234446,0.025948770837975157,0.0421991999740481,-0.04112966101784507,0.08332886099189317,,-0.040263285303383786,,,-0.07402868598769423,,-0.1274252319628024,-0.15039527191725027,0.02297003995444788,-0.0457672532014199,-0.08508329140661677,0.03931603820519687,-0.0440118541721964,-0.16136439167516506,0.11735253750296866,,-0.19656771829173902,,-0.1903622631942538,-0.2173675554080215,0.027005292213767684,-0.0671392165173932,-0.03525443086813883,-0.03188478564925437,-0.0695571391192493,-0.034203307966257895,-0.0353538311529914,0.2732999228803255,-0.0741257342147102,0.3474256570950357,0.0108702572162409,-0.019466740723236092,0.030336997939476994,-0.1194112877318867,-0.1768663726106096,0.05745508487872292,,-0.10759605876634347,,-0.0656138586241791,-0.05930125305095228,-0.006312605573226812,-0.1080321329703857,-0.040683030599472626,-0.06734910237091307,-0.1119988653742805,-0.033803891131943216,-0.07819497424233729,-0.2189661892885891,-0.18010243739723325,-0.03886375189135585,-0.0628194363257358,-0.15373933077383806,0.09091989444810225,-0.1165111522209066,-0.11468519945531018,-0.0018259527655964253,-0.1042759777797381,-0.10846386367617684,0.004187885896438745,-0.1048603432137148,-0.1551913611534329,0.0503310179397181,-0.1675712347313605,-0.10994653090355296,-0.05762470382780756,,-0.10405496260781238,,-0.023402023368869,-0.1718935037458087,0.1484914803769397,-0.0081030981940527,-0.04881034763423754,0.04070724944018484,-0.0152199697507006,-0.04268689538794688,0.02746692563724628,-0.03388005761611,-0.07950115790583936,0.04562110028972936,0.0141239154753785,-0.08757389119845743,0.10169780667383593,0.0236321007228891,-0.07818661045178175,0.10181871117467085,,-0.10456398960748323,
2009-02-01,-0.2355092052883208,-0.155291470258549,-0.08021773502977181,,-0.06784662668213831,,-0.0979928999233365,-0.09940658517003059,0.0014136852466940936,-0.0603203288748745,-0.1434605864622819,0.08314025758740741,-0.1490606639126368,-0.17366896875209675,0.024608304839459944,-0.1484444936269965,-0.17544873019609694,0.027004236569100448,-0.1204740665365307,-0.09372278796078312,-0.026751278575747578,-0.0463368199013388,-0.08808711413807407,0.04175029423673528,-0.0429554890237052,-0.08664443421011904,0.04368894518641384,-0.1010387324693982,-0.13076539630423306,0.02972666383483487,-0.015649756160964,-0.12968697264218756,0.11403721648122356,,-0.20027354439098022,,-0.0808101398480485,-0.08725069398111521,0.0064405541330667115,-0.0907839096905664,-0.11499906591024779,0.024215156219681386,-0.1086383546658244,-0.14005531324283985,0.031416958577015444,-0.1343197162419057,-0.1524976666605315,0.0181779504186258,-0.1092303749913147,-0.06559623114810656,-0.04363414384320814,-0.1606956617912929,-0.12666733049761514,-0.03402833129367777,-0.0500665764648703,-0.0934503740354687,0.043383797570598404,-0.0435562659923909,-0.0900949105245104,0.04653864453211949,-0.1813032303574772,-0.1312776255362142,-0.050025604821263,-0.2645034462706291,-0.1651908477502368,-0.09931259852039231,-0.1038569952204623,-0.058151248557797165,-0.04570574666266513,-0.0554033141426292,-0.08574300293390343,0.030339688791274223,-0.2349453187791595,-0.13724421986163562,-0.09770109891752388,-0.249997268596286,-0.13709859428809523,-0.11289867430819076,-0.256146353402006,-0.10889509375178566,-0.14725125965022032,-0.1289561042400139,-0.1428838395878346,0.013927735347820686,-0.1236096680622947,-0.1400088958607708,0.016399227798476107,-0.1982369201496955,-0.1660808667598392,-0.032156053389856276,-0.103718211544831,-0.09032003802235783,-0.013398173522473175,-0.1360736168669958,-0.07036464061062433,-0.06570897625637145,,-0.06876111601134345,,,-0.07409913154139114,,-0.070449576201205,-0.16793982218094142,0.09749024597973642,-0.0885678147404346,-0.10024964746393383,0.011681832723499236,-0.1178183178468232,-0.1479861719378265,0.03016785409100331,,-0.17358595075172967,,-0.2028913247887626,-0.19197127533420058,-0.010920049454562014,-0.1319687327392249,-0.05553403245498941,-0.07643470028423549,-0.1321231696558579,-0.053810527085655535,-0.07831264257020237,-0.1806118912106565,-0.11288828036588679,-0.0677236108447697,-0.0903801818428599,-0.03807529342172368,-0.05230488842113622,-0.2396044339302576,-0.17684899996820028,-0.06275543396205732,,-0.11132709033465515,,-0.0753483399131336,-0.06987591502842437,-0.005472424884709226,0.0086790565635695,-0.07205366771616391,0.08073272427973341,0.0074432518596582,-0.0660286673066988,0.07347191916635701,-0.1647732806531047,-0.17491432241069158,0.010141041757586872,-0.0963011752157388,-0.16466583149865155,0.06836465628291274,-0.0822470331364059,-0.1233845535516878,0.0411375204152819,-0.0513466152078354,-0.11942369625561056,0.06807708104777516,-0.2750718316174412,-0.15163550093377612,-0.12343633068366508,-0.0712996182318466,-0.12320872841528485,0.051909110183438245,,-0.12142328350149385,,-0.174885609637149,-0.17562417301817285,0.000738563381023849,-0.1123923166378448,-0.058543843514141776,-0.05384847312370302,-0.1047522286239819,-0.05353133474922661,-0.051220893874755286,-0.1286972813562689,-0.08265602324422995,-0.04604125811203895,-0.0821575825427815,-0.09622000676799784,0.01406242422521635,-0.0769243244954278,-0.08856337041864858,0.011639045923220778,,-0.11484222704657919,
2009-03-01,0.1150316761725779,0.12251038680595516,-0.007478710633377267,,0.06060276416831292,,0.1484493398039198,0.0697805192420017,0.07866882056191811,0.1246847849943527,0.15200662453872274,-0.027321839544370036,0.1777377135589581,0.1510837992919911,0.026653914266967005,0.1836783748532959,0.1534579972818387,0.030220377571457208,0.044362645980591,0.06622172299859053,-0.021859077017999523,0.085573226521537,0.0976731870186007,-0.012099960497063703,0.0837947463515314,0.09759923216891116,-0.013804485817379752,0.1454312187719915,0.0746510100795694,0.0707802086924221,0.0773593604485156,0.09673020496486733,-0.019370844516351723,,0.1290928860631611,,0.0447172728466104,0.05653945806298635,-0.01182218521637595,0.1265740900383119,0.1003366068973775,0.02623748314093441,0.150402784538579,0.1147226192514597,0.0356801652871193,0.1345786635992111,0.12139838838626885,0.013180275212942266,0.0031845886678433,0.034356511351704276,-0.031171922683860976,0.0788843299496423,0.1125008511386238,-0.03361652118898151,0.1705587234425793,0.1040401118324017,0.06651861161017761,0.1690403243219471,0.10218876991445142,0.06685155440749568,0.1354802227520376,0.0775480194025804,0.057932203349457215,0.0835221185931009,0.16737910215476323,-0.08385698356166234,0.0226484490608331,0.03441833775664647,-0.011769888695813368,0.0470983048750875,0.06540036172746494,-0.018302056852377437,0.1180360446887738,0.10985768475837741,0.008178359930396381,0.1246945395035031,0.10944387375810391,0.015250665745399183,-0.1128062038241232,0.07961764051533333,-0.19242384433945653,0.1097391122177547,0.11905821378764171,-0.009319101569887009,0.1167083082844633,0.11862345424229954,-0.0019151459578362479,0.1962621333950587,0.08811355673207141,0.1081485766629873,0.0710157768920942,0.0859653349035347,-0.014949558011440489,0.026640988199758,0.06487549573161941,-0.03823450753186141,,0.062062756278510954,,,0.04678680511399332,,0.2386812737094098,0.13547770179926827,0.10320357191014154,0.0346685204543593,0.08365507035082936,-0.04898654989647006,0.0460193379746766,0.09391179657781218,-0.04789245860313558,,0.11755201030754119,,0.2632733554754215,0.10883710253245615,0.15443625294296537,0.087522478520914,0.05388996758778917,0.033632510933124825,0.0878871068183774,0.05195726135328655,0.03592984546509085,0.1030362154082978,0.04809515252540711,0.05494106288289069,0.0902577092005448,0.019596293797247092,0.0706614154032977,0.1549341805011369,0.15060392639667336,0.004330254104463527,,0.0744191898427594,,0.0759795516669761,0.05750281547147237,0.01847673619550374,0.1148268510894147,0.07681018202777946,0.03801666906163524,0.1095370950238767,0.07525392989417157,0.034283165129705126,0.206616497216213,0.07855514456541525,0.12806135265079777,0.1786717392960796,0.1252375415204825,0.0534341977755971,0.1491483579026408,0.10734889534063106,0.04179946256200974,0.1704276510620177,0.10805130762748323,0.06237634343453448,0.1353956455570345,0.09600968441277283,0.03938596114426168,0.107053536762349,0.09747461691845484,0.009578919843894154,,0.09766362506198961,,0.0650951495378959,0.08447340016570618,-0.019378250627810276,0.0185885634715783,0.0402568299143425,-0.0216682664427642,0.0245348749987268,0.03703057134825367,-0.012495696349526866,0.0800871735993738,0.04705884492267563,0.033028328676698165,0.019649935707149,0.07510536332301439,-0.05545542761586539,0.0035828119035655,0.07170325258214463,-0.06812044067857913,,0.05812334859545839,
2009-04-01,0.2141788206804734,0.1478379171474445,0.0663409035330289,,0.07085962488648823,,0.1821318629291698,0.13023962334809253,0.051892239581077276,0.4819886985089928,0.19170079676323024,0.2902879017457626,0.2190902337305895,0.14480723369957052,0.07428300003101898,0.2254198594107997,0.14300853890751106,0.08241132050328864,0.0269915764073058,0.09743576400533513,-0.07044418759802933,0.1338626483448891,0.08305029157320473,0.05081235677168436,0.1341341625113993,0.07904123046544767,0.05509293204595164,0.1269182332945059,0.12639395321568325,0.0005242800788226587,0.1513787219731956,0.13649781416217796,0.01488090781101764,,0.20015028127956389,,0.0736566139291213,0.0848240398804948,-0.011167425951373502,0.1458780011565488,0.11867857051480557,0.02719943064174324,0.1756263552305542,0.1858933766133255,-0.010267021382771302,0.2692523263826486,0.18903334306669214,0.08021898331595648,0.0853355392357611,0.06940888650834967,0.015926652727411422,0.2605498853827049,0.16600902208781698,0.09454086329488792,0.1482114592505176,0.11354280528842367,0.034668653962093926,0.1359352061687965,0.10976776060864417,0.02616744556015234,0.0925040425431779,0.10413257320211264,-0.011628530658934738,0.5874069631488047,0.16462737694368584,0.42277958620511885,0.0137324425755165,0.05528447071234306,-0.04155202813682656,0.1615332379425621,0.10202666641112011,0.059506571531441996,0.2135087597636469,0.1231279945287992,0.09038076523484768,0.2632524317136085,0.12473225536849473,0.13852017634511377,0.0136016632500339,0.11704682022308492,-0.10344515697305103,0.2221037584782966,0.1648354551986335,0.05726830327966312,0.2126256880439944,0.15866017574919947,0.05396551229479493,-0.0363627305350836,0.17740952785779995,-0.21377225839288355,0.1161807214013713,0.11267171997599446,0.0035090014253768426,-0.0009899714738406,0.06792055387671556,-0.06891052535055615,,0.06578151264237789,,,0.12391980535523289,,0.3149769523664293,0.16529999774121415,0.14967695462521516,-0.0059694051157806,0.12081329543138815,-0.12678270054716875,0.0568262558741427,0.153186626042084,-0.0963603701679413,,0.17017621200946811,,0.1332358504445033,0.18565869911680927,-0.052422848672305955,-0.0357175270997964,0.05233131980857709,-0.08804884690837349,-0.0377568603103831,0.04962151909306786,-0.08737837940345096,0.0504544735098828,0.0571175669930634,-0.006663093483180595,-0.1053095341469523,0.04219714727602518,-0.14750668142297746,0.5412010792479105,0.2118713017771878,0.3293297774707227,,0.13903013453868185,,0.0766869339800167,0.0902512249688064,-0.013564290988789696,0.0690033897826015,0.08637089297925511,-0.017367503196653616,0.0506675289976694,0.07793748324195354,-0.02726995424428414,0.4004236957884433,0.19291371697654294,0.20750997881190034,0.1613763862257347,0.18495950965010757,-0.02358312342437288,0.1398494049790683,0.1174535784186371,0.02239582656043121,0.1198597555240045,0.10882986903467233,0.011029886489332175,0.2442099346434005,0.1468323870690103,0.09737754757439018,0.1516248067425047,0.12947181963579535,0.02215298710670935,,0.11959956083619702,,0.2017343639908134,0.1643417715015558,0.03739259248925761,0.0238712623502307,0.05850241262977816,-0.034631150279547454,0.0106866471062485,0.05120984916417911,-0.04052320205793061,0.0052237464586211,0.11107328649755392,-0.10584954003893282,0.1177883735024998,0.12253039874931243,-0.004742025246812637,0.0962599676434695,0.11092011883636199,-0.01466015119289249,,0.10853398954543601,
2009-05-01,0.0774371706035422,0.05983516340755446,0.017602007195987743,,0.03953253326558086,,0.0704921667498181,0.03528558631142831,0.0352065804383898,-0.0095930805695704,0.07923364944375093,-0.08882673001332132,0.1565023704988561,0.07578008585165205,0.08072228464720405,0.1657037081392725,0.0783639691999482,0.08733973893932429,0.0126199528862106,0.016803200786334755,-0.004183247900124155,0.043427557882187,0.06792985092005777,-0.024502293037870763,0.0435509205851215,0.07027834431032982,-0.026727423725208324,0.054533976402419,0.007111757397048036,0.04742221900537096,0.1574467615645465,0.048013210259796026,0.10943355130475049,,0.03269491523172698,,0.0140826967168495,0.029058790490160982,-0.014976093773311482,-0.0283721774499071,0.05676809143344954,-0.08514026888335664,-0.014938833560556,0.051060409104409885,-0.06599924266496589,-0.0308593350519576,0.05283042043810205,-0.08368975549005965,0.0438878036519457,0.021640494258641563,0.02224730939330414,-0.0036081174696148,0.05190603453304259,-0.05551415200265739,0.0422867540794258,0.07213556032587358,-0.029848806246447777,0.0413583226040053,0.07297082017181855,-0.03161249756781325,0.1215028731491166,0.018493624102212693,0.10300924904690391,0.0523707746283973,0.09085226831929785,-0.03848149369090055,0.086322809171646,0.019890579086879648,0.06643223008476636,-0.0159995837377315,0.02423893913294616,-0.040238522870677654,0.1181104511151245,0.0549836627895023,0.0631267883256222,0.128937624195209,0.05500101854850612,0.07393660564670287,0.0189626567279,0.023139154152791035,-0.004176497424891037,0.0229069174960119,0.058346788837498095,-0.0354398713414862,0.0240401924537897,0.0610180967791703,-0.0369779043253806,0.0230452117073414,0.006975607632631605,0.016069604074709795,0.0178665915163522,0.04577218092650765,-0.02790558941015545,0.0556007730036091,0.03885470882228302,0.016746064181326077,,0.03906238374365646,,,0.0021511634566529804,,0.2388254872465973,0.06579618575166594,0.17302930149493134,-0.0203766979023694,0.03914703567661536,-0.05952373357898476,0.1288809105984849,0.03468077686676901,0.09420013373171587,,0.043749453282282164,,0.1348448719770894,0.020191946275657128,0.11465292570143226,0.0774227144284424,0.03335245989039698,0.04407025453804542,0.0752355911007266,0.033756987186310004,0.041478603914416594,0.0934167608150023,-0.016510838980169383,0.1099275997951717,0.2994830472665111,0.0159803977849126,0.2835026494815985,0.0516757511309716,0.06437921251730531,-0.012703461386333714,0.0035147024702595,0.030122846157168606,-0.026608143686909107,0.062677354446677,0.03551789056075333,0.027159463885923676,-0.0240539850822089,0.052059783260543696,-0.0761137683427526,-0.0263770098053506,0.05414869266952841,-0.080525702474879,0.0031685017984632,-0.0009176386135743562,0.004086140412037556,0.0548035516418064,0.05604455463854809,-0.0012410029967416941,0.1341080573958392,0.0565537577192429,0.0775542996765963,0.1661905053320982,0.05985249385053096,0.10633801148156724,0.1402484979435175,0.027017397647422794,0.11323110029609472,0.0167873627870372,0.04955207899167519,-0.03276471620463799,,0.0527002503656394,,0.0446803882320872,0.009347031585549014,0.03533335664653818,0.0518865965015728,0.025142140894898333,0.026744455606674464,0.0780142706724943,0.025601282626149954,0.05241298804634435,-0.0668298836713439,0.008899909248030507,-0.07572979291937441,0.036021356510149,0.03397235584793894,0.00204900066221006,0.0365829552625256,0.03561577644256225,0.0009671788199633463,-0.0374624493553494,0.012262937089666217,-0.04972538644501562
2009-06-01,-0.0799406804396301,-0.011076369129908527,-0.06886431130972157,,-0.0010704157168302817,,-0.049944868916803,0.004912930923775839,-0.054857799840578834,0.0792080500450244,0.036388474708145505,0.0428195753368789,-0.0177253615375312,-0.018590378689748315,0.0008650171522171166,-0.0174393463629441,-0.019399674911340415,0.0019603285483963152,-0.0666869643942848,-0.006586712922246009,-0.06010025147203879,0.024195697379107,0.011157219710469762,0.013038477668637239,0.0248788223530685,0.00974512889699679,0.01513369345607171,0.030693884466752,0.013952318299741385,0.016741566167010613,-0.1064624667359377,-0.006038384185368219,-0.10042408255056949,,0.0009054339675344427,,-0.0130078862267357,-0.003591549634288754,-0.009416336592446945,0.0528286342014353,0.004238196826519644,0.048590437374915654,-0.0009526222094731,0.010930007034570853,-0.011882629244043954,-0.0194176239137658,0.005654353064685751,-0.02507197697845155,0.0056241230509563,-0.009013511639113929,0.014637634690070228,0.0150357920973994,0.022792907567424636,-0.007757115470025236,0.0378358862878381,0.017018602021377685,0.020817284266460415,0.0373228772553865,0.01658835553378738,0.02073452172159912,0.0460288020116201,0.0011005942349579575,0.04492820777666214,-0.098356178104595,0.016979571277624755,-0.11533574938221976,0.0223066481975488,-0.005983554992678626,0.028290203190227424,0.052341517750405,0.014454029776028532,0.037887487974376466,-0.0445885879205806,-0.011209624455951112,-0.033378963464629485,-0.0555755073667599,-0.01147108992295307,-0.04410441744380683,-0.0283850056980495,0.0028658954909969617,-0.031250901189046464,-0.0057032709685716,0.007953463620378505,-0.013656734588950104,-0.0004297133483783,0.007034289214621633,-0.007464002562999933,-0.0894868736999255,-0.003959455284149768,-0.08552741841577573,0.0410864235385205,0.020184024394975644,0.02090239914354486,0.0409996592897604,0.011616113345915627,0.02938354594384477,0.0385760493007997,0.009447891002660344,0.029128158298139355,0.0740172437376543,0.018016316398364023,0.05600092733929027,-0.0319077736937132,0.002946844039052189,-0.03485461773276539,0.0988917286212295,0.009801484866736243,0.08909024375449326,-0.0540174908400121,-0.015503774642973298,-0.038513716197038805,,-0.019649085604218998,,-0.1120844920844467,-0.02267325685407864,-0.08941123523036805,0.0270880437276627,0.008389203313309633,0.018698840414353067,0.0234227920792942,0.006798504893458897,0.016624287185835303,0.0106630771574546,0.010448116591897446,0.00021496056555715334,-0.1366465122655784,0.0016748137265451748,-0.13832132599212357,0.0622954481416358,0.00635094426531468,0.05594450387632112,,-0.0018443439461285945,,-0.0242182383597822,0.00028944550390699403,-0.024507683863689195,-0.0092928335444821,0.013391376962622409,-0.022684210507104507,-0.0082722012150319,0.013150470676061288,-0.02142267189109319,0.0275180106436277,-0.01214626668520073,0.03966427732882843,0.0280902131242563,0.0017975821141076483,0.02629263101014865,-0.0126169617202376,-0.0022844541180232873,-0.010332507602214313,-0.0115912862711108,-0.0018344426102398865,-0.009756843660870913,0.06882761732386,-0.008712625759703156,0.07754024308356317,0.0016071610780592,3.283817381431754e-05,0.0015743229042448823,,-0.0006024283543588956,,-0.1235504725412752,-0.013058697790116636,-0.11049177475115857,0.0369299578100982,-0.004048699570822331,0.04097865738092053,0.0237237822618398,-0.004519473374478303,0.0282432556363181,0.0631291968780799,0.0036132117841026087,0.05951598509397729,-0.0154407698123037,0.005975954511427107,-0.021416724323730808,-0.021912646780639,0.005606359806246162,-0.02751900658688516,-0.0407664229321589,-0.008248743379023257,-0.03251767955313564
2009-07-01,0.0922105492799037,0.11405952407402406,-0.02184897479412036,,0.057066907896138656,,0.1136877236726563,0.08438375245256963,0.02930397122008667,0.2263023250027362,0.10844045164407885,0.11786187335865735,0.1138602300666496,0.11471519851224343,-0.0008549684455938372,0.1150637753473644,0.11531535936464271,-0.0002515840172783168,-0.0024558308316449,0.05890120960153125,-0.06135704043317615,0.0566342090566676,0.060775977999059,-0.004141768942391398,0.0556316588532188,0.05979081615393755,-0.004159157300718745,0.0675223921009909,0.06117973955201782,0.0063426525489730795,0.119235129312791,0.0966759546142173,0.0225591746985737,,0.12847056128620446,,0.0765463680618958,0.07636363780490128,0.00018273025699451495,0.1443944852791741,0.08593147250384865,0.05846301277532544,0.1206159655151917,0.11513828960751066,0.005477675907681043,0.1677097205176915,0.12141977297582462,0.04628994754186688,0.097597526419423,0.05959821727749203,0.03799930914193097,0.1856454728164451,0.10575262392597234,0.07989284889047277,0.1117958662680284,0.07729806519942574,0.03449780106860266,0.1122387655966478,0.07536569002518682,0.03687307557146098,0.0781074686804898,0.06399035795230985,0.014117110728179949,0.1740330827621279,0.11009238230174559,0.0639407004603823,0.0744035147818131,0.05765426955375759,0.016749245228055515,0.049343843094514,0.08098074684339572,-0.03163690374888172,0.1558478979254958,0.09841132990562464,0.05743656801987117,0.186042381646909,0.09962899954802876,0.08641338209888025,0.072911660501635,0.06935168224127859,0.0035599782603564084,0.1665478476566641,0.11631197104792017,0.05023587660874394,0.1748338975730034,0.11510331967748703,0.059730577895516376,0.1280685862482017,0.09217522779703234,0.03589335845116935,0.0726285827994209,0.07746057288379257,-0.004831990084371671,0.0171835973292204,0.06079315808449966,-0.04360956075527926,0.0149290731391046,0.06167272435784921,-0.0467436512187446,0.0945723729009714,0.09076052259391458,0.003811850307056816,0.3105291931070916,0.1357529203812679,0.1747762727258237,0.0547024103230329,0.08279019665874861,-0.02808778633571571,0.0512005830473883,0.12376532598688125,-0.07256474293949294,,0.1421719772470078,,-0.026350359789839,0.12146780223947848,-0.14781816202931747,0.0711097344286333,0.053369059381525724,0.01774067504710758,0.0708192141421923,0.05353727201955725,0.017281942122635056,0.1103227214820095,0.007280157706209495,0.10304256377580001,0.0498058261081324,0.05439340794488799,-0.004587581836755589,0.1255377190830646,0.12717969568903092,-0.0016419766059663221,,0.08836337554660861,,0.0188186152189139,0.060134429481304784,-0.04131581426239088,0.0767725664373618,0.05910047295530099,0.017672093482060808,0.0700481747679828,0.05469734665953748,0.015350828108445312,0.1301176145348701,0.09832372599011929,0.03179388854475082,0.0315748853231039,0.1294103305109532,-0.09783544518784928,0.061579028662262,0.08671601802151158,-0.025136989359249573,0.0521050083865347,0.08437693865834717,-0.032271930271812466,0.0985464472337715,0.09740714381583153,0.0011393034179399686,0.1036221206168811,0.09607544306336105,0.007546677553520051,,0.09257685235123883,,0.0697399788463539,0.10692632771280196,-0.03718634886644806,0.0449111364787714,0.05444006371203162,-0.009528927233260216,0.0367908970484204,0.05232067792705843,-0.01552978087863803,0.0448892190476278,0.0660149001400157,-0.021125681092387896,0.0954375241021582,0.08478168581067173,0.01065583829148646,0.1055495004379306,0.08009022629250974,0.02545927414542086,,0.0583499475815217,
2009-08-01,0.0694109868841407,0.07808931402350525,-0.008678327139364547,,0.024438904025130128,,0.0119926998315256,0.008428752138111548,0.0035639476934140515,-0.0260212302124527,0.01603260940957469,-0.04205383962202739,0.097707425906908,0.10852553355760715,-0.010818107650699155,0.1019332108719658,0.11027705647475573,-0.008343845602789932,0.0194282032466554,0.04708728401151478,-0.027659080764859383,0.0204078432570803,0.012120181950035976,0.008287661307044324,0.0218450769859522,0.012172899152896611,0.009672177833055589,0.0421543443652557,-0.004630583256007457,0.046784927621263156,-0.0091723978674562,0.0431810532603937,-0.05235345112784989,,0.06373099502466018,,0.0070991231355767,0.035740020041202435,-0.028640896905625733,0.0177910286585726,0.03284338553065471,-0.01505235687208211,0.0758074396756987,0.03758764222597447,0.03821979744972422,0.0732145288550181,0.0506632552308997,0.0225512736241184,-0.0110876011092307,0.0151736395311525,-0.0262612406403832,0.0410863069068683,0.028804097389385417,0.012282209517482882,0.0386978317030303,0.00768812477128144,0.031009706931748864,0.0375190040112388,0.005720596367967757,0.03179840764327105,0.0797527974211782,0.01724273386260981,0.06251006355856839,0.1558106024173274,0.05424691897878861,0.10156368343853878,0.0080844061120818,0.03087058353542652,-0.022786177423344718,0.0893709840481399,0.038405978880472216,0.05096500516766768,0.046312286363294,0.07232652938796282,-0.026014243024668815,-0.0058565818090202,0.07253628986828285,-0.07839287167730305,0.0422382196273832,0.03689388382339387,0.005344335803989332,0.0177491037041141,0.0508600793268746,-0.0331109756227605,0.0131686412077008,0.051551251060052886,-0.03838260985235209,-0.1360494056245666,0.024127381431641108,-0.16017678705620772,0.0172031420384558,0.017764746498172793,-0.0005616044597169939,0.0346975754276981,0.02254843546290858,0.012149139964789519,0.0368471349683056,0.02303961596131954,0.013807519006986058,0.1873118816701967,0.046587154650976716,0.14072472701921998,-0.0306717983454204,0.08275410153959589,-0.11342589988501629,0.0428798088665647,0.03151378721732497,0.011366021649239728,0.0011850111500413,0.08552752548112184,-0.08434251433108055,,0.11706400384301072,,-0.0047991717050679,0.08374316934374965,-0.08854234104881754,0.0190736484017164,0.02919347044469559,-0.01011982204297919,0.0190909009836362,0.030109659283150788,-0.011018758299514587,0.1469377399029449,-0.028179711349597146,0.17511745125254205,-0.0073849286959191,0.019253168485581566,-0.026638097181500665,0.1107843585716549,0.061816444670533995,0.04896791390112091,0.0439046883008048,0.026361681145850108,0.017543007154954694,0.0203793949848084,0.011433042223730495,0.008946352761077905,0.0305879906621173,0.004372867498159463,0.026215123163957837,0.0302326463602835,0.0030443056803989136,0.027188340679884584,0.1099948545096355,0.016194384270557586,0.09380047023907792,-0.0331818345235156,0.059423237497599396,-0.092605072021115,0.0418601691397123,0.05256076462421606,-0.010700595484503757,0.0297575677095725,0.054129567571358936,-0.024371999861786436,0.0274715778240917,0.05649056118381787,-0.02901898335972617,0.0264868817586951,0.04488744037491414,-0.018400558616219042,,0.043485131195874216,,0.0028709985781822,0.04350309842852711,-0.040632099850344904,0.0031169199542091,0.023966497934831774,-0.020849577980622674,0.0019049881880045,0.0236334112950991,-0.0217284231070946,0.0031084864532958,0.01482626174277469,-0.011717775289478888,0.0449640454717185,0.033288008708904325,0.011676036762814174,0.054262219412502,0.03224184110969003,0.02202037830281197,,0.00354938988204664,
2009-09-01,0.1315235089035461,0.052355193798481844,0.07916831510506427,,0.03122233810340747,,0.1366870443993109,0.05581138254249498,0.08087566185681591,-0.0114041239856998,0.07874372530700233,-0.09014784929270213,0.0182468046753196,0.045008667065684176,-0.026761862390364575,0.0191728309098525,0.04423534501256081,-0.025062514102708308,-0.0278010790521843,0.028043268876004793,-0.0558443479281891,0.0267611645129931,0.03653179334190886,-0.009770628828915762,0.0231651738396601,0.035560468915829535,-0.012395295076169436,0.075254271217323,0.032379104841148976,0.04287516637617403,0.0685727353369179,0.05182336559618614,0.016749369740731768,,0.06061164850901207,,0.0414119326102549,0.034545387737139596,0.0068665448731153045,0.0712994415375153,0.04732101290501002,0.02397842863250528,-0.0543615303086966,0.07456179815417457,-0.1289233284628712,0.007532845905499,0.0732326657796096,-0.0656998198741106,0.063183410419313,0.031211093056198368,0.03197231736311463,0.0491161854873805,0.06757408527241003,-0.018457899785029534,0.0446012435424755,0.05370031115704889,-0.009099067614573388,0.0405778620976101,0.05299748434943682,-0.012419622251826717,0.1017049618719406,0.024532498028857822,0.07717246384308278,0.1677616586298175,0.06044417749974651,0.107317481130071,0.0050595783548465,0.024403019324715437,-0.01934344096986894,-0.0143044857094498,0.040546892051202904,-0.0548513777606527,0.0075496956142212,0.04245594415299708,-0.034906248538775886,0.0029609190384888,0.04357584627525529,-0.04061492723676649,0.0802515162675192,0.036462973137430695,0.0437885431300885,0.0712886942009367,0.0653899125887008,0.005898781612235893,0.0650561351698963,0.06383276352436233,0.0012233716455339744,0.1944335426092181,0.050703271913855076,0.14373027069536304,0.0729736227379575,0.04812957221939568,0.024844050518561825,0.0371079481378317,0.02946057557907932,0.007647372558752381,0.0352504363765381,0.029595216285942142,0.00565522009059596,0.0240675752630996,0.05110313208117306,-0.02703555681807346,0.1191258599222798,0.0621150278683525,0.0570108320539273,0.0590017674403656,0.048215430699797,0.0107863367405686,0.0539377484263681,0.05527860996879283,-0.0013408615424247289,,0.05833848760232448,,0.0812965833895152,0.052338294291791036,0.028958289097724167,0.0046462803879389,0.023629257283966813,-0.018982976896027914,0.0043587199565187,0.02323820425188052,-0.01887948429536182,-0.1241802815645225,-0.009451098451379378,-0.11472918311314312,0.1239961057271458,0.024367476591530574,0.09962862913561522,0.0647013778006392,0.07728822477243057,-0.012586846971791368,0.0152673316818222,0.054379540477443915,-0.03911220879562172,0.0240194619785857,0.040414112714823605,-0.016394650736237904,0.0182366465970928,0.04033346694095051,-0.02209682034385771,0.0115491069722315,0.03782324358918612,-0.026274136616954623,0.0013747619763369,0.05690923450540492,-0.05553447252906802,0.0528295522849064,0.07040070631470201,-0.01757115402979561,0.0726862047911178,0.04242042981563652,0.03026577497548128,0.0819886180090582,0.0396682100374178,0.0423204079716404,0.0672669825475022,0.044253153432137586,0.023013829115364613,0.0459877533284254,0.05022289254407268,-0.004235139215647284,,0.046376471074543096,,-0.0527760394644509,0.04639146157772744,-0.09916750104217834,0.0207358312803719,0.026094404293101704,-0.005358573012729805,0.018018375436528,0.024142262725633308,-0.006123887289105307,0.0251996463637842,0.04150248541636346,-0.016302839052579263,0.030645764390594,0.05010156642429837,-0.019455802033704367,0.0256146715474344,0.04661732109291416,-0.02100264954547976,0.1485421178700546,0.031123242994640397,0.11741887487541422
2009-10-01,-0.0931186765597678,-0.05676705038745277,-0.03635162617231503,,-0.0028752786654261597,,-0.0307849403483091,-0.01706501127536251,-0.013719929072946592,-0.0283617723667784,-0.0556950494054029,0.027333277038624502,-0.063840767912832,-0.07283617909221389,0.008995411179381893,-0.0644666242811641,-0.07178158737572632,0.007314963094562213,-0.1041873231906732,-0.06408770377388248,-0.040099619416790716,0.0215312656151626,-0.004646003649703333,0.02617726926486593,0.028508985652985,0.000645003306829631,0.02786398234615537,-0.0024875094524475,-0.1106013333812267,0.1081138239287792,-0.0307842662750962,-0.03734877210378624,0.0065645058286900385,,-0.13304557380457588,,-0.0375025879418637,-0.02224424457927049,-0.015258343362593213,-0.0138874567837228,-0.02881422310116741,0.014926766317444612,-0.0969262427205252,-0.050841180451398446,-0.04608506226912676,-0.0457365452765681,-0.05943226845090575,0.013695723174337648,0.0162402452243607,0.0027748106046548296,0.013465434619705872,-0.0136415099701928,-0.05386112263776349,0.040219612667570695,-0.0425223786373462,0.0032925474520883354,-0.045814926089434535,-0.0342451609505767,0.008405389915986607,-0.0426505508665633,0.062246111699238,-0.09288510279385118,0.15513121449308917,-0.127218240867967,-0.06640596103381631,-0.060812279834150676,0.0072317746700372,-0.007191364558241596,0.014423139228278797,-0.0129077725550754,-0.04971862061890078,0.03681084806382538,-0.0643304551704045,-0.050494497582654785,-0.01383595758774972,-0.0657000247361277,-0.048889467480419925,-0.01681055725570777,-0.0378719962833078,-0.07281471258378196,0.03494271630047416,-0.0053810170759186,-0.05016641257643559,0.04478539550051699,0.0059981905831557,-0.044159341541905844,0.05015753212506154,-0.116556687010441,-0.11794788517637542,0.0013911981659344153,-0.0388214975268136,-0.03115553920725915,-0.007665958319554453,-0.0212545735194076,-0.020133630532566265,-0.0011209429868413341,-0.0210909302449044,-0.014182306351707679,-0.006908623893196721,-0.0705798650325054,-0.059837250154918,-0.01074261487758741,0.0151196473955486,-0.068798343882452,0.08391799127800059,-0.0578540704562964,-0.039222022122833274,-0.018632048333463123,0.0279485516531016,-0.06244062855498218,0.09038918020808379,,-0.08268208076925955,,-0.0128376997684884,-0.12168801507132841,0.10885031530284,-0.0341857764289524,-0.014714424193340354,-0.019471352235612048,-0.0297962742613828,-0.01027463203405857,-0.019521642227324228,-0.0146059920496801,-0.14285436135373775,0.12824836930405764,-0.0659834662094237,0.007270905750111722,-0.07325437195953542,-0.019211196538445,-0.08116692530418926,0.06195572876574426,0.0065522366886972,-0.035789176447911936,0.042341413136609135,-0.0196262513648399,0.0003927532589699691,-0.02001900462380987,0.0129160772084551,-0.0007968355451978245,0.013712912753652926,0.021583043915569,0.005728667915485115,0.015854376000083884,-0.0999283488874454,-0.1131165709161085,0.013188222028663099,-0.0832671235142011,-0.06329675787312988,-0.019970365641071214,-0.0374516025209528,-0.0428041318072605,0.0053525292863076945,-0.0345607782239355,-0.03856211307114754,0.004001334847212039,-0.0615782136781116,-0.09018223141979485,0.028604017741683252,-0.0504400909506679,-0.03853256116199239,-0.011907529788675507,,-0.03447385275954328,,-0.0481886305264883,-0.11224242305501135,0.06405379252852306,-0.0249890127838628,-0.003638239282763857,-0.021350773501098944,-0.0264897746468987,0.0019137992560719352,-0.028403573902970634,-0.0612064489401203,-0.04393139441519425,-0.017275054524926045,-0.0120389698657387,-0.03323065938931854,0.02119168952357984,0.0023177719404242,-0.025382672388533655,0.027700444328957855,0.0725374499484936,-0.061519313716791924,0.13405676366528552
2009-11-01,0.1069549450816885,0.05860936516448675,0.04834557991720175,,0.04702077717712917,,0.0361245400642241,0.053672596586806245,-0.017548056522582144,0.1570386004633943,0.07058462883128183,0.08645397163211246,0.0603087348929608,0.05605196637486346,0.004256768518097337,0.0619727608036493,0.05850438325769439,0.003468377545954915,-0.0986626379238266,0.004458133200710572,-0.10312077112453717,0.0550986660114562,0.0679170225840913,-0.012818356572635095,0.0582294958058566,0.07101477900982912,-0.012785283203972521,0.0146711331298178,-0.0008236927791147822,0.015494825908932582,0.1314708131586403,0.0550340564734614,0.07643675668517888,,0.02634214289602878,,0.0590348177394955,0.04623104685518632,0.01280377088430918,0.0341245318008713,0.0609298238937587,-0.0268052920928874,-0.016412258783686,0.056141746769293725,-0.07255400555297972,0.0562732892221136,0.055981862128041016,0.0002914270940725869,0.072083962483407,0.044053160785999336,0.02803080169740766,0.0524897555028983,0.055832505927234405,-0.0033427504243361064,0.0567314334595371,0.07926381584830845,-0.022532382388771352,0.0562888248191002,0.08104780526181105,-0.024758980442710847,-0.0447231587850164,0.013057356972150585,-0.057780515757166986,0.0991087953285337,0.07349626152859973,0.025612533799933973,0.017748508939352,0.03731951850379977,-0.01957100956444777,-0.0525387361733693,0.03340784653724467,-0.08594658271061398,0.0276184047834379,0.05211666824317673,-0.024498263459738826,0.0308672874828696,0.05305181676390381,-0.02218452928103421,-0.1566833719165607,0.01332125318618415,-0.17000462510274486,0.0717875981024055,0.0642474819781009,0.007540116124304594,0.0769898120180149,0.067911117633259,0.009078694384755906,-0.0467833982096668,0.0012200148425810492,-0.048003413052247854,0.0559488514679075,0.05149813723717588,0.004450714230731616,0.0853046889251317,0.04709861552928766,0.03820607339584404,0.0907053282422516,0.05005425196695045,0.040651076275301144,0.0330016026454247,0.01586804896578898,0.01713355367963572,0.1443214104063596,0.07197581209973494,0.07234559830662465,0.0534531619478541,0.04372528254521344,0.009727879402640659,0.037234807270961,0.04653607991527515,-0.00930127264431415,,0.048508385500724734,,-0.0043620306799403,0.01328769518583016,-0.01764972586577046,0.0988848035512278,0.04044658365627439,0.058438219894953417,0.100274793238443,0.04249383764275392,0.05778095559568908,-0.0553495429304605,-0.042357657240889426,-0.012991885689571075,0.2066108540644871,0.04278374001679471,0.16382711404769237,0.0791285989769885,0.05243271456192373,0.02669588441506477,0.0644806847100069,0.04112353193741457,0.02335715277259233,0.0879297177851495,0.04654709447212471,0.041382623313024794,0.0659778036971431,0.058626849102225896,0.007350954594917199,0.073007172522508,0.06039672359864911,0.012610448923858895,-0.0421355144040216,0.00183582789775867,-0.04397134230178027,0.1213249429189193,0.06332236355027195,0.05800257936864736,0.0474766284932792,0.052053886251611864,-0.004577257758332662,0.0474171851119124,0.0549994349884275,-0.007582249876515103,0.0364098604012481,0.023004139694237705,0.013405720707010394,0.1060187027208738,0.05628435523311213,0.04973434748776167,,0.059641504063663545,,0.0033478054776829,0.01596551045105384,-0.01261770497337094,0.061382354221015,0.0397086179448393,0.0216737362761757,0.0600297773545665,0.04170625736925369,0.018323519985312814,0.0224391340765004,0.017450016254840866,0.004989117821659533,0.0499551092735538,0.04270668964720339,0.007248419626350415,0.0580114599724264,0.045149378084087886,0.012862081888338511,0.0188068182684182,0.014862225557161574,0.003944592711256627
2009-12-01,-0.0114297824243594,0.03181840949276886,-0.04324819191712826,,0.01617083905269433,,0.0504207020680222,0.05172032242827216,-0.0012996203602499631,0.046007605604478,0.08811683598875157,-0.04210923038427357,-0.0274385992069198,0.017292828358886222,-0.04473142756580602,-0.0301507700079385,0.014483471829576674,-0.04463424183751517,-0.0023296249225933,0.03124987426891564,-0.03357949919150894,0.0586679523187998,0.020131166861905966,0.03853678545689383,0.0585039074557416,0.01645563500979719,0.042048272445944404,0.0634985241492955,0.058463950565159475,0.005034573584136018,0.0137824033472097,0.038266004510958934,-0.024483601163749234,,0.07044974162800827,,0.0628404822028301,0.01979903830068709,0.04304144390214301,0.0520662264830906,0.03408327205298232,0.017982954430108285,0.056430771888932,0.07626249267330032,-0.019831720784368317,0.047455649154402,0.07138006162585597,-0.023924412471453972,-0.01611300462995,0.015508100596352643,-0.03162110522630264,0.0513396451083442,0.07283435872273074,-0.02149471361438654,0.0736933627424512,0.03998170460367238,0.03371165813877881,0.0682250629367662,0.03794389476131453,0.030281168175451664,0.1111446337930909,0.032142577237658086,0.07900205655543283,-0.0292709924634559,0.05040159373511324,-0.07967258619856915,0.0310358823628631,0.008980154699325478,0.022055727663537625,0.052896050308132,0.04205139388547801,0.01084465642265399,0.0360488311382776,0.02187909044131692,0.01416974069696068,0.0399293610265402,0.022685990716984905,0.017243370309555292,0.0740950233797248,0.044060362942899126,0.030034660436825678,0.0258254905069266,0.05704119872723077,-0.03121570822030417,0.0145875544112172,0.05233307504325328,-0.03774552063203608,0.1075113538811777,0.0719080000415997,0.03560335383957801,0.0547154584031889,0.04765746640060741,0.00705799200258149,0.0309095624160758,0.019930294819522364,0.010979267596553436,0.0284907515596414,0.01739208193887462,0.01109866962076678,-0.0026526085754204,0.06506455862316639,-0.0677171671985868,0.0148725181473256,0.04387659890981025,-0.029004080762484653,0.0436210010561404,0.0462223807973152,-0.002601379741174803,-0.0109245865398162,0.03888906763206481,-0.04981365417188101,,0.03746408080891797,,0.1072355607261805,0.05301739978995233,0.054218160936228166,0.0133330261176006,0.012575876466551218,0.0007571496510493832,0.0120438219921143,0.010024606873952898,0.002019215118161402,0.0978495097166822,0.026672180006762684,0.07117732970991952,-0.0873098942910941,0.009636832319703803,-0.09694672661079791,0.1047960448887002,0.07892136126305363,0.025874683625646572,0.0472293757583912,0.05202047350424163,-0.004791097745850431,0.0146684124126585,0.03091581317404958,-0.01624740076139108,0.0053113821782587,0.031115016686413883,-0.025803634508155184,-0.0011628709461464,0.026526913344170112,-0.027689784290316512,0.0227686532246287,0.07779381559584683,-0.05502516237121813,0.1319214044119198,0.061735593995090196,0.0701858104168296,0.0271421738290018,0.027473866357534904,-0.0003316925285331042,0.0187218070912777,0.02199957904170232,-0.0032777719504246197,0.0138677177085238,0.044258986476001856,-0.030391268767478056,0.0242305322663232,0.037522808373200045,-0.013292276106876846,,0.030473218248249626,,-0.0196408156275292,0.052493748857045316,-0.07213456448457452,0.0590878278998199,0.011650675687142445,0.047437152212677455,0.0535651884451643,0.007527167155708,0.046038021289456305,0.0527490580489924,0.050045375359782256,0.002703682689210146,0.0486116889044572,0.04706279571449494,0.0015488931899622568,0.0417894868246117,0.04064714474679447,0.0011423420778172294,-0.0500479244705368,0.03634339204175779,-0.08639131651229459
2010-01-01,0.0419296032399589,-0.03814081158253186,0.08007041482249076,,-0.023400565844849144,,-0.0356475307214155,-0.043933396728376685,0.008285866006961184,0.037003515351064,-0.05036070965173414,0.08736422500279814,-0.0224329439665676,-0.03047609820164701,0.008043154235079411,-0.024197866683629,-0.030983139425085498,0.006785272741456499,0.0287915023729471,-0.01733093740955827,0.04612243978250537,-0.0732880488044412,-0.036531934687616646,-0.036756114116824556,-0.0765996765390589,-0.03656634221490368,-0.04003333432415522,-0.0421201166486277,-0.05534515840590286,0.013225041757275159,-0.0544671677443762,-0.04212207021217531,-0.012345097532200894,,-0.058855845746594054,,-0.0616688400064875,-0.03027562341018938,-0.031393216596298124,-0.073214471996908,-0.03963585427656124,-0.033578617720346766,0.0202154518798195,-0.04409644942533736,0.06431190130515686,-0.0481767609088418,-0.04453689297739473,-0.0036398679314470703,0.0056529209664325,-0.030386686972864303,0.0360396079392968,-0.0304894968753034,-0.04193131994671024,0.011441823071406839,-0.0987915668063446,-0.04066536064638735,-0.05812620615995725,-0.1013856156248864,-0.040460713850859434,-0.06092490177402697,-0.0001415123492316,-0.050645877571651086,0.05050436522241949,0.0544293427524654,-0.04695109412922482,0.10138043688169021,-0.0015735408058133,-0.019584268892086074,0.018010728086272774,-0.0176066465709837,-0.023270452830416878,0.005663806259433177,0.0163649079293011,-0.032649682802209375,0.049014590731510474,0.0160071257907534,-0.03264975869079997,0.048656884481553364,-0.0286828682828869,-0.02844569717454956,-0.0002371711083373404,-0.0609845101111094,-0.0429258087728329,-0.0180587013382765,-0.0618589134755728,-0.04224502967205608,-0.019613883803516717,-0.023696753464435,-0.05833778264443687,0.03464102918000187,-0.051314856808801,-0.03296152327556687,-0.01835333353323413,-0.0127840840899042,-0.025606883698627205,0.012822799608723005,-0.0124130722008286,-0.025770099358650912,0.013357027157822313,-0.0721462143585742,-0.011940378382610316,-0.06020583597596388,-0.1073436084797782,-0.043540791178533225,-0.06380281730124497,-0.0398005656700283,-0.03128243684433984,-0.008518128825688462,-0.0574125745035586,-0.03388024359124062,-0.023532330912317975,,-0.030939419977790296,,-0.0783213361975837,-0.0475468296216189,-0.030774506575964804,0.0170154584924848,-0.0160592749039529,0.0330747333964377,0.0169921658418251,-0.01566508322124326,0.032657249063068355,0.0999205847276779,-0.05510711978161701,0.1550277045092949,-0.1115454611596662,-0.01782263515928726,-0.09372282600037893,-0.0698743208485602,-0.04604593904966895,-0.023828381798891247,-0.0243725489735736,-0.03940537792521341,0.01503282895163981,-0.0041323021364897,-0.028841140688197132,0.024708838551707434,-0.0228178408840805,-0.032279253188794814,0.009461412304714315,-0.0190379413522629,-0.03050921353969165,0.01147127218742875,-0.0301087987686792,-0.06734790288327994,0.03723910411460074,-0.0913242914548036,-0.049355616375100046,-0.04196867507970355,-0.0745378058755951,-0.033338467174215056,-0.04119933870138004,-0.084688665304507,-0.03151199553297498,-0.05317666977153202,-0.0114076497413616,-0.042339456235111414,0.030931806493749815,-0.039614297542404,-0.03853142739137538,-0.0010828701510286268,,-0.03938570828427538,,-0.0785651232428675,-0.06117282072925137,-0.017392302513616134,-0.0500488708755839,-0.02158412461190297,-0.02846474626368093,-0.0550737750710038,-0.020361884589369758,-0.03471189048163404,-0.0569630913390112,-0.029703516820230508,-0.027259574518780694,-0.0143244602744401,-0.029506659614515124,0.015182199340075024,-0.0111269344607313,-0.02742838152753049,0.016301447066799188,0.0156616146814891,-0.04988090345386647,0.06554251813535557
2010-02-01,0.0233545593741762,0.0549625444513909,-0.0316079850772147,,0.025878334257751677,,0.0596266098720114,0.03396251763194885,0.025664092240062546,0.0323799625992926,0.04874663090828857,-0.01636666830899597,0.046580988245252,0.06058548852218915,-0.01400450027693715,0.048090745908431,0.060739951950629666,-0.012649206042198664,-0.0088199537846135,0.030309381692380493,-0.039129335476993994,0.0276834918610595,0.024181539139300337,0.003501952721759162,0.0264897666542305,0.02372343936850004,0.0027663272857304626,-0.0082382595189251,0.013296612345933694,-0.021534871864858793,0.057961067963182,0.042961308571317615,0.014999759391864383,,0.05281905714902092,,0.0209280364633332,0.031548130618811156,-0.010620094155477957,0.0800967535571217,0.03713615173541203,0.042960601821709674,0.0168669116760653,0.054066735895531064,-0.037199824219465764,0.0333529082301011,0.05755810053023841,-0.02420519230013731,0.0396959854508252,0.022824026364630885,0.016871959086194314,0.0964267578065459,0.04728262502316969,0.04914413278337621,0.0525495902383168,0.032853483456949814,0.019696106781366983,0.0483896077633235,0.031872492869104194,0.01651711489421931,0.1106693677235736,0.01674277508292054,0.09392659264065306,0.0339037834229487,0.050883936288930585,-0.01698015286598189,0.0371847396308863,0.024554631945080292,0.01263010768580601,0.0293650471819094,0.035868403723202866,-0.006503356541293467,0.0252899881719771,0.04747972400143263,-0.022189735829455534,0.0176333416341855,0.04824752042517302,-0.030614178790987517,0.0787220350794353,0.031388556582978594,0.04733347849645671,0.0809286724965182,0.05353612992515338,0.027392542571364815,0.0843827317444371,0.053027536694938066,0.03135519504949903,-0.0371762570790927,0.03328648568171433,-0.07046274276080702,0.0762058364172341,0.032932630102134514,0.04327320631509958,0.017542825224626,0.024242932499537677,-0.006700107274911677,0.0118198902152958,0.02463346564784358,-0.012813575432547781,-0.0347886021026506,0.04522871885943516,-0.08001732096208576,0.0995655003475149,0.06250748610209882,0.03705801424541608,0.0135184435521589,0.03742325891014171,-0.023904815357982813,0.0151854663887753,0.05967410647852976,-0.044488640089754464,,0.07194646247761534,,0.0782310729210468,0.055021571829345285,0.023209501091701508,-0.0171619150554115,0.023512231859940575,-0.04067414691535208,-0.0180123511174465,0.023718652999034237,-0.04173100411648074,0.0505846642862012,-0.0202262244773128,0.070810888763514,0.1038449693344024,0.0212985784721883,0.0825463908622141,0.0829534466367895,0.06284522562278205,0.020108221014007444,0.1273020733495128,0.03883853089185953,0.08846354245765327,0.0390878682567973,0.02657701466024268,0.012510853596554617,0.0343683000824743,0.02411287086211512,0.010255429220359182,0.0348843005862546,0.022355080624471203,0.012529219961783397,0.01252689533294,0.03391824928089837,-0.021391353947958373,0.0452996597313431,0.05888908756689239,-0.013589427835549284,0.0527281909780091,0.04075797878719295,0.011970212190816149,0.0533874956894872,0.03987101648284874,0.013516479206638454,0.072775660621458,0.04195796596434988,0.030817694657108125,0.0645651240623121,0.0429052399907414,0.021659884071570698,,0.040249140617768346,,0.049647123190283,0.03792595099787347,0.011721172192409528,-0.0006646136160845,0.02301722910311764,-0.02368184271920214,0.0005571648062829,0.021962930671584675,-0.021405765865301775,-0.0108213805893112,0.02762343592460287,-0.03844481651391407,0.043031590948968,0.03933155946708261,0.003700031481885392,0.0382992389888129,0.037189918534268375,0.001109320454544524,0.0800751827764796,0.016239633615458948,0.06383554916102065
2010-03-01,0.1146527392957961,0.0827849548024796,0.031867784493316495,,0.04522924365788214,,0.1040523717989317,0.06714621889876694,0.03690615290016476,0.0917291109228174,0.09836444257459652,-0.006635331651779125,0.1099473204833858,0.08079715454463192,0.029150165938753886,0.1115886905248491,0.08136333347465592,0.030225357050193177,0.0757267877477982,0.039237522009591096,0.036489265738207106,0.0482374643183455,0.056848156417738174,-0.00861069209939267,0.0479707387251746,0.05611187398654574,-0.00814113526137114,0.0198883793610244,0.051603487116605506,-0.031715107755581104,0.0707968091206934,0.07237422750862882,-0.001577418387935417,,0.09475184288208874,,0.0755955649694255,0.05726797408642124,0.018327590883004265,0.0507269646754204,0.06982848371298082,-0.019101519037560424,0.0483616197455618,0.09021827129563915,-0.04185665155007735,0.0972888915533098,0.09276802682424092,0.004520864729068888,0.0216552885387349,0.04353677989464762,-0.02188149135591272,0.0823282000135259,0.08838628469655051,-0.0060580846830246005,0.106319755862508,0.07076937327822029,0.03555038258428771,0.1095637216383112,0.06951153449914947,0.04005218713916173,0.1804948173730683,0.050478949656937264,0.13001586771613105,0.1833268738899761,0.09401415186615283,0.08931272202382326,0.0435611661576099,0.04180223420869293,0.001758931948916971,0.0703437301632045,0.06449517649278466,0.005848553670419837,0.0851404415425823,0.07128201744133975,0.01385842410124255,0.078808621114481,0.07201581327524459,0.006792807839236414,-0.0226777477027066,0.051670821600752204,-0.0743485693034588,0.0690369862752351,0.09140002365030914,-0.022363037375074044,0.0571469842840571,0.09070420715015517,-0.03355722286609807,0.0763154492204264,0.06543940143227128,0.010876047788155124,0.0754934237032739,0.06766167871865202,0.007831744984621886,0.0155692580327302,0.05271325292116011,-0.03714399488842991,0.0100742265030261,0.052766358372030524,-0.042692131869004425,0.1147029150547807,0.06768974955059756,0.047013165504183135,0.1192106783518254,0.10403545128654725,0.015175227065278157,0.0773941487318929,0.06625690219223244,0.011137246539660459,0.0421873810488495,0.08454235508077064,-0.04235497403192114,,0.0956519799178397,,0.1124312841967219,0.07875299295139492,0.03367829124532698,0.0262176960530606,0.04485566380673306,-0.01863796775367246,0.0245633571468767,0.04454558172347055,-0.01998222457659385,0.1423714428210654,0.011688436350481671,0.13068300647058373,0.0061342203972096,0.042355061066406526,-0.036220840669196924,0.1036301344561856,0.09731158610872043,0.006318548347465175,0.0492575609348546,0.06562527504276609,-0.01636771410791149,0.0702316725032348,0.04762580427733304,0.022605868225901757,0.0674605387510586,0.05408921002818888,0.013371328722869724,0.0578659592297034,0.051225726598222304,0.0066402326314810925,0.1219064930774808,0.06688048810536237,0.05502600497211843,0.1415742044282059,0.0982713448401098,0.0433028595880961,0.070772012574246,0.06681526505708171,0.00395674751716428,0.0687342949148637,0.0657719899871264,0.0029623049277373026,0.0283170076266261,0.0686056935757497,-0.04028868594912359,0.0981018794859687,0.07403724834441407,0.024064631141554632,,0.07222466241797629,,0.0431456361069555,0.07395741735248977,-0.03081178124553427,0.0489292082570967,0.040989705719160816,0.007939502537935884,0.0548992840446373,0.039534167888309504,0.015365116156327796,0.0664029321479026,0.04896495728195795,0.01743797486594465,0.0607535412642834,0.06547804112188937,-0.004724499857605972,0.0605213566415043,0.06241634323806999,-0.001894986596565694,0.1371486748678645,0.04251906003658711,0.09462961483127738
2010-04-01,0.0241063297507586,0.039318488795632725,-0.015212159044874125,,0.014007972556203481,,0.0449040140448585,0.03748533150721631,0.0074186825376421905,0.0530018259227326,0.04895800544996585,0.004043820472766753,0.0302066455847619,0.033555552564577235,-0.0033489069798153352,0.0285986600403954,0.03135104763570079,-0.0027523875953053903,0.0755271179542473,0.035397613272312785,0.04012950468193451,-0.0039555287390658,0.0015799949203841484,-0.005535523659449948,-0.0050150786305043,-0.0012958899104967413,-0.003719188720007559,0.0410291940333764,0.02960750892120095,0.011421685112175447,-0.0042153521433188,0.03558892531617637,-0.03980427745949517,,0.06186616772188465,,0.0252824268090615,0.02273919271481276,0.002543234094248739,0.0152655798572942,0.02405337347854952,-0.008787793621255318,0.113213774200192,0.06136596375569972,0.051847810444492284,0.0876235382383043,0.061777110885824375,0.02584642735247992,0.0152345090255727,0.017109120877236237,-0.0018746118516635366,0.0252836624048843,0.05131791048552601,-0.026034248080641708,0.043526300614366,0.01665702738879643,0.02686927322556957,0.0450676744041068,0.014603481156318664,0.030464193247788134,0.0079181380568901,0.017165312430764013,-0.009247174373873913,0.1795300292518986,0.029985737799877066,0.14954429145202153,0.0012792313541323,0.016132861612531295,-0.014853630258398995,0.017802326723994,0.03747067846102449,-0.01966835173703049,-0.0246365861100661,0.03011627185546612,-0.054752857965532226,-0.0377179573454265,0.0312425924677843,-0.0689605498132108,0.0333227617538314,0.03770232650799997,-0.00437956475416857,0.0709839404260934,0.04821210824142292,0.022771832184670486,0.0660169761974137,0.04458483073949987,0.02143214545791383,0.156150671367708,0.056794112436644645,0.09935655893106335,0.060557528377068,0.029381003956192142,0.03117652442087586,-0.0316475952059083,0.011562751731078782,-0.04321034693698708,-0.035974839944307,0.010783547326980331,-0.04675838727128733,0.0128021943849531,0.06582502019990955,-0.053022825814956445,-0.0644852995482737,0.04595841340049008,-0.11044371294876379,0.0299001977884518,0.03670809082760173,-0.006807893039149929,0.0571153607425879,0.056121547363712325,0.000993813378875573,,0.06345813081378765,,0.1092491758196685,0.06461836138407354,0.04463081443559497,-0.0388188262026771,0.010698808199141704,-0.049517634401818805,-0.0411433036324191,0.009672858283571615,-0.05081616191599072,0.094479775876443,-0.007136800562980663,0.10161657643942366,0.1478120251167748,0.013553297784686795,0.134258727332088,0.0711402919195579,0.06659676793071831,0.004543523988839587,0.0172645678423694,0.04533200251953293,-0.028067434677163525,0.0708928613996249,0.023269379662249273,0.04762348173737563,0.0178954750973575,0.012881134926931834,0.0050143401704256674,0.0120213264280348,0.008587749368046748,0.003433577059988051,0.0909392036110517,0.0635096042115549,0.02742959939949681,-0.0364122085328009,0.05609430752529777,-0.09250651605809868,0.0148289430790832,0.025641754883713234,-0.010812811804630033,0.0039955480447364,0.020947887121048073,-0.016952339076311673,0.0342833524995526,0.04501070246700535,-0.010727349967452754,0.043885159231181,0.03375644619223545,0.010128713038945546,,0.026611292256269625,,0.0393973725196686,0.049591898491314824,-0.010194525971646225,0.0119213954224299,0.014270415465737969,-0.002349020043308069,0.0150863111250678,0.011197590664348785,0.003888720460719015,0.0308576807508825,0.042120743921673975,-0.011263063170791475,0.033423023016409,0.04141568573403642,-0.00799266271762742,0.0306261921008417,0.03593977151105489,-0.005313579410213189,-0.1075300121320027,0.023675646844820458,-0.13120565897682315
2010-05-01,-0.1181604878820906,-0.1060474605879547,-0.012113027294135909,,-0.051335862680607816,,-0.0410815098151995,-0.07597677629123469,0.034895266476035185,-0.0864889535595642,-0.11409855497813376,0.027609601418569565,-0.1029533084287814,-0.11295098731019527,0.009997678881413868,-0.104053509987343,-0.11484970331595978,0.010796193328616782,-0.0526028341876336,-0.05666231081537072,0.0040594766277371255,-0.0927382281532971,-0.07762623610190085,-0.015111992051396253,-0.0962379311667537,-0.07694566999709483,-0.019292261169658875,-0.0867066681930899,-0.1087881166841538,0.022081448491063888,-0.0997350053735095,-0.09236702074722998,-0.007367984626279522,,-0.14420185878998978,,-0.0606940685408361,-0.0671505067825517,0.006456438241715601,-0.1131314636203237,-0.08894011026282456,-0.02419135335749914,-0.1108571901223688,-0.09746328320213442,-0.013393906920234386,-0.1088347864857239,-0.10446237313432073,-0.004372413351403162,-0.035995999716108,-0.05032383821202215,0.014327838495914152,-0.0884319244880037,-0.09675351428420818,0.008321589796204482,-0.0534009492527696,-0.08008702603544723,0.026686076782677634,-0.0494998831890516,-0.07808890497120875,0.02858902178215715,-0.1196077788040788,-0.10724505302380677,-0.012362725780272033,-0.0761572941670991,-0.1274757828644724,0.05131848869737329,-0.0451072819426498,-0.043895901340476336,-0.0012113806021734619,-0.041747526744864,-0.06634106099299797,0.024593534248133972,-0.0690086824898992,-0.0943695234578292,0.025360840967929996,-0.0737486765825135,-0.09380550762224205,0.02005683103972855,-0.1120264595071612,-0.07497686947241113,-0.03704959003475007,-0.0997682800419706,-0.1040828618953747,0.004314581853404109,-0.095183797831387,-0.10277476380547575,0.007590965974088745,-0.1775236187780111,-0.1171205891339647,-0.060403029644046397,-0.0874334367223376,-0.07484054580628408,-0.01259289091605352,-0.0859084720103502,-0.06232567636505057,-0.023582795645299637,-0.0849444399466614,-0.06088328170979615,-0.02406115823686525,-0.0768498821925346,-0.047117837930511004,-0.02973204426202359,-0.0925022054573558,-0.12359931164019992,0.031097106182844128,-0.0648730541980136,-0.07438575537462108,0.009512701176607477,-0.1055785659422329,-0.09523616466322013,-0.010342401279012772,,-0.10836237158008025,,-0.1312735946111082,-0.12275233715565592,-0.008521257455452291,-0.0708221328087835,-0.0475163371998017,-0.023305795608981793,-0.0705062180338229,-0.04602603672357749,-0.02448018131024541,-0.1961447400214629,-0.10676413037626306,-0.08938060964519984,-0.0373956295522956,-0.034937590049947335,-0.0024580395023482624,-0.0760172416807655,-0.11817658318639272,0.042159341505627224,-0.0230956347628864,-0.07683038289180061,0.05373474812891421,-0.0349287728376787,-0.05121454599324371,0.01628577315556501,-0.0570866606694622,-0.06266824119108781,0.005581580521625613,-0.0612601451988728,-0.058911205984148604,-0.002348939214724198,-0.0650338253721643,-0.1210310055727185,0.05599718020055419,-0.0735197623526716,-0.11696827976423166,0.043448517411560056,-0.0625817459985486,-0.08884727047731403,0.02626552447876543,-0.0604144363327223,-0.08732947543974609,0.026915039107023787,-0.0707021917212629,-0.1046161144790126,0.03391392275774971,-0.0770829915979648,-0.09046652305155425,0.013383531453589448,,-0.09184360619401237,,-0.0564205376525939,-0.1274926914926217,0.07107215384002781,-0.0616362875637533,-0.0449631113012644,-0.016673176262488897,-0.05888262000273,-0.04213160984230058,-0.016751010160429423,-0.0600182874454192,-0.05733453455094873,-0.0026837528944704675,-0.0330933405572259,-0.06805727110747643,0.03496393055025053,-0.0221395864357855,-0.0637374532389581,0.0415978668031726,-0.0696651295004936,-0.08740434957382964,0.017739220073336046
2010-06-01,-0.0857190576544244,-0.09252068312746424,0.006801625473039835,,-0.03622644367684892,,-0.0729485646113763,-0.06666750178004814,-0.006281062831328163,-0.0731027922756827,-0.07917932136695288,0.006076529091270183,-0.0637768405934696,-0.09516248850158594,0.03138564790811635,-0.0638394212821736,-0.09500704737476649,0.031167626092592896,-0.0961114606416431,-0.06365717861493678,-0.03245428202670632,-0.0655189167027824,-0.037277834235621934,-0.028241082467160464,-0.0657278793441889,-0.03499549054042735,-0.03073238880376155,-0.0858952799288126,-0.09534149427454845,0.009446214345735851,-0.0991893154475847,-0.08052349906396865,-0.018665816383616057,,-0.13863855956582977,,-0.0186811444352929,-0.056299443495894275,0.03761829906060138,-0.0695333079746794,-0.06446229986433022,-0.005071008110349176,-0.1473906170111569,-0.09090590603550901,-0.0564847109756479,-0.1331146306238234,-0.09852599806033926,-0.03458863256348413,-0.0357227842299831,-0.04442594322559583,0.008703158995612727,-0.0690217392472886,-0.07904365474527088,0.010021915497982273,-0.0606881886890043,-0.043179743875637465,-0.017508444813366837,-0.0571461141974265,-0.04032762425009892,-0.016818489947327576,-0.0684564364632689,-0.08887355540707295,0.020417118943804047,-0.0876128981707976,-0.08468876190162293,-0.0029241362691746764,-0.005314196917383,-0.03798579012030149,0.032671593202918486,-0.1089507231524584,-0.05785003962419731,-0.051100683528261096,-0.0561066169455595,-0.07980810450187198,0.023701487556312482,-0.0569023017272997,-0.08001130416272678,0.02310900243542708,-0.0468823046560082,-0.07312019228898543,0.026237887632977235,-0.0664897098124179,-0.08737117240739102,0.020881462594973116,-0.0587450727123529,-0.08378201198613665,0.025036939273783747,-0.1138141565170543,-0.1250676942983934,0.011253537781339099,-0.0621164816611723,-0.05216377918174256,-0.00995270247942974,-0.0337287290046473,-0.037559475010079724,0.0038307460054324213,-0.0342983515927254,-0.03658316098724281,0.0022848093945174106,-0.0924455414212691,-0.06276677968121193,-0.029678761740057166,-0.1190513443042704,-0.10072242377492825,-0.018328920529342152,-0.0856548760766919,-0.0625895012191658,-0.02306537485752609,-0.0494049928333907,-0.10099781225019856,0.051592819416807864,,-0.11494941713085022,,-0.0700226540948599,-0.13755945448442886,0.06753680038956895,0.0084487901123084,-0.028415572265686747,0.03686436237799515,0.0103222276525681,-0.027055504592876197,0.0373777322454443,-0.123364958456468,-0.08382646431380712,-0.03953849414266088,0.0732363988878296,-0.026029859278810564,0.09926625816664016,-0.1092156781027241,-0.11013240632391452,0.0009167282211904187,-0.0172549298583004,-0.07694893127230659,0.05969400141400619,-0.0432747369850062,-0.04191868093808836,-0.001356056046917846,-0.0921900536620457,-0.03481487375227253,-0.05737517990977317,-0.0901880785218819,-0.02898010108356883,-0.06120797743831308,-0.136593331089087,-0.1373258813908567,0.000732550301769691,-0.1081246582643886,-0.10523574405360613,-0.002888914210782481,-0.0736240722354614,-0.06898217831343915,-0.004641893922022244,-0.0758129687936247,-0.06392448570761505,-0.011888483086009649,-0.0266276430299,-0.10380485847411156,0.07717721544421155,-0.0759245338298332,-0.07461316666434523,-0.0013113671654879783,,-0.07100101515757833,,-0.0894726876279295,-0.13057342496377872,0.04110073733584922,0.0018484030188003,-0.03593052123376719,0.03777892425256749,0.0077074968678619,-0.031830366506806214,0.039537863374668115,-0.0054900615558466,-0.06374919318484733,0.058259131629000725,-0.0362414191419366,-0.06302069077484407,0.02677927163290747,-0.0244557192065845,-0.05609284581095809,0.03163712660437359,-0.0168815093759051,-0.08262088218258141,0.06573937280667631
2010-07-01,0.1036465034287063,0.07358755135254347,0.030058952076162826,,0.05255058507352726,,0.0834318071888662,0.07800947166285378,0.0054223355260124145,0.1721247797249357,0.10107109919344476,0.07105368053149094,0.0793431460169364,0.057904345406115026,0.021438800610821374,0.0806215856169385,0.05923701152426179,0.021384574092676703,-0.0201142060354822,0.01753079973648455,-0.03764500577196675,0.0813475374560577,0.07222986579712776,0.009117671658929946,0.0848263644504084,0.07300481081521287,0.011821553635195534,0.0601685246028999,0.04447212664422339,0.015696397958676507,0.1576030199211215,0.07227208167668003,0.08533093824444146,,0.07511516249083258,,0.0893158276384488,0.06637087746085976,0.022944950177589032,0.0753050229882615,0.07615824408857602,-0.0008532211003145218,0.0701804100399805,0.08579676282680124,-0.015616352786820734,0.0954119166910922,0.0848656026819509,0.0105463140091413,0.0377649980842798,0.05685034775352268,-0.019085349669242878,0.1347588606428102,0.09026821915802409,0.04449064148478611,0.0553856446851255,0.08938198822700466,-0.03399634354187916,0.0516233465676658,0.08963610259765344,-0.03801275602998764,0.0315891447595354,0.04614846268082199,-0.01455931792128659,0.1169640402483949,0.09058805718768219,0.026375983060712704,0.0259150060626662,0.05072747577265848,-0.02481246970999228,-0.0002231142796543,0.06637544361743482,-0.06659855789708911,0.0687065028968687,0.06304671565963743,0.005659787237231276,0.073272166041541,0.06401809728076492,0.009254068760776085,0.0133576630006448,0.03605114733365216,-0.022693484333007358,0.1271797948205882,0.09153875485084528,0.03564103996974291,0.1271061559319695,0.09290227553173623,0.03420388040023327,0.1068285333444605,0.04445207180224498,0.062376461542215524,0.0407160978099015,0.07650993502198515,-0.03579383721208365,0.0318373887293241,0.06512460106218826,-0.033287212332864156,0.0305321388530384,0.06692111800349321,-0.0363889791504548,1.2316156678318069,0.05981408972687811,1.1718015781049287,0.1693399822036175,0.10324717134505773,0.06609281085855978,0.0756570505245299,0.06692489981977279,0.008732150704757108,0.0748065042007633,0.07359072000528176,0.0012157841954815451,0.0833721384082405,0.0753205628920814,0.008051575516159093,0.0720979410172017,0.04728988419549289,0.024808056821708807,0.0114230542722296,0.05392631282324645,-0.042503258551016845,0.0101217619806629,0.05474414122074074,-0.04462237924007784,-0.0139522712879905,-0.00039734412929836915,-0.01355492715869213,-0.0884306818746961,0.061274442378772075,-0.14970512425346819,0.1639781327940769,0.07796943383543162,0.08600869895864527,0.0190456545493838,0.06427991606936118,-0.04523426151997738,0.0582113387712578,0.05530670562494466,0.002904633146313139,0.0533026652798335,0.0688693673173038,-0.015566702037470292,0.0491069983151335,0.0674343241060215,-0.018327325790888,0.0725196788735097,0.04746132877119801,0.025058350102311687,0.0961186228885935,0.0946345737665805,0.001484049122013012,0.0904175675481056,0.06273096730784897,0.02768660024025664,0.0938888571590928,0.06345661651232011,0.03043224064677269,0.0299420679775875,0.05208885407208292,-0.02214678609449542,0.1219809279828492,0.07598390681622524,0.04599702116662395,,0.07717318743325859,,0.0740430633862439,0.06166291752033639,0.012380145865907514,0.0718575781647233,0.05027899691179477,0.021578581252928525,0.0717982278657149,0.05089631821302611,0.020901909652688788,0.0471994242971338,0.044914216057484024,0.002285208239649776,0.0229662077927911,0.06558746581975916,-0.04262125802696806,0.0112693930575132,0.06504953188438467,-0.05378013882687147,0.0611673800616381,0.039137638331320106,0.022029741730317992
2010-08-01,-0.0949719337321137,-0.06683437278314493,-0.02813756094896877,,-0.02733475749521456,,-0.068238723626827,-0.06151650960929437,-0.006722214017532625,-0.0826449213656815,-0.08050260840264736,-0.002142312963034132,-0.0881465371494268,-0.05822096116584883,-0.029925575983577972,-0.0876275533085279,-0.057593785421754765,-0.03003376788677313,-0.1249988277986113,-0.047029150781712256,-0.07796967701689904,-0.0666889998502802,-0.035168212666746135,-0.03152078718353407,-0.0682296568193779,-0.032169186389948194,-0.036060470429429704,-0.0845051845611642,-0.10571059414364123,0.021205409582477033,0.1074918053583955,-0.06361747088515889,0.17110927624355438,,-0.12581406322593391,,-0.0111380718717653,-0.048966089785071054,0.037828017913305756,-0.1316241265634304,-0.05524454394755573,-0.07637958261587466,-0.0832062380652633,-0.07802143602683476,-0.00518480203842854,-0.0550368977922578,-0.08138238120336751,0.026345483411109705,-0.0396877613227241,-0.03659074971849567,-0.003097011604228428,-0.0666454742070223,-0.07715051040371987,0.01050503619669757,-0.0680685266804755,-0.041379937800170546,-0.026688588880304953,-0.0638922069937794,-0.03860994507353358,-0.025282261920245817,-0.0827776226995983,-0.09040391015540634,0.00762628745580804,0.0045730518338113,-0.07358937492613572,0.07816242675994703,0.0161637813660569,-0.03087342666476375,0.04703720803082065,-0.0841573318995565,-0.058536850305583706,-0.025620481593972795,-0.0795642875165368,-0.05654979946533756,-0.02301448805119924,-0.0939038784218864,-0.05632962859495523,-0.037574249826931166,-0.0555253099249229,-0.06363230426368632,0.008106994338763426,-0.0751290099433262,-0.07474818136077238,-0.00038082858255382435,-0.0705985833982671,-0.0708695469355602,0.00027096353729309797,-0.0269961287273067,-0.11543542293907569,0.08843929421176899,-0.0544003345393735,-0.05461554967158874,0.00021521513221524347,-0.0563254330993044,-0.03985764064132273,-0.01646779245798167,-0.0568534761344455,-0.03783942150557638,-0.019014054628869126,-0.061217760017776,-0.06186282750430977,0.0006450674865337708,-0.047061184612566,-0.08447640584179397,0.037415221229227975,-0.165841547873672,-0.056681557496298475,-0.10915999037737353,-0.0429356295258986,-0.07475955944386112,0.03182392991796252,-0.0400757934673746,-0.08048511929586166,0.04040932582848706,-0.1147734070701094,-0.10753464426523428,-0.007238762804875121,0.0068193367926452,-0.028046669711963068,0.03486600650460827,0.008919399866472,-0.025854419836431827,0.03477381970290383,-0.0702247001359986,-0.10600424277449515,0.035779542638496545,0.131319378882753,-0.027063461786798217,0.15838284066955122,-0.0275604655689503,-0.08758139081517409,0.060020925246223794,-0.0237708218182919,-0.06434970063924945,0.04057887882095755,0.0169899951391491,-0.03339681258752026,0.050386807726669355,-0.0142658699645208,-0.03487535049962611,0.02060948053510531,-0.0063246481562548,-0.02913192162091897,0.02280727346466417,-0.1145578476004506,-0.12430152090206857,0.009743673301617975,-0.0831373183219405,-0.0880420624185257,0.004904744096585201,-0.0451346882142949,-0.052604228866224116,0.007469540651929216,-0.0489568513241525,-0.048068609601615256,-0.0008882417225372433,-0.0502125183022965,-0.08680250598023158,0.03658998767793508,-0.0343153946598237,-0.061752478859882096,0.027437084200058394,,-0.05918053700495026,,-0.1027516567325375,-0.1187324323858832,0.0159807756533457,0.0140542124805182,-0.029187203817637026,0.04324141629815523,0.0179671451214171,-0.025487943963477918,0.04345508908489502,-0.0392938527692067,-0.05920756742551563,0.01991371465630893,-0.0699610473119873,-0.054384564188927335,-0.01557648312305996,-0.0687723995846757,-0.04803993153505481,-0.020732468049620888,-0.002787472933981,-0.0769949094055979,0.0742074364716169
2010-09-01,0.117030969732508,0.09192342107286669,0.025107548659641307,,0.06447696906860197,,0.1651130190205588,0.11751878828423576,0.047594230736323045,0.1206856405317039,0.18460319098066588,-0.06391755044896198,0.063809986937306,0.06486218722802473,-0.00105220029071873,0.063298318607626,0.0647893928950517,-0.0014910742874257032,-0.0097535321685962,0.03557268233048234,-0.04532621449907854,0.1177068945327813,0.10498353378840806,0.012723360744373233,0.1165209414501552,0.10307747744689023,0.01344346400326496,0.1540879959096394,0.11777588913627966,0.036312106773359734,0.0602500911257769,0.09964321573925662,-0.03939312461347972,,0.13625530857020912,,0.0699073264860276,0.0788258476017717,-0.008918521115744107,0.1155844397994834,0.10847768480335619,0.007106754996127201,0.1010368595521208,0.13874202240221672,-0.037705162850095925,0.104033739453698,0.1326582195510516,-0.02862448009735359,0.0370791300576864,0.06461444887291161,-0.02753531881522521,0.1617970898296628,0.1497498410771254,0.012047248752537376,0.1510373083390646,0.1318882729659318,0.019149035373132783,0.1499739204876661,0.13070050936046093,0.01927341112720518,0.1998395112513949,0.09470527000731335,0.10513424124408155,0.1744589955550176,0.14625645441831775,0.028202541136699844,0.0281726259109963,0.05137796519815999,-0.023205339287163694,0.1526888277947468,0.09646549280469023,0.056223334990056564,0.0904752641441501,0.07585875931239032,0.014616504831759775,0.0945512432999308,0.07644988615591625,0.01810135714401455,0.0292090884239451,0.0719631629451326,-0.0427540745211875,0.1574655604149769,0.13335149138405297,0.024114069030923918,0.1611083166906354,0.1312955326225559,0.029812784068079523,0.1504816565026126,0.10851274981619372,0.041968906686418894,0.1421625789929161,0.12047998712720497,0.02168259186571113,0.0976037927957302,0.08842754160611103,0.009176251189619164,0.0912698680107825,0.08676500421042578,0.004504863800356723,-0.03521809216007,0.09033651675704571,-0.1255546089171157,0.1844703257011408,0.1344119389110476,0.050058386790093196,0.1324972290144407,0.10225395013911734,0.030243278875323354,0.0874358950141055,0.08406696733969801,0.003368927674407482,0.0818399999722389,0.07978013052754035,0.0020598694446985477,0.0675136259245259,0.07838999250712368,-0.010876366582597788,0.0772437888625408,0.0660242569015902,0.011219531960950602,0.0752473179430576,0.06379243926472022,0.011454878678337374,0.0281972659329493,0.07390105300121388,-0.045703787068264584,0.0291660992321263,0.06307211366306249,-0.03390601443093619,0.1340254210035693,0.13435834406252048,-0.00033292305895119,0.1109740001639345,0.09829150311108172,0.012682497052852779,0.0584280948175058,0.07678796960503101,-0.01835987478752521,0.1181701628687577,0.10267599817668606,0.01549416469207164,0.1157221164221859,0.0983239840787588,0.017398132343427103,0.1333043912799981,0.11240542293249775,0.020898968347500352,0.1177237866027102,0.13758314974989136,-0.01985936314718116,0.063894908587298,0.08609271290132338,-0.022197804314025377,0.0583641018790633,0.08368350308027316,-0.025319401201209853,0.0932612545743651,0.08614734284731196,0.0071139117270531405,0.099723162303152,0.10427544641141531,-0.004552284108263319,,0.10320802640162051,,0.1037302551234978,0.10818603702237971,-0.004455781898881905,0.0348637303956405,0.0558901174092049,-0.0210263870135644,0.0288121815061459,0.05324942066801884,-0.02443723916187294,0.057308685816295,0.07918421251730608,-0.021875526701011075,0.0946496843951552,0.09573023411227294,-0.0010805497171177403,0.0940676651922408,0.09090626689670035,0.003161398295540449,-0.0001766664606199,0.08019022403959332,-0.08036689050021321
2010-10-01,0.0199217524339244,0.028927113231807196,-0.009005360797882795,,0.0308124001503416,,0.0352667752876328,0.052616853918015176,-0.017350078630382376,0.104274351294165,0.07609682685421357,0.028177524439951432,0.0144220189203795,0.011912008116614758,0.0025100108037647423,0.0148012457509615,0.0119845351023682,0.0028167106485933006,-0.0377032764944164,0.0001472674701550242,-0.03785054396457142,0.0926022576230596,0.04890819029274397,0.043694067330315625,0.097247697940797,0.04943624179242211,0.04781145614837489,0.0711599284656977,0.02082596570303945,0.05033396276265825,0.0670369694102934,0.037980806702509036,0.029056162707784362,,0.025837740597093872,,0.0409847599452787,0.03044675990962543,0.010538000035653267,0.040049346445754,0.04421784532624391,-0.00416849888048991,-0.0212301164339659,0.05563129334238079,-0.07686140977634669,0.0519169376329736,0.04989836271337492,0.002018574919598677,0.0522774986345439,0.031201562182155848,0.021075936452388054,0.0506603774546279,0.05864996433771357,-0.007989586883085674,0.0468266397460016,0.06580989748508273,-0.018983257739081133,0.047729147687088,0.06669938990100337,-0.01897024221391537,0.0333391403635009,0.01427735138241407,0.01906178898108683,0.1800235514485778,0.052439993273193056,0.12758355817538475,0.0401877735146067,0.021883058137293607,0.018304715377313093,-0.0055641946950326,0.03207792392481346,-0.037642118619846066,0.0221992922405403,0.022494059139646753,-0.00029476689910645434,0.0277348736128551,0.02339440892041906,0.004340464692436041,0.0072606594815672,0.014337727313588155,-0.007077067832020955,0.0522112966882265,0.05144731248353887,0.0007639842046876302,0.0524532181669196,0.052041581114444145,0.00041163705247545396,0.0168429296196302,0.017071269235259177,-0.0002283396156289759,0.0560785860818635,0.04969497378665424,0.006383612295209264,0.0061032515016232,0.035599054374619965,-0.029495802872996767,0.0060698520338722,0.03649421385262249,-0.03042436181875029,-0.011912385255696,0.028758274945151492,-0.04067066020084749,0.1152385717614211,0.04488468756084057,0.07035388420058053,-0.0398964606309553,0.03913458212556183,-0.07903104275651712,0.0403327440221782,0.023586976382709943,0.016745767639468258,0.0456811557050278,0.016194964844765836,0.029486190860261965,0.0618200753604082,0.0026723855660570218,0.05914768979435118,0.0168061934029675,0.026932537465479463,-0.010126344062511963,0.0159210497753116,0.02712510808247198,-0.01120405830716038,-0.0095582536345002,-0.014769078181925537,0.005210824547425337,0.0169097597185992,0.031186523418173396,-0.014276763699574195,-0.0028590025600896,0.04549439433658098,-0.04835339689667058,0.0172717482601592,0.03864045347568393,-0.021368705215524728,0.0703007859235976,0.03861423568181967,0.03168655024177794,0.0266176830090922,0.04984563921285236,-0.02322795620376016,0.0231043191742154,0.04961695819200752,-0.026512639017792116,0.0592552397859955,0.02032425480431158,0.038930984981683917,0.0167846305416507,0.04950151116365929,-0.032716880622008594,0.055224500865606,0.02981073548685466,0.02541376537875134,0.0594279689481929,0.029645173959817642,0.029782794988375254,0.0548229912252336,0.014911037629491355,0.03991195359574224,0.0499690405941534,0.03962824420147002,0.010340796392683378,,0.039595079974156615,,0.0362820057102073,0.016364366803355086,0.019917638906852216,0.0176596713428108,0.02546351090906833,-0.00780383956625753,0.014801238706381,0.02561090160751219,-0.010809662901131188,0.0197190408134835,0.026400463746490143,-0.0066814229330066435,0.0439633426966356,0.03826639423239151,0.005696948464244088,0.0413460554586549,0.03798615275236905,0.003359902706285847,0.0182913958966052,0.01849489415510229,-0.00020349825849709166
2010-11-01,-0.0174261186566977,0.0007553952431768436,-0.018181513899874543,,0.0038267415043760846,,0.0886321746358048,0.02285622370239884,0.06577595093340596,0.0744227136632876,0.028307846242154752,0.046114867421132855,-0.0049404356380768,-0.017561452786831855,0.012621017148755055,-0.005295872466789,-0.019391481138805986,0.014095608672016986,0.0106940273000672,0.001757954347740842,0.008936072952326358,-0.0343093628653183,-0.0014273003266834989,-0.0328820625386348,-0.0393542475112058,-0.003404015787553646,-0.03595023172365216,-0.0134185714634327,0.01368756003741508,-0.02710613150084778,0.0053565783983343,0.007819059876879727,-0.0024624814785454262,,0.017092667323687957,,-0.0176080151302414,0.011792616691196807,-0.029400631821438206,-0.0685098607423873,0.007036233202628376,-0.07554609394501567,0.0348906749436905,0.028125300006191945,0.006765374937498552,0.0327955195279921,0.02372070895585948,0.009074810572132618,-0.0201841467000778,0.009588665489082687,-0.02977281218916049,0.0599503795649443,0.030677933390170456,0.029272446174773842,0.0322452279986298,0.011854000201550752,0.020391227797079046,0.0319235297728053,0.01113068785558858,0.02079284191721672,-0.1109515424681353,0.0005578673352221336,-0.11150940980335743,0.0842660592730893,0.0022048632144190746,0.08206119605867022,-0.0398893403671944,0.009125270942219318,-0.049014611309413716,0.0180738637403763,0.02608499551154234,-0.008011131771166038,-0.0047095346347109,-0.003334865302547918,-0.0013746693321629818,-0.0018131095696573,-0.0025333828873633194,0.0007202733177060193,0.0520236390717052,0.008795220287450542,0.04322841878425466,0.0437363200115452,0.0202684671439899,0.023467852867555296,0.0452622986642874,0.018405377131234107,0.026856921533053295,0.0606351162012867,0.015067078170223788,0.04556803803106291,0.0200784485054236,0.021701131452467024,-0.0016226829470434231,-0.0363414367529721,0.011076294544323774,-0.04741773129729587,-0.040990798661152,0.010796321825616115,-0.05178712048676812,0.108774066054602,0.04579246382910254,0.06298160222549946,0.0860782802973167,0.015361980767677759,0.07071629952963895,0.0126827112408486,0.018477657224730822,-0.0057949459838822215,0.0471699115633537,0.014928681308308017,0.03224123025504568,0.0478954187678095,0.010830903133494097,0.0370645156343154,0.1299376349394163,0.0050444954579446834,0.12489313948147161,-0.0440167935754366,0.009127078050366931,-0.05314387162580353,-0.0456993014736966,0.008527755792269196,-0.0542270572659658,-0.0054123411152006,-0.01116603957760863,0.00575369846240803,0.0510098085303757,0.018290134354064604,0.032719674176311095,0.0155030817743035,0.016955288590024212,-0.0014522068157207125,0.0763511077881289,0.018822635472711596,0.0575284723154173,0.0444572812003183,0.010721015566475414,0.03373626563384288,0.0398308466871449,0.010218131167648735,0.029612715519496166,0.0307385764930893,0.007929572854804003,0.022809003638285294,0.0511667200134548,0.017699766822119094,0.033466953191335705,0.0020180853609693,0.02040287034432112,-0.01838478498335182,-0.0110117217478523,-0.0006504322878173299,-0.01036128946003497,-0.0116595412935355,-0.00283308059908151,-0.00882646069445399,0.0298060145314556,0.006531722278442217,0.023274292253013383,0.0135224241954031,0.010697829796461679,0.0028245943989414213,,0.006963821388404184,,-0.0121266939422426,0.012297964884745504,-0.024424658826988105,-0.0159980946058788,0.007403182911507707,-0.023401277517386507,-0.0255935786678218,0.006611349013166128,-0.03220492768098793,0.0103183936569028,0.022347206411477905,-0.012028812754575105,0.006146810854476,0.020924135889985,-0.014777325035509,-0.0025378331986955,0.01869545568938403,-0.02123328888807953,0.0149940871234666,0.0024869984662970125,0.012507088657169587
2010-12-01,0.1062498891028522,0.09580288488610385,0.010447004216748351,,0.04514224628150723,,0.0062680089092876,0.05334488249553014,-0.04707687358624254,0.0803391403161319,0.09150067008443447,-0.011161529768302564,0.0860877133496542,0.106122557356271,-0.0200348440066168,0.0853424456610477,0.10793994281550366,-0.022597497154455956,0.021901819408147,0.04619222062805413,-0.02429040121990713,0.065126920568397,0.05852302573493774,0.006603894833459259,0.0638084929945483,0.05768561310970144,0.00612287988484686,0.091792961398843,0.05741589633212357,0.034377065066719434,0.0823703100421069,0.07200010444654925,0.010370205595557652,,0.11050409013018007,,0.0630136550216251,0.0639042942110496,-0.0008906391894244886,0.0372859777643807,0.07240790465077307,-0.03512192688639237,0.1499132371727514,0.08092752353417836,0.06898571363857305,0.1103496334848115,0.08845064349510262,0.021898989989708878,0.0601560421226612,0.03793813073640055,0.02221791138626065,0.0625696581043956,0.08647264823640184,-0.023902990132006238,0.0489147802078876,0.06305800821262823,-0.014143228004740632,0.0417797990129912,0.06092328786780111,-0.01914348885480991,0.0694787402929614,0.06433220195852878,0.0051465383344326265,-0.0332099097277507,0.10767400656012197,-0.14088391628787267,0.0451791414584674,0.04719676631913808,-0.002017624860670676,0.1075665327180297,0.07618261794546767,0.03138391477256203,0.1106270928529852,0.0860028333622778,0.0246242594907074,0.1328019897047511,0.08590700591394146,0.04689498379080964,0.0242056841430896,0.05788573783581925,-0.033680053692729646,0.1085217442820088,0.09445380269598515,0.014067941586023647,0.1089370327973565,0.09452073677983316,0.014416296017523339,0.185285615964024,0.06289451565133121,0.12239110031269278,0.0737564428162381,0.06903964408407968,0.0047167987321584115,0.0724599890704213,0.06272637479735306,0.009733614273068236,0.0697608985250433,0.061876688226538114,0.007884210298505188,0.0338522482071523,0.07390148364757358,-0.040049235440421285,0.2046657151047658,0.12496994435476881,0.079695770749997,0.0711856070505975,0.06763086359237408,0.0035547434582234166,0.0975901229787637,0.096538378665295,0.0010517443134687027,0.0972959085063578,0.11836228290788593,-0.02106637440152813,0.0848489381328934,0.09140166791807311,-0.006552729785179706,0.0458992378966574,0.05664847810440954,-0.010749240207752142,0.0439570354035002,0.05609864025289821,-0.01214160484939801,0.0002030052483905,0.032488777842077037,-0.032285772593686535,0.0457176750599464,0.04664909029278378,-0.0009314152328373793,0.079483166281361,0.0954552697762183,-0.015972103494857295,0.007665177823567,0.055839033546920464,-0.04817385572335346,-0.0195477273142764,0.036673896408744036,-0.056221623723020434,0.0249075203112369,0.04886951296781583,-0.02396199265657893,0.0218282217484337,0.04615902608471518,-0.02433080433628148,0.0751608618238338,0.05453979713870327,0.02062106468513053,0.119441106601102,0.1013068259194069,0.018134280681695106,0.0780251895909313,0.07629316131076795,0.0017320282801633474,0.0836792355292306,0.07770087363191859,0.005978361897312004,0.0251133530713308,0.07919384962456098,-0.05408049655323018,0.047729454064462,0.0783557348001052,-0.030626280735643198,,0.07869636151228507,,0.1072968231360223,0.08259642948918577,0.02470039364683653,0.0346328590371555,0.0428646940922535,-0.008231835055097995,0.0389332074848277,0.04204501714792475,-0.0031118096630970496,0.0385208238873069,0.04191376492467226,-0.0033929410373653643,0.0759764298129156,0.06353549905015796,0.012440930762757638,0.0748146197812156,0.06146937015774551,0.013345249623470092,-0.0105889088863504,0.03753085418145452,-0.048119763067804924
2011-01-01,0.0775183739878827,0.022949848750277262,0.05456852523760543,,0.018655554108583747,,-0.0246201811946383,0.0071889780002880495,-0.03180915919492635,0.0128199871005125,0.011600941906880335,0.001219045193632166,0.0218475677687119,0.029368296685478332,-0.007520728916766431,0.0238145503529986,0.031259056494344635,-0.007444506141346036,0.0551037251511395,-0.004396537035980453,0.05950026218711996,0.030851303318484,0.024582369924804805,0.006268933393679194,0.0316676928002424,0.026827701496668847,0.00483999130357355,0.0369060404119247,-0.029562116498989523,0.06646815691091422,0.0582349674042242,0.01418155477582061,0.04405341262840359,,-0.009886708983763585,,-0.0007568995191828,0.017351031168905896,-0.018107930688088695,0.0373077048812684,0.019159393334668696,0.018148311546599707,0.0568354593936563,0.008062927784448974,0.048772531609207324,0.0477707433568045,0.009886340204940058,0.03788440315186444,-0.0085508624657748,0.013011217271941499,-0.0215620797377163,0.0691967493663905,0.010148227345908515,0.05904852202048199,0.0601284223883052,0.025946533257968623,0.03418188913033658,0.0620823034325455,0.02707838107435509,0.03500392235819041,0.0246326530211889,-0.013547891816096905,0.03818054483728581,0.0463315224405835,0.024380118132853432,0.021951404307730068,-0.0150036988673528,0.017117370764534935,-0.03212106963188774,0.0015731746099086,0.011222100849680016,-0.009648926239771417,0.0222363370632845,0.022307209728020302,-7.087266473580073e-05,0.0211803803936184,0.022684437585744944,-0.0015040571921265435,0.0034973721571284,-0.005648874622922715,0.009146246780051114,0.0446424585064417,0.0186881712845394,0.025954287221902298,0.0526218207647504,0.021915276619245822,0.03070654414550458,-0.0442602980616175,-0.03099353484352128,-0.013266763218096219,0.0284042054234647,0.014029572874646434,0.014374632548818265,0.0052779193421494,0.019419432572842475,-0.014141513230693075,0.0058774594674473,0.021373597583113992,-0.015496138115666691,-0.0171672821868221,0.0027939306287999943,-0.019961212815622093,-0.0229993156460982,0.029850751475944962,-0.05285006712204316,-0.0199797214479029,0.010852635016858942,-0.030832356464761845,0.0662360523962335,0.017647862000650036,0.04858819039558346,0.0628896023779581,0.023824177617127542,0.03906542476083055,0.0746115587194515,-0.010818301537804598,0.0854298602572561,-0.0146982525413376,0.020904291370706908,-0.03560254391204451,-0.0138450155985247,0.022652757677705176,-0.036497773276229876,0.1118069031404798,-0.05072886123028569,0.1625357643707655,-0.1160651973264732,0.020776123733478858,-0.13684132105995206,0.0060289677959422,0.006668034594306995,-0.000639066798364795,-0.0655806498825409,0.002914180164320434,-0.06849483004686134,-0.0207712140624745,0.011798680950155016,-0.03256989501262952,-0.0035755603314304,0.018209658366737807,-0.021785218698168206,0.0023859329505095,0.02044256247164799,-0.018056629521138488,-0.0387821963865033,-0.037126587740203124,-0.001655608646300176,0.0952621059583568,0.01540714081589511,0.07985496514246168,0.0174387777577729,0.01918538996354147,-0.0017466122057685704,0.0181470346051745,0.0228762687811323,-0.004729234175957799,-0.0036703556074175,-0.003547611263347137,-0.00012274434407036306,-0.0006051264426963,0.017627910071722274,-0.018233036514418575,0.0033269472317218,0.020363356956688432,-0.01703640972496663,-0.0294333012164372,-0.01736138902905107,-0.012071912187386132,0.0074025690529128,0.016188156839870932,-0.008785587786958132,0.0041923530348977,0.01852777407066028,-0.01433542103576258,-0.0161656059918011,-0.007255742309967127,-0.008909863681833972,0.0317177208998714,0.0105464828814239,0.021171238018447495,0.0344474959771639,0.013748281306042746,0.020699214671121152,0.0809410949333573,-0.01676413624224259,0.09770523117559989
2011-02-01,0.0397792423543103,0.045352971500392664,-0.005573729146082361,,0.022259650257364687,,0.0860131160923187,0.028630497837317154,0.057382618255001544,-0.0675153719704376,0.06220707593998727,-0.12972244791042487,0.0426334764422378,0.05045382960728163,-0.007820353165043835,0.0430302297543743,0.05082573648752334,-0.007795506733149035,0.0036536153807054,0.024191759790038788,-0.020538144409333388,0.0183129167503007,0.032581752864412,-0.0142688361141113,0.0160326770258027,0.03161166472215228,-0.015578987696349581,0.0106935633152881,0.029557945559227274,-0.018864382243939173,0.042226173974811,0.034934661440104556,0.007291512534706446,,0.05396372399713357,,0.0569040442414557,0.026906254184903007,0.02999779005655269,-0.0605795655091153,0.03749764653340802,-0.09807721204252332,0.0058832837157079,0.048238357243300604,-0.042355073527592706,0.0312999646708953,0.0499296244817636,-0.018629659810868303,0.0200799240270689,0.013551065468924806,0.006528858558144095,0.0573213683739531,0.05197138485735311,0.0053499835165999945,0.0462577214438716,0.03830146470692947,0.007956256736942134,0.0408259840460106,0.03707132318474369,0.003754660861266912,-0.0338655611624927,0.027596943529139887,-0.061462504691632586,0.0083321004424799,0.06167353729086582,-0.053341436848385916,0.073543501785158,0.018155704008185048,0.05538779777697296,0.0189481783676569,0.03947747106921381,-0.020529292701556907,0.0410845096191196,0.039831959386779775,0.001252550232339826,0.0384753418264644,0.039834972219619416,-0.001359630393155016,0.0203141693090263,0.03162526381381655,-0.011311094504790248,0.0354788912025116,0.05070338590739881,-0.01522449470488721,0.0284679871277752,0.05009415934995148,-0.021626172222176276,-0.0149615749832401,0.031150538644979693,-0.04611211362821979,0.0425922953216028,0.040251841177700524,0.0023404541439022777,0.0494128578068579,0.03127464534768125,0.01813821245917665,0.052187024966678,0.029938756962333776,0.022248268004344224,-0.0227656007389558,0.04164611950342594,-0.06441172024238175,-0.0525592034416181,0.06061291807728937,-0.11317212151890747,0.0805103810881033,0.037429712778791965,0.04308066830931133,0.0813110594526866,0.04252372292015977,0.038787336532526834,0.0825906350590235,0.0526048682256324,0.029985766833391103,0.1034747136405163,0.039791869242694615,0.06368284439782168,0.0201095597224273,0.02774123050394119,-0.0076316707815138884,0.0201861289326494,0.026799014264304956,-0.006612885331655556,-0.059297936183956,0.011537313024882057,-0.07083524920883806,0.0908534272436704,0.018078152182172517,0.07277527506149789,0.0985319383131746,0.05680176644327037,0.04173017186990423,0.0479188961386737,0.02930616034312517,0.01861273579554853,0.0445021270123467,0.020224731648276435,0.024277395364070267,0.0088042534936038,0.029034446793937258,-0.02023019330033346,-0.0002984460078375,0.027617890980917645,-0.027916336988755144,-0.0053028666371574,0.02474832523209722,-0.03005119186925462,0.0545306310214182,0.05212952838497215,0.002401102636446044,0.0312242897849645,0.038486257979248074,-0.007261968194283576,0.0267068998583284,0.038815926390902644,-0.012109026532574244,0.0571906047516718,0.03663040699594457,0.020560197755727233,0.0240446166611554,0.038912997281715885,-0.014868380620560485,0.0285316150766596,0.03792526171950412,-0.00939364664284452,-0.024863157350589,0.033019724622033744,-0.05788288197262274,0.0323475374738048,0.017847003572891082,0.014500533900913715,0.042406908032631,0.016791918084361947,0.025614989948269055,0.0148415274221388,0.02288119661808402,-0.008039669195945221,0.0304129507828869,0.03464057194110738,-0.004227621158220483,0.0207176851972256,0.03301401136680762,-0.012296326169582022,0.032075272780022,0.015003171604397727,0.01707210117562427
2011-03-01,-0.0149321807908794,-0.0058646745461829524,-0.009067506244696447,,0.005880670004015633,,-0.0587041094271496,0.024369349342792977,-0.08307345876994257,0.0068197002438729,0.031200799894527648,-0.02438109965065475,-0.004834269189861,-0.02387870073832546,0.01904443154846446,-0.0051201042476593,-0.02553959574706661,0.020419491499407312,-0.0108825225330612,-0.005607708787863415,-0.005274813745197785,-0.010205920393693,0.005777241294799438,-0.01598316168849244,-0.0146197438072737,0.004951751967118948,-0.01957149577439265,-0.027192142371113,-0.0007487902872647391,-0.02644335208384826,0.0031591856662401,0.006322494255713787,-0.0031633085894736865,0.038054554990526,-0.00402391655673931,0.04207847154726531,0.0189821340048946,0.00385038526372973,0.01513174874116487,-0.0421503834522085,0.007001347652279372,-0.049151731104487874,-0.006146576035606,0.026334714642876636,-0.032481290678482634,0.0361479660116667,0.019725041115419496,0.016422924896247203,0.0040417709035898,0.009280046225420873,-0.005238275321831073,0.0464425511585336,0.025074048764517742,0.02136850239401586,-0.0317785259802364,0.02119672069359169,-0.052975246673828094,-0.0312555154075535,0.02156222887711115,-0.05281774428466465,-0.0235082222620872,-0.012901418668304738,-0.010606803593782464,-0.0173267431810639,0.0011970443523063713,-0.01852378753337027,0.0079681026967985,0.0027878716133752364,0.0051802310834232635,0.0343209567504662,0.010709101454045555,0.023611855296420646,-0.0168045450972838,-0.00949546601221348,-0.00730907908507032,-0.0272488292307484,-0.008446803433390559,-0.01880202579735784,-0.0082886770799928,0.00015415182008744668,-0.008442828900080246,0.0410034778116399,0.014606490557084729,0.02639698725455517,0.0389294150368718,0.013513731682926659,0.02541568335394514,0.0003230422627277,0.0024409051372600195,-0.0021178628745323197,0.0110705972297158,0.01786471207597187,-0.006794114846256069,0.0061709849931106,0.004930056880808128,0.0012409281123024717,0.0048709683241776,0.0053065318176066505,-0.00043556349342905015,0.0365555120308141,0.02434278911077656,0.012212722920037538,-0.0795723921698982,0.00021324821201856815,-0.07978564038191677,0.0346657449869619,0.013441371016182568,0.02122437397077933,0.0080299056516371,-0.00010644163348262591,0.008136347285119727,0.0037968143474095,-0.009159336275133956,0.012956150622543456,-0.0426013712791732,-0.013056368600669449,-0.029545002678503747,0.0298013728627291,0.0023835734752375806,0.027417799387491518,0.0303604310228454,0.0022267262324570007,0.0281337047903884,-0.0581825892801683,-0.03048447120839502,-0.02769811807177328,-0.0007712143197565,0.010421472708786737,-0.011192687028543237,0.0555098941809717,0.014527761838565172,0.040982132342406524,0.0128298793227393,0.01737570130667147,-0.00454582198393217,0.0357866425242645,0.01621802405703488,0.01956861846722962,0.0044440554651529,0.015946008025418793,-0.011501952560265892,-0.0014004081103036,0.015055750627916826,-0.016456158738220424,0.0319250478512428,0.007571996215294191,0.024353051635948607,-0.0373629992628569,0.012633910938626342,-0.04999691020148324,-0.0206667929690307,-0.0030375370697476294,-0.017629255899283068,-0.028085549899081,-0.005100194335948797,-0.0229853555631322,-0.0142357272971552,-0.006532609368123467,-0.007703117929031733,0.017635073528905,0.006450441237692304,0.011184632291212696,,0.003241102994363993,,0.0426821370262535,-0.006824666066340188,0.04950680309259369,0.009234928276082,0.004776350090389996,0.004458578185692003,0.0038928692091032,0.004217564165161609,-0.00032469495605840946,0.0089136586072591,0.01612135522402182,-0.007207696616762719,0.0142491648913958,0.016221148110600915,-0.001971983219205114,0.0129243464905032,0.014862705596615438,-0.0019383591061122377,-0.0217205473748872,-0.0008500499891294422,-0.020870497385757757
2011-04-01,0.0279336490943065,0.017494633913976296,0.010439015180330205,,0.02482774217675045,,0.0877833721789343,0.035722541054210404,0.05206083112472389,0.04415087863541,0.05482384840904716,-0.010672969773637159,0.0013252295858215,0.006495734986718068,-0.005170505400896568,0.0009296784861169,0.007102134012489757,-0.006172455526372857,-0.0180064103116615,-0.008133752390547892,-0.009872657921113607,0.0131958035392803,0.042166131218329225,-0.028970327679048925,0.0115114393820427,0.04358657266642245,-0.03207513328437975,-0.0146500835079702,-0.0010761868882818578,-0.013573896619688343,0.0313277820684451,0.02465998916000506,0.006667792908440041,-0.0896131219049967,0.0007586633008120058,-0.09037178520580871,0.0314891596278323,0.019646847050905032,0.01184231257692727,0.0147764988038925,0.03258713292422798,-0.017810634120335476,0.0075905273447364,0.03519038296770978,-0.02759985562297338,-0.0104715361545207,0.030115807987205746,-0.04058734414172645,0.048475116057437,0.02212657976414617,0.026348536293290828,-0.0440653801368826,0.03827735095523035,-0.08234273109211294,0.0343439614281147,0.05473098310901417,-0.020387021680899467,0.0349347556774457,0.05617788874787156,-0.021243133070425857,-0.0274363850646645,-0.0016905692173575977,-0.025745815847306903,0.0761722580496905,0.03898142451269339,0.037190833536997106,0.0460184402247675,0.01487343061608647,0.031145009608681027,0.0331670228676628,0.017267193359822776,0.015899829507840024,0.0230714257272313,0.01381932269777108,0.009252103029460218,0.0241314297169281,0.01455761845661262,0.009573811260315479,0.0095422938123775,0.0014540011265309243,0.008088292685846576,0.017855957670434,0.03396631799233832,-0.01611036032190432,0.0208678104748859,0.0356551591293205,-0.014787348654434599,-0.0582112063926193,-0.007116454505627838,-0.05109475188699146,0.0438415525232454,0.035307853174179935,0.008533699349065463,0.0529987849781385,0.026604360580324823,0.026394424397813677,0.0519589698449757,0.02786566797379886,0.02409330187117684,-0.0611984448834174,0.009603198134123685,-0.07080164301754108,-0.0024980032168641,0.027985485453872746,-0.030483488670736844,0.0180303672169463,0.02518408973133709,-0.007153722514390792,0.0101237152331947,0.008298977947121536,0.0018247372860731633,0.0158196473332624,0.00159082527497409,0.01422882205828831,-0.0315458825130442,-0.016648316920881843,-0.014897565592162359,0.0736037114713065,0.020728125281710967,0.05287558618959553,0.0745375335355893,0.021426109832372406,0.05311142370321689,-0.0203438782625838,-0.0311253723379811,0.010781494075397299,0.009524658266816,0.02300145319738786,-0.013476794930571861,0.0176420289632784,0.026015442475146637,-0.008373413511868238,0.0407315732486669,0.022495752769889486,0.018235820478777413,0.0148798269853022,0.029398921071016767,-0.014519094085714567,0.0540213973310608,0.04059514109603988,0.013426256235020924,0.055429122434747,0.04182867196342219,0.013600450471324813,-0.0345886557292411,-0.0066584685429542335,-0.027930187186286867,0.013956190167623,0.02965543452049925,-0.01569924435287625,0.016170136313307,0.020784411458769667,-0.004614275145462667,0.0106227140406561,0.022010795277640872,-0.011388081236984772,0.0068512466343045,-0.001366042918554936,0.008217289552859436,0.025573843025475,0.02643055590298401,-0.000856712877509009,0.0288454712287315,0.027663610190837247,0.001181861037894253,-0.0228796937001067,-0.006995789035341187,-0.015883904664765514,0.0408537175422008,0.0187281096689551,0.022125607873245703,0.045430095650385,0.019738615751729912,0.025691479898655088,0.0154978000931782,0.010809159400569777,0.004688640692608423,0.0406165524256087,0.024131501200586887,0.016485051225021814,0.0454308158896156,0.02547549718845673,0.019955318701158874,-0.0403826721134041,0.003299215131585099,-0.0436818872449892
2011-05-01,-0.0276672261019269,-0.026766640166546063,-0.0009005859353808376,,-0.0027322446130596274,,0.0101407865092704,-0.00732269502490733,0.017463481534177733,-0.0412260749427505,-0.01138121316994183,-0.029844861772808665,-0.033395833302528,-0.03201713057237209,-0.0013787027301559104,-0.0338071357601663,-0.03227510521074428,-0.0015320305494220185,-0.0058743324569732,-0.02437518048943532,0.018500848032462117,-0.0224405442590028,-0.0029464326759847054,-0.019494111583018097,-0.0217330340030534,-0.001267707032620852,-0.020465326970432546,-0.082658884873781,-0.05199033773653977,-0.030668547137241223,-0.0149911744805751,-0.01784783157236694,0.00285665709179184,0.0085800974324465,-0.06062788760833278,0.06920798504077928,0.0007209692031632,-0.01690310901114106,0.01762407821430426,-0.0337275093783923,-0.013649979350681856,-0.02007753002771044,-0.0157380407910655,-0.014290446900782301,-0.0014475938902831983,-0.028958227306658,-0.019675309598688347,-0.009282917707969653,0.0336038510608756,-0.005683338240125961,0.039287189301001564,-0.0400254977673097,-0.01718970504240999,-0.022835792724899714,-0.0097961234755954,0.004279392619185987,-0.014075516094781387,-0.0070872532517705,0.006262781316726201,-0.013350034568496701,-0.0772602114910472,-0.049277840791268034,-0.027982370699779165,-0.0083285024810246,-0.024226389639230433,0.015897887158205833,0.0081398415642488,-0.009949089341878745,0.018088930906127544,0.0327946535572898,-0.022702053304350482,0.05549670686164028,-0.0247984579188778,-0.02490071342615145,0.00010225550727364918,-0.0274379655148387,-0.024030516576355087,-0.003407448938483614,0.1042617406820086,-0.028732636335741166,0.13299437701774977,-0.0598445166311201,-0.01977558662756418,-0.04006893000355592,-0.0614700686864646,-0.01800748286082136,-0.043462585825643246,-0.015898525852631,-0.051743083006384506,0.03584455715375351,-0.0227744600426131,-0.01129473761524387,-0.01147972242736923,0.0086341339837483,-0.01286243236094672,0.02149656634469502,0.0098858688485226,-0.01111416388397505,0.021000032732497648,-0.003747814750474,-0.021039296085661935,0.017291481335187934,-0.042133350979412,-0.03415823316896057,-0.007975117810451432,-0.0293831695465116,-0.014872864515838972,-0.014510305030672629,-0.0477277204374312,-0.03128036288929001,-0.016447357548141188,-0.0535068834341283,-0.039741638731180716,-0.013765244702947585,-0.0889122263727917,-0.05588864452956408,-0.033023581843227616,0.0275176655487884,-0.009840924663015116,0.037358590211803516,0.0285030415681796,-0.008513427723708698,0.0370164692918883,-0.0363401344282881,-0.07419506577992067,0.03785493135163257,-0.0599856786062563,-0.005079631888552363,-0.05490604671770394,-0.0031278073327337,-0.024591947582879546,0.021464140250145845,-0.0141438682887665,-0.013971150109831344,-0.00017271817893515715,0.0422080603529565,0.0014548533436448395,0.04075320700931166,-0.0056279233707922,0.0009183972083113676,-0.006546320579103568,-0.0086590319242767,0.003597248025291951,-0.012256279949568651,-0.0612804426247201,-0.05114303912164187,-0.010137403503078228,-0.0528245567375826,-0.026853930633922114,-0.025970626103660487,-0.0121931576219292,-0.019044437030776407,0.006851279408847206,-0.0153061653567575,-0.017945612191315814,0.0026394468345583132,-0.0013268385611522,-0.04198959302000468,0.04066275445885248,-0.0049967694819587,-0.018436808995768807,0.013440039513810106,-0.0021775694590349,-0.018543916654522586,0.016366347195487685,-0.0570997956910061,-0.058674320050416166,0.001574524359410065,0.0205020487348017,-0.006593866353931665,0.027095915088733366,0.0285607401802405,-0.005040581004129262,0.03360132118436976,-0.0156739253462852,-0.017245381975534196,0.0015714566292489955,0.0104492645225331,-0.012081651825744532,0.022530916348277634,0.0203410125727519,-0.009557010590794923,0.029898023163546825,0.0321450851911411,-0.03225113402931572,0.06439621922045682
2011-06-01,-0.0200479761420514,-0.022500989223514335,0.002453013081462934,,-0.00566707216933218,,0.055543510510325,-0.010608802499664925,0.06615231300998993,0.0096007931090812,-0.01860363148309567,0.02820442459217687,-0.019698487639058,-0.02285774028594179,0.0031592526468837874,-0.0199466408862473,-0.02363272324525616,0.003686082359008861,-0.026407890590725,-0.014554251192354525,-0.011853639398370475,-0.018871892419052,-0.013835205918593291,-0.005036686500458708,-0.0189850151113048,-0.012643697450843,-0.006341317660461799,-0.0543156270079408,-0.05577815129731785,0.0014625242893770499,-0.0155420176196696,-0.01681649303368877,0.0012744754140191685,0.0015275658580551,-0.05564780825157141,0.05717537410962651,-0.0086898001880078,-0.02067924050850234,0.01198944032049454,-0.0342844016168503,-0.018221246224637486,-0.016063155392212813,-0.0512222849524153,-0.01171257696885267,-0.039509707983562625,-0.0214288274621049,-0.015458123759651702,-0.005970703702453199,-0.0273454325672498,-0.008768043847556658,-0.01857738871969314,0.0122908544520981,-0.02102012707443486,0.03331098152653296,-0.0401919623295332,-0.006547145748563691,-0.0336448165809695,-0.0368358496018776,-0.0050555730314437615,-0.031780276570433835,-0.0221266032658039,-0.05311484619068033,0.03098824292487643,-0.0139989009144377,-0.029532404821346364,0.015533503906908663,-0.0136856011768853,-0.012649375116656685,-0.001036226060228615,-0.0281208313824284,-0.0262877943859297,-0.0018330369964986992,-0.0075639581382384,-0.0215738926068616,0.014009934468623201,0.0016215057183317,-0.020504939992292283,0.02212644571062398,-0.0252944046931115,-0.02371476779864258,-0.0015796368944689214,-0.0063229896829518,-0.020939758230182563,0.014616768547230763,-0.0027722609954014,-0.0200654436171378,0.017293182621736403,-0.0039695334302519,-0.0434865138228994,0.0395169803926475,-0.0044978046203383,-0.018754943168929634,0.014257138548591335,-0.016560397335643,-0.02200252133517261,0.0054421239995296085,-0.015768694802656,-0.02036874364367057,0.004600048841014569,-0.0379732897950177,-0.01742681922860842,-0.020546470566409278,-0.0405858548815992,-0.036573213798183596,-0.004012641083415605,0.0301272465431626,-0.01649824159396971,0.04662548813713231,-0.0203622199611662,-0.023370075530597362,0.003007855569431162,-0.0152040582426556,-0.028087101228400947,0.012883042985745347,-0.1036048008982732,-0.04018758297883234,-0.06341721791944085,-0.0200135408357593,-0.016560959426957466,-0.0034525814088018324,-0.0183847253387992,-0.015314751361416499,-0.0030699739773827027,-0.1003628709854406,-0.08142019057041798,-0.018942680415022617,-0.054320779184773,-0.012750115901025396,-0.0415706632837476,-0.0510957536952029,-0.016540128535248673,-0.03455562515995423,0.0027218599253391,-0.010992430509621457,0.013714290434960558,0.0295418748853753,-7.854136895005636e-05,0.029620416254325356,-0.0112950526145598,-0.007837757919399616,-0.0034572946951601843,-0.0150189034160225,-0.005860532988601955,-0.009158370427420544,-0.0156788532266164,-0.040684141647255034,0.025005288420638636,-0.0437602460945883,-0.025302410523293545,-0.018457835571294753,-0.0268065008791524,-0.01882093637846639,-0.00798556450068601,-0.0251097499170496,-0.019016414285924908,-0.0060933356311246925,0.0038452483584406,-0.035456844395422925,0.039302092753863524,-0.0026215503010565,-0.019810360487447574,0.017188810186391075,-0.001662419571531,-0.021886798093777454,0.020224378522246452,0.0879607508586899,-0.05396029556860384,0.14192104642729375,-0.0075451393016736,-0.009715681337345891,0.0021705420356722908,-0.0080303716287942,-0.009040582516280631,0.0010102108874864308,-0.0061946553788249,-0.014331395796330106,0.008136740417505207,-0.007107001447882,-0.011649341852334655,0.004542340404452655,-0.0052415697613428,-0.01037618596698951,0.00513461620564671,-0.0081150854702489,-0.03125429695495747,0.023139211484708568
2011-07-01,-0.0539591588170047,-0.03395668090106694,-0.02000247791593776,,-0.008105257216238159,,0.0115433934869877,-0.01804746219517296,0.02959085568216066,-0.102367998046654,-0.032946372750996086,-0.06942162529565792,-0.0399744970340076,-0.03510964881047028,-0.004864848223537319,-0.0409202953286227,-0.035499740546039174,-0.005420554782583527,0.0143842598631353,-0.026093482528904952,0.04047774239204025,0.0210587980584252,-0.015843063082892038,0.03690186114131724,0.0290964678677589,-0.013685958366652661,0.04278242623441156,0.0267913941984752,-0.07354081141879361,0.10033220561726881,-0.0063106353308837,-0.0259556280032888,0.0196449926724051,0.0429779034006353,-0.07919305101219354,0.12217095441282884,-0.0407354908888499,-0.026266417696015558,-0.014469073192834345,-0.0374768448578688,-0.025326638920575635,-0.012150205937293164,-0.0366227502610934,-0.025899465050260934,-0.010723285210832465,-0.0759432541754119,-0.03049821885445148,-0.04544503532096042,-0.0264518572614525,-0.010801387832692952,-0.01565046942875955,-0.1024043792005636,-0.03464906833344902,-0.06775531086711459,0.0340003888252656,-0.009649108779223358,0.043649497604488954,0.0463799272050883,-0.007330572525203001,0.0537104997302913,-0.04454890104659,-0.06689276096541322,0.02234385991882322,0.0731159161356276,-0.042210025556605635,0.11532594169223323,-0.0175456698284412,-0.01543707033599676,-0.0021085994924444403,-0.043767920674161,-0.03698061859777939,-0.006787302076381611,-0.0578684128342215,-0.031131917226844538,-0.02673649560737696,-0.0594750463290924,-0.029999535490590725,-0.029475510838501678,0.0185502074359882,-0.03706280709127072,0.05561301452725892,-0.0697817989630516,-0.033347273805971286,-0.036434525157080316,-0.0686575402459959,-0.03132713127411555,-0.03733040897188034,-0.0424072157092191,-0.0647504357462479,0.022343220037028808,-0.0970025819974111,-0.026990541050449034,-0.07001204094696206,-0.0322215118134005,-0.02645087217774359,-0.00577063963565691,-0.031742079287004,-0.023983699248650108,-0.007758380038353895,0.0738631019398186,-0.032238269576251685,0.10610137151607028,-0.0153348660474306,-0.05055599947336013,0.03522113342592953,-0.0279963397015713,-0.026133347116988732,-0.0018629925845825672,-0.0064029001543878,-0.03700428883705172,0.030601388682663922,-0.011329317046116,-0.04460252678756292,0.03327320974144692,-0.0070155622260859,-0.06179941013021606,0.054783847904130156,-0.029685964572139,-0.019937354100994356,-0.009748610471144645,-0.0292091506322193,-0.018005824800239368,-0.011203325831979933,0.018757411432548,-0.09862700529121084,0.11738441672375884,0.044941134384307,-0.013713818788405906,0.0586549531727129,-0.054340348519079,-0.0347468381584063,-0.0195935103606727,-0.0509083844725745,-0.021137586006456533,-0.029770798466117968,0.0114134774104338,-0.0034367575668838514,0.01485023497731765,0.0063847131326574,-0.01062577397236164,0.01701048710501904,0.0096281921279271,-0.007374807134846786,0.017002999262773887,-0.0104534407522384,-0.06218055215227368,0.05172711140003528,-0.0768909129496159,-0.040068866183197334,-0.03682204676641857,-0.0101022375360591,-0.027340105297795205,0.017237867761736105,-0.0132414073200657,-0.026474341215770802,0.013232933895705103,-0.0220012308921372,-0.05155611203583332,0.029554881143696116,-0.0501966007068909,-0.028915168421705852,-0.02128143228518505,-0.0482575675727248,-0.029717205490355145,-0.018540362082369654,-0.0656024018172611,-0.07339135708419972,0.007788955266938624,-0.0099230592370808,-0.012057439632078074,0.0021343803949972744,-0.0058890919294804,-0.010344368985977974,0.0044552770564975745,-0.0227653472415448,-0.024921587407295994,0.0021562401657511943,-0.0436481101605745,-0.02096887894953525,-0.022679231211039253,-0.0445034315460896,-0.01811110317321818,-0.02639232837287142,0.0053992801358333,-0.04201739136275497,0.047416671498588275
2011-08-01,-0.0826913715677251,-0.0854009483659581,0.002709576798232999,,-0.029472727922587177,,-0.0563072746168252,-0.053182725851840654,-0.0031245487649845458,-0.1336238862933936,-0.10803935613594372,-0.025584530157449895,-0.0753726006767653,-0.09627237574030378,0.02089977506353849,-0.0756566141418346,-0.0965882557027722,0.020931641560937603,-0.0327950476835373,-0.06421439507894998,0.03141934739541268,-0.0564553731624525,-0.05207178495487431,-0.0043835882075781915,-0.053246842887397,-0.048426626569728196,-0.004820216317668803,-0.1420090615316351,-0.13037719594365424,-0.01163186558798085,-0.0647328487303336,-0.06987260609357043,0.005139757363236838,,-0.15409167707180407,,-0.0318162716846665,-0.046471561873098075,0.014655290188431577,-0.126388861316777,-0.0673548146951092,-0.05903404662166781,-0.1023685782478081,-0.08474116460651865,-0.017627413641289447,-0.0863042052195115,-0.0914144190623872,0.005110213842875702,0.0110072968605699,-0.02254748710702688,0.03355478396759678,-0.0895200350981547,-0.09007778673757728,0.0005577516394225795,-0.050803802374706,-0.04996735992083566,-0.0008364424538703369,-0.0477069610826223,-0.0459852169288619,-0.0017217441537603975,-0.1052409809333858,-0.1147520562767691,0.009511075343383302,-0.05013340131075,-0.11531812909703174,0.06518472778628173,-0.0171595573783416,-0.024019162454982725,0.006859605076641125,-0.0639688793602241,-0.06576900123029222,0.0018001218700681165,-0.0799341604769379,-0.07573025129297503,-0.0042039091839628645,-0.0870867102352433,-0.07429592350227801,-0.012790786732965284,-0.0474586380838322,-0.08306966601727449,0.035611027933442285,-0.0897728970232447,-0.08674174495248298,-0.003031152070761725,-0.0821273962678376,-0.08238402922978974,0.0002566329619521357,-0.1890717859166121,-0.1315062059939746,-0.0575655799226375,-0.077780381303434,-0.06496891840840323,-0.012811462895030767,-0.0267331680382404,-0.04882156997676796,0.022088401938527562,-0.0194466308248555,-0.043813690297230326,0.024367059472374827,0.0033937503631629,-0.05831866606722406,0.061712416430386954,-0.0793309600905525,-0.10471564254256362,0.025384682452011115,-0.1172330707916507,-0.06514675492080496,-0.05208631587084574,-0.0884476502916656,-0.07789974647611513,-0.010547903815550472,-0.0859074866878065,-0.09381216141869274,0.00790467473088624,-0.0981710288205841,-0.12706774501917825,0.028896716198594158,-0.0182280979042246,-0.03557836375831995,0.01735026585409535,-0.0153933871253913,-0.03161049238994973,0.01621710526455843,-0.1362150586197039,-0.15060184536925256,0.014386786749548658,0.0919153098517857,-0.012556932309605461,0.10447224216139116,-0.1467541911149668,-0.11257882600718508,-0.03417536510778171,-0.0072753617099001,-0.06123810105225291,0.053962739342352815,0.0156189431087853,-0.02844508345917663,0.044064026567961934,-0.0229851741878765,-0.040918774199904445,0.017933600012027946,-0.0197480736406386,-0.03530906730856219,0.01556099366792359,-0.0979432401097843,-0.1286455993290269,0.030702359219242595,-0.0853787195535348,-0.09902473110143062,0.013646011547895825,-0.0717725416126343,-0.07251369376280987,0.0007411521501755752,-0.0782522026680462,-0.06944551653019232,-0.008806686137853875,-0.1174131891377395,-0.1050342110554536,-0.012378978082285899,-0.0501649053224914,-0.07082282474482088,0.02065791942232948,-0.0436873588611753,-0.06959039908412548,0.02590304022295018,-0.1146398255726363,-0.12938905258070782,0.01474922700807152,0.0167781106723718,-0.02428604040770181,0.04106415108007361,0.024719642783911,-0.019350223173919077,0.04406986595783008,-0.0061266500007034,-0.056340885458208645,0.050214235457505245,-0.0276967173119884,-0.05626619227461179,0.02856947496262339,-0.0228651881933314,-0.049424883280639535,0.026559695087308134,-0.0816606196619169,-0.08335921012572338,0.0016985904638064792
2011-09-01,-0.0673199566193742,-0.09899043787711231,0.03167048125773811,,-0.04293199597914579,,-0.0361215782506182,-0.08138094453369339,0.04525936628307519,-0.1271159178279756,-0.13962325050201632,0.012507332674040722,-0.1138043091722946,-0.09983111342027028,-0.013973195752024326,-0.1147554388401351,-0.09988374990459281,-0.01487168893554229,-0.0722421713286859,-0.06720890341206116,-0.005033267916624742,-0.0503417227335945,-0.07126590882457053,0.020924186090976023,-0.0437236514622801,-0.06773580171842085,0.02401215025614075,-0.1487154673435167,-0.14728780957299678,-0.0014276577705199245,-0.1978027282161311,-0.09025979492017523,-0.10754293329595586,,-0.1716174510098414,,-0.0443999651253635,-0.06060776507282384,0.01620779994746034,-0.0782667960146514,-0.0870798440661736,0.008813048051522193,-0.139863803502214,-0.11240660291610646,-0.02745720058610754,-0.1460294428797902,-0.11656773746621914,-0.029461705413571057,-0.0353447072286024,-0.04028602512671279,0.004941317898110392,-0.1511514551876248,-0.11540979093552961,-0.035741664252095184,-0.0225793347114858,-0.07721048268566005,0.05463114797417425,-0.0144401860687685,-0.07359815206744079,0.05915796599867229,-0.1212059488497249,-0.12682670221635467,0.005620753366629774,-0.227785290441916,-0.13452217393930138,-0.09326311650261462,-0.029413171499212,-0.03382902930961496,0.004415857810402962,-0.0861790877212635,-0.07706247431489797,-0.00911661340636552,-0.0951820301339318,-0.08572650961069911,-0.009455520523232688,-0.0957523728161646,-0.0848023055227898,-0.01095006729337479,-0.1393894785222732,-0.09219971179757645,-0.047189766724696755,-0.1662701506125632,-0.10958430265165695,-0.056685847960906255,-0.1667870760537375,-0.10493841161751466,-0.06184866443622283,-0.0932676901149482,-0.15173376420729712,0.05846607409234891,-0.1078333934598413,-0.08469451574287216,-0.02313887771696914,-0.0458557015937048,-0.061026767310504215,0.015171065716799416,-0.0419757889832497,-0.056649529100296116,0.014673740117046419,-0.0420569142411435,-0.068735705085201,0.02667879084405749,-0.3016725781683573,-0.12152861179280948,-0.1801439663755478,-0.1360853683466197,-0.08242566453281794,-0.05365970381380175,-0.1280274976197253,-0.09089922212860244,-0.03712827549112285,-0.1078198165813851,-0.101515142582166,-0.006304673999219107,-0.1528079106837415,-0.13788036743837367,-0.014927543245367825,-0.0296646823780936,-0.043029533542315535,0.013364851164221935,-0.0280763157128718,-0.039149432343739604,0.011073116630867803,-0.0894738575806742,-0.15345486132697891,0.06398100374630472,-0.1068679392413014,-0.024651262355879357,-0.08221667688542204,-0.1289245774719243,-0.1357620032231684,0.006837425751244103,-0.0773297968542747,-0.08410428731545659,0.006774490461181892,-0.0486145682266977,-0.048307531883852596,-0.0003070363428451031,-0.0216828924961373,-0.061836119497286186,0.040153227001148886,-0.0111967390559028,-0.0555498525095112,0.0443531134536084,-0.0983309711360808,-0.15516018508733492,0.05682921395125412,-0.2081825181818688,-0.12340560335537139,-0.08477691482649742,-0.1101515339755505,-0.08533933988991224,-0.024812194085638256,-0.107654440829454,-0.08096464444180276,-0.026689796387651232,-0.0866431343640408,-0.11719847474388258,0.030555340379841783,-0.0992396813993363,-0.08932000466996985,-0.009919676729366445,-0.0969400336416483,-0.08750220958472851,-0.009437824056919786,-0.1662400254653046,-0.1477609192248966,-0.018479106240407994,-0.0167126333101838,-0.03605420954857871,0.019341576238394907,-0.0093063685915143,-0.030678809058160898,0.021372440466646596,-0.0540585876279811,-0.07313154712047452,0.01907295949249342,-0.0642467976420744,-0.07423409694595816,0.009987299303883757,-0.0514402363573705,-0.06643402120239165,0.014993784845021153,-0.2152083821044045,-0.1019343144460455,-0.11327406765835898
2011-10-01,0.1042015220236572,0.13027022188164997,-0.02606869985799276,,0.07374694605028399,,0.1550727756715219,0.1147786348910547,0.04029414078046718,0.2037595465669664,0.20937855760104152,-0.005619011034075111,0.1150060317284248,0.12961953887401378,-0.014613507145588983,0.1135109165559358,0.13076389668854282,-0.017252980132607024,-0.0085019232290504,0.06509216708553978,-0.07359409031459017,0.1140761174007015,0.12209173081898082,-0.008015613418279319,0.1091619482323575,0.12008913229278012,-0.010927184060422618,0.0871175243568564,0.1335018490532904,-0.04638432469643401,0.1720954580563882,0.11957839200139674,0.05251706605499147,,0.174368370621472,,0.0749017867788984,0.08340620459591516,-0.00850441781701676,0.1973177735180403,0.1274663178790682,0.0698514556389721,0.2006407799640195,0.15613734684858635,0.044503433115433144,0.2202866754133794,0.15656560871080524,0.06372106670257416,0.0540354010874645,0.058613191277270084,-0.004577790189805586,0.2119246373025262,0.16421784507870898,0.04770679222381721,0.0918224880399509,0.14127497398398423,-0.04945248594403333,0.0868429466109206,0.13884777773437879,-0.05200483112345819,-0.0257823739396963,0.11699134184382977,-0.14277371578352607,0.1487319393906252,0.19380193895151593,-0.04506999956089072,0.0577660814875793,0.05154076438175901,0.006225317105820291,0.10544310000922,0.10394885985137117,0.0014942401578488251,0.1324297645260017,0.1126669653860423,0.01976279913995939,0.1359580223386359,0.1124887738953449,0.023469248443291013,0.1166042432070171,0.09812300532875651,0.018481237878260587,0.2292987359111465,0.15548470352537763,0.07381403238576886,0.231667617178485,0.153158387277664,0.07850922990082099,0.0248988024469896,0.13238286540885705,-0.10748406296186745,0.1192176608177276,0.1288083511743973,-0.009590690356669693,0.0500632398117129,0.09554197502094157,-0.04547873520922867,0.0505785354654908,0.09196167284702104,-0.041383137381530245,-0.0814742290835309,0.08968879197755777,-0.17116302106108866,0.2967646236501561,0.16748400910070949,0.12928061454944662,0.1463653908397565,0.11555852902729431,0.030806861812462186,0.1595831746252619,0.10940738722238502,0.05017578740287687,0.1462706307874727,0.12118774788697116,0.02508288290050155,0.1405276961054355,0.1218454979334389,0.018682198171996595,0.0504467684598342,0.07385317029873281,-0.02340640183889861,0.0488748852371654,0.0706399129448379,-0.021765027707672503,0.0144057895720399,0.09823538786496272,-0.08382959829292282,0.0565433466839921,0.04993538307855371,0.006607963605438388,0.1796953298522046,0.17604471772473285,0.003650612127471753,0.1155310801041063,0.10631294975992597,0.009218130344180328,0.0845585429319138,0.07924953589737897,0.005309007034534824,0.0824025604355262,0.1083122158873439,-0.025909655451817698,0.0678234808228338,0.10388217865552639,-0.03605869783269258,0.1313510252875832,0.12832266365276435,0.0030283616348188436,0.2092116145945509,0.16266302446556363,0.046548590128987266,0.1282444508738094,0.1178657984379773,0.010378652435832095,0.1358531976577026,0.11632590802727444,0.019527289630428157,0.0655544260817937,0.1176636311297579,-0.05210920504796421,0.1628320078194582,0.12368454491157216,0.03914746290788604,0.1615993370222082,0.12294941728613748,0.03864991973607071,0.0328667088762018,0.1293309750575141,-0.09646426618131229,0.0510433853214809,0.05732205536678022,-0.00627867004529932,0.0506497863650564,0.053202974105935,-0.0025531877408786,0.0737397532211345,0.08113054717431552,-0.007390793953181013,0.1271615123284367,0.10521502593594699,0.02194648639248971,0.1206263626005321,0.09937618013220338,0.021250182468328715,0.1263884213373589,0.09126267536406177,0.03512574597329712
2011-11-01,-0.0148986769973184,-0.00892926374766627,-0.005969413249652129,-0.0089035846678229,0.005580867746361525,-0.014484452414184425,-0.0319918284838772,0.008796332293641424,-0.04078816077751862,-0.0679883008008446,-0.01294440678480624,-0.05504389401603836,-0.0509503685093962,-0.022721777541565475,-0.028228590967830727,-0.053537626148732,-0.023021744171293206,-0.03051588197743879,-0.0103632291538869,-0.018043590230783786,0.0076803610768968866,-0.0119314207796115,-0.004521198211750386,-0.007410222567861114,-0.010137475362295,-0.0032200986684287067,-0.006917376693866293,-0.0673968161715278,-0.0424549900064535,-0.0249418261650743,-0.0110437148245952,-0.002364901048249711,-0.00867881377634549,0.0305776722849889,-0.03550815621883621,0.0660858285038251,0.0001625471605292,0.006346827035387897,-0.006184279874858697,0.0109313558935597,-0.0036174004496502396,0.014548756343209939,0.0404336855234826,-1.4843803812855313e-05,0.04044852932729546,0.0110529285971855,-0.0032635219456701057,0.014316450542855606,0.0155317449253613,0.013592323582859863,0.0019394213425014371,0.0491311526623513,-0.003645206632782647,0.05277635929513395,-0.0223671682489647,0.00583410851547717,-0.028201276764441868,-0.0198018237812867,0.007348456432690514,-0.027150280213977217,-0.0207746373777047,-0.03677905361289574,0.01600441623519104,-0.0305224737537716,-0.024344673377025013,-0.006177800376746586,0.0222414577257765,0.010836023338458772,0.011405434387317729,0.0472752729328642,-9.120707210648858e-05,0.04736648000497069,-0.0430826173933792,-0.009905442175349622,-0.03317717521802958,-0.04023961130886,-0.00854414564564033,-0.03169546566321967,-0.036508663782929,-0.02080418306170498,-0.015704480721224025,0.0056293193648357,-0.0016974950049682411,0.007326814369803941,0.0006568625372526,1.823771889104017e-05,0.0006386248183615598,-0.0590826324446797,-0.03592787345458614,-0.02315475899009356,0.0149945709648402,-0.0007818718759258676,0.015776442840766066,-0.0043931024629737,0.00024631883773710075,-0.0046394213007108,-0.005173120374426,0.0033856683086468603,-0.00855878868307286,-0.0586517074592156,0.009712751463791552,-0.06836445892300716,-0.0653348526458983,-0.0059844130559275335,-0.05935043958997077,-0.0234281527776977,-0.001709436242160312,-0.021718716535537388,0.0093740729951355,0.0018222441369856422,0.0075518288581498585,0.0203111153671534,-0.0038251966224446647,0.024136311989598064,-0.1364432069763674,-0.02994187266970273,-0.10650133430666466,0.0260256706256852,0.0031063112799519133,0.022919359345733286,0.0287107562382848,0.00524585567525291,0.02346490056303189,-0.1788768937780852,-0.0763623546206077,-0.10251453915747749,0.0199487333151415,0.020259730493654822,-0.00031099717851332254,-0.0062555281987482,-0.016790081286155834,0.010534553087407634,-0.0065591164452486,0.0021900324953783423,-0.008749148940626943,0.0231062000749865,0.009124602207058961,0.013981597867927539,0.0053269412604467,0.0036481929389082166,0.0016787483215384832,0.0111404244797048,0.004683251474708673,0.006457173004996127,-0.0711366805071423,-0.030950105905737435,-0.04018657460140486,-0.0119894883322085,-0.004193364898862935,-0.007796123433345565,-0.0406296380752752,-0.010493928993080935,-0.030135709082194262,-0.0469842240501346,-0.009989634658750711,-0.03699458939138389,-0.0206718426288933,-0.02316396235168147,0.002492119722788167,0.0013141323283555,-0.0019836342850366143,0.0032977666133921146,0.0036695184776083,-0.0027670310976354163,0.006436549575243717,-0.0712819156676152,-0.02859847218706447,-0.042683443480550726,0.0054906798346267,0.009173212198543806,-0.003682532363917106,0.0113790350902905,0.011213832454038062,0.0001652026362524376,0.0211788080960913,-0.0018861756492383652,0.023064983745329663,0.0133390709147164,0.003968809688135904,0.009370261226580495,0.0092251282533954,0.005818384251723789,0.0034067440016716105,-0.0636432744499808,-0.022072367086057178,-0.041570907363923625
2011-12-01,0.0696689959283862,0.014021679800471403,0.05564731612791479,0.0190669101775551,0.012085820019796531,0.006981090157758567,-0.0346149351999614,0.012936257887944485,-0.04755119308790588,-0.0199254362878135,-0.007759717658869009,-0.012165718628944491,0.0302505076033435,0.007583281764915231,0.02266722583842827,0.0304460933940693,0.007754122175706528,0.02269197121836277,-0.0216622059624682,-0.0031824913991137654,-0.018479714563354434,-0.0118532330644914,-0.000938378281351392,-0.010914854783140008,-0.0119590709437301,0.00014318754230703383,-0.012102258486037134,-0.0176241251100269,-0.03398855882171198,0.016364433711685077,-0.0047972168309609,0.011372620933297618,-0.016169837764258517,0.0994028173743239,-0.009927935430181025,0.10933075280450492,0.0489777412793014,0.01826017054890195,0.03071757073039945,-0.0346960832480374,0.006734777903488684,-0.04143086115152608,0.0111561398418853,0.011316612885541883,-0.00016047304365658308,0.0258636454501342,0.012031772543176385,0.013831872906957813,0.0187898737154949,0.019222230278562177,-0.00043235656306727516,-0.0108731903634764,0.005897739643356507,-0.016770930006832906,0.016345993752279,0.007199458418908022,0.009146535333370977,0.0223016800796523,0.007961955594785113,0.014339724484867186,0.0536406374399849,-0.023561602131882763,0.07720223957186767,-0.0571036755378756,-0.008073382884946722,-0.049030292652928874,0.0188047022143158,0.02033175379926276,-0.0015270515849469604,0.0258223470138652,0.012608633722712894,0.013213713291152306,0.0085492157242509,0.011325042797924394,-0.002775827073673494,0.0007754714960992,0.012604674919398807,-0.011829203423299607,0.0282780086660576,-0.007438985082380092,0.03571699374843769,-0.031361159242324,0.013681408192047243,-0.045042567434371246,-0.028543196937273,0.015286980371628418,-0.043830177308901416,-0.038605197978675,-0.020608686819575252,-0.01799651115909975,-0.0477398073865579,0.00527698413218558,-0.05301679151874348,0.0213865479403992,0.00785347213115193,0.013533075809247268,0.0230499089067839,0.010921002308235724,0.012128906598548175,-0.0194127401076632,0.023660916838374294,-0.04307365694603749,-0.0261805655557697,0.019201730589847546,-0.04538229614561724,0.0526841520588695,0.008233117399534064,0.044451034659335434,-0.0008783065925237,0.02751761782253452,-0.02839592441505822,0.0070872704881242,0.03026148438518641,-0.02317421389706221,0.0140411773227526,-0.00035201965726714866,0.01439319698001975,0.05248944910771,0.011549062203823953,0.040940386903886045,0.0541887796390594,0.013735406588340809,0.0404533730507186,-0.1102476362451129,-0.06946174640350904,-0.04078588984160386,-0.152070190255446,0.026306181492375805,-0.17837637174782178,-0.0164682489950327,0.0014973639243409075,-0.017965612919373607,-0.0636047301071434,0.011393838025035533,-0.07499856813217894,0.0472089066266342,0.01210595667051292,0.035102949956121274,0.0046342976918526,0.004803631798494751,-0.000169334106642151,0.0071067536803812,0.005051073011833492,0.0020556806685477075,-0.0052644347867369,-0.01695418658835627,0.01168975180161937,-0.0251960166672949,0.014625347066346744,-0.039821363733641646,0.0145201647232989,0.005052198834064713,0.009467965889234188,0.0148734287131526,0.0056757542439061165,0.009197674469246485,0.0250251172885228,-0.0024252637541175895,0.027450381042640387,0.0099967367807851,0.01201653126835081,-0.00201979448756571,,0.010999609686860702,,-0.0173687196575412,-0.007130525354539544,-0.010238194303001656,0.0376921993583728,0.016462164321807013,0.021230035036565786,0.0425657134035686,0.01819138898527268,0.02437432441829592,0.0068864723063217,0.00495331407009025,0.0019331582362314501,0.0158336368277302,0.013964448137706396,0.0018691886900238028,0.0142805789976887,0.01514469066040185,-0.0008641116627131507,-0.0135260219877612,-0.01451550728652512,0.0009894852987639199
2012-01-01,0.0488134945966271,0.05253437904456431,-0.003720884447937209,0.0449429339683042,0.030568721735730425,0.014374212232573774,0.1087775882395679,0.04414579557329073,0.06463179266627717,0.1569822199629683,0.10893995226432569,0.0480422676986426,0.0708371371549687,0.05748332036966675,0.013353816785301946,0.0724758720583011,0.057979578985792826,0.01449629307250827,0.0498684645221804,0.027366858617274906,0.02250160590490549,0.032410994949962,0.06082691002801698,-0.02841591507805498,0.0288424485283243,0.05963197592600148,-0.03078952739767718,0.1131524946560454,0.05781255873065471,0.055339935925390694,0.1318154858202875,0.04652483029872069,0.0852906555215668,0.1760959394929982,0.07053244990873939,0.10556348958425882,0.0150762583908545,0.02761082544084467,-0.012534567049990168,0.0880264083867876,0.05634609155135218,0.03168031683543542,0.0878111557968601,0.06893597307235276,0.018875182724507333,0.0770885922665215,0.06750182169251784,0.009586770574003659,-0.0065541501754233,0.013578942761626203,-0.020133092937049502,0.0911270141795236,0.07741293200007912,0.013714082179444476,0.1149569137103961,0.06914233873188531,0.04581457497851078,0.1108599202402697,0.06793154783492678,0.04292837240534292,-0.0010525149364756,0.0469881037782569,-0.0480406187147325,0.1623433263433077,0.09877609524706726,0.06356723109624043,0.0022606043997322,0.013407778531680119,-0.011147174131947919,0.0369171912551612,0.04484594534040361,-0.007928754085242413,0.0552751510849086,0.04573439162395097,0.009540759460957629,0.0589597009968713,0.045287328068783245,0.013672372928088053,0.088191998649194,0.04377774983805616,0.04441424881113784,0.1271728645251157,0.0679065012184688,0.05926636330664689,0.1310032227421718,0.06676439172157092,0.06423883102060088,0.0835004076876368,0.04903407009217664,0.03446633759546015,0.143667303780369,0.061619621449533916,0.08204768233083506,0.0393791871713263,0.04337015391755041,-0.003990966746224109,0.0363752410515271,0.04026176376510421,-0.0038865227135771105,0.1664895785458496,0.03626542834995149,0.13022415019589811,0.1937955237031319,0.0705848382072981,0.1232106854958338,0.0614132340167035,0.051426185574583984,0.009987048442119513,0.0252951502103231,0.03435749056949701,-0.009062340359173908,0.0176895051315983,0.04039273127426298,-0.022703226142664682,0.0941866931588176,0.039159605915157394,0.055027087243660205,0.0173963963261815,0.033497150343147944,-0.016100754016966444,0.0145839471200544,0.03116006422119777,-0.01657611710114337,0.129296959835307,0.04451273842148615,0.08478422141382086,0.0886974692113603,0.01250766708930451,0.0761898021220558,0.1597636568323694,0.08181806270655378,0.07794559412581561,0.1129142124882057,0.03950874867170862,0.07340546381649707,0.0251961161413584,0.03166475216398225,-0.006468636022623847,0.038323528878177,0.052178290268658244,-0.013854761390481245,0.0398538502721001,0.0509366653734548,-0.011082815101354698,0.0849387353377262,0.039988102450368206,0.04495063288735799,0.0716035177974585,0.06686180560263967,0.004741712194818823,0.0755612115895762,0.05259062273891302,0.02297058885066318,0.0754279768400883,0.052846761151202126,0.022581215688886172,0.0556888402640856,0.0441908523579225,0.011497987906163097,0.0322339440977854,0.05095205470851228,-0.018718110610726882,,0.050778264498850686,,0.1558075361156923,0.03973872087411918,0.11606881524157314,-0.0263851087839294,0.018344762484850615,-0.044729871268780017,-0.0317979577454996,0.0161926646258755,-0.0479906223713751,-0.0022510196842254,0.02985008341081033,-0.03210110309503573,0.06082528647576,0.043833613599146955,0.016991672876613045,0.0565454509790449,0.04154388156177424,0.015001569417270655,0.1161370810640969,0.030442997700500036,0.08569408336359687
2012-02-01,0.0392395654957173,0.0500962845729992,-0.010856719077281904,0.0253454005216307,0.03499476966251043,-0.00964936914087973,0.074389488972468,0.035465566804166404,0.038923922168301595,0.0477345042082937,0.059275612749439564,-0.011541108541145866,0.065938763634306,0.05532668154778068,0.010612082086525317,0.0680183607909081,0.057296984639555563,0.01072137615135254,0.0703566530376555,0.010039421844326244,0.060317231193329254,0.0595708670460369,0.05231228104700041,0.00725858599903649,0.060307626141201,0.05425213907468181,0.006055487066519191,0.0638552315626057,0.0015448704639811196,0.062310361098624575,0.0116280283181638,0.041892569802653476,-0.030264541484489677,0.0874505815212054,0.027087098392988188,0.06036348312821721,0.0477957851100762,0.0332069414667746,0.014588843643301597,0.0112201664484157,0.047392519051364455,-0.03617235260294875,0.0600717484886011,0.04435098547462289,0.015720763013978206,0.0526394057990411,0.04555555308048435,0.00708385271855675,0.0647960574673909,0.026973098159510704,0.03782295930788019,0.0462225171100735,0.04543407319673525,0.0007884439133382451,0.1117031548144243,0.058880448795221814,0.05282270601920249,0.1195006471554234,0.05968984532864367,0.059810801826779725,0.0596594234045366,0.012326485394086428,0.04733293801045017,0.0833239377037369,0.06585951740051037,0.017464420303226535,0.0095341943275138,0.02590514389217491,-0.01637094956466111,0.0619079491782342,0.028575054878643404,0.0333328942995908,0.0582890851828914,0.04524468335323531,0.013044401829656091,0.0642226975566066,0.045677657297943784,0.01854504025866282,-0.0385865930563139,0.015938163287591633,-0.05452475634390554,0.0554108140733899,0.05176521588236707,0.0036455981910228294,0.0522754533195625,0.05425752865925577,-0.0019820753396932664,-0.019611299241064,0.0027249209679232004,-0.0223362202089872,0.0198981901794444,0.040679450198368425,-0.020781260018924025,0.0236136064375879,0.036783136420601534,-0.013169529983013635,0.0208707464589729,0.03806833153208005,-0.01719758507310715,-0.0484315259638935,0.015857315015362805,-0.0642888409792563,-0.0311904360780666,0.06090689010628434,-0.09209732618435094,0.0034692939503337,0.03527217697217883,-0.031802883021845134,0.0565188144805535,0.038407531588927256,0.018111282891626244,0.0519088149442471,0.044779708242495886,0.007129106701751216,0.0038670554243432,0.016610080632596357,-0.012743025208253156,0.0032389102468112,0.0326772601619135,-0.029438349915102302,0.0026486591696631,0.033704432636164385,-0.031055773466501284,0.0763628183545472,-0.02737494948616017,0.10373776784070737,-0.013995725001384,0.027618405672910167,-0.04161413067429417,0.0463859561452704,0.04768793622613778,-0.0013019800808673834,0.0405330731577248,0.029102025314096377,0.011431047843628424,0.024902501943479,0.03203414295737706,-0.007131641013898061,0.0265266175455904,0.04319230495470396,-0.01666568740911356,0.019021288646004,0.04445476059927573,-0.025433471953271728,-0.0325707454619098,-0.001322307749325461,-0.03124843771258434,-0.0270851944620438,0.05069533616369152,-0.07778053062573531,0.0306637530553151,0.044434017533948926,-0.013770264478633824,0.0386321782984242,0.04707703024575335,-0.008444851947329149,0.0183272757027795,0.022192286294869558,-0.0038650105920900596,0.0127917525001107,0.04416577647429435,-0.03137402397418365,,0.04645943815535464,,0.0980270590994578,0.012114454371710796,0.085912604727747,0.0191222007690753,0.02765528844843949,-0.008533087679364192,0.0205538263613193,0.02874746861873513,-0.00819364225741583,0.0218816320577953,0.01197952877605679,0.009902103281738512,0.0250913508593701,0.03313592548491928,-0.00804457462554918,0.0245803514744234,0.03470182921795968,-0.010121477743536281,0.0655883572747102,0.008314884132616303,0.0572734731420939
2012-03-01,0.0236973341443288,0.03995577740864304,-0.01625844326431424,-0.0008988306764343,0.024569332892682778,-0.02546816356911708,0.0246393631479568,0.024378465763479146,0.0002608973844776541,0.0093493727372944,0.04089032865330056,-0.03154095591600616,0.0728816189985288,0.045031692066455686,0.02784992693207311,0.0743794374072923,0.04618722345571953,0.028192213951572773,0.0498494914127582,0.011900681489757694,0.0379488099230005,0.0324811664762459,0.03209642657039941,0.0003847399058464901,0.0319171473388339,0.033025168536640316,-0.0011080211978064178,0.0023643929530591,-0.001476212820894734,0.0038406057739538337,0.0120524472398554,0.030896400783617172,-0.018843953543761772,-0.0272731463382822,0.024419205044279652,-0.051692351382561855,0.0185197912545712,0.02566207344664833,-0.007142282192077128,0.0293295721613854,0.032952919123377014,-0.0036233469619916144,0.0391308512689995,0.0348500066471439,0.004280844621855601,0.0324553781696516,0.036647858415811384,-0.004192480246159785,0.0159470294942214,0.018663797373973237,-0.0027167678797518358,-0.0091118049006748,0.03474652527085498,-0.04385833017152978,0.0748254111123693,0.03757112740361872,0.037254283708750585,0.0795514751522369,0.03772400153795888,0.04182747361427802,-0.0313130662135017,0.006572130640832505,-0.03788519685433421,0.0343356408884728,0.04626120175118935,-0.011925560862716546,0.0263184674491793,0.02068978559289684,0.005628681856282458,-0.0011035411756917,0.025741659589614302,-0.026845200765306002,0.0427008375104505,0.035788490347126535,0.006912347163323965,0.0480162831566777,0.03622950909019768,0.011786774066480016,0.073571793635189,0.014558693191718215,0.05901310044347078,-0.0131087371013622,0.040072866600558095,-0.053181603701920294,-0.0174909066349245,0.04149512092454171,-0.058986027559466206,0.0326743242667913,0.0034237777220013504,0.02925054654478995,0.0357034854850771,0.02935334750431969,0.006350137980757408,0.0473016132906433,0.026261493210478316,0.021040120080164985,0.0491219270935755,0.027101600458440168,0.02202032663513533,-0.0846795925795783,0.022749986145954526,-0.10742957872553283,-0.086739400174615,0.04924423685104044,-0.13598363702565544,0.0009075962197969,0.02745478394710811,-0.02654718772731121,-0.0379492302403067,0.03607959040015375,-0.07402882064046046,-0.0348826284522629,0.04393615997959043,-0.07881878843185333,-0.1653204188351444,0.019513900583424934,-0.18483431941856932,0.0326499314436656,0.024913944916180448,0.0077359865274851496,0.0324310350130188,0.025629481573795337,0.0068015534392234615,-0.0185427288271028,-0.027199822492286564,0.008657093665183763,-0.1139940148000141,0.021713093597260834,-0.13570710839727493,0.0536897128464439,0.03837969678296118,0.015310016063482722,0.0419612834034316,0.022473565964702784,0.01948771743872882,0.0388599200274477,0.021736601235789972,0.01712331879165773,0.0543045105743521,0.027435231043109676,0.026869279531242424,0.0580056861076809,0.027814829898316518,0.030190856209364382,-0.038704346596076,-0.00032614396204133823,-0.038378202634034665,0.03614203507533,0.0401630308153999,-0.004020995740069901,0.0365917742934445,0.032968490568040375,0.0036232837254041236,0.0404047409350017,0.03461402089938086,0.005790720035620846,0.0026857716110305,0.01987418966303576,-0.017188418052005258,0.0313879613465807,0.03320375073108247,-0.001815789384501769,,0.03378847455920334,,0.0021085111688747,0.011272750957368956,-0.009164239788494257,0.0067418871526377,0.020487849959026114,-0.013745962806388415,0.0117756880402968,0.021084098453334137,-0.009308410413037337,-0.0097159131744185,0.011174410600976396,-0.020890323775394896,0.0232384243289129,0.026897353519065668,-0.003658929190152767,0.0260009845789845,0.02752524639942289,-0.0015242618204383898,0.0714181535119313,0.00274956346711737,0.06866859004481393
2012-04-01,-0.0168344213554316,-0.016506528386663753,-0.00032789296876784696,-0.0354728276905357,3.1928106234057924e-05,-0.03550475579676976,0.0097935879821445,-0.00314954382136267,0.01294313180350717,-0.0848386971280658,-0.017433602514101604,-0.0674050946139642,-0.0236547093465371,-0.024501024417437886,0.0008463150709007855,-0.0241014150187358,-0.024647770699745233,0.0005463556810094347,0.0219438355244991,-0.019895782004434207,0.04183961752893331,-0.0118241619253027,-0.006999433054458132,-0.004824728870844569,-0.0105243012489785,-0.0057009040720558835,-0.004823397176922617,-0.0083548597432579,-0.04629327790653363,0.03793841816327573,-0.0110275496973277,-0.011586396666520343,0.0005588469691926428,-0.0921694371392618,-0.044563480863357714,-0.04760595627590409,0.0239260787727337,-0.0036445098145966815,0.027570588587330382,-0.0189224108794747,-0.010217377675519595,-0.008705033203955104,0.0216909720375877,-0.01050656463392462,0.03219753667151232,-0.0038478451077695,-0.01365022188556138,0.009802376777791881,-0.0211333752817151,0.0027110070905917638,-0.023844382372306863,-0.0159820989714597,-0.012162963261011336,-0.0038191357104483646,-0.030413691770141,-0.00015138981502590813,-0.03026230195511509,-0.0287800958553277,0.001307371724513711,-0.03008746757984141,-0.0719741961293993,-0.04064321522896617,-0.03133098090043313,-0.0367221269211603,-0.025550236863271986,-0.011171890057888316,0.0126036477606829,0.002135371285881018,0.01046827647480188,-0.0060419211664435,-0.008014741595547943,0.001972820429104443,-0.0068445643285614,-0.015672461153238604,0.008827896824677203,0.0036991157016728,-0.014697111954597445,0.018396227656270244,0.0256759127120682,-0.023915684011424333,0.04959159672349253,-0.0115382131325354,-0.011440299459835435,-9.7913672699965e-05,-0.0167702332204071,-0.009670550516565216,-0.007099682703841885,-0.0669525878125422,-0.04421502375270698,-0.022737564059835215,-0.0234907675924062,-0.00707521359598869,-0.01641555399641751,0.0066757427428318,-0.004996404919810343,0.011672147662642143,0.0033449481847469,-0.002686778975334793,0.006031727160081693,-0.00189770495732,-0.0013918747613590387,-0.0005058301959609613,0.0340422119127575,-0.016329265639161518,0.050371477551919015,-0.0341075599852333,-0.008812171494396991,-0.02529538849083631,-0.0053137795887418,-0.011160207200013043,0.005846427611271242,-0.0055997137828761,-0.01582844292974898,0.01022872914687288,-0.219149372742876,-0.0394264040907392,-0.1797229686521368,0.0146783310999708,-0.0012558031580260872,0.015934134257996887,0.0164344655226943,0.0004552279115392884,0.015979237611155012,-0.0340375753828569,-0.0713080097921947,0.037270434409337805,-0.0584598077726605,0.009614445033800602,-0.06807425280646111,0.004438053105125,-0.02343020654293895,0.02786825964806395,0.0001791722216822,-0.008514618370914212,0.008693790592596413,0.0052988379016058,0.0015399567869289258,0.0037588811146768743,0.0179458472559099,-0.0013223997874165561,0.019268247043326456,0.0283356917160325,0.0003480230166887997,0.0279876686993437,-0.0587519348150703,-0.043175097190511554,-0.015576837624558748,-0.0296558754977581,-0.015889648129176665,-0.013766227368581435,-0.0082745463133317,-0.014784980052317922,0.006510433738986222,-0.0120313729169777,-0.013616208164552718,0.0015848352475750175,0.0150286170499389,-0.030375174640804605,0.0454037916907435,0.0121995800211199,-0.010508722604076998,0.0227083026251969,,-0.010750050410163763,,-0.0169286555373364,-0.04069169622654247,0.023763040689206073,0.0266704256983818,0.0015302295530556721,0.02514019614532613,0.0311610912890402,0.0034806043397257306,0.027680486949314468,-0.0018428973355494,-0.010533233708146388,0.008690336372596988,-0.0113564051922351,-0.0048301363430250975,-0.006526268849210002,-0.0153601283441277,-0.0025525415047718603,-0.01280758683935584,-0.0353508221479173,-0.028948342839746836,-0.006402479308170464
2012-05-01,-0.0514105201658699,-0.07899482928925014,0.027584309123380238,-0.0462727146567282,-0.03575092035854642,-0.010521794298181779,-0.0531221912148313,-0.05060562840976584,-0.0025165628050654587,-0.0791856980801509,-0.10806346289205322,0.028877764811902323,-0.1043765245904781,-0.09473970619809997,-0.009636818392378121,-0.1070954666900477,-0.09637830654315047,-0.010717160146897234,-0.0380830330848132,-0.04875096294388104,0.010667929859067837,-0.0768907539011274,-0.07038129729832042,-0.006509456602806982,-0.0754807313645958,-0.0694297144149197,-0.006051016949676094,-0.1593590966838007,-0.10132155463520681,-0.058037542048593876,-0.0730500531803662,-0.06730150221702065,-0.005748550963345547,-0.148336981520381,-0.11647739842272757,-0.031859583097653424,-0.0071900401370668,-0.03783802115718007,0.030647981020113266,-0.1552147202708046,-0.07034862469404173,-0.08486609557676288,-0.0531529993078675,-0.07433432555588215,0.02118132624801465,-0.0444008344617363,-0.0791005358193037,0.03469970135756739,-0.0487524932649448,-0.02289981111050709,-0.025852682154437714,-0.0689946815396881,-0.07734160908019548,0.008346927540507379,-0.0509047324384506,-0.06765235566566642,0.01674762322721582,-0.0460386939618513,-0.06571051827098179,0.01967182430913049,-0.1058934041467382,-0.09425309271898762,-0.011640311427750585,-0.1392379056081094,-0.1195107428672835,-0.019727162740825893,-0.0126894365834291,-0.018000453051860772,0.005311016468431672,-0.0288208182885994,-0.042688682973265536,0.013867864684666137,-0.0930376605410003,-0.07140659254893068,-0.02163106799206961,-0.0988457775954688,-0.07008239129301969,-0.02876338630244911,-0.0973362504130259,-0.06543808698945788,-0.03189816342356802,-0.1011323409719189,-0.0775122092795348,-0.023620131692384097,-0.1059554526984123,-0.07575283654670242,-0.030202616151709882,-0.1154779700485101,-0.09902471203565728,-0.016453258012852814,-0.0716561490313269,-0.05953088424770417,-0.012125264783622733,-0.0434915147287591,-0.04544774232676628,0.0019562275980071833,-0.0396211076825866,-0.041843746369541315,0.0022226386869547143,-0.0752294834627872,-0.017890173333161747,-0.057339310129625454,-0.1798489584393985,-0.08781515135289933,-0.09203380708649916,-0.0629254285431735,-0.05597820534405693,-0.006947223199116566,-0.1028028952256286,-0.054597270358409784,-0.04820562486721882,-0.095522688094502,-0.06527223969737979,-0.03025044839712221,-0.1545640234304017,-0.0922382815809737,-0.062325741849428004,-0.0286765482063329,-0.03163973846880605,0.002963190262473152,-0.0280366240655272,-0.028843535442614806,0.0008069113770876046,-0.0480091379669416,-0.11842107970025992,0.07041194173331833,-0.0764942883309451,-0.0051527530325037795,-0.07134153529844132,-0.0719214012985872,-0.10161663815185996,0.029695236853272758,-0.0589016064058814,-0.052563483518735764,-0.006338122887145636,-0.0482887670180982,-0.0349460128546771,-0.013342754163421101,-0.0151746373918121,-0.052130979423835315,0.036956342032023214,-0.0005998785182201,-0.04975354314081555,0.049153664622595454,-0.0756025144034236,-0.09604714863499611,0.020444634231572514,-0.1358032206448199,-0.08501108849995238,-0.05079213214486751,-0.0692410145855289,-0.0727852700834242,0.0035442554978952906,-0.0739854971523425,-0.07188112487861682,-0.0021043722737256743,-0.0893129214819259,-0.08179843420034487,-0.0075144872815810365,-0.0442485315232653,-0.06590715465344249,0.02165862313017719,,-0.06772659152874866,,-0.0503127139779294,-0.0939316530562215,0.043618939078292104,-0.016734263026895,-0.02329813675387538,0.00656387372698038,-0.0209731914019537,-0.019809544116995818,-0.001163647284957884,-0.0139175151537324,-0.03871495486951038,0.024797439715777983,-0.0535755081146161,-0.046040223505388195,-0.0075352846092279074,-0.0503640280047215,-0.04220873268433499,-0.008155295320386509,-0.0904391336802808,-0.07250975116745975,-0.017929382512821043
2012-06-01,0.073830848121553,0.04619898453948643,0.02763186358206656,0.0196554243133041,0.02724494645286615,-0.007589522139562051,-0.1195286489965378,0.03545448510320247,-0.15498313409974027,-0.0272422954889802,0.06662634531420207,-0.09386864080318227,0.0429675766027698,0.04815410493360546,-0.00518652833083566,0.0427856667854875,0.04881456769650724,-0.006028900911019736,-0.0133386312232959,0.01908464768576052,-0.03242327890905642,0.0336429088048984,0.04063152810975433,-0.006988619304855934,0.0366193739879769,0.04044593311508301,-0.0038265591271061106,-0.0013807579624577,0.024597876544956567,-0.025978634507414267,0.0479069508973843,0.038905552547971796,0.009001398349412507,-0.0322066880184301,0.04732431068113794,-0.07953099869956803,0.06380648512536,0.029974290048463702,0.03383219507689629,0.015007960678456,0.04245075226918528,-0.02744279159072928,0.0935003759211984,0.05115363116555214,0.042346744755646266,0.0427823488169482,0.051724236750607895,-0.008941887933659694,0.0039104320274478,0.019916700658657655,-0.016006268631209856,-0.0435430865537024,0.05401744011800249,-0.0975605266717049,0.0130764889318403,0.04849424408223927,-0.035417755150398966,0.0120921586813885,0.04794989274320327,-0.03585773406181477,0.0066928921225615,0.02434500526671803,-0.01765211314415653,-0.007788277316857,0.06398723770408452,-0.07177551502094151,0.0157988423365706,0.021050939308311457,-0.005252096971740856,0.075299633251822,0.037503811859353614,0.037795821392468384,0.0354233789187115,0.04034175183739646,-0.004918372918684959,0.0396676840253452,0.040574477032602245,-0.0009067930072570451,0.0620568937654746,0.027559056580479677,0.034497837184994926,-0.0052114272118659,0.05347619162740402,-0.058687618839269914,-0.0066391185851678,0.05361615833699264,-0.06025527692216044,0.0656170688844216,0.02586923945822501,0.0397478294261966,-0.0039219454212772,0.043429610361924595,-0.0473515557832018,0.0521361939373666,0.03415339436799672,0.01798279956936988,0.0539886947972007,0.03364781487448388,0.02034087992271682,-0.0963144612681062,0.03572790808969156,-0.13204236935779776,0.0774064537843928,0.06088458037827176,0.01652187340612104,0.0504124872655725,0.03898259691026545,0.011429890355307053,0.0590448632067802,0.04097541592556657,0.01806944728121363,0.0601637583669777,0.04796595456220032,0.012197803804777384,0.01433686865249,0.0322391047790994,-0.0179022361266094,0.0712103697879453,0.02944025239663614,0.04177011739130916,0.0700217490700337,0.0290282364756298,0.0409935125944039,-0.06050320381615,0.001074221045633825,-0.061577424861783824,0.0064555647833995,0.02247559795156154,-0.016020033168162043,0.0505193435164511,0.05637431649783563,-0.005854972981384529,0.0135733154485298,0.03259085306517955,-0.019017537616649753,-0.0318712143065542,0.02668167480984785,-0.05855288911640205,0.0425818832930881,0.03644381701209833,0.006138066280989771,0.0506369995606015,0.03565312907958343,0.014983870481018069,0.0363202965820817,0.02155534684826489,0.014764949733816809,0.0366644431146729,0.05417560926185026,-0.017511166147177362,0.0568210576540665,0.04033407839328898,0.016486979260777516,0.0553222152166509,0.040973273393528686,0.014348941823122213,0.0545507712147082,0.032666554013757974,0.021884217200950226,0.0437161320319141,0.04208019647439545,0.0016359355575186543,,0.041835143013249296,,0.0192114533043516,0.028766694332430127,-0.009555241028078528,0.0329879665316066,0.021834037397047264,0.011153929134559336,0.0282109226513344,0.021298528285126298,0.006912394366208101,0.054841633145853,0.022607528177841098,0.0322341049680119,0.0174586542412384,0.03654918760022391,-0.019090533358985508,0.022005415458132,0.03563255302230706,-0.013627137564175062,-0.0535444338215696,0.01591640609342912,-0.06946083991499871
2012-07-01,-0.0110292496462158,0.005354854631758884,-0.01638410427797468,0.0237228281584973,0.013685715651193893,0.010037112507303407,0.0273587342346622,0.0022588848314918546,0.025099849403170345,-0.0078939875062311,-0.006016842230507567,-0.0018771452757235336,0.0030329729391354,0.007440852206567166,-0.004407879267431766,0.0036828119007107,0.008959039360868119,-0.005276227460157419,0.0088048381766596,-0.01627823254530734,0.025083070721966944,0.0081438195941699,0.015376825771185144,-0.007233006177015243,0.0109750910954072,0.018415253105212682,-0.007440162009805481,-0.0422837067203595,-0.0528899705874698,0.010606263867110305,0.0094242406849466,0.003369022247970652,0.006055218436975948,-0.1254641354277552,-0.04046485610191772,-0.08499927932583748,0.0420835855975663,0.006397203101258634,0.035686382496307664,-0.0337723046963993,0.006988875591734969,-0.040761180288134274,-0.0294657230274679,-0.003870009103840588,-0.025595713923627313,-0.0110985849428266,-0.004367488492545109,-0.006731096450281491,0.0359960308224625,0.011025607153053226,0.024970423669409273,0.0515821265089293,-0.0065046990812857594,0.05808682559021506,0.0266053070629972,0.019297513409840157,0.007307793653157042,0.0286379687616803,0.021432809294705514,0.007205159466974784,-0.0059092604708335,-0.03619379527679015,0.030284534805956647,-0.1227521320062975,0.0006652060362948659,-0.12341733804259238,-0.0147207017246336,0.010348806336943125,-0.025069508061576727,-0.0371477318486374,-0.006671715962368143,-0.030476015886269258,-0.0354334781163074,0.0058266166614887385,-0.04126009477779614,-0.0356438591030014,0.006682943381260347,-0.042326802484261745,-0.0028459119442534,-0.021203176024575984,0.018357264080322584,-0.0011957778455716,0.002121266462203739,-0.003317044307775339,-0.0018159506650068,0.005841458295185508,-0.007657408960192308,-0.0375777456901451,-0.050141260278500736,0.012563514588355633,0.0110459171633986,0.0005572183562911664,0.010488698807107434,0.0042547428480682,0.006074104383861071,-0.0018193615357928712,0.0067167197133407,0.009214713856109856,-0.0024979941427691558,0.0513472916712615,-0.013615049974138045,0.06496234164539955,-0.0515755403747236,0.003907351171697793,-0.055482891546421394,-0.053375349547062,-0.0017129599811277602,-0.05166238956593424,0.0306835253719237,0.00042705962867778564,0.030256465743245912,0.0298960852151513,0.0005589817264169249,0.029337103488734376,0.0334865572388169,-0.03371775121188281,0.0672043084506997,0.0439420580881451,0.009155500511546968,0.03478655757659813,0.0434788713965242,0.011683050210873158,0.03179582118565104,0.0894134697761222,-0.08040742517015544,0.16982089494627764,-0.0658269394703329,0.014708784351274332,-0.08053572382160723,-0.0153350770004962,-0.010845138959028052,-0.004489938041468147,0.0709237046057324,-0.0039217410850314405,0.07484544569076385,-0.0507094400119638,0.010760304468674901,-0.0614697444806387,0.027018668628342,0.01229212988550054,0.01472653874284146,0.0322742578142133,0.015484526447172835,0.016789731367040466,-0.0385229719372794,-0.05171283804560652,0.01318986610832712,-0.0531033602007871,-0.0026209575535780898,-0.050482402647209004,0.0085483862550425,0.004637888318906227,0.003910497936136274,0.0081737102117807,0.007910731295796787,0.0002629789159839125,-0.0204095407176898,-0.023416040419316584,0.0030064997016267837,0.0011937236430186,0.00413602238651693,-0.00294229874349833,,0.006488557584721947,,-0.0419598958450686,-0.040393448146484774,-0.0015664476985838283,0.0330333774562928,0.010920686266555887,0.02211269118973691,0.0368862771176849,0.013770389010711134,0.023115888106973764,-0.0077961960257636,-0.014976646964087625,0.007180450938324026,0.0208282664996006,0.0005904142672851525,0.020237852232315445,0.0244108469693227,0.0045585503524145105,0.01985229661690819,0.018591204438125,-0.02680061474129621,0.045391819179421214
2012-08-01,0.0135924138919552,0.035038636064267485,-0.021446222172312283,-0.0323950376699535,0.01702744644096886,-0.04942248411092236,0.0904250995725595,0.01260337831316504,0.07782172125939446,0.0356982921211927,0.04815067230326821,-0.012452380182075506,0.0416588530866398,0.049643513365559756,-0.007984660278919954,0.0422791064277434,0.05044398989947984,-0.00816488347173644,0.0277445246683651,0.01892047044438931,0.00882405422397579,0.0398702791014993,0.029300535668710295,0.010569743432789002,0.0401975911325226,0.029360070342030784,0.010837520790491818,-0.0021156059292807,0.006546565775914187,-0.008662171705194887,0.0185770245120613,0.023374310539531106,-0.0047972860274698055,0.0208875541515237,0.026942931836155082,-0.0060553776846313835,0.000797083091742,0.010867135318094643,-0.010070052226352643,0.0947485934351627,0.027339217593120864,0.06740937584204185,0.0896416611412679,0.03176661802054873,0.057875043120719165,0.058223802547941,0.03360896163163005,0.024614840916310957,0.0307931280868234,0.0017624098976174718,0.029030718189205926,0.0379146901985978,0.032454182839384414,0.005460507359213385,0.0583380757624191,0.03141989580812509,0.026918179954294012,0.0604819656034648,0.030878786236193407,0.02960317936727139,0.0694731793264939,0.009212586007806226,0.060260593318687675,0.1042665640909049,0.053862281178769865,0.050404282912135036,0.0372154673182483,0.005917834813955055,0.031297632504293245,0.024443051475869,0.0181304155807135,0.006312635895155502,0.0632244300340504,0.03192967726423321,0.03129475276981719,0.0742505588297277,0.031797380575120375,0.04245317825460732,-0.0589050545360952,0.02071968314609424,-0.07962473768218944,0.0445338487403433,0.033642238183724665,0.010891610556618636,0.0451617716004956,0.0338899161112125,0.011271855489283104,0.0083386807571104,0.009512977876583452,-0.0011742971194730525,0.0374817913711984,0.025015089381557148,0.012466701989641251,0.0166148847796768,0.018111980862699256,-0.0014970960830224568,0.0117381375596821,0.016834160321657278,-0.005096022761975178,-0.0268416418441033,0.014393265035805888,-0.04123490687990919,0.0081117528464618,0.038973705784705076,-0.030861952938243276,0.0343080896990706,0.023380199706670303,0.010927889992400297,0.0283775873735727,0.023106370808629123,0.005271216564943577,0.0246659399267071,0.03346507631995037,-0.008799136393243267,-0.0299210984118689,0.021047250742493667,-0.05096834915436257,-0.0053322605705356,0.017099378286531564,-0.022431638857067164,-0.005034405484342,0.01643450482567412,-0.021468910310016118,-0.0964451737481996,-0.007064873815858955,-0.08938029993234065,0.1612850235616724,0.0012291935186963061,0.1600558300429761,0.0588557736200669,0.0453381096786207,0.013517663941446198,0.0217353408744315,0.015118546725510117,0.006616794148921384,0.0213497111991929,0.013848370357953485,0.007501340841239414,0.0376745996027003,0.02214707087026013,0.015527528732440173,0.0353391114367342,0.022471558638551967,0.01286755279818223,-0.0281786914690754,0.0010444124970517036,-0.029223103966127102,-0.0063154765024329,0.03253804297923919,-0.038853519481672094,0.020654335175999,0.03185011201854884,-0.011195776842549843,0.019921096628462,0.03311024543542905,-0.01318914880696705,-0.0012957385147393,0.020203628622416085,-0.021499367137155386,-0.0003791647305891,0.025587050480995067,-0.025966215211584168,,0.02539390164992562,,-0.0368900663767688,0.005634450138605414,-0.042524516515374214,-0.0284013161544894,0.008183604877890318,-0.036584921032379716,-0.0304357614290303,0.007418544148620942,-0.037854305577651244,0.0230168724391036,0.0070007965421309765,0.016016075896972626,-0.0019855441019259,0.02022091917333601,-0.02220646327526191,-0.0095056497763315,0.01985522335943799,-0.029360873135769492,-0.0412603531312558,0.0017477214741951467,-0.04300807460545095
2012-09-01,0.0528013398975798,0.03835220677871212,0.014449133118867676,-0.0257097123072465,0.019826257422236513,-0.04553596972948301,-0.0034032403928218,0.020845696031924203,-0.024248936424746004,0.0239037579862975,0.03695007109550659,-0.01304631310920909,0.0417760452595946,0.04267986106496714,-0.0009038158053725417,0.0421846591709172,0.043360244470915604,-0.001175585299998401,0.0135310807629299,0.01597584369345283,-0.002444762930522929,0.0434180498151592,0.02299875690609531,0.02041929290906389,0.0441972513456714,0.02292695884762207,0.02127029249804933,0.0372868181212853,0.006836106422467056,0.030450711698818245,0.0289404503665416,0.027694979184179135,0.0012454711823624634,0.050953284998675,0.03378870068428734,0.01716458431438766,0.0436325591408541,0.025555102940761906,0.018077456200092195,-5.975812593502032e-05,0.028424896118003147,-0.028484654243938166,0.0707423118594763,0.033832357407769666,0.03690995445170663,0.0613038789930243,0.03629237619733735,0.025011502795686952,0.0239378968634918,0.015129580892695435,0.008808315970796364,0.0149837235880904,0.035377410282960174,-0.020393686694869774,-0.0120953398123558,0.027605982540647604,-0.0397013223530034,-0.0114498560146518,0.027011118391206623,-0.038460974405858425,-0.0189134762206656,0.011807761127331779,-0.03072123734799738,0.0763035329318702,0.041573879585200424,0.034729653346669775,0.0116278980418146,0.020355920640707126,-0.008728022598892526,0.069931123262553,0.031570117141256376,0.03836100612129663,0.0162507088669784,0.03414314158106242,-0.01789243271408402,0.0135067631929806,0.03444372977100458,-0.020936966578023977,0.1163938952511772,0.01888600760785161,0.09750788764332559,0.0149161400090446,0.03899649192244336,-0.02408035191339876,0.0197506049499133,0.039504756292478044,-0.019754151342564745,-0.0119084602086514,0.011345886686738181,-0.02325434689538958,0.0111402386900017,0.028429631102264888,-0.01728939241226319,0.0506556844293874,0.025396249669107068,0.025259434760280332,0.0476443915617739,0.02554808701592157,0.02209630454585233,0.0092115980899736,0.03456130589074696,-0.025349707800773363,0.0501403162301543,0.05092391820060843,-0.0007836019704541286,0.0510849114411599,0.02766757865912238,0.023417332782037517,0.0339400153986456,0.03996335639590757,-0.0060233409972619695,0.0310964143489203,0.04975786029343648,-0.018661445944516176,0.0722446718490666,0.027925016487954445,0.04431965536111216,0.0452506029287226,0.024743855433931167,0.020506747494791432,0.0453868160662582,0.0249545565211713,0.020432259545086897,0.0454336694893126,-0.01496398488608593,0.06039765437539853,0.1173480807386178,0.021801388171032596,0.0955466925675852,0.0379270630655474,0.03786263063520702,6.44324303403776e-05,0.0107537149238116,0.02142303848066139,-0.010669323556849792,0.0408445644876063,0.016220802186513818,0.024623762301092485,0.0207531400168746,0.020659510932487014,9.362908438758505e-05,0.019864585372962,0.02004244776541109,-0.00017786239244909144,0.0546775785062214,0.006550415222819753,0.04812716328340165,0.0624577022765586,0.04017455505297696,0.022283147223581642,0.0182629928388072,0.029968425006728822,-0.011705432167921623,0.019449530261749,0.03103692787827226,-0.011587397616523259,0.0410376308180765,0.024920958648350918,0.016116672169725583,-0.0150781987632465,0.031207107698124494,-0.046285306461370995,,0.030832176132496596,,-0.0182445313055966,0.019679810133797073,-0.037924341439393675,0.015911222624113,0.018353756998043216,-0.0024425343739302163,0.0098965475456622,0.0184829254469658,-0.008586377901303599,0.0360381452877361,0.01455955002571376,0.021478595262022337,0.0018004803847132,0.027177182331430374,-0.025376701946717175,-0.0002356683703335,0.02690102217247363,-0.02713669054280713,0.0128525163276668,0.003601612130792804,0.009250904196873995
2012-10-01,-0.0397451990682703,-0.003309906689873681,-0.03643529237839662,,-0.009314275648256785,,-0.0154296776257305,-0.03431622338573315,0.01888654576000265,0.0421447053042718,-0.05423719488207289,0.09638190018634468,0.0178760938639269,0.011958875798443895,0.005917218065483006,0.0192370327805743,0.012593844873485614,0.006643187907088687,0.0367467970187549,-0.0021294008375421975,0.0388761978562971,-0.0436400419690319,-0.030304099003847475,-0.013335942965184425,-0.0453792294378373,-0.02949717858797112,-0.015882050849866183,-0.0417356326950546,-0.05959779260947915,0.017862159914424552,-0.0137330998576799,-0.019501564662265287,0.005768464804585387,0.0375589112373417,-0.03394042146102721,0.07149933269836892,-0.0124207013823653,-0.007252183478638186,-0.005168517903727114,-0.1083283611888387,-0.02356990747126678,-0.08475845371757193,0.0502508923361644,-0.030592873844761292,0.08084376618092569,0.0403192166532592,-0.02502641548368163,0.06534563213694083,0.0159649005255939,-0.01276760210419967,0.028732502629793568,0.0191170864852486,-0.03393669667279758,0.05305378315804618,-0.0805858872795407,-0.03628457880745599,-0.044301308472084716,-0.082079007453369,-0.03633163874000079,-0.045747368713368215,-0.0760657905840087,-0.04135600273047081,-0.034709787853537885,0.0343518507821759,-0.03195532886904438,0.06630717965122028,0.0040208315234754,0.001491666095815489,0.002529165427659911,-0.0402946426950081,-0.007675701121909657,-0.03261894157309844,0.0343027849432504,-0.00039562850610971634,0.034698413449360116,0.038892701650759,-6.267083569411217e-05,0.03895537248645311,0.0419814535634298,-0.01760450895816591,0.0595859625215957,-0.0042009797328039,-0.02145327760786945,0.017252297875065548,-0.0104879602024927,-0.019654614604451733,0.009166654401959032,-0.0405927437996874,-0.04875497187559753,0.008162228075910133,-0.0213231877048968,-0.027078228062106587,0.0057550403572097855,-0.0302058287321052,-0.013787137004238965,-0.016418691727866235,-0.0270039927537097,-0.012252863708142473,-0.014751129045567227,-0.0605472045571488,0.003973588614782216,-0.06452079317193102,0.0570705911852388,-0.006778389681257412,0.06384898086649621,0.0268892211691829,-0.018800374869205206,0.04568959603838811,-0.013618018316081,0.00773387611179104,-0.02135189442787204,-0.0161987787314934,0.021400374099131397,-0.0375991528306248,0.0514332036397707,-0.011180253689534831,0.06261345732930552,0.0025786555624969,-0.002072550997166978,0.004651206559663878,0.0057662284787702,-0.00033443595179501645,0.006100664430565216,0.0256729065106069,-0.07068169751631485,0.09635460402692175,-0.0162884978548457,0.0002709356456076963,-0.016559433500453396,0.0097814802540966,-0.027768520442296715,0.03755000069639332,0.0067266535039733,-0.024660934334780414,0.031387587838753714,-0.0610795174609142,-0.019842381383154258,-0.041237136077759945,-0.005616897623363,-0.029049721908050507,0.023432824284687508,-0.002907363701718,-0.027686460451271256,0.024779096749553257,-0.0409882864575979,-0.05629579792908221,0.015307511471484306,-0.0444644438531647,-0.022606156026025268,-0.02185828782713943,0.0087741488400067,-0.011429474562724895,0.020203623402731595,0.0120107173831408,-0.008849498800970322,0.020860216184111123,-0.0278749841198493,-0.01794035156650763,-0.00993463255334167,0.0207147237811102,-0.016600404026127537,0.03731512780723774,,-0.016997172326516645,,-0.0103813387141042,-0.03580645025198732,0.025425111537883124,0.0103622791465109,-0.004581253411426025,0.014943532557936925,0.008075654897906,-0.0026635210253472103,0.01073917592325321,-0.0126256189061974,-0.022255218046945035,0.009629599140747635,0.0205933295729742,-0.014733299760687523,0.03532662933366172,0.0256153496247467,-0.012400472574398361,0.038015822199145066,0.0139152365430192,-0.04283323771711499,0.056748474260134185
2012-11-01,0.0144139796026129,0.0020873824121152153,0.012326597190497684,,0.008601776985398038,,0.0391335716651625,0.012375649344516494,0.026757922320646006,0.0319065335063587,0.014804808358589591,0.017101725147769108,0.0019993303173612,-0.006256214178015639,0.008255544495376839,0.0026463424739504,-0.0063577211694018166,0.009004063643352217,-0.0224368689727291,-0.008081010433710671,-0.01435585853901843,0.0143250762307251,0.009328576669599607,0.004996499561125493,0.0133319215516329,0.009758088705111927,0.003573832846520974,0.0609319778419311,-0.015644050417055893,0.07657602825898699,0.0133818366877676,0.004891069647011506,0.008490767040756093,-0.0707260831810795,-0.01033170974987403,-0.06039437343120546,-0.0089531210147454,0.00894676725449222,-0.01789988826923762,0.0444031086447068,0.007920829630688362,0.03648227901401844,-0.0145522078867903,0.01195341947536216,-0.026505627362152458,0.0419241751966705,0.00917587130482004,0.03274830389185046,0.0123254752720314,0.00913863946933482,0.00318683580269658,0.0592706324929623,0.013973255831184011,0.045297376661778285,-0.0008280807731586,0.017482193649586083,-0.018310274422744684,-0.002619068113471,0.018131380136551533,-0.02075044825002253,-0.0503364091209369,-0.0149219023239583,-0.0354145067969786,0.0122123851640864,0.004539664830801165,0.0076727203332852345,0.0359126659844161,0.00905557026470442,0.02685709571971168,0.0167594952092258,0.011154446756069712,0.005605048453156087,0.001075299933442,0.0005414384415694984,0.0005338614918725016,-7.533037800193535e-05,0.001227157204924113,-0.0013024875829260483,0.0197299446703946,-0.005596810787076948,0.025326755457471546,0.021547140007519,0.011658914777004105,0.009888225230514894,0.0143307797429772,0.012566689920439671,0.0017640898225375293,0.0303587715386255,-0.01710000757965542,0.04745877911828092,0.0546792897042181,0.013346621123474555,0.041332668580743546,0.0093581283516141,0.010623231743357005,-0.0012651033917429055,0.0126097386221813,0.011727564394887795,0.0008821742272935047,-0.0731706612588321,0.01606519226749473,-0.08923585352632683,0.0356175488838356,0.01044042587134687,0.02517712301248873,0.0261285702094716,0.00913157312793941,0.01699699708153219,-0.0171271867514114,0.005272893262746178,-0.02240008001415758,-0.0200237063868022,0.002914293772801621,-0.02293800015960382,0.0390660454701894,-0.016411532121211228,0.05547757759140063,0.0067854501358821,0.010514398497468127,-0.003728948361586027,0.006565126695774,0.01125593548393022,-0.00469080878815622,-0.0171666088410208,-0.03910898202221762,0.021942373181196816,-0.1133502780216952,0.016482409285135606,-0.1298326873068308,0.0094643647665888,0.0028349849164585514,0.006629379850130249,0.0385721659368055,0.006371239827898317,0.03220092610890718,0.0268444545694527,0.010084651658411254,0.016759802911041448,0.02257877324604,0.01288483332862781,0.00969393991741219,0.0232198687255043,0.013370642708998404,0.009849226016505896,-0.0146278773508763,-0.017867760730591792,0.0032398833797154924,0.011829838573949,0.008682744125501383,0.003147094448447617,-0.0073144047502214,0.0022940294514352823,-0.009608434201656682,-0.0058355832127343,0.0030655140047076185,-0.008901097217441919,-0.0067722202538985,-0.00866565733682925,0.0018934370829307504,0.0207942173480644,0.007508852181558023,0.013285365166506378,,0.0071491785789047505,,-0.0453530640580493,-0.013968297182246018,-0.031384766875803286,-0.0264273361061855,0.008703567935059428,-0.03513090404124493,-0.0247387438613563,0.0097244623004397,-0.034463206161796,-0.0101224368775597,0.003356384871939144,-0.013478821749498845,0.013467326850305,0.01057480447696731,0.0028925223733376904,0.0130432584285342,0.011518155581381636,0.0015251028471525638,-0.0254183060792055,-0.011722460227487462,-0.01369584585171804
2012-12-01,0.0137267419329982,0.03219235382367478,-0.01846561189067658,0.0238529649454206,0.00672328746845062,0.01712967747696998,0.0129991721358962,0.0011283528957575055,0.011870819240138695,0.0782055509582303,0.021327235189360718,0.05687831576886958,0.0491134383038144,0.0487558008192447,0.0003576374845696978,0.0500539594557963,0.04861166571376179,0.0014422937420345075,-0.002875004330169,0.02763814191420767,-0.03051314624437667,0.0173340755283328,0.0015725380305106642,0.015761537497822133,0.0168503799067569,0.0003930377615407765,0.016457342145216124,0.0128726809209954,0.000786767820712585,0.012085913100282815,0.0655082870592799,0.015855628849569845,0.04965265820971006,0.0319034879567272,0.03177259432342997,0.00013089363329722714,0.0113262114557828,0.0070649068867076935,0.004261304569075106,0.0600505329543781,0.011856885928517018,0.04819364702586108,0.0512124136504775,0.024452370313517317,0.02676004333696018,0.0225655092926889,0.028950383647371875,-0.006384874354682976,-0.0185769690777605,-0.004033097647848313,-0.014543871429912189,0.0406541756697851,0.020324147737593074,0.02033002793219203,-0.0405922259648523,0.0023183442926913325,-0.04291057025754363,-0.0469765889982992,0.0007431763795443733,-0.04771976537784357,0.0130426670469908,0.0032492298507890284,0.00979343719620177,0.0409123921255548,0.030108505602457626,0.010803886523097175,-0.0109102823612348,0.004847264164312666,-0.015757546525547464,0.0349129007408964,0.018387108102726944,0.01652579263816946,0.0160812560019355,0.02887579597917673,-0.01279453997724123,0.0159296403201808,0.02894731426949138,-0.013017673949310579,0.0517927682578594,0.02302352268917193,0.028769245568687474,0.0417857088862233,0.024396060472839435,0.017389648413383866,0.0408176420109664,0.023290421581983887,0.017527220428982516,-0.003829518819547,0.015729422416403536,-0.019558941235950537,0.0386653523208719,0.010373177018423765,0.028292175302448132,0.0040249302273682,0.0055178284797505845,-0.0014928982523823844,0.0017374722726365,0.004187098978115895,-0.002449626705479395,0.0033286972342065,0.029874325222414976,-0.026545627988208476,0.0720140627660794,0.033339065387309116,0.03867499737877028,0.0304576694296511,0.016584198272516205,0.013873471157134894,0.0041064827231905,0.03406267665611925,-0.029956193932928747,0.0019478362931346,0.04978011149573565,-0.04783227520260105,0.0031579540651527,0.03887497724874994,-0.03571702318359724,-0.0166172919587833,0.009194361138833552,-0.02581165309761685,-0.0168787235403648,0.008508879245966171,-0.02538760278633097,-0.0645993122691829,-0.013606279211357597,-0.05099303305782531,-0.0114440899079325,-0.002377519183617062,-0.009066570724315437,0.0341119449814124,0.04012726588257813,-0.00601532090116573,-0.0299577949245791,0.01214864433505934,-0.04210643925963844,0.0199456480095478,0.0030902412428058606,0.01685540676674194,-0.0307314658843638,0.000512562090593455,-0.031244027974957254,-0.0345093634238272,-0.0006886572585991753,-0.033820706165228025,0.0609157859268472,0.009172987115267033,0.05174279881158017,0.0851106866824328,0.027078529540779495,0.0580321571416533,0.0362406107631923,0.022570101242317786,0.013670509520874514,0.0387801416148165,0.022288049263800562,0.01649209235101594,0.0191177014625077,0.025596699895837145,-0.006478998433329445,0.0132048067585765,0.017247556809407392,-0.004042750050830893,,0.014348469657074358,,0.0519383428048022,0.01349804343418331,0.038440299370618894,0.0124675593934961,0.0032347460864354098,0.00923281330706069,0.0175669820582377,0.0018010037462825145,0.015765978311955187,0.0210321787171595,0.009630142496021446,0.011402036221138055,0.025777552800238,0.016874086108773546,0.008903466691464454,0.0237485869599674,0.014978206410282855,0.008770380549684544,0.0630379224963873,-0.002817465332395569,0.06585538782878288
2013-01-01,0.0448789939121829,0.06730442313780528,-0.022425429225622386,0.0624313304455641,0.03822288758635743,0.024208442859206668,0.0224433432945546,0.047559555184809206,-0.025116211890254606,0.0440465645855636,0.0832135399018492,-0.039166975316285595,0.0391452656531687,0.06988290318969333,-0.03073763753652463,0.0389437121329492,0.07134118946190082,-0.032397477328951624,0.1052591869347965,0.025942439399700607,0.07931674753509589,0.0608688631749198,0.056020825676719704,0.004848037498200099,0.0602062211055581,0.05595405146589563,0.004252169639662469,0.0840870786523885,0.040202487709944536,0.043884590942443964,0.0523539459154005,0.05502526621652467,-0.002671320301124172,0.1793754580236184,0.0723908539411388,0.1069846040824796,0.0430948065082307,0.04787688890064658,-0.004782082392415878,0.0871320764510202,0.05975633740173203,0.027375739049288167,0.1158194522852007,0.06517922728617723,0.05064022499902347,0.0777234236614273,0.06778685014995177,0.009936573511475533,0.0848170161493782,0.03141846015849423,0.05339855599088397,0.0597925864037364,0.0715802821566345,-0.011787695752898106,-0.0578333414749527,0.063205309702426,-0.12103865117737869,-0.0628982755892784,0.0623453441225326,-0.125243619711811,0.0448415085958595,0.04340577164466009,0.0014357369511994109,0.1802173518761357,0.08718573401690374,0.09303161785923195,0.072684043948299,0.03481512381277786,0.037868920135521136,0.0752083659349325,0.0560559949677433,0.019152370967189206,0.0714837897111523,0.05985951070685551,0.011624279004296786,0.0654712371067889,0.05993691869598688,0.005534318410802021,0.0319014079522128,0.03834504985227717,-0.00644364190006437,0.0742254421158825,0.07380928633811039,0.000416155777772112,0.0705162716397011,0.07446690410204973,-0.003950632462348627,0.1114521461125974,0.03838291220579953,0.07306923390679787,0.079079723997227,0.05950703212980659,0.01957269186742041,0.0828268978565206,0.051844111431836266,0.030982786424684335,0.0871772371823248,0.051454959286602854,0.035722277895721945,0.0412969474196868,0.04994071500240628,-0.00864376758271948,0.0312316074864336,0.09112568599276609,-0.05989407850633249,0.0845642831126866,0.053473256899309006,0.031091026213377594,0.0655670906194366,0.06244571772159222,0.0031213728978443725,0.0618021770355571,0.0735224199606743,-0.011720242925117197,0.0893905048593429,0.05056086986325167,0.038829634996091225,0.0681797819861833,0.04502359112106545,0.023156190865117846,0.0676151040434227,0.04471419842979658,0.022900905613626128,-0.1677080701716206,0.01560569986334863,-0.18331377003496924,-0.096944339399925,0.03783009127309917,-0.13477443067302416,0.0563057114200652,0.07135965045328212,-0.015053939033216918,0.0288335184757715,0.043393951769350465,-0.014560433293578964,0.0508054307770099,0.03417244778478492,0.01663298299222498,0.0563128555483469,0.04835115815983313,0.007961697388513767,0.0532139411225021,0.0471383867241286,0.006075554398373498,0.1101999497788367,0.03208789471794833,0.07811205506088836,0.0204225415908732,0.07598125794897212,-0.05555871635809892,0.0760578140597342,0.057298890071480466,0.01875892398825374,0.0783714260618115,0.0588507961638089,0.019520629898002594,0.0780452372094404,0.05014376335953722,0.02790147384990318,0.0780624708733922,0.06032737936528753,0.01773509150810467,0.0771925963082204,0.06133298981799402,0.01585960649022638,0.0813758530276081,0.050329974348872264,0.03104587867873583,0.0442810744461497,0.0338884350796472,0.010392639366502497,0.0366775943407595,0.03369768715209484,0.002979907188664657,0.0495356580011598,0.030508122857336863,0.019027535143822934,0.0776062050558359,0.04953102202447229,0.02807518303136361,0.0805717255377971,0.04876480331550593,0.031806922222291166,0.0948322135133216,0.026082951910905847,0.06874926160241576
2013-02-01,0.0440966486418857,0.013773931862558965,0.030322716779326735,0.0048696935067661,0.01112390148160311,-0.00625420797483701,0.0111738360116971,0.007270713744025882,0.003903122267671217,-0.0073657985093721,0.01725632110972708,-0.02462211961909918,0.0002999912223795,0.015843880239344812,-0.015543889016965313,-0.0006027338520246,0.016472025229174136,-0.017074759081198737,0.0466735737819446,-0.000663583609411413,0.047337157391356015,0.0141548807063336,0.01460640442263577,-0.0004515237163021709,0.0128936361463116,0.0153087401508945,-0.0024151040045828995,-0.0160356737589802,-0.015341692925266376,-0.0006939808337138222,-0.0302095102156678,0.008988844481695289,-0.03919835469736309,0.0800916176047224,-0.0023130068250533996,0.0824046244297758,0.0266302595703152,0.010161218756016041,0.01646904081429916,0.0230345355830956,0.012610574572473015,0.010423961010622587,-0.0481609371980455,0.012113999763186003,-0.0602749369612315,0.0200003622106351,0.012086414001183493,0.007913948209451608,0.0279757380081394,0.006054840109044599,0.0219208978990948,0.0311843018562294,0.014296816169869298,0.0168874856863601,-0.005116064714701,0.018457160138351778,-0.023573224853052778,-0.0066305641261839,0.01882090865383726,-0.02545147278002116,0.0172482696405658,-0.009718133750015621,0.02696640339058142,-0.0139500234368228,0.01845823357937421,-0.03240825701619701,0.0463819428926918,0.009467108730621673,0.03691483416207013,0.0073424129174138,0.012302450653273456,-0.004960037735859656,0.0035881501859863,0.012503713853843574,-0.008915563667857274,-0.0030612925950407,0.012842775143823097,-0.015904067738863797,-0.0752787989799423,-6.629388721097443e-05,-0.07521250509273132,-0.0094030014385305,0.015934865616974794,-0.025337867055505295,-0.0150994493205659,0.01724834434017907,-0.03234779366074497,0.0260817174940987,-0.016103070752146075,0.042184788246244775,0.0037016986636163,0.013768028093449115,-0.010066329429832814,-0.0134368394283044,0.013243055628373253,-0.02667989505667765,-0.0148908328604503,0.013885341923723801,-0.028776174784174102,-0.0080526177120751,0.012482272707950947,-0.02053489042002605,-0.1009386194305941,0.02081811161217849,-0.12175673104277258,0.0642352570656825,0.010916127608697108,0.0533191294569854,-0.0031686793011309,0.012042332893429592,-0.015211012194560492,-0.0064222393420124,0.015898326578993753,-0.022320565921006154,0.0224736727465799,-0.0062054337455877025,0.0286791064921676,0.0211056308816278,0.014022468663725095,0.007083162217902703,0.0215878976668475,0.01465229170935986,0.006935605957487639,0.013233570972885,-0.03387207720661948,0.04710564817950448,-0.0824367898905176,0.012862720544047877,-0.09529951043456547,0.0608505081751973,0.0109239425062374,0.0499265656689599,0.0805653409343215,0.004678071545382377,0.07588726938893911,0.0064288478359724,0.008363674614724738,-0.0019348267787523375,0.0040398683493186,0.013076287283396569,-0.009036418934077969,0.0067378220986096,0.013944318704090615,-0.007206496605481015,-0.0208248454226455,-0.020958198085968327,0.000133352663322827,-0.0238022645100353,0.013318308597352231,-0.03712057310738753,0.0123371959821789,0.011901006940718535,0.0004361890414603647,0.0103889582251305,0.013665542945905962,-0.0032765847207754627,0.0241899314637744,-0.0012634373660368506,0.025453368829811248,0.0265367626669683,0.01211867797939419,0.014418084687574108,,0.012589896211149297,,-0.0202556186195453,-0.011267736446814298,-0.008987882172731002,0.0163631537166516,0.009049777564869299,0.007313376151782302,0.0148113871918241,0.01001854503198777,0.00479284215983633,0.0189259813477322,-0.00023252472243432028,0.019158506070166517,0.0270951470775852,0.010774902739700611,0.016320244337884586,0.0290942804462711,0.012029918919403948,0.017064361526867154,0.0129985188028926,-0.012085946187439385,0.025084464990331984
2013-03-01,0.0236923571016625,0.04270984239315924,-0.01901748529149674,0.0612815945251949,0.031108885871157527,0.030172708654037376,0.0365602005352248,0.04839531105341434,-0.011835110518189536,0.0607170130152791,0.0639490721713061,-0.0032320591560270062,0.0251559065885685,0.03143570464574974,-0.0062797980571812385,0.0244767663489308,0.03175576680895209,-0.007279000460021289,0.0299597301125282,0.010837074502405845,0.019122655610122354,0.0220285706034851,0.04025756210996475,-0.01822899150647965,0.0191655646843359,0.040376127026688524,-0.021210562342352624,0.0399480292556335,0.021412485135830696,0.018535544119802808,0.0116535355914988,0.04260019183959654,-0.03094665624809774,0.0726762011101405,0.04247436131482207,0.03020183979531843,0.0438841715459391,0.03878559701465205,0.005098574531287051,0.0539462239370375,0.04435856132843194,0.009587662608605559,0.0628540641564824,0.055839358082211916,0.007014706074270481,0.0393695006893421,0.054327685484347576,-0.014958184795005477,0.0224905436257881,0.03326590481120614,-0.010775361185418043,0.0002813525595498,0.057589074629695605,-0.057307722070145804,0.0188538773582049,0.053783634601476116,-0.034929757243271214,0.018369080163532,0.05384653768011701,-0.035477457516585015,0.0583550553438292,0.02038587220563294,0.03796918313819626,0.0844544479827812,0.05214591496554313,0.03230853301723807,0.0756467599567102,0.02998135586442215,0.04566540409228806,0.0636505789300243,0.041968482625508965,0.02168209630451534,0.0453437600476309,0.03564524414848122,0.009698515899149683,0.0369623456266195,0.03649934629930247,0.00046299932731703325,0.0883496986564674,0.02150115131607485,0.06684854734039256,0.0074542036423447,0.056577338399216436,-0.04912313475687174,0.0024506216064404,0.057040778300187486,-0.05459015669374709,-0.0270812067738558,0.024211689578997025,-0.05129289635285282,0.0113693166985131,0.04733551439506243,-0.03596619769654933,0.0401478698837992,0.03783578638732373,0.0023120834964754713,0.0391646777294158,0.038901638094601315,0.00026303963481448533,-0.0563156896805181,0.04398414118945885,-0.10029983086997696,-0.0439648300366399,0.06129356928058392,-0.10525839931722383,0.1007339536001619,0.041814450823618114,0.05891950277654378,0.0158140899599734,0.045385084136674456,-0.029570994176701056,0.0124069791064393,0.04635816761367858,-0.03395118850723928,0.0108662449685301,0.026252529468956384,-0.015386284500426284,0.0744495059095571,0.03193080950535767,0.042518696404199426,0.0744186346365357,0.032380786274642685,0.04203784836189301,0.0115161835289101,-0.01394972371358296,0.025465907242493063,0.0073897864833877,0.03735132210226388,-0.029961535618876177,0.0443424432429487,0.049827860716486344,-0.005485417473537646,0.0770701927183557,0.04043592514610754,0.036634267572248164,0.0513919160932587,0.03436214171195103,0.01702977438130767,0.0384678249237244,0.04116510607518249,-0.002697281151458092,0.0374875645893684,0.040052729531874644,-0.0025651649425062414,0.021555048174829,0.026093597690871204,-0.004538549516042205,0.0236750936940127,0.057983035962375876,-0.03430794226836317,0.0235786348675845,0.03586165277577356,-0.012283017908189059,0.0188963191666358,0.03585355841381792,-0.016957239247182117,0.0295996571474199,0.02900815366214807,0.0005915034852718298,0.0265953380684925,0.04515804619977516,-0.018562708131282663,0.0212200471272168,0.04464569470776739,-0.023425647580550595,0.059427946430666,0.03218433065132108,0.02724361577934492,0.0487915478329172,0.029629332267789077,0.01916221556512812,0.0513935943635061,0.02981160891913813,0.02158198544436797,0.0324235137565415,0.029249207833004297,0.0031743059235372004,0.0305020236247712,0.04208094507447787,-0.01157892144970667,0.0261432418993665,0.04136148441662448,-0.015218242517257983,0.0018479796514043,0.01872450096801115,-0.016876521316606847
2013-04-01,-0.0150222792166046,0.017150580252542767,-0.032172859469147365,0.0513020963017638,0.01743820743346702,0.033863888868296776,0.0856957270241223,0.008544571983767547,0.07715115504035475,0.0290357116206326,0.0069150499398245285,0.02212066168080807,0.0145422522778331,0.02054831082455833,-0.006006058546725231,0.0157502293635268,0.0220782527710195,-0.006328023407492701,0.0001714972398131,-0.007651486623172826,0.007822983862985926,0.0278555444169621,0.0206212309815514,0.0072343134354107,0.0329896289736083,0.02307871069823628,0.009910918275372018,-0.0090776490042359,-0.037679027345224735,0.028601378340988835,0.032411734879871,0.012118065051793829,0.02029366982807717,-0.0220451367658985,-0.01995124616409098,-0.0020938906018075215,0.0349432131891406,0.013639966703074543,0.021303246486066057,-0.0078553752805489,0.015313646265400426,-0.023169021545949325,-0.0227070752055878,0.007221807254398016,-0.029928882459985817,-0.0324070337704142,0.007823733071665923,-0.04023076684208012,0.0136106761654899,0.013982716880783844,-0.00037204071529394443,0.0018424949281885,0.005786999932580495,-0.003944505004391995,0.0016444436815558,0.02448586758811577,-0.02284142390655997,0.0021770227245911,0.026002719231913,-0.0238256965073219,0.0529980994606452,-0.02254589651906841,0.07554399597971362,0.0417848121906902,0.014856360189048368,0.02692845200164183,0.0158135979816329,0.014836957445367087,0.0009766405362658121,0.0277778474972999,0.004391988168275973,0.023385859329023928,0.0327114232354214,0.016288159704377476,0.016423263531043925,0.0307510971715571,0.01699571500005977,0.01375538217149733,-0.0177735923488512,-0.010375095616663301,-0.007398496732187898,-0.0114257750453519,0.014147213075746781,-0.02557298812109868,-0.0105162590608315,0.017313872212393326,-0.027830131273224826,-0.0127445441463644,-0.03466525387774522,0.021920709731380817,-0.0071978113364164,0.009486130491455214,-0.016683941827871612,-0.0086495228852041,0.013352392095548312,-0.022001914980752414,-0.0039008458215327,0.015877281166260866,-0.019778126987793566,0.1159358486696487,-0.001701450697951335,0.11763729936760003,-0.0695437283755607,0.019797628514148242,-0.08934135688970896,-0.0279897357706533,0.007378911610965124,-0.03536864738161842,-0.0082243471953276,0.0130077427634925,-0.0212320899588201,0.0015905292882129,0.01617802033099584,-0.01458749104278294,-0.0021586988276261,-0.016724068743621572,0.014565369915995472,0.0454989109213725,0.015256675267656485,0.030242235653716018,0.0458824803553528,0.017317614171380315,0.028564866183972484,0.0697906265600143,-0.06434082427917312,0.13413145083918743,-0.2598981069327845,0.018424794032169588,-0.27832290096495405,0.0080049737600652,0.003381148878699942,0.004623824881365259,0.0526497663509969,0.003735394156982851,0.048914372194014046,0.0333295358856332,0.013716799783003004,0.019612736102630195,0.0256168070980852,0.016692776211860858,0.008924030886224343,0.0202973808204425,0.019056907353363586,0.0012404734670789126,0.0117355509095926,-0.03732139906088185,0.04905694997047445,-0.0004198200083895,0.010957812843829127,-0.011377632852218628,0.0374041116348127,0.013975709005015323,0.023428402629797375,0.0434524643876744,0.016970561620333106,0.026481902767341296,-0.0119341311691196,-0.009579940795516015,-0.0023541903736035846,-0.0030681451909883,0.013688551552563424,-0.016756696743551725,-0.0035578558473426,0.015717035917019992,-0.019274891764362593,-0.0265242887840777,-0.023854178434165284,-0.002670110349912415,0.0461752799363633,0.014736204915605271,0.03143907502075803,0.0455695096461403,0.0170453517661932,0.028524157879947103,0.0250378869797955,-0.00741583864016975,0.03245372561996525,0.001234042946542,0.008761851197586925,-0.007527808251044925,0.005890748546935,0.011866429659877456,-0.005975681112942456,-0.0060706807080625,-0.01827922534052976,0.01220854463246726
2013-05-01,0.0529590278824895,0.04703048161862774,0.005928546263861759,-0.0071109082138393,0.016345987239612007,-0.023456895453451306,0.0061037622236765,0.014989124960852364,-0.008885362737175865,0.1296495794836905,0.06027739242189379,0.06937218706179671,0.0494742590327647,0.06734895067655035,-0.017874691643785648,0.049730539360178,0.06753185731999219,-0.017801317959814184,0.0179670877087985,0.035880412806678585,-0.017913325097880087,0.0345380061024914,0.026138555041253907,0.008399451061237493,0.033594755404853,0.024903084630641087,0.008691670774211915,-0.0235370397194383,0.02332184775905027,-0.04685888747848857,0.0395286351125477,0.03075196069493604,0.008776674417611659,0.2265091698960524,0.05203654844147716,0.17447262145457526,-0.0423588512067134,0.010962529223185344,-0.05332138042989874,0.1246955461496763,0.030918468082408543,0.09377707806726776,0.0081832238691905,0.04532741459433833,-0.03714419072514783,0.0503965042405936,0.04884119825416264,0.0015553059864309646,-0.0009435159640561,-0.0019160420803736034,0.0009725261163175034,0.0499400638977528,0.04295016810892469,0.00698989578882811,0.0337708291294847,0.028261797073235,0.005509032056249703,0.0314384272289214,0.026559614497725405,0.004878812731195996,0.0568435377817749,0.021279386786969987,0.035564150994804915,0.0384677519526729,0.06602619761931258,-0.027558445666639682,-0.031668951261733,0.0038065739734001796,-0.03547552523513318,0.0200544656245564,0.024747210084243073,-0.004692744459686673,0.0494958573020251,0.04201027589692915,0.007485581405095948,0.0599543127088571,0.041747754229041756,0.018206558479815345,0.0427555766314601,0.03701007253264481,0.005745504098815295,0.0642432069202108,0.04340330070878467,0.020839906211426125,0.0570069358567305,0.0419495498056105,0.015057386051120003,0.0722546997319133,0.03428688193106286,0.03796781780085044,0.0429906736315839,0.028444329514308173,0.01454634411727573,0.0379561123857452,0.01651217266963162,0.02144393971611358,0.0343042901194789,0.013881183591567587,0.020423106527911315,0.0931219094239333,0.027438438933553678,0.06568347049037962,0.0089485208392556,0.0491279654044745,-0.040179444565218894,0.0782844675557936,0.030744459123505877,0.04754000843228773,0.0206733091094024,0.03646322530651415,-0.015789916197111748,0.0176185780330638,0.052072745295651396,-0.0344541672625876,0.0020279358303403,0.048800384553716596,-0.0467724487233763,0.0093730967935471,0.015655109088321843,-0.006282012294774743,0.0070629297621834,0.013984088774517341,-0.006921159012333942,0.3616569820448821,0.010859428028091823,0.3507975540167903,0.0368628652820238,-0.00630171583695923,0.04316458111898303,-0.0133686430810566,0.06784281866809443,-0.08121146174915103,-0.0228001635222312,0.02394391616522897,-0.046744079687460166,-0.0111049695096383,0.014290631539161852,-0.02539560104880015,0.0240971332809658,0.019714960805881917,0.004382172475083882,0.0208366106852651,0.01856299132035566,0.0022736193649094405,0.0742977798661933,0.02561911349025847,0.048678666375934834,0.0348433950267256,0.04540005566756663,-0.010556660640841029,-0.0021952566236398,0.04014619022993997,-0.04234144685357977,0.0100073516820183,0.03983343978636157,-0.02982608810434327,0.0073937525213992,0.0384516167561269,-0.0310578642347277,0.0274542899078285,0.03191041162563331,-0.004456121717804809,0.0320990950792794,0.029556895745903557,0.0025421993333758393,0.0495703443467825,0.024518170732662735,0.025052173614119766,-0.0780692678048102,0.006062788053983878,-0.08413205585879407,-0.0867167845955599,0.003629692329930313,-0.09034647692549021,-0.0268724476496411,0.016826011714424896,-0.043698459364065995,0.0294639626642333,0.027455881295546776,0.002008081368686524,0.0295821047631349,0.024862217595776153,0.004719887167358747,-0.0125869735200027,0.011876074366151464,-0.024463047886154166
2013-06-01,0.0053144171136364,-0.015031647011760716,0.020346064125397117,-0.0188684723385387,-0.008297198747648267,-0.010571273590890435,0.0044866962721837,-0.01256247087419357,0.01704916714637727,0.0198563606693517,-0.005175253411290015,0.025031614080641716,-0.0189103414070956,-0.013648971945818773,-0.005261369461276828,-0.0207841012337021,-0.014535710259103753,-0.006248390974598346,-0.0017926478088435,-0.004573557580999678,0.002780909772156178,-0.0240987491015888,-0.01339504044866762,-0.010703708652921178,-0.0246120542879758,-0.013998105112223498,-0.010613949175752303,-0.007293556931029,-0.024035247821056267,0.016741690890027267,-0.0495715189392124,-0.015325811837575747,-0.03424570710163665,-0.0036054972057496,-0.023171596426103117,0.019566099220353517,-0.0093530615434091,-0.013985683995408126,0.004632622451999026,0.0038285826503614,-0.013850961669109922,0.017679544319471323,-0.0732454112611084,-0.0065400933615909615,-0.06670531789951743,-0.0430203706756011,-0.008572656811673284,-0.034447713863927816,-0.0043100551016824,-0.014097142728749807,0.009787087627067408,-0.0142498126766331,-0.006411425154578893,-0.007838387522054208,-0.0586072504866552,-0.009972651083720118,-0.04863459940293508,-0.0630906649236283,-0.010073159662759604,-0.0530175052608687,-0.0329948665630706,-0.026921696209684137,-0.006073170353386465,-0.0542844514044547,-0.013351137932385038,-0.04093331347206967,0.0160831785949743,-0.009970054768654028,0.026053233363628327,-0.0104781107561885,-0.005295134481329727,-0.005182976274858773,0.0180358594278121,-0.014218197368395847,0.03225405679620795,0.0236401520328398,-0.013930117790941802,0.0375702698237816,-0.0400769057774077,-0.008191081375709522,-0.031885824401698175,-0.036387370708278,-0.010944857213626485,-0.025442513494651514,-0.0330965347979,-0.011364518879442134,-0.021732015918457866,0.0410582007680851,-0.0225669429225651,0.0636251436906502,-0.0168269395627268,-0.0069110281695979395,-0.009915911393128859,-0.0103877273756446,-0.010015081751449934,-0.000372645624194666,-0.0141945048658487,-0.010558336915249182,-0.0036361679505995184,0.0163061573368015,0.005907983776966267,0.010398173559835234,-0.1324665915135824,-0.016067943809563747,-0.11639864770401864,-0.0363669943597297,-0.007068493419279736,-0.02929850094044996,-0.0240590628000471,-0.012963050500126649,-0.011096012299920452,-0.0156737804467975,-0.012143418662501232,-0.0035303617842962678,0.0008742906267419,-0.02088302418566331,0.021757314812405212,-0.0099642952136577,-0.006133714161753317,-0.003830581051904384,-0.0108925471243499,-0.006376406294015257,-0.004516140830334644,-0.0749350099329922,-0.03520839480916657,-0.03972661512382562,-0.1772304856753384,-0.008549757492216325,-0.16868072818312208,0.0015468273250316,-0.007345885365749151,0.00889271269078075,0.0128326630983142,-0.010830351268028376,0.023663014366342577,0.022622461633147,-0.007571793981560388,0.03019425561470739,0.0001058646363301,-0.008664205098118475,0.008770069734448575,-0.0001218579429505,-0.00829939222025483,0.008177534277304329,0.0006093736876937,-0.02684997634771583,0.02745935003540953,-0.0494102539562129,-0.014601999804873943,-0.03480825415133896,-0.019138118296133,-0.012348278843530156,-0.006789839452602843,-0.0123222664522699,-0.012316124621166876,-6.141831103024381e-06,-0.0324587662785472,-0.017893340202720973,-0.014565426075826227,-0.014118453630738,-0.013421765987256126,-0.0006966876434818733,-0.0121791748270618,-0.01549978904358707,0.0033206142165252694,-0.0208687396698801,-0.030049520057702093,0.009180780387821993,-0.003353405513632,-0.009710704772327088,0.006357299258695088,-0.0053657143279778,-0.00982022991174919,0.00445451558377139,0.0104233066587477,-0.007064003048650068,0.01748730970739777,-0.010062651181837,-0.005825720012647645,-0.004236931169189355,-0.0078440443805387,-0.00579621292074895,-0.0020478314597897488,-0.0600432909087789,-0.023723603981607482,-0.03631968692717141
2013-07-01,0.066469730419989,0.06676140952280878,-0.0002916791028197696,0.0369787330665036,0.038024419763403663,-0.0010456866969000625,0.0189821150660254,0.05568615984028593,-0.03670404477426053,0.1010901692976613,0.09965724045175457,0.0014329288459067335,0.0604750420191484,0.06645503055516676,-0.00597998853601836,0.059618565246728,0.06706557636728479,-0.00744701112055679,0.0472552063967061,0.031005097770560288,0.01625010862614581,0.0371693048633715,0.05770781693856828,-0.02053851207519678,0.0338923434694883,0.05685049424926509,-0.02295815077977679,0.0561346076267962,0.05272102680854761,0.0034135808182485933,0.0082306171872072,0.0587726169748629,-0.050541999787655695,0.1317829520284532,0.0809505810079052,0.050832371020547995,0.0334341260456768,0.04453638126290672,-0.01110225521722992,0.0624281924095671,0.062408614526959186,1.9577882607917096e-05,-0.0193442712668975,0.07753011857487747,-0.09687438984177497,0.0474362279646122,0.07816484909036817,-0.030728621125755966,0.0535518781933386,0.030474932150211836,0.023076946043126764,0.091126878800754,0.08158281651981683,0.009544062280937168,0.0826243342012685,0.06882756597224354,0.013796768229024953,0.083982706595109,0.0676792117229767,0.0163034948721323,0.0204135329649265,0.047874521933603115,-0.027460988968676613,0.0743760487799217,0.0929266021291236,-0.0185505533492019,0.0731852385107424,0.02996368385690327,0.04322155465383914,0.0423070409923915,0.05609023887761546,-0.01378319788522396,0.0626213884815242,0.05776540400987545,0.0048559844716487485,0.0648232662077405,0.05795952859362017,0.006863737614120326,0.1550571093445734,0.04555109241572265,0.10950601692885074,0.0604395428042288,0.07893226429367504,-0.018492721489446244,0.0606479284435456,0.07825829338068466,-0.017610364937139057,0.0618030914847298,0.0543010012148411,0.007502090269888705,0.0756481992938009,0.06436986093509141,0.011278338358709492,0.0520518078454015,0.04929194043682293,0.002759867408578566,0.0489201585810301,0.04809744987656582,0.000822708704464277,0.1039596266795939,0.05368021586079033,0.05027941081880356,0.0243965711730446,0.08814181506185481,-0.06374524388881021,0.0589920852774335,0.058314753503477174,0.0006773317739563259,0.0572239858084267,0.06056491026774057,-0.0033409244593138737,0.0578974436749048,0.06882588333042398,-0.010928439655519186,0.0506551123906245,0.05699605420774556,-0.006340941817121061,0.0721813199654081,0.04060447795129358,0.031576842014114516,0.0700156962493716,0.039516885687796925,0.03049881056157467,0.0390960644199479,0.025389370410295847,0.013706694009652055,0.0920060299847254,0.03130328564681511,0.06070274433791029,0.0477557062464675,0.08527597915567732,-0.03752027290920982,-0.0396196039575129,0.05179712036651476,-0.09141672432402766,0.0375320898942061,0.039188767686711624,-0.0016566777925055218,0.0559509053314869,0.052507753024408306,0.0034431523070785966,0.0536420914279893,0.05047961259234899,0.0031624788356403102,0.014378164630356,0.050726227801371475,-0.03634806317101547,0.0829348003943584,0.08183005475405651,0.0011047456403018852,0.0312335303888212,0.058334979780619405,-0.027101449391798205,0.0311930625347935,0.05816563220303855,-0.02697256966824505,0.0366499143429982,0.055072313406941256,-0.018422399063943058,0.0357960768252682,0.06230547804105396,-0.026509401215785766,0.0324332730530004,0.06157938782731837,-0.02914611477431797,0.0647325852258575,0.05678704899424213,0.007945536231615362,0.047851186869063,0.031218603357407237,0.016632583511655762,0.0473919953195336,0.029760973938586066,0.017631021380947534,0.0805030886003888,0.03896405934807076,0.04153902925231803,0.0470332955180756,0.054466788962177964,-0.007433493444102365,0.0480653321655852,0.05208825283186267,-0.00402292066627747,0.0135211634329328,0.035095240940228825,-0.021574077507296025
2013-08-01,-0.0393914349172452,-0.04735482833723939,0.007963393419994191,-0.0237800545041067,-0.01686471972593042,-0.006915334778176279,-0.0009192279149593,-0.027834302383137437,0.026915074468178136,0.0049112220481052,-0.021099262823568513,0.026010484871673713,-0.0338998965145394,-0.0484366546301544,0.014536758115614994,-0.0335394785280631,-0.049083797641592736,0.015544319113529638,0.0004768126001828,-0.02914451317726824,0.029621325777451038,-0.0104033601452752,-0.014725747820928652,0.004322387675653452,-0.0104297465869208,-0.013894142919248273,0.0034643963323274726,0.033681578673955,-0.051442233994486115,0.08512381266844112,0.0058715287940136,-0.03834477934993756,0.04421630814395116,-0.0663479970019749,-0.07358162536073472,0.007233628358759819,-0.0401300125644036,-0.03505957631358522,-0.0050704362508183776,-0.0668708754520239,-0.029990342251336295,-0.036880533200687605,-0.0540996614827712,-0.033257973613935676,-0.020841687868835522,-0.0351532361209685,-0.03958662033149568,0.0044333842105271845,-0.0224845973822282,-0.02593495548202973,0.003450358099801532,-0.0391100598803778,-0.030759450973845116,-0.008350608906532685,0.0328696404636027,-0.012150175793040037,0.04501981625664274,0.0368420443706394,-0.010635655403566077,0.047477699774205476,-0.0584001835772965,-0.053817192212486674,-0.004582991364809823,0.0449819361931987,-0.034866703841229,0.07984864003442771,-0.0340147117993024,-0.025901184395769147,-0.00811352740353325,-0.0460801105827804,-0.03258569369649621,-0.013494416886284194,-0.0307084332308238,-0.04241275999389238,0.011704326763068578,-0.0280062940519802,-0.042196194855026084,0.014189900803045885,-0.0411349973268903,-0.03384014953453687,-0.007294847792353426,0.0003398449916576,-0.039291446832023964,0.039631291823681566,-0.0014769750265123,-0.038247619479922494,0.036770644453410196,0.0101645658480171,-0.06119111622019043,0.07135568206820753,-0.0216526976518696,-0.021962459167852444,0.0003097615159828454,-0.0485433764611495,-0.02292484869395673,-0.02561852776719277,-0.0543206048406929,-0.02299196501567157,-0.03132863982502133,-0.0654305895850139,-0.030860565817395415,-0.03457002376761848,0.0366610595683841,-0.05587521533695921,0.0925362749053433,-0.0420343932807509,-0.027610774072389002,-0.014423619208361896,-0.0153176055660181,-0.0558963512678147,0.0405787457017966,-0.0167513935884569,-0.06473067912090882,0.047979285532451926,0.1621042476093059,-0.07301944531300843,0.23512369292231433,-0.0288916061849705,-0.018727785878245907,-0.010163820306724594,-0.029277096552152,-0.01852820353814391,-0.010748893014008089,-0.0020186455858766,-0.056899720053726954,0.05488107446785036,0.0883045746976041,-0.021779068851341316,0.11008364354894541,-0.039527647707196,-0.04056764767387605,0.0010399999666800483,-0.0214172344071566,-0.03288113558288989,0.011463901175733288,-0.0245335913136618,-0.014773753461994988,-0.00975983785166681,-0.0451527136858243,-0.011447440813700674,-0.033705272872123625,-0.0461043666647871,-0.008500372044647297,-0.0376039946201398,-0.0122295664842627,-0.06664000650467324,0.05441044002041054,-0.0424790954956578,-0.04954192287108351,0.007062827375425712,-0.0515537458546746,-0.03318579557172424,-0.01836795028295036,-0.0504380596514046,-0.03171380638229979,-0.018724253269104804,-0.0474224305043056,-0.05507145954244437,0.0076490290381387716,-0.0166015424168627,-0.036826570532743214,0.020225028115880513,-0.0143087032627947,-0.03688698928542414,0.022578286022629436,-0.0237192793611061,-0.07548227324499368,0.05176299388388758,-0.0495591818736469,-0.021728100118333638,-0.02783108175531326,-0.0458253809849365,-0.020621940567443653,-0.025203440417492846,-0.0882654585168633,-0.028404871791983533,-0.05986058672487976,-0.0370074768350388,-0.02737123108868723,-0.009636245746351569,-0.0379737913081984,-0.024827508151330967,-0.01314628315686743,-0.0510312563848758,-0.043229852148014766,-0.007801404236861036
2013-09-01,0.0652000402890592,0.03651107631804394,0.028688963971015252,0.038959186798891,0.023954621648374565,0.015004565150516437,0.0847319658455083,0.04253534793275613,0.042196617912752164,0.0731753044729213,0.09137620777449411,-0.018200903301572813,0.0306200698903292,0.03335270917830174,-0.0027326392879725436,0.0300155082708886,0.03288776536947215,-0.002872257098583547,0.0108811992231062,0.02009737674606634,-0.009216177522960141,0.0465527025526879,0.0448843963862095,0.001668306166478395,0.0458669887109798,0.043561899043583284,0.0023050896673965163,0.0189610572786375,0.04406418644523906,-0.02510312916660156,0.0543044140520035,0.03737925565549905,0.01692515839650445,0.0398025383583958,0.052213747328230656,-0.012411208969834858,0.0482819511134836,0.020470058877955673,0.02781189223552793,0.016857921080083,0.04329711547251721,-0.02643919439243421,0.0895083995030156,0.06208939313832686,0.027419006364688747,0.0708766071375997,0.058556780291843066,0.012319826845756637,0.0133341515563327,0.013461670027144412,-0.0001275184708117126,0.0837704822905245,0.06588250384544463,0.017887978445079875,0.0148854774059484,0.05718117985108684,-0.04229570244513844,0.0104540532111257,0.056358017821415286,-0.04590396461028959,0.0128744006623639,0.030400510357710932,-0.017526109695347035,0.1171132312065115,0.07153287983915052,0.04558035136736098,0.0008317633393335,0.009622310543600967,-0.008790547204267467,0.0171668357143251,0.0350377758160398,-0.017870940101714698,0.0373922255556973,0.029800539017646052,0.00759168653805125,0.0352017964703734,0.0299216196981628,0.005280176772210602,0.1097324810091241,0.03374319071629574,0.07598929029282836,0.0636342331403832,0.05502670457894377,0.008607528561439433,0.0544835378065045,0.05343040529087374,0.0010531325156307586,0.0498748536711438,0.04178408722816308,0.008090766442980714,0.0675247150268886,0.050399214666977,0.017125500359911602,0.0169412804335511,0.030976265573802467,-0.014034985140251366,0.0112006499941139,0.028796343105697154,-0.017595693111583252,-0.0024834789900655,0.03503059569693548,-0.03751407468700098,0.034725689646554,0.049717048776825715,-0.014991359130271713,0.0462880251362843,0.04251254410531367,0.003775481030970633,0.0226749594434904,0.02577013917388958,-0.003095179730399182,0.0244193778021022,0.026460817596775786,-0.0020414397946735864,-0.0129701086791266,0.027952090848882123,-0.040922199528008726,0.0401773932050475,0.022730094112986567,0.01744729909206093,0.0381986146448762,0.020874724718991114,0.017323889925885086,0.0191434873622405,0.02309662972935799,-0.003953142367117492,-0.0931822870874161,0.01048904510912094,-0.10367133219653704,0.0584598150692715,0.0680630597428525,-0.009603244673581,0.0391357678160154,0.03753580660051982,0.0015999612154955836,0.0405612726604543,0.030002901547644352,0.010558371112809946,0.0505254767144907,0.043060218755689765,0.007465257958800937,0.0483277392638432,0.041565932773539656,0.006761806490303543,0.0436316943516116,0.03870584876349888,0.004925845588112716,0.0663570064553998,0.054406499705393775,0.011950506750006022,0.041218981321101,0.03715761142630969,0.004061369894791313,0.0456167430096626,0.035976485046702776,0.009640257962959822,0.0078646895671447,0.03196629949026445,-0.02410160992311975,0.0487496688466181,0.03952950724701712,0.009220161599600978,0.0478588299142298,0.037680720822530704,0.010178109091699097,0.0766719291897246,0.029548959733120717,0.04712296945660388,0.0155824085771891,0.014332606465954887,0.0012498021112342123,0.0145441258559541,0.012199346514064565,0.0023447793418895357,0.0526160336535228,0.029796169926826106,0.02281986372669669,0.0548572853881996,0.038477497180777157,0.016379788207422447,0.0544822812611313,0.03581602667866067,0.018666254582470627,0.0038063041236119,0.025073868052015204,-0.021267563928403302
2013-10-01,0.0653750515592196,0.05118949011724287,0.014185561441976732,0.0232493406901771,0.04037327391148426,-0.017123933221307158,0.0247289049999926,0.05309550614271377,-0.028366601142721173,-0.0068147601480059,0.045593332704206416,-0.05240809285221232,0.0324828288221048,0.042950963341983096,-0.010468134519878297,0.0320596297369763,0.04406626782146918,-0.012006638084492878,-0.0167221821149728,0.006931135238060597,-0.023653317353033398,0.0602822872639087,0.042610321315182234,0.017671965948726463,0.0657553800754708,0.04518330216190101,0.02057207791356979,0.0559410872231511,-0.016906565782743438,0.07284765300589455,0.0294599068530824,0.05086229274369684,-0.021402385890614436,-0.0286529436816442,0.01765651043840802,-0.04630945412005222,0.0580601348421998,0.04194258731372345,0.01611754752847635,0.0207041409603281,0.04666216166114097,-0.025958020700812868,0.0256715504562079,0.05461981771954147,-0.02894826726333357,0.0493199062252835,0.05443896690544779,-0.005119060680164295,0.0683874991921336,0.046505227885820184,0.02188227130631342,0.044133241844846,0.04375544884703615,0.00037779299780985043,0.0679784101309571,0.05861875074881741,0.009359659382139687,0.0741906919779836,0.06031200192946454,0.013878690048519063,0.0318387540926874,-0.00438876494440007,0.03622751903708747,0.0343496790097335,0.04164640015239563,-0.007296721142662131,0.0568920709727351,0.03681104276468426,0.020081028208050834,0.068996559954729,0.025757944833441775,0.043238615121287224,0.0361115262033211,0.04331882806801625,-0.007207301864695148,0.0286036964751658,0.04512800663567406,-0.01652431016050826,0.053364419684137,0.009022945525994286,0.04434147415814271,0.0259836426997753,0.05480266930442939,-0.02881902660465409,0.0219107606557865,0.05736325180537421,-0.035452491149587706,0.0168000451767648,0.0037695545876326596,0.013030490589132141,0.0370476674631325,0.03616631093447876,0.0008813565286537386,0.0538903354017254,0.03021443675145723,0.02367589865026817,0.0550347416320453,0.0344580384368982,0.0205767031951471,0.0165865756155859,0.02452623045515943,-0.00793965483957353,0.0111888633878867,0.05630665325926883,-0.045117789871382125,0.0570882692698956,0.03646969425794134,0.020618575011954264,0.0404659074010755,0.05330604768675739,-0.012840140285681888,0.0370166138334833,0.05401168362213154,-0.01699506978864824,0.027840621681364,0.021651817862133285,0.006188803819230714,0.0294014709037611,0.0273502885968148,0.0020511823069463003,0.0337104641194647,0.030103903049706733,0.0036065610697579645,-0.2258449082445838,-0.07231231130738491,-0.1535325969371989,0.000455876729381,0.04084937948307295,-0.04039350275369195,0.0645008071677804,0.04709563006800544,0.017405177099774953,0.0788347355883713,0.045542883868437904,0.033291851719933395,0.0398973990126449,0.04566621881401942,-0.005768819801374524,0.0446550581968323,0.04277827441368463,0.0018767837831476647,0.0509604634414282,0.04338405092091966,0.007576412520508537,-0.0185728637354819,0.013340454932441884,-0.03191331866792378,0.1115062516647557,0.05775702599013654,0.05374922567461916,0.0446126486413581,0.03926425821443841,0.0053483904269196955,0.0485601424998211,0.03962644481727664,0.008933697682544463,0.0331433932993817,0.020745616199544216,0.012397777099837484,0.0636935984768719,0.04795773233891372,0.015735866137958174,0.071597770507752,0.04790602220802185,0.02369174829973015,-0.0363240959354881,0.016627478408496314,-0.05295157434398441,0.0358250216270708,0.03733091921206695,-0.0015058975849961548,0.0316748694831133,0.0388076387499614,-0.007132769266848096,0.0632366049095417,0.02313968472460335,0.040096920184938344,0.0562246311642321,0.04155768386355468,0.01466694730067742,0.0611663269301222,0.04251761043717436,0.018648716492947845,0.0431215590202945,0.01239900865334679,0.03072255036694771
2013-11-01,0.0351324734491317,0.035506143873654514,-0.0003736704245228123,0.0277145716327699,0.023555308877045225,0.004159262755724674,0.0531311573497202,0.03675311282121791,0.016378044528502292,-0.0086051967216631,0.06002232560795273,-0.06862752232961583,0.044059480747378,0.03186532309583665,0.012194157651541346,0.0427616697262768,0.0317608706069267,0.011000799119350098,-0.0036295778601919,0.014857534025030802,-0.0184871118852227,0.0348121127150439,0.03225468004367168,0.00255743267137222,0.0369146684835812,0.03198464418955799,0.004930024294023214,0.0641718253027167,0.016769836319317513,0.04740198898339919,0.0130198251905817,0.034161361020590725,-0.021141535830009023,0.0840238474557849,0.03505149965607753,0.04897234779970736,0.0064542996803167,0.023772772486065366,-0.017318472805748667,0.0244556073723183,0.03513779763267333,-0.01068219026035503,0.0303409941554193,0.049764303683116275,-0.019423309527696976,0.0218732694471019,0.04829120903692592,-0.02641793958982402,0.040979499239514,0.019777613585365682,0.02120188565414832,0.0314439504673005,0.04847184491109187,-0.017027894443791367,0.0508918465643913,0.04385392965147546,0.007037916912915845,0.0525595590189794,0.043644291981270456,0.008915267037708945,0.0208355788097205,0.013122555480539005,0.007713023329181494,0.0254339314789233,0.04840771865210536,-0.022973787173182058,7.458197980702146e-05,0.01680117291332268,-0.01672659093351566,0.0502476750562915,0.029221660494748922,0.021026014561542575,0.0575296215396959,0.029366533208463195,0.028163088331232707,0.0593622820260233,0.030024125033784196,0.0293381569922391,0.1007282210682658,0.02186335023823885,0.07886487083002695,0.0217896802070428,0.046077191990774494,-0.024287511783731695,0.0207547703704482,0.04574249661822974,-0.02498772624778154,0.0734877283624081,0.023392601307000757,0.05009512705540735,0.0230015751222792,0.03707269703051285,-0.01407112190823365,0.0230336168823309,0.02499059344690681,-0.0019569765645759095,0.0196840638902287,0.024990885309968448,-0.005306821419739746,-0.05484097849617,0.03277424614673285,-0.08761522464290285,-0.0562948958869883,0.04528089142042223,-0.10157578730741053,0.0585569518089531,0.033971211352022974,0.024585740456930127,0.0103942317642406,0.033396824095955534,-0.023002592331714936,0.0134360348065988,0.03575893008121901,-0.02232289527462021,0.0285915072596372,0.024518753657138553,0.004072753602498647,0.0505850137739337,0.02078249747995864,0.02980251629397506,0.049434425341243,0.020567308874076005,0.028867116467166998,-0.0321309511125121,-0.013091510984130176,-0.019039440128381928,-0.1060277446311765,0.018637954219556527,-0.12466569885073302,0.0189980037218214,0.051032356736408296,-0.032034353014586896,0.0412783304607871,0.03335589668618922,0.007922433774597878,0.0301686632719214,0.027806060173358682,0.0023626030985627183,0.0316498976181838,0.03265836351147559,-0.0010084658932917878,0.0359725742593475,0.031721162955815584,0.004251411303531918,0.0338048737679286,0.023862142578264665,0.009942731189663937,0.0090475533278561,0.04696546449635388,-0.037917911168497784,0.0073344455942731,0.030869116668052435,-0.023534671073779337,0.0154364771026995,0.03022151151855486,-0.014785034415855358,0.0206549255340081,0.024549437352256842,-0.003894511818248743,0.0527483368253038,0.0350528965506314,0.017695440274672396,0.0585535648357338,0.03342701638350272,0.025126548452231078,0.0389455278109564,0.02136422186986354,0.01758130594109286,-0.0150885591582546,0.01848722905812246,-0.03357578821637706,-0.0097199199842135,0.01769986633728162,-0.02741978632149512,0.0300164351535858,0.023757492407820952,0.006258942745764849,0.0322846726694461,0.033862876739725455,-0.0015782040702793515,0.0326413731196447,0.032458935963831675,0.00018243715581302278,0.0600244317879222,0.014320966636652157,0.045703465151270044
2013-12-01,0.0447732404831132,0.029988847754337536,0.014784392728775665,-0.0045562207681101,0.021715792272060105,-0.026272013040170204,0.0083411119787001,0.022192054894477776,-0.013850942915777676,-0.0010123298322902,0.043266722810050263,-0.044279052642340465,0.0209717096606502,0.03255138818958829,-0.01157967852893809,0.021848396866396,0.033578434068605466,-0.011730037202209467,0.0006626601935969,0.005575552137804346,-0.004912891944207446,0.0511034054938728,0.033359363162562085,0.017744042331310717,0.0509985196538508,0.03426726882500452,0.01673125082884628,0.0542637994831048,-0.0006764843410834351,0.05494028382418824,0.0469041701220734,0.024694490337441623,0.02220967978463178,0.0315098227902232,0.015697401487682176,0.015812421302541024,0.0273519075276858,0.020093599341234766,0.007258308186451033,0.045501767213417,0.029812559902540822,0.015689207310876176,0.0757611886898809,0.030305643681634097,0.0454555450082468,0.050519081977889,0.030213528586642086,0.020305553391246914,-0.0137310825129273,0.014559546077824627,-0.028290628590751925,0.0409197984380669,0.0328794655290181,0.008040332909048806,0.0264864894961347,0.03913579406258093,-0.012649304566446227,0.0261698919903087,0.03951696138484318,-0.013347069394534481,-0.0264492987717271,0.0042874140121976784,-0.03073671278392478,0.0826225593393946,0.043803392248364534,0.03881916709103006,0.0292558247681126,0.015509652832332015,0.013746171935780586,0.0163057307447379,0.021583643809617286,-0.005277913064879385,0.0177581736762759,0.026785376654155795,-0.009027202977879897,0.0174301185690064,0.02709201168521986,-0.00966189311621346,0.0441754916156563,0.01019304280751069,0.03398244880814561,0.048083987776535,0.03437388196093146,0.013710105815603536,0.0535089193875771,0.035787960110624115,0.017720959276952983,0.0192271317638341,-0.0019602213315961657,0.021187353095430267,0.0545678351365454,0.029066280660663173,0.02550155447588223,0.0114503693960834,0.02493433978397339,-0.013483970387889989,0.0144856918285194,0.025389649313715987,-0.010903957485196587,0.0803040818027622,0.016336676393448647,0.06396740540931356,0.0830569986275069,0.03971701614016988,0.04333998248733702,0.0327556820800784,0.024174357446115437,0.00858132463396296,0.0326676177780613,0.02290369011054325,0.00976392766751805,0.0328415665325495,0.027189777145246938,0.005651789387302562,-0.0283303620300058,0.005810523230225791,-0.034140885260231596,0.0056707985612065,0.022558016698754475,-0.016887218137547975,0.0047306781345178,0.0229773238338837,-0.018246645699365897,0.0274815053464533,-0.022660025187066134,0.050141530533519434,-0.0051988619715393,0.018168839882007952,-0.02336770185354725,0.0403316270988257,0.0316631984754215,0.008668428623404202,0.026065955153956,0.01757125387642487,0.00849470127753113,-0.0112480469337833,0.019798602612454665,-0.031046649546237967,0.0039272608894512,0.02867326048272676,-0.02474599959327556,0.0037613372320864,0.029427309324527442,-0.025665972092441043,-0.0641991626016911,-0.006675838410126711,-0.05752332419156439,0.0502255667890961,0.03236667397922873,0.01785889280986737,0.0172190556747986,0.027385897381769612,-0.010166841706971012,0.0187859127766635,0.02920403496082857,-0.01041812218416507,-0.0031481112401817,0.011491564965487215,-0.014639676205668915,0.0311069334724977,0.027612023101759302,0.0034949103707383987,0.0281020534166423,0.02860690861098811,-0.0005048551943458122,0.0812153814825106,0.002437298666740501,0.0787780828157701,0.0186961563484152,0.016618578118079312,0.0020775782303358893,0.0270209899174836,0.017264025685456746,0.009756964232026856,0.0134246634104452,0.007869785928662028,0.005554877481783172,0.0225142744099357,0.022523601000330004,-9.326590394303363e-06,0.0150274798454314,0.023457594162444237,-0.008430114317012837,0.0041441857272146,0.00023841487318960298,0.0039057708540249972
2014-01-01,-0.065019062614529,-0.049248930057792455,-0.015770132556736545,-0.0490235445430393,-0.030899995795786984,-0.01812354874725232,-0.0633142435316743,-0.06009985423643046,-0.0032143892952438344,0.007242593260097,-0.026659839038728553,0.03390243229882555,-0.047169633897678,-0.03178492659392142,-0.01538470730375658,-0.0466640026138717,-0.03177921626506825,-0.014884786348803448,0.0155242036083785,-0.019589939988854412,0.035114143597232916,0.0009985789576557,-0.022816853063406202,0.023815432021061903,0.0021505000178214,-0.023670047701344975,0.025820547719166375,0.0133715156476974,-0.031503160134852416,0.04487467578254982,-0.0313118770283124,-0.05547660555189644,0.024164728523584034,0.0091480253243642,-0.055788477027598656,0.06493650235196285,-0.0245236713781736,-0.0454674466684986,0.020943775290324998,-0.0061406364212799,-0.039967358704537846,0.03382672228325795,0.0049132065623286,-0.054195174271439266,0.05910838083376786,-0.0488905300031665,-0.05603466453882804,0.007144134535661539,-0.0704544185064784,-0.053891825221368386,-0.01656259328511002,-0.0155151760860632,-0.0378392523757306,0.022324076289667403,-0.0599862197178947,-0.03463121771098683,-0.02535500200690787,-0.0626543920796852,-0.035091925999441186,-0.02756246608024402,0.0007012551184469,-0.034336721060403995,0.0350379761788509,0.0243097514253132,-0.02146229263789884,0.04577204406321204,-0.0353465905674398,-0.03726815725406496,0.001921566686625159,-0.0223407442312768,-0.024714109803910173,0.0023733655726333736,-0.0616200652762396,-0.04027834361247544,-0.021341721663764163,-0.0629144259249533,-0.04176344387314864,-0.021150982051804663,-0.129965210728993,-0.023715389217171354,-0.10624982151182165,-0.0505409765424614,-0.04926923477642363,-0.0012717417660377678,-0.0528537193565719,-0.0490056955412928,-0.0038480238152791,-0.0564129333283258,-0.059963091751280735,0.0035501584229549327,0.003757034637511,-0.02598070214827416,0.02973773678578516,-0.0030042125924685,-0.020290467123702135,0.017286254531233634,-0.0053264166074918,-0.024060208391481253,0.018733791783989453,-0.074942215485807,-0.02708308301477464,-0.04785913247103236,-0.0329787035603393,-0.04916407277943176,0.016185369219092458,-0.0284397194651717,-0.033638123964765836,0.005198404499594137,-0.0648094263203329,-0.06356433466590904,-0.001245091654423866,-0.0693110092530196,-0.05994360425601561,-0.009367404997003989,-0.00547159498788,-0.06565836316565053,0.060186768177770536,0.0300970468821605,-0.014014787804649681,0.04411183468681018,0.027812374870707,-0.015901904535373376,0.04371427940608037,0.0375791518834903,-0.0019338008758029192,0.039512952759293216,0.0701944057306737,-0.03655794921231022,0.10675235494298392,-0.00327926609353,-0.04712023555068721,0.04384096945715721,-0.1632627174618096,-0.05769656063040809,-0.1055661568314015,-0.0512025982901948,-0.041852980858780406,-0.009349617431414395,-0.0761578977948032,-0.027511939139103717,-0.048645958655699484,-0.0689658029436472,-0.02485993629441681,-0.044105866649230385,-0.0466843875465791,-0.08276538470943891,0.036080997162859806,-0.0703650026730951,-0.06188634717953644,-0.00847865549355866,-0.0107917862841436,-0.03273031976234413,0.02193853347820053,-0.0218777697558392,-0.02891273345769424,0.007034963701855041,0.0085722770683972,-0.04813905030606349,0.05671132737446069,-0.0325853651383496,-0.04664605084385228,0.01406068570550268,-0.0367169332280599,-0.04511714272273717,0.00840020949467727,-0.0322252679524072,-0.0730823632896309,0.0408570953372237,0.0157969811635106,-0.0356671975644942,0.051464178728004795,0.0142206418806427,-0.03515403623724689,0.04937467811788959,-0.0318804315886822,-0.04155149273721799,0.00967106114853579,-0.017561201946759,-0.04041198712297568,0.022850785176216682,-0.0081794105665597,-0.0378419786281146,0.0296625680615549,0.0071955470363651,-0.05310440126447354,0.060299948300838645
2014-02-01,0.034798198848865,0.04999919183936736,-0.015200992990502357,0.0073430569722608,0.03459694366082827,-0.027253886688567472,0.0631251619018333,0.04569385369399823,0.017431308207835068,0.0944939998096912,0.08095202352027313,0.01354197628941807,0.0364915024191578,0.0498197768344275,-0.013328274415269702,0.0365047385502616,0.05083225325695992,-0.014327514706698317,0.023393056644592,0.015693474105076127,0.007699582539515873,0.0420002988984658,0.05505291564606437,-0.01305261674759857,0.0413410077623924,0.05569262000802354,-0.01435161224563114,0.0264468395983733,0.02433083229791787,0.0021160073004554275,0.0829949290718746,0.04628351544533967,0.036711413626534926,0.0741510027433526,0.04413954140950598,0.030011461333846613,0.0006791733457736,0.03310594772747273,-0.03242677438169913,0.0122328520663534,0.05190655583402334,-0.03967370376766993,0.0631230886037937,0.059119852551362276,0.0040032360524314275,0.0615257643439134,0.05812826320875565,0.0033975011351577503,0.030576590301717,0.026527710798426415,0.004048879503290585,0.0565299141741476,0.06119723330920845,-0.0046673191350608476,0.0535282282435993,0.065565459842453,-0.012037231598853705,0.0526890855971446,0.06574104761904769,-0.013051962021903084,0.0085497040629839,0.024530056412072187,-0.01598035234908829,0.088897787508127,0.07497044172437188,0.013927345783755124,0.0351166210947052,0.022950637338256218,0.012165983756448985,0.0587264670428298,0.035812086845346196,0.022914380197483604,0.0401374016184772,0.04343122068608785,-0.0032938190676106496,0.0411810013073944,0.0438263472394808,-0.0026453459320863945,0.072667081642276,0.026481031206446723,0.04618605043582928,0.060606217096834,0.060346626335980924,0.00025959076085307897,0.0601163462005875,0.061161909299637614,-0.0010455630990501147,0.0361363308664079,0.024525440693668875,0.011610890172739023,0.0427725159551412,0.05066566570267225,-0.007893149747531053,0.0427060515921443,0.039031326145294344,0.0036747254468499566,0.0469548841439586,0.03904530437827718,0.007909579765681414,0.0102816654863379,0.02764744431067859,-0.01736577882434069,0.0235227498346727,0.06352705441092421,-0.04000430457625151,0.086146736047609,0.04359390083914925,0.042552835208459754,0.0502369790740251,0.03866092576183099,0.011576053312194107,0.0557122592207614,0.042139966824671846,0.013572292396089557,0.0943522387161451,0.025894748694484566,0.06845749002166054,0.0631196820994028,0.03200230720078349,0.031117374898619314,0.0633232580624399,0.03188131911311877,0.031441938949321124,0.0309409200048849,-0.004445691592944085,0.035386611597828986,0.0870273382879937,0.024946470800779195,0.0620808674872145,0.0318586275728743,0.06276336798820652,-0.03090474041533222,0.0406380599675632,0.03867187331781319,0.0019661866497500124,0.0351435595472451,0.03624396180587109,-0.001100402258625989,0.0506181731126556,0.048871470302328864,0.001746702810326739,0.0504405268285719,0.048806037127465354,0.0016344897011065437,0.0035025228349029,0.021968552125824332,-0.01846602929092143,0.0632822492187289,0.0599904709288316,0.003291778289897296,0.0357374062810901,0.04620683079494452,-0.010469424513854415,0.0310692041924601,0.04711252200014612,-0.016043317807686024,0.0423752599038704,0.03092587430322459,0.01144938560064581,0.0387641340226872,0.04835039146476039,-0.009586257442073191,0.0443960390085441,0.048962481926542706,-0.004566442917998605,0.0229810811108691,0.02576845435394865,-0.0027873732430795523,0.0284204396206833,0.026104525022826376,0.0023159145978569225,0.0277226660618118,0.025820194948452682,0.0019024711133591166,0.0422983423728017,0.023758919363993568,0.018539423008808134,0.0443157228479111,0.04066070731222429,0.003655015535686805,0.0444794461247386,0.04030393861411198,0.004175507510626619,0.0708974626250543,0.020292446246129157,0.05060501637892514
2014-03-01,0.0027358042664575,0.028822415068971947,-0.026086610802514447,0.0313895850427241,0.013609736148114556,0.017779848894609544,-0.0168719706299953,0.004889815832991777,-0.021761786462987077,0.0144957694483229,-0.026717208515974283,0.04121297796429718,0.0239732161582969,0.03788330634031068,-0.013910090182013782,0.0238357012370219,0.038377163344895694,-0.014541462107873795,0.0154106542787505,0.010384022206748524,0.005026632072001975,-0.0275493372195434,-0.010309015809461652,-0.01724032141008175,-0.0272702025246069,-0.00830182420104065,-0.01896837832356625,-0.0211931724118825,-0.06041272782165289,0.03921955540977039,0.018556485287141,0.016930526431396274,0.0016259588557447253,0.0392327401784817,-0.0151032752156146,0.0543360153940963,0.0129248545399634,0.013677594405410594,-0.0007527398654471936,0.0188079423595671,0.0034580413166828026,0.015349901042884296,-0.0493222775113812,0.010548739434575346,-0.05987101694595655,-0.01941112035026,0.015734926329224696,-0.03514604667948469,0.0171860009110814,0.01791620131608221,-0.0007302004050008075,0.0062029211585591,-0.008607019741162035,0.014809940899721135,0.0271121784270745,-0.00448991928712727,0.03160209771420177,0.0290697354249535,-0.0036228707477205142,0.03269260617267401,-0.0446551324465717,-0.03947173232070326,-0.005183400125868445,-0.0818815745916805,-0.01221208755482848,-0.06966948703685201,0.0391588157543336,0.018940979356917652,0.02021783639741595,0.0222787715346696,-0.001744304871474955,0.024023076406144553,0.0236231599087462,0.02528526743107989,-0.0016621075223336897,0.0252762830676594,0.02699728555445334,-0.0017210024867939412,-0.0383012271127013,-0.005825552290369173,-0.03247567482233213,0.0063947910867876,0.011129464147757886,-0.004734673060970286,0.0150482661102462,0.013100138020948462,0.001948128089297738,0.0302062971874332,-0.023876082063651605,0.054082379251084806,-0.0200846922028519,-0.011286859037994697,-0.008797833164857202,0.0151537044203669,-0.006882141739172322,0.02203584615953922,0.0184404454251385,-0.00271662316340067,0.02115706858853917,-0.0358514328981323,0.012374214918996722,-0.04822564781712902,-0.0331786107344637,0.017331351990983575,-0.05050996272544728,-0.0012718611207299,0.0024295955310183314,-0.0037014566517482314,0.0375373474827934,0.04206707618496499,-0.0045297287021715885,0.0339973268023314,0.053332584494959326,-0.01933525769262793,-0.0049196048424407,0.019519086731333492,-0.024438691573774193,-0.027265883832027,0.0022178634664178323,-0.029483747298444832,-0.0246176355027578,0.005392404407485835,-0.030010039910243633,-0.0886602304046603,-0.10526339356454113,0.016603163159880835,-0.0954064765613669,0.014264202090725944,-0.10967067865209285,0.0027739889852992,0.012266933331956897,-0.009492944346657697,0.0529183573567111,0.013501097597430603,0.039417259759280496,0.0231263750407788,0.013058430500494664,0.010067944540284137,-0.0165913027291631,-0.006243586889418175,-0.010347715839744925,-0.0208984791448314,-0.005485218427837449,-0.015413260716993952,0.0386623158585199,-0.017102999414665927,0.055765315273185824,0.04798511470384,0.01583879450857223,0.03214632019526777,0.0064753601501383,0.011809413839411793,-0.005334053689273493,0.0088102008398589,0.011927941174258284,-0.003117740334399384,0.0373931726473955,0.0034128787157934972,0.033980293931602006,0.0009706572058004,0.012332230810395205,-0.011361573604594805,-0.0045896727662225,0.009914162700914001,-0.014503835467136501,-0.015479949403061,-0.011600167677109488,-0.0038797817259515113,0.0360629950123636,0.015168751734392354,0.020894243277971243,0.0394769923941322,0.016534756407251834,0.022942235986880367,0.029330010126028,0.0003886229692827521,0.028941387156745248,0.0032985206642838,0.01180623879732337,-0.00850771813303957,0.0024725071141802,0.012753054561368353,-0.010280547447188152,0.0698994962499986,-0.019113816724799376,0.08901331297479798
2014-04-01,0.0266267670270134,3.476544949265037e-05,0.02659200157752075,0.036675612411166,0.014046703675113053,0.022628908736052947,-0.0353777659935126,0.001392621502695401,-0.036770387496208,0.0003236910141421,-0.04173929211897209,0.04206298313311419,-0.0205103395348517,-0.0026647254844814044,-0.017845614050370294,-0.0190765482680505,-0.0011841522071832956,-0.017892396060867205,0.0086228355742673,-0.024931259022634312,0.03355409459690161,-0.0135289579544867,-0.0002349502676132864,-0.013294007686873412,-0.0096815271354352,0.004299945431144962,-0.013981472566580163,-0.0167222752696619,-0.09122199922659019,0.07449972395692829,0.0121403733326737,0.0007096682893274845,0.011430705043346217,-0.03254102986017,-0.06921029183897341,0.036669261978803415,0.0001455752745423,0.007401224361582213,-0.007255649087039913,0.020792643369095,-0.003540989897006536,0.024333633266101537,-0.0339946928199816,-0.014321169558949317,-0.019673523261032284,-0.0089793414152279,-0.01422701824395571,0.00524767682872781,0.0284926336422679,0.021663223465612107,0.006829410176655792,-0.034369112886883,-0.027633784797459187,-0.006735328089423811,0.045548429981125,0.0069457190921099875,0.03860271088901501,0.0530847765942371,0.010295190552224814,0.04278958604201229,-0.0343824873078455,-0.06478885796421625,0.03040637065637075,-0.038515314156035,-0.032922943739407094,-0.005592370416627905,-0.0026307968651249,0.016809823408258776,-0.019440620273383676,-0.0198799982196148,-0.020347914297013606,0.0004679160773988049,-0.0110926079446092,0.00034043028850118525,-0.011433038233110386,-0.0123996667898324,0.002265429323635548,-0.014665096113467948,0.0548576946704286,-0.038481385718206855,0.09333908038863545,0.0076429628306609,-0.009807357102608584,0.017450319933269485,0.0186554349844928,-0.004771653434368636,0.023427088418861434,-0.0095236254031673,-0.07208981948225511,0.06256619407908781,-0.0298345813659911,-0.017140634301311488,-0.012693947064679613,-0.0243115892594088,-0.006438042377972495,-0.017873546881436306,-0.0228437823936326,-9.135248092057274e-05,-0.022752429912712025,2.129132824146744,-0.02094465056183146,2.1500774747085756,0.0181566010673876,-0.010622407870194736,0.028779008937582336,0.0041247098152114,-0.01288906134414352,0.01701377115935492,0.0543474013989344,0.005467945454614053,0.048879455944320346,0.0535396983310128,0.0033779709173370025,0.05016172741367579,0.0408629829460323,-0.042452230862688345,0.08331521380872065,0.0006292634089726,0.0010625509995346393,-0.00043328759056203935,0.0053424644870369,0.005816594522110784,-0.0004741300350738836,-0.1651233921247808,-0.1374130736721692,-0.0277103184526116,0.0123964115624337,0.021972517729716187,-0.009576106167282487,-0.0196675665392508,-0.029445001131171426,0.009777434591920625,-0.0183063831129226,-0.004105980034622087,-0.014200403078300514,-0.0174105463866665,0.013791670124921915,-0.031202216511588415,-0.0151951669002004,0.0020488692275401014,-0.017244036127740503,-0.0119624939039767,0.00597958968892379,-0.01794208359290049,-0.0105046203920605,-0.06464319526969288,0.05413857487763238,0.00392542615747,-0.012491894636101933,0.016417320793571933,0.0029325323592031,-0.006077477475845116,0.009010009835048216,0.0024468296213786,-0.003225945630411095,0.005672775251789695,-0.0176930480362332,-0.036859865438615746,0.019166817402382547,0.0144590773250626,-0.0026580890919423363,0.017117166417004937,0.015137112472417,-0.00099716334273724,0.01613427581515424,0.0504865333848743,-0.05497673864800556,0.10546327203287986,0.0355956057564371,0.01545333699314913,0.020142268763287972,0.0393871614130801,0.019671742357294197,0.019715419055785905,-0.029759279949339,-0.019671335718624314,-0.010087944230714685,-0.0026803867079917,-0.004079197956288175,0.0013988112482964752,-0.0082906893018941,0.0010390743034105702,-0.00932976360530467,-0.0298489817526932,-0.03784434554302671,0.007995363790333509
2014-05-01,0.0115077464638144,0.02046307608377922,-0.00895532961996482,0.0091614392886894,0.01857414828642915,-0.00941270899773975,0.0305695807987874,0.010068930852745394,0.020500649946042004,0.0134144767150924,0.027095054566047726,-0.013680577850955326,0.0198920285589481,0.02849636928057345,-0.008604340721625352,0.0208750638094771,0.030039212977985827,-0.009164149168508728,0.0051238432752729,-0.0025504955192353625,0.007674338794508262,0.0285732729291939,0.030772504352898758,-0.002199231423704859,0.0295896883361836,0.032885142630296,-0.003295454294112401,-0.0340686446028705,-0.02445194320330955,-0.009616701399560949,0.0316054346525497,0.015026569219400928,0.016578865433148775,-0.029956900870241,-0.01119796755824862,-0.01875893331199238,0.0381331922554647,0.009437689672012705,0.028695502583451996,0.0307237667256355,0.02132598023499152,0.009397786490643979,0.0239578465808525,0.014523711198443473,0.009434135382409026,0.0146358961741956,0.014440963999568767,0.00019493217462683218,-0.007004632446683,0.00827937421611468,-0.01528400666279768,0.0079095076327027,0.014786887395456184,-0.006877379762753483,0.0521992078135144,0.034004277852250915,0.018194929961263484,0.0549878924304149,0.03524266390716263,0.01974522852325227,-0.0231767823778361,-0.013668142786391772,-0.009508639591444327,0.0369548546094738,0.03320938018044615,0.0037454744290276523,0.0390044871262211,0.008478506869902647,0.030525980256318454,0.0632353878135924,0.0041879920305595494,0.059047395783032856,0.0193193077663149,0.019402208299802163,-8.290053348726165e-05,0.0245646964166087,0.019724550444819557,0.004840145971789143,-0.0309819773673404,-0.0026365878574804427,-0.028345389509859955,0.0081249286758042,0.019455900181304945,-0.011330971505500744,0.0109633561564767,0.02206079622337658,-0.011097440066899882,-0.0290091252958304,-0.025163806578684993,-0.003845318717145406,0.0318280768119687,0.01606642598359337,0.01576165082837533,0.0389271642343015,0.015413070228322463,0.02351409400597904,0.0400077811876744,0.016537086772934383,0.02347069441474002,-0.0566126890557738,-0.00649083287695092,-0.05012185617882288,-0.0224784049059834,0.021986120246481302,-0.0444645251524647,0.0485849309397757,0.011763370585443448,0.036821560354332254,0.0119077114811467,0.007503858002793083,0.004403853478353617,0.0164488415951392,0.011020876997133076,0.005427964598006124,-0.0061499120105875,-0.01392942925641346,0.00777951724582596,0.0062802686301041,0.01525112479332067,-0.008970856163216568,0.0069678059529375,0.016333222595583802,-0.009365416642646302,-0.0860819772737704,-0.045126961433803264,-0.040955015839967135,-0.0719998238424146,0.009127489160850958,-0.08112731300326556,0.0572483923992786,0.016884411075059755,0.04036398132421884,-0.0053832613467683,0.005443746428016289,-0.01082700777478459,0.0264340380784877,0.015424258801464185,0.011009779277023514,-0.0061624154766637,0.023524331209156618,-0.029686746685820317,-0.0060654879427265,0.025944822420716034,-0.03201031036344253,0.0439207072758533,-0.0307237141806457,0.074644421456499,-0.0022653525224934,0.015184806788499237,-0.017450159310992638,0.0186033351839706,0.0205359328334547,-0.0019325976494840996,0.0187313278046344,0.023446108448610295,-0.004714780643975895,-0.0095095779770805,-0.004991899098735663,-0.004517678878344837,0.0534843151650209,0.016670812843730554,0.03681350232129034,0.0571055093807022,0.018771454892407523,0.038334054488294675,-0.0692076956620377,-0.022167446897012524,-0.047040248765025175,0.0025827784382952,0.011102389527472348,-0.008519611089177148,0.0036420946745862,0.012511681143746105,-0.008869586469159906,0.0219719925906213,-0.006262926837746425,0.028234919428367727,0.0306073115566898,0.010405061703844162,0.02020224985284564,0.043681254846213,0.01291492365003849,0.030766331196174508,-0.0419887562655002,-0.01255802561279931,-0.02943073065270089
2014-06-01,-0.0175263555615753,0.026555394894358573,-0.04408175045593388,0.0533876734195204,0.012493590851217795,0.040894082568302605,0.0054942745095245,0.0214525200516876,-0.015958245542163102,0.0597642861876193,0.07939224598910909,-0.019627959801489785,0.0272473943873133,0.03357104550851642,-0.0063236511212031166,0.0263356233005874,0.03299834354863017,-0.006662720248042767,0.0236801565982989,0.02267446607153567,0.0010056905267632303,0.0190008311162937,0.032980480228069965,-0.013979649111776266,0.0145044135549825,0.031017855655550736,-0.016513442100568237,0.0459323538991415,0.04103782943360138,0.004894524465540118,0.0140451089546537,0.022498833539089404,-0.008453724584435704,0.0203760834190519,0.045606417156519106,-0.025230333737467206,0.0055754879662331,0.00505849219935778,0.0005169957668753203,0.0250572011994348,0.029835039519868326,-0.0047778383204335265,0.0237424437987843,0.046272539355943505,-0.022530095557159204,0.0415812141465234,0.04403614927305965,-0.002454935126536245,-0.0115816594095749,-0.0052911166915858635,-0.006290542717989036,0.0391700193741211,0.052013278218259365,-0.012843258844138263,0.0409111522412784,0.039271691103451994,0.0016394611378264048,0.0379378195486458,0.03780845419068981,0.00012936535795599058,0.0485976841213198,0.02641700731227189,0.022180676809047905,0.0209173738335092,0.06576855137886833,-0.04485117754535914,-0.0122052161850112,-0.0036509080995967514,-0.00855430808541445,-0.0058267162157539,0.025716098442629273,-0.03154281465838317,0.0335355646135587,0.022265691664886712,0.011269872948671988,0.0400017416780162,0.021788723026682933,0.018213018651333266,0.0384956967722182,0.03291253959975509,0.0055831571724631116,0.0456061537215764,0.03980160989842936,0.005804543823147039,0.0403875639105246,0.0376129738097442,0.0027745901007803983,-0.0089937187194479,0.03564858776754419,-0.04464230648699209,0.0291377727368064,0.03811979303995436,-0.008982020303147958,0.0220610034896579,0.020349416450884568,0.0017115870387733323,0.0198870662252313,0.016589483921028804,0.003297582304202497,-0.078282230101963,0.02617345547637867,-0.10445568557834167,0.031796646798239,0.035620475983299434,-0.003823829185060433,0.047371212892582,0.03156937244158277,0.01580184045099923,0.0520750423350853,0.012036468895852501,0.0400385734392328,0.0592235393638861,0.016869089984999117,0.04235444937888698,0.0014974189500525,0.023771724034935573,-0.022274305084883074,0.0206237353518735,0.014682672909910599,0.005941062441962901,0.0175451672170346,0.011953192818548439,0.00559197439848616,-0.0063803243489713,0.034441548163887996,-0.0408218725128593,0.1851728359639878,-0.006974549920335461,0.19214738588432326,0.0507283486093609,0.0600508968326443,-0.009322548223283399,0.0009414974761745,0.021704990407420084,-0.020763492931245586,0.0282617439861879,0.015041514428363054,0.013220229557824847,0.0126181670741676,0.02908792534372546,-0.016469758269557856,0.00555130903011,0.027817082634848445,-0.022265773604738442,0.0103943882406753,0.026603418156914273,-0.016209029916238973,0.0266845837037767,0.03777185440460258,-0.01108727070082588,0.0270753131101627,0.02970960640809928,-0.002634293297936581,0.0206793470619941,0.028935172736558597,-0.008255825674564496,0.0193746484434405,0.026334359781007278,-0.006959711337566777,0.0197597603186542,0.025724096175940857,-0.005964335857286656,0.0157872140363116,0.02367721697937235,-0.007890002943060751,0.0665280077248346,0.01783312395588115,0.048694883768953444,0.0518388273407873,0.0013033376964075895,0.050535489644379705,0.0512001523833477,-0.0014047995111121517,0.05260495189445985,0.0590937387269491,0.019276057479446242,0.03981768124750286,0.0109041187544942,0.025678109968449797,-0.014773991213955597,0.002799643661049,0.02287395674829725,-0.02007431308724825,0.0337097613568851,0.015229852265730561,0.01847990909115454
2014-07-01,-0.0495848656501303,-0.027853748697040513,-0.02173111695308979,-0.0221757448991002,-0.004572980181565791,-0.01760276471753441,-0.0088371421725585,-0.032411125927349294,0.023573983754790792,-0.0239679372507261,-0.06265714000967235,0.038689202758946245,-0.001004864532919,-0.02275005224474283,0.021745187711823828,0.0013248097643119,-0.021028814446640048,0.022353624210951946,0.0066551013509194,-0.036250793543030214,0.042905894893949616,0.0078301988676982,-0.01382043224284737,0.02165063111054557,0.0142449680441917,-0.009871064481198604,0.024116032525390303,-0.0609094094400267,-0.09579666004141553,0.03488725060138883,-0.0135087881745741,-0.030131617137372106,0.016622828962798007,-0.0052949423844143,-0.09177191439185436,0.08647697200744006,0.0056400350772597,-0.014457391553337518,0.02009742663059722,0.0270296826818681,-0.02596245281114243,0.05299213549301053,-0.1052295969482816,-0.049294911760278004,-0.0559346851880036,-0.0641551754092131,-0.049308615460838014,-0.014846559948375089,-0.0295618393050435,-0.005984302227198498,-0.023577537077845004,-0.0984723961623174,-0.05120062919520707,-0.04727176696711033,0.0027760851230105,-0.016463064875780333,0.019239149998790832,0.0091214453169271,-0.013553439171444076,0.022674884488371176,-0.0647554873478722,-0.07097274620662852,0.006217258858756319,-0.0150285671153061,-0.047206785453326114,0.032178218338020016,-0.0381057448647177,-0.0016028910198729483,-0.03650285384484475,0.0281530986697715,-0.03215049078334436,0.060303589453115855,-0.0291831761062781,-0.021927798059188264,-0.007255378047089835,-0.0191311034221507,-0.021138601996517792,0.002007498574367092,-0.1193395276102042,-0.050230124886504114,-0.06910940272370009,-0.0637808464587643,-0.03909408047021343,-0.02468676598855088,-0.0564860563497364,-0.03396933321170843,-0.022516723138027966,-0.0940333931693643,-0.09682242947221602,0.0027890363028517245,-0.0375875672872864,-0.032410229591228905,-0.0051773376960574935,-0.0016694332981497,-0.015369865507697733,0.013700432209548034,0.0044351313844845,-0.011196520329429296,0.015631651713913796,-0.0499737631923797,-0.03772828558729147,-0.012245477605088227,0.0390838983336831,-0.0362145778824311,0.0752984762161142,-0.0422240110400097,-0.032706210732827416,-0.009517800307182286,-0.0371157964538436,-0.028930751037708896,-0.008185045416134705,-0.0305324702100308,-0.029761601181582352,-0.0007708690284484489,-0.0607261738469703,-0.07299637161814686,0.012270197771176557,-0.008159876880914,-0.005701310703558348,-0.0024585661773556516,-0.0049748872930882,-0.002100228948543806,-0.0028746583445443943,-0.051695820177017,-0.11434693802815439,0.06265111785113739,-0.025424186359871,0.004523812178692564,-0.029947998538563562,-0.0264785243721787,-0.061506883709545754,0.03502835933736705,-0.0781141420198974,-0.037117452520737004,-0.040996689499160396,-0.027145723653167,-0.012293306267238008,-0.014852417385928992,-0.0141073851094042,-0.015343168778565596,0.0012357836691613971,-0.0083704382546141,-0.010324844261448453,0.001954406006834353,-0.0747755334970984,-0.10114761707647986,0.026372083579381464,-0.0436665021442088,-0.047429634955828054,0.0037631328116192533,0.0035343089739798,-0.025019131784052517,0.028553440758032317,0.0085990511983051,-0.020020327510384822,0.02861937870868992,-0.0308687496625072,-0.058497999763377606,0.027629250100870407,-0.0062206112852531,-0.02842379625102302,0.02220318496576992,-0.0069220987584073,-0.024899950356047536,0.017977851597640235,-0.0504914479842331,-0.08269404145844907,0.03220259347421597,-0.0461155544077416,-0.0031739887626147196,-0.04294156564512688,-0.0332391778150701,0.0014330304302366636,-0.034672208245306764,-0.0642853301379164,-0.04176547869166749,-0.022519851446248913,-0.026574468685539,-0.028543373473797835,0.0019689047882588337,-0.0169263503825649,-0.022018001140966446,0.005091650758401546,-0.017658915540352,-0.05898076881805017,0.041321853277698176
2014-08-01,0.0424316062483463,0.04392863007794113,-0.0014970238295948304,0.0442075792610635,0.03034682039409197,0.01386075886697153,0.0281330771261223,0.039205706961071174,-0.011072629834948874,0.0479306934298643,0.07707593145904437,-0.029145238029180072,0.0209315119049806,0.04507847923783054,-0.024146967332849937,0.020782497611689,0.046004394986884356,-0.025221897375195357,0.0086500722660351,0.014127520920036402,-0.005477448654001302,0.0308000055564716,0.05122394942542704,-0.02042394386895544,0.0288270527402931,0.0516351992430159,-0.0228081465027228,0.021662124961746,0.023916552767354545,-0.002254427805608545,0.0450032185863226,0.04001069887133624,0.004992519714986363,0.0723227773340616,0.04002854313894721,0.032294234195114395,0.0122462604235721,0.02792441270971669,-0.01567815228614459,0.031495584377823,0.04682977285296273,-0.015334188475139725,0.0738346101451699,0.05291367040757411,0.02092093973759579,0.0800496946111928,0.051757061143289367,0.02829263346790343,0.0535443798337889,0.02058781358536601,0.03295656624842289,0.0393708070353938,0.05666152031765409,-0.01729071328226029,0.064626528598961,0.06018419965566986,0.004442328943291135,0.0633612521608116,0.060223393450761074,0.0031378587100505326,0.3516353309082264,0.02297079376761654,0.3286645371406099,-0.0360355264907354,0.07131695247071143,-0.10735247896144684,0.049553245699855,0.018507296671669435,0.031045949028185568,0.0466744486681605,0.03296927557622126,0.013705173091939242,0.048834974696971,0.03833206707368394,0.01050290762328706,0.0451268416996516,0.03853190376863358,0.006594937931018022,0.0552894965245837,0.02467471248945456,0.03061478403512914,0.047436961962056,0.054299956675240096,-0.006862994713184099,0.0488208420350993,0.05494828874577102,-0.006127446710671718,-0.0155819317354006,0.021106058643007526,-0.03668799037840813,0.0325655652516892,0.047193959309669874,-0.014628394057980672,0.0176965752190275,0.036102306362798625,-0.018405731143771125,0.0168098108224321,0.035619473020865725,-0.018809662198433625,-0.0687799836891287,0.024825220959736594,-0.09360520464886529,-0.0225329955441355,0.05725775506489684,-0.07979075060903235,0.0590274906808464,0.039580664031223935,0.019446826649622467,0.0188515046335223,0.03164434169760764,-0.012792837064085339,0.0124223352284812,0.035184923060349836,-0.022762587831868637,-0.0183507590934295,0.020743831820143607,-0.039094590913573105,0.0601499464117093,0.02954447500422192,0.030605471407487383,0.0593954873542997,0.02912701164554806,0.030268475708751637,-0.0158457724120811,0.00018055305684866398,-0.016026325468929764,0.0342295852368733,0.020364829354050873,0.013864755882822426,0.0578741245491832,0.057348453029747226,0.0005256715194359718,0.0172484001400547,0.032711019304021025,-0.015462619163966324,0.003100699477589,0.03113390809583341,-0.028033208618244407,0.0707106017893177,0.04483486605601295,0.025875735733304754,0.0725800339615853,0.04486583215465883,0.02771420180692647,0.0056352936775371,0.01666825686314982,-0.01103296318561272,0.0637124297045488,0.053017430243223015,0.01069499946132578,0.0397353383603509,0.04189274985113919,-0.00215741149078829,0.0420957192148689,0.0429707339876466,-0.0008750147727777033,0.0468675106148153,0.02692041444697979,0.019947096167835507,0.0425523360177373,0.042782019681852614,-0.0002296836641153127,0.0454220021570323,0.04346010197801112,0.0019619001790211824,0.0363997539846325,0.020664274275297434,0.015735479709335067,0.0533952267092451,0.021750829538052276,0.03164439717119282,0.0523959654508946,0.021388050321639655,0.031007915129254948,0.0645220271401665,0.020148708192145696,0.0443733189480208,0.0399526742051479,0.035928226823280805,0.004024447381867094,0.0355613509769615,0.03563452361605394,-7.317263909243504e-05,0.0020064653427138,0.016621763668414915,-0.014615298325701114
2014-09-01,-0.0075636399644835,-0.03418641756395607,0.026622777599472573,-0.0183426807050335,-0.005117094297235012,-0.013225586407798489,0.0504317360792112,-0.028017040431460093,0.0784487765106713,-0.1251850307831889,-0.047783260053213164,-0.07740177072997574,-0.014100307859576,-0.032559153696129516,0.018458845836553515,-0.0132758525496139,-0.031213288438606875,0.017937435888992975,-0.0165081595214499,-0.03896593632896046,0.022457776807510564,-0.0103733297668237,-0.007679687775075905,-0.002693641991747796,-0.0054297143791489,-0.004036162509177674,-0.001393551869971226,0.0253694435510069,-0.0864345325654492,0.1118039761164561,-0.0348312854093396,-0.03122013159371375,-0.0036111538156258505,-0.1508393853796054,-0.09262172387042403,-0.05821766150918137,-0.0214182314624843,-0.01901106141066826,-0.002407170051816041,-0.0228852889771336,-0.02410122891848361,0.001215939941350011,-0.0615579290728166,-0.04472807611327217,-0.01682985295954443,-0.0322025080582725,-0.04738861076337022,0.015186102705097716,0.0017371832067115,-0.008572706503821158,0.010309889710532658,-0.0667524671011752,-0.04475587963944591,-0.02199658746172929,-0.0149993859046463,-0.008068016209891126,-0.006931369694755173,-0.0107847587454013,-0.005059352919679216,-0.005725405825722084,-0.04428469789108,-0.06805918889574822,0.02377449100466822,-0.0378359776609031,-0.041477123684362106,0.0036411460234590035,-0.0131913008845593,-0.007285815493219561,-0.0059054853913397395,-0.0234897839891325,-0.03397934582466841,0.010489561835535913,-0.0215023921137319,-0.028361092493121767,0.006858700379389866,-0.0183022013135742,-0.027673372628698786,0.009371171315124587,-0.0610814252789872,-0.049209346631165475,-0.011872078647821728,-0.0689584133873654,-0.03844778321832493,-0.030510630169040473,-0.0694405950676655,-0.033851417732590025,-0.03558917733507548,-0.0750487027207863,-0.09242156289510313,0.01737286017431683,-0.0262798085176081,-0.027219280044872174,0.0009394715272640734,-0.0295179972873415,-0.014971443051280335,-0.014546554236061163,-0.0270561446221034,-0.011563283292754703,-0.015492861329348698,-0.0971529015009513,-0.04151313656863513,-0.05563976493231616,-0.1190656753431025,-0.04237785902941931,-0.07668781631368318,-0.0499171413365091,-0.030955016462775917,-0.01896212487373318,-0.0749145029339234,-0.04015850374587913,-0.03475599918804428,-0.0682616103253222,-0.04547765704640144,-0.022783953278920757,-0.1126719304843225,-0.08106933001610202,-0.031602600468220485,0.0104448416374808,-0.007783225534980596,0.018228067172461396,0.0131858597458095,-0.004846904698166173,0.018032764443975675,-0.1151939517501662,-0.10301018184994365,-0.012183769900222546,-0.19894778522405,-0.0003779473606534455,-0.19856983786339655,-0.038698369969832,-0.057827401716301505,0.019129031746469502,-0.0580098135777275,-0.035719885226306335,-0.022289928351421164,-0.0082646406793754,-0.009715432998512864,0.001450792319137464,-0.0083143208317414,-0.008973810149745203,0.0006594893180038031,-0.0031244731430455,-0.0039501152794522215,0.0008256421364067216,-0.0183294183000134,-0.09665844218551359,0.07832902388550018,-0.0627070748525505,-0.04842185429149765,-0.014285220561052851,-0.0303290354929577,-0.026566563710563026,-0.0037624717823946732,-0.0187824965501267,-0.02206838782251516,0.003285891272388458,-0.071242545801407,-0.06177531305874092,-0.00946723274266608,0.0087331232443147,-0.029619487189815198,0.038352610434129894,0.0183595636888871,-0.026263119419235436,0.044622683108122535,-0.0594932995176994,-0.08555480287027893,0.026061503352579535,-0.0271566391591607,-0.006371114855068036,-0.02078552430409266,-0.0218309282637328,-0.0023017933170561404,-0.019529134946676657,-0.0617421825639403,-0.03978327399034329,-0.02195890857359701,-0.018742086660493,-0.02821005136641796,0.00946796470592496,-0.0071820373027864,-0.022108994562383133,0.014926957259596734,-0.0301597369447523,-0.05503383683763219,0.02487409989287989
2014-10-01,0.0173723930190693,0.019342755069914258,-0.0019703620508449565,0.0085919278209713,0.014698046820828365,-0.006106118999857064,0.0262865628218423,0.0374525960689371,-0.011166033247094798,0.022583409569527,0.07108647835913598,-0.04850306878960898,0.0264080437692351,0.0058831407774867246,0.020524902991748376,0.0238843219225481,0.004537792601274149,0.019346529321273953,0.0081526831004977,0.0119843510283816,-0.0038316679278839003,0.0126461742500156,0.02588091389422299,-0.01323473964420739,0.0091855786429146,0.023740724553053632,-0.014555145910139032,-0.0367460203141524,0.04102810095393096,-0.07777412126808336,-0.0377767061160751,0.024866118922349627,-0.06264282503842472,-0.0155422846559065,0.04342651288944968,-0.05896879754535618,0.0215062007340316,0.018209580293316385,0.0032966204407152144,0.0052101404359459,0.028965578023632393,-0.023755437587686494,0.0580339026781106,0.05094577348388709,0.007088129194223511,0.0350255694914288,0.046080946287210246,-0.011055376795781446,0.0429854150447345,0.012088773838975789,0.03089664120575871,0.0504640643381612,0.05672247650003106,-0.006258412161869856,0.0395656669919692,0.03972161056220018,-0.00015594357023097916,0.041579546061353,0.03868823737483817,0.0028913086865148332,-0.1148541561726237,0.023604862904285817,-0.13845901907690952,-0.01379622528328,0.04378736593598754,-0.05758359121926754,0.0194714588164405,0.009676235295291538,0.009795223521148961,0.0650566908215584,0.03634986054665807,0.028706830274900334,0.0362224562380242,0.013438551455767066,0.02278390478225713,0.0298217169328827,0.013773661785243752,0.016048055147638948,0.0831046633176395,0.02571268378563347,0.05739197953200602,0.0309222529359934,0.04274105041732838,-0.011818797481334981,0.0374179660887804,0.04052789414324438,-0.003109928054463987,0.0355675057800285,0.036690694799143574,-0.0011231890191150742,0.0291304672954415,0.042894594919850655,-0.013764127624409154,0.0767901297684849,0.02552170698269335,0.05126842278579155,0.0770390400692695,0.02369170715742153,0.05334733291184797,-0.0382465046538143,0.046199334636260955,-0.08444583929007526,-0.0861569402947964,0.03704357200433625,-0.12320051229913265,0.0498622991602435,0.03523838095454411,0.014623918205699388,-0.0350138326572722,0.020550388867022013,-0.05556422152429421,-0.027040002154654,0.01766709535571049,-0.04470709751036449,-0.1072453816574942,0.01886900925369403,-0.12611439091118823,0.0376831660329806,0.018631337483465724,0.019051828549514878,0.0373401810590883,0.01689646724157149,0.020443713817516806,-0.0742062164387074,0.019988557216368903,-0.0941947736550763,-0.1949028213624206,0.015993445867156487,-0.21089626722957708,0.0158313709412076,0.04773519578581609,-0.03190382484460849,0.0335361096334341,0.03148359670610684,0.002052512927327256,-0.0019349051164586,0.021970422876965698,-0.023905327993424298,0.0220465318668264,0.031070300405355366,-0.009023768538528966,0.0164860991918437,0.028714024909499047,-0.012227925717655345,0.0903761473563735,0.03586650238372693,0.05450964497264658,0.0232650060633879,0.04229736425578914,-0.019032358192401237,0.0565182445181219,0.020223645834018252,0.036294598684103646,0.0554148616575046,0.018260892920183305,0.0371539687373213,0.02871868572944,0.023193725236029486,0.005524960493410513,0.0330578407432879,0.028288498612022234,0.004769342131265668,0.0352636963512609,0.025379609651036035,0.009884086700224864,0.0784703569310056,0.02764158550148754,0.050828771429518055,0.0498589969288506,0.011500678000028746,0.038358318928821855,0.0347616299022853,0.009682866975394642,0.025078762926890655,0.1379614307974672,0.030547018149170626,0.10741441264829657,0.0282304287880012,0.03334975144428377,-0.0051193226562825725,0.0291862752369977,0.030393611439859792,-0.0012073362028620915,-0.0096761610265568,0.01891992327778696,-0.02859608430434376
2014-11-01,0.0376469846957234,0.008352860221686307,0.029294124474037092,-0.0076718441806589,0.0256701588175905,-0.0333420029982494,0.0741109720254815,0.03219988812362491,0.04191108390185659,0.0644329569868365,0.033010050736047646,0.031422906250788855,0.0203154783458105,-0.008484753343479621,0.02880023168929012,0.0221787154200091,-0.007159670295488438,0.029338385715497538,0.0207863238255938,-0.02431998670761143,0.04510631053320523,0.0244648004911612,0.04035130024492439,-0.015886499753763193,0.0248601725218362,0.04315215979372092,-0.01829198727188472,-0.0001375107454253,-0.022705360019627672,0.022567849274202374,-0.0075750654130387,0.017959539229531273,-0.025534604642569972,-0.0771757562708866,-0.023342296621640966,-0.05383345964924564,0.0291305994994857,0.02346914280144845,0.005661456698037248,0.0784926944676727,0.027512422934193422,0.05098027153347927,0.0354386456136136,0.019472371034085927,0.015966274579527675,0.0171307265610282,0.014040178709701583,0.003090547851326616,0.0307801596620823,0.028788670522824352,0.001991489139257948,-0.0001649602624717,0.02459880438470324,-0.02476376464717494,0.0725035855769518,0.05235364579815881,0.020149939778792994,0.0780916128115564,0.054892813046594637,0.02319879976496176,0.0087141185606707,-0.01540399053748142,0.02411810909815212,-0.016713693122709,0.020941099328067925,-0.03765479245077692,0.0585649633429143,0.021536505908812238,0.03702845743410206,0.0263020651094351,0.013142789654982586,0.013159275454452514,0.0230266281779934,0.0064517058560944135,0.01657492232189899,0.0328500998974927,0.007455198275507055,0.025394901621985645,-0.083177207858352,-0.015852226114006975,-0.06732498174434504,0.0007005392166791,0.0240882504978701,-0.023387711281191,0.0044441042325918,0.027709259977955456,-0.023265155745363655,-0.0462654750756325,-0.0336865698479619,-0.012578905227670599,0.040501055695351,0.029256668227333246,0.011244387468017755,0.0443194452176725,0.028345484691228124,0.015973960526444373,0.0471872399268486,0.0315515944529096,0.015635645473938996,-0.0376673437533863,0.0015977906201834783,-0.03926513437356977,0.0247068238171648,0.021663269532477256,0.0030435542846875448,0.0402267386390875,0.017186284427288197,0.023040454211799306,-0.0857245717392111,0.002623574897159502,-0.0883481466363706,-0.0795714161805481,-0.00737636585774733,-0.07219505032280077,-0.1821944097032768,-0.03953469479147602,-0.1426597149118008,0.0273266485011617,0.023663793046711623,0.003662855454450078,0.0271987979368555,0.025817216550070302,0.0013815813867851974,0.0024707123753685,-0.05633364137807437,0.05880435375344287,0.0432014422600743,0.03561079829418067,0.00759064396589363,0.0227893493887792,0.00020662642172750427,0.022582722967051695,0.0307807097672142,0.01383168995394507,0.01694901981326913,0.0580743173449632,0.027776486077359015,0.030297831267604183,0.0905696520957291,0.039020540747506785,0.05154911134822232,0.098462960729564,0.041537794755176716,0.05692516597438728,-0.0275520024757188,-0.03227454469670573,0.00472254222098693,-0.0153904177232663,0.017892719015909928,-0.033283136739176225,0.0244571214591358,0.012201385836761041,0.01225573562237476,0.0263529752578108,0.01511330116069702,0.01123967409711378,-0.0253046467187333,-0.01764612164268744,-0.00765852507604586,0.0195982667162831,0.0209244382820731,-0.0013261715657900026,0.0255726631430474,0.02424290205780649,0.0013297610852409103,-0.0400404003723041,-0.022583285028851232,-0.01745711534345287,0.0005297780931148,0.02352555167455816,-0.022995773581443363,-0.0016551102082664,0.026563123475113963,-0.02821823368338036,-0.0239138245170984,0.0012323866545842026,-0.0251462111716826,0.020247744542002,0.017509967229430275,0.0027377773125717257,0.0275870046463685,0.021233301486371103,0.006353703159997396,-0.0075307520111171,-0.008663143150719076,0.0011323911396019758
2014-12-01,-0.0203948074983606,0.010675686236840011,-0.031070493735200613,0.0133904527008762,-0.002491060449083867,0.015881513149960065,-0.0156274619539252,-0.0033201838803443395,-0.012307278073580862,-0.0067542379061962,0.011094983888302754,-0.017849221794498955,-0.0056227709371234,0.01794623050858597,-0.023569001445709368,-0.0071982178996315,0.016889509132143363,-0.024087727031774864,-0.0007678368847814,0.0171942538606753,-0.0179620907454567,-0.0082239749292322,-0.010881918216195963,0.002657943286963763,-0.0090626594431041,-0.012666046400367996,0.0036033869572638967,0.0295992933342672,-0.0015322114778958521,0.031131504812163053,0.0078408321693157,0.002009499781484518,0.005831332387831182,0.0139630914201233,0.01653496491893812,-0.00257187349881482,-0.0236484733572995,-0.0017435950598283703,-0.021904878297471127,0.0124320175591112,-0.0012875956075911617,0.013719613166702362,-0.025543488925962,0.014559607879556062,-0.04010309680551806,0.0108316672167001,0.01601104164595856,-0.005179374429258461,0.0040806957013902,-0.009245755284444393,0.013326450985834593,-0.0055223521725839,0.012351293954465332,-0.017873646127049232,-0.0336127717083631,-0.007787541777650062,-0.025825229930713036,-0.0382515746187605,-0.00924940714410469,-0.02900216747465581,0.0469331883102188,-0.005565041818304447,0.05249823012852325,-0.0631128320892839,0.008278241212552344,-0.07139107330183624,-0.0146038651458039,-0.0018347217539442726,-0.012769143391859628,0.0455442562182047,0.012717334450988518,0.03282692176721619,0.0096906529978884,0.008467110151864125,0.0012235428460242743,0.0062763330683652,0.008658287519049826,-0.0023819544506846263,0.0602476750366844,0.013869386808863522,0.04637828822782088,-0.0135256579230808,0.010425509955687072,-0.023951167878767873,-0.0172778207448054,0.00866844793377462,-0.02594626867858002,-0.0035854918948074,0.008970753059512506,-0.012556244954319905,-0.0070504693545527,0.003929549110795757,-0.010980018465348457,0.0054804334612023,-0.002157002930592322,0.007637436391794622,0.0032790513782288,-0.0036118914179441154,0.0068909427961729155,-0.0607781870020234,0.0297971722189895,-0.0905753592210129,-0.0684221489313854,0.012788691849755649,-0.08121084078114105,0.0254660268914584,0.008259203232104403,0.017206823659353998,-0.0001211236098194,0.017156525057916226,-0.017277648667735627,0.0149376678442739,0.02647096658196099,-0.011533298737687088,-0.0981584483881147,0.02061424141122319,-0.11877268979933789,-0.0216823698176323,0.0014997990550134604,-0.023182168872645757,-0.0237410481274154,0.0005779959736424895,-0.02431904410105789,-0.0629872943585295,-0.014407037960607475,-0.048580256397922024,-0.0054560458546957,-0.004919540241189001,-0.0005365056135066991,-0.0090250881363726,0.022677055157577303,-0.0317021432939499,-0.0312236790552262,0.0050266784338619044,-0.0362503574890881,-0.0072804266803752,-0.0028862071869836642,-0.0043942194933915355,0.0113065948467585,-0.0065462785853144575,0.01785287343207296,0.0102326226591668,-0.008033669977993395,0.018266292637160196,-0.0097519186299512,0.004302549297794479,-0.01405446792774568,-0.0032816356410683,0.011544974867498631,-0.014826610508566932,0.019588584498465,0.005432240618404598,0.014156343880060403,0.0232595158640466,0.004319691968679951,0.01893982389536665,0.0001526152437751,0.01155732864610258,-0.011404713402327479,0.0017233537253663,0.0038000196709963956,-0.0020766659456300956,0.0017743615902143,5.576106999488975e-05,0.0017186005202194103,-0.0122466528433507,0.002993443327556883,-0.015240096170907583,0.0268967260214078,-0.0034686394662267806,0.03036536548763458,0.0314326200648359,-0.0049154973436113724,0.036348117408447275,0.0341931656680044,0.007955967731168025,0.026237197936836376,0.0016686586192484,0.009457949201223084,-0.007789290581974684,-0.0001317170120595,0.007336167622999171,-0.007467884635058671,0.0336693524513451,-0.008400042918737647,0.042069395370082745
2015-01-01,-0.0087627284668512,-0.05655460422593205,0.04779187575908085,-0.0235959868937785,-0.016674806827587277,-0.006921180066191222,-0.0289632714086898,-0.027239330337522582,-0.0017239410711672176,-0.0682327450861114,-0.035189034009688556,-0.03304371107642284,-0.1115813821915445,-0.06478689285074128,-0.046794489340803214,-0.112530524670163,-0.06527747096302083,-0.04725305370714217,-0.0119303751616716,-0.04140991242673189,0.029479537265060293,-0.0445660941682535,-0.01748368805687972,-0.02708240611137378,-0.0460895653665705,-0.015797348915682997,-0.030292216450887505,-0.0652823910328958,-0.06659836006462923,0.0013159690317334216,-0.0068080942293755,-0.04301609969842551,0.03620800546905001,-0.221594827037631,-0.09232233830343826,-0.12927248873419273,-0.0385958195168805,-0.03347021193630584,-0.005125607580574662,-0.0614020903920383,-0.034456172961177964,-0.026945917430860333,-0.0545476760388893,-0.04192157463518908,-0.01262610140370022,-0.0291568460912511,-0.049518562182135635,0.020361716090884534,-0.0464948050534896,-0.020074676575036875,-0.026420128478452726,-0.0402570908107242,-0.03948147582434687,-0.0007756149863773279,-0.0005276140968065,-0.01319745513811178,0.01266984104130528,0.0017122335186435,-0.01082207855862154,0.01253431207726504,-0.0334429423351904,-0.06562635351942832,0.03218341118423792,0.0055340840226583,-0.05109510818136155,0.05662919220401985,-0.0248888640201598,-0.02213406755803535,-0.00275479646212445,0.0042894746483573,-0.036963071582580734,0.041252546230938034,-0.0602591392432613,-0.050826697319690764,-0.00943244192357054,-0.0654371955459804,-0.05024429958188324,-0.015192895964097161,-0.084466072457633,-0.04663463189184523,-0.03783144056578777,-0.0633015973900603,-0.0466359323732215,-0.016665665016838804,-0.0601592629933033,-0.044532845894175374,-0.015626417099127925,-0.1289868924056124,-0.07783860725703753,-0.05114828514857486,-0.0325776559124122,-0.026372107039923084,-0.006205548872489114,-0.0118067281801723,-0.023827717140874647,0.012020988960702347,-0.0087558579043253,-0.02239275768184864,0.01363689977752334,-0.0618226119757374,-0.03581849708418723,-0.02600411489155017,-0.0521074493956825,-0.06429449504441963,0.012187045648737127,-0.0284144131957448,-0.033202786213002995,0.004788373017258197,-0.055243885057679,-0.06149418171672794,0.006250296659048943,-0.0538740963680319,-0.07478719371326595,0.020913097345234048,-0.0964965082803498,-0.0903468051375797,-0.006149703142770094,0.0243862310616112,-0.01913454691387982,0.04352077797549102,0.0245540403179927,-0.01791379687615767,0.04246783719415037,-0.0140506878931626,-0.07771006543988387,0.06365937754672127,0.1900572422677185,-0.013467249476702962,0.20352449174442147,-0.0160016629605203,-0.0580317716990672,0.0420301087385469,-0.0706268256856098,-0.03649682605321926,-0.03412999963239054,0.0179938423901871,-0.013925565896053883,0.031919408286240986,0.0021861941305567,-0.012101403469564915,0.014287597600121615,0.0058819415616333,-0.008448742087455644,0.014330683649088943,0.0006419446295693,-0.08043406637196501,0.08107601100153432,-0.0587725251370173,-0.0579785019406734,-0.0007940231963438973,-0.0017219487246986,-0.04152764476113736,0.039805696036438756,-0.0153345517381369,-0.03952188183042791,0.024187330092291008,-0.0103675293540208,-0.06785413370022332,0.05748660434620252,-0.0618062125441491,-0.04156529550414384,-0.02024091704000526,-0.0620766111584105,-0.04079176996085811,-0.02128484119755239,0.0148248402305683,-0.08669796110775795,0.10152280133832625,0.0030509745489263,-0.018770811470021315,0.021821786018947617,-0.0048748101432825,-0.016445227690424464,0.011570417547141963,0.0160419443328263,-0.03275434494194718,0.048796289274773474,-0.0153934102070272,-0.031190719679682326,0.015797309472655126,-0.0093924229990325,-0.027339971627064034,0.017947548628031534,-0.0275527015231073,-0.05011384685443601,0.022561145331328712
2015-02-01,0.0732234012593586,0.059326318374840224,0.013897082884518373,0.0610541916254496,0.04181770770270831,0.019236483922741292,0.051185835686831,0.05706170031274773,-0.00587586462591673,0.097085599087212,0.11750230118827634,-0.020416702101064346,0.0843242205480112,0.05990295657336691,0.024421263974644287,0.0854546605572991,0.06124265828803936,0.024212002269259736,0.0156227221931169,0.019697170178425972,-0.004074447985309072,0.0773469718165526,0.07803444002093315,-0.0006874682043805508,0.0777251955566544,0.07835656068707891,-0.0006313651304245133,0.0056138920296432,0.050729583223962996,-0.045115691194319796,0.0654958972587834,0.056540802501451985,0.00895509475733141,0.0689519950759241,0.06365203358619104,0.0052999614897330655,0.0794917185567368,0.03761664848357296,0.041875070073163836,0.0660448230579469,0.06850309027808328,-0.0024582672201363814,0.1047539662271126,0.07503200584926419,0.02972196037784841,0.0469696006098783,0.0725758303173444,-0.025606229707466094,0.0430080971021487,0.027249165412809716,0.015758931689338986,0.0914105941167352,0.08320441514666722,0.008206178970067979,0.0933957767776338,0.08902837086335084,0.00436740591428296,0.093924557524023,0.08896194597919299,0.004962611544830006,0.0211596310877443,0.04518248296369229,-0.02402285187594799,0.0623606822442593,0.10747989971506462,-0.04511921747080532,0.0421649822798625,0.022446091821898773,0.019718890457963725,0.0593889421915189,0.045764433212267794,0.013624508979251104,0.0771582266886738,0.051880457925184816,0.02527776876348898,0.0824327792323054,0.051760625081386326,0.03067215415091907,0.0162164183302586,0.038301862291482316,-0.022085443961223715,0.061577963951682,0.07655879964795018,-0.01498083569626818,0.0555898638248827,0.07706041575043819,-0.02147055192555549,0.0750727116974227,0.04017568585077817,0.03489702584664453,0.0519014282906596,0.06992183605444276,-0.018020407763783157,0.0624519376537696,0.05289730670422605,0.00955463094954355,0.0608793201136273,0.051362786149245554,0.009516533964381749,0.0359223913272552,0.028676993706516482,0.007245397620738718,0.177461120628337,0.07878053569907283,0.09868058492926417,0.0624373632610042,0.05666244483168303,0.005774918429321173,0.0378388015980485,0.03721165951403945,0.0006271420840090469,0.0301022502287284,0.039577066171539096,-0.009474815942810695,0.0184762778404747,0.0297054183782373,-0.0112291405377626,0.0378948653220254,0.04090568998108289,-0.0030108246590574914,0.0361988162090084,0.03963269539114814,-0.0034338791821397346,0.0555609416374191,0.028410110534074065,0.027150831103345034,-0.0113768967500252,0.024615102580541802,-0.035991999330567,0.0803100639622689,0.08240981523397939,-0.0020997512717104844,0.0469226363046967,0.046161511046221966,0.0007611252584747361,0.0520474884763393,0.043601518072119545,0.008445970404219752,0.0557202001847977,0.06691745849902446,-0.011197258314226757,0.0576499918616143,0.06680916405743907,-0.009159172195824773,0.0432493330903907,0.03365497946430851,0.009594353626082193,0.0514143694713617,0.0744871174316225,-0.023072747960260792,0.0273318279042374,0.059821242086378325,-0.03248941418214092,0.0374879151907808,0.06114317327298741,-0.023655258082206615,0.0308101470647253,0.04083971107918571,-0.010029564014460406,0.0543311321986192,0.06038522852141685,-0.006054096322797652,0.0516038951167744,0.06208798487328559,-0.010484089756511189,0.0149318921309035,0.036361312670015425,-0.021429420539111926,-0.0368360380122869,0.028485363597089447,-0.06532140160937636,-0.0343874766836057,0.027518758532170562,-0.06190623521577626,0.0283037864521531,0.02969492694641247,-0.0013911404942593686,0.0418067326550055,0.04928131977129199,-0.007474587116286492,0.0417073203202453,0.04853230262749334,-0.00682498230724804,-0.0107701319894766,0.032825915129391973,-0.043596047118868574
2015-03-01,-0.0303303830199869,-0.014699367992549704,-0.015631015027437196,0.0001508428841127,-0.00897586540992816,0.00912670829404086,0.0124743646676092,-0.004617402630161545,0.017091767297770746,-0.0129579107299003,0.011036331118516818,-0.023994241848417117,-0.0151791120790809,-0.01665370181394738,0.001474589734866482,-0.0171913748270846,-0.018426564574292096,0.001235189747207495,-0.0001232409910529,0.0015456796060194498,-0.0016689205970723498,-0.0168352554196418,-0.012949836536734373,-0.0038854188829074276,-0.017916816579024,-0.014592970286587403,-0.0033238462924365976,-0.0432694804263344,-0.008055786698840817,-0.035213693727493584,-0.0295608663904033,-0.011499168795158492,-0.01806169759524481,0.0397202587009025,-0.010381148782127361,0.05010140748302986,-0.0287967441106974,-0.01564326880355471,-0.013153475307142688,-0.0671869597257047,-0.011169827997121544,-0.05601713172858315,0.0195221384405476,0.006061700387497941,0.01346043805304966,-0.0051597676123039,0.0023865287162756483,-0.007546296328579548,-0.0204838692928568,-0.014972068652480743,-0.005511800640376057,-0.0131886864800319,0.0049791677279022815,-0.01816785420793418,-0.0246706392044125,-0.005985468843407941,-0.018685170361004557,-0.0275350644797156,-0.006591982243395486,-0.02094308223632011,0.0045844625315623,-0.019419834751076923,0.024004297282639225,-0.0334309073892547,-0.007397641989703786,-0.026033265399550913,-0.0126183557813146,-0.013522771114278107,0.0009044153329635079,0.0197711902950069,-0.0018559307899016927,0.02162712108490859,0.0135058294671816,-0.015490599873697155,0.028996429340878753,0.0120722073918128,-0.015147369708994654,0.027219577100807454,-0.0557437858977273,0.0006196575940829709,-0.05636344349181027,-0.0328740076146096,-0.0047142915579972714,-0.02815971605661233,-0.0388645252444649,-0.006621155739042449,-0.03224336950542245,-0.1049897319349963,-0.004185755859568695,-0.10080397607542761,-0.0053423241316193,-0.0009174787748084455,-0.004424845356810855,0.0049171671240501,-0.010975038037793188,0.01589220516184329,0.0035066763512373,-0.012479182029243625,0.015985858380480923,-0.0680083030758675,0.014167798911669105,-0.08217610198753661,-0.0716037953652359,-0.016034548638005356,-0.05556924672723054,-0.0049881488598563,-0.001139728649993366,-0.0038484202098629343,-0.0228261654423721,-0.012274326978781353,-0.010551838463590747,-0.0196825123600737,-0.01349729620332708,-0.0061852161567466195,-0.132427139656255,-0.011456204936544416,-0.12097093471971057,0.0033908620151292,-0.008966507774463317,0.012357369789592516,0.0030802176177186,-0.010097202778716334,0.013177420396434934,-0.0754014811406163,-0.020711401581214723,-0.05469007955940158,-0.1534962662828947,-0.01318096514264512,-0.1403153011402496,0.0471773400174516,0.00662955295548567,0.040547787061965934,-0.0486074663563401,-0.0022859296535257343,-0.046321536702814366,-0.0056982401118576,-0.003737537079923685,-0.001960703031933915,0.0083332844015902,-0.005419466579728551,0.013752750981318751,0.0052893467186913,-0.0061560004195262705,0.011445347138217571,0.0315253016926152,-0.006347257152640576,0.037872558845255776,-0.0366900157588069,-0.007334739049606063,-0.029355276709200837,0.0008738267623721,-0.011067390975047336,0.011941217737419437,-0.0020371712446707,-0.012756852847560174,0.010719681602889474,-0.0022523473484669,-0.010591637052213321,0.008339289703746422,-0.0292699612051524,-0.010667318253900295,-0.018602642951252104,-0.0365513788901819,-0.014535225016786517,-0.022016153873395387,0.0270542819740935,-0.019757088110027292,0.04681137008412079,-0.0028750653216675,-0.01183650796880295,0.008961442647135451,0.0003880902413334,-0.013241816502650744,0.013629906743984144,0.0035550318852005,0.002674248659184672,0.000880783226015828,0.0047425653693891,3.571985714908286e-05,0.004706845512240017,0.0040289821594583,-0.00170362045312151,0.0057326026125798105,-0.004502061368917,-0.014014143991780864,0.009512082622863863
2015-04-01,0.0260282549966537,0.014016197730025876,0.012012057266627825,-0.0231967294541384,0.010879229997546258,-0.03407595945168466,-0.0168296443858965,-0.011260387610091837,-0.005569256775804663,0.0089468404243019,-0.011179945716590723,0.020126786140892625,0.0388693628350013,0.03181304875471157,0.007056314080289734,0.041085294099288,0.03373384038233052,0.00735145371695748,0.0039172055659754,-0.004487709215049883,0.008404914781025282,0.0349776927917286,0.011642128778262288,0.023335564013466308,0.0392437347667583,0.014618657272159242,0.02462507749459906,-0.0317082645714137,-0.05744658937106381,0.02573832479965011,0.0419162234205887,0.0023227230942725577,0.03959350032631614,0.0760363623974027,-0.03561453433545272,0.11165089673285541,0.0407512262697435,-0.0007415984674904461,0.041492824737233945,0.0327803574233896,0.004372543270823537,0.02840781415256606,-0.0673105043688722,-0.008180599431623964,-0.05912990493724824,-0.0091383471989556,-0.005141829733062634,-0.003996517465892966,-0.0256265444497061,8.888884257173815e-05,-0.025715433292277837,0.0070002716673961,-0.013694517071568423,0.020694788738964524,-0.0063115685393121,0.009773708491779047,-0.016085277031091146,-0.0044706592476949,0.01131858413254326,-0.015789243380238162,-0.0073952016874644,-0.03642024767378935,0.029025045986324945,0.0281148121662958,0.008774887641088506,0.019339924525207296,0.0047953323069676,0.003978541742896909,0.0008167905640706907,-0.0290883443898476,-0.012633804458678097,-0.016454539931169503,-0.006713983140042,0.015189310108860866,-0.021903293248902868,-0.0058045045123644,0.01564710718033769,-0.02145161169270209,-0.0238454326770357,-0.014944321714481415,-0.008901110962554287,0.0169448396697812,-0.0005415658349283481,0.01748640550470955,0.0209585010482107,0.0030038018232603084,0.017954699224950393,0.0273145135679916,-0.04887332616956949,0.07618783973756109,-0.0214238605463426,-0.007551850246566141,-0.013872010299776458,-0.0225712519616813,-0.0005427291706012378,-0.022028522791080064,-0.0231996302300226,0.0016480317920169493,-0.02484766202203955,0.0717289358252858,-0.020990806415259543,0.09271974224054536,0.1066324629721969,0.00542739829002167,0.10120506468217523,-0.0260790518643372,-0.005320853857410257,-0.020758198006926944,0.0734413642112742,0.003936038230269519,0.06950532598100469,0.0631678383778457,0.012502919632718962,0.05066491874512674,0.0548584981768665,-0.020200112274734696,0.0750586104516012,0.0051377803670346,0.005410039547134843,-0.0002722591801002424,0.0079460999729637,0.00754791273664476,0.0003981872363189405,-0.0188130073549177,-0.07771356148598871,0.05890055413107101,0.1388270993999466,0.0004469260398282885,0.13838017336011832,-0.0298578796470828,-0.002425397537470386,-0.027432482109612414,0.1525945633262239,-0.00968825458413212,0.162282817910356,0.0068344579970816,0.003941124857120717,0.002893333139960883,-0.0244273402493194,0.003994767215393358,-0.02842210746471276,-0.0214705129223844,0.0074551202613988695,-0.02892563318378327,-0.0336233441232392,-0.0548939329885529,0.021270588865313696,-0.0061831157651617,-0.004365094933723458,-0.001818020831438242,-0.0171959693701486,0.01078335618913272,-0.027979325559281322,-0.0122640488244508,0.014489648249473424,-0.026753697073924224,-0.0052895370688723,-0.01693149018143311,0.011641953112560808,-0.0021405121287942,0.002375518968726873,-0.004516031097521073,-0.0012361483170578,0.004513664531051209,-0.005749812848109008,0.0021082671393561,-0.042115553910055975,0.044223821049412075,0.0167763353326508,0.004847250133848086,0.011929085198802713,0.0247464548788468,0.0070414859825810895,0.01770496889626571,-0.0237347268740168,-0.021294418619807604,-0.0024403082542091975,-0.0055669838049248,-0.004057269564998112,-0.0015097142399266876,-0.0059221192895455,-0.00035810516968383496,-0.005564014119861666,0.0306248561414243,-0.030481734530029725,0.06110659067145402
2015-05-01,0.0112088236217804,0.008675115321122506,0.0025337083006578935,0.0059921988282562,0.006957031748105545,-0.0009648329198493448,-0.0064335290740877,0.004071872586962473,-0.010505401661050174,0.0445839218726888,0.039436949738568476,0.005146972134120326,0.0053776121012877,0.013940375624596716,-0.008562763523309015,0.0046080286704667,0.014263820598286413,-0.009655791927819714,0.0041240617438152,0.002431479388979889,0.0016925823548353106,0.002426135439062,0.021744570488804196,-0.019318435049742195,0.0015601896907841,0.02139158922575183,-0.01983139953496773,0.0443441792878803,0.006359703782026247,0.03798447550585406,0.0090954149401493,0.004846858698098766,0.004248556242050534,-0.0648187156369701,0.007227240567187553,-0.07204595620415766,0.0051440708211305,0.0011891761016314482,0.003954894719499052,0.0086345426013603,0.014136952624938942,-0.005502410023578642,0.0123180131116087,0.01517127334816038,-0.002853260236551679,0.0246760138001742,0.013452217618504255,0.011223796181669946,0.004304732763677,-0.006466440383081374,0.010771173146758375,0.0237691776901242,0.023390478392220547,0.00037869929790365284,0.053104945459434,0.023966948067467526,0.029137997391966472,0.0529845047593255,0.02367886187554205,0.02930564288378345,-0.044476169227338,0.00292069569029002,-0.04739686491762802,0.0165749602271754,0.035204209465254294,-0.018629249238078894,0.052148485895168,-0.0019123558106644211,0.05406084170583242,0.0459769588898214,0.013296172587056926,0.03268078630276448,0.0418170057199693,0.008109391460782437,0.03370761425918686,0.0511142072644412,0.007743692773989478,0.04337051449045172,-0.0151268898240888,0.008023965299846511,-0.02315085512393531,0.0032971629409933,0.01667275608789339,-0.013375593146900091,0.0060220301598487,0.016825974786495217,-0.010803944626646517,0.0073516732467026,-0.005179248296871263,0.012530921543573863,0.0415185148657469,0.0207840939157143,0.020734420950032598,0.0222780873016412,0.014908841325358196,0.007369245976283004,0.0210970466610783,0.013129845769967188,0.007967200891111113,-0.0292867914518236,0.00965018182748759,-0.038936973279311185,-0.1103808541677633,0.017807733990996184,-0.1281885881587595,0.0172893889254429,0.01339873385693281,0.003890655068510088,-0.0493892341044122,-0.0023667379432059333,-0.04702249616120627,-0.0450998552934489,0.0006641320248550815,-0.04576398731830398,-0.0405365835352216,-0.008961868604367628,-0.03157471493085397,0.0526049929140071,0.01293112218543191,0.03967387072857519,0.0516041372271079,0.011854713348648238,0.039749423878459665,-0.028068256534089,0.0014649998042462944,-0.02953325633833529,-0.0121289084476699,-3.341748002129875e-05,-0.0120954909676486,0.0108228258861617,0.019739152589370444,-0.008916326703208743,-0.0247326766512099,0.0010042658172567445,-0.025736942468466646,0.0220166815590772,0.004355847266982192,0.017660834292095008,0.0025200114019978,0.01742610841289323,-0.014906097010895429,0.0027954779442238,0.018054360856369876,-0.015258882912146075,-0.0062608019919583,-0.01555335765200517,0.00929255566004687,-0.0230934721064579,0.0116593135521365,-0.034752785658594396,0.0098490325790832,0.013213560807118305,-0.003364528228035105,0.0111263131875975,0.014859449122253668,-0.003733135934656167,0.0037455440674645,0.0005605588697791523,0.0031849851976853477,-0.0330128701064523,0.009779738141293905,-0.0427926082477462,-0.0384811455927806,0.01027027201680658,-0.04875141760958718,-0.0053216340681964,-0.010923457393990636,0.005601823325794236,-0.0137067986342733,0.0004722693539157851,-0.014179067988189084,-0.0148624772083005,0.00023212049240849911,-0.015094597700708999,0.0033462960032176,-8.71967554294615e-05,0.0034334927586470616,0.0087906633946962,0.008963876126919328,-0.00017321273222312833,0.0114989159206625,0.009322606984237217,0.002176308936425283,-0.0087409333540182,-0.007540805062067435,-0.0012001282919507647
2015-06-01,-0.0185628544058417,-0.022035532183936023,0.003472677778094322,-0.037674538703755,-0.011905837398731963,-0.025768701305023036,0.0475723379268327,-0.009569139594360562,0.057141477521193265,-0.0146573531435239,0.008914092572802238,-0.02357144571632614,0.0033350380906221,-0.02228272470364504,0.025617762794267137,0.0007079126942038,-0.02411128435989577,0.02481919705409957,0.014117512830705,-0.0017792638178096192,0.01589677664851462,-0.0182046013932724,-0.01392071239124953,-0.004283889002022872,-0.0195525789148126,-0.01533947640544537,-0.004213102509367232,-0.0092872405014838,-0.014257506269701778,0.004970265768217979,-0.0110283074326721,-0.017150283011598665,0.006121975578926565,-0.0436309124799083,-0.02176018997031565,-0.02187072250959265,0.0042073259934999,-0.02363930574915594,0.027846631742655843,-0.0721296930524411,-0.015663269977263135,-0.05646642307517796,0.0473648177675679,0.0006476471286259607,0.04671717063894194,-0.0234644132640132,-0.003958419203976908,-0.019505994060036294,-0.00478666467765,-0.02042139951325926,0.01563473483560926,-0.0148277574371753,-0.0011476451594938336,-0.013680112277681466,-0.0622842949653021,-0.007339974130966391,-0.05494432083433571,-0.0628749988451173,-0.007665089146036646,-0.05520990969908065,-0.0610391809751629,-0.026341431095859864,-0.03469774987930303,0.0284285469351108,-0.01090782912463254,0.03933637605974334,-0.0187167743429187,-0.02021106388494672,0.0014942895420280225,0.0240253630678591,-0.010821071602762886,0.034846434670621984,0.0160939444075533,-0.021930704016843897,0.03802464842439719,0.0184708792104221,-0.021637754650741095,0.040108633861163194,0.0592903946104428,-0.0037691351322037205,0.06305952974264652,-0.0116918155182891,-0.012010948243772633,0.0003191327254835324,-0.010945140150328,-0.013842503501280246,0.0028973633509522447,-0.0102298472013699,-0.011146779678174136,0.0009169324768042355,-0.0123394180902098,-0.00584526429042346,-0.0064941537997863395,0.0021902192694516,-0.016699386348684283,0.018889605618135883,0.0011307260851084,-0.01839246546069826,0.019523191545806663,-0.230144779838136,0.003307571766992423,-0.23345235160512842,-0.0695869121157857,-0.027643810868125968,-0.041943101247659736,-0.0273274387547168,-0.006548074841179057,-0.02077936391353774,-0.0419214316919803,-0.02370252391546982,-0.01821890777651048,-0.0382028251004247,-0.026600990038250907,-0.011601835062173792,-0.0613599991522038,-0.021677606291312712,-0.039682392860891084,-0.0168484450053033,-0.014392226253399735,-0.002456218751903565,-0.0190087209475218,-0.015621709559209773,-0.003387011388312027,-0.0088023185867988,-0.024927757819837307,0.016125439233038507,-0.1090969049282862,-0.021109291724097073,-0.08798761320418913,-0.0266474999907586,0.002214808102937737,-0.02886230809369634,0.0119363140213867,-0.007464590501523485,0.019400904522910184,0.008297120875282,-0.0057909246462334255,0.014088045521515425,-0.0104183795308756,-0.00701999925540968,-0.0033983802754659204,-0.012436274419644,-0.007172061348339058,-0.005264213071304943,-0.0064525126609425,-0.01368848233715326,0.00723596967621076,-0.050984340534383,-0.016043067021381533,-0.03494127351300147,-0.0224538944890346,-0.015482195350733634,-0.006971699138300966,-0.0186953822610916,-0.017109571063183275,-0.0015858111979083246,-0.0347805435687491,-0.018570531139984827,-0.016210012428764273,-0.0185409530939771,-0.017080563926603256,-0.0014603891673738434,-0.0227254557665004,-0.020864582631956195,-0.0018608731345442046,-0.0801331467117418,-0.03132228261949992,-0.04881086409224189,-0.0475875712283034,-0.016896378391511473,-0.030691192836791927,-0.0406796625630549,-0.018376713173429836,-0.022302949389625064,-0.0571978422900726,-0.0025180119768670266,-0.05467983031320557,-0.0369618321580885,-0.005707728054420191,-0.03125410410366831,-0.0397728536579391,-0.00717371891779487,-0.03259913474014423,-0.0162702506300452,-0.018149928700882518,0.0018796780708373179
2015-07-01,-0.0171539888346502,-0.008520165415355517,-0.008633823419294685,0.0555171932860629,0.017272559179415555,0.03824463410664734,0.0554622369027885,0.0024022162560818766,0.053060020646706625,-0.0266341161547178,0.02061343620364943,-0.04724755235836723,0.0194091321801222,-0.008307027998878782,0.027716160179000984,0.0210075721067381,-0.00564447653488428,0.026652048641622378,0.0114816488178141,-0.035699418076997114,0.04718106689481121,0.0586739750592796,0.044852234742187615,0.013821740317091984,0.0674304201759706,0.04909599847605009,0.018334421699920514,-0.0274921625211056,-0.04567357373439109,0.01818141121328549,-0.0621664580155356,-0.0032879687846545623,-0.05887848923088104,-0.1206782564616503,-0.05962221651355613,-0.06105603994809417,0.0159802661318561,-0.00011715640639176073,0.01609742253824786,0.0332340492268556,0.015460307379384673,0.017773741847470926,0.0153414456851275,-0.011110926153283742,0.026452371838411242,-0.005622225644719,-0.016195279308305305,0.010573053663586305,0.0102359955025095,0.00528977198757534,0.004946223514934161,-0.0546175116460035,-0.001123447957546919,-0.053494063688456585,-0.0300776324650093,0.04697075039939261,-0.07704838286440191,-0.0287245329733262,0.05031099073938444,-0.07903552371271064,-0.0396589285507863,-0.03168514489016242,-0.00797378366062388,0.094871221882104,0.022515243934126305,0.0723559779479777,0.0336172592271338,0.001892244858374973,0.031725014368758825,0.0448202806536997,-0.01284058323748714,0.05766086389118684,0.007393356147801,-0.005033401261572572,0.012426757409373572,-0.0003689613840553,-0.0049597085534089,0.0045907471693536,-0.0228166215025841,-0.031178576418391588,0.008361954915807487,-0.0559283890130553,-0.001054339021077828,-0.054874049991977474,-0.056648007316954,0.004319764952345702,-0.0609677722692997,-0.108365442154434,-0.07013382003767953,-0.038231622116754474,0.0179157360803324,0.013240307811553787,0.004675428268778611,0.0418057317318782,0.018115225376358186,0.023690506355520016,0.0468642668089696,0.0202180349525981,0.0266462318563715,-0.1203134338106478,-0.04151194646056084,-0.07880148735008696,-0.0791405095770093,-0.0043003151722616866,-0.07484019440474761,0.0490252372839009,-0.0026280837953361947,0.0516533210792371,-0.0791246231606231,-0.03426567536227918,-0.04485894779834392,-0.0621720744700521,-0.04268132637825104,-0.019490748091801062,-0.2018451487122112,-0.07604169188044016,-0.12580345683177105,0.0361985385793916,0.015460129687375531,0.02073840889201607,0.0375119144371598,0.01735407748768686,0.020157836949472943,-0.097841377273332,-0.05896587402049635,-0.038875503252835654,-0.2657861068417954,0.011374056944193373,-0.27716016378598873,0.0253104221344078,-0.021596686743896736,0.046907108878304536,-0.0130035777320901,-0.01595776585511642,0.0029541881230263217,0.0678635543432123,0.012538822959133732,0.05532473138407856,0.0680432814375461,0.03307552679707932,0.034967754640466774,0.0803985584972854,0.038705548268439825,0.04169301022884558,-0.0273717610863665,-0.0792665053807252,0.051894744294358704,-0.0681125493377133,-0.013956115094567166,-0.05415643424314613,0.0237004486542404,0.004910220177108612,0.018790228477131788,0.0280867803166305,0.011012157780260634,0.017074622536369863,-0.0679884102879301,-0.04339228400054141,-0.024596126287388685,0.0398892892354471,0.0011286589710908248,0.03876063026435628,0.0464574563361454,0.007798275527776356,0.03865918080836904,-0.061576585705946,-0.06520449366572231,0.0036279079597763136,0.0197710139278871,0.0077406107640857445,0.012030403163801356,0.009057626752919,0.011618322284435335,-0.0025606955315163344,-0.0268763505935616,-0.028227716495475102,0.0013513659019135024,-0.014586432054037,-0.007099343151342083,-0.007487088902694917,-0.0032786908892418,-0.0005394221166900078,-0.002739268772551792,-0.0855673856226776,-0.030612768141529027,-0.05495461748114858
2015-08-01,-0.0610069470437811,-0.05563360866005192,-0.005373338383729186,-0.032707594616973,-0.037287668639960414,0.004580074022987414,-0.0328849415501842,-0.065256136843076,0.032371195292891806,-0.0697533270415671,-0.10648908448725264,0.03673575744568554,-0.0605909292844324,-0.04522972367628814,-0.01536120560814426,-0.0615922761069449,-0.04652008751782834,-0.015072188589116561,-0.0101369481370133,-0.021115368987587993,0.010978420850574693,-0.0535895955641953,-0.07460053743267878,0.021010941868483478,-0.0528184663849576,-0.07418491219675419,0.021366445811796586,-0.1012763337640866,-0.10027769128040925,-0.0009986424836773422,-0.074063408228794,-0.06064228326479903,-0.013421124963994967,-0.1643514637769122,-0.09450673037688624,-0.06984473340002596,-0.070891623294871,-0.045805259792715686,-0.025086363502155318,-0.0689739385838903,-0.06891461596027401,-5.9322623616284154e-05,-0.0247116763182218,-0.06934813977957176,0.04463646346134996,-0.0416024694713595,-0.06789205876483138,0.02628958929347188,-0.0691536195226387,-0.03745445290811621,-0.03169916661452248,-0.0441340840937556,-0.07999792705048522,0.035863842956729626,-0.0588057599427477,-0.07938852546922534,0.020582765526477642,-0.0575174243581712,-0.07878494010139005,0.02126751574321885,-0.0058491700491477,-0.0882750283316555,0.0824258582825078,-0.07658953353684,-0.09820809871373187,0.02161856517689187,-0.030028884645257,-0.026355567073727312,-0.003673317571529687,-0.0895784247307377,-0.047654726559006884,-0.04192369817173081,-0.0627963225919398,-0.048668259853909546,-0.014128062738030259,-0.06162230396139,-0.04785840926721849,-0.01376389469417151,-0.067648444077783,-0.0465862837710718,-0.0210621603067112,-0.0585343000705377,-0.07258556534682259,0.014051265276284891,-0.0657031947370909,-0.0718369285514201,0.006133733814329204,-0.0802292685323371,-0.08235652214673499,0.0021272536143978893,-0.0771898905016841,-0.06804749522140517,-0.009142395280278923,-0.0636987074113476,-0.0550300119571536,-0.008668695454193999,-0.0649268362138343,-0.053195585657294396,-0.011731250556539903,-0.064306950156414,-0.02200340020176443,-0.042303549954649564,-0.007765498712994,-0.0770290707713095,0.06926357205831549,-0.0119894536034075,-0.05517079338406886,0.04318133978066136,-0.0386915982860722,-0.038387695228114194,-0.00030390305795800765,-0.0372591624279831,-0.033831647779919705,-0.003427514648063394,0.0196276329733867,-0.05450235044485377,0.07412998341824047,-0.0886059065330871,-0.037125902071494216,-0.051480004461592885,-0.0876975794597757,-0.035219288767212496,-0.052478290692563205,-0.0858682145694736,-0.10976245165683723,0.02389423708736363,0.0145445709660114,-0.02855223065489993,0.04309680162091133,-0.0966308702464098,-0.0729659280836161,-0.023664942162793703,-0.0254251492219508,-0.05249424374811047,0.027069094526159673,-0.0574236424071786,-0.041044101275245125,-0.016379541131933475,-0.0435986250559616,-0.06285884573312268,0.019260220677161086,-0.0406639611434232,-0.06082308715851455,0.020159126015091344,-0.0530000612302844,-0.08467643206234528,0.03167637083206088,-0.0556028610633445,-0.07651175843452866,0.020908897371184162,-0.0631675131027523,-0.05615802048118961,-0.007009492621562689,-0.0624506886344669,-0.05557256282030771,-0.00687812581415919,-0.0362974187294309,-0.060374376808895194,0.024076958079464292,-0.0704217276275771,-0.06168105008991503,-0.008740677537662077,-0.071696627756374,-0.06501960817319825,-0.00667701958317575,-0.1096586186722252,-0.0844465018946349,-0.025212116777590304,-0.045728080603774,-0.03093879526237402,-0.01478928534139998,-0.0500435220083605,-0.029285120692472407,-0.020758401315888093,-0.0472301964384205,-0.04103500091360177,-0.006195195524818731,-0.052507938000181,-0.04632243602987858,-0.006185501970302418,-0.0505245054128687,-0.04408762816699278,-0.006436877245875924,-0.0649783631335841,-0.07037254400440657,0.005394180870822468
2015-09-01,0.0003087085996979,-0.035022432733346154,0.035331141333044054,-0.0247622190144471,-0.01194438658146932,-0.012817832432977778,0.0205380775073955,-0.03700149699888252,0.057539574506278016,-0.0393303974155923,-0.06564638791022319,0.02631599049463089,-0.0310120033018055,-0.02743596470006974,-0.003576038601735762,-0.0331273143884225,-0.026815294351288186,-0.0063120200371343145,0.0013522062710563,-0.029963292521639866,0.03131549879269616,-0.0101214458367365,-0.02658863215853007,0.01646718632179357,-0.0064614381146717,-0.023441137689115578,0.01697969957444388,-0.022371665241925,-0.0983240727890598,0.07595240754713481,-0.0896969532054735,-0.03537525827311353,-0.054321694932359964,-0.2146259315720541,-0.09535820790445501,-0.11926772366759908,-0.0154332524862741,-0.0277540159583931,0.012320763472119,-0.0249689151766866,-0.03553670522524721,0.010567790048560611,-0.0498851266920477,-0.04813444376536442,-0.0017506829266832821,-0.086236206007878,-0.04894849068193771,-0.03728771532594029,-0.0016550069521729,-0.015067434394367453,0.013412427442194553,-0.0920921454267064,-0.05669455736308262,-0.03539758806362379,-0.011714296534721,-0.027355062151769916,0.015640765617048916,-0.0109315660388943,-0.02481104206961159,0.01387947603071729,-0.0281433206554036,-0.0793591073878573,0.0512157867324537,-0.1043054082746521,-0.05689499314148546,-0.047410415133166635,-0.0080190544793963,-0.013146631232291536,0.005127576752895236,-0.0792533705676479,-0.043390177691440455,-0.03586319287620745,-0.0229626427730021,-0.029629971870834305,0.006667329097832204,-0.0224719314115215,-0.028650023706322015,0.0061780922948005135,-0.0187223734435566,-0.04774556178675969,0.02902318834320309,-0.0796896111693112,-0.04682732127939853,-0.03286228988991267,-0.080321434482254,-0.043226726735632486,-0.03709470774662151,-0.1685862348007896,-0.08898545047180972,-0.07960078432897988,-0.0436915046817456,-0.042184830690768726,-0.00150667399097687,-0.0711998983292661,-0.03085213374751941,-0.04034776458174669,-0.0701764159454691,-0.027393685138504056,-0.04278273080696504,-0.0633080346607088,-0.041025916156160434,-0.022282118504548372,-0.1192216682085557,-0.053373459140969304,-0.0658482090675864,0.0073664600567358,-0.0381259717268292,0.045492431783565004,-0.057303564710356,-0.03560874182630187,-0.021694822884054124,-0.0416895216176841,-0.03697051035730256,-0.004719011260381538,-0.0696596854727349,-0.06799772565297947,-0.0016619598197554347,-0.077270351387036,-0.019621077655259753,-0.05764927373177625,-0.0737510288108597,-0.016621120306734887,-0.057129908504124804,-0.2183547622267936,-0.11869838348577275,-0.09965637874102085,-0.0423816277110212,-0.012266946956078238,-0.03011468075494296,-0.0327594278555834,-0.05549677563940924,0.022737347783825836,-0.0671580879461989,-0.03665439372311881,-0.030503694223080094,0.0204587131450378,-0.014799942440277805,0.03525865558531561,-0.0056482286933729,-0.024413267229884246,0.018765038536511347,0.0006332999588349,-0.02002344977230138,0.020656749731136282,-0.0541203413879034,-0.09024236461985313,0.03612202323194973,-0.0881071310442661,-0.05389559401534287,-0.034211537028923225,-0.0119707483996714,-0.031752453444234864,0.019781705044563464,-0.0151157920376024,-0.028812069504138397,0.013696277466535997,-0.0435725709494016,-0.059677699598815484,0.016105128649413887,-0.0042638389262532,-0.03699218913667685,0.032728350210423654,0.0068673725484806,-0.03613522049971326,0.04300259304819386,-0.1279281519619678,-0.08678717253059885,-0.04114097943136895,-0.0164699238658881,-0.012890041071083404,-0.0035798827948046973,-0.0381317948476551,-0.009724077686520446,-0.028407717161134657,-0.0416760316570664,-0.03984659783236359,-0.0018294338247028044,-0.0563924930048042,-0.03224821605107896,-0.024144276953725244,-0.0524406421691953,-0.027429204997674303,-0.025011437171520996,-0.0278520664141091,-0.05857532984241852,0.03072326342830942
2015-10-01,0.1274780416524297,0.08266494961756309,0.04481309203486662,0.0888121332891495,0.06181915160485778,0.02699298168429172,0.0198483366935304,0.08132603096324967,-0.06147769426971927,0.0525473120533503,0.10644476218038289,-0.053897450127032585,0.0585459018231133,0.073463426548303,-0.014917524725189701,0.060499856225992,0.07593434930725997,-0.015434493081267965,0.0110336385433254,0.014879674493114798,-0.0038460359497893976,0.1065950587435875,0.08860981161033314,0.017985247133254362,0.1116856595535439,0.09123285753718689,0.020452802016357005,0.0089496474007896,0.02879453659356823,-0.01984488919277863,0.1232418511911117,0.07995638687179217,0.043285464319319525,-0.159455091200674,0.06299886412084217,-0.22245395532151618,0.0830818403640303,0.06760848780508479,0.01547335255894551,0.057159667355174,0.08551591592686125,-0.028356248571687254,0.0227241209753116,0.08740057398056417,-0.06467645300525257,0.0848768828721543,0.08697470024232072,-0.002097817370166427,0.0560487715571937,0.06199225406860245,-0.005943482511408749,0.1025505440690369,0.0883157008868934,0.014234843182143492,0.0834078052032964,0.10517582659453897,-0.02176802139124258,0.0858400796912181,0.10655050556049163,-0.020710425869273533,-0.0141898628891509,0.0387377740490628,-0.0529276369382137,0.144398769394776,0.10346036821748525,0.04093840117729075,0.0423938116953431,0.05224787292111696,-0.009854061225773862,0.0157498359421751,0.05694775119687535,-0.04119791525470025,0.0513771049036493,0.07223680527055963,-0.02085970036691033,0.0531724782156485,0.0733380651784788,-0.020165586962830294,0.0425242812943377,0.03129134669919562,0.011232934595142074,0.0935475511270808,0.09521974235915072,-0.0016721912320699223,0.0938193190916784,0.09833637212423034,-0.00451705303255194,0.0094329134894431,0.03140476927755119,-0.02197185578810809,0.0652689512429677,0.07715605302841806,-0.011887101785450369,0.0858924365419931,0.06711764798449386,0.018774788557499242,0.0944990822051498,0.07001371684435707,0.024485365360792724,-0.0480519531678622,0.0389182252092974,-0.08697017837715959,0.0974493803811209,0.10558284318485436,-0.008133462803733463,0.0399580515686461,0.0671178250320012,-0.027159773463355102,0.1245842264237856,0.07212861445961849,0.052455611964167106,0.1282838250131625,0.07402703096842397,0.054256794044738516,0.0402190069509096,0.039587349022781326,0.0006316579281282764,0.0478048832074986,0.05561539812667841,-0.007810514919179806,0.0484254427972267,0.057348184358271416,-0.008922741561044716,-0.0432552570629261,-0.02140066083593961,-0.02185459622698649,0.1527029741216858,0.05989300218249228,0.09280997193919352,0.117838328405592,0.0825561151715909,0.0352822132340011,0.1093909254489198,0.06563294025754508,0.04375798519137472,0.0376602287422452,0.06382126640650419,-0.026161037664258993,0.0565957637319477,0.07925486968999743,-0.02265910595804973,0.0631754950925585,0.079641694179277,-0.016466199086718494,-0.0198285184217273,0.03469650138366358,-0.05452501980539087,0.0879279009342412,0.09704270060413045,-0.009114799669889248,0.0666499302998273,0.07234023940449842,-0.0056903091046711235,0.0725974690723639,0.07444322453047547,-0.001845755458111567,-0.0211651758774924,0.047623011033064676,-0.06878818691055708,0.0634843112923345,0.08162324791903545,-0.01813893662670095,0.0675677765299224,0.08468531368369209,-0.017117537153769694,0.0501798008261821,0.04925848496895794,0.0009213158572241587,0.0338683032886972,0.054496081341811234,-0.020627778053114033,0.0390103461293886,0.05590554890051263,-0.01689520277112403,0.0445271185841378,0.03770079650322286,0.006826322080914937,0.045033497365031,0.06536995520601029,-0.02033645784097929,0.0370774600654373,0.06648280349946219,-0.029405343434024886,0.1007622730632953,0.03722049319901827,0.06354177986427703
2015-11-01,0.0152987944040202,0.004673595868750486,0.010625198535269715,-0.0122677881474756,-0.003424705442834888,-0.008843082704640712,-0.0052080606191551,-0.003364242647752634,-0.001843817971402466,-0.0245747180960777,0.04427055232642332,-0.06884527042250102,0.0176933797508351,0.013706401960433587,0.003986977790401514,0.0163495893731102,0.012790098415000473,0.003559490958109727,0.0319891879724628,0.015040185908134808,0.016949002064327992,0.020487947949221,0.007845836286076959,0.01264211166314404,0.0186654197453426,0.005406400877802602,0.013259018867539997,-0.0059814133274452,0.024911772644222206,-0.030893185971667406,0.0144196727809711,-0.0010925790966787687,0.015512251877649869,-0.0994840702528845,0.024218059235390162,-0.12370212948827466,-0.0156904372688067,-0.009130475087956122,-0.006559962180850578,-0.008731037845076,0.0059266606076159335,-0.014657698452691933,0.0554932376975376,0.01833698601499114,0.03715625168254646,0.0478486836329816,0.01686232331100636,0.03098636032197524,-0.0077077359098142,-0.020631275761812277,0.012923539851998078,0.0121719908627789,0.026448186148283814,-0.014276195285504915,0.004649893287792,0.009126308240882853,-0.004476414953090853,-0.0003275867516097,0.007367903732151864,-0.007695490483761564,-0.1114159314430482,0.01139992742735968,-0.12281585887040788,-0.0140851545790796,0.03485098078256979,-0.04893613536164939,-0.0076364986171762,-0.012928876757444014,0.005292378140267814,-0.0178274880478995,0.015219770713540685,-0.033047258761440185,0.0011998061358069,0.0037043703676208854,-0.0025045642318139855,-0.006606115880535,0.002974295491332175,-0.009580411371867175,0.0292032296329829,0.020420800343165596,0.008782429289817303,0.0209693138496596,0.01393105718161538,0.00703825666804422,0.019381738422705,0.011607316378238523,0.007774422044466475,-0.0603902359251201,0.016047779074651245,-0.07643801499977135,0.0624293356944054,0.017854010744510988,0.04457532494989441,0.0189732556146647,0.0063420578684388,0.012631197746225899,0.0147154862581144,0.002271639337435879,0.012443846920678521,-0.0685183064589056,0.02144745205866027,-0.08996575851756586,-0.0807153573671802,0.01232526093194582,-0.09304061829912602,-0.0240228104850123,0.01317999981348213,-0.037202810298494426,0.003444495500224,-0.003918513733163257,0.007363009233387257,0.002407565850132,0.0021795313436893714,0.0002280345064426285,0.0134188202477478,0.007740940494471005,0.0056778797532767945,0.0011736214020011,0.0050275736990184755,-0.0038539522970173754,-0.0031206057940308,0.0022748980062066698,-0.0053955038002374694,0.004628329508611,0.028893828149610536,-0.024265498640999535,-0.0557573497362403,-0.015330849553029734,-0.04042650018321057,-0.0241367927361104,0.030550022276096152,-0.054686815012206555,-0.0109420607398265,0.00022876918955605594,-0.011170829929382557,-0.0070334320931663,-0.004425712882627051,-0.002607719210539249,0.0211852141542921,0.006557924567654865,0.014627289586637237,0.0328010988897139,0.005469174674804718,0.02733192421490918,-0.1533591852165362,0.0037283904115756133,-0.1570875756281118,0.0037016611988362,0.010482463492622808,-0.006780802293786609,0.0088705921479394,0.009404335913428624,-0.0005337437654892238,0.0107463662669131,0.009111380974873337,0.0016349852920397624,0.0015980759072588,0.010055244700380285,-0.008457168793121484,-0.0200971455439987,0.0038783658811768866,-0.023975511425175587,-0.0185849283322003,0.0016285619447303028,-0.0202134902769306,-0.158980320741936,-0.0002729986768199369,-0.15870732206511606,-0.0412462705088717,-0.01047404404451579,-0.030772226464355915,-0.0539483276080903,-0.01272975516117849,-0.04121857244691181,-0.0252789180985542,0.006003308771823542,-0.031282226870377745,0.008090710828237,0.007969415229416419,0.00012129559882058209,0.0122564585802449,0.005753443812902115,0.006503014767342785,-0.0198624233539418,-0.002950406984192795,-0.016912016369749004
2015-12-01,0.016781900493402,-0.04232939307254178,0.05911129356594377,0.0031750246271549,-0.009065847303511947,0.012240871930666846,-0.0470651290278913,-0.0292133510104988,-0.017851778017392496,-0.0425190932980529,-0.045590261513969575,0.0030711682159166726,-0.0383458805030082,-0.04649166028731091,0.008145779784302705,-0.0366627496199159,-0.04542778773082097,0.008765038110905073,0.0116653442929379,-0.04335877331103144,0.055024117603969344,-0.007574970300354,-0.009770143513600884,0.0021951732132468845,-0.0050221305184369,-0.006923659859017953,0.0019015293405810528,-0.0190471939139835,-0.07406018943471046,0.05501299552072696,-0.0725980722949961,-0.0370356408458031,-0.035562431449192994,0.0299431667407704,-0.08846546862325874,0.11840863536402914,-0.0404122214725996,-0.018217418813357557,-0.022194802659242046,-0.0142116673667962,-0.026752592427491506,0.012540925060695306,-0.0570544510160282,-0.04808214726796313,-0.00897230374806507,-0.0557337328827661,-0.051981452590173255,-0.0037522802925928425,0.0218257190541871,-0.011074969534271915,0.032900688588459015,-0.0423266725557102,-0.04135669327941966,-0.0009699792762905418,-0.0647809540242571,-0.010500048565661021,-0.054280905458596075,-0.0658629148129703,-0.007881820030244444,-0.05798109478272585,-0.0340814037418571,-0.06054410443088237,0.026462700689025273,-0.0207531005063197,-0.04412252086031207,0.02336942035399237,0.0184354126854221,-0.0074105207982533144,0.025845933483675414,0.004875879087948,-0.026440331835207408,0.03131621092315541,-0.017312624654361,-0.03575841288098838,0.01844578822662738,-0.0086238322210407,-0.03536031389045439,0.02673648166941369,-0.0832448088500989,-0.049224473904027725,-0.03402033494607117,-0.0604249655059697,-0.040278290640026505,-0.020146674865943195,-0.0561892535887945,-0.036141662342056985,-0.020047591246737516,-0.0753623297160555,-0.09028508340530637,0.014922753689250876,-0.0056228687893366,-0.02284729801192729,0.017224429222590692,0.0023282215637763,-0.010225235210134792,0.012553456773911092,0.0062403578388475,-0.007580332760402163,0.013820690599249664,-0.0652364331662502,-0.03262746510102573,-0.032608968065224474,-0.0474042223723558,-0.04230581778253149,-0.005098404589824315,-0.0542717822331728,-0.030303977931668648,-0.02396780430150415,-0.0827237061904659,-0.0455290796239834,-0.0371946265664825,-0.0682930440159785,-0.05293142234096796,-0.015361621675010532,-0.2244694257001444,-0.08695672562707915,-0.13751270007306524,0.0086564119437005,-0.004418918215400459,0.01307533015910096,0.0107550661196334,-0.0020756443711746763,0.012830710490808075,-0.0775162071267412,-0.08363591027455812,0.006119703147816916,-0.0176643562594821,0.004029464849168284,-0.021693821108650386,-0.0421689255735233,-0.0655164111160309,0.023347485542507602,0.0004831816872245,-0.03956882107230042,0.04005200275952492,-0.0137051355553443,-0.014610931345670312,0.0009057957903260121,0.0052360253995924,-0.009561952328790596,0.014797977728382997,0.0123329526163389,-0.0050903944194470386,0.01742334703578594,-0.0071429685932358,-0.0969532617400536,0.0898102931468178,-0.0394592183333018,-0.05150645393720577,0.012047235603903972,-0.0205881917241151,-0.032014312953365986,0.011426121229250887,-0.021025587726934,-0.027358431702716287,0.006332843975782286,-0.0834714529063322,-0.06337766513135747,-0.02009378777497474,-0.0496591731518666,-0.0324625300298152,-0.017196643122051394,-0.0415674070706254,-0.028813528713285956,-0.012753878357339446,-0.1078463527538544,-0.08199120296994881,-0.025855149783905587,-0.0080945575596551,-0.0076526000940204805,-0.00044195746563462004,-0.0037204598780036,-0.0035256212814058566,-0.00019483859659774356,-0.0308259107225474,-0.03831268720651644,0.0074867764839690425,-0.0112771719185238,-0.029076162678738023,0.017798990760214226,0.0100799692173932,-0.023104028505985967,0.03318399772337917,0.0319633148088141,-0.054930435670429864,0.08689375047924397
2016-01-01,-0.0848964865421245,-0.05899333069407953,-0.02590315584804498,0.0131631087861899,-0.025816157423832507,0.03897926621002241,0.0133979058102375,-0.05691457777520032,0.07031248358543782,-0.1415227384672361,-0.13831110232672195,-0.003211636140514146,-0.0910229506577011,-0.0613869287585095,-0.029636021899191595,-0.0918848501224882,-0.06119884247531991,-0.030686007647168292,-0.0367075880246869,-0.04711472628138884,0.01040713825670194,-0.0365213588487451,-0.06924939871970281,0.032728039870957716,-0.029641776000177,-0.06557386884002138,0.03593209283984438,-0.0940803999849106,-0.1432169405347025,0.049136540549791885,-0.0863818283060446,-0.05849276938790893,-0.027889058918135673,-0.2202430915370178,-0.13331528536566295,-0.08692780617135484,0.0035500865703624,-0.02917246424097458,0.03272255081133698,-0.1083045226488385,-0.06722143541510332,-0.041083087233735174,-0.1060232179853812,-0.08382202477500872,-0.022201193210372477,-0.0831287229756941,-0.08283199200058511,-0.0002967309751089886,-0.0019345355702581,-0.011949153854142934,0.010014618283884833,-0.0709392344436695,-0.09664779151896274,0.02570855707529325,-0.0778192828244812,-0.0710049356169892,-0.006814347207491994,-0.0774225199886038,-0.06790733036379484,-0.009515189624808962,-0.076908606463258,-0.11368138553145775,0.03677277906819974,-0.1002297398361562,-0.1240342259452733,0.023804486109117104,-0.0104609787882798,-0.005623480238764556,-0.004837498549515244,-0.0386557820174113,-0.05281762984162187,0.014161847824210566,-0.0633309217340307,-0.05106750030304857,-0.012263421430982129,-0.0614269985798774,-0.04922402401160168,-0.012202974568275717,-0.1016857219736692,-0.07529532970166007,-0.026390392272009122,-0.0521301981549899,-0.07820253564535148,0.026072337490361586,-0.0513933547816371,-0.07348043937883521,0.02208708459719811,-0.1209145238917563,-0.12480490873550118,0.0038903848437448763,-0.0880949856027633,-0.073336051910113,-0.0147589336926503,-0.0505816698473266,-0.048018058675903266,-0.0025636111714233342,-0.04149232463463,-0.04131292315581493,-0.00017940147881506663,0.6222748557143055,-0.03451451982752792,0.6567893755418335,-0.052433887602807,-0.07795486164309472,0.02552097404028772,-0.0612069150841687,-0.061991562041191335,0.0007846469570226347,-0.0382955694157798,-0.034491109859666025,-0.003804459556113776,-0.0338218121804993,-0.03656741098194723,0.0027455988014479307,-0.0890644487248355,-0.08595964924916245,-0.003104799475673048,-0.0912612744840645,-0.028686643211907767,-0.06257463127215673,-0.0841211044770272,-0.02331804675442399,-0.06080305772260321,-0.2047985378222404,-0.17272474419870756,-0.032073793623532826,0.1055139980696175,0.002170918518695581,0.10334307955092192,-0.1113426683296454,-0.10697571871573497,-0.004366949613910431,0.0473584122901018,-0.0543751242238445,0.1017335365139463,0.0121694941645432,-0.03110604231335076,0.04327553647789396,-0.0438151177418662,-0.056580202435084756,0.012765084693218555,-0.0404829082151326,-0.05219705195836858,0.011714143743235983,-0.1483163009143149,-0.12005026868279076,-0.028266032231524157,-0.0143943483556058,-0.08344937004991165,0.06905502169430586,-0.0616263223919792,-0.06233309308138968,0.0007067706894104755,-0.0618986422005685,-0.05923639681103998,-0.002662245389528521,-0.0608631172320741,-0.08282711812535648,0.021964000893282383,-0.0872113066867503,-0.06003996705458291,-0.02717133963216739,-0.0845459995429934,-0.059913784599718085,-0.02463221494327531,-0.1224895365592789,-0.10486432470085656,-0.017625211858422335,0.0313723627109702,-0.01307121890273965,0.04444358161370985,0.0523125398505028,-0.007600693965065775,0.059913233815568574,-0.0059614916531429,-0.051195350085005434,0.045233858431862534,-0.0823815057564176,-0.0484920072702012,-0.033889498486216404,-0.0855245439276019,-0.04203475245838291,-0.043489791469219,-0.0645384076241323,-0.0844472465529609,0.01990883892882861
2016-02-01,0.02086026677577,-0.00681305375913422,0.02767332053490422,0.0334404137080692,0.008855429374939907,0.024584984333129296,0.0134912965929993,0.02470772235964198,-0.01121642576664268,0.0581610429729527,-0.005529494009136721,0.06369053698208942,-0.033578548022744,-0.031126524629965478,-0.0024520233927785226,-0.0346177211447118,-0.03235175578857471,-0.0022659653561370938,-0.0209190379020015,-0.015837527211218838,-0.005081510690782661,-0.0247209100044852,-0.006550850942995128,-0.018170059061490072,-0.0272159420675013,-0.005788856149876985,-0.021427085917624315,0.0193527000231144,-0.03503123182409781,0.05438393184721221,0.0495007012404211,0.005837038594296037,0.04366366264612506,0.0174910671076205,-0.026575956279162063,0.04406702338678256,0.0281711977527265,0.01317197425699336,0.014999223495733141,0.0349507488252128,0.0002485521112053623,0.034702196714007434,0.0065243554428667,0.01476920082718834,-0.008244845384321641,0.0327971419220955,0.009721563467964284,0.023075578454131215,-3.0495794816702565e-05,0.024301301353436597,-0.0243317971482533,0.0839538375520896,0.007051192668649788,0.07690264488343981,0.0093826018281127,0.010590642122024365,-0.0012080402939116646,0.0074827117082656,0.012074329731245047,-0.004591618022979447,0.0211198439599265,-0.03470809334478672,0.05582793730471322,0.0181019812535546,-0.02907803605896657,0.047180017312521166,0.0253022250034325,0.016538257788144356,0.008763967215288142,-0.010322500253096,0.00621552486280534,-0.016538025115901342,0.0033770088577497,-0.010364306229724484,0.013741315087474185,0.0037101289830644,-0.008392514521600879,0.012102643504665278,0.0229206143726256,-0.01674485984856038,0.03966547422118598,0.0474033214981689,0.006970471568565756,0.040432849929603144,0.0454956698194751,0.007749880402354546,0.037745789417120555,-0.072188880103519,-0.020939848609686004,-0.05124903149383299,0.0131604011353998,0.005150581433750117,0.008009819701649682,0.0202197411924742,0.0010987939671460657,0.019120947225328134,0.0228220337840733,0.00490877452043525,0.01791325926363805,0.0893038036278112,0.02427977753807373,0.06502402608973748,0.0966377471552235,-0.002887282155322394,0.0995250293105459,-0.0281106953587561,0.005558152075383793,-0.03366884743413989,-0.020650872065804,0.011777680401446401,-0.0324285524672504,-0.0086812830997183,0.0019835764737686974,-0.010664859573486996,-0.0105317763238823,-0.02019212291639516,0.00966034659251286,-0.0283196962577737,0.002560115656061444,-0.030879811913835143,-0.0274376322176483,0.004845666851920963,-0.03228329906956926,-0.1018008654693552,-0.08126336441499953,-0.020537501054355672,0.348647108837436,0.028101179286296785,0.3205459295511392,-0.0559406029260428,-0.007748435408314116,-0.04819216751772868,0.09992398052893,0.016748677810373494,0.08317530271855651,-0.0108116098198919,0.018535762778623066,-0.029347372598514967,-0.0070869519823005,0.007822315069396965,-0.014909267051697466,-0.0162449613054953,0.0076175460501930825,-0.023862507355688383,0.0335332272361089,-0.008867747931817488,0.04240097516792639,0.0137664573148597,0.006971133987511762,0.0067953233273479385,-0.005289646633425,-0.010724662190136616,0.005435015556711616,-0.0083380663279087,-0.012231347075939867,0.0038932807480311672,-0.0395088884503974,-0.016701147302422767,-0.022807741147974632,0.0593576861187101,0.004195701429068236,0.05516198468964186,0.062876894422125,0.0014401937604954997,0.061436700661629505,0.0520114894115145,-0.015059565203234034,0.06707105461474853,0.0187605708186685,0.014585353884883986,0.004175216933784512,0.0230210977541223,0.016084160188651477,0.006936937565470824,0.0602864205513711,0.01178553513470781,0.048500885416663295,0.0360538132662188,0.014063755389404147,0.021990057876814656,0.0383499349512443,0.014499145926796485,0.023850789024447816,0.0446139137913507,-0.011888966449861482,0.05650288024121218
2016-03-01,0.0667931294189385,0.08503765720959663,-0.018244527790658133,0.0753386134933121,0.05250242961848328,0.022836183874828817,0.0225860673539241,0.07728420547234424,-0.05469813811842014,0.1139790925135757,0.11413776109002992,-0.0001586685764542184,0.0797367679394549,0.08220197448147556,-0.002465206542020662,0.0806685349566423,0.08303385240004851,-0.00236531744340622,0.0276780988319999,0.035839405574028496,-0.008161306742028595,0.0857099652228457,0.0720875021605889,0.013622463062256798,0.0862824097784476,0.07237622488334591,0.01390618489510169,0.0110845962587823,0.04753786666453831,-0.03645327040575601,0.0807430810204587,0.07939601824251005,0.001347062777948646,0.2188625743853129,0.08646203459330498,0.13240053979200792,0.0629895074402813,0.056398668715275546,0.0065908387250057515,0.1508770427317231,0.07861915867353775,0.07225788405818534,0.1268432678337685,0.09870714615212507,0.028136121681643436,0.1287503514559524,0.0991436541760685,0.029606697279883895,0.0502439243309911,0.04865741657781721,0.0015865077531738853,0.0882013911812089,0.09383696889105309,-0.005635577709844186,0.1010558504191945,0.08935848647639205,0.01169736394280245,0.1040799444146956,0.08903454812226143,0.015045396292434177,-0.0457865496497108,0.04641745571634365,-0.09220400536605444,0.0916304078807192,0.1049636490143006,-0.013333241133581392,0.0345753777198847,0.040262849902491085,-0.005687472182606387,0.0749940973191657,0.057079882276179945,0.017914215042985758,0.0684458520573225,0.07279625972140207,-0.00435040766407957,0.0704517009775583,0.07377130384615119,-0.003319602868592883,0.0189976391361668,0.049545026686795154,-0.030547387550628354,0.0922024317608199,0.0964200352036491,-0.004217603442829204,0.0901063955182483,0.09636892286017287,-0.006262527341924576,0.0768898219105799,0.06274848468633422,0.014141337224245681,0.0806504215066996,0.07276029212326855,0.007890129383431047,0.0415019585009766,0.05381616843745038,-0.01231420993647378,0.0364908963342646,0.0544059621752034,-0.017915065840938806,-0.0285054979164653,0.053139695887325075,-0.08164519380379037,0.1538416817932537,0.10097347695507365,0.05286820483818004,0.031032356146592,0.06923084414515887,-0.03819848799856687,0.1062049393115424,0.07794057396882668,0.028264365342715717,0.0893449160052391,0.08454649675940884,0.004798419245830257,0.0818293133693575,0.06966352585412064,0.012165787515236864,0.0180160326239758,0.04371625993516879,-0.02570022731119299,0.015567177226274,0.043698250322883346,-0.028131073096609345,0.0216639836049085,0.00087601816046939,0.02078796544443911,0.0402101644004763,0.039699503414820175,0.0005106609856561223,0.1138634926745427,0.10557725475569085,0.008286237918851844,0.046215381234772,0.07188367838358244,-0.025668297148810436,0.0438181308907583,0.058669254770377044,-0.014851123879618747,0.056676737901275,0.0671314292425993,-0.010454691341324297,0.0583438255622294,0.06528521727896042,-0.00694139171673102,0.0102229399593036,0.06692261272941386,-0.05669967277011025,0.1708606423575499,0.10194644882746239,0.06891419353008753,0.0868408462241036,0.0721827398420725,0.014658106382031091,0.0827962621062786,0.07113642970668002,0.011659832399598585,0.0800772402559562,0.06418565316708094,0.015891587088875253,0.0804115136945007,0.07861368202444097,0.0017978316700597297,0.0807232113612068,0.07739442819194162,0.003328783169265187,0.1082881107803067,0.06579453975672428,0.04249357102358242,0.0859740730519135,0.0432154296464238,0.042758643405489696,0.0846509271342203,0.04179983195404862,0.04285109518017168,0.0600129017643044,0.04892046294809736,0.011092438816207036,0.0555741023076193,0.06819986949710237,-0.012625767189483071,0.0441120159231216,0.06563793541837182,-0.02152591949525022,0.0549950106041113,0.046590811150924,0.008404199453187301
2016-04-01,0.0067166648183315,0.02703092757851284,-0.02031426276018134,0.0040651245091273,0.0036105221125933046,0.00045460239653399544,-0.0300840594138416,-0.00841308632142736,-0.02167097309241424,0.0120398377507995,0.008776420067010097,0.003263417683789403,0.0622506758660372,0.044166546981817524,0.018084128884219675,0.0631197134347336,0.044569183449402035,0.01855052998533157,0.0208987371545236,0.021252355254116208,-0.00035361809959260845,-0.02628842423716,-0.0014403136194391277,-0.024848110617720874,-0.0295770994639563,-0.0024421469777241318,-0.02713495248623217,0.0030225802116553,-0.003019619539467259,0.006042199751122559,0.0259726431452702,0.008047882991420917,0.017924760153849282,0.0304105130046062,0.025888571113086057,0.004521941891520144,-0.0037375842471744,0.008076729907803004,-0.011814314154977404,-0.048050041750935,0.00706948797852882,-0.05511952972946382,-0.0235486648432444,0.010970952640807113,-0.03451961748405151,0.0135427861915961,0.016448601612177014,-0.0029058154205809147,-0.0035080149645699,-0.006972059475406315,0.003464044510836415,0.0191102285021137,0.012651110088042523,0.006459118414071178,-0.0799526290327684,-0.004742554580813294,-0.0752100744519551,-0.0851333251595822,-0.006333968318340216,-0.078799356841242,0.0162064246605804,0.0031727418129329737,0.013033682847647426,-0.0806237759167777,0.02422120085542626,-0.10484497677220396,0.0116511484913769,0.0067760312612084195,0.00487511723016848,0.015678352501297,0.020871082905641138,-0.005192730404344138,0.0164379778869707,0.025672836996678522,-0.00923485910970782,0.0200827878489417,0.025413454118804614,-0.0053306662698629145,0.0216606422533915,0.01699362123833751,0.00466702101505399,0.0391956474427893,0.017569244928629376,0.021626402514159922,0.0436936705113376,0.017254747471101464,0.026438923040236137,0.0288095488825803,0.003023010412017199,0.025786538470563104,-0.0102151369492448,0.007605026270662404,-0.017820163219907204,0.0367159495978037,0.008957757728735392,0.02775819186906831,0.0402701386699848,0.007659090247863285,0.032611048422121515,0.0940070139337501,0.029577824728116948,0.06442918920563316,0.1712802130661174,0.03389071630990077,0.13738949675621664,-0.0180951134247968,0.011769801895540648,-0.02986491532033745,0.0902351109679269,0.03032718958734665,0.05990792138058025,0.0789769708912206,0.04751845423878433,0.03145851665243628,0.1269634591047767,0.029293363821339242,0.09767009528343745,0.0481173716098972,0.013563704772927433,0.03455366683696977,0.0487185375312939,0.01307076050093745,0.035647777030356445,0.0362837793078207,-0.009642222929934587,0.04592600223775529,0.3770473960663155,0.002763462578952608,0.3742839334873629,0.0056344795501167,0.024115786990579494,-0.018481307440462794,-0.006268947070753,0.0013774411502359535,-0.007646388220988953,-0.0283872993125778,-0.005087461737630823,-0.02329983757494698,0.0067649532646103,-0.0041918041949624155,0.010956757459572714,0.0121097563568803,-0.004938352290076547,0.01704810864695685,0.0381871331592078,-0.007824511825323597,0.04601164498453139,0.0098647778143821,0.018674776543955596,-0.008809998729573497,-0.0017699209884633,0.018172154024232685,-0.019942075012695983,-0.0046582486180104,0.019450979074652087,-0.024109227692662487,0.0730815836287284,0.019748557320216922,0.05333302630851147,0.0126836344315879,0.012553720283247229,0.00012991414834067141,0.0155841632042298,0.011258390043976796,0.004325773160253003,0.1997881804567781,0.008179029564909733,0.19160915089186836,0.0057804529927171,0.0030315517375361476,0.002748901255180952,-0.0041004101954228,0.00258113860999032,-0.006681548805413121,0.0280397534509588,0.002074977548009451,0.025964775902949346,0.0040902988305936,0.010814220684061735,-0.0067239218534681355,0.0013489603267448,0.010173109733133906,-0.008824149406389106,0.0179959890474397,-0.011148551507064126,0.029144540554503825
2016-05-01,-0.0161133883374138,0.010457569723146536,-0.026570958060560337,0.0154508948449214,0.012041113305096749,0.003409781539824651,-0.055978270614584,0.004811806303365294,-0.06079007691794929,-0.0291991217947134,0.046265259584589276,-0.07546438137930267,0.0040383708845611,0.020739506586270492,-0.01670113570170939,0.0037856664493903,0.02177464018739895,-0.01798897373800865,-0.0086927717255857,-0.0012234333484981042,-0.007469338377087595,0.0418113417328295,0.03468503296268818,0.007126308770141324,0.0404883156222145,0.03564946028912796,0.0048388553330865405,-0.0544963667148469,-0.004739996819000075,-0.04975636989584683,-0.0184194212705913,0.007379786436002011,-0.025799207706593313,0.0601177253419364,-0.006274325735408859,0.06639205107734526,0.0048952100789857,-0.002802810676574219,0.007698020755559918,0.0650436914259377,0.019292087938253367,0.04575160348768434,0.0217635114054786,0.014815776179730933,0.006947735225747669,0.0211509964105536,0.012465614503807378,0.008685381906746222,0.0031748987960121,-0.006360866221290475,0.009535765017302576,0.0136921500893185,0.02089007012963218,-0.0071979200403136795,0.0670600985170791,0.03657507976993797,0.03048501874714113,0.0681281405432165,0.03720245144461508,0.030925689098601425,-0.0235855372353863,-0.00421557148181084,-0.019369965753575462,0.0672680645366938,0.04488991209842796,0.022378152438265846,0.0173133330787078,-0.005420213244199946,0.022733546322907746,-0.0198442434832983,0.002272013953457955,-0.022116257436756256,0.0223431577841568,0.010433672772552052,0.01190948501160475,0.0167734297150917,0.010075840943770164,0.006697588771321537,0.058943606007745,0.0033146973472878895,0.05562890866045711,0.0120329675740954,0.016163592331851384,-0.004130624757755984,0.0162891580534725,0.01745697775134995,-0.0011678196978774508,0.0213690255456904,-0.016338492785024496,0.037707518330714895,0.0343609039314397,0.020415364338592826,0.013945539592846876,0.0143528892516184,0.01403659911144431,0.00031629014017408967,0.0177780434484679,0.01268335409497735,0.005094689353490549,-0.0302984587871368,-0.011081889266156834,-0.019216569520979967,-0.0787924234614949,0.012965041967499832,-0.09175746542899473,0.04148976081314,0.011587046965667097,0.029902713847472902,-0.0163338598800144,-0.011447852419094422,-0.004886007460919979,-0.0117562809828867,-0.009911043342250896,-0.0018452376406358044,0.0507119221066433,-0.02078518093088391,0.07149710303752721,0.0236112830483367,0.01138992843347398,0.01222135461486272,0.0227019466584183,0.010709457791688023,0.011992488866730277,-0.0771360462561824,-0.011315644209910016,-0.06582040204627237,-0.1080597908316516,-0.0061174613833851815,-0.10194232944826642,-0.0019999626167409,0.02213642067816375,-0.02413638329490465,0.0320815926741463,-0.0003439312422903092,0.03242552391643661,-0.006478233631568,0.009822726637151613,-0.016300960268719612,0.0267008495826245,0.025636187083861003,0.0010646624987634967,0.0362570248963247,0.027836275222645385,0.008420749673679315,0.0119048041874002,-0.027031521233521965,0.038936325420922166,0.0062313915995008,0.009132200571978676,-0.0029008089724778764,0.0273856128869405,0.017970277544409538,0.009415335342530962,0.0257170314485678,0.020553008709937717,0.0051640227386300815,0.0049773738192351,-0.006738380754393436,0.011715754573628535,-0.0301502894348568,0.010605344534985274,-0.040755633969842074,-0.032699083532734,0.012466009218016265,-0.045165092750750264,-0.0855998494373627,-0.025598042836728587,-0.0600018066006341,0.015275841583477,0.0002415946487496808,0.01503424693472732,0.0038739963948415,0.00037953068002745974,0.0034944657148140404,-0.0331284277077024,-0.007231234927582057,-0.025897192780120343,0.0173516853963289,0.006189979771092484,0.011161705625236416,0.0191108308693893,0.0077463779451000005,0.011364452924289298,-0.0336981564985736,-0.009797723757297054,-0.023900432741276546
2016-06-01,0.0318267177453307,-0.011259424358602776,0.043086142103933474,0.0870617229836374,0.005461914197057503,0.0815998087865799,0.0212746387514832,0.013834666893304773,0.007439971858178428,-0.0822333837592898,-0.0031938332482810907,-0.07903955051100871,-0.0554356118483113,-0.03101166967390097,-0.02442394217441033,-0.0563902911776028,-0.031589694514555094,-0.024800596663047708,-0.0095810926919649,-0.019534102827428356,0.009953010135463456,-0.0312437863673707,-0.001721295036980559,-0.02952249133039014,-0.0331889959595721,-0.0011065293009401406,-0.03208246665863196,-0.0066713903588735,-0.027470740570524493,0.020799350211650993,-0.0237167863274597,-0.0019989537656821513,-0.021717832561777548,-0.0294821386155434,-0.026339913237962097,-0.0031422253775813015,0.0438296224365937,0.01016277039615369,0.03366685204044001,-0.0166314976426606,-0.0009098245644781835,-0.015721673078182417,0.0069187718399248,0.004093225677760743,0.0028255461621640564,-0.0285106467506325,-0.00047971631165662513,-0.028030930438975876,0.0306471378138636,0.015010508370932618,0.015636629442930983,-0.0173876689325564,0.00538952998465958,-0.02277719891721598,-0.0190223360227726,0.009827934389132072,-0.028850270411904674,-0.0186625892867534,0.011020759368865332,-0.02968334865561873,-0.0162871070670283,-0.026851354438941783,0.010564247371913481,-0.0526053238316087,-0.020598749907478665,-0.03200657392413003,0.0755673976031239,0.012776497287569107,0.0627909003155548,-0.0055252355209607,0.009047243558724891,-0.01457247907968559,-0.0113037752280448,-0.012480455372792432,0.0011766801447476317,-0.011004614846995,-0.011279634535347575,0.00027501968835257594,-0.043894579815434,-0.017481572581082884,-0.026413007234351117,-0.0070825738254948,0.0026396512940364673,-0.009722225119531268,0.0025384956592895,0.003843391320309757,-0.0013048956610202567,0.0111801873915113,-0.028249420990749854,0.03942960838226116,-0.0101192063408018,0.007455388750047169,-0.01757459509084897,0.0429323985161192,0.006978501862368386,0.035953896653750816,0.0414517692377326,0.009510096804559389,0.03194167243317321,0.0129639104902905,0.019763912552218085,-0.006800002061927586,0.1121176341685438,-0.001052009239820194,0.113169643408364,0.003161596973232,0.0031920202305528033,-3.0423257320803462e-05,0.0310133953832641,0.001308392057083088,0.029705003326181013,0.0336695779719645,-0.006558598733438995,0.0402281767054035,0.0604690816440444,-0.03029678664488397,0.09076586828892837,-0.0014517731107675,0.007709918762684643,-0.009161691873452144,0.0018346481383497,0.009308828243379365,-0.007474180105029665,-0.1705791577319299,-0.0582187701564319,-0.11236038757549799,0.2315698480458089,0.025866248593260727,0.20570359945254818,-0.0368343745553634,-0.016207391962610423,-0.020626982592752974,-0.0205359549024686,0.00443046605910153,-0.02496642096157013,0.0027797840021954,0.009425890165799497,-0.006646106163604096,0.0025157635813977,0.007752234255579583,-0.005236470674181883,0.0039868374955003,0.008134671554172931,-0.004147834058672631,0.0391780618983387,-0.024204836171347235,0.06338289806968594,0.010291294816224,-0.000391600211657415,0.010682895027881414,0.0140265595059489,-0.011036373211382228,0.025062932717331128,0.0071516579534098,-0.010708291774537278,0.017859949727947078,0.0367071059954478,-0.020329673060840863,0.057036779056288664,-0.0115426945928135,0.00039625681516013004,-0.01193895140797363,-0.0050269225020957,-0.00033464566429676067,-0.004692276837798939,-0.1572115791315356,-0.020459965004283865,-0.13675161412725173,0.0768995833374804,0.010617633584563472,0.06628194975291693,0.0769645423317686,0.012509754526553165,0.06445478780521544,0.0955378514852195,0.0033560923083636902,0.09218175917685581,0.0266608750065624,0.007634698118458042,0.01902617688810436,0.0254064291450579,0.009067125062581168,0.016339304082476733,0.016427615167102,-0.017305229210653795,0.0337328443777558
2016-07-01,0.0148837763173146,0.03789519689219303,-0.023011420574878427,0.0106024214606393,0.029483942012998043,-0.01888152055235874,0.0151177794498546,0.055649156112425234,-0.04053137666257063,0.0913100555826268,0.09023439915479421,0.001075656427832583,0.039729279152229,0.02644940425058758,0.013279874901641418,0.0394582812130328,0.025672158001432195,0.013786123211600602,0.0242171189646806,0.016733685555098715,0.0074834334095818834,0.0683687698500379,0.045694185295667086,0.02267458455437081,0.0699407850092154,0.0449770473256769,0.024963737683538496,0.0528034839212788,0.035452067860867756,0.017351416060411046,0.0301839190687965,0.044474958833146415,-0.014291039764349915,0.0375437541959524,0.04624660163931879,-0.008702847443366392,0.0231445187206169,0.02640245885180046,-0.0032579401311835614,0.0974669957182223,0.04657204145113806,0.05089495426708424,0.0416191709949779,0.07019487150700775,-0.028575700512029845,0.0752559910125336,0.06520517030664023,0.01005082070589336,0.0288151969503394,0.026091313441992548,0.0027238835083468506,0.0417576584733089,0.06815868675179332,-0.026401028278484416,0.0881907178173747,0.06384094657864106,0.024349771238733636,0.0880908137273204,0.06374125353425125,0.02434956019306915,-0.0008071703110251,0.022523873663899848,-0.02333104397492495,0.0685591333124475,0.06327710467874612,0.005282028633701391,0.0070153255783214,0.016139316612367702,-0.009123991034046302,-0.0005339443485882,0.03360212175859946,-0.03413606610718766,0.007081026443941,0.02945099236304268,-0.022369965919101682,0.0033780709506698,0.03031850289144869,-0.02694043194077889,0.0520696591416628,0.029711978850307373,0.022357680291355424,0.0582015443532804,0.059171223201510845,-0.0009696788482304458,0.0612753949301047,0.057864850881836224,0.003410544048268474,0.0173186645975742,0.04176223616125332,-0.024443571563679118,0.0706056415083917,0.051435069584309046,0.019170571924082655,0.0535657777596117,0.030127419477715873,0.02343835828189583,0.0518300878531412,0.02962344555446705,0.02220664229867415,0.3163386032688883,0.03694999996256146,0.27938860330632687,0.0571685501000044,0.04841234801593324,0.008756202084071157,0.0635909334608618,0.045066503025589254,0.01852443043527254,-0.0271045376420111,0.031986588596242274,-0.05909112623825337,-0.0303459955350217,0.028133361952444525,-0.05847935748746623,-0.0517347598634434,0.027281368076026557,-0.07901612793946995,0.0542460346407008,0.021485035796239976,0.03276099884446083,0.0537907642609171,0.020594002409970582,0.03319676185094651,-0.0183995904864072,-0.0005830253800291593,-0.01781656510637804,0.0995145942755456,0.018867272792795924,0.08064732148274967,0.0478819418036252,0.0695052195748255,-0.0216232777712003,0.0253882469373425,0.048082014231521586,-0.022693767294179087,0.0153245974681819,0.04053998866000823,-0.02521539119182633,0.0592497150778103,0.047942211365778066,0.011307503712032235,0.053277074654195,0.04637786920799637,0.006899205446198625,0.1001829537396589,0.046149765630406125,0.05403318810925277,0.1035496507163348,0.06003832560334115,0.04351132511299365,0.0477747806276662,0.03644443130039081,0.01133034932727539,0.0461334746795476,0.03423805193965617,0.011895422739891429,0.060371680527245,0.030297863878752503,0.0300738166484925,0.04930759159804,0.04379311109986767,0.005514480498172325,0.0522963779755472,0.041139710727223486,0.011156667248323711,0.103845318343499,0.030831210448685496,0.0730141078948135,-0.0030351054424424,0.02107101113885799,-0.024106116581300394,-0.004216605913716,0.01926278346937925,-0.02347938938309525,-0.0110575427264447,0.03610893074218417,-0.04716647346862887,0.0301092904969778,0.044406023341766916,-0.014296732844789117,0.0299968636006605,0.04167934183103402,-0.011682478230373522,0.0761223593513039,0.028931293683617253,0.047191065667686646
2016-08-01,0.0025429563252815,0.02307618026367739,-0.020533223938395892,-0.0132124124624867,0.0013780923828294023,-0.014590504845316103,0.014401939837624,-0.009831876485317338,0.02423381632294134,-0.0020311234339437,0.016407782200482397,-0.018438905634426097,0.0538457282117756,0.04501108571916741,0.008834642492608187,0.0535908193494515,0.04491515817391207,0.008675661175539431,0.0114041651612495,0.024950017557065395,-0.013545852395815895,0.0162829711936821,-0.001087522012104941,0.01737049320578704,0.0167132011291359,-0.0020834750633514786,0.01879667619248738,-0.0204223337184106,-0.00694818195608411,-0.01347415176232649,0.0395145161688177,0.006591967672435917,0.032922548496381786,-0.0059656089589398,0.018125739696219473,-0.024091348655159273,-0.0369029739380987,-0.004881941337102034,-0.03202103260099667,0.0301320524778429,0.004541334023364933,0.025590718454477968,0.0052251964462888,0.014435972903879346,-0.009210776457590546,0.0042620876952875,0.018512149010901008,-0.014250061315613509,0.0096905282798091,-0.014502360119942494,0.024192888399751596,0.037282895153422,0.010298253328314449,0.026984641825107552,0.0317377622365353,-0.002777981870209423,0.034515744106744725,0.0314994477622247,-0.004188493814689789,0.03568794157691449,0.0311083873621939,-0.004664476482415975,0.03577286384460988,0.018573306926302,0.026684434282992123,-0.008111127356690121,-0.0164463691528754,-0.005240322846793686,-0.011206046306081713,-0.0339828111973774,0.006612588950352991,-0.040595400147730394,0.0183140387189925,0.02143255349003838,-0.0031185147710458827,0.0075865028290081,0.021258775593860947,-0.013672272764852847,0.0327349651018414,0.018266083648383336,0.014468881453458066,0.0331927270542669,0.01327452514357412,0.01991820191069278,0.0321170367679051,0.012245300642577806,0.019871736125327298,0.0163295586020635,0.005936198443452002,0.0103933601586115,-0.0088891009816465,0.002369900546704244,-0.011259001528350744,-0.0093572300824227,-0.0024392432656314186,-0.006917986816791281,-0.0157234375065648,-0.004365830532836913,-0.011357606973727888,-0.0737026428937362,0.015107669259038304,-0.0888103121527745,-0.0248798982346331,0.018677144049288767,-0.04355704228392186,-0.0337870541018571,0.008277972157734383,-0.042065026259591486,0.0050316599030186,0.01880639452879982,-0.01377473462578122,-0.0010361759990043,0.034272393253512175,-0.03530856925251648,-0.0183711269523668,0.026980641291405705,-0.0453517682437725,-0.0239198755207481,0.002226475748577658,-0.026146351269325758,-0.0245284608404876,0.0012462869159807358,-0.025774747756468337,-0.0207893101360744,-0.015039735538358773,-0.005749574597715627,-0.1698712603101999,-0.015040976067552503,-0.1548302842426474,-0.0258558806382766,0.033689094585214574,-0.05954497522349117,0.0066123356966795,0.0022779590307103947,0.004334376665969105,-0.0080366477212626,-0.0027963863864216426,-0.005240261334840957,-0.0189006551993271,-0.0040975670478180905,-0.01480308815150901,-0.017712923677582,-0.004493178304351495,-0.013219745373230504,0.0208012480576492,-0.0030647915346758486,0.02386603959232505,-0.0338225551083091,0.013967031544528464,-0.047789586652837564,0.0022267639721771,0.017158782590347792,-0.014932018618170692,0.0075380682932014,0.017263736645516132,-0.009725668352314733,-0.009870284435194,0.015961886483249872,-0.02583217091844387,0.0187409444936366,0.007585918185959147,0.011155026307677451,0.0238946107775507,0.004968791502867517,0.018925819274683182,-0.0223100605596828,-0.00207963080954959,-0.02023042975013321,-0.0388277728657215,-0.005031256800475656,-0.03379651606524584,-0.0466100112164924,-0.006611001838447236,-0.03999900937804517,-0.0678006652217271,0.0007208267974455034,-0.06852149201917261,-0.0117283002271037,0.00749566455619883,-0.01922396478330253,-0.0171233707022762,0.006011930875970822,-0.023135301578247024,0.0597915707040913,-0.009941637456406196,0.0697332081604975
2016-09-01,-0.0258913921959837,-0.004116224868805925,-0.021775167327177776,0.0030305407924105,-0.0023752519973455474,0.005405792789756047,-0.0756483484190874,-0.0048572257949277145,-0.07079112262415968,0.006512391047679,0.024907307832653054,-0.018394916784974055,-0.0183728177813699,-0.0022712511950496506,-0.016101566586320247,-0.0196917517941635,-0.0026208843653503545,-0.017070867428813145,0.0304486929752362,-0.0002255358734811065,0.030674228848717306,0.010260680430873,0.006026320960482784,0.0042343594703902155,0.0098517125634666,0.004759926007852117,0.005091786555614483,-0.0037644526369054,0.006769507663106736,-0.010533960300012137,-0.0160303505066403,-0.006788537260189798,-0.009241813246450504,-0.0521104519602263,0.003239490628687014,-0.05534994258891332,0.0035669539219957,-0.004302112142446059,0.007869066064441758,0.0391519355472911,0.0016312044698005633,0.037520731077490536,-0.0365664543785108,0.0049859436866896275,-0.041552398065200426,-0.0205780153249913,0.0028989388065071547,-0.023476954131498452,0.0022364713012754,-0.013128428627353398,0.015364899928628797,0.0088549641345135,0.015311886502516173,-0.006456922368002674,0.0520430987685718,0.007431202194438897,0.044611896574132906,0.0534323647167306,0.006659803789809067,0.04677256092692154,-0.0628617253665041,-0.00022174701310816422,-0.06263997835339594,0.0603718210672171,0.017429602182609548,0.04294221888460755,-0.0359083903390812,-0.005665899895717089,-0.03024249044336411,-0.0113605453938126,0.013143260740411852,-0.024503806134224454,0.0087080205105462,-0.0036199518509182856,0.012327972361464485,0.0139894464009695,-0.0040654019666169815,0.01805484836758648,0.0259232508247712,0.004757418341683984,0.02116583248308722,0.0222804122740361,0.005719201623330551,0.01656121065070555,0.0257560654884538,0.005089245985303613,0.020666819503150188,-0.0323799027215325,-0.007019211962112491,-0.02536069075942001,0.0216731724236389,0.013525045849240845,0.008148126574398054,0.0067516126243794,0.00894099033915234,-0.002189377714772939,0.0079168517931862,0.006710857645249431,0.001205994147936769,-0.0348176617795209,0.016657875551000036,-0.05147553733052093,0.0343706012986787,0.00724615170960707,0.02712444958907163,-0.017647175586388,0.006773515264176234,-0.024420690850564235,0.0249066990896146,-0.008292375900139396,0.033199074989753996,0.0195156735307238,-0.005880388087543422,0.02539606161826722,0.0206803988238197,-0.013055737641868936,0.03373613646568863,-0.0032932320864936,0.008459519579047973,-0.011752751665541574,-0.0053664259780814,0.007045216461501398,-0.012411642439582798,-0.0028676949722741,0.00675075080567914,-0.00961844577795324,0.0442608999486325,-0.001742506507373798,0.0460034064560063,-0.0205915025257816,0.006623576797749567,-0.027215079323531167,-0.0504428542305693,-0.0065396132732597236,-0.043903240957309575,-0.0150369463185307,-0.005221132231498357,-0.009815814087032344,0.0045039717582739,0.005724622675714627,-0.001220650917440727,0.0084759695549591,0.0056601255424924175,0.002815844012466682,-0.028235163524786,-0.017960461163911395,-0.010274702360874605,0.0393241174438107,0.0006494705197916062,0.0386746469240191,-0.010946853950394,0.0010909968283449433,-0.012037850778738944,-0.0117636898150346,0.0022124315785615593,-0.013976121393596158,0.0152399759886833,-0.004438260469425031,0.01967823645810833,0.0235871040019692,-0.0005731290981533456,0.024160233100122545,0.0245843920159209,-0.0010100765013376872,0.02559446851725859,0.0159263934951602,-0.012799847388554851,0.028726240883715053,0.0229577720943213,-0.005159178932631412,0.028116951026952712,0.0284511070370154,-0.005539773702150127,0.03399088073916553,0.0135536239166662,-0.0012248861827016126,0.014778510099367812,-0.0233332074714941,0.002999276480473134,-0.02633248395196723,-0.0351525670323851,0.0028785018472475485,-0.038031068879632646,0.0002356024775855,-0.012924325407841483,0.013159927885426984
2016-10-01,0.0024584708885461,-0.0035695964763150984,0.006028067364861198,0.0108858146242363,-0.0029878930630807504,0.013873707687317051,-0.0505822364062765,-0.03926367646854171,-0.011318559937734791,-0.0342660541510088,-0.0717449163940678,0.037478862243059,0.0275177526059044,0.020927122537479685,0.006590630068424714,0.0291533956182773,0.022738926620658025,0.006414468997619275,-0.0009379694924365,-0.011251613152585058,0.010313643660148558,0.0031981348758941,-0.023306114930903926,0.026504249806798025,0.0087988872033837,-0.019414763098985967,0.028213650302369667,-0.0633698587152271,-0.10635492739354271,0.04298506867831561,-0.0246815182784584,-0.019381971816382307,-0.005299546462076095,-0.0358211985061676,-0.07587550636975701,0.04005430786358941,-0.0485582586379072,-0.016349870260985517,-0.03220838837692168,-0.0247815159136787,-0.025184497820417304,0.0004029819067386045,-0.04097200773591,-0.04149371969956285,0.000521711963652853,-0.0303981359028125,-0.03556384976282147,0.005165713860008966,-0.0309439869064672,-0.00960388623378428,-0.021340100672682917,-0.0394419353308223,-0.05642893708992025,0.016987001759097953,-0.0086868848283944,-0.029430891931697872,0.020744007103303472,-0.0060879977205521,-0.02735329147856584,0.02126529375801374,-0.0241684440979601,-0.0739464434321342,0.04977799933417411,0.0746811602749591,-0.03972286534244133,0.11440402561740043,0.0006071625607192,-0.00247457970553885,0.00308174226625805,-0.0672459625431219,-0.03759137143978735,-0.02965459110333455,-0.0012976398596248,0.0005119730552619274,-0.0018096129148867273,0.0025557560083683,0.0014729697821813262,0.001082786226186974,-0.0905286630128435,-0.03628315746996998,-0.054245505542873516,-0.0398297811319051,-0.03327987578398853,-0.006549905347916572,-0.039010341610083,-0.028833795524203162,-0.01017654608587984,-0.0215505980258396,-0.08274876165234389,0.06119816362650429,-0.0598085340894978,-0.043761118262608784,-0.016047415826889018,-0.0686823734241041,-0.02704048877666791,-0.04164188464743619,-0.0677645236385463,-0.022910933569067187,-0.044853590069479116,-0.1712460295388657,-0.03701712635680454,-0.13422890318206115,0.0890211440775389,-0.02635754225842875,0.11537868633596765,-0.0162108298630999,-0.03187672637454616,0.01566589651144626,-0.0176293427749313,-0.0039056732558929567,-0.013723669519038343,-0.0079608645995882,0.008149089932848106,-0.016109954532436306,0.0307025015984719,-0.03372049245195609,0.06442299405042799,-0.0769778223552264,-0.012253060054255669,-0.06472476230097074,-0.0753887503185577,-0.008467844474675992,-0.0669209058438817,-0.1919940192715045,-0.13035543892262597,-0.061638580348878536,-0.0557113008222228,-0.009497122123381566,-0.046214178698841236,-0.0808959087941177,-0.036392855331463816,-0.04450305346265389,0.0329538110141307,-0.030065428093835205,0.0630192391079659,-0.0317254771655862,-0.012249104532456255,-0.019476372633129943,-0.0417106591000551,-0.02693923449072418,-0.01477142460933092,-0.0406181060294632,-0.02246210265988476,-0.018156003369578438,-0.0024435705906185,-0.08594195358007817,0.08349838298945966,-0.0299295441585655,-0.03609803609014708,0.006168491931581577,-0.0274905498007099,-0.01114061876132372,-0.01634993103938618,-0.02232387266544,-0.00724414208663517,-0.01507973057880483,-0.0238533952237489,-0.03847631509261192,0.014622919868863021,-0.0196549252967358,-0.02224141618691117,0.0025864908901753712,-0.0246912606860614,-0.02104559570086145,-0.0036456649851999527,-0.1134635453474559,-0.07144566747157974,-0.04201787787587616,-0.0037512464916195,-0.004623009051208874,0.0008717625595893739,-0.002564655491675,-0.0013374835619047246,-0.0012271719297702755,0.0154816196537882,-0.03965364044751108,0.05513526010129928,-0.0887331869700794,-0.02507569024030619,-0.06365749672977321,-0.0979545352711376,-0.020095590276173254,-0.07785894499496435,-0.0384759279535274,-0.05638053159496478,0.01790460364143738
2016-11-01,0.0700957164156371,0.10217034883796958,-0.03207463242233248,0.0354889031925718,0.03265810996901607,0.0028307932235557276,0.0068516284320977,0.06432905445764983,-0.05747742602555213,0.0436567045945515,0.08186891773942938,-0.038212213144877875,0.1062135032579321,0.10897952268714621,-0.002766019429214117,0.1021326605712227,0.10665970469910344,-0.004527044127880742,0.07661598236525,0.08284313532051028,-0.006227152955260287,-0.0017053031805905,0.010437958667914174,-0.012143261848504675,-0.0082269627316798,0.00591749040618282,-0.014144453137862618,0.0009900132103309,0.06673792259469899,-0.06574790938436809,0.0890693977047281,0.08067982024213126,0.008389577462596845,0.0578896907486654,0.14326074588522317,-0.08537105513655777,0.0505174167237773,0.053797893131371954,-0.003280476407594657,0.0266246476266717,0.05577593445103697,-0.029151286824365272,0.0673505751769718,0.11206093832187916,-0.04471036314490737,0.0858221049177642,0.12045384142758975,-0.03463173650982555,-0.0450678404299754,0.03625686703665639,-0.08132470746663178,0.0865482953635762,0.09128475991568581,-0.004736464552109618,0.0204945501110439,0.027064883470382214,-0.006570333359338314,0.0159347084001598,0.022675310350077884,-0.006740601949918084,0.0728505527320233,0.05654805924216553,0.016302493489857774,0.0301761082484195,0.07615487411517714,-0.04597876586675764,-0.0574609768959929,0.038899477441542346,-0.09636045433753525,-0.0229068650256164,0.07314499027111833,-0.09605185529673473,0.1038947666389838,0.08532218222037494,0.01857258441860886,0.1139294645870506,0.08671236009257927,0.02721710449447133,0.1544948616862462,0.08319396099693988,0.07130090068930633,0.1152699448000122,0.09860939539215058,0.016660549407861616,0.1107770995544863,0.09279172302888453,0.017985376525601768,0.0707804396656666,0.12204574930503857,-0.05126530963937197,0.0295122841502862,0.05188337959895983,-0.022371095448673634,-0.0431134609410708,0.02784397644182539,-0.07095743738289619,-0.051622406125366,0.026454369642103088,-0.07807677576746909,-0.196862868926403,0.1135782767436208,-0.3104411456700238,0.1698387641757411,0.11106286272570326,0.05877590145003783,0.0914652286787355,0.07134788963864967,0.02011733904008582,0.0807188666212947,0.12908560345776418,-0.048366736836469484,0.0687245074485727,0.1545127250717858,-0.08578821762321309,0.0956930082160428,0.1573756834411213,-0.06168267522507849,0.0296963172581216,0.027069430142928983,0.0026268871151926172,0.0277216719930267,0.025499761897146225,0.0022219100958804743,-0.04300270806785,0.0156971135521635,-0.0586998216200135,-0.1381841584902602,0.02540456798517875,-0.16358872647543896,0.1003096710542679,0.13565829999622422,-0.035348628941956325,0.0312999913138009,0.08635448986067201,-0.05505449854687111,0.0780304240777602,0.041206183995093376,0.036824240082666826,0.023481729205463,0.021050812913329497,0.002430916292133503,0.0158138148999163,0.01317066200704462,0.0026431528928716804,0.051856940478028,0.13210831314403326,-0.08025137266600527,0.2134565748250374,0.11812550421923869,0.09533107060579872,0.041352045313027,0.06840355743218678,-0.02705151211915978,0.0497703961425045,0.06107850987940993,-0.011308113736905427,0.0437888778906545,0.10937822293624729,-0.06558934504559279,0.0871753478651487,0.07611601993043558,0.01105932793471312,0.0863557081206243,0.06530553073747586,0.021050177383148447,0.2433114085352931,0.12025756131784603,0.12305384721744707,-0.0315846309237608,0.03328925895462985,-0.06487388987839066,-0.0456591756242099,0.027706260368631604,-0.07336543599284151,0.0866898388100314,0.07592966223266599,0.010760176577365402,0.0948645427666049,0.0781436290948909,0.016720913671713994,0.0954134623425975,0.0683837449375216,0.027029717405075898,0.0609822653489121,0.05807512028397653,0.0029071450649355707
2016-12-01,0.0233469536779549,0.03891577182121745,-0.01556881814326255,0.0282250667799125,0.018816157846820978,0.009408908933091521,-0.0027351502951677,0.018645494928333818,-0.02138064522350152,0.0525017167239613,0.024259335418351156,0.028242381305610142,0.0474183162519974,0.05066958590429643,-0.0032512696522990353,0.0458194246173994,0.05077091434053901,-0.004951489723139607,0.0610924166101746,0.022716462674667884,0.03837595393550672,0.0019447737781471,0.012679259422529305,-0.010734485644382206,0.0026268470266135,0.013424456742054345,-0.010797609715440845,0.0001846794682206,-0.021005371036800946,0.021190050505021547,-0.0025429679821555,0.029006716663444985,-0.031549684645600484,-0.0705160462106659,0.015003246948928163,-0.08551929315959406,0.041755997508644,0.012362160916949715,0.029393836591694283,-0.0003395575719801,0.021053406825507152,-0.021392964397487252,0.007175290506182,0.03580898802790589,-0.028633697521723893,-0.0087989935563099,0.03864752618996046,-0.04744651974627036,0.0095285967284106,0.013033510554684848,-0.003504913826274249,-0.0042540966381392,0.02096532143819726,-0.02521941807633646,0.0314127990500323,0.020439046244899207,0.010973752805133095,0.0318069782916182,0.02049409674466359,0.01131288154695461,0.0206001877749593,-0.01299125136682058,0.03359143914177988,-0.0201295589063133,0.028359224240009993,-0.048488783146323294,0.0560154579385615,0.011313668764234942,0.04470178917432656,-0.0003853690444875,0.007534318029937212,-0.007919687074424713,0.0176668843993253,0.03351140130919752,-0.01584451690987222,0.0100566874952712,0.034598691449415325,-0.024542003954144125,0.0487421782998478,0.015245892616846439,0.033496285683001364,-0.0082745526565671,0.03069738735376761,-0.03897194001033471,-0.0161521155685128,0.03092334470517202,-0.047075460273684824,0.0127828318917121,0.007774781678828861,0.005008050212883239,0.003693238261035,0.010595421455903928,-0.0069021831948689275,0.0157543656862224,0.0031622610607912514,0.01259210462543115,0.0151915942431249,0.004468258800169979,0.01072333544295492,0.1102223905364759,0.01589096926180814,0.09433142127466776,-0.0838458312522289,0.030014654333719616,-0.11386048558594852,0.0312341491990443,0.018897289599007317,0.012336859600036984,0.0227961636102587,0.03855488538611708,-0.01575872177585838,0.0276312224723727,0.048630762428489724,-0.020999539956117023,0.0213349876105414,0.032880972571408026,-0.011545984960866628,0.0037332296099974,0.006292991512708591,-0.002559761902711191,0.0056572606261672,0.007285978575844877,-0.0016287179496776777,-0.0535609666092012,-0.05753361596418446,0.00397264935498326,0.0272617450472458,0.003225927791718526,0.024035817255527274,0.0394794349540149,0.04660276137522354,-0.007123326421208637,-0.0994401237163521,0.02592199989451139,-0.1253621236108635,-0.0094678596448644,0.021672907010155135,-0.031140766655019535,-0.0009332347408342,0.012732456993223373,-0.013665691734057572,0.0018406920044916,0.01268104676359704,-0.01084035475910544,0.0143015906011215,0.010902328462118058,0.003399262139003441,-0.019151235516927,0.0343535015905534,-0.053504737107480396,0.0367589377945565,0.02753641500084144,0.009222522793715063,0.0387494886755294,0.026642055811719932,0.01210743286380947,0.0308390465864086,0.01993149615493431,0.010907550431474292,0.004656994343753,0.024883548764788904,-0.020226554421035905,-0.0002860601941801,0.02190777701946242,-0.02219383721364252,-0.0190795101804148,0.0049500666817052005,-0.024029576862119997,0.0409637920849486,0.012441924724774789,0.028521867360173814,0.0374104884259821,0.01168457786362276,0.025725910562359344,0.025485303190231,0.01231366451580392,0.013171638674427078,0.0173183127579135,0.023145115336318786,-0.0058268025784052845,0.0104476135950199,0.022053654973795012,-0.011606041378775113,0.0721590191508715,0.0006918077597197314,0.07146721139115177
2017-01-01,-0.0162414038353252,0.00500463772495834,-0.02124604156028354,0.0014615097558006,0.015930756324228516,-0.014469246568427916,0.0112348460984752,0.012929580829964017,-0.0016947347314888173,0.0555433058178999,0.037662466255128355,0.017880839562771547,0.0169521454207928,0.0025422224482796285,0.014409922972513173,0.019802074299511,0.003820898002750705,0.015981176296760293,0.0176719096956621,-0.014752738496053965,0.03242464819171607,0.0509943171352805,0.036384404069748445,0.014609913065532054,0.0525015516424969,0.038044951399535176,0.014456600242961727,0.0450988009861774,-0.010881140172485695,0.055979941158663095,0.0494585178122902,0.007457539487627492,0.04200097832466271,-0.0546812813960106,-0.015897503059718487,-0.03878377833629211,0.0405154736618999,0.008211771403836221,0.03230370225806368,0.0190719155668063,0.020546999674328607,-0.001475084107522305,0.053227502476792,0.011169020194629807,0.04205848228216219,0.0315793230286453,0.007295723738268294,0.024283599290377007,0.0295011565537994,0.00670422193317473,0.022796934620624668,0.0456128986787556,0.020542066434000947,0.025070832244754652,0.0286875855649994,0.04115494172958758,-0.012467356164588179,0.0279255719886991,0.042557868427558466,-0.014632296438859365,0.0065140884522917,-0.007611822976950031,0.01412591142924173,0.0555047278279258,0.032350100135089654,0.023154627692836147,0.0119710241651106,0.006076478676272005,0.005894545488838596,0.0170503801059124,0.008722753683674688,0.008327626422237713,0.0188297797113426,0.005156416633450974,0.013673363077891628,0.0213672217971356,0.00518367194999481,0.01618354984714079,-0.0292252857430958,-0.007266380191075076,-0.021958905552020725,0.0494360983706998,0.016277893404903026,0.03315820496579677,0.0499218139462591,0.018749557374548653,0.03117225657171045,0.0593168526397795,-0.02824298983825129,0.0875598424780308,0.0729209967288823,0.02437304488501305,0.04854795184386926,0.0676135632536069,0.022313899832013893,0.04529966342159301,0.068217176240307,0.022694789881980117,0.04552238635832688,0.3300702773278668,-0.005051207934104554,0.3351214852619714,0.1739559000573969,0.015623368711210435,0.15833253134618647,0.0120762342063611,0.012246113404162425,-0.00016987919780132518,-0.0372241631189374,-0.009698945841520638,-0.02752521727741676,-0.0393394477305655,-0.013537816257408549,-0.02580163147315695,0.088855013173321,-0.03513132953425208,0.12398634270757308,0.0077604368512452,0.018672126670297228,-0.010911689819052028,0.0079604814357382,0.019097512478364373,-0.011137031042626174,0.0771036186351803,-0.02431750230778119,0.10142112094296149,0.133182293782323,0.013834456005310232,0.11934783777701276,0.0103480760064789,0.005227879421015491,0.005120196585463409,0.0033657658301233,0.0007802209118191342,0.0025855449183041657,0.0102654943319703,0.01378492484029073,-0.0035194305083204296,0.019973706531247,0.030244449586169737,-0.010270743054922739,0.0248471358698462,0.03270604918817568,-0.007858913318329476,-0.0654280671883318,-0.0359105149434573,-0.029517552244874498,0.0541441859276926,0.008456969476463844,0.04568721645122876,0.0128018955679906,0.012493239345456155,0.0003086562225344449,0.0106406166204498,0.015817871265531584,-0.005177254645081784,-0.0005214241205013,-0.014744980515197072,0.014223556394695773,0.0374373725190385,0.012289265545836283,0.02514810697320222,0.0394854996988349,0.01545506871162427,0.02403043098721063,0.0471086823590816,-0.026692322431937403,0.073801004791019,0.0129052691082986,0.009488645136053507,0.0034166239722450923,0.0145323601656355,0.011211607432519451,0.0033207527331160485,-0.0145924623913527,-0.006219912533914726,-0.008372549857437975,0.0196331362380707,0.00835722392954914,0.011275912308521562,0.0196592975020599,0.011296600439729966,0.008362697062329933,-0.0514696299093597,-0.012217344974649767,-0.03925228493470993
2017-02-01,0.044241352577045,0.03030400211202575,0.01393735046501925,0.0640855757175846,0.030424057616837783,0.033661518100746815,0.0372591544998101,0.029267085541985108,0.007992068957824991,0.0073820305161395,0.056426013722640604,-0.04904398320650111,0.0404548510306085,0.033185555118977125,0.0072692959116313766,0.0418409996436046,0.03508963589351029,0.006751363750094309,0.0269082085982003,-0.0036216765469976432,0.030529885145197944,0.0298837283991102,0.05385897401034921,-0.02397524561123901,0.030876005861531,0.05649745103859808,-0.02562144517706708,-0.0310150831769863,-0.010753485818620725,-0.020261597358365573,0.0135277255982603,0.029400145987774635,-0.015872420389514336,0.0843490896766689,-0.0014053040249573277,0.08575439370162623,-0.0053811689195874,0.019424417299079972,-0.024805586218667373,0.0613665088236509,0.03931482566333561,0.022051683160315284,0.042636787083299,0.03227203411532658,0.010364752967972422,0.0381352014697687,0.03005878928607577,0.008076412183692927,0.0479143415296718,0.01972121032126463,0.02819313120840717,0.0170604816823164,0.03439960217870803,-0.01733912049639163,0.0734242124940423,0.061115514494993854,0.012308697999048442,0.0774938505263343,0.0628820476928428,0.014611802833491505,0.0145409693949766,-0.0022177446624200717,0.01675871405739667,-0.0009556746013093,0.05609331436550066,-0.05704898896680996,0.0116742880354119,0.014702976990347658,-0.003028688954935757,0.05088458377866,0.011892963168175934,0.03899162061048407,0.0251858828202895,0.02757446606353247,-0.0023885832432429706,0.0167845269416392,0.02797608612944664,-0.01119155918780744,0.0252719578814609,0.002606018418784165,0.022665939462676733,0.0176307525438132,0.0365084858683851,-0.0188777333245719,0.019188435608349,0.03955286209373253,-0.02036442648538353,-0.0396701061210376,-0.016209942141144167,-0.023460163979893433,0.0366569641722974,0.03394531737716805,0.0027116467951293494,0.0515485719277701,0.0289264081035542,0.022622163824215898,0.0529069321048143,0.03022185947314393,0.02268507263167037,-0.0022812357977915,-0.006420700819888429,0.0041394650220969295,-0.1126007644640052,0.0357867421992597,-0.1483875066632649,0.0038000424639424,0.02469097747323718,-0.02089093500929478,-0.0212610372365265,0.01071443497271578,-0.03197547220924228,-0.0156424623356794,0.009981656526965949,-0.02562411886264535,0.0080277359909627,-0.014353116688467173,0.022380852679429873,0.0726523237308203,0.024192764802054033,0.048459558928766265,0.0724854875862686,0.025230118652656806,0.0472553689336118,0.026482856350303,-0.036673403157508125,0.06315625950781112,-0.0510237202465789,0.017619553506950547,-0.06864327375352944,0.1189925751767377,0.03211802405996493,0.08687455111677277,0.0735120976040428,0.01839319638914406,0.055118901214898736,0.0249095236687265,0.029922989524733816,-0.005013465856007315,0.0263097908100558,0.04421455704723393,-0.017904766237178127,0.0325332061213736,0.04691230325991184,-0.014379097138538237,-0.114933664611742,-0.020348305881787432,-0.09458535872995456,0.0411134433434956,0.0313343788995612,0.0097790644439344,0.041333910706827,0.032686099561828545,0.008647811144998456,0.0448296185272989,0.0357738724712985,0.009055746056000402,-0.0040462450491734,0.0007213714031068962,-0.004767616452280296,0.022295640677662,0.030941298181566258,-0.008645657503904256,0.0200218574435469,0.03409167732081741,-0.014069819877270507,-0.0743268829652354,-0.014253664125924579,-0.06007321883931083,0.0329104000677165,0.01980767001626983,0.01310273005144667,0.0320603533177963,0.021277817069036514,0.01078253624875979,-0.0369252947408491,0.0014923625592034443,-0.038417657300052546,0.0236556487800549,0.021719395209787707,0.0019362535702671935,0.0347210862122076,0.024417668684881644,0.010303417527325952,0.0075303751334029,-0.0004114711475542026,0.007941846280957102
2017-03-01,-0.0107465226090597,-0.017703388702338396,0.006956866093278696,0.0099697153559255,0.0029832253201028808,0.006986490035822619,-0.007336709079912,0.00942054834199407,-0.01675725742190607,0.0156881214463091,0.024800374032209832,-0.009112252585900732,-0.0222610814698383,-0.030430434112874657,0.008169352643036358,-0.0214663220236518,-0.03096762817858481,0.009501306154933012,-0.005838489321435,-0.01879014780641919,0.01295165848498419,0.0155725342393643,0.013246683728239594,0.002325850511124706,0.0157751119090254,0.013501045486399214,0.0022740664226261875,-0.0275473551365075,-0.011514585655161074,-0.016032769481346423,0.0171461693716586,-0.006531986043458194,0.023678155415116794,-0.0586345747277208,-0.026466356099304568,-0.032168218628416234,0.0078731494813172,-0.004353206757816891,0.012226356239134092,0.0136219153079592,0.0025225524841861555,0.011099362823773044,0.0411582712777341,0.006038529555091475,0.03511974172264263,0.014401361888065,-0.001004480558627589,0.015405842446692589,-0.0032633348802859,-0.00031805584843110725,-0.0029452790318547925,0.0202640141214399,0.012389279371324611,0.007874734750115289,0.0375625863303441,0.022734572280352337,0.014828014049991765,0.0387387612796792,0.02379971253679609,0.014939048742883109,-0.0479553699720516,-0.018896938842624892,-0.029058431129426705,0.0590786998384162,0.00261202095594358,0.05646667888247262,-0.0122329783997949,-0.0037574640179101866,-0.008475514381884715,-0.0183732167409126,0.001245582184091776,-0.019618798925004375,-0.0065277773875368,-0.017625344279450925,0.011097566891914126,-0.0053798726282323,-0.017207930566832688,0.011828057938600388,-0.0418051076869732,-0.012210058898183558,-0.029595048788789644,0.0168120126429538,0.001250059154084321,0.015561953488869478,0.0174202155311316,0.0018177020506551717,0.015602513480476428,-0.0881517749600241,-0.024126916353154775,-0.06402485860686932,0.0110856634832872,0.013576779080330885,-0.0024911155970436857,0.0125931858154322,0.00654852374865126,0.006044662066780941,0.0109238679019441,0.006584395151907209,0.004339472750036891,-0.1588939904690025,0.001773032912904698,-0.1606670233819072,0.020713095792639,-0.010397653237536818,0.03111074903017582,0.0269124129631528,0.0034710113387279536,0.023441401624424846,-0.0033637408944457,-0.02280888868384289,0.019445147789397193,-0.0012071669065345,-0.032844420406752554,0.03163725350021805,-0.0430980658168314,-0.042496331857073896,-0.0006017339597575028,-0.0069959723428862,0.003960776282160835,-0.010956748625047034,-0.0080976481441201,0.003864149379364091,-0.011961797523484191,0.1840425408931209,-0.027717329264936273,0.21175987015805717,0.0003717502570052,0.005669683400722356,-0.0052979331437171566,-0.008231584741032,-0.005851334678747141,-0.002380250062284859,0.0160496820831952,-0.001623974029888866,0.017673656113084066,0.0276051358766052,0.007670575750259055,0.019934560126346146,0.0180818806048339,0.016781833703761167,0.001300046901072733,0.0194775509621779,0.017947159066365796,0.001530391895812104,-0.0586554895190533,-0.026401137194363024,-0.032254352324690275,-0.0457351830264758,-0.005917222080013318,-0.039817960946462484,-0.0148416909738598,-0.00794354943541142,-0.00689814153844838,-0.014304030899687,-0.007234044912429554,-0.007069985987257447,0.0041921071105352,-0.02446285168109999,0.02865495879163519,0.0048180832170381,-0.0034206120003653986,0.008238695217403499,0.0092219691869605,-0.0033762609622478047,0.012598230149208304,-0.0155313743975123,-0.031534972416234874,0.016003598018722573,0.0068730383076459,-0.0004508921307128511,0.0073239304383587505,0.0011810652975371,0.0002672008219497132,0.0009138644755873869,0.0414762506864775,-0.001852704875606577,0.043328955562084076,-0.0090638530274966,0.002559942814350795,-0.011623795841847397,-0.0110582999231479,0.003723733926656512,-0.014782033849804413,-0.0207546669811591,-0.014548757447253138,-0.006205909533905962
2017-04-01,0.0129916402761305,9.000793444661787e-05,0.01290163234168388,0.0150664380774211,0.012586855603724747,0.002479582473696354,-0.003575430904765,0.02155857110879921,-0.02513400201356421,0.0211941196997157,0.03559934333516642,-0.014405223635450722,-0.0176066543836081,-0.008801093097542702,-0.008805561286065397,-0.0192369881641577,-0.009176784174062712,-0.010060203990094989,0.0099959898931966,-0.008856803660495939,0.01885279355369254,0.0398646999694754,0.021905153071162628,0.01795954689831277,0.0404514238914227,0.02277692496566363,0.01767449892575907,0.0246518388337619,-0.014385693269355673,0.03903753210311757,0.0015647985716112,0.009412696139906562,-0.007847897568295362,0.0094593613780071,-0.017306003975824418,0.02676536535383152,0.0087926585502015,0.0019318505412564513,0.006860808008945049,0.0206278415596848,0.013997145776500606,0.0066306957831841935,0.0017780223822276,0.022482611378591928,-0.020704588996364327,0.0138796840848821,0.016600333766916765,-0.002720649682034665,-0.0048445189202715,0.009082536290942836,-0.013927055211214337,-0.0034428081901884,0.020655241141435254,-0.024098049331623655,-0.0061225913751907,0.03424607271763899,-0.040368664092829694,-0.0067004388340384,0.03556122271441625,-0.04226166154845465,-0.0037991272044735,-0.018531187420571735,0.014732060216098235,0.0356031764453414,0.015468427755333566,0.020134748690007837,0.0135173082076678,0.0013483164997323996,0.0121689917079354,0.0238233379923796,0.0008251589310438938,0.022998179061335704,0.018064396007669,-0.002321388904911586,0.020385784912580588,0.0207480091926746,-0.0014576133245070254,0.022205622517181625,0.0312647382169756,-0.004832828633467713,0.03609756685044331,0.0384601573150573,0.01462810574273171,0.02383205157232559,0.0427161400779397,0.015308520096053492,0.027407619981886212,0.0118795539543714,-0.013568495229666968,0.025448049184038368,0.0399680356118243,0.017532131870621186,0.022435903741203113,0.036152493688873,0.007195349295591336,0.028957144393281665,0.0362036929452978,0.00804984586361207,0.02815384708168573,-0.0622854943492582,0.001008157634941395,-0.0632936519841996,-0.0381655653575403,0.0005785272621989484,-0.03874409261973925,0.0016212168073112,0.011411207137378641,-0.00978999033006744,-0.0257227272884632,-0.007000270492803114,-0.018722456795660085,-0.0179350059577185,-0.014925199890747774,-0.0030098060669707244,-0.0771842689333687,-0.024667032830132326,-0.05251723610323637,-0.0009938111966145,0.004525020323071279,-0.005518831519685779,-0.000417997793596,0.004940823119335762,-0.0053588209129317626,0.3537022775973635,-0.04263050206089785,0.39633277965826136,-0.0318660159571196,0.0059939610696259325,-0.03785997702674554,0.0472101788729873,0.015283072894422609,0.03192710597856469,-0.0380476968268636,0.012877740768806097,-0.0509254375956697,0.0566029097932817,0.02007413721087625,0.036528772582405444,0.0333781821028515,0.024466361304175437,0.00891182079867606,0.0365484403218714,0.025611711195025817,0.010936729126845582,0.0163595721230744,-0.011371950778893724,0.027731522901968127,0.0231617728267203,0.0101947950802864,0.0129669777464339,0.0026599687597779,0.005246408546216077,-0.002586439786438177,0.0021752114640811,0.0051413759190869525,-0.0029661644550058523,0.0834036352643131,-0.013031965239848781,0.09643560050416189,0.0195988638257901,0.008840483763540496,0.010758380062249604,0.024457287671361,0.00804964626712228,0.01640764140423872,-0.0295358791550976,-0.022685421122732,-0.0068504580323656,0.0026800723580927,0.006048501306038755,-0.0033684289479460547,0.006017554776765,0.006310361753877777,-0.0002928069771127766,-0.042873907579163,0.005159939981348342,-0.048033847560511336,-0.0467449106839176,0.012322833005345157,-0.05906774368926275,-0.0567023594040339,0.01288932495658911,-0.069591684360623,0.0511119387721924,-0.005614544723102971,0.056726483495295375
2017-05-01,-0.0079862638837005,-0.011402591247372407,0.003416327363671907,0.0216888843119989,0.014340312313357976,0.007348571998640925,-0.0285798983540124,0.008228212546417165,-0.03680811090042956,0.018331683893042,0.01826445853451981,6.722535852218825e-05,-0.0115033589731394,-0.018435271778701703,0.006931912805562303,-0.0092900811724412,-0.01688487307056109,0.007594791898119889,0.0106881964949696,-0.031760549127521805,0.0424487456224914,0.0357937270111579,0.03344611565125783,0.0023476113599000675,0.0363085331252513,0.036634830132481595,-0.0003262970072302959,-0.0398431277403776,-0.03904880457333098,-0.0007943231670466191,-0.0133718134391059,-0.0026457449238397384,-0.010726068515266161,-0.0239117372417553,-0.051878420724958824,0.027966683483203525,0.0030672128226713,0.0012771359671800101,0.00179007685549129,-0.0164495499009036,0.011432018228053481,-0.02788156812895708,-0.020159597137324,-0.004486585847172785,-0.015673011290151216,-0.0242611024042156,-0.010472023431096886,-0.013789078973118716,0.0248264701284569,0.008303986904500273,0.01652248322395663,0.0029552743073258,0.0025133648536327874,0.0004419094536930127,0.0697304536510678,0.039587719812862,0.030142733838205794,0.0713440472739879,0.04244396636854706,0.028900080905440835,-0.141083661943155,-0.030923810747338003,-0.11015985119581699,0.0280647116415416,0.01086730089655813,0.01719741074498347,-0.0076109453964097,0.0034039900523465828,-0.011014935448756282,-0.0431073133532893,-0.00825129411909953,-0.034856019234189774,0.0124238077870748,-0.009414619962244014,0.021838427749318816,0.0190416567266012,-0.008962595820336301,0.028004252546937503,-0.0221436446345454,-0.027235747343635496,0.005092102709090097,0.0303700500855865,0.0001404131346703371,0.030229636950916162,0.0426817508105824,0.004156644072205252,0.03852510673837715,-0.0305097436151553,-0.05681620369612047,0.02630646008096517,0.0319217905874214,0.012808668542273215,0.019113122045148187,0.02794474953105,0.014227484730634347,0.013717264800415654,0.0335196671347055,0.01637125876680156,0.01714840836790394,-0.1685674203622407,-0.025823307072876802,-0.1427441132893639,-0.0550003946406448,-0.006672904116642697,-0.048327490524002106,0.001087487529907,-0.0004279662764686752,0.0015154538063756754,-0.03122860508103,-0.027603737973913498,-0.0036248671071165035,-0.024225657584712,-0.03783914532243907,0.013613487737727074,-0.0249787057185035,-0.06570209600670106,0.04072339028819756,0.0085293016940341,0.011873977107604466,-0.0033446754135703655,0.0104238434485714,0.013566755413450628,-0.003142911964879227,-0.1289173015804415,-0.058331019640221526,-0.07058628194021999,0.0091196053648258,0.013941764301142889,-0.00482215893631709,0.0043212379583124,-0.01838813185603756,0.02270936981434996,0.0471970381034866,-0.008527075553548551,0.05572411365703515,0.0613845978509353,0.01384198146664689,0.04754261638428841,0.0242525558898224,0.02828590764683139,-0.004033351757008991,0.0341638071539418,0.03245880890068126,0.0017049982532605437,-0.0559182682710042,-0.061245463044037454,0.005327194773033256,-0.0332689092723013,-0.010348812768938837,-0.022920096503362464,0.0005712241152801,-0.00027202343049567517,0.0008432475457757751,0.0063334089148082,0.003849865241016564,0.002483543673791636,-0.0489783670010075,-0.03828339465576502,-0.010694972345242484,0.0176731458284794,0.0006036464264582764,0.017069499402021123,0.0287364716118251,0.00492843084364112,0.02380804076818398,-0.0949484650005228,-0.054039429985486796,-0.040909035015036004,0.0165454440928125,0.007986555474070612,0.008558888618741888,0.0195169867718084,0.011109554867962912,0.008407431903845486,0.0416997571574442,-0.017918834161905126,0.05961859131934932,0.0189587140423285,-0.0023592271888232216,0.021317941231151723,0.0343757972057764,0.002570566848084854,0.03180523035769155,0.0360625848724217,-0.02512321197802148,0.061185796850443175
2017-06-01,0.0036512458500905,0.017647125035116104,-0.013995879185025603,0.0082456137628314,0.0015450781292295985,0.006700535633601801,0.1051861689223618,-0.0019389936559732306,0.10712516257833503,0.033545151515398,0.03042053640208742,0.003124615113310577,0.0665081261872118,0.030121500121536506,0.0363866260656753,0.0667979874090236,0.029633184358246266,0.03716480305077733,0.0145819575278083,0.02061149960320696,-0.006029542075398658,-0.0082725483411642,0.004021951253308421,-0.01229449959447262,-0.0098233587328791,0.0022508732148794086,-0.012074231947758508,-0.0086869446854413,0.011886539649065865,-0.020573484334507165,0.0235310189518422,0.0064988530531253945,0.017032165898716804,-0.0050611084294589,0.026751055351275695,-0.03181216378073459,-0.028442427928611,-0.0004890804275273177,-0.02795334750108368,-0.0343309045304867,0.008173038691705688,-0.042503943222192385,0.0572015752311696,0.019677190932129034,0.037524384299040564,0.0222792898460965,0.021267240154581528,0.0010120496915149713,-0.0018866351799448,-0.011986398943423151,0.010099763763478351,0.0287762362445427,0.02218927361649899,0.006586962628043709,-0.0443898978075148,0.004658657061749523,-0.04904855486926433,-0.0470723690088238,0.0030177612876600376,-0.050090130296483834,0.019797725385565,0.006929113192725561,0.012868612192839437,-0.0017413404915935,0.03072807423173407,-0.03246941472332757,-0.0349965930843029,-0.003180251485343219,-0.03181634159895968,0.0561005227941962,0.017267343928401235,0.038833178865794966,0.0394166084241264,0.01577472992182622,0.02364187850230018,0.0439551782354326,0.015435083676147376,0.028520094559285225,0.04116267446398,0.020839565779361142,0.020323108684618854,0.0036419627393667,0.018174699642326757,-0.014532736902960057,-0.0002416344622766,0.016573548628493216,-0.016815183090769816,-0.0021623453906897,0.014125109637436685,-0.016287455028126386,-0.0068378648636517,0.01366519791171614,-0.020503062775367842,0.042181162831665,0.00640838613939559,0.035772776692269415,0.03898805329544,0.0037946738395249293,0.03519337945591507,-0.0514555244013839,0.02616312446131546,-0.07761864886269937,-0.0082722530958016,0.022615140958695122,-0.03088739405449672,0.0281034760489653,0.014319916560781949,0.01378355948818335,-0.0060150118045146,0.014970623936729283,-0.02098563574124388,-0.0033621574460649,0.025871855022371503,-0.029234012468436404,-0.0510852888661409,0.022056675636074663,-0.07314196450221556,0.0425770804206796,0.007839468945740821,0.03473761147493878,0.0416225780556216,0.006198369246581745,0.035424208809039855,0.0556040347418341,0.00721933291049405,0.04838470183134005,-0.0279692338853036,-0.007433256551187605,-0.020535977334115996,0.0224685764093999,0.032862436363457224,-0.010393859954057325,0.0177225600557603,0.005184208569709525,0.012538351486050776,-0.0214700321166925,-0.0012827195860513983,-0.0201873125306411,-0.031133788407095,0.0029490423567156096,-0.034082830763810607,-0.0358460576666498,0.0018622972879028784,-0.03770835495455268,0.0547297455348791,0.0044292921977943924,0.05030045333708471,0.0446749568914238,0.01762676230627182,0.027048194585151977,0.0378758594998477,0.015224278901236628,0.022651580598611075,0.0410107222184589,0.015099422713133802,0.0259112995053251,0.0136924665889809,0.016984038398797967,-0.0032915718098170677,0.0316512246379015,0.009994294899240131,0.02165692973866137,0.0275756579051884,0.007576089456873225,0.019999568448315175,0.0386038271213736,0.00595914350157527,0.03264468361979833,-0.0050687087993453,-0.003120986295031742,-0.0019477225043135577,-0.0055220789906619,-0.004803658759822917,-0.0007184202308389833,0.0332053142914963,0.0072855402976510115,0.025919773993845287,0.0050318498489922,0.011910023019950887,-0.006878173170958687,0.0008713371547925,0.010032626888006616,-0.009161289733214116,0.0146792425514993,-0.0038305867025819947,0.018509829254081296
2017-07-01,0.0265164734022019,0.018433031187669712,0.008083442214532187,0.013703723822975,0.016814957816382058,-0.0031112339934070577,0.0079302992058715,0.007781032583557309,0.00014926662231419183,0.0030088125735642,0.023321421164860204,-0.020312608591296005,0.0197292984843169,0.024658987800692957,-0.004929689316376058,0.0206717076858453,0.026182544885686228,-0.005510837199840926,0.0138458107890138,-0.0034453000320869833,0.017291110821100783,0.040257464667911,0.027738603177547425,0.012518861490363572,0.0437178372262517,0.029480061378596698,0.014237775847655003,-0.036637789737018,-0.01994945513667084,-0.01668833460034716,0.0212314624132742,0.012252035981597397,0.008979426431676802,-0.0558038536869726,-0.00789397210325308,-0.04790988158371952,0.0518970985617351,0.01186489852159588,0.040032200040139215,0.0211632801042019,0.01943657279776493,0.0017267073064369705,-0.0002002575326491,0.011042726966140311,-0.011242984498789412,0.0090543307876787,0.011253074658612174,-0.002198743870933474,0.0195065381681425,0.007875261514103376,0.011631276654039124,0.0109624270881324,0.014737318365783573,-0.0037748912776511736,0.0376860914699832,0.029723738947102216,0.007962352522880987,0.0369012948354782,0.030676918648602936,0.0062243761868752655,0.0344660026985924,-0.009644622581596863,0.04411062528018926,0.0670004072748463,0.030216621206621528,0.03678378606822477,0.0154056748348592,0.01081493186815229,0.004590742966706911,-0.0214485352583323,0.009782997780561593,-0.031231533038893894,0.0358214758704856,0.017928605975847268,0.01789286989463833,0.0330820474365166,0.018094390390790405,0.014987657045726192,-0.0196020890235178,-0.0023792379584724613,-0.017222851065045338,0.0163084529315353,0.018422873201785234,-0.0021144202702499323,0.0196872945725524,0.02094554976816523,-0.0012582551956128313,-0.0216690261783798,-0.02509557127917923,0.0034265451007994274,0.008490570305865,0.01713182106722651,-0.008641250761361512,-0.005881963713471,0.018553246113972972,-0.024435209827443974,-0.0054701995227741,0.01945880480376859,-0.02492900432654269,-0.0967528308079259,0.0005242739059813792,-0.09727710471390728,0.1393186265195144,0.024709537473438785,0.11460908904607561,0.0259063830944519,0.011887941178370958,0.014018441916080942,0.0327663277093257,0.008740166492489961,0.02402616121683574,0.0317956579765274,0.012826809741976445,0.01896884823455095,0.0431918376765366,-0.013933061713715039,0.05712489939025164,0.0097994903713984,0.01854381411741238,-0.00874432374601398,0.01010032550291,0.019494376351862745,-0.009394050848952744,-0.0397617826566067,-0.036718216585117036,-0.003043566071489666,0.0551475508696491,0.013753359628327657,0.041394191241321446,0.0257348731088718,0.011408751954537038,0.014326121154334761,-0.0493350398397215,0.0028122447799531136,-0.05214728461967461,-0.0351856406609484,0.011794930337107748,-0.046980570998056144,0.0106143365779974,0.021167047019750623,-0.010552710441753222,0.0119979612297443,0.023273374504124342,-0.011275413274380043,-0.0243435739494167,-0.03236019055572976,0.00801661660631306,0.0032096806502686,0.013954380576727536,-0.010744699926458936,0.0169233369790179,0.018419688663796358,-0.0014963516847784596,0.0148749600104101,0.021641634979609872,-0.006766674969199773,9.23439621999294e-05,-0.0042118657996837085,0.004304209761883638,-0.0134352775293189,0.015758702540616124,-0.029193980069935024,-0.0158844130534454,0.01811596028017578,-0.03400037333362118,-0.0434737866981435,-0.018670965055712824,-0.024802821642430677,0.0294170473299563,0.011842764309262455,0.017574283020693846,0.031657233510228,0.013476014463677027,0.01818121904655097,0.036131330947044,-0.005825412624729417,0.04195674357177342,-0.0082920778617031,0.010064989478765928,-0.018357067340469026,-0.004107380790919,0.012664905699244437,-0.01677228649016344,-0.0595403959624531,-0.013586883712108257,-0.045953512250344844
2017-08-01,-0.0100693793162292,-0.010737736621588832,0.0006683573053596313,0.0186827761127455,0.0056032092035576625,0.013079566909187837,-0.0633508191023387,-0.006572504325029544,-0.05677831477730915,0.023292520669266,0.012663503488540501,0.0106290171807255,-0.0082278573173509,-0.00517075192023209,-0.003057105397118811,-0.0065555728197944,-0.00413532974822077,-0.0024202430715736297,-0.0059276514708717,-0.01809022633542235,0.01216257486455065,0.0189736429632317,0.02037910183191399,-0.0014054588686822876,0.0198571560676165,0.02252250858157973,-0.002665352513963229,-0.0615124895058745,-0.03750930087855421,-0.024003188627320288,0.002714657427883,-0.008719146769461754,0.011433804197344754,-0.1259307461549177,-0.04532386827114137,-0.08060687788377632,-0.0162858706678057,-0.011779166470248162,-0.004506704197557538,0.0176304627793984,0.0022024526545662434,0.015428010124832156,-0.0020678436052082,-0.008119356439596796,0.006051512834388596,-0.0189703122128777,-0.011817771463734304,-0.007152540749143397,-0.0006928224365354,-0.007519268648281669,0.006826446211746269,-0.0429475406775834,-0.004788794527280987,-0.03815874615030241,0.0591342968125091,0.022447038726581298,0.0366872580859278,0.0655246028161788,0.024263762143062695,0.04126084067311611,-0.0826661020680228,-0.03158345522589064,-0.05108264684213216,-0.0012594646338681,0.010738921188398485,-0.011998385822266585,-0.0372934958601528,-0.008433337505656408,-0.02886015835449639,-0.029035370107753,-0.015338884436245313,-0.013696485671507686,-0.0059029969480662,-0.008288799326461925,0.0023858023783957247,-0.000111484957854,-0.00819288780699624,0.00808140284914224,-0.0116342933418755,-0.018861542562782767,0.007227249220907266,-0.0150064541772576,-0.006815787442664609,-0.00819066673459299,-0.0030844719270174,-0.004231442463983895,0.001146970536966495,-0.2120642220629752,-0.04774655622483887,-0.16431766583813634,0.0391428576636066,0.002045965044359164,0.03709689261924744,-0.0013202697276353,0.0014403767349806175,-0.0027606464626159176,-0.0048317623290827,0.0019302289210552245,-0.0067619912501379244,-0.0551301959365459,-0.027523193932707083,-0.02760700200383882,0.0619542957907266,-0.014234133495129515,0.07618842928585612,-0.0006302683972052,-0.005800436485213798,0.005170168088008598,-0.0402257589997436,-0.028716310131315495,-0.011509448868428106,-0.0338637952920321,-0.03230017243544744,-0.001563622856584665,-0.0936880354746436,-0.050488536135309015,-0.04319949933933459,0.0234634082519952,0.002083197657088305,0.021380210594906895,0.0226807441081627,0.002763738068334548,0.019917006039828152,-0.031386609288953,-0.048516538919887824,0.01712992963093482,0.059482844266693,-0.006034378946928806,0.0655172232136218,-0.0220739606500126,-0.00968739865805836,-0.01238656199195424,-0.0972418618156005,-0.014084269756395457,-0.08315759205920505,0.0137304976880966,0.004073606879420034,0.009656890808676566,-0.0155926462017554,0.014585115788718333,-0.030177761990473735,-0.0132485198237962,0.018163402968781887,-0.03141192279257809,-0.0914775446442161,-0.055190834836898135,-0.03628670980731797,0.0144145588267286,-0.015884533889135865,0.030299092715864465,0.0044588253949506,-0.0010007493429134027,0.0054595747378640026,0.0092352672197365,0.002178662036069738,0.007056605183666762,-0.0132133518783463,-0.03211159943087433,0.018898247552528027,0.0125915424834834,-0.0067287123477283274,0.019320254831211726,0.0169474486277586,-0.00429618232273137,0.02124363095048997,0.0210809106402127,-0.05386160314129089,0.07494251378150359,0.0168944697307414,-0.0033638830735559268,0.020258352804297327,0.0152186828456554,-0.0017495697783975722,0.016968252624052972,-0.0147835663278819,-0.020277923250934634,0.005494356923052734,-0.0621486577801697,-0.008110740998245968,-0.05403791678192373,-0.0654494654117698,-0.004699123444186922,-0.060750341967582874,-0.014255209646328,-0.027182164221292365,0.012926954574964365
2017-09-01,0.0150180072148879,0.04705255581467892,-0.03203454859979102,0.026691939674844,0.01401978851663425,0.012672151158209752,0.0072833077095816,0.029216392984655983,-0.02193308527507438,0.0650977118808677,0.058543788925383526,0.006553922955484175,0.0545665501847129,0.05135664384431104,0.003209906340401865,0.0527787157468696,0.04987281485304574,0.002905900893823858,0.0346050869759148,0.04222703353946038,-0.007621946563545583,0.012462701422664,0.009409210424322467,0.0030534909983415334,0.0090639333997581,0.0061538449568919375,0.002910088442866162,0.0654250085664565,0.04338021188760969,0.02204479667884681,0.0666832922534281,0.035567294596216346,0.031115997657211757,0.0344513188314785,0.07610937290980432,-0.041658054078325825,-0.009313966373049,0.023041657540681274,-0.03235562391373027,0.0393693891134432,0.0287623884087493,0.010607000704693895,0.0636051411946222,0.05918521818547899,0.004419923009143206,0.0778869692615135,0.06178586450420965,0.016101104757303857,-0.0073947098734051,0.008848365890805987,-0.016243075764211086,0.0718430585280605,0.05588915253939772,0.01595390598866278,-0.005156701451688,0.018072794855383788,-0.023229496307071787,-0.007661478951602,0.015289236786651407,-0.022950715738253406,0.1018640635338762,0.032023414017234846,0.06984064951664135,0.0436879455477533,0.04991622603439516,-0.0062282804866418615,0.0253016281775132,0.014410628547298744,0.010890999630214457,0.0150084948688785,0.04452859276730616,-0.02952009789842766,0.0223924871383811,0.03913898696996186,-0.01674649983158076,0.018799336773941,0.03943149698285721,-0.020632160208916207,0.0430674440361373,0.046327616268722616,-0.0032601722325853177,0.0808896561607545,0.05221110532047258,0.028678550840281918,0.0779093510455912,0.04862382595903949,0.02928552508655171,0.15259753891904,0.060879677067875886,0.0917178618511641,0.0327362232260444,0.03488822730526762,-0.0021520040792232173,0.0103458030441254,0.019350904906548564,-0.009005101862423164,0.0117957369920583,0.016905406331404176,-0.005109669339345877,0.0335567124214502,0.0662573898118867,-0.0327006773904365,-0.0761539467196237,0.05831058929848465,-0.13446453601810834,0.0380269933142646,0.039982070110855875,-0.001955076796591272,0.1046320315566899,0.05693818786071736,0.04769384369597254,0.0960124517522295,0.070374602494822,0.025637849257407502,0.1574404057456622,0.07149368504770115,0.08594672069796105,0.0227712812098259,0.01806645566926331,0.0047048255405625905,0.0210373251379813,0.016116899554435724,0.0049204255835455755,0.0986324796609711,0.021655719049076497,0.07697676061189461,-0.0632619692699609,0.009734972184143481,-0.07299694145410439,0.0197179309523359,0.07256665667712794,-0.052848725724792045,-0.0034140196694866,0.03914886241818692,-0.042562882087673524,-0.0098213070727293,0.016942120971839853,-0.026763428044569153,0.0317136064220126,0.014367503822458307,0.01734610259955429,0.0266332758822744,0.010249954503342228,0.016383321378932173,0.0281556008813951,0.05906106143303526,-0.03090546055164016,0.0311395418837752,0.058795446818902766,-0.027655904935127568,0.0248358230169092,0.03451682222510732,-0.009680999208198118,0.0274221182783943,0.03133510851334244,-0.003912990234948139,0.0600628136086653,0.05310932881234514,0.0069534847963201585,0.0402476273180041,0.037053802680844156,0.0031938246371599477,0.0377280698445943,0.03136734604086691,0.006360723803727389,0.0318281735164803,0.05462595633405144,-0.022797782817571145,-0.0127893328897187,0.012336297666229295,-0.025125630555947995,-0.0079511986386829,0.009060397632001263,-0.017011596270684163,-0.0089098971571272,0.03824693267201856,-0.04715682982914576,0.0381777153233758,0.040472362328722165,-0.002294647005346366,0.0293536085200727,0.035269262444536036,-0.005915653924463336,0.0084147783575801,0.02408740445425291,-0.01567262609667281
2017-10-01,-0.0478466373270715,0.025879918278969204,-0.0737265556060407,0.0131177929514383,0.022250272969511795,-0.009132480018073496,0.0341431791783055,0.01404390859688377,0.020099270581421726,0.0200270295362025,0.041534620945591634,-0.021507591409389133,0.0277321504442907,0.04052223936552647,-0.012790088921235773,0.0296533129675718,0.04195855611669027,-0.012305243149118468,0.0230091386193148,0.0044458635438053475,0.01856327507550945,0.065328977092465,0.03911314123437086,0.026215835858094144,0.0696881936480654,0.04161603881561101,0.028072154832454392,0.0021471011785275,-0.02664168216880024,0.02878878334732774,0.0486588458754623,0.021198670752055657,0.027460175123406642,-0.0064113721577267,-0.012951048905066499,0.006539676747339799,-0.0461340017067526,0.002343261913819788,-0.04847726362057239,0.0172108297942909,0.026461507816523233,-0.009250678022232332,0.0823654809144884,0.024193780268816665,0.058171700645671745,0.0266512788106931,0.02344884776512051,0.0032024310455725895,-0.0281785956863244,0.0059870429148682815,-0.034165638601192684,0.0664626447537391,0.017983406960346258,0.048479237793392846,0.0937104694897617,0.043944827734403336,0.04976564175535836,0.0973055438325599,0.04548319156942986,0.05182235226313005,-0.0518394555852606,-0.017244493826518516,-0.03459496175874209,0.0187882441837301,0.04562952759103267,-0.02684128340730257,0.007730221687884,0.0012517928456291744,0.006478428842254826,-0.084740445538206,-0.006439078156507695,-0.07830136738169831,0.0341560959515332,0.023901578512813763,0.010254517438719433,0.0364385603512488,0.02433613418406202,0.012102426167186781,0.0232174425901528,0.002195986366618021,0.02102145622353478,0.0519846345816613,0.02287125849733525,0.029113376084326046,0.0620548132822496,0.025167740542017425,0.036887072740232174,0.0529807443557927,-0.019275906483425073,0.07225665083921777,0.0479159567434719,0.015929847568552383,0.031986109174919515,0.0365841363699358,0.009345286727846867,0.027238849642088933,0.040228798085593,0.010115639852956129,0.030113158232636873,0.0893492157161331,-0.020232272340266755,0.10958148805639986,0.0076643699109152,0.016416898644317123,-0.008752528733401923,0.0105599913259575,0.013415993497894668,-0.0028560021719371675,-0.0052504230915847,0.0034762434252886623,-0.008726666516873361,-0.0021269234539912,0.0066176471765461466,-0.008744570630537346,-0.0035341694402396,-0.010094389817085712,0.006560220376846112,-0.0284270957009492,0.008712567807628996,-0.0371396635085782,-0.0279332813662289,0.009523950786898952,-0.03745723215312785,-0.0870118313087329,-0.05110705727518639,-0.035904774033546506,-0.0567645046139161,-0.004606960796609735,-0.05215754381730636,0.0392070830434484,0.03406822650412464,0.005138856539323763,-0.0484690918196332,0.0114847466222103,-0.0599538384418435,0.0324104744625096,0.022935094592832637,0.009475379869676965,0.0583850606222912,0.029657634563328403,0.028727426058962797,0.0684603991098847,0.03261435049347123,0.035846048616413474,-0.137356166419091,-0.022986427394652988,-0.11436973902443803,0.0370508519317673,0.018654151408323407,0.01839670052344389,0.0100840141526542,0.02745090680564189,-0.01736689265298769,0.014207802965232,0.029535070070614972,-0.015327267105382972,0.020737597339773,-0.0031268765822764968,0.023864473922049496,-0.0051013363522579,0.019099396029304005,-0.024200732381561903,-0.006101979254898,0.020374217679724527,-0.026476196934622526,-0.0225820426004956,-0.027442612135780087,0.0048605695352844855,0.0134088731376119,0.008010656664850851,0.005398216472761048,0.0025924797530635,0.008434409176906963,-0.005841929423843463,0.0155017596013817,-0.0053559877735524074,0.020857747374934107,-0.0184136062546221,0.011987057222942651,-0.030400663477564753,-0.0259563445646639,0.013876092622705007,-0.03983243718736891,-0.0487410630580666,-0.007455968156242934,-0.041285094901823666
2017-11-01,-2.333903587464799e-05,0.0335145541677581,-0.03353789320363275,-0.001910620798051,0.032472740421112124,-0.034383361219163126,0.0870639872447053,0.04931937556768485,0.037744611677020444,-0.0069961525234572,0.046665842314231466,-0.053661994837688666,0.0242492572061708,0.020828519858197943,0.0034207373479728555,0.0245098197169435,0.020999329872155786,0.003510489844787714,0.0321858724729849,0.0022918269214367245,0.029894045551548173,0.0041097597283753,0.03568937421608995,-0.031579614487714645,0.0037654866924867,0.03753155101135206,-0.03376606431886536,-0.0277596983447446,-0.013779444090267233,-0.013980254254477367,0.0122338559064591,0.03991588783742992,-0.02768203193097082,-0.0342748154873559,0.007110395137270688,-0.041385210624626585,0.0453182402813636,0.02957033352156054,0.015747906759803063,0.0457010777140988,0.03709744744350639,0.00860363027059241,0.1009592974510633,0.05013988099193544,0.05081941645912786,0.0374430159204929,0.046837972102406124,-0.009394956181913224,0.039235725232675,0.037781955753702925,0.0014537694789720779,-0.0146884852994742,0.04005599450101103,-0.05474447980048523,0.022173211635457,0.053618633948405166,-0.03144542231294817,0.0237571847226111,0.05527859602738311,-0.03152141130477201,-0.039044411017203,-0.009701270333515932,-0.029343140683687065,0.0340842809909505,0.03098041628905059,0.0031038647018999076,0.0711294978485412,0.025769248258918864,0.04536024958962233,0.0658397653430581,0.017785119559010826,0.04805464578404728,0.0431730971405828,0.026509690026604815,0.01666340711397799,0.0473873483815196,0.02827042389950858,0.019116924482011022,-0.0255178299015956,0.0056429678440808855,-0.031160797745676483,0.0156581959335785,0.04396809844541167,-0.02830990251183317,0.0103451848541327,0.04548220855999845,-0.035137023705865744,-0.0153837860781173,0.0035880017037146976,-0.018971787781832,0.0184360689500508,0.031994232721060535,-0.013558163771009737,0.0393880802608556,0.021660741741190703,0.017727338519664897,0.0348089451973425,0.024998994171154875,0.009809951026187622,-0.0416290909737149,0.019975872020735048,-0.06160496299444995,0.0518407213369332,0.03592247457936769,0.015918246757565514,0.0278406103362205,0.03053302456029393,-0.0026924142240734306,0.0200078635907586,0.03439208077640012,-0.014384217185641524,0.0183952552727631,0.029632081262638943,-0.011236825989875843,0.0727024645523684,0.007938197469634013,0.06476426708273439,0.0259338580852168,0.01818394239640024,0.007749915688816559,0.025807921628905,0.020171846354745886,0.005636075274159113,-0.0357946384017768,-0.06531151642358705,0.02951687802181025,-0.0168490364591617,0.030450614575173063,-0.04729965103433476,0.0451553546291329,0.040581030597284025,0.004574324031848875,0.0737559725441047,0.04061366330525412,0.03314230923885057,0.0506271835949373,0.04180406575107554,0.008823117843861757,0.0879957965975728,0.03920550470841082,0.04879029188916198,0.086494088101753,0.039626158823549924,0.04686792927820308,0.1280843387600936,0.013913364748485096,0.1141709740116085,-0.0038433045072745,0.04511819846890848,-0.04896150297618298,0.0385797153687875,0.027297702573608036,0.011282012795179465,0.0397494650414393,0.02656846455020895,0.01318100049123035,0.0504250038672029,0.010531088135773544,0.03989391573142936,0.0271708466698936,0.03650408015743655,-0.00933323348754295,0.0220999403278029,0.035314053731102815,-0.013214113403299914,0.0806190085092759,0.006509655867543803,0.0741093526417321,0.0179188137783387,0.028272028508172287,-0.010353214729833585,0.0181598813785042,0.02903152617886578,-0.010871644800361579,0.0324223535370399,0.02247544734540386,0.009946906191636039,0.0336888833500203,0.03536661592738724,-0.0016777325773669402,0.0411507415244928,0.03560751975694301,0.005543221767549789,0.0470247514873657,0.01068565106634392,0.03633910042102178
2017-12-01,0.0177423811148321,0.010040839008200925,0.007701542106631175,0.0384757730699732,0.014571905604597184,0.023903867465376014,0.0513871494573994,0.013840252582167393,0.03754689687523201,-0.0014618658168768,0.0012993552438248896,-0.0027612210607016897,0.0218702019325149,0.002437462279116443,0.019432739653398458,0.0250694973919253,0.0031019914699981464,0.021967505921927154,0.0105584875285993,-0.01015930203822025,0.02071778956681955,0.001779662617608,0.010617506443685672,-0.008837843826077673,0.0028472282138909,0.012200268151149217,-0.009353039937258317,0.0446965352494047,-0.03111327348294098,0.07580980873234568,0.0107846227866999,0.009810877746237689,0.0009737450404622115,0.0083517756371068,-0.016250545958510002,0.024602321595616802,0.0469638443638705,0.018036967318708668,0.028926877045161833,0.0181635134287463,0.010786103647585137,0.007377409781161165,0.0071745776469354,0.008718607130345087,-0.001544029483409687,0.0101038963320941,0.007908404710910609,0.002195491621183491,0.0240575383576584,0.018937982262743618,0.005119556094914782,0.0218478703747889,0.008377135816988672,0.013470734557800228,-0.0124849347981919,0.017911589838436534,-0.03039652463662843,-0.0113333812310563,0.01914054449284334,-0.03047392572389964,-0.0106647279256754,-0.02094061457791104,0.010275886652235642,0.0119355875340984,-2.3651704479239885e-05,0.01195923923857764,0.0016361759500581,0.019441703365379166,-0.017805527415321064,-0.0071165587746793,0.012238529436616704,-0.019355088211296004,-0.0180132576266315,0.008527191694694474,-0.026540449321325973,-0.0213876929142884,0.009526282840025097,-0.030913975754313497,-0.0516419682938746,-0.010893083860401888,-0.040748884433472715,0.0222056128125557,0.013454408648674651,0.008751204163881048,0.0266763574611138,0.015803519642682347,0.010872837818431454,-0.0492596110339315,-0.028258961401804707,-0.02100064963212679,-0.0141769055760985,0.010938262898424709,-0.02511516847452321,-0.026427802922283,0.014119324868613626,-0.04054712779089663,-0.0264310777280957,0.01694330055282688,-0.04337437828092258,-0.0477178265350781,0.015224588484249565,-0.06294241501932767,0.1061127371160291,0.018232546029600595,0.0878801910864285,0.0071536359913644,0.008789862260587497,-0.0016362262692230971,0.0495737493824735,0.01668790950889248,0.03288583987358101,0.0490732440124224,0.01641852598290606,0.03265471802951634,0.0445052738884374,-0.0153623515319253,0.0598676254203627,0.008242590176896,0.015799134871617937,-0.007556544694721936,0.0076020941204965,0.017858751001375756,-0.010256656880879256,-0.0243178047090252,-0.061472581596889966,0.03715477688786477,0.0437193484060765,0.027912278603474693,0.015807069802601804,0.0072527882306408,-0.0031726196836811974,0.010425407914321998,-0.0602637951541572,0.007540458166574137,-0.06780425332073134,0.0005493346681789,0.01343523959895056,-0.01288590493077166,0.0275578565897756,0.013181979811082972,0.014375876778692627,0.0257876634343963,0.014343576551439344,0.011444086882956955,0.0410933790854347,-0.027473252425235913,0.0685666315106706,0.0732247373636982,0.011414429633049087,0.061810307730649106,0.0106598161269033,0.005935085889204917,0.004724730237698383,0.0105590241799865,0.0077557676758937995,0.0028032565040927004,0.0234150263209446,-0.009013707533040432,0.03242873385398503,0.0264576162468516,0.012093220437308722,0.01436439580954288,0.0270895329313257,0.012838271081716531,0.014251261849609169,-0.0383328804668464,-0.01499661548514014,-0.02333626498170626,-0.0309374768494766,0.01709278180987612,-0.04803025865935272,-0.0250410896673735,0.019368068579278017,-0.044409158246651516,-0.0573768567032169,0.0007446770036597216,-0.05812153370687662,0.0430450272756605,0.01210646932178717,0.030938557953873333,0.0500375610353106,0.014394800711936809,0.035642760323373796,0.0384511228308827,-0.01556974760810133,0.05402087043898403
2018-01-01,0.0784560371271787,0.05461151697105204,0.02384452015612666,0.0230323052199503,0.04440367060931426,-0.021371365389363958,0.0734865277170224,0.04275371404753107,0.030732813669491328,0.0399691885132562,0.07921409999775988,-0.03924491148450369,0.0636809317711546,0.05981983431005508,0.0038610974610995136,0.0655789030741747,0.06288160553483689,0.002697297539337812,0.0048732670007554,0.0033462552704380524,0.0015270117303173474,0.092581018832473,0.07646964249649489,0.016111376335978103,0.0978690601657565,0.07951122830748138,0.018357831858275123,-0.0238535487582601,0.007093532744269744,-0.030947081502529845,0.0366728442466181,0.04800018659390615,-0.01132734234728805,0.0067271916254948,0.02496601510286321,-0.01823882347736841,0.0213015587149815,0.03903790090911664,-0.017736342194135144,0.1103532922999575,0.06110766454538825,0.04924562775456925,-0.0145096447186356,0.047748176271521024,-0.06225782099015662,0.0287932881596382,0.04761920858305603,-0.01882592042341783,-0.0240638191169165,0.032114480527342795,-0.0561782996442593,0.0194329505153253,0.05493738976905047,-0.03550443925372517,0.0353667259645365,0.08218741830416526,-0.04682069233962876,0.0362636592625363,0.08376886471054047,-0.04750520544800417,0.0442863022634509,0.020137266600040542,0.024149035663410357,0.1837762382341859,0.08745023316868611,0.09632600506549979,0.0009729244730786,0.02946765890401038,-0.02849473443093178,0.0756258772941838,0.03166947910169528,0.04395639819248852,0.0405135389646531,0.05052180585333964,-0.010008266888686536,0.0447247009759928,0.05062367166436328,-0.005898970688370482,0.0330468511911901,0.014563594945199675,0.018483256245990426,0.0429969009711902,0.05989952119195974,-0.016902620220769535,0.0445607201879447,0.0638356952884235,-0.019274975100478806,0.0459007294410928,-0.004524838448838894,0.050425567889931695,0.0904365951214838,0.05378172421988141,0.036654870901602396,0.0928983038850075,0.05070775086657959,0.04219055301842791,0.0966125542733423,0.05199303191023248,0.044619522363109815,-0.0044942229159895,0.00483467787927856,-0.00932890079526806,0.0521508519746517,0.07003149008669299,-0.01788063811204129,0.0377280882133531,0.04141440821119981,-0.0036863199978467084,0.0275366041251629,0.03165065654066539,-0.004114052415502487,0.0324662317612734,0.03524753666011156,-0.002781304898838162,-0.0220971971942369,0.002574046560565039,-0.02467124375480194,0.0509328087946143,0.04310335229607238,0.007829456498541922,0.0493978967969042,0.04420302328090417,0.00519487351600003,-0.0238395101363542,-0.018000242967070274,-0.005839267169283926,0.0158677635329996,0.033903347120833933,-0.018035583587834334,0.0361297854570579,0.04960689593675743,-0.013477110479699524,0.0372951866802401,0.029456237065136275,0.007838949615103827,0.0225139420307796,0.03933384406620041,-0.016819902035420813,0.1253781665729151,0.060984051224862945,0.06439411534805214,0.1329918230871166,0.06365285895518755,0.06933896413192905,-0.0809649503768239,-0.012218253441779521,-0.06874669693504437,0.0151537034791783,0.055378527601188936,-0.04022482412201064,0.0102570283740057,0.05387520340423019,-0.043618175030224485,0.0215151303626732,0.058475790730440576,-0.03696066036776738,-0.0104875190011121,0.019050509547920303,-0.029538028549032404,0.0326971683417201,0.05219268883677238,-0.01949552049505228,0.0315234618493322,0.05739946394055021,-0.025876002091218014,-0.0463264869096517,0.0068232315816102,-0.053149718491261905,-0.030845450696514,0.03351244621541582,-0.06435789691192982,-0.0360396171342155,0.03549124082126881,-0.0715308579554843,-0.0652537847709015,0.008474029583379832,-0.07372781435428133,0.0574565023173394,0.035769431612609676,0.021687070704729722,0.0687206542226726,0.039043100701249486,0.02967755352142311,0.0832470431823505,0.01091685783209072,0.07233018535025978
2018-02-01,-0.0283112658852093,-0.04738865785452887,0.01907739196931957,-0.0279020638735239,-0.022660075426642844,-0.005241988446881056,-0.0240291232238122,-0.039990626814495486,0.015961503590683285,-0.0418993532671223,-0.035529519259304226,-0.00636983400781807,-0.0364248920765028,-0.039486849675814124,0.003061957599311327,-0.0372591137289375,-0.040393288161457486,0.0031341744325199886,-0.0176224392913885,-0.02084764308811417,0.003225203796725671,-0.0176380557807782,-0.0277216945788228,0.010083638798044602,-0.0200038203333232,-0.027211813040792655,0.007207992707469454,-0.0545916657501343,-0.060334096379422886,0.005742430629288586,-0.0619534980828599,-0.04357587367680974,-0.01837762440605016,0.0047752884134697,-0.07601109973127504,0.08078638814474474,-0.0863323528460064,-0.04353288351531469,-0.04279946933069172,0.0461569761289184,-0.03916704797195881,0.08532402410087721,-0.0985070944465295,-0.03986082663971127,-0.058646267806818225,-0.0804634075813015,-0.04400949351907751,-0.03645391406222399,-0.059879589935625,-0.034703342722945375,-0.025176247212679623,-0.054808258286362,-0.04212994674234539,-0.012678311544016614,0.0279822926444599,-0.028200516002832455,0.05618280864729236,0.0333220680383345,-0.027148274475680426,0.060470342514014924,-0.0736733883128161,-0.06084591980830239,-0.01282746850451371,0.0084172165052808,-0.042882420002378956,0.05129963650765976,-0.0477057978284124,-0.03191447498917082,-0.015791322839241582,-0.0788203509345027,-0.04039206385988925,-0.038428287074613446,-0.0476191869188165,-0.04183266880560864,-0.005786518113207864,-0.0508707816098806,-0.04166834222466181,-0.009202439385218794,-0.0610820829664785,-0.03189585315522008,-0.029186229811258416,-0.0453194793276611,-0.047546093813103284,0.0022266144854421813,-0.0368488227065171,-0.04706628077207291,0.01021745806555581,-0.086449923128616,-0.061331743840167485,-0.02511817928844852,-0.0376020049203324,-0.03425478647489739,-0.0033472184454350143,-0.0400602788724792,-0.034309898180227186,-0.005750380692252012,-0.0434330545215988,-0.034779944872482864,-0.008653109649115934,-0.0180067839317427,-0.03378572017881145,0.01577893624706875,-0.0205855260096531,-0.0638739386671025,0.0432884126574494,-0.0297264104068013,-0.03435884757967818,0.004632437172876879,-0.1074004481179043,-0.05476123567260032,-0.052639212445303986,-0.1015190550708822,-0.05861594451795949,-0.04290311055292271,-0.0363867947852389,-0.06400113606601572,0.02761434128077682,-0.0380099926658473,-0.026505807196262717,-0.011504185469584583,-0.037898468464848,-0.026444185787183393,-0.011454282677664605,-0.1117331712772646,-0.06314233477486823,-0.04859083650239637,-0.1191180912483679,-0.03350041755921009,-0.08561767368915782,-0.0157206332581896,-0.039928593714393466,0.024207960456203867,0.0094668836786666,-0.03792265769987915,0.04738954137854575,-0.0438726197296793,-0.02163496855313826,-0.02223765117654104,-0.0375951804157713,-0.02412577465830781,-0.013469405757463488,-0.0364072712206441,-0.02131347566478085,-0.015093795555863248,-0.0430717664017606,-0.06752771735571349,0.024455950953952886,-0.0426638866182052,-0.05642149976082675,0.013757613142621548,-0.0343696502856777,-0.035678285685517515,0.0013086353998398165,-0.0264122223935028,-0.03471967449226674,0.008307452098763941,-0.0530978594852297,-0.05364909230687216,0.0005512328216424611,-0.0530695862797167,-0.0436402414417725,-0.009429344837944206,-0.0585733999004619,-0.044995605495583645,-0.013577794404878253,-0.0427862821601983,-0.07918497355503076,0.03639869139483246,-0.0572427944952619,-0.02815903463454789,-0.02908375986071401,-0.0561348157945803,-0.027672241631148706,-0.028462574163431596,-0.0658430117715998,-0.03198555744469639,-0.033857454326903416,-0.0474064218207768,-0.0329651645160172,-0.014441257304759599,-0.0451960521369649,-0.031031319807480435,-0.014164732329484463,-0.0383571490184745,-0.048116745360732883,0.009759596342258384
2018-03-01,-0.0568963397428169,-0.026931745292025674,-0.029964594450791228,-0.0022938625574525,-0.017929659846965044,0.015635797289512542,0.0071922371919879,-0.01689942503552309,0.02409166222751099,-0.0389540793162558,-0.007811343934602883,-0.03114273538165292,-0.0443701814777362,-0.02924971451157644,-0.015120466966159759,-0.0479074426400076,-0.03144963288900563,-0.016457809751001966,0.0170686833560888,-0.0008529438918591554,0.017921627247947953,-0.0314934074549484,-0.028521464080688647,-0.002971943374259753,-0.0359271427347029,-0.03074454165556864,-0.005182601079134257,-0.0202686312116402,-0.013196678632019464,-0.007071952579620736,-0.0393537348356791,-0.02414507112721764,-0.015208663708461457,0.0098159283708696,-0.018797867418391227,0.028613795789260828,-0.0236201777628917,-0.022309457302470276,-0.0013107204604214245,-0.0244312790176291,-0.024588831796050682,0.00015755277842158244,0.0265240702499943,-0.0076581465946448015,0.0341822168446391,-0.0123695956698647,-0.011076327576422271,-0.0012932680934424293,0.0223336884160623,-0.022582304322934465,0.04491599273899677,-0.0148862339574063,-0.007264741499131604,-0.0076214924582746965,-0.0356251913065049,-0.023850191438226757,-0.011774999868278142,-0.0369499441514397,-0.024795650307282986,-0.012154293844156713,-0.0271122913772189,-0.02551606038991273,-0.001596230987306168,0.0065490729741698,-0.025745118276039872,0.03229419125020967,-0.0147250953951131,-0.01753403171720032,0.0028089363220872177,-0.0370865654196585,-0.004913408700113973,-0.03217315671954452,-0.0199530286066293,-0.026055146906084806,0.006102118299455506,-0.0297593545739714,-0.025832543732391036,-0.003926810841580364,-0.0129504578177106,-0.00415277035604088,-0.008797687461669718,-0.01514944970845,-0.018061076371946632,0.0029116266634966314,-0.0233338180812408,-0.020377392119699137,-0.0029564259615416644,0.1639212709764027,-0.010985405128464418,0.1749066761048671,-0.0100616569345507,-0.010944768577072649,0.0008831116425219495,-0.0026117078943019,-0.01807675744781192,0.015465049553510019,-0.0100855176114124,-0.019883189940770735,0.009797672329358334,-0.0019075138915862,0.016632554101293717,-0.018540067992879918,-0.0411782739584327,-0.02816741927281869,-0.013010854685614012,0.0165608561373163,-0.009876182311353556,0.026437038448669854,0.0244074869353579,-0.019160165609789566,0.04356765254514747,0.0203787499910932,-0.019907231654728862,0.04028598164582206,0.0070757106603718,-0.017296705604039845,0.024372416264411646,-0.0273309681597609,-0.013641143066534151,-0.013689825093226748,-0.0269616648888838,-0.014916297596625092,-0.012045367292258708,-0.0573239543204968,-0.01995182647384776,-0.03737212784664904,0.0546426990896406,-0.016228634036868743,0.07087133312650934,0.0328792362397232,-0.008631738816391654,0.041510975056114854,-0.0929934855647522,-0.012386212398202225,-0.08060727316654998,-0.0008381280296216,-0.014143491965944608,0.013305363936323008,-0.0312839603948539,-0.01824596311881855,-0.01303799727603535,-0.0322480234156579,-0.01923337645800625,-0.013014646957651647,0.004073810675691,-0.014548361098082774,0.018622171773773774,-0.0550894927523694,-0.02109886006674331,-0.03399063268562609,0.0054545228537565,-0.022677806427440123,0.028132329281196623,0.0015046387320095,-0.02444979230708987,0.02595443103909937,0.0087456246505295,-0.017390338300049185,0.026135962950578684,-0.0080995435438417,-0.022213853807305044,0.014114310263463345,-0.0072725199491026,-0.026628427916274608,0.019355907967172008,0.0040461284199205,-0.026042639980765944,0.030088768400686444,0.0189485434757446,-0.01764117719139854,0.03658972066714314,0.0168226027256198,-0.018964059242399595,0.0357866619680194,0.0059608859334312,-0.0016420964273723404,0.007602982360803541,-0.0092071420935207,-0.008059516652633249,-0.0011476254408874509,-0.0167166893306769,-0.00982384570532711,-0.0068928436253497885,-0.0018820706506379,-0.02207694880062593,0.02019487814998803
2018-04-01,-0.0054623413476192,0.00607290835232788,-0.01153524969994708,-0.0093526459113091,0.0006792451721137695,-0.01003189108342287,0.0438142866759913,-0.008559386711383536,0.052373673387374836,0.0168520579356154,0.008378314802226922,0.00847374313338848,0.0096967254977196,0.012892384335235868,-0.0031956588375162687,0.0100050099085439,0.01314438320718704,-0.003139373298643139,0.0040364658359456,0.003993545223025059,4.292061292054169e-05,0.0126001117803808,0.001637026717613516,0.010963085062767285,0.012581075526928,0.0009702776333575644,0.011610797893570435,0.0044026529502353,-0.005407222347517149,0.00980987529775245,0.0008017651668357,-0.0032332578769724597,0.00403502304380816,-0.0607643987461177,0.004152670183598586,-0.06491706892971628,-0.0202420938251901,0.0028494081692846777,-0.023091501994474777,0.0104805508719721,0.001733019364904335,0.008747531507067766,-0.0331716368497491,0.0008080634192573284,-0.03397970026900643,-0.0284345191918201,0.002053993639510787,-0.03048851283133089,-0.050353336705637,-0.007957718251688796,-0.0423956184539482,-0.0596955396885915,0.008414115571077099,-0.0681096552596686,-0.0303939995743229,0.0002111000926735961,-0.030605099666996496,-0.0300208064517291,-0.0005479782862491541,-0.029472828165479945,-0.0023291170617867,-0.003421925151740976,0.001092808089954276,0.0313211680080082,0.013084539524921784,0.018236628483086416,-0.0260363828239489,0.0028986365903477494,-0.02893501941429665,0.0485060928810955,0.01564005532300092,0.032866037558094585,0.0270458884873151,0.006694752672718633,0.020351135814596466,0.0425967560553305,0.006393181580053423,0.03620357447527707,0.0528819355825267,0.004140866582120661,0.048741069000406034,-0.0516181760966725,0.006674804244367885,-0.058292980341040385,-0.0581174407611057,0.006912352811698426,-0.06502979357280413,-0.0965184514692728,-0.012771050984591659,-0.08374740048468114,-0.0216430209918408,0.008491952545438145,-0.030134973537278946,0.0206857243256855,0.010019594039215225,0.010666130286470274,0.018793311027083,0.008878304033358889,0.00991500699372411,0.0195411602277708,0.0202227803481522,-0.0006816201203814001,-0.010103271527979,0.016519403895779557,-0.026622675423758554,0.0014879727615131,0.005923546000278214,-0.004435573238765114,0.0993029925518508,0.006775938884182982,0.09252705366766781,0.0959902868452752,0.014743110800882926,0.08124717604439227,0.0582208540338422,-0.0027336469348919748,0.06095450096873418,-0.0032313319035696,0.012554937644619417,-0.015786269548189017,-0.0027263467567645,0.012078541734857442,-0.014804888491621943,-0.0918027116176343,-0.00857140832943868,-0.08323130328819561,0.0288994400784892,0.005572332446907429,0.023327107631581773,-0.0171612277404708,0.003812256342406917,-0.02097348408287772,0.0617212274779516,-0.00681132864822046,0.06853255612617205,0.0513639404892346,-0.006121351373825094,0.057485291863059694,0.0372182886182818,0.0003613228410348755,0.036856965777246925,0.0409777287745913,0.0005015253065197461,0.040476203468071556,0.0305828941393786,-0.023763201580777597,0.054346095720156196,0.0274603701983244,0.003491897135457272,0.02396847306286713,-0.0085722555776754,0.0053938033066406165,-0.013966058884316016,-0.015681434902659,0.007300824246846268,-0.022982259149505267,0.0275545461718555,0.000351500171291295,0.027203046000564206,0.025162215860398,0.0028874185308731134,0.02227479732952489,0.0316664501763743,0.0028867275763061317,0.02877972260006817,0.010159861849636,-0.009387665041197884,0.01954752689083388,0.0179230985147858,0.0006245679116209438,0.017298530603164854,0.012320702133869,0.0010121901950954487,0.011308511938773552,0.0337637608359928,-0.003245953320301361,0.03700971415629416,0.0278406571568198,0.003864938078246955,0.023975719078572846,0.039278813157023,0.004469114116834064,0.034809699040188935,0.014695496891464,-0.01677114812624134,0.03146664501770534
2018-05-01,0.0345128043908772,0.015081052527099452,0.019431751863777748,0.0410621751429394,0.01110902115031291,0.02995315399262649,0.0351944139968242,0.03314177721075502,0.0020526367860691785,0.0277695005120886,0.09749063016083198,-0.06972112964874339,0.0056157711516313,0.006839776256421282,-0.0012240051047899825,0.0030514343363264,0.005302791465144956,-0.002251357128818556,0.0123995694862383,0.016782076982288237,-0.004382507496049936,0.0607594163459738,0.03628722550138214,0.024472190844591665,0.0607386300218616,0.03300807661410992,0.027730553407751678,0.0833776958997899,0.06693111061473828,0.01644658528505162,0.0347783539865686,0.02068457769000538,0.014093776296563224,0.0520087654808432,0.05524596133642222,-0.0032371958555790226,-0.0152416780340457,0.008782181512468628,-0.02402385954651433,-0.0200998236064867,0.032047500302317615,-0.05214732390880432,-0.0196979214485374,0.054041100720235026,-0.07373902216877243,0.0453548922084809,0.04753690827514691,-0.002182016066666008,-0.0037213710740297,-0.002224580346441388,-0.001496790727588312,0.0666497504452149,0.0675676074633503,-0.000917857018135404,0.114290252418551,0.0472098490797562,0.0670804033387948,0.1168314689970228,0.04541813274614461,0.0714133362508782,0.0399225936926122,0.039910697486402406,1.189620620979659e-05,0.0880314608575628,0.0658817945660436,0.02214966629151921,-0.0264681302372338,-0.00248618536278801,-0.02398194487444579,-0.0001085522616392,0.03857276095568907,-0.03868131321732827,-0.0104205338841433,0.010340094305794398,-0.020760628189937697,-0.0095248797600024,0.009763329655804284,-0.01928820941580668,0.0031753990640575,0.03615455118015849,-0.032979152116100995,0.0246443184412019,0.04427675472988897,-0.01963243628868707,0.0261869357451339,0.04087823783325943,-0.014691302088125531,0.0600840276837334,0.04882157384453942,0.011262453839193984,0.0333794792549688,0.05203338696365158,-0.018653907708682783,0.0548323508115016,0.029302928822927093,0.025529421988574504,0.0444535117010635,0.024576179390596673,0.019877332310466827,-0.078195137394089,0.0426431315229385,-0.1208382689170275,0.031931966263248,0.035387410934703045,-0.0034554446714550463,0.009869241970473,0.038856205838401825,-0.028986963867928824,0.0311729343660292,0.0043988406420925105,0.026774093723936687,0.0315039587548708,0.0012722945620336418,0.03023166419283716,0.1184849532021385,0.016078460353089474,0.10240649284904903,0.0129260583453023,0.019364883234451877,-0.006438824889149578,0.0098905494940011,0.015637791555513734,-0.005747242061512633,0.086956807606617,0.06350862915920591,0.023448178447411094,0.0081148861417061,0.0018569694993321865,0.006257916642373913,-0.0010629443207844,0.058309108442619426,-0.05937205276340383,0.002532340667466,0.026752742904913855,-0.024220402237447855,-0.0282455013516353,0.01753551388003452,-0.04578101523166982,0.0167218134194988,0.0372404430507539,-0.0205186296312551,0.0166510699606471,0.03477859035034072,-0.01812752038969362,0.052958953770397,0.04048517824075712,0.01247377552963988,0.0459592876272157,0.04071731519558469,0.005241972431631006,0.0169664668791136,0.02362744602705232,-0.006660979147938718,0.0106391558852054,0.02185944201397071,-0.01122028612876531,0.0333148010709583,0.026216182041877728,0.007098619029080572,0.0382749113258825,0.026581478749192124,0.01169343257669038,0.0345779545376498,0.02403294326867672,0.01054501126897308,0.0481195203544672,0.028059868763208224,0.020059651591258974,0.0024694679913423,0.0025570925435416964,-8.762455219939657e-05,0.00292893521363,-0.0005617137850617538,0.003490648998691754,0.0037908132313617,0.030320204555312112,-0.02652939132395041,0.0031844708024449,0.03153023230871254,-0.02834576150626764,-0.0084741367034355,0.027758399452810615,-0.036232536156246116,-0.0414295252239158,0.024347668954323495,-0.0657771941782393
2018-06-01,-0.0314206514977493,-0.007838440012133425,-0.023582211485615876,-0.0013427250795597,0.007583554246339192,-0.008926279325898892,0.0862457396953092,0.015914706588681018,0.07033103310662818,0.0003908592423861,0.021396041190651794,-0.021005181948265693,-0.0087920346141147,-0.02232683763953519,0.01353480302542049,-0.0087618447612112,-0.0228412765235957,0.0140794317623845,0.0208707023199038,-0.01383966573751043,0.03471036805741423,0.0138654383084792,0.011849856691203885,0.002015581617275315,0.0140110973381459,0.012116143598852387,0.0018949537392935131,0.0107698652767798,-0.011239731727278995,0.022009597004058794,0.0179537325811988,0.0013141093957619709,0.016639623185436832,-0.0256845491926692,-0.01691751482467468,-0.00876703436799452,0.0344796045565759,0.005666433358692992,0.02881317119788291,0.0050404119017,0.006793870023068292,-0.0017534581213682916,-0.0097104616413847,0.012277694932562526,-0.021988156573947225,-0.0180700382510684,0.006685098991984171,-0.024755137243052568,0.0377598562273917,0.008796501301963605,0.028963354925428092,-0.0222551111476864,0.016313413289138674,-0.03856852443682507,-0.0309868890880942,0.022402412845335964,-0.05338930193343017,-0.0316746781317117,0.023331257458976077,-0.05500593559068778,-0.0491288626045328,-0.015743553124971648,-0.03338530947956116,0.0461659247088223,0.0017478252365866532,0.04441809947223564,0.0500590665276991,0.00587248477898812,0.04418658174871098,0.0209964922203582,0.009304442624001763,0.011692049596356436,-0.0051130808815119,-0.009002118846183387,0.0038890379646714874,-0.0021863753723027,-0.008295628415773321,0.0061092530434706215,0.0334964716664374,-0.00840072753290943,0.04189719919934683,-0.045788587009011,0.008825140662005949,-0.05461372767101695,-0.0588381911498859,0.009468298034953518,-0.06830648918483942,-0.0645520008306985,-0.017936786653814537,-0.046615214176883954,-0.0035414490389231,0.016192637399090597,-0.019734086438013696,0.0184487630848525,0.010707910473944765,0.007740852610907735,0.0193355736615972,0.011561895600299616,0.0077736780612975825,0.4566978232749425,0.013775174297085075,0.44292264897785744,-0.0380003498437468,0.001353070121020761,-0.03935341996476756,0.0039578862016367,0.008716829200809122,-0.004758942999172421,0.0078640416930199,-0.006319107757950759,0.01418314945097066,0.008834238546469,-0.014229745248248134,0.023063983794717136,0.1677575827490635,-0.028822228265331,0.19657981101439448,0.0119693888527782,0.008901631437745394,0.003067757415032806,0.0154061280000374,0.009339768864899237,0.006066359135138163,-0.0062388401403407,-0.03394940196995511,0.027710561829614413,-0.0105451215588711,0.015916062834764648,-0.026461184393635748,0.0176286071047448,-0.0011713510682077428,0.018799958172952543,0.057843286352314,0.006159512204261961,0.05168377414805204,-0.0358839554834752,0.011985512500639268,-0.04786946798411447,0.0443101129932383,0.017137250785525398,0.027172862207712905,0.0425914371010109,0.01772366568497266,0.024867771416038235,0.0318962894883696,-0.017756024821662893,0.049652314310032496,-0.039106600483037,0.004048503082183754,-0.04315510356522075,0.0106188428892906,-0.003040462055937129,0.013659304945227728,0.0082610886944283,-0.0026385481830853864,0.010899636877513686,0.0053120887995029,-0.015560812919950236,0.020872901719453135,-0.0396408196347778,0.004060399482543482,-0.043701219117321284,-0.04169452349233,0.003641508323061509,-0.04533603181539151,0.0155417166731985,-0.01933871501618907,0.03488043168938757,0.0371032628687557,0.007043512952580877,0.03005974991617482,0.0524605533978472,0.007974891301260119,0.04448566209658708,-0.0052954515249265,0.004684966501532094,-0.009980418026458594,0.0007763604595133,0.009662983764490759,-0.00888662330497746,0.0002062921643619,0.010575171376102746,-0.010368879211740846,-0.0670932247241939,-0.010392874324180922,-0.056700350400012985
2018-07-01,0.0578671834119209,0.03781297473075354,0.020054208681167363,0.054823011204602,0.03258542661993295,0.022237584584669047,-0.0141324812673677,0.03544664837617028,-0.04957912964353798,0.0018535214305735,0.03572418828443803,-0.033870666853864535,0.0484680545343197,0.03542714516354007,0.013040909370779633,0.051386350025693,0.03685001163839623,0.014536338387296774,-0.0152281809755061,0.0015748615855499183,-0.01680304256105602,0.0240143385644325,0.03883229272417838,-0.014817954159745881,0.0241465808501723,0.04140130654452464,-0.017254725694352338,-0.0088971859110596,-0.021451330596502616,0.012554144685443016,0.0385214389306352,0.035678081190723424,0.0028433577399117754,0.0041912738735024,0.0032109723818519206,0.0009803014916504797,0.049893378035567,0.030353835030532662,0.01953954300503434,0.0015858297161662,0.0364818027619202,-0.034895973045754,-0.0100370473853611,0.036117419822898504,-0.0461544672082596,0.0244444887774721,0.03590490016315374,-0.011460411385681636,0.0159015484703676,0.03263101518810924,-0.016729466717741642,0.0972172545774825,0.03081893468431577,0.06639831989316672,0.0145275089587275,0.04913837519198002,-0.03461086623325252,0.0147081207822396,0.05079260811037523,-0.036084487328135635,-0.0116892552357269,-0.008505396290792866,-0.003183858944934035,-0.072334039794654,0.036712666662493613,-0.10904670645714762,0.0033069295756383,0.02741772758243883,-0.024110798006800528,0.0259607885125078,0.017922201620970964,0.008038586891536834,0.0529214769402509,0.03322141489027282,0.01970006204997808,0.0461130545074563,0.0344114045821509,0.011701649925305403,0.0236375092618622,0.0027811024149407663,0.020856406846921433,0.0714529465337646,0.03954589668100447,0.03190704985276013,0.0801676035704238,0.0424391976332112,0.0377284059372126,0.0183090600198528,-0.011445892406842772,0.02975495242669557,0.0805946827007363,0.0284105143191656,0.0521841683815707,0.0408912428356618,0.02615029712451834,0.014740945711143458,0.0430940409545484,0.029330693297109987,0.013763347657438411,-0.040761988136671,0.011934741176174542,-0.05269672931284554,-0.0033531914505291,0.04237951273310194,-0.04573270418363104,0.076841966828576,0.02619325875114399,0.050648708077432006,0.0149494489451704,0.03411637721271239,-0.019166928267541995,0.0176585121045549,0.03547931718494961,-0.017820805080394707,0.0323614475933278,0.003927817446022495,0.0284336301473053,0.0673589709983092,0.024579987950038396,0.04277898304827081,0.0716353689174716,0.02682656387413828,0.04480880504333332,-0.1379618395405152,-0.06201002841952891,-0.07595181112098628,-0.0722593399635002,0.03122218464989628,-0.10348152461339648,0.0422351190007194,0.031008595973068393,0.011226523027651005,0.0421032194202866,0.028172659026972337,0.013930560393314265,0.0172487408347079,0.03366694148305461,-0.01641820064834671,0.0336719482420717,0.03582986002779435,-0.002157911785722645,0.0378410682275268,0.03740870137172922,0.0004323668557975821,-0.0220603181676003,-0.008457163804271207,-0.013603154363329093,0.0922740808551399,0.03900535766475193,0.053268723190387966,0.0138807981895846,0.031250716709020555,-0.017369918519435958,0.0156751251167608,0.03303118499354922,-0.01735605987678842,0.0189037741187624,0.008591107489749573,0.010312666629012828,0.0674385956356047,0.03513549883985694,0.032303096795747756,0.0800660464950666,0.036406637372668395,0.043659409122398206,-0.0708165764555333,-0.0007862667725621376,-0.07003030968297116,0.0212910880556159,0.028442501340878383,-0.007151413285262483,0.0176854466343932,0.03024219058602453,-0.012556743951631328,0.0678167719096007,0.010491556351483564,0.057325215558117135,0.0268419401986116,0.02861539975889219,-0.0017734595602805873,0.0258648865409798,0.030649442876199466,-0.004784556335219667,-0.0656496663200098,0.001240995507410652,-0.06689066182742046
2018-08-01,-0.0280248309807217,0.01872746108675112,-0.04675229206747282,0.0239765924447857,0.024773588503083505,-0.0007969960582978053,0.0757052717030295,0.03779450831096194,0.03791076339206756,-0.0295790082731173,0.08898825679110993,-0.11856726506422723,0.0210290909540701,0.011838629389641945,0.009190461564428156,0.0208400496889747,0.012229902464610051,0.008610147224364649,0.0162462622286122,-0.0006074547094724401,0.01685371693808464,0.0567080352033048,0.05709562997820861,-0.0003875947749038128,0.0533034143302995,0.05733930351752619,-0.004035889187226686,0.002153353267453,0.029936788670716533,-0.027783435403263532,0.0135194759440397,0.026344349862117058,-0.012824873918077358,-0.0277107729228451,0.01957273818997808,-0.04728351111282318,0.0239483946642533,0.014344378479340685,0.009604016184912615,0.0961019397682299,0.04104314534657937,0.05505879442165052,-0.0030977305670112,0.04563315915369891,-0.04873088972071011,0.0081559297876809,0.03881905587322386,-0.03066312608554296,0.0223188728830763,0.011934220892467826,0.010384651990608474,0.0036693719357621,0.05579293940748143,-0.05212356747171933,0.1116206073557607,0.06814775900692646,0.043472848348834234,0.1137805360693382,0.06880408687056341,0.04497644919877479,0.0572382899061415,0.018997771062758177,0.03824051884338332,0.0213238471681898,0.06735489922191745,-0.04603105205372765,0.0213403795916313,0.0056294471325547156,0.015710932459076583,0.0820464285675886,0.023362727481783318,0.058683701085805284,0.0235135076428171,0.01527139769609379,0.008242109946723312,0.0278091744538323,0.015182476266437624,0.012626698187394677,-0.0244114152631581,0.01576432723202625,-0.04017574249518435,-0.0128374791855914,0.04213508898187334,-0.05497256816746474,-0.0261909716415201,0.04251621434754134,-0.06870718598906145,-0.0500615704938504,0.011567679952626274,-0.06162925044647667,0.0370513826770074,0.04942685130413342,-0.012375468627126018,0.0539105172919942,0.03378414277886003,0.02012637451313417,0.0434652922046806,0.032208909283415216,0.011256382921265386,0.006750571531183,0.009939897912481,-0.0031893263812980003,-0.0816991856814215,0.032643339551341057,-0.11434252523276256,0.0215150883101296,0.03371078680843296,-0.012195698498303358,-0.025854708150908,-0.002335321487050515,-0.023519386663857483,-0.0274745096084744,-0.009417993656082611,-0.01805651595239179,-0.0549491738767588,-0.013481469649596522,-0.04146770422716228,0.0483778191449658,0.02394034695803469,0.024437472186931108,0.0456432497469764,0.022624391879574355,0.023018857867402046,-0.0040661784710099,0.014655906659186112,-0.018722085130196013,-0.1364835984703214,0.011734394127397001,-0.1482179925977184,-0.0119121603977532,0.044026390358447375,-0.05593855075620058,0.0314988073418939,0.02371315924778769,0.007785648094106208,0.0450701601619415,0.02949307336246473,0.01557708679947677,0.0919827298871846,0.05136342906497378,0.040619300822210824,0.0954257915145037,0.05224160483646725,0.04318418667803645,0.0632297951369217,0.005597112996344576,0.057632682140577124,-0.0146340138259404,0.03540681324382256,-0.05004082706976296,0.0187090661727185,0.02878640405787742,-0.01007733788515892,0.0182200043966417,0.029914060711917757,-0.011694056315276057,0.0219190019554581,0.0068394367821224406,0.015079565173335658,0.0183783511104815,0.030212822443682754,-0.011834471333201254,0.0177628095251417,0.03161349822014804,-0.013850688695006344,-0.0373678686598761,-9.300538608888738e-05,-0.03727486327378721,-0.0011072270127931,0.01293436075813264,-0.014041587770925741,-0.0115148990988184,0.01246702812574682,-0.02398192722456522,0.0159532413826832,0.015095686735099857,0.0008575546475833445,0.0458754164632308,0.02730910531001954,0.01856631115321126,0.0490386868691374,0.027512140227961616,0.021526546641175783,-0.0025696911958493,0.013760025063064257,-0.01632971625891356
2018-09-01,0.0297421498753576,-0.010697583801020715,0.04043973367637832,0.0070556099995195,0.008895084454603358,-0.0018394744550838575,0.0230399811763923,0.000402303937001967,0.022637677239390336,-0.033780257589206,-0.016422793012645494,-0.017357464576560504,-0.0158146766322854,-0.020066730475175223,0.004252053842889823,-0.0139821927873069,-0.018874901704950108,0.004892708917643209,-0.0296658790929086,-0.02831733973741917,-0.0013485393554894289,0.0029655639450431,0.008538062264653253,-0.005572498319610153,0.005380984829821,0.011145057950618736,-0.005764073120797736,-0.0686876969098772,-0.049757581252332685,-0.01893011565754451,-0.0297751409217491,-0.007185738573048706,-0.022589402348700393,0.0119938263283834,-0.04869784054738527,0.06069166687576867,0.005318815437198,0.008520903139288263,-0.003202087702090263,-0.0023714181969407,-0.0005823145120304207,-0.0017891036849102793,-0.0678203489473238,-0.014586976066577948,-0.05323337288074586,-0.0276652652671536,-0.01717173435857891,-0.010493530908574689,0.0133200955535474,0.012358342692903163,0.0009617528606442362,0.0234385670115703,-0.009995361753499146,0.03343392876506945,-0.0081911927530946,0.012980030653283047,-0.02117122340637765,-0.0037782207919681,0.015186530334137594,-0.018964751126105694,-0.0350228259621382,-0.036249549714600746,0.0012267237524625427,-0.0102650753903674,-0.01646994436141856,0.006204868971051158,-0.0105208446206827,0.013519263294809502,-0.0240401079154922,0.0040613823192133,-0.0006276952881258059,0.004689077607339106,0.0085203292614036,-0.008666610550590849,0.01718693981199445,0.0094194727895371,-0.007866778539012154,0.017286251328549253,0.0044329095315103,-0.029501977672255604,0.033934887203765904,0.0065068448963335,-0.006147020256139125,0.012653865152472625,0.0076290267768518,-0.0023333144702422314,0.00996234124709403,-0.0734661734900547,-0.05870991171780278,-0.014756261772251922,0.0106933700046951,0.0012717552520248342,0.009421614752670266,0.0457796352880817,0.010125239707060987,0.035654395581020716,0.0507089408378718,0.013450633640612686,0.037258307197259116,0.0575276640654738,-0.0047369912519106775,0.062264655317384475,0.0281043982990606,-0.0027420643018470736,0.030846462600907672,-0.0336016063652799,-0.005253516386762722,-0.02834808997851718,0.0173717308307667,-0.008403313155258314,0.025775043986025016,0.0179015974580165,-0.013376982424881523,0.031278579882898026,0.0358567943775605,-0.05082765907542283,0.08668445345298334,0.0232558894903168,0.01263652726804491,0.010619362222271889,0.0251398626046352,0.015213732639798165,0.009926129964837034,-0.0237563915557275,-0.07296978625658976,0.04921339470086226,-0.0011890652710813,0.026058451876762166,-0.027247517147843466,-0.0515656703057431,-0.03267863346868439,-0.01888703683705871,0.0231321710995819,-0.010868524993826434,0.034000696093408334,0.0207562129069624,0.005252855505538024,0.015503357401424377,0.0013522647439513,0.00940351099747842,-0.00805124625352712,0.00171102786449,0.012348618000570634,-0.010637590136080635,-0.0623031171794314,-0.060924644123695845,-0.0013784730557355532,0.0167434506823102,-0.012840297049765893,0.029583747732076095,-0.0216838261266543,-0.008168396649334048,-0.013515429477320253,-0.021405163300129,-0.004475587474094392,-0.016929575826034608,-0.0234118312163658,-0.033527068182240875,0.010115236965875074,0.0107295526804629,-0.0031331938189274352,0.013862746499390335,0.010604353374823,-0.00013362179578581615,0.010737975170608816,-0.027758502038259,-0.04343862505227668,0.015680123014017677,-0.0143995670952401,0.01177723842131378,-0.02617680551655388,-0.0206297429535011,0.015513849772762081,-0.036143592726263184,-0.0204672140362092,-0.015488019757666555,-0.004979194278542645,-0.0141241766453237,-0.0030357409130130357,-0.011088435732310664,-0.0068210824869805,0.0016004300455478115,-0.008421512532528312,-0.052442457944156,-0.031583138957852246,-0.020859318986303756
2018-10-01,-0.0962393479157201,-0.07201209732571981,-0.02422725059000029,-0.017284809290227,-0.03927069319708721,0.02198588390686021,-0.1101631646282787,-0.09061083254177094,-0.019552332086507765,-0.0328757337687007,-0.17791488376750098,0.14503914999880027,-0.0625595610747366,-0.060628558865612206,-0.0019310022091243995,-0.0610118945921064,-0.059852771306774855,-0.001159123285331548,-0.0545776327445158,-0.04945182659515054,-0.00512580614936526,-0.0939896084513113,-0.08981384451695267,-0.004175763934358631,-0.0911770834182889,-0.08594313680836961,-0.005233946609919285,-0.1155880096961226,-0.16629232182116008,0.05070431212503748,-0.1085188860564932,-0.0810317080686366,-0.02748717798785659,-0.0858570051499792,-0.15525524854363817,0.06939824339365898,0.0047086915203923,-0.043677654983700395,0.048386346504092695,-0.0766820755266576,-0.08893841330421369,0.012256337777556095,-0.0969947926834486,-0.11754156586165027,0.020546773178201666,-0.1534063255915081,-0.11291963496113501,-0.04048669063037309,-0.0132907094579186,-0.030866750328311474,0.017576040870392873,-0.1458505007542649,-0.12787298198370056,-0.017977518770564332,-0.0795782374142301,-0.10219164387746972,0.022613406463239616,-0.0766918389464504,-0.09939393117293056,0.02270209222648016,-0.083806989588771,-0.12829817700447058,0.044491187415699573,-0.1583627683003267,-0.14543618732257788,-0.01292658097774882,0.020388980498008,-0.01448734325669441,0.03487632375470241,-0.0726550229813489,-0.06574527500742663,-0.00690974797392227,-0.0510464725082643,-0.059474498512163604,0.008428026003899303,-0.0475330048383981,-0.058244464493524,0.010711459655125904,-0.0321775031931246,-0.08605471800712902,0.05387721481400442,-0.1291258163749422,-0.10457447475596365,-0.02455134161897854,-0.1255701556604733,-0.09909239726304048,-0.026477758397432827,-0.0976492212810311,-0.15148729485094634,0.05383807356991524,-0.0972216691522326,-0.09667334973792119,-0.0005483194143114101,-0.1097871382786071,-0.06065762038710838,-0.04912951789149872,-0.106829614109155,-0.05443124771551395,-0.052398366393641045,-0.1115042334637719,-0.047916944097300046,-0.06358728936647186,-0.1119918910275963,-0.09551612055101658,-0.01647577047657972,-0.0580921389311897,-0.08201102624806951,0.023918887316879807,-0.115603022571188,-0.04738978127671827,-0.06821324129446973,-0.1092641512502558,-0.04217271937974526,-0.06709143187051055,-0.1288121570065062,-0.09812580938293781,-0.03068634762356838,-0.0610437353990117,-0.03505434379481694,-0.025989391604194757,-0.0535071515247438,-0.029532282135712462,-0.023974869389031338,-0.1812729144804465,-0.17905908907551005,-0.002213825404936448,0.0287364282036178,-0.009753268730615742,0.03848969693423354,-0.1190855605731433,-0.13490491665794763,0.015819356084804323,-0.1305359415584332,-0.081464150372925,-0.04907179118550821,0.0068052695764929,-0.05340065694658674,0.060205926523079635,-0.1151498869409771,-0.08025995043473282,-0.03488993650624428,-0.1191625825181807,-0.07473993666130184,-0.044422645856878856,-0.0994732632839195,-0.15472664150799917,0.05525337822407966,-0.1129104791980251,-0.11177504461547264,-0.0011354345825524692,-0.0216021017992617,-0.07500763609928492,0.05340553430002322,-0.0128543377847765,-0.06990547080836605,0.05705113302358955,-0.0347682394881437,-0.09660507749338267,0.06183683800523897,-0.0880156458828005,-0.08030231267330717,-0.007713333209493328,-0.0818597838681372,-0.07903256807094715,-0.002827215797190058,-0.0694280908010079,-0.12743779000045707,0.05800969919944918,-0.0071739612120562,-0.024510297942038406,0.017336336729982207,-0.0116701390171369,-0.01821383766930738,0.00654369865217048,-0.0461766414234145,-0.07189571575282819,0.025719074329413685,-0.0787332877383655,-0.06926730104473028,-0.009465986693635228,-0.0753509700220454,-0.06121767230748562,-0.014133297714559775,-0.0308843785292904,-0.1069786761759706,0.07609429764668019
2018-11-01,-0.0378997875168024,0.021050277238053798,-0.058950064754856195,0.0451285112469659,0.016468521521763774,0.028659989725202128,-0.0074448014538642,0.010837788799662806,-0.018282590253527006,0.0192660214284388,0.022529439188929586,-0.003263417760490786,0.0192254440662189,0.02550420531188895,-0.006278761245670051,0.0185700681479956,0.026530981611549747,-0.007960913463554146,-0.0242504285051814,0.002072367912375711,-0.026322796417557113,0.0173883577395942,0.022276949126872413,-0.004888591387278214,0.0174446149663292,0.02341458463443306,-0.005969969668103859,-0.1286303362339469,-0.015003700421705488,-0.11362663581224142,0.0326117248958759,0.014750213441516738,0.017861511454359165,-0.110002808297765,0.0005407005437189352,-0.11054350884148394,0.0305024287811075,0.014409606007341143,0.016092822773766356,0.0103853779421583,0.01892081328967535,-0.00853543534751705,0.0299976113367267,0.016026425680455737,0.013971185656270962,0.0493908003392646,0.016570817322244386,0.032819983017020216,0.0638732276411299,0.010055860463421318,0.05381736717770859,0.0659129422221278,0.017839419319375,0.048073522902752804,-0.0887056901286626,0.025572268401652255,-0.11427795853031486,-0.0946597512240816,0.0261169533009139,-0.1207767045249955,-0.0588437019423439,-0.006807471616037885,-0.05203623032630602,0.0005076837002761,0.027059252997331956,-0.026551569297055856,0.0123100122426972,0.013215810417086221,-0.0009057981743890216,0.0512985397093167,0.014318165101018585,0.03698037460829812,0.0454146899808536,0.01963382666305279,0.02578086331780081,0.0524573948040149,0.019953458336173756,0.032503936467841145,-0.0078173685117547,0.0025152177605213526,-0.010332586272276052,0.0731407059783433,0.021336202399654978,0.05180450357868832,0.0909544574451349,0.02311782133487707,0.06783663611025784,-0.0842342065097763,-0.015464574247914555,-0.06876963226186174,0.065601047619658,0.017675514480097385,0.04792553313956062,0.0603512396701388,0.017765963251524557,0.042585276418614246,0.0711858033076792,0.018614345215797738,0.052571458091881455,-0.0098294308467815,0.011099945420934983,-0.02092937626771648,-0.0050919079709834,0.027543688029330306,-0.0326355960003137,0.0375755751338119,0.014658988915377348,0.02291658621843455,-0.0294821584014615,0.01661033698879934,-0.04609249539026084,-0.0154581147062103,0.021500108986398547,-0.036958223692608844,-0.1642493553399638,-0.0029952803968329596,-0.16125407494313082,0.0704909308062514,0.018298033361579053,0.052192897444672356,0.0716295507138548,0.019123296662906377,0.052506254050948414,-0.0173402656505399,-0.03440406014960447,0.017063794499064568,0.0009931148411533,0.01579296520425479,-0.01479985036310149,0.046128619852375,0.01631084530989112,0.02981777454248388,-0.0193706771965901,0.007967273971130742,-0.027337951167720843,0.0714591319297456,0.012807198000606554,0.05865193392913904,0.0156007084214373,0.018604319173574104,-0.0030036107521368045,0.0178368609993064,0.01984914300345791,-0.0020122820041515097,-0.0147379596641795,-0.020827756376035605,0.006089796711856105,-0.0260084339023761,0.018647801341622177,-0.044656235243998275,0.0312316703441207,0.018646773942948277,0.012584896401172423,0.0319077718703987,0.0208920451361203,0.011015726734278398,-0.0031047204798216,0.00230048446545447,-0.0054052049452760695,0.0473923583875184,0.017711109306835268,0.029681249080683134,0.0477065376833149,0.018796164764923694,0.028910372918391204,-0.1374715010321034,-0.009369364721205541,-0.12810213631089787,0.0376661760903285,0.01320245897183925,0.02446371711848925,0.0535708420578601,0.014369508490227674,0.039201333567632425,0.0226608840011241,0.0006835455052461,0.021977338495878,0.0393192913029542,0.01411330034305119,0.025205990959903012,0.0505305430340253,0.015761323656691827,0.034769219377333474,-0.0561077341405193,-0.009460411805922206,-0.04664732233459709
2018-12-01,-0.087112715450024,-0.1213471553569342,0.034234439906910205,-0.0604194624587654,-0.06012183880183894,-0.0002976236569264615,-0.0628307211216096,-0.1098631479672758,0.04703242684566619,-0.1018163407794582,-0.16125044590151255,0.059434105122054354,-0.1191969557734591,-0.11578394033606637,-0.0034130154373927246,-0.1189618588128728,-0.1161335213386159,-0.002828337474256898,-0.0798573273853908,-0.07074530776701461,-0.009112019618376183,-0.0770500800159088,-0.09002924996566486,0.012979169949756064,-0.0741420518755786,-0.08758800755009302,0.013445955674514426,-0.183823716614693,-0.1484422165891847,-0.0353815000255083,-0.0699165328472865,-0.11584724917359973,0.04593071632631324,-0.0977640828805217,-0.18480804706401038,0.08704396418348868,-0.0849546234213026,-0.07858023236798713,-0.00637439105331547,-0.1011673432986497,-0.10863817091952323,0.0074708276208735325,-0.0912706463436974,-0.1396704461871553,0.048399799843457894,-0.1298025278215416,-0.14338025789609504,0.013577730074553429,-0.0597569346441087,-0.06341080168665973,0.0036538670425510303,-0.1149419700041829,-0.13518592358993445,0.020243953585751553,-0.0889176871483851,-0.10383486352858604,0.01491717638020093,-0.0884724941203271,-0.10101541494994187,0.012542920829614779,-0.1708111889266934,-0.13100123224952212,-0.03980995667717127,-0.0786936289532055,-0.15170621377444485,0.07301258482123935,-0.0969878813534256,-0.048322286757741396,-0.04866559459568421,-0.17122277172305,-0.08448915135370429,-0.08673362036934572,-0.0974277111051656,-0.10379583589600953,0.006368124790843935,-0.1028964277665176,-0.10372318633303373,0.0008267585665161364,-0.0274565865294478,-0.0978040014123418,0.070347414882894,-0.099309579532956,-0.13410791894568777,0.03479833941273178,-0.0923212017691686,-0.13012337606188945,0.037802174292720855,-0.1410982184858614,-0.16497355623637128,0.023875337750509873,-0.0915572686747962,-0.09944390808640556,0.007886639411609359,-0.0688768032893928,-0.0711839656496947,0.002307162360301901,-0.0660096480106429,-0.06878677786671807,0.0027771298560751723,-0.0985698141072602,-0.07418984080729026,-0.02437997329996995,-0.0290921457179928,-0.14313766361614777,0.11404551789815497,-0.0993560301257713,-0.09828157706092393,-0.0010744530648473666,-0.1156491461231151,-0.11391135812860999,-0.0017377879945051078,-0.1088497838704886,-0.12217310744999745,0.013323323579508842,-0.163081056800617,-0.15379371023204347,-0.009287346568573523,-0.0765130775930371,-0.05014362983727334,-0.02636944775576376,-0.0728030527720372,-0.04738170913258594,-0.025421343639451262,-0.2264382469622515,-0.13241175120828924,-0.09402649575396227,0.1111923315158207,-0.03940473499438183,0.15059706651020252,-0.1231045483116054,-0.15973241225880633,0.036627863947200925,-0.1484445845759848,-0.10897456422280605,-0.03947002035317876,-0.0618091749989367,-0.07088557200603048,0.009076397007093777,-0.0843845640822527,-0.0810964734135587,-0.0032880906686939965,-0.0810494171328385,-0.07462103880846133,-0.006428378324377176,-0.1192329204153705,-0.17700152527709745,0.057768604861726955,-0.1206472433136852,-0.15114925929230394,0.030502015978618735,-0.0694030158340662,-0.10223390290501796,0.03283088707095176,-0.0652026741685698,-0.09694334639648833,0.03174067222791853,-0.0835323312222256,-0.13030463181518945,0.04677230059296385,-0.1441615155944771,-0.11124252992707422,-0.03291898566740288,-0.1440823765597127,-0.10914958182988614,-0.03493279472982656,-0.2326175280294235,-0.1645449126065638,-0.06807261542285972,-0.0566011700361032,-0.05173099620921867,-0.0048701738268845315,-0.0579138888161434,-0.046501437038691064,-0.011412451777452336,-0.1198248005538629,-0.08687211216019557,-0.03295268839366733,-0.1032011030669261,-0.09273652580491397,-0.010464577262012137,-0.1034576868905929,-0.08461727909642199,-0.018840407794170913,-0.0662435439520895,-0.11735425549133754,0.05111071153924804
2019-01-01,0.1806406838992069,0.0958180466105413,0.0848226372886656,0.0995092682961732,0.05785102878332033,0.041658239512852864,0.1225137512091969,0.09166737645561213,0.030846374753584774,0.1111493028764509,0.16716547183600727,-0.05601616895955637,0.1090591200183688,0.09418803412082863,0.014871085897540173,0.1106518452246204,0.09457348963703856,0.016078355587581847,0.0575648281412531,0.049728492046952386,0.007836336094300712,0.1073137137200583,0.09532211425343953,0.011991599466618763,0.1036493640536431,0.0939089307167795,0.0097404333368636,0.1554884397407476,0.09540631422723028,0.060082125513517326,0.0547475758736781,0.09158078366919149,-0.03683320779551339,0.2570750424278322,0.12374077826202402,0.13333426416580818,0.0533261293120916,0.058653833145838864,-0.005327703833747262,0.1082234016691377,0.09735483196585693,0.010868569703280775,0.1508893152459891,0.1245775634667923,0.026311751779196785,0.142217508504909,0.12279590495222792,0.019421603552681077,0.0640865129041145,0.04450087391217112,0.019585638991943384,0.1133836816239556,0.12724854366831112,-0.013864862044355525,0.0634428485086777,0.11371491468849074,-0.050272066179813044,0.0587731258958875,0.11224720026994044,-0.05347407437405294,0.1867317335266744,0.07993211525191758,0.10679961827475683,0.1947141491376725,0.14744270017454877,0.04727144896312371,0.0704444698474903,0.03552092730304097,0.03492354254444933,0.0614089573562544,0.07353129407169688,-0.01212233671544248,0.085277719075301,0.08193562525996284,0.0033420938153381624,0.0908784743198911,0.08211309981787815,0.008765374502012951,-0.0003836534115907,0.07391153337651123,-0.07429518678810193,0.1122108131781522,0.1182861384259969,-0.0060753252478447095,0.110749149081609,0.11626181847653311,-0.005512669394924105,0.0934870338032623,0.0986848572736669,-0.0051978234704045945,0.0928646579975075,0.0986548215267645,-0.005790163529257,0.0608033911293612,0.06868989644393174,-0.007886505314570538,0.0568062772965455,0.06602451964489439,-0.009218242348348893,0.1427759600764234,0.06482452156385415,0.07795143851256925,0.0894115607849838,0.11886281401151366,-0.02945125322652986,0.0761464775915039,0.08856772253483233,-0.012421244943328427,0.1085645354069906,0.07718433488286636,0.03138020052412424,0.1020699214295126,0.08311186749957836,0.018958053929934243,0.2161852246249738,0.0860468072000998,0.130138417424874,0.0303817982502199,0.05225399132049924,-0.02187219307027934,0.028722396445645,0.049776159133427554,-0.021053762687782553,0.2169131197158923,0.060771623427570455,0.15614149628832186,0.0343102545511644,0.033286037730176944,0.001024216820987453,0.161059386393946,0.13948362348488919,0.021575762909056828,0.1331483981555148,0.0845854143179866,0.04856298383752819,0.0524724544585865,0.06610476485210456,-0.013632310393518067,0.0968487248066279,0.08671281042579862,0.01013591438082928,0.0968393225741295,0.08366702563765753,0.01317229693647197,0.1075175570107577,0.09757550561243065,0.009942051398327045,0.1536179798307157,0.12265391349443489,0.03096406633628082,0.0830744956074963,0.08870542809135729,-0.005630932483860984,0.073032946652595,0.08680010290268661,-0.013767156250091617,0.0799448803784909,0.0843811033029099,-0.004436222924419003,0.1200694386103879,0.0929142714637435,0.0271551671466444,0.1217703171627536,0.09127499239184651,0.030495324770907092,0.1679455794466203,0.08863769524517352,0.07930788420144678,0.079896978313796,0.042286744115998864,0.03761023419779713,0.099288246325211,0.03876247165801474,0.060525774667196254,0.1372925131202025,0.06367641858067498,0.07361609453952751,0.0920470406163126,0.08166402848124998,0.010383012135062611,0.0876970735153674,0.07693620056759537,0.010760872947772032,-0.0143792440133803,0.06849937672170278,-0.08287862073508308
2019-02-01,0.0926117489612077,0.025510994185395378,0.06710075477581233,0.0316485995030881,0.02524546204069779,0.00640313746239031,0.0449207183884254,0.04388434925200585,0.0010363691364195515,0.0164153193043135,0.0860149487447392,-0.06959962944042569,0.0359126978957943,0.015861327733438218,0.020051370162356082,0.0338206573034612,0.015598427785655022,0.018222229517806176,0.0252065150587149,0.007593628565543619,0.017612886493171283,0.0505760292849899,0.04846219621511484,0.0021138330698750596,0.0499696092714422,0.04799465838599632,0.0019749508854458794,0.1263852974462483,0.034087083059286157,0.09229821438696215,0.0338405454015931,0.032332556065739676,0.0015079893358534227,0.0764869001063884,0.03271254206440069,0.043774358041987704,0.0348970463675821,0.019995434982335757,0.01490161138524634,0.0727929026819188,0.04121422923074687,0.031578673451171935,0.0108399340877613,0.05448673687839711,-0.04364680279063581,0.0468103259692625,0.04865606197803398,-0.0018457360087714772,0.0446938243556806,0.017443291481211813,0.02725053287446879,0.0486036842637132,0.06024472388365914,-0.01164103961994594,0.0679796269486179,0.06210062456870662,0.005879002379911277,0.066879978330502,0.06222426059643363,0.004655717734068365,0.052938109149749,0.02165016308867688,0.031287946061072124,0.0367176392961901,0.062021708954655516,-0.02530406965846542,0.0226561564242678,0.010915888372742988,0.011740268051524814,-0.0421883414270874,0.030022178149602032,-0.07221051957668943,-0.0019195516523152,0.020131842873097397,-0.022051394525412597,-0.0181001929804415,0.020417302747751456,-0.038517495728192956,0.0256284572736431,0.022386659344703522,0.003241797928939579,0.0409480125901925,0.04814072589934921,-0.0071927133091567105,0.0330934351016423,0.04757891798688731,-0.01448548288524501,0.0551405369678553,0.02569557416292163,0.02944496280493367,0.0849198393265361,0.049566061562683665,0.035353777763852436,0.0428547145576009,0.03223637819826573,0.010618336359335165,0.0412418653532559,0.03099793973996704,0.010243925613288858,0.0558949726630809,0.026052608352108753,0.029842364310972144,0.0011578783519813,0.03936284223235847,-0.03820496388037717,0.0767213539863671,0.03819534976679625,0.03852600421957086,0.0341745490542355,0.013544672708361516,0.02062987634587398,0.0346928732922358,0.008275645907613998,0.0264172273846218,0.1090002019979951,0.005587445921728272,0.10341275607626682,0.0367415257710759,0.023388396632169375,0.013353129138906527,0.0360814362484425,0.022169585094860028,0.013911851153582469,-0.0436257550225053,0.01138598320781263,-0.05501173823031793,-0.0160597551630342,0.016247738205149485,-0.032307493368183685,0.0606842462727456,0.05255845644727821,0.00812578982546739,0.0444745564100087,0.03322453105849163,0.01125002535151707,0.0476614645228604,0.03217806757753365,0.015483396945326751,0.0030792148171228,0.04722407606934543,-0.04414486125222263,0.0018006748623199,0.04677028520280639,-0.04496961034048649,0.0610815141353998,0.02381002994440868,0.03727148419099112,0.0317325579849635,0.044893637237896265,-0.013161079252932764,0.0128214728713563,0.030235447232805163,-0.017413974361448863,0.012951079472569,0.0298323722144434,-0.0168812927418744,0.0527004891606284,0.01772184741808764,0.03497864174254076,0.0270128643803362,0.03483120481825943,-0.007818340437923229,0.026760342387175,0.03425588569905384,-0.0074955433118788425,0.0699389461677486,0.01531929042534394,0.054619655742404655,0.0360729079043188,0.016312504105743777,0.019760403798575025,0.0380097423515908,0.015253338787517012,0.022756403564073786,0.059280485876189,0.0250782717619706,0.03420221411421839,0.0478517706670703,0.03443372672328036,0.01341804394378994,0.0499209891742582,0.03322215360144206,0.016698835572816137,0.0445760073658197,0.01989091146821257,0.02468509589760713
2019-03-01,-0.0606938442950567,-0.012147764624270693,-0.048546079670786,0.042120653233103,0.01647324006742725,0.025647413165675752,-0.0007279690795918,0.009614645408162238,-0.010342614487754039,-0.0484562288736039,0.013090412578784743,-0.06154664145238865,-0.0283401542605788,-0.022614786571267607,-0.0057253676893111935,-0.0256524330167587,-0.020782024991561572,-0.004870408025197129,-0.012381656802859,-0.036152205367629725,0.023770548564770726,0.0355540987427329,0.03473806601768209,0.0008160327250508123,0.0405946715027485,0.03826174916079665,0.00233292234195185,-0.102251022182139,-0.041490269538419514,-0.06076075264371948,-0.0101161937423251,-0.002792461041835788,-0.007323732700489312,-0.0673297775315259,-0.054981304838107516,-0.012348472693418384,0.011393954188693,0.006844452989611815,0.004549501199081185,0.0216694910428844,0.012274198969466054,0.009395292073418346,0.0294058089129673,-0.007793522627813461,0.03719933154078076,-0.0001177677914674,-0.013785710812602792,0.013667943021135392,0.0410111628454399,0.01339203318434146,0.027619129661098443,-0.0118291092750748,0.0015264953803589788,-0.01335560465543378,0.0553844540453129,0.04059633560422879,0.01478811844108411,0.0621105078696568,0.043709764074144355,0.018400743795512445,-0.0296740979218489,-0.03085983574008347,0.0011857378182345696,-0.0006698741658828,0.007049313092346076,-0.0077191872582288755,0.0723475259287818,0.00936140557657749,0.0629861203522043,-0.0409047839659073,-0.004207797478085566,-0.036696986487821735,-0.00835812395415,-0.009635362744016952,0.0012772387898669513,-0.007930584871206,-0.009137368814212442,0.0012067839430064415,-0.0582737932096409,-0.030853020713147564,-0.027420772496493336,0.0065931285116375,9.884678563560072e-05,0.006494281726001899,0.0124988294645819,0.004773280445941839,0.007725549018640061,-0.0128101973341854,-0.06293024609647473,0.05012004876228933,0.0289938271439123,0.01452074788163208,0.014473079262280218,0.0269732499780929,0.019225291189790314,0.007747958788302586,0.0315094104582487,0.022003828868132888,0.00950558159011581,-0.1665195463486353,-0.02285804035063241,-0.1436615059980029,0.0604340550743117,-0.003485835818817823,0.06391989089312952,-0.0049222001617668,-6.873671093083592e-05,-0.004853463450835965,0.0080096421583575,-0.025685564105074117,0.033695206263431615,0.0059772332404899,-0.03686220649676067,0.042839439737250566,0.026440826695602,-0.07072080616385978,0.09716163285946178,0.0017794959537871,0.01691229916494012,-0.015132803211153019,0.0017009723597965,0.01907082765929343,-0.01736985529949693,-0.0275034495668259,-0.06128470836358112,0.03378125879675521,0.0463515982486591,0.023246920055617466,0.023104678193041635,-0.0158803292238806,-0.026325990524431395,0.010445661300550795,-0.0045716241624733,-0.009514319713236264,0.0049426955507629634,0.0509947658826895,0.01444600228373293,0.03654876359895657,0.0498327814156916,0.0298306413836713,0.020002140032020298,0.055599383305874,0.03424009893749934,0.021359284368374663,-0.1017924885023437,-0.06751197560852285,-0.03428051289382085,-0.0495439916338481,-0.010928970753172609,-0.03861502088067549,0.0085282612655079,-0.0012141535501537166,0.009742414815661616,0.0055382241970966,0.0036156266131729775,0.0019225975839236224,0.0167499475076672,-0.04063440887231866,0.05738435637998586,0.0007582574407364,0.001724902673347258,-0.0009666452326108581,0.0040536935913007,0.0069418041852601356,-0.0028881105939594356,-0.0216311031819265,-0.05426190519233646,0.03263080201040996,0.02583472855355,0.012583972794054224,0.013250755759495775,0.0237239319881561,0.016512192682660413,0.007211739305495686,0.0291315540515811,-0.018462429973461682,0.04759398402504278,-0.0147936136757822,-0.0017795482096497224,-0.013014065466132478,-0.0153150807804837,0.003971828296039198,-0.019286909076522897,0.0099789189081786,-0.02688474788605461,0.03686366679423321
2019-04-01,0.0368096050949332,0.05785831973135467,-0.021048714636421467,0.0298009646065718,0.037233338627898384,-0.007432374021326585,0.0482749680870624,0.03897618944164686,0.009298778645415541,0.0635061320215397,0.06299176398457831,0.0005143680369613796,0.0782154728762336,0.07157213813066057,0.006643334745573021,0.0791801895785429,0.07284490265417852,0.006335286924364386,0.0355269559251295,0.02433039949381206,0.01119655643131744,0.0658625148824549,0.04932418982491144,0.016538325057543456,0.0682110165771052,0.05147039782877381,0.01674061874833139,0.0138129090449671,-0.009557071330679158,0.023369980375646256,0.042725843401032,0.0494900958850187,-0.006764252483986703,0.0422644443856622,0.024445190196631446,0.017819254189030756,0.0550581604344103,0.02369189874311442,0.03136626169129588,0.0418695798282562,0.047522692964487356,-0.00565311313623116,0.0779593279996342,0.05637082767469085,0.021588500324943354,0.0616184318367901,0.05790557492199898,0.0037128569147911183,0.0352637862873949,0.025608713532745585,0.009655072754649312,0.0492724419015674,0.04310671278240761,0.006165729119159788,0.0670748838703097,0.059041754721756906,0.008033129148552795,0.0656294005865416,0.06000738735317513,0.005622013233366467,0.0236483815357992,0.0005382024074374954,0.023110179128361705,0.0573465024156519,0.06737482520309232,-0.010028322787440418,0.0321589422110826,0.018239282602832998,0.013919659608249601,0.0138518882633382,0.012886044640371111,0.0009658436229670886,0.0286547824395327,0.05110432243388086,-0.022449539994348164,0.012425963087449,0.05208268660422436,-0.03965672351677536,-0.0158988674892837,0.022637791729923182,-0.03853665921920688,0.0606140950686854,0.05290388360820952,0.007710211460475874,0.0634988564431173,0.054452014159303876,0.009046842283813424,0.0308867694053726,0.013437609660193927,0.017449159745178675,0.0126955645445568,0.0322014657442294,-0.019505901199672597,-0.0324092585081165,0.02103542795384571,-0.05344468646196221,-0.0294562806450134,0.02250014583575359,-0.051956426480766996,-0.2332401899532801,0.005069440439357699,-0.2383096303926378,0.0073726329518277,0.04989694921042347,-0.042524316258595776,0.0436130054894435,0.03464838310284115,0.008964622386602353,-0.0087826143779387,0.042041188143512195,-0.0508238025214509,-0.0100590718718368,0.049753213755977854,-0.059812285627814654,-0.0041593575961002,0.03227415051730179,-0.03643350811340199,-0.0325951703530596,0.019111962075318897,-0.0517071324283785,-0.0324400539241097,0.0201958063818771,-0.0526358603059868,-0.038466664083287,-0.04977125457363668,0.01130459049034968,-0.077901075476172,0.009620664040636719,-0.08752173951680872,0.0312341749271,0.06954768625102006,-0.038313511323920066,0.1156534951517422,0.03971746626292988,0.07593602888881232,0.0319347221238072,0.04081329839668625,-0.008878576272879052,0.0570945933733912,0.04157272880887002,0.015521864564521176,0.0577546239498318,0.04284751322345956,0.014907110726372241,-0.0082632431708142,0.01562451441855493,-0.02388775758936913,-0.0230502153374486,0.054572468827641135,-0.07762268416508973,0.0391964852086897,0.049657464457146305,-0.010460979248456605,0.0474296921151156,0.05004242211008816,-0.002612729994972557,-0.0070524532738726,0.02746637228214915,-0.03451882555602175,0.0307125614531504,0.04488055932622534,-0.01416799787307494,0.0362057166267941,0.044317325989165914,-0.008111609362371812,0.0292839001993685,0.00894810516090488,0.020335795038463618,0.012097717954108,0.02367986217863856,-0.011582144224530562,0.0162491435334946,0.023213285837511203,-0.006964142304016603,-0.0253293061911897,0.01658214107749945,-0.041911447268689145,0.0281118233823961,0.035656825213190885,-0.007545001830794786,0.02267775998029,0.035617045355591515,-0.012939285375301514,-0.153984446542451,0.014021287744931398,-0.16800573428738239
2019-05-01,-0.0842024632923692,-0.09411585995259704,0.009913396660227836,0.0078528329045179,-0.04331263187409199,0.05116546477860989,-0.1172613325512786,-0.07552675430138574,-0.041734578249892865,-0.1398701850398678,-0.11760715543893242,-0.02226302960093539,-0.0711846985579814,-0.100389509298088,0.0292048107401066,-0.0713146291755936,-0.1008466417291974,0.029532012553603798,-0.018933933243331,-0.05944592747596606,0.04051199423263506,-0.0500780285318953,-0.06655063678244597,0.016472608250550663,-0.0499749581978456,-0.06515051414613786,0.015175555948292258,-0.0666254963988455,-0.10508187211398817,0.03845637571514267,-0.1036472677654103,-0.08697754871319176,-0.01666971905221855,-0.0320234822797053,-0.1350321706553639,0.1030086883756586,-0.0323058703939987,-0.04927107660752193,0.01696520621352323,-0.0889095673158754,-0.07919930683610212,-0.009710260479773289,-0.0518811786736457,-0.10230147170063604,0.05042029302699034,-0.10528348257797,-0.10657794222813788,0.0012944596501678757,-0.0392229512893432,-0.04073389828375353,0.001510946994410331,-0.1010193492736885,-0.09276662677977747,-0.008252722493911027,-0.1391104106233458,-0.07409588822677446,-0.06501452239657135,-0.1383255659575915,-0.07205442389921818,-0.06627114205837331,-0.1251696477744188,-0.09432052040504076,-0.030849127369378046,-0.094384486983201,-0.11699269278407966,0.02260820580087866,-0.0224528547722195,-0.027537223860139154,0.0050843690879196525,-0.0396275242428685,-0.04902477729473265,0.009397253051864146,-0.0036146177317845,-0.08121273733822516,0.07759811960644067,-0.0002449814308673,-0.08104539882504867,0.08080041739418137,-0.0245322652344479,-0.07502352614168975,0.05049126090724185,-0.1070651410447607,-0.09551365275652207,-0.011551488288238626,-0.1067340987970264,-0.09241778687003639,-0.01431631192699001,-0.1366725988828108,-0.12561224717593955,-0.011060351706871252,-0.0664902808439351,-0.06499980263043395,-0.0014904782135011507,-0.0180640193539366,-0.04273221961222758,0.024668200258290984,-0.018866685676548,-0.040640153643327,0.021773467966779002,-0.2537921994567319,-0.037584968108697304,-0.21620723134803463,-0.1037936537074326,-0.09865615547853575,-0.00513749822889685,0.0045318907881236,-0.0681141712156696,0.0726460620037932,-0.1085612712176961,-0.08132946322226216,-0.02723180799543394,-0.0992244082614168,-0.09014945726472667,-0.009074950996690131,-0.1700350076874469,-0.12156096840470375,-0.048474039282743145,-0.0357009174368424,-0.028172642691316266,-0.007528274745526135,-0.0331439417496261,-0.025993732912379885,-0.007150208837246215,-0.0225172683434995,-0.0969572529894224,0.0744399846459229,0.013933049374664,-0.013061935802787781,0.02699498517745178,-0.0953038945039915,-0.12669228854650352,0.03138839404251202,-0.117059905055566,-0.07966301278005725,-0.037396892275508756,-0.0189591518321233,-0.05194016392683516,0.03298101209471186,-0.0670657373215855,-0.056460454708021926,-0.010605282613563569,-0.0608690353176187,-0.052146106474077865,-0.008722928843540832,-0.2039137587628945,-0.13534252944900663,-0.06857122931388787,-0.1329848256305962,-0.10931024291732015,-0.023674582713276035,-0.0154105304955006,-0.07942319656697472,0.06401266607147411,-0.0100332418518823,-0.07508676103961527,0.06505351918773297,-0.0552288307495422,-0.09886369631215607,0.04363486556261387,-0.0714110026889896,-0.08008803373435287,0.00867703104536327,-0.0701648669620629,-0.07824614035994461,0.008081273397881714,-0.0903383691264021,-0.11857397776485801,0.02823560863845591,-0.0071762856762342,-0.032479685914271604,0.025303400238037406,-0.0072802309121104,-0.02784485631423671,0.02056462540212631,-0.012947512212014,-0.059881285642735045,0.04693377343072105,-0.0504974583263828,-0.06390984157790493,0.01341238325152213,-0.0378369521751452,-0.057518489229718396,0.0196815370545732,-0.01724646089863,-0.08923710680938851,0.07199064591075852
2019-06-01,0.079619024184906,0.07649018271308868,0.0031288414718173285,0.0386522453708354,0.053977406550908456,-0.015325161180073057,0.0898963707531859,0.077354379310186,0.012541991442999903,0.1343841966059429,0.11959950146234354,0.014784695143599355,0.0719224951483554,0.07020075102131292,0.001721744127042485,0.0727299384650285,0.07145679541294854,0.0012731430520799558,0.0059729304386027,0.025596754349806173,-0.019623823911203472,0.0556173132083133,0.08200731490192005,-0.02639000169360675,0.0564475143200515,0.08284336473030272,-0.02639585041025122,0.0166030630007774,0.04837709727110548,-0.03177403427032808,0.1175207984785793,0.07492941399565392,0.042591384482925376,0.130467412250098,0.07510798059586449,0.055359431654233515,0.0465418938695631,0.05553132888417326,-0.008989435014610157,0.0741813526576458,0.08030024760338166,-0.0061188949457358505,0.0328645009540011,0.0928365467924327,-0.0599720458384316,0.1203557566537524,0.0911296184646565,0.02922613818909589,0.0713121540202992,0.048589250333842905,0.02272290368645629,0.1110082975393445,0.09389440999947304,0.01711388753987146,0.126632380775345,0.09865993108123876,0.02797244969410624,0.1263539308352795,0.09894678770091353,0.027407143134365958,0.0217343533204018,0.04669032085137849,-0.02495596753097669,0.0632056899113821,0.10781091271468639,-0.044605222803304284,0.0418896818123032,0.0394393311512362,0.0024503506610670037,0.0726854701085878,0.05588385994833139,0.016801610160256407,0.0465458511355686,0.06591689670685165,-0.019371045571283052,0.041495822929173,0.06664231405865509,-0.02514649112948209,0.0320538961374745,0.04302924276863056,-0.010975346631156055,0.1179335250743678,0.09298584553497535,0.024947679539392448,0.1215038866732202,0.0937936871923686,0.0277101994808516,0.0320967325371174,0.05120947991854988,-0.019112747381432475,0.1146311218312763,0.07729103436957754,0.03734008746169876,0.0944994559726646,0.059700444153556353,0.034799011819108244,0.0922135243414201,0.060210339245677716,0.03200318509574239,-0.0439472895021293,0.044224943426390995,-0.08817223292852029,0.1177175297584493,0.09608644942056883,0.02163108033788047,0.0542924308595707,0.06792437066910646,-0.01363193980953576,0.0793362325297397,0.06357231937903046,0.01576391315070924,0.0806443200602245,0.06560249495623523,0.01504182510398927,-0.0672732802798382,0.048881831580324525,-0.11615511186016272,0.0567800043919674,0.04768782375044026,0.009092180641527135,0.0567268834923119,0.047646245275917605,0.009080638216394293,-0.2251779478598845,0.007147637100551657,-0.23232558496043615,0.2002026420354098,0.04287432018140363,0.15732832185400616,0.1008414604078302,0.09511339513277789,0.005728065275052305,0.1254473517741908,0.06603591559313939,0.05941143618105142,0.0757303387779588,0.059166825651857324,0.01656351312610148,0.072281431570361,0.07476166305797063,-0.0024802314876096326,0.0746849678975243,0.07394873738252745,0.0007362305149968412,0.0350113265973866,0.05275186285479239,-0.017740536257405792,0.1610811462473613,0.09491094234831894,0.06617020389904237,0.0333051388138234,0.06954567039184632,-0.03624053157802292,0.033851992088552,0.0697888397241739,-0.0359368476356219,0.0524850475694958,0.0536131655271319,-0.0011281179576361003,0.0616468501441398,0.07610416855567045,-0.014457318411530654,0.0589883685715269,0.0767911065620963,-0.017802737990569396,-0.023884625720443,0.05460350533137663,-0.07848813105181963,0.0315882814284916,0.043713576701994175,-0.012125295273502576,0.0229400709824048,0.04308661165090694,-0.020146540668502144,0.0213873215999381,0.04373022606636946,-0.022342904466431363,0.0701776282008517,0.06468431483087668,0.0054933133699750225,0.0645698122842113,0.06349543652819742,0.001074375756013879,-0.0120585514498249,0.04365589224562015,-0.05571444369544505
2019-07-01,-0.0192474382701845,0.015805600399128185,-0.03505303866931268,-0.0013739995026893,0.015349258820320313,-0.016723258323009613,0.0194268364059501,0.004811822113372083,0.014615014292578016,-0.0001258246539648,0.007132711319020422,-0.007258535972985222,0.0258526322428247,0.02135107522093302,0.004501557021891683,0.0263230378780488,0.022716152904139496,0.003606884973909305,-0.0202268871853106,-0.004228346172842098,-0.0159985410124685,0.035736959317312,0.018419159620521076,0.017317799696790925,0.036999497557999,0.020423294865946785,0.016576202692052216,-0.0834376680058177,-0.03280417135228222,-0.05063349665353548,-0.0007390466625423,0.009565152620901766,-0.010304199283444067,-0.0586418901599121,-0.01684567741029802,-0.04179621274961408,0.0148659846200876,0.01131504269621869,0.0035509419238689104,0.0136186570060051,0.013277296569781109,0.0003413604362239916,-0.003483156308498,0.005613613311262849,-0.009096769619760848,-0.0131519300030011,0.006447589441074087,-0.01959951944407519,0.0434081371004232,0.009940704894519216,0.03346743220590398,-0.0109608816441759,0.005508225250062317,-0.016469106894238215,0.0589526954495741,0.020703380069099317,0.03824931538047478,0.0597393170055179,0.02186667275846662,0.03787264424705128,-0.0130330197255434,-0.019413103238364846,0.006380083512821447,-0.0411046204444209,0.015611199770194435,-0.05671582021461533,0.0271941017297892,0.012742451485276073,0.014451650244513127,0.03974993156866,0.0055613142795278535,0.03418861728913215,0.0202055655563688,0.015529155068516065,0.0046764104878527345,0.0218144556129004,0.016019266092369273,0.005795189520531128,-0.0236786206560801,-0.007173493628996241,-0.01650512702708386,0.0055622023316155,0.012403268760788441,-0.006841066429172941,0.0080811475498081,0.015136729335716125,-0.007055581785908024,-0.0879577097752798,-0.031542741015850105,-0.05641496875942969,-0.0445634537472452,0.00905763551297722,-0.05362108926022242,0.024516391831408,0.012818510155570692,0.011697881675837308,0.0235071687639436,0.014646672140646211,0.00886049662329739,-0.0374395949748761,0.000614399176940455,-0.03805399415181656,-0.063429538474292,0.018486414504854626,-0.08191595297914663,0.028402428154744,0.007061620765069927,0.021340807389674074,-0.0218451595570288,0.011316781695540807,-0.033161941252569604,-0.019386689449743,0.015630064019264096,-0.035016753469007095,-0.0888255276398275,-0.014418409862664698,-0.0744071177771628,-0.0380330543688655,0.015186816244768966,-0.053219870613634465,-0.0370780870627891,0.01680155560582561,-0.05387964266861471,-0.0848947628613675,-0.05434310614559074,-0.03055165671577676,0.0220779081119675,0.015462496450343456,0.006615411661624045,0.0371589046800231,0.0039289766664609834,0.033229928013562116,0.1423577400338453,0.0015803365808508146,0.14077740345299447,0.0475892608759202,0.0107671275950704,0.036822133280849795,0.0051647498111494,0.014389619912218292,-0.009224870101068892,0.0039744423670652,0.016560469663318728,-0.012586027296253528,0.0390705920992077,-0.036152114324829406,0.07522270642403711,-0.0375226121629693,0.00891895852610435,-0.046441570689073654,0.019506641098238,0.013477727724126368,0.006028913374111631,0.0212113750746291,0.016413788964369656,0.0047975861102594435,-0.0330896691145591,-0.007854609670371103,-0.025235059444187996,0.0195130017308923,0.011792159689912898,0.0077208420409794025,0.0203634757354459,0.013561545551789244,0.006801930183656657,0.0483386892642519,-0.02277029283493686,0.07110898209918876,-0.0143744531049699,0.012540406502308244,-0.026914859607278144,-0.0252056102193761,0.014522486678512964,-0.039728096897889066,-0.0387759425522407,-0.007063124331200372,-0.03171281822104033,0.001639915567847,0.007704862330641401,-0.006064946762794401,0.0029822040154238,0.0105036953478018,-0.007521491332378,-0.0214388732790801,-0.018011177140724765,-0.003427696138355335
2019-08-01,-0.0035935663624652,-0.05765878635946814,0.054065219997002936,0.0088957568752302,-0.01071749108179209,0.019613247957022288,-0.0482485585929121,-0.029464436703229735,-0.018784121889682363,-0.0551774144208928,-0.042033429824569736,-0.013143984596323065,-0.0519096341563572,-0.06827993129463171,0.01637029713827451,-0.0508150785470053,-0.0672610508362745,0.016445972289269195,-0.0315058726725436,-0.05560707669587483,0.024101204023331227,-0.0111516789399194,-0.004616895655833103,-0.006534783284086296,-0.0058396265331664,-0.0015062104180686975,-0.004333416115097702,-0.0983412111704197,-0.07378682417235255,-0.024554386998067154,-0.0542005145522122,-0.045223241550481554,-0.008977273001730644,-0.1286294220955808,-0.10422430770381401,-0.024405114391766777,0.0086174766096615,-0.023079933848330753,0.03169741045799225,-0.0889319585140593,-0.029440813164754005,-0.059491145349305295,0.0349142600180551,-0.055053117750378584,0.08996737776843369,-0.02804268138485,-0.06228780207288951,0.03424512068803951,0.0226681714682406,-0.01300443220054528,0.03567260366878588,-0.0366986493917051,-0.04324414435539633,0.00654549496369123,-0.0169960960561826,-0.004393740275603912,-0.012602355780578688,-0.015133658403604,-0.0011511527481100328,-0.013982505655493967,-0.0579614067653125,-0.0639264496332316,0.005965042867919101,-0.0809945725166789,-0.0484988193964987,-0.032495753120180194,0.026626567409181,-0.011526144896159754,0.03815271230534075,0.0179937125769298,-0.030745017964831218,0.04873873054176102,-0.04597943741866,-0.049418998408946715,0.003439560990286715,-0.0534155722610704,-0.049157352950338316,-0.0042582193107320865,-0.0394080021062994,-0.057710770391173824,0.018302768284874427,-0.0519321645855997,-0.047849256578291796,-0.0040829080073079005,-0.0441407188405108,-0.04330189078333265,-0.0008388280571781509,-0.1771123466620352,-0.10153890592135445,-0.07557344074068076,-0.0103739722598812,-0.020854088980643275,0.010480116720762074,0.013101416994938,-0.008640704157851028,0.021742121152789028,0.0177112312136966,-0.006153119678022476,0.023864350891719077,-0.1388467065895156,-0.04168871811072109,-0.0971579884787945,-0.0899347826856568,-0.055301515770153874,-0.034633266915502926,-0.0251906193010441,-0.034056840793743534,0.008866221492699434,-0.0814363071583362,-0.06520542072512561,-0.016230886433210592,-0.0727459174544976,-0.079535650880341,0.0067897334258433945,-0.1494078283122433,-0.11178442969349063,-0.037623398618752676,-0.0020171373850992,-0.004752360926334804,0.002735223541235604,0.0016959940894935,-0.002570786935073786,0.0042667810245672864,-0.1738848679902458,-0.07893448879971778,-0.09495037919052803,0.1464233501647053,0.004391226655405514,0.1420321235092998,-0.0489374223931084,-0.07885980850519325,0.02992238611208485,-0.1097038203641521,-0.046020466095518776,-0.06368335426863334,0.0290110457126596,-0.0150134097368833,0.0440244554495429,-0.0047863635494643,-0.0043313428365001115,-0.0004550207129641881,5.43069883760061e-05,0.0009538523899393543,-0.0008995454015633482,-0.0006959115011648,-0.10925058765340778,0.10855467615224298,-0.107652024217125,-0.06280838860221505,-0.04484363561490995,0.0273673776394452,-0.0401711117602633,0.0675384893997085,0.0378920441667541,-0.034904476602351894,0.072796520769106,-0.067037783702264,-0.07774513142247873,0.010707347720214727,-0.043510548773813,-0.03931625434979836,-0.004194294424014644,-0.0448943107094779,-0.03450097544055937,-0.01039333526891853,-0.1156512170519529,-0.09606721842019939,-0.019583998631753516,0.0358682153304959,-0.010023979950935787,0.045892195281431694,0.0473580708147833,-0.005367286820950623,0.052725357635733924,0.0321493483728626,-0.042732454966385315,0.07488180333924792,-0.0238812237076603,-0.034365064736580214,0.010483841028919916,-0.01291635555837,-0.02741931001911368,0.014502954460743681,-0.0461550293347288,-0.058435852749917125,0.012280823415188324
2019-09-01,0.0314010658703289,0.05271258666794331,-0.021311520797614412,-0.0054771183528847,0.021712320080860704,-0.027189438433745404,0.0943978367605195,0.020953732372019734,0.07344410438849976,0.0598167694384823,-0.012670399516921576,0.07248716895540387,0.0462246914985317,0.060950069934871676,-0.014725378436339975,0.046214723384878,0.06097892291766089,-0.014764199532782893,0.0558749597527611,0.029737291679908098,0.026137668072853,-0.0172537937485846,-0.008945732981334893,-0.008308060767249707,-0.0144412978861587,-0.00805746358664353,-0.006383834299515171,-0.029295924939098,-0.039047274289612806,0.009751349350514804,0.0557438515993972,0.036251265217303576,0.019492586382093627,0.1219328616726086,0.022403410787339956,0.09952945088526864,0.0122469741395913,0.030589727907170797,-0.018342753767579496,0.045787813771094,0.016579985760247003,0.029207828010846995,0.0799755404911705,0.03438456763240601,0.0455909728587645,0.062998050633342,0.04197170984045804,0.021026340792883964,0.0175423587828643,0.030095821012160573,-0.012553462229296274,0.0458610596444936,0.011831228272637181,0.03402983137185642,0.0475515439114464,-0.0005896625426877774,0.048141206454134174,0.0484264149434087,-0.0008165418909914335,0.04924295683440013,-0.076459682959085,-0.020015567269933653,-0.05644411568915135,-0.0388426230655525,0.0021088633574175776,-0.04095148642297008,0.0028863193966499,0.03225935309609896,-0.02937303369944906,0.025047473093949,0.019001102130446406,0.0060463709635025925,0.010418256203718,0.045647772229826675,-0.03522951602610867,0.0044090485273427,0.047599246905915694,-0.04319019837857299,0.0729916289652303,0.01431963192762212,0.058671997037608184,0.0548018472518701,0.033810839679929115,0.020991007571940987,0.0553037387891793,0.03447884220227414,0.020824896586905166,0.0224909454783593,0.00814243275383582,0.014348512724523478,0.0369352514411376,0.001345114901078971,0.03559013654005863,-0.013550888785537,0.002604187141299883,-0.016155075926836883,-0.0111806293160531,0.006630293939841148,-0.01781092325589425,-0.0068742286670166,0.042150863053219245,-0.04902509172023584,0.0319992514518221,0.0455519698373854,-0.013552718385563302,-0.0022950124385775,0.019537479134160384,-0.021832491572737884,0.0514480628468237,0.07514715240785352,-0.023699089561029826,0.0509205216880576,0.09181508608961889,-0.040894564401561286,-0.0010062728162115,0.05938794659261642,-0.060394219408827915,-0.0108830852806311,0.011278561611095295,-0.022161646891726394,-0.0086260088624564,0.014191365498450712,-0.02281737436090711,-0.1108179266044167,-0.09151381926600387,-0.019304107338412826,-0.0956140937295642,0.025855788310351274,-0.12146988203991547,0.0345879004933813,0.03935099607202055,-0.0047630955786392495,0.0605094188919044,0.03415829471992026,0.02635112417198414,-0.0272222284393944,0.02223845246990547,-0.04946068090929987,0.0031919271483295,-0.0020519557176299436,0.005243882865959443,0.0011957422505596,-0.0033737961884822885,0.0045695384390418885,-0.0113394511704307,0.017924402818813776,-0.029263853989244477,0.0503649625153424,0.04375111610944873,0.0066138464058936725,0.0108773580169737,0.027258520347831248,-0.016381162330857547,0.0033996741779519,0.02573756537787226,-0.022337891199920364,0.031578090129587,0.03180126638114359,-0.00022317625155659354,-0.0036955665035729,0.031034388714057077,-0.034729955217629976,-0.0085487772876284,0.026557036025871245,-0.03510581331349964,0.0226644153126833,0.023852970554647215,-0.001188555241963915,0.0371630106906936,0.025931236426209817,0.011231774264483785,0.037609080007955,0.026251783738415854,0.011357296269539147,0.0338254088910849,0.020188355536784493,0.013637053354300408,0.0467541601560174,0.030536048879950668,0.016218111276066736,0.0445622378728442,0.029321483186496754,0.015240754686347443,-0.0261749831636597,-0.0015443471093417116,-0.02463063605431799
2019-10-01,-0.014795066418401,0.012994053520468287,-0.02778911993886929,0.0021294929991529,0.018210854373501922,-0.016081361374349023,-0.0340710954259085,0.025420418351874807,-0.059491513777783306,0.0705288839053329,0.04891412993387031,0.0216147539714626,0.0309922110649269,0.007127875579736653,0.023864335485190246,0.031381539087282,0.007344261199081959,0.024037277888200044,-0.0016434610861037,-0.002700221521097198,0.001056760434993498,0.0197052354260805,0.03287944462425447,-0.01317420919817397,0.0209875629516767,0.03353007157890377,-0.012542508627227066,0.0064227492331584,0.0013387323637724451,0.005084016869385955,-0.0035630702532455,0.017471726427730587,-0.021034796680976086,0.0704218411916643,0.002042214900040279,0.06837962629162402,0.0102206848019686,0.011742668420321234,-0.001521983618352634,-0.0027000022362665,0.024776126063251764,-0.027476128299518263,0.0290562234230922,0.02934381274007989,-0.00028758931698769086,0.051841338557691,0.025038920936298243,0.026802417621392755,-0.0122236111880279,0.012169741272844434,-0.024393352460872333,0.043720715032859,0.032637207436060904,0.011083507596798096,0.0760008890185624,0.042633564521265814,0.03336732449729659,0.0788191369576224,0.04345792691878089,0.035361210038841503,-0.0124907344083366,-0.001643209627835099,-0.010847524780501501,0.0569879916832265,0.034807405952546853,0.022180585730679644,-0.0428520832846889,0.008166930507939246,-0.051019013792628146,0.0202712959807882,0.014504551884264983,0.0057667440965232155,0.0349805055929717,0.01030833668591146,0.02467216890706024,0.0548064926310981,0.010754224678851312,0.04405226795224679,-0.0253944315972978,0.0046447990537229495,-0.03003923065102075,0.0537532790187243,0.026882641731123064,0.026870637287601237,0.0607204873890007,0.027725667704739287,0.03299481968426142,-0.0429485823845765,-0.004263380174722947,-0.03868520220985355,0.0062733725199845,0.029076556237263206,-0.022803183717278706,0.0119128841581343,0.020194441806574967,-0.008281557648440668,0.0119191094410066,0.020367279602772237,-0.008448170161765637,-0.0418838848410427,0.010448243532870504,-0.0523321283739132,-0.0126965559357882,0.020859852473511402,-0.033556408409299604,-0.0134716160548874,0.020820582839196564,-0.03429219889408396,-0.0310975547260008,0.003966586706970636,-0.03506414143297144,-0.0255233031675579,-8.065215355288445e-05,-0.025442651014005016,-0.1008941822372506,-0.012885467786112723,-0.08800871445113786,0.0491699956881997,0.01605837766672493,0.03311161802147477,0.0510722478524936,0.016080054595078584,0.03499219325741501,-0.1858314103698951,-0.02108185642996652,-0.16474955393992857,0.0500248650951516,0.013454407776532451,0.036570457318619146,-0.0220124866754772,0.02500068568349984,-0.04701317235897704,-0.0631281497260073,0.016477015878005388,-0.07960516560401269,-0.060172087608866,0.021680399018889778,-0.08185248662775578,0.0111674829725146,0.031702321214961436,-0.020534838242446837,0.0123236894286073,0.032589776350652834,-0.020266086922045533,-0.0228394793403112,-0.006414208826107545,-0.016425270514203654,0.0375388042526703,0.022567718541275813,0.01497108571139449,0.0112786790379175,0.016913119217401726,-0.005634440179484225,0.0089873536212187,0.01777905527836793,-0.008791701657149232,-0.0227958847323925,-0.0006788536060108145,-0.022117031126381685,0.0068979103885064,0.01954435837376862,-0.01264644798526222,0.003657764151745,0.01989246664884342,-0.01623470249709842,0.0469482970213961,-0.00858141918450735,0.055529716205903454,-0.0110322656247781,0.011826421051322792,-0.022858686676100894,-0.001016781574625,0.01215443549609701,-0.01317121707072201,-0.0489585364423115,0.008919705614287001,-0.0578782420565985,0.0108644417970349,0.01923517612719452,-0.008370734330159618,0.0173932803265118,0.019902550779697947,-0.002509270453186146,-0.0071792635916297,0.0006431718236449278,-0.007822435415274628
2019-11-01,0.0715344792876024,0.03321815673116304,0.03831632255643936,0.00920696705293,0.02603738727162627,-0.016830420218696268,0.0581033668100004,0.0323294003971055,0.025773966412894894,0.0396967042104103,0.08099406662411397,-0.04129736241370367,0.0378428015908216,0.03412777428360077,0.003715027307220835,0.038493002095287,0.035108682216345506,0.0033843198789414927,0.0273483439318502,0.008781329442487131,0.018567014489363067,0.0552510669168982,0.053718122710562685,0.0015329442063355125,0.0544835654137281,0.05378903314737011,0.0006945322663579889,-0.0086953152342953,0.031512333406786636,-0.040207648641081936,0.0351740765214356,0.030892989237270876,0.004281087284164726,-0.0732605968925846,0.03538080716146603,-0.10864140405405062,0.0226208287210283,0.022100243423349104,0.0005205852976791943,-0.0045386425220327,0.04340298767011071,-0.047941630192143404,0.0190410730929233,0.04471528023817804,-0.025674207145254743,0.0326846216261397,0.04213476413640316,-0.009450142510263458,-0.0080048114675132,0.012439592296928238,-0.02044440376444144,0.0868175868421817,0.055507673027992865,0.031309913814188836,0.0604366584852003,0.060147253828959975,0.000289404656240326,0.0617003834321859,0.06007948650553802,0.00162089692664788,0.0356186961441083,0.02691569787607048,0.008702998268037821,0.065252616752302,0.07326863210103335,-0.00801601534873135,0.0385536677158178,0.012634240362142963,0.025919427353674838,0.1021056833058274,0.03269878727142051,0.06940689603440689,0.058146153997437,0.02960144067363295,0.02854471332380405,0.0704203578251304,0.029275777409912863,0.041144580415217534,0.0477714747944386,0.022594870373748344,0.025176604420690255,0.0307024347926185,0.047791209581387134,-0.017088774788768635,0.0284857791744719,0.04838265463515037,-0.019896875460678465,-0.0413935517295503,0.01592947305976494,-0.05732302478931524,0.0561234513718859,0.04890925269978493,0.00721419867210097,0.0387492655830435,0.03834914699493888,0.0004001185881046185,0.0307908944276283,0.036704605228761567,-0.0059137108011332665,0.0831746299608787,0.020413495950096575,0.06276113401078212,0.0138875989833172,0.0504620139259364,-0.0365744149426192,-0.0182714207306631,0.036589919909341066,-0.05486134064000417,0.0262417598679394,0.016187258679376412,0.010054501188562989,0.032099952878339,0.0177310529949274,0.014368899883411598,-0.1158072120929221,0.006382695002544985,-0.12218990709546708,0.044448295685973,0.03063408088683893,0.01381421479913407,0.0410553473393188,0.029469323327346177,0.011586024011972625,0.00437016728144,0.01956596276881334,-0.015195795487373338,-0.0219535366417272,0.01668624965029074,-0.03863978629201794,0.0607110861535445,0.048484263045472195,0.012226823108072306,0.0205178543814261,0.023277528606533267,-0.0027596742251071657,0.0161933904779887,0.024912286766831337,-0.008718896288842638,0.0157260565799697,0.04553565999637572,-0.029809603416406018,0.0143033871742179,0.04595518554457033,-0.03165179837035243,-0.0260853859276518,0.0065634247794923075,-0.03264881070714411,0.0368845428249682,0.04336549969205162,-0.006480956867083422,0.0137428644597182,0.03699211325822197,-0.02324924879850377,0.0148700594924409,0.038924127942291026,-0.024054068449850127,0.0193259388624149,0.019745512768638833,-0.0004195739062239322,0.0256279070193665,0.03635455059933836,-0.010726643579971863,0.0243240370502065,0.03810229388821756,-0.013778256838011059,-0.0688604109917778,0.012888330440552018,-0.08174874143232981,-0.0084554420413446,0.016682534721499002,-0.0251379767628436,-0.0032335278045778,0.016399818358601957,-0.019633346163179757,0.0699999634004838,0.015083364649410489,0.05491659875107331,0.0213774414500702,0.02999284033865791,-0.00861539888858771,0.0230426362837166,0.03020531710990493,-0.007162680826188331,-0.019630041936222,0.013196855468707547,-0.03282689740492955
2019-12-01,-0.0419240187041991,0.040793226058916866,-0.08271724476311597,0.0154507123573236,0.023537578217836058,-0.008086865860512459,0.0730702863220252,0.031094826189056315,0.04197546013296888,0.0594118579168694,0.041944118631248944,0.017467739285620454,0.0210927705199762,0.04099802778457667,-0.019905257264600466,0.0208653754525703,0.04115586864002298,-0.020290493187452678,0.0302434787333236,0.018703922601110173,0.011539556132213427,0.0187191141955409,0.023707456797236057,-0.004988342601695155,0.021194446068101,0.023683778230623835,-0.002489332162522836,-0.0047598942344234,0.005921905413376231,-0.01068179964779963,0.0201653031801668,0.0341461308852417,-0.013980827705074902,0.0270086133870489,0.03440927120649514,-0.007400657819446238,0.0110558274928692,0.027515691371068827,-0.01645986387819963,0.0401396027774062,0.031488892165714856,0.008650710611691342,-0.0374917205345649,0.043903674215160164,-0.08139539474972507,0.0260245074366571,0.0451629272041939,-0.019138419767536802,0.0279089852417095,0.022023314911804526,0.005885670329904974,0.026843307368227,0.040027193979895154,-0.013183886611668152,0.0746095584016381,0.0328058313582949,0.0418037270433432,0.0755415948622158,0.03247113397524334,0.043070460886972466,0.0793698704514278,0.008758704090549768,0.07061116636087802,0.0506491564172047,0.03957728139910643,0.011071875018098275,0.0327439497101225,0.022419909263387904,0.010324040446734593,0.0083954144102564,0.03025832181994003,-0.021862907409683628,0.0217727564012822,0.034992000457511004,-0.013219244056228804,0.0282029778557768,0.035776645996567935,-0.007573668140791134,-0.0035065786049961,0.020897735375267616,-0.024404313980263714,0.0330123147957402,0.043620688710068245,-0.010608373914328048,0.0297755521089544,0.04372321498483299,-0.013947662875878588,0.0838909414713843,0.018668966554905932,0.06522197491647837,0.0397528056731757,0.03009625408351884,0.009656551589656857,0.0145978767236165,0.023121378919271973,-0.008523502195655473,0.0179768851988098,0.023905068139590615,-0.005928182940780815,0.1020936621893517,0.03714660184716835,0.06494706034218335,0.0762980072069866,0.04915986629219149,0.027138140914795106,0.0451140917013638,0.0312348608778974,0.013879230823466402,0.0660479662055074,0.04451691023241917,0.021531055973088235,0.0554386611916763,0.05149605997560561,0.003942601216070693,0.1431365292186237,0.03302753554439088,0.1101089936742328,0.0475328662885129,0.022084912410790084,0.025447953877722817,0.0473792249184353,0.022558561124514466,0.02482066379392083,0.1279439012489342,-0.02571312962900703,0.15365703087794125,0.1131965017104131,0.02309685949679769,0.09009964221361541,0.0485494028678217,0.046159815095698845,0.0023895877721228573,0.0656544516815498,0.0315134157798221,0.034141035901727707,0.0185612132057756,0.02476337265510021,-0.0062021594493246075,0.0128597082958105,0.024548341757913785,-0.011688633462103285,0.0135622182138377,0.023589439182205622,-0.010027220968367922,-0.0185965981362494,0.01926664621653071,-0.03786324435278011,0.0087451095710529,0.046231420118556445,-0.037486310547503544,0.0126047684255798,0.03127249783229814,-0.018667729406718344,0.0122805500745201,0.030994576135830742,-0.018714026061310642,-0.0162531152993663,0.027459544473935317,-0.04371265977330162,0.0220119610613293,0.0348998340898371,-0.012887873028507801,0.0213826929436493,0.033183909166765044,-0.011801216223115744,0.0288695376481867,0.02339504894507763,0.0054744887031090705,0.0415724782442851,0.021449056533518418,0.020123421710766684,0.0387562263245559,0.021165843665623157,0.017590382658932743,0.0406963039639722,0.02201197471640564,0.018684329247566557,0.0226468262556887,0.03295856163298904,-0.01031173537730034,0.0182830289234732,0.031926827324496705,-0.013643798401023505,0.0688360689213303,0.009848393429114118,0.05898767549221619
2020-01-01,0.0238384478036589,-0.03762105698438268,0.061459504788041575,0.0572221603118875,0.0028780895486598093,0.05434407076322769,-0.0542502081394975,-0.018264513900214982,-0.035985694239282516,0.0829673160200373,0.003551567052015402,0.07941574896802191,-0.028663458938082,-0.04072265369860352,0.01205919476052152,-0.0262639046159425,-0.03824507986968231,0.011981175253739807,-0.0349600425066561,-0.050897942092164604,0.0159378995855085,0.056457237224691,0.03312682671118434,0.023330410513506664,0.0599412715451589,0.03674858546682756,0.02319268607833134,-0.0062138444418778,-0.04631818773916857,0.04010434329729077,-0.0876393072635069,-0.02911287032845948,-0.058526436935047416,-0.0520646699278279,-0.08072926758066676,0.02866459765283886,-0.0214222606758148,-0.013724820028337158,-0.007697440647477641,-0.0333089063394239,-0.0030947406366680546,-0.030214165702755844,0.0960562295201135,-0.03833303970915715,0.13438926922927064,-0.0155584502911184,-0.04551270168757553,0.029954251396457125,-0.0005507683721471,-0.010998276311504497,0.010447507939357397,-0.013300135864484,-0.017266625203782766,0.003966489339298766,0.024691308670265,0.030384124435575758,-0.00569281576531076,0.0282117277781107,0.033605198990497,-0.0053934712123863,-0.0263471307190737,-0.036607599620613954,0.010260468901540254,0.0099160792433698,0.0028098800743071523,0.007106199169062647,-0.0132208823812976,-0.008835916373708588,-0.004384966007589012,-0.0228079189803307,-0.018040985199142295,-0.004766933781188403,-0.0227097716482294,-0.029742951931028223,0.0070331802827988225,-0.0300737848330342,-0.030360664711678673,0.00028687987864447345,-0.0719089906330548,-0.043997950049434194,-0.0279110405836206,-0.0463298197960962,-0.024759189363744678,-0.02157063043235152,-0.046493603952207,-0.01936922558864069,-0.027124378363566314,-0.0944383065786761,-0.09043923554447193,-0.003999071034204174,-0.03135428077371,0.004577076682444576,-0.03593135745615457,0.000900558994999,0.014204541441849919,-0.01330398244685092,0.0009939338727837,0.015048016099915677,-0.014054082227131977,-0.0372185162415147,-0.048097470597195414,0.010878954355680717,-0.1334954668449482,-0.027210402709259066,-0.10628506413568914,-0.0135814336496689,-0.017146532519839053,0.003565098870170152,-0.1138255407868266,-0.06385152447006517,-0.04997401631676143,-0.1055517859386937,-0.07607530137465164,-0.02947648456404206,-0.1293008891214857,-0.10796742751802205,-0.021333461603463666,-0.0275681674782915,0.012169841298434556,-0.03973800877672606,-0.0267147616432054,0.013322232796883604,-0.040036994440089,0.001149029871479,-0.040581358002850766,0.04173038787432977,0.0054896461468584,0.006311605806597669,-0.000821959659739269,-0.017519356393926,-0.05440070441448055,0.03688134802055455,-0.0112990611636736,-0.03992285116725982,0.028623790003586218,0.0266791875019358,-0.005694166645805293,0.03237335414774109,0.0227313489295672,0.0218720938770062,0.0008592550525610004,0.0274526516127795,0.02807905840346891,-0.0006264067906894127,-0.1520761954097764,-0.10655380691233769,-0.04552238849743871,-0.1334393016860813,-0.04268109450022235,-0.09075820718585896,0.0321934780005416,-0.015585815970208434,0.047779293970750036,0.0404974917580733,-0.008118472312883086,0.04861596407095639,-0.01433671481685,-0.06458756126424593,0.050250846447395935,-0.0222677283912575,-0.019975363086682695,-0.002292365304574804,-0.018423307174491,-0.011913898305485428,-0.006509408869005574,-0.1591514680846142,-0.08601281096510012,-0.07313865711951408,0.048022881907155,-0.003844253735223101,0.051867135642378104,0.054003261311528,0.0007123784923077281,0.05329088281922027,0.0116351279439353,-0.041654952230553266,0.053290080174488566,-0.0260913020177311,-0.024487751626207668,-0.001603550391523434,-0.015577209448206,-0.016729209341530316,0.0011519998933243163,-0.0715692239899023,-0.04589074743713778,-0.02567847655276452
2020-02-01,-0.1225454412957148,-0.11395057338833223,-0.008594867907382578,-0.0561229697009571,-0.05917186002895898,0.003048890328001881,-0.0916789127009389,-0.09666730165596595,0.00498838895502704,-0.0677879778026168,-0.09702002301405238,0.029232045211435576,-0.1048472585103879,-0.10536670052448648,0.0005194420140985784,-0.1046036560819523,-0.10667765713414079,0.0020740010521884955,-0.0595401676212288,-0.05410680896273059,-0.0054333586584982135,-0.0590443103168508,-0.06745099978805744,0.008406689471206638,-0.0582519199648165,-0.06740144023003279,0.009149520265216295,-0.1036488533271425,-0.09230880686140983,-0.011340046465732681,-0.0849590496171232,-0.10567950061287873,0.020720450995755535,-0.1420097627178947,-0.1433419373021986,0.0013321745843039023,-0.078326399408919,-0.08502354002603088,0.00669714061711188,-0.1035170119508405,-0.09145480205803931,-0.012062209892801184,-0.0982733455005051,-0.10955542072882098,0.011282075228315883,-0.0886571716397731,-0.11656271215447288,0.027905540514699775,-0.0849849498335327,-0.07593235426248718,-0.009052595571045527,-0.0568284519697608,-0.09819654614027354,0.04136809417051274,-0.0876130262253833,-0.07912602681394233,-0.008486999411440974,-0.0890955165899601,-0.07783194868990041,-0.011263567900059682,-0.0967295488884087,-0.09542512741115222,-0.0013044214772564844,-0.0317671933510847,-0.10361140305714217,0.07184420970605747,-0.0956017522016177,-0.06293520760119703,-0.03266654460042068,-0.0737355932618263,-0.0724436332209328,-0.0012919600408935056,-0.088768157957999,-0.09860635820404363,0.009838200246044634,-0.0837014861518605,-0.09948842631245365,0.01578694016059315,-0.041797315925818,-0.06933942772453205,0.027542111798714054,-0.0528837008932116,-0.11281816797119945,0.05993446707798785,-0.0439069123317902,-0.11188397917897341,0.06797706684718322,0.2149703497931333,-0.12019247787414193,0.33516282766727523,-0.0814494246078404,-0.07355616804895998,-0.007893256558880415,-0.0834172680853602,-0.061830315075199795,-0.0215869530101604,-0.0869006494329246,-0.06388812985581988,-0.02301251957710472,-0.1257123153069181,-0.06601312780330028,-0.059699187503617815,-0.1393488114499069,-0.1313572905370233,-0.007991520912883604,-0.0676039589683039,-0.07926871077122925,0.011664751802925352,-0.1458465473235399,-0.12229466929515766,-0.023551878028382253,-0.1413365083580249,-0.13189636141266772,-0.009440146945357164,-0.1964890636089062,-0.1356295347086706,-0.060859528900235604,-0.0492689751202811,-0.048354619189034345,-0.000914355931246752,-0.0491968908673835,-0.04897436586578982,-0.00022252500159367777,-0.1144879082253227,-0.06147651827508357,-0.053011389950239136,-0.0431168151969242,-0.058517062653779976,0.015400247456855774,-0.0836983632662741,-0.1170959874780982,0.0333976242118241,-0.2131604248705386,-0.09613123748059528,-0.11702918738994332,-0.094785902437928,-0.06523000562068315,-0.029555896817244853,-0.058304416332752,-0.062154819369037516,0.0038504030362855185,-0.0560996508309597,-0.05730770687665563,0.0012080560456959322,-0.1048369770453074,-0.1378640101875694,0.03302703314226202,-0.0989585922465388,-0.13111838108413884,0.03215978883760004,-0.0801532650723917,-0.08681081659297739,0.006657551520585683,-0.0762869822544988,-0.08336325258076085,0.007076270326262055,-0.0939276720579142,-0.1091419887926642,0.015214316734749989,-0.1033770454028979,-0.09984713860464248,-0.0035299067982554194,-0.0973249053412681,-0.09923796527362225,0.001913059932354147,-0.1523847806443842,-0.14195012700274354,-0.010434653641640673,-0.0882490651062082,-0.060343052114219566,-0.02790601299198863,-0.0811464661607205,-0.0583727350960349,-0.02277373106468561,-0.0846939997913483,-0.07123043793275277,-0.013463561858595527,-0.1000788255079387,-0.08070361542934901,-0.019375210078589694,-0.0942766264152819,-0.07593329384450329,-0.01834333257077861,-0.0526468630412704,-0.0926635958831164,0.040016732841846
2020-03-01,-0.3383720017229307,-0.23549145993504475,-0.10288054178788594,-0.1704811689084356,-0.08825033436981496,-0.08223083453862064,-0.1485204653667977,-0.15550269456087637,0.006982229194078676,-0.2222024675227946,-0.2278400961542088,0.005637628631414204,-0.2242948537398249,-0.2682078261905988,0.043912972450773885,-0.221714333066438,-0.26662377357741457,0.04490944051097656,-0.2926010635321782,-0.1780236576232354,-0.11457740590894278,-0.1141278609488537,-0.09409258672524407,-0.020035274223609637,-0.1034631766871532,-0.0883304616796965,-0.015132715007456693,-0.2628220031895351,-0.19933638430496384,-0.06348561888457124,-0.1712499670249329,-0.1996151211688846,0.028365154143951715,-0.3968796061247027,-0.32176504938674466,-0.07511455673795803,-0.1276692082596627,-0.10511343930830702,-0.022555768951355665,-0.1032561942604862,-0.15714812210828916,0.05389192784780296,-0.3536356475608003,-0.24570753235555942,-0.10792811520524087,-0.2587273312049291,-0.26302276302867916,0.004295431823750084,-0.0767962077239174,-0.08261920661271044,0.005822998888793035,-0.203704095232363,-0.1987150763747257,-0.0049890188576372785,-0.085753199298505,-0.11562740434344228,0.029874205044937277,-0.0806572539435953,-0.10853925458230179,0.027882000638706494,-0.2047105065886759,-0.1788364080860967,-0.025874098502579213,-0.1491565719812547,-0.23332261792595255,0.08416604594469784,-0.0466546798239701,-0.0633677235078059,0.016713043683835797,-0.1046359347671291,-0.11399435712778958,0.009358422360660479,-0.1498473656884744,-0.20164612647879684,0.051798760790322446,-0.1271946876419438,-0.20271733118394386,0.07552264354200006,-0.1087044143750421,-0.18937840223503277,0.08067398785999068,-0.1771435231603789,-0.2174070967147103,0.04026357355433141,-0.1561073982108713,-0.20694617768252263,0.05083877947165133,-0.5014509349101486,-0.30072595678449293,-0.20072497812565565,-0.0771958656708104,-0.11998508603641844,0.04278922036560805,-0.0900870695342957,-0.06484497377877643,-0.025242095755519264,-0.0771091363640892,-0.0604140898157207,-0.016695046548368495,-0.2699633138404224,-0.1350214851520958,-0.13494182868832658,-0.1799754664738332,-0.22723423573252155,0.047258769258688355,-0.2532528735499185,-0.153084562058391,-0.1001683114915275,-0.3666324800285108,-0.23599773116381476,-0.13063474886469603,-0.3322123403280385,-0.2777364628207366,-0.05447587750730187,-0.5645790658471924,-0.33961351695646785,-0.22496554889072456,-0.0276701832562504,-0.047332342214266895,0.019662158958016495,-0.0204472616376156,-0.04279419592424353,0.02234693428662793,-0.3042874647574238,-0.1449098759058693,-0.1593775888515545,-0.0597951769224692,-0.015729425251726048,-0.04406575167074315,-0.3552211237074302,-0.3182195317046348,-0.0370015920027954,-0.1687159994514093,-0.19318534562689407,0.02446934617548477,-0.1905579773882499,-0.11031010308468828,-0.08024787430356162,-0.0463996467896869,-0.08677771912071909,0.04037807233103219,-0.0308355699775193,-0.0736793032127455,0.04284373323522621,-0.3946407615045379,-0.32774379758718225,-0.06689696391735567,-0.2073876036854312,-0.2588585673990891,0.05147096371365789,-0.1822953726490551,-0.17972022554694128,-0.0025751471021138173,-0.1462877906514557,-0.1652543809257281,0.018966590274272416,-0.3546802939969538,-0.248540236923491,-0.10614005707346277,-0.1714303153327219,-0.17841296041768265,0.006982645084960742,-0.1358528923071392,-0.16411653350334315,0.028263641196203948,-0.3049296964562155,-0.27820427302282197,-0.026725423433393514,-0.147662987862649,-0.06792023844837897,-0.07974274941427004,-0.1184161923277679,-0.05469908428138232,-0.06371710804638558,-0.3777758620125859,-0.15115326368130352,-0.22662259833128237,-0.1964871848904271,-0.1554126495613031,-0.041074535329124,-0.173956144364073,-0.13612892935399798,-0.03782721501007502,-0.2651152293225681,-0.18528329575534927,-0.07983193356721882
2020-04-01,-0.0134463615581918,0.14705782551420638,-0.16050418707239816,0.0791107012830506,0.10021570382432558,-0.02110500254127498,0.0876642197932072,0.16897235794096024,-0.08130813814775305,0.2736036764731127,0.24008871478733904,0.03351496168577364,0.0856929686039524,0.12052777934290734,-0.03483481073895495,0.0851409009465544,0.12123981001083571,-0.036098909064281315,0.0196732176892609,0.05767944851767705,-0.03800623082841614,0.1613427959001005,0.14850575521153636,0.012837040688564144,0.159480955161704,0.14835033986778504,0.011130615293918955,0.1593947819847647,0.1302938022891205,0.029100979695644208,0.1390414455548329,0.15441461106256382,-0.015373165507730935,0.171087286240619,0.17576512519235216,-0.004677838951733154,0.0789206651325248,0.11030900721914279,-0.03138834208661799,0.0913199434206841,0.1561133971524767,-0.06479345373179261,0.2739350010057415,0.1978895764844479,0.07604542452129356,0.152962488881205,0.19283332045066984,-0.03987083156946483,0.1042978030541401,0.10244090560852408,0.0018568974456160264,0.1625245872931245,0.1935184014369304,-0.030993814143805892,0.1481754539315788,0.18663918963060938,-0.03846373569903058,0.1458404447466652,0.18635514876455805,-0.040514704017892866,0.162090386174916,0.11271129340360037,0.049379092771315636,0.1413800191256704,0.20024362334016932,-0.05886360421449893,0.0674790867353023,0.07509982872294772,-0.007620741987645424,0.1051869788423484,0.11128432949082095,-0.006097350648472555,0.1004164107113354,0.12286781011089189,-0.022451399399556482,0.11799032984462,0.12461166978120927,-0.006621339936589268,-0.0048968122186024,0.0962594106454448,-0.1011562228640472,0.0939326065484126,0.18676830022247204,-0.09283569367405944,0.0816460376243393,0.1854092300082543,-0.103763192383915,0.1299613653027701,0.14624104704156818,-0.01627968173879807,0.1647039499096909,0.15194951683859279,0.012754433071098109,0.1269353713940943,0.10882561731540973,0.01810975407868458,0.1227750503322672,0.10944348854910792,0.01333156178315928,0.2711164963302941,0.09817441599408452,0.17294208033620959,0.1472596130135466,0.18299364931762518,-0.03573403630407859,0.1339056552265957,0.13757411650355902,-0.003668461276963325,0.3028246505173219,0.132074077934905,0.17075057258241688,0.2688226839412929,0.12906997237314652,0.13975271156814636,0.0718959925727879,0.12498111151202942,-0.05308511893924152,0.1155084070871348,0.08104852233152651,0.034459884755608294,0.112481282658998,0.080061346297607,0.032419936361391,0.1594565880143216,0.051765054825888876,0.10769153318843273,0.3900675217163596,0.08027052101234375,0.30979700070401583,0.1129477332259267,0.19942297355436409,-0.08647524032843738,0.0866967591686787,0.1481316909755359,-0.06143493180685722,0.1948033593772601,0.12086762928033638,0.07393573009692371,0.2005980806682974,0.14237755205465494,0.058220528613642464,0.1984642143513034,0.1377376602110465,0.060726554140256905,0.2184508365087473,0.16220285473478652,0.05624798177396079,0.107241596036379,0.19737390027197682,-0.09013230423559782,0.105873642054104,0.1307966077782863,-0.024922965724182303,0.1039296944109818,0.12671836420976443,-0.022788669798782635,0.0652885421893467,0.12335134016950774,-0.05806279798016105,0.0955523918705831,0.15152365310882807,-0.05597126123824496,0.0870935053677003,0.14967821796442474,-0.06258471259672443,0.1842558877060703,0.14579078807275592,0.038465099633314376,0.0556692674818172,0.08371344903742549,-0.02804418155560829,0.0438516919353653,0.08027753231362215,-0.03642584037825686,0.0565636359599987,0.10694173656917455,-0.05037810060917585,0.1459266319169974,0.1338295122341227,0.01209711968287469,0.1363485426489849,0.12768895292138427,0.008659589727600642,0.2534379935022746,0.11561651659362983,0.13782147690864477
2020-05-01,0.0368609211922232,0.0361063334438262,0.0007545877483969982,0.0709282330044701,0.03876858173848968,0.032159651265980416,0.1356586094136456,0.07188419470343764,0.06377441471020796,0.08178848256054,0.13496345726618703,-0.05317497470564703,0.0286318675494481,0.017788032466265914,0.010843835083182186,0.0318176570236768,0.017588395121255516,0.014229261902421287,-0.0124010132450977,0.006517246856380198,-0.018918260101477898,0.0826211525484717,0.07976054628607833,0.0028606062623933726,0.0788852995154833,0.07944518469504794,-0.000559885179564637,0.1303868086946075,0.060797383619623564,0.06958942507498395,0.0800083303576921,0.05126634181638628,0.028741988541305823,0.0594037769224395,0.05058622009802202,0.008817556824417476,0.0420321844753559,0.029823706967714,0.0122084775076419,0.0747794614642151,0.06550530400415902,0.009274157460056082,0.176347324544075,0.08304717640769674,0.09330014813637827,0.0703496114313627,0.07316337914070571,-0.0028137677093430097,0.0310369093397341,0.02939108559537722,0.0016458237443568793,0.068719788042249,0.09170053599666637,-0.022980747954417374,0.0782646219454411,0.10055224995434031,-0.022287628008899205,0.0801927492220987,0.10113469458274174,-0.020941945360643047,0.0983386264161322,0.04016828683927528,0.05817033957685692,0.0492993026814825,0.0962974421874152,-0.04699813950593271,0.0387765083992945,0.014341391166333303,0.024435117232961198,0.0650862691813981,0.04010456676310012,0.024981702418297974,0.0441563483309859,0.02777247293694755,0.016383875394038353,0.0480669002778317,0.028113707251111147,0.01995319302672055,0.0108252710666972,0.032106445806915865,-0.021281174740218664,0.0692654171714527,0.07250704810647023,-0.003241630935017531,0.0634834400620527,0.07176325696016124,-0.008279816898108541,0.2558876083983737,0.04527538612755401,0.21061222227081972,0.0663651252957156,0.07599615756409049,-0.00963103226837489,0.0457916764876082,0.04872020258436703,-0.002928526096758831,0.0471412687531504,0.04701028928218706,0.00013097947096334106,-0.0618577034745815,0.02705585057887443,-0.08891355405345593,0.0733290327661372,0.05570348048144963,0.017625552284687568,0.0973578859360853,0.056943407014878336,0.04041447892120696,0.0193663699470012,0.013831422022500978,0.005534947924500223,0.0196008721982458,0.0013149358776391076,0.018285936320606693,0.0939344917781073,0.005889724008606922,0.08804476776950038,0.0362543134471634,0.0322127378711963,0.004041575575967099,0.0325013117582499,0.030329572863139337,0.0021717388951105615,0.0638280736055857,0.031669444025622794,0.03215862957996291,0.0121898251973133,0.022356856490283492,-0.010167031292970191,0.0109759787631723,0.07861879801457931,-0.06764281925140701,0.0709479491562509,0.05244995018285014,0.018497998973400757,0.0327868014055635,0.051571303694981065,-0.018784502289417568,0.045177190725379,0.0761509851037426,-0.030973794378363603,0.0411889733587911,0.07557863542537775,-0.034389662066586654,-0.0405490366340067,0.045734610086258974,-0.08628364672026567,0.0586251304902195,0.0680822842270391,-0.009457153736819601,0.0356434982735971,0.045456703263262725,-0.009813204989665626,0.0396190529792455,0.044515205066497185,-0.004896152087251686,0.0433243409776966,0.026526334282608574,0.016798006695088026,0.0750536594965981,0.05336824895395193,0.021685410542646173,0.0793437546310533,0.053483201867344024,0.02586055276370927,-0.136205369500187,0.02845784746580135,-0.16466321696598835,0.0415178644911981,0.02424685627759453,0.017271008213603566,0.0439309732761324,0.02256131001683381,0.02136966325929859,0.0230779311859236,0.038041149155572274,-0.014963217969648675,0.0874835748816253,0.05036388351055333,0.03711969137107197,0.0939698242056226,0.04853511487903884,0.04543470932658376,0.2013825353252681,0.039519979085755975,0.16186255623951212
2020-06-01,0.0642544722497549,0.014548651596863513,0.04970582065289139,-0.006084101207062,0.017403482224399077,-0.023487583431461078,0.0180440645924483,0.03592253078989126,-0.017878466197442957,0.1608361937608312,0.05725014269820126,0.10358605106262994,0.0108467964762535,-0.0017822551551271504,0.012629051631380651,0.0103432718955998,-0.0023840632950357468,0.012727335190635547,0.0125979083629495,-0.00020464850294845527,0.012802556865897955,0.0543565970029852,0.028466113535814637,0.025890483467170565,0.0557163059824614,0.027717408864838543,0.027998897117622854,0.014917797689415,0.022317414955572205,-0.007399617266157205,0.0168867844034756,0.02177957698985343,-0.004892792586377832,0.074084639679231,0.02329976292829062,0.05078487675094038,-0.0179388477063871,0.02098923700966164,-0.038928084716048736,-0.0162842632259724,0.027481163949490236,-0.04376542717546264,0.0219388980347108,0.04030781514753726,-0.01836891711282646,0.0543446018419095,0.035173288005330816,0.019171313836578684,0.0155980044920063,0.017963752075729415,-0.0023657475837231146,0.0443066719124026,0.04671601906113805,-0.0024093471487354537,0.088197562729065,0.04190279816152233,0.04629476456754267,0.0918327939748931,0.0419119097084199,0.0499208842664732,0.1359835068502201,0.012124086139016676,0.12385942071120341,0.0200593442132833,0.03387458245044582,-0.01381523823716252,-0.0124134877286481,0.014551914720877114,-0.026965402449525215,-0.0214659292595163,0.031106372293421853,-0.052572301552938155,-0.0062248686636708,0.009935064788087984,-0.016159933451758784,-0.0116967459447226,0.01049126405942543,-0.02218801000414803,0.0253727810315507,0.012333867282660109,0.013038913748890591,0.049385274009797,0.03648166040937022,0.012903613600426786,0.0580917005151773,0.03601580722745674,0.022075893287720562,0.0146966585802213,0.014977317763521004,-0.00028065918329970435,0.029791541980734,0.038863288465624375,-0.009071746484890376,-0.0342813727741477,0.02712981250728628,-0.06141118528143398,-0.0341690311428025,0.02691348849962784,-0.06108251964243034,0.0804884818752135,0.03560248020028558,0.04488600167492792,0.0841758951758495,0.03260619027479497,0.05156970490105453,0.0002300849473818,0.0296249228068559,-0.0293948378594741,-0.01065237883554,0.015683861254732746,-0.026336240090272744,-0.0134464004751191,0.010256924676647797,-0.023703325151766895,0.0685439268710535,0.00045944454029843765,0.06808448233075506,-0.0120402570523529,0.020952494090082128,-0.03299275114243503,-0.0129965269968125,0.020440664115999162,-0.03343719111281166,0.0174098097798831,-0.0024885937629799217,0.019898403542863024,0.0762395979435403,0.024460920020962815,0.05177867792257748,0.0444772924802331,0.030511133788127937,0.01396615869210516,0.0957306517832563,0.025743547160639615,0.06998710462261667,-0.0128948747508285,0.022940772421005822,-0.03583564717183432,0.0627194216248046,0.032545486901433204,0.03017393472337139,0.0624492085635174,0.031519259285113295,0.030929949278404104,0.1158434114848599,0.014971809162338767,0.10087160232252113,0.0793179311811023,0.03434275792575421,0.04497517325534808,0.0074867926257753,0.016156130193360325,-0.008669337567585025,-0.0005813756617596,0.015667779979619694,-0.016249155641379295,0.0120613289950698,0.010391072807427399,0.0016702561876424018,0.0120239722426006,0.02553976541473555,-0.01351579317213495,0.0131686539642104,0.024511281575844226,-0.011342627611633826,0.0661850309671996,0.0135191607921133,0.0526658701750863,-0.0460619083659604,0.015772767411190713,-0.06183467577715111,-0.0504508607804345,0.015554031347551123,-0.06600489212798563,-0.0105663932977837,0.02224555774424572,-0.03281195104202942,0.0030413700201952,0.028610822034467548,-0.025569452014272347,-0.000688518375519,0.027702510576697172,-0.028391028952216173,-0.0635137458564971,0.010149883222087621,-0.07366362907858473
2020-07-01,-0.0817217305762597,0.05472760578512314,-0.13644933636138284,0.0693575764193094,0.04834903833324946,0.021008538086059937,0.0072985563181087,0.055983981392914814,-0.04868542507480611,0.1913335875629501,0.06993344954652028,0.12140013801642982,0.0050131328289216,0.04554246680184751,-0.04052933397292591,0.0071471382285416,0.0483223643068892,-0.0411752260783476,-0.0326747709441691,-0.0040272989846999235,-0.02864747195946918,0.0501277932059872,0.07180569106889546,-0.02167789786290826,0.0499488973424476,0.0750472943827317,-0.025098397040284097,0.0238835204628996,0.0031015578864725087,0.02078196257642709,0.0762849725758402,0.05323844377631752,0.02304652879952268,0.2042114488034369,0.025067794084449747,0.17914365471898713,0.0470792647724886,0.05295752648471927,-0.005878261712230673,0.0328581203222168,0.06268805807340125,-0.02982993775118445,0.1569268565159693,0.05217728342176989,0.10474957309419941,0.0918687734394253,0.05118956434623171,0.04067920909319359,0.0784507151700794,0.04866101808923776,0.029789697080841636,0.0547793323385553,0.05818968798341502,-0.003410355644859718,0.101466710881553,0.0829737523300402,0.018492958551512798,0.1019669904296697,0.08496000793795466,0.017006982491715034,0.0643600543273251,0.017493735388640668,0.046866318938684426,0.0419593478570939,0.07182992843442791,-0.029870580577334015,0.058835490585761,0.04333951657349441,0.015495974012266586,0.0775850120432627,0.0411563417077704,0.0364286703354923,0.0359458217347963,0.048983644835704145,-0.013037823100907842,0.0281724271293688,0.049806057650048946,-0.021633630520680146,-0.0425021286573752,0.008832288884510035,-0.05133441754188524,0.09238628659874,0.06493647679017574,0.027449809808564263,0.1046316297706756,0.06926808980844307,0.03536353996223253,0.0408952328762554,-0.005044364689352518,0.04593959756560791,0.1049892645076023,0.057224636600497175,0.04776462790710513,0.0899556519718604,0.05611853951998635,0.03383711245187405,0.0926904924586299,0.05940490110363751,0.033285591354992386,0.0370310652598567,0.02091613937734776,0.01611492588250894,0.035511142247159,0.07696935960574212,-0.04145821735858313,0.0797991716048011,0.045195953677484926,0.034603217927316174,-0.0466440051306825,0.044980833871343565,-0.09162483900202606,-0.0584707410402093,0.044507480948837774,-0.10297822198904708,-0.0324024693470523,0.0031932007718393314,-0.03559567011889163,0.0206020290251953,0.04805992643209339,-0.02745789740689809,0.0267030368388756,0.050326657373084685,-0.023623620534209085,-0.0310562414840353,-0.03594753116289901,0.004891289678863712,0.1481830553558937,0.054835375028096225,0.09334768032779749,0.0060695051071763,0.04137530393813955,-0.03530579883096325,0.0540675263307879,0.03849824497063794,0.015569281360149963,0.0532647651542487,0.045799115497350704,0.007465649656897999,0.1127366458505924,0.06251557611532715,0.050221069735265245,0.1128331330634534,0.06442757938044157,0.04840555368301183,-0.0781289387859242,-0.005966210652182153,-0.07216272813374204,0.0829650343798646,0.06251920055182528,0.020445833828039328,0.0300867529372655,0.0497429261725446,-0.019656173235279104,0.0341110913113156,0.05372452673679413,-0.019613435425478526,-0.05185637674007,0.019190664640868334,-0.07104704138093834,0.0858754641550731,0.05738538978553576,0.028490074369537342,0.1013454446216411,0.06221283874894597,0.03913260587269514,-0.1054773059114516,0.01681450222958512,-0.12229180814103673,0.0636431434564973,0.044194526589815826,0.01944861686668147,0.0805753368839462,0.04715235032837309,0.03342298655557312,0.0202833658380842,0.01674855263058573,0.003534813207498471,0.0431574276070327,0.043186576220869285,-2.9148613836585402e-05,0.0433157199152597,0.04660640449667597,-0.0032906845814162713,0.0560531137104572,0.013345031253565422,0.04270808245689178
2020-08-01,0.0827188645898139,0.0679275868018427,0.014791277787971194,0.0133732274518805,0.06474571268749299,-0.05137248523561249,0.1333369769978114,0.1042494937652562,0.02908748323255521,0.4254647560811296,0.12850430365834398,0.2969604524227856,0.0701057278178405,0.041241536228659566,0.02886419158918093,0.0718339349103752,0.04221489425612106,0.029619040654254136,0.0050714041335353,0.005535894986385557,-0.0004644908528502571,0.0975969527950919,0.09521179873521675,0.002385154059875147,0.1015439853334247,0.0978587791104355,0.003685206222989193,0.032341227488909,0.031568312476695545,0.0007729150122134515,0.0508665953565925,0.08377433543502805,-0.03290774007843555,0.1571347869458503,0.049067338598720575,0.10806744834712974,0.0522440257521909,0.061816373219323185,-0.009572347467132286,-0.0482024249426964,0.08833328797511274,-0.13653571291780914,0.064068776745006,0.10474654859578102,-0.04067777185077502,0.0729658855735204,0.09702219129904559,-0.02405630572552518,0.0554465781033403,0.07063826226400725,-0.015191684160666956,0.0996209996538694,0.09931129720945749,0.00030970244441191896,0.1646640028370611,0.1244056416704356,0.0402583611666255,0.1732697146706165,0.1268832909428501,0.046386423727766385,-0.0565778945794191,0.028766089432602827,-0.08534398401202192,0.1264862056493955,0.0964999218904468,0.029986283758948698,0.0450709404810039,0.046168700626242766,-0.0010977601452388658,-0.0225047261748754,0.04672410123145166,-0.06922882740632706,0.0254086739612848,0.05506143684285379,-0.02965276288156899,0.0227784237468735,0.05705876432070214,-0.034280340573828644,0.07917194803049,0.026533894787469082,0.05263805324302093,0.0494656592910057,0.09715061058157048,-0.047684951290564784,0.049513884112323,0.09924830829135375,-0.049734424179030755,0.0290413686488853,0.03943757184489604,-0.010396203196010739,0.0204804004080404,0.08341058746747221,-0.0629301870594318,0.0390007451288399,0.06059729995292272,-0.02159655482408282,0.0347313574829239,0.06419285189878118,-0.029461494415857284,-0.0469434789759559,0.03242572102046356,-0.07936919999641946,0.0895295806662061,0.08427852167387109,0.005251058992335009,0.0671589784728758,0.07034801886886384,-0.003189040395988038,2.069175415455011e-05,0.05552129781060905,-0.0555006060564545,0.0036396405203164,0.04230533046769681,-0.038665689947380406,0.0192742715873585,0.022394960174142404,-0.0031206885867839027,0.0223699707813984,0.04468581511339864,-0.02231584433200024,0.0229081419842062,0.046358009975454556,-0.023449867991248357,-0.0921266033921821,-0.035710478017033725,-0.05641612537514837,0.0001340278851359,0.0565618894088486,-0.0564278615237127,0.1074551260622549,0.08991856235498202,0.01753656370727287,0.0264519250192896,0.08089675627251831,-0.054444831253228715,0.1171880531641175,0.08084323416589916,0.03634481899821834,0.0837157874324439,0.09334582890951927,-0.009630041477075371,0.083554461429202,0.09351457099163206,-0.009960109562430056,0.0784124624150582,0.05403936570419819,0.024373096710860007,0.0680339312550706,0.09811932608458736,-0.030085394829516762,0.0198396100963526,0.0641223157688471,-0.044282705672494496,0.0203249368073757,0.06329868739062999,-0.0429737505832543,0.086792427970563,0.03651911504231186,0.050273312928251136,0.1165896830866259,0.08043211540903972,0.03615756767758618,0.1244145654176528,0.08128234090521033,0.043132224512442474,0.0559673168301737,0.04202336343238157,0.013943953397792128,-0.0115983400989262,0.053782043743716826,-0.06538038384264303,-0.0114796760818798,0.05428026131400198,-0.06575993739588178,-0.002522646759511,0.04926073907652269,-0.05178338583603369,0.045591445650685,0.07123735041053766,-0.025645904759852664,0.048111694178338,0.07105420262115782,-0.022942508442819816,0.0454150527928801,0.04815629031966251,-0.00274123752678241
2020-09-01,-0.0476015135256464,-0.05762837890940828,0.01002686538376188,0.0286262633775761,-0.02760834434141406,0.056234607718990165,0.060751711706217,-0.04988131421907407,0.11063302592529106,-0.1037870172482194,-0.03457163404733925,-0.06921538320088015,-0.059735131219253,-0.05054093937267219,-0.00919419184658081,-0.0589379698464736,-0.05089481166196464,-0.008043158184508958,-0.016706828284621,-0.030561078721001014,0.013854250436380014,-0.05027258229555,-0.024031043034114973,-0.026241539261435024,-0.0503131063814316,-0.023784448024536126,-0.02652865835689547,-0.0846632611470208,-0.05090322574250994,-0.03376003540451086,0.006842807020231,-0.05448835626376796,0.06133116328399896,0.0962226218348856,-0.07827004374653034,0.17449266558141593,-0.0156579185021854,-0.045327249333435245,0.029669330831249844,-0.04687275853738,-0.04201598757211868,-0.004856770965261319,0.0561039067549046,-0.05309079581655041,0.109194702571455,-0.030262522242571,-0.05781359742954546,0.02755107518697446,-0.0066969835652526,-0.04292074523934294,0.03622376167409034,-0.0182829070493778,-0.04348263402302941,0.02519972697365161,-0.0602221480266096,-0.02915897266076296,-0.03106317536584664,-0.0608790144552879,-0.028316497902928138,-0.03256251655235976,0.0058289001779471,-0.052675757561881004,0.0585046577398281,-0.022067269232101,-0.03937786539636638,0.017310596164265384,-0.0240610403908816,-0.03467069908941642,0.010609658698534818,-0.0168304722792521,-0.035173705811736775,0.018343233532484675,-0.0244081101087523,-0.04950770974869816,0.025099599639945864,-0.0166588513100309,-0.05010259634013288,0.03344374503010198,-0.0909624546111204,-0.036314510386921656,-0.05464794422419875,0.0060137322284414,-0.053646452178444014,0.05966018440688541,0.012428507824454,-0.05267440195252909,0.06510290977698309,-0.0415278002707959,-0.07148802152593298,0.029960221255137073,-0.0021789516412888,-0.03049155002977357,0.028312598388484773,-0.0133092615930334,-0.02636924346276669,0.01305998186973329,-0.0155191860538443,-0.027986424805155504,0.012467238751311205,-0.0185388586032733,-0.03551168743866448,0.01697282883539118,0.0451945078943192,-0.06350319745388941,0.1086977053482086,-0.0393242971444072,-0.03743340680592659,-0.0018908903384806108,-0.1565561998554874,-0.06869841875787162,-0.08785778109761579,-0.1526890030099638,-0.07310716393596985,-0.07958183907399395,-0.0544885687088955,-0.08128193172228103,0.02679336301338553,-0.0233672125940383,-0.02016089840770639,-0.00320631418633191,-0.0215423647248662,-0.02075652706954559,-0.0007858376553206113,-0.0990199297984021,-0.037821246556783976,-0.061198683241618125,-0.059146702680588,-0.03122587908372375,-0.027920823596864246,-0.0105163962372275,-0.05567728173238394,0.04516088549515644,0.0068854002941227,-0.052014563961970524,0.05889996425609322,-0.0039326487245053,-0.032105139400301526,0.028172490675796226,-0.0470450716878335,-0.02395614676205799,-0.02308892492577551,-0.049045408171647,-0.020681166473075264,-0.028364241698571737,-0.0300869794683776,-0.08552654616516144,0.055439566696783835,-0.0236246189044346,-0.06623994506842701,0.04261532616399241,-0.0340529092699347,-0.04053059899225904,0.006477689722324341,-0.0323194559828068,-0.03761418851994417,0.005294732537137373,-0.0710174688548234,-0.061264098511145525,-0.009753370343677882,0.0016832521863821,-0.049314366947452844,0.050997619133834944,0.014472958747205,-0.048322137177426505,0.0627950959246315,-0.0342172102769254,-0.08521520507127026,0.05099799479434486,-0.0061219995711185,-0.03177775990958366,0.025655760338465162,-0.0080581989716194,-0.030562787635252275,0.022504588663632877,-0.0290591441093557,-0.040506780820451324,0.011447636711095624,-0.0268233271227935,-0.040234823817732364,0.013411496694938865,-0.017542723711824,-0.037080460747979126,0.019537737036155127,-0.0543346536736019,-0.05481798572797241,0.0004833320543705111
2020-10-01,-0.0233993651440139,0.0010893068313201683,-0.024488671975334067,-0.0322778980959826,-0.017880928049520302,-0.014396970046462301,-0.0270785983473666,-0.02325379877177971,-0.003824799575586891,-0.05249965159165,-0.00626110761113059,-0.04623854398051941,-0.011177151473296,0.020988227529904518,-0.03216537900320052,-0.018170945383475,0.018577723536267823,-0.03674866891974282,0.0471317509527127,0.03087827828461324,0.01625347266809946,-0.0261174807761199,-0.03752685427538087,0.01140937349926097,-0.0266646745245753,-0.0405472615385805,0.013882587014005202,-0.0534431766253021,-0.01232750997280428,-0.041115666652497815,-0.0160567579479792,-0.011200433953331007,-0.004856323994648193,-0.1579516260746558,0.009492275352569458,-0.16744390142722526,-0.0414037239528707,-0.02650074583520913,-0.014902978117661572,-0.0428524254131227,-0.021876003304985327,-0.020976422108137376,-0.0847658161913774,0.006715792803276364,-0.09148160899465375,-0.0084109861211479,0.009494468044775568,-0.017905454165923467,-0.0048822031268477,-0.030786114422073203,0.025903911295225502,0.0225785476680877,-0.00591378756558984,0.02849233523367754,-0.0440628108441955,-0.036392145560536125,-0.007670665283659374,-0.0483081993287408,-0.038772307951153474,-0.009535891377587327,-0.0136637787296731,-0.02107974771431386,0.0074159689846407615,-0.0713843068409671,-0.009103446078937016,-0.06228086076203008,-0.0356035640509928,-0.022435030188847276,-0.013168533862145521,-0.009166012556712,-0.007962829713877125,-0.0012031828428348754,-0.0085278041219404,-0.0006956916509095082,-0.007832112471030892,-0.0184680216529815,-0.0004958359421432692,-0.01797218571083823,-0.0173366862125572,0.017687308561264964,-0.03502399477382216,0.0292583452335445,-0.007830181772262567,0.037088527005807066,0.0290592660159864,-0.011769006396215491,0.04082827241220189,0.005058220458024,0.015514850349344677,-0.010456629891320676,0.0430643992400088,-0.019356367652944993,0.0624207668929538,-0.0253749759850984,-0.030390842237830645,0.005015866252732246,-0.0325978952499812,-0.033309547583829785,0.0007116523338485878,1.9992001483439088,0.021200933680064336,1.9779992146638445,0.0514610834961288,-0.014673116294726734,0.06613419979085554,-0.0132931991435604,-0.00564714639743268,-0.00764605274612772,-0.0416159860317585,0.007823501289414149,-0.04943948732117265,-0.0447724090032793,0.02182228032927485,-0.06659468933255415,-0.0580646705589043,0.03233480205959065,-0.09039947261849494,-0.0579236951895648,-0.02165099266903889,-0.036272702520525904,-0.0611662309159967,-0.023528937128942832,-0.03763729378705387,-0.0952129703956174,-0.0216513270655608,-0.07356164333005659,-0.0335079476377636,-0.03681288500654315,0.0033049373687795494,0.0535728825300639,0.02798782736695928,0.02558505516310462,0.0326877562596503,-0.002547879075057675,0.03523563533470798,-0.0131123035574599,-0.014942314674113244,0.0018300111166533444,-0.0292805024849251,-0.02980439725395981,0.0005238947690347114,-0.0318275100022343,-0.03200607550134289,0.00017856549910859332,0.0312817512664523,0.01197073203465069,0.01931101923180161,0.0406658781843489,-0.004535727170625685,0.04520160535497458,-0.0306534360998921,-0.005240528083266155,-0.025412908016625945,-0.0347783498044059,-0.008809227007065702,-0.0259691227973402,0.0171218385704278,0.01017297681443363,0.006948861755994169,-0.0419525382695682,-0.013940492330889813,-0.028012045938678384,-0.043316516588409,-0.021544321735810716,-0.021772194852598285,-0.0253334974353019,-0.0071329148336601745,-0.018200582601641722,0.0234503572983287,-0.02238205217190837,0.04583240947023707,0.0237947087399414,-0.025995488084832145,0.04979019682477355,0.0071708109156617,0.004070121348721624,0.003100689566940076,-0.0083114243400095,-0.0022368980984780553,-0.006074526241531444,-0.0124958636852289,-0.006687104161415095,-0.005808759523813806,0.0229084903800388,-0.014522731165029997,0.037431221545068796
2020-11-01,0.332054442916653,0.1553417137912857,0.17671272912536728,0.1014589588724811,0.07859554564789432,0.02286341322458678,0.1463221955107656,0.1405521215532681,0.005770073957497512,0.3519759858003511,0.23636258558095713,0.11561340021939398,0.1915169061463265,0.14675328183732253,0.04476362430900396,0.1940491170034735,0.1460869761220671,0.04796214088140638,0.1872170841961873,0.09280398801879322,0.09441309617739407,0.113325820415063,0.11590313856210485,-0.002577318147041846,0.1063317419830206,0.11098487153571591,-0.004653129552695312,0.2387032333026154,0.17682699144796934,0.06187624185464605,0.1488560161572344,0.1432565712648061,0.005599444892428307,0.0716570386993483,0.23445215901522928,-0.162795120315881,0.1525751588744944,0.10210270655183087,0.050472452322663536,0.2097557670500474,0.14118155128946128,0.06857421576058612,0.0974551233907848,0.19535041205639428,-0.09789528866560948,0.139070690944737,0.19701215502119146,-0.05794146407645445,0.0635699405687864,0.07135206466279317,-0.007782124094006776,0.1826827817831947,0.19882688822045508,-0.016144106437260386,0.1178892004553313,0.14242391925339032,-0.02453471879805902,0.1159918528218721,0.1378627257564217,-0.02187087293454959,0.0814161124594408,0.1477130315844956,-0.06629691912505481,0.1350087460051452,0.20849130442832953,-0.07348255842318432,0.0688168950049604,0.06400517072588072,0.004811724279079679,0.1675312363287763,0.13484086112992416,0.03269037519885215,0.1268589481958362,0.13160567597793474,-0.004746727782098531,0.12903773960629,0.13184033548049837,-0.0028025958742083634,0.1095086928360049,0.1299937394882375,-0.020485046652232608,0.1618699538035609,0.18667386509365516,-0.024803911290094266,0.1587557614669155,0.18083356204064954,-0.02207780057373404,0.1805391940558007,0.1911959670407004,-0.010656772984899698,0.0711293084146339,0.1478709277367509,-0.076741619322117,0.082917931754806,0.10409081365044964,-0.021172881895643647,0.0777533741338847,0.099376943856824,-0.0216235697229393,0.0469655568729502,0.14099545387729295,-0.09402989700434275,0.1156240353187216,0.20042666781934076,-0.08480263250061916,0.1351405059753773,0.14050718815283172,-0.005366682177454424,0.3056302429454882,0.15145082467358295,0.15417941827190523,0.3015130065388805,0.16754421970263364,0.13396878683624688,0.24999885853663,0.18084920296951512,0.06914965556711489,0.1092598841243633,0.08028104658157599,0.02897883754278731,0.1037532169074509,0.07579488132639448,0.027958335581056426,0.1441124254856438,0.1304154840661886,0.013696941419455183,-0.0941203117506076,0.06096985941910989,-0.1550901711697175,0.1829416162727148,0.21805564059071988,-0.03511402431800509,0.1841343317198968,0.13859830052739902,0.04553603119249777,0.0917768383284478,0.0902329334709741,0.0015439048574737019,0.0746888504831718,0.11103343390366743,-0.03634458342049564,0.0696299107817575,0.10231295950497632,-0.032683048723218824,0.2205284524345609,0.19373993346926047,0.026788518965300434,0.1876672984848544,0.2020626545441933,-0.01439535605933892,0.1384542890579385,0.1324830338896945,0.005971255168243983,0.1312224322260109,0.12675986444988674,0.0044625677761241656,0.2193517287617196,0.15908897216306023,0.06026275659865937,0.1604377810293503,0.1461543425517494,0.014283438477600913,0.1526096553387102,0.1405044317193218,0.0121052236193884,0.1589192068046455,0.18602784912320544,-0.027108642318559945,0.0535782611171689,0.06663898408472614,-0.01306072296755724,0.0329289768881619,0.0598850341812941,-0.026956057293132205,0.0988749870289843,0.11606044463636801,-0.017185457607383714,0.15802026938921,0.1328180248668491,0.02520224452236089,0.1477727806788907,0.12212989470459533,0.025642885974295357,0.1156842459619187,0.12085356081669638,-0.0051693148547776735
2020-12-01,0.0314187326104091,0.044335242325996664,-0.012916509715587561,0.0206509861729179,0.02480562282605406,-0.004154636653136163,0.03817170329863,0.0546321903200552,-0.016460487021425205,0.1828684003495071,0.11674554847852363,0.06612285187098348,0.0646945283607958,0.03416134010373689,0.030533188257058905,0.0636032986386239,0.03292871589766578,0.030674582740958127,0.038559523601195,0.029959932793281012,0.00859959080791399,0.0364021341340138,0.048483157921464896,-0.012081023787451094,0.0314273317123084,0.04505985362319805,-0.01363252191088965,0.0581026220766094,0.0837994477524406,-0.025696825675831196,0.032193434708939,0.04550604419308078,-0.013312609484141785,0.0795559133404359,0.09019881251986332,-0.010642899179427429,0.0493264685588779,0.03145336384010604,0.017873104718771862,0.0693343098861921,0.05269909886223147,0.016635211023960636,0.0082727819878105,0.08000638669869087,-0.07173360471088036,0.0600735386140636,0.07592668416305368,-0.015853145548990075,0.0157234076905904,0.016078860946092278,-0.0003554532555018787,0.0305966577817957,0.09112376349206902,-0.060527105710273324,0.0794944035734151,0.0626246995485385,0.0168697040248766,0.0788740655229061,0.06034444951124776,0.01852961601165834,0.0793187694287279,0.059223824177869325,0.020094945250858573,0.0890604376004309,0.08822228421809425,0.0008381533823366566,0.0162948544193797,0.01521396906419946,0.0010808853551802378,0.0342857161996434,0.059964282613477804,-0.025678566413834404,0.0417881603588685,0.035613630675357284,0.006174529683511218,0.0357682783703214,0.03536228557521691,0.00040599279510449005,0.0206249790676298,0.052073125534646346,-0.03144814646701655,0.028222734876094,0.07252579555630004,-0.044303060680206036,0.0253632537276114,0.068992246479854,-0.04362899275224259,0.0435690848660725,0.07383497746679958,-0.030265892600727082,0.0369820167086753,0.06938170516550578,-0.03239968845683048,0.0588787836965855,0.04499318934354024,0.01388559435304526,0.0579675979357624,0.04097493216748947,0.01699266576827293,0.0810615791096222,0.06610896516635924,0.014952613943262957,0.1375923474765226,0.07151723172752092,0.06607511574900168,0.0323675630034273,0.05837782647813554,-0.026010263474708237,0.0501723083613148,0.0394899059656683,0.010682402395646502,0.040914803418787,0.040961232954501804,-4.642953571480646e-05,-0.0128896764678775,0.050305114172231456,-0.06319479064010895,0.0350175969276953,0.03304611322095443,0.0019714837067408703,0.0377410216356028,0.02966891058581528,0.008072111049787518,-0.0825189502957327,0.06864904642182415,-0.15116799671755685,0.0444933138209831,0.019612235140415907,0.024881078680567194,0.0471469108101799,0.08532886159738426,-0.038181950787204356,0.0590638940333939,0.04905873278090568,0.010005161252488216,0.0433561619856954,0.031332189979353726,0.012023972006341671,0.0117630416279133,0.049294367101395294,-0.037531325473481994,0.0086186381298232,0.045470176705970776,-0.03685153857614758,-0.050849874566781,0.0687501806958117,-0.1196000552625927,0.0361960067084408,0.07362223268334833,-0.03742622597490753,0.0467106555311057,0.04412735232505743,0.002583303206048271,0.043730676436666,0.04175438926728655,0.001976287169379448,0.0577286396172916,0.05272567887353838,0.0050029607437532195,0.0174326095862665,0.05108335345356506,-0.03365074386729856,0.0152381291718874,0.048057108748384536,-0.03281897957649714,0.105270265779234,0.06158867097954137,0.04368159479969263,0.0082789322256104,0.01810230161932904,-0.009823369393718641,0.0037525804799532,0.014741989118575348,-0.010989408638622147,0.0567309108312356,0.04717110403681227,0.00955980679442333,0.0246990255163391,0.052113351066337965,-0.027414325549998866,0.0147071267117169,0.047256110626144654,-0.03254898391442775,-0.0248599605193187,0.04145871114311035,-0.06631867166242905
2021-01-01,-0.0611757601179875,0.017064544788189404,-0.0782403049061769,-0.0333640109314183,-0.010291651825254794,-0.02307235910616351,-0.0519042995888793,0.002012371124126597,-0.0539166707130059,0.0978046787027409,0.014857451783603665,0.08294722691913724,-0.02876908742544,0.013613300852397568,-0.042382388277837565,-0.0308734740251343,0.010949301906593226,-0.04182277593172752,0.0221845587226789,0.03341439292177065,-0.011229834199091748,-0.0092610502674429,-0.031540255897057994,0.022279205629615093,-0.0118838129432673,-0.037070214075473104,0.025186401132205806,0.103107377084769,0.04490249717954615,0.05820487990522285,-0.0197832169073749,0.004535701633038514,-0.024318918540413414,0.215404759415627,0.06982482704780085,0.14557993236782615,-0.0263481787296693,0.014105102355123935,-0.040453281084793236,0.0117599413058492,-0.0031239827616903696,0.01488392406753957,0.0781044396619396,0.027420610547831348,0.05068382911410825,-0.0073596883835421,0.03074298841423905,-0.03810267679778115,-0.0609205016579897,-0.007897578984845128,-0.05302292267314457,-0.0043008163883748,0.0336644462492863,-0.037965262637661104,0.007552086309703,-0.027900760155387214,0.03545284646509021,0.0066402483909352,-0.03213011275381745,0.03877036114475265,0.1051134859609307,0.028241518707536717,0.07687196725339399,-0.0249581200960908,0.005002165866567619,-0.029960285962658418,-0.0102036393779519,0.009380949931216905,-0.019584589309168805,0.087691756371928,0.05052923452733908,0.03716252184458892,-0.031567533058081,0.012504775483086226,-0.04407230854116723,-0.0300160747277143,0.012363468571667313,-0.04237954329938161,-0.0248948239338485,0.036707543542147364,-0.06160236747599586,0.0208576749615615,0.02467034787752847,-0.0038126729159669685,0.0169535226333143,0.019646854693527237,-0.0026933320602129385,0.1958720633104023,0.051576117290345086,0.14429594602005721,0.0512794657557956,0.01707157127512989,0.03420789448066572,0.002425587302197,0.009566248564403282,-0.007140661262206282,-0.0004021830786887,0.006061373894061951,-0.006463556972750651,0.3934185798525669,0.08881895350495032,0.30459962634761656,0.0093877440275497,0.04024231703276305,-0.030854573005213347,-0.019711646401499,0.02289921936056906,-0.04261086576206806,0.0334373727679164,0.04689706309754704,-0.013459690329630646,0.0243799531152352,0.06175141060313308,-0.03737145748789788,0.1217705254434133,0.06200063748075879,0.059769887962654505,0.0361278578004797,0.012509792172006835,0.023618065628472868,0.0360738484134263,0.009881688962899492,0.026192159450526806,0.1289627953267204,0.039812363011335984,0.08915043231538441,-0.0269973516681593,0.0121041526941051,-0.0391015043622644,0.0466427149225646,0.0323940112165712,0.014248703705993404,0.0337142928343753,0.015230100847286786,0.018484191987088512,-0.0187027449683085,-0.012446257342843091,-0.0062564876254654084,0.0060788479454936,-0.018020264790762255,0.024099112736255854,1.1295982685654887e-05,-0.023903127467276533,0.02391442344996219,0.1068860268242244,0.04519758250687968,0.06168844431734473,-0.0266724744237706,0.031070353997112984,-0.05774282842088359,-0.0081763025875699,0.004485829536345224,-0.012662132123915124,-0.0094659519393203,0.001109981635819577,-0.010575933575139878,0.0687143129326831,0.04191747240706438,0.026796840525618718,-0.0494195041545279,0.011820865110639425,-0.06124036926516732,-0.0621741620985004,0.00492930242059114,-0.06710346451909154,0.114985244121926,0.05324771385596319,0.061737530265962806,0.0010429164702663,0.00018381742369330198,0.000859099046572998,0.0129639826730746,-0.00277175351527199,0.01573573618834659,0.0080027160096419,0.03210118618944031,-0.02409847017979841,-0.0172966567377481,0.02419005836863298,-0.04148671510638108,-0.0307862868025204,0.018461919822501224,-0.04924820662502162,0.0747762615487996,0.006674931777877882,0.06810132977092172
2021-02-01,0.1046464635019239,0.07392655115965446,0.030719912342269437,0.0062765504412517,0.01940614707892305,-0.01312959663767135,0.0291624338671166,0.026957457763810307,0.0022049761033062915,-0.0829883362831883,0.06749510905653681,-0.15048344533972513,0.1240746367835529,0.10525350882165647,0.01882112796189643,0.1237950414716127,0.10380345092562845,0.019991590545984247,0.0766909725951483,0.07072656617556881,0.005964406419579488,0.0415283928557126,0.011768604370562187,0.029759788485150415,0.0427195373837749,0.009386096774230435,0.03333344060954447,0.0827239184748242,0.023360658195573692,0.05936326027925051,0.0375076930325757,0.05206817593904198,-0.014560482906466277,0.2187587501134022,0.08051856468280617,0.13824018543059602,0.0333082695382386,0.008185204884166537,0.025123064654072064,0.0414612434621633,0.034667751617309464,0.006793491844853838,0.0253257936606047,0.07711179892222211,-0.05178600526161742,0.0765454159544408,0.08390030255558847,-0.007354886601147678,0.0125202868642512,0.001086092949432526,0.011434193914818674,0.050037162452687,0.051515796759619883,-0.0014786343069328814,-0.0243073624610886,0.020042148774630956,-0.044349511235719556,-0.028419988626462,0.017229089360309098,-0.0456490779867711,0.1413742609015397,0.018132986119284947,0.12324127478225476,0.1047438781564642,0.07102700305382831,0.03371687510263589,-0.0021181912678875,0.000784745835344056,-0.002902937103231556,-0.0496837113913901,0.018858628326415803,-0.0685423397178059,0.0515938404469021,0.06307724323253872,-0.011483402785636615,0.0432612337733407,0.06378972510152538,-0.020528491328184677,0.0802596518291223,0.061039706798543494,0.019219945030578806,0.1134879082117456,0.05901843992313983,0.05446946828860578,0.1207710091337994,0.054684709740057964,0.06608629939374144,0.0886803223238036,0.07589776174293714,0.012782560580866464,-0.0216821776875715,0.020839116652757523,-0.04252129434032902,0.01481286326232,-0.003358098345399013,0.018170961607719013,0.0103632178498566,-0.005991190392595267,0.016354408242451865,-0.0066437917263169,0.040428552896455264,-0.04707234462277216,0.136997190321178,0.05451558060467619,0.0824816097165018,0.0654327238205687,0.039609389193131124,0.02582333462743757,0.2282165316753188,0.06980267022295664,0.15841386145236216,0.2274824907987359,0.09353199834439797,0.13395049245433793,0.2817362405224397,0.10669111527693309,0.17504512524550658,-0.027638972116535,-0.0005853023346095295,-0.02705366978192547,-0.0319555098890368,-0.0025005797851115437,-0.029454930103925258,0.0458863606402161,-0.010848710051922422,0.056735070692138526,-0.1152517545609096,-0.02531897311683469,-0.0899327814440749,0.1621572967815009,0.11639634610615848,0.045760950675342416,0.0678802556715338,0.0518200661990743,0.016060189472459505,0.0540856248516226,0.026963011499559316,0.02712261335206328,-0.0369690714738986,0.011372454861510813,-0.04834152633540941,-0.0330190605626315,0.007879173122287083,-0.040898233684918586,0.0189821853420903,0.07862400499185941,-0.05964181964976911,0.1372242080614719,0.07041706362560667,0.06680714443586523,0.0582745206526894,0.05440383033660612,0.0038706903160832806,0.0519024462285178,0.04914194019702918,0.00276050603148862,0.1002178390692704,0.06879042520389929,0.03142741386537111,0.089874855397954,0.043375911661770315,0.04649894373618369,0.0893383362269298,0.0345845434487709,0.0547537927781589,0.09315031093439,0.05089247302813328,0.042257837906256715,-0.0371281328292288,0.004636385237760435,-0.041764518066989234,-0.0468985619286367,-0.0010646779315022226,-0.04583388399713448,-0.0462761332112513,0.03762438729498638,-0.08390052050623767,0.0282849430842588,0.04276266571684904,-0.014477722632590236,0.0260956563681855,0.03557909009179979,-0.00948343372361429,0.1187189982650594,0.03027683675869616,0.08844216150636323
2021-03-01,0.1001719299797887,0.07288317822390904,0.027288751755879664,0.106373195668378,0.043260101666556215,0.06311309400182177,-0.0060221661655897,0.06079619522305288,-0.06681836138864258,0.0142671968200266,-0.002487778023246571,0.016754974843273172,0.0544915472762254,0.06544808824971873,-0.010956540973493335,0.0539721151491178,0.06538038757500443,-0.011408272425886629,0.0661095224705241,0.02705813436174386,0.039051388108780234,0.0004936551122502,0.005316005855049519,-0.00482235074279932,0.0051541165028585,0.00825781328142972,-0.003103696778571221,-0.036654389424322,-0.057566149684982956,0.02091176026066096,0.0774534347159675,0.06645865200400125,0.010994782711966244,-0.0568756029046119,0.019835178563265866,-0.07671078146787777,0.0242449880128499,0.052548304431129386,-0.028303316418279486,0.0870464663458364,0.03698128823616105,0.050065178109675354,0.1498225771541307,0.06558959101112025,0.08423298614301045,0.0888195685806226,0.07120819962001435,0.017611368960608248,0.0678508202292161,0.06689839757574927,0.0009524226534668306,0.0302809636866969,0.0267645944910474,0.0035163691956494984,0.0087245462988903,0.02816392408839843,-0.019439377789508133,0.0088484287145845,0.0297827090191472,-0.0209342803045627,-0.0401907870600393,-0.03275792514125545,-0.0074328619187838466,-0.0311500947771331,0.0006841006839768751,-0.03183419546110998,0.0715366264700228,0.05307859367502953,0.018458032794993272,0.0316048537765003,0.019420148976761392,0.012184704799738905,0.0790429951040107,0.05994908020804677,0.019093914895963925,0.0894841886150333,0.06376365773611671,0.025720530878916584,0.0774949559819947,0.010512447643854252,0.06698250833814044,0.0749319304344842,0.05729760941245885,0.017634321022025355,0.0859590864927586,0.05918708678041114,0.026771999712347463,-0.0130855643030697,0.014539199021260349,-0.02762476332433005,0.0116152513435539,0.011013918410022602,0.0006013329335312987,-0.0015900429006499,0.006856932975626898,-0.008446975876276798,0.0040435787528958,0.015280322384352174,-0.011236743631456374,-0.0882259360769897,0.045762203307760055,-0.13398813938474974,-0.0336113022186113,0.05895971752062743,-0.09257101973923873,0.0560752951991135,0.03355799564905743,0.022517299550056068,0.0276169473554579,0.10300243513416865,-0.07538548777871075,0.0313774122709082,0.11185566637345981,-0.0804782541025516,0.0198305203761987,0.07039297857837493,-0.050562458202176225,0.0004999851114479,0.013381620324776232,-0.012881635213328333,0.0079851926651864,0.01889349145226798,-0.010908298787081579,-0.1406872858436918,-0.1515334885725276,0.010846202728835797,0.0568126294766491,0.0487075832943906,0.008105046182258498,-0.0415224510757396,0.05872328692352143,-0.10024573799926104,0.0120309810216868,0.06816042743099879,-0.05612944640931199,0.0280365809845384,0.05515652288850114,-0.02711994190396274,0.0505761817046691,0.018312383803700965,0.03226379790096813,0.0472006001889752,0.016978199350006933,0.030222400838968266,0.1092249901920231,0.04268158082265244,0.06654340936937066,0.2073419668419164,0.07224495800627345,0.13509700883564293,0.0534894000584627,0.03907392487795272,0.014415475180509979,0.0566238974659301,0.035432694158227244,0.021191203307702855,0.0060207209210825,0.0379939252115145,-0.031973204290431996,0.061471797303148,0.05350934488769053,0.007962452415457469,0.0604495478097134,0.047673121942431985,0.012776425867281414,0.0235154213774262,0.035775563885681455,-0.012260142508255256,0.0962056476417428,0.04793650339049357,0.04826914425124923,0.0960471716980308,0.049014187777070256,0.047032983920960544,0.0381797881722215,0.0379943430023051,0.00018544516991639975,0.0821997955660815,0.052251734527375304,0.02994806103870619,0.0824800893171922,0.05092487663254666,0.031555212684645534,0.0186760608740613,0.01383590946978358,0.00484015140427772
2021-04-01,0.0106279343583776,0.04856508498951498,-0.03793715063113738,0.0579875008688804,0.0449614771297246,0.013026023739155804,0.0381223073347575,0.05039205436920104,-0.012269747034443543,0.0431088489235762,0.07399142461421085,-0.03088257569063465,0.0558020924646674,0.05011558522684417,0.005686507237823227,0.0583571381859418,0.05233658491690454,0.006020553269037263,0.0006656119766441,0.0008016695106263768,-0.00013605753398227677,0.0778555575906217,0.0706179025594316,0.007237655031190102,0.081737228872156,0.07448749624735297,0.007249732624803024,-0.0578220867547421,-0.01552864522861655,-0.04229344152612555,0.0351100998185398,0.04996260624590948,-0.014852506427369683,0.0373641166553161,0.0034446846189753926,0.03391943203634071,0.0315658241013555,0.029747794928287642,0.0018180291730678574,0.0227461271019344,0.056366737096420684,-0.03362060999448628,0.0655595752100115,0.05362673136920464,0.01193284384080686,0.0588449304729908,0.05105998543822744,0.00778494503476336,0.0222702928014139,0.03638880817276411,-0.01411851537135021,-0.0111772347352976,0.04713389184460026,-0.058311126579897864,0.0382757813828562,0.08377821237056748,-0.045502430987711284,0.0414581603311548,0.08641847640149863,-0.044960316070343835,-0.1424236169167707,-0.0034571621649593463,-0.13896645475181135,-0.0025502359775329,0.07138932570568991,-0.07393956168322281,0.0276603189417127,0.0231641759987671,0.004496142942945602,0.02870940535113,0.01133171075639589,0.01737769459473411,0.0653227245939154,0.04266963625312716,0.02265308834078824,0.0667719882915241,0.04377959600767862,0.022992392283845482,-0.0006205087967128,0.006583856647629404,-0.007204365444342204,0.0256322830753941,0.05408622378887855,-0.02845394071348445,0.0217595397806678,0.057809112681073055,-0.03604957290040525,-0.0668986230928712,-0.008342459753286888,-0.05855616333958431,0.0457625690816284,0.04280707450601829,0.002955494575610111,0.0697736548300141,0.03334392689164585,0.03642972793836825,0.07619799320201,0.036244197070121914,0.039953796131888084,-0.1286227757345045,-0.010370569491668202,-0.1182522062428363,0.0449916629259068,0.04803515936943299,-0.0030434964435261946,0.0177020282156492,0.03545971013053341,-0.017757681914884207,0.003757049022431,0.025597821349232587,-0.021840772326801587,0.004395865737199,0.023132586564304405,-0.018736720827105403,-0.104318889177044,-0.003378065192803232,-0.10094082398424077,0.0085471900350304,0.026792810642240122,-0.018245620607209724,0.0122040071063099,0.028788763673256813,-0.016584756566946912,-0.1061752719281818,-0.05974133146370193,-0.046433940464479864,0.0549278648448648,0.023602959862944188,0.031324904981920615,0.0385936451101504,0.05373306801735698,-0.01513942290720658,0.0758882323681202,0.03772350577654665,0.03816472659157355,0.0492236082494663,0.04942540534388236,-0.00020179709441606186,0.0726181389219744,0.06013933214704215,0.012478806774932245,0.0761603350015942,0.06320114176623311,0.0129591932353611,-0.0264704255040367,-0.005375979784918542,-0.021094445719118157,0.0156776990111623,0.05110196162788062,-0.03542426261671831,0.0637500153553948,0.04738025538606702,0.016369759969327782,0.0640276330127647,0.04972984022147581,0.014297792791288899,0.0394471327414304,0.00907339800273683,0.03037373473869357,0.0438094733726375,0.0471517218722045,-0.003342248499566998,0.0463754808808982,0.05002522176853914,-0.0036497408876409385,0.0057111805104905,-0.007146942505278452,0.012858123015768951,0.040222123226536,0.030664399946575632,0.009557723279960365,0.0472494738469627,0.03210769788613689,0.015141775960825811,0.0184726171011561,0.010111615916960335,0.008361001184195766,0.0491143669681718,0.034710214630511924,0.014404152337659876,0.0560759881640135,0.03729636381976154,0.018779624344251955,0.0330289765743283,0.010965878665988808,0.022063097908339494
2021-05-01,0.0540021936444801,0.04014389712976914,0.01385829651471096,0.0042004692051252,0.011801227876951995,-0.007600758671826795,0.0037846883365246,0.012155446603493828,-0.008370758266969229,-0.0505550048263392,-0.02468907795331354,-0.02586592687302566,0.0452945743773825,0.048305188568238434,-0.003010614190855937,0.046436061209767,0.04748731461643783,-0.001051253406670824,0.036412698455356,0.02868613439739729,0.0077265640579587125,-0.0073442709503052,-0.02481558409294194,0.01747131314263674,-0.0045710817813839,-0.024540641439822694,0.019969559658438794,-0.0796587135029606,-0.04612248931675638,-0.033536224186204215,0.0583639498872728,0.025728900526401016,0.03263504936087179,0.1125987948577899,0.012572897463334447,0.10002589739445544,0.0057726386519212,0.018054408513850286,-0.012281769861929085,0.011225172042978,0.0031863794784258185,0.008038792564552182,-0.0240997022431644,0.027252900925351313,-0.05135260316851571,-0.0007812539062613,0.03410452109208109,-0.03488577499834239,0.0015264960378122,0.020543630661177332,-0.019017134623365132,-0.0197050145616035,0.001176634719441928,-0.02088164928104543,-0.0117193479695933,-0.015633330058665837,0.003913982089072537,-0.0132669971452295,-0.016086240805628028,0.0028192436603985283,-0.0403554218132435,-0.030987615464727152,-0.00936780634851635,0.008190370923241,-0.014846948069986873,0.023037318993227873,0.0337582786081372,0.021973165929727402,0.011785112678409801,0.0442944977049489,0.008342662377327961,0.03595183532762094,0.0208463886327758,0.03339658732508068,-0.012550198692304882,0.0275679343538823,0.0354820825049452,-0.007914148151062901,0.0083164244164359,0.010247916219118212,-0.0019314918026823117,0.0295919705616053,0.021256173684260214,0.008335796877345085,0.0349490095522813,0.020942737070750134,0.014006272481531166,0.0057417714580153,0.006519456887572906,-0.0007776854295576058,0.008525412580287,-0.010695794900726795,0.019221207481013795,-0.0322124992863561,-0.011704023817011782,-0.020508475469344315,-0.0296858048155193,-0.008033144172682777,-0.021652660642836524,-0.0189504528790424,0.03841260913513553,-0.05736306201417793,0.0780796632738793,0.027123686971593917,0.050955976302285384,-0.0141306760389835,0.010328759356602648,-0.02445943539558615,0.0712715700521119,0.06534858138193303,0.005922988670178875,0.0690823489550489,0.08093824160835766,-0.011855892653308761,0.1527730296514151,0.055584304158829485,0.09718872549258561,0.0104049134700331,-0.0012772704920289927,0.011682183962062092,0.0152675713803352,0.0013310678820463023,0.013936503498288897,-0.0784734344692146,-0.09855924232869703,0.020085807859482427,0.1601350974642937,0.013468492599338876,0.1466666048649548,-0.0188423646192228,0.03317772025199925,-0.05202008487122205,0.0509016753133137,0.028472941271970142,0.02242873404134356,-0.0221849575183217,0.015148246415920535,-0.037333203934242234,-0.0322299297886805,-0.014191130417388911,-0.01803879937129159,-0.0364395379850565,-0.01592707208191262,-0.020512465903143883,0.1148162034641388,0.018242440416912555,0.09657376304722624,0.0960830080206171,0.03166096100794753,0.06442204701266957,0.0368368179679205,0.015446571069745875,0.021390246898174627,0.0437832769344129,0.012639722954939415,0.031143553979473482,-0.0058744257586001,0.0246441395947376,-0.030518565353337697,0.0326661475920993,0.01883316783408868,0.013832979758010618,0.0309156227507785,0.012587762533513673,0.018327860217264826,0.0159486222923873,0.015567963691550803,0.0003806586008364976,-0.0041954115668172,0.01608300663830594,-0.02027841820512314,-0.0053567110168909,0.015687042466980217,-0.021043753483871115,-0.0210511294688711,0.01741893630265088,-0.03847006577152198,0.0171616414574642,0.02286092224952781,-0.00569928079206361,0.0143948733958938,0.020720607748802675,-0.006325734352908875,0.0622054836813362,-0.0069699216791522895,0.0691754053604885
2021-06-01,-0.0302282965418119,-0.014452387860603558,-0.01577590868120834,-0.0050981779730988,0.01463973726847455,-0.01973791524157335,0.1051762777653673,0.024655614398726995,0.0805206633666403,0.041699202175896,0.07358895606851532,-0.03188975389261932,-0.0316039772290925,-0.03656442112144079,0.004960443892348287,-0.030193479353315,-0.03559233140059672,0.005398852047281719,0.0056621047622584,-0.0329941784254528,0.03865628318771119,0.0654772303164678,0.055592147987819966,0.009885082328647828,0.0659997263332108,0.05593992651598198,0.01005979981722882,0.0055372192721499,0.03143037680422915,-0.025893157532079252,-0.0424286269418999,0.000756807677903658,-0.04318543461980356,-0.0532166880691517,-0.005935627193043535,-0.04728106087610817,0.0032184612300036,0.013029270304252317,-0.009810809074248717,0.0041672248250965,0.02837917451840232,-0.02421194969330582,-0.0347075580896891,0.014596461346152141,-0.04930401943584124,-0.0326827643273631,0.004112812621979145,-0.03679557694934224,-0.0022049767082279,0.006069042074841905,-0.008274018783069804,0.0548259620065967,0.04471972181190567,0.01010624019469103,0.0862763801678898,0.06306965226752093,0.023206727900368873,0.0881486996241106,0.06428875004340767,0.02385994958070292,-0.1200699463817264,0.018625550392028276,-0.13869549677375467,0.037419894636327,0.04732463386881108,-0.009904739232484076,-0.0298091669454197,0.005335326499381536,-0.035144493444801236,0.016366903107983,0.02861414914283904,-0.012247246034856041,-0.0356187463645544,-0.013054331587518498,-0.022564414777035902,-0.0375602403142769,-0.013839591620851445,-0.023720648693425453,-0.033993309285997,-0.007163713144713724,-0.02682959614128328,-0.0083517331138774,0.022150437014617944,-0.030502170128495345,-0.0119057976541801,0.024062775464553373,-0.03596857311873347,-0.0732590681903125,-0.02148463549252779,-0.05177443269778471,0.0555860708479608,0.050986788443548904,0.004599282404411896,0.0298943216234133,0.04484341946794846,-0.014949097844535159,0.0264513394218577,0.0431099018346073,-0.0166585624127496,0.0714370398452342,0.007058640848601975,0.06437839899663222,-0.0558733470201015,0.0196858952743787,-0.0755592422944802,0.0443048852894691,0.022128524246175712,0.022176361043293385,0.0574055381266598,-0.0335934295009939,0.09099896762765369,0.0541639608473972,-0.04938166536319736,0.10354562621059456,0.0958016230081667,-0.06398869197512393,0.15979031498329063,0.0481814652210137,0.03247473376430328,0.01570673145671042,0.0526937912653396,0.031129355229665794,0.021564436035673807,-0.0218951080010396,0.03429186952963937,-0.05618697753067897,-0.1367930851593024,0.027138459321513764,-0.16393154448081618,0.0028219020908911,-0.005097550271084515,0.007919452361975615,-0.0245576186979487,-0.0023469494055005165,-0.022210669292448183,0.0085723779430192,0.013086425899932969,-0.004514047956913769,0.0440300022334479,0.04966264368703394,-0.0056326414535860445,0.0443566912140606,0.05159898255634107,-0.007242291342280473,0.0159204650264499,-0.035278192052783874,0.051198657079233774,-0.0484236087437136,0.008208045571013373,-0.05663165431472697,0.0191712483110554,0.006137795199978932,0.013033453111076466,0.0210569079096028,0.010402511032426762,0.010654396877176037,0.0231114011439681,-0.022004676821752257,0.045116077965720355,-0.0415754746245721,0.01326501758861797,-0.05484049221319007,-0.0434469898794252,0.01878748516636998,-0.06223447504579518,0.0332685956438147,-0.02098059505135828,0.05424919069517298,-0.0092520487950839,0.009892082839673952,-0.019144131634757852,-0.0062255009226656,0.01187994544126095,-0.018105446363926553,0.0338418672616041,-0.0005480097329011893,0.03438987699450528,-0.0073981934261079,0.011591810712858483,-0.018990004138966385,-0.0045552635445114,0.014838500115999683,-0.019393763660511085,0.0081582143946758,-0.0039846485888585335,0.012142862983534333
2021-07-01,-0.0166262448061507,0.0006805074434609851,-0.017306752249611684,0.0531394047871625,0.028092688592450704,0.0250467161947118,0.0585589351535475,0.031221688395633846,0.027337246757913655,-0.0068335376625679,-0.00591114918685951,-0.0009223884757083899,-0.0111948976134507,-0.017625499770157125,0.006430602156706424,-0.0101590978114039,-0.016182337991836302,0.0060232401804324025,-0.0043952411924071,-0.036090374237474396,0.0316951330450673,0.0395997609898393,0.02760323090595762,0.011996530083881678,0.046065784507608,0.03310080017520506,0.012964984332402944,-0.1502721273048245,-0.08056735726868768,-0.06970477003613683,0.0105764723426854,0.015459543901827098,-0.0048830715591416975,0.0328948960620468,-0.07181379327687246,0.10470868933891925,0.0026433938586459,0.016794485569895372,-0.014151091711249472,0.0262060110964103,0.015722477389300812,0.010483533707109489,0.040314540936759,0.007543079180600357,0.032771461756158644,0.0017254940790081,0.0018392205930467483,-0.00011372651403864843,0.0355145310947014,0.03952111671952019,-0.004006585624818787,0.0190315232780003,-0.005134326338419538,0.02416584961641984,0.032033902328277,0.04455189170466483,-0.01251798937638783,0.0343954391261555,0.049279448153723905,-0.014884009027568403,-0.0929808034138163,-0.0602027758760186,-0.0327780275377977,-0.0880165073415207,-0.016182934300048,-0.0718335730414727,-0.022347630704913,0.02261389706419276,-0.04496152776910576,-0.0118216992360728,-0.017273304034794067,0.005451604798721267,0.0046307926103414,-0.0013205319753661461,0.005951324585707546,0.0091547436089882,0.0011302601319621336,0.008024483477026067,0.0051584869074115,-0.040455070461046655,0.04561355736845815,0.0130048286382182,0.006539788665878044,0.006465039972340156,0.0154599621083086,0.01218894543389618,0.00327101667441242,-0.0422427798549808,-0.0670684906804479,0.0248257108254671,0.0641011898014844,0.0038068632392144882,0.060294326562269906,0.0470828951649473,0.00646101402051385,0.04062188114443345,0.0548029219726866,0.013818183063016382,0.04098473890967022,-0.1513099961209345,-0.026086705993403042,-0.12522329012753144,0.0053547797393724,-0.006780009078773991,0.012134788818146391,-0.0021123130570454,0.00017333074918151828,-0.002285643806226918,-0.0926626218915057,-0.0010475595320288823,-0.09161506235947682,-0.0857048063317786,-0.015684889418307073,-0.07001991691347152,-0.1033844425834608,-0.05861352197052844,-0.04477092061293236,0.0214241202142709,0.007113846560657588,0.014310273653613313,0.0316026023080058,0.01217657877028325,0.01942602353772255,-0.1312700233282788,-0.1404183008704529,0.009148277542174094,0.0118386783322738,0.033728938463103965,-0.021890260130830164,0.0405331992822599,-0.01815889922731538,0.05869209850957528,0.0093477429410231,0.01351186438374891,-0.004164121442725809,0.0628934006574322,0.03606735805930433,0.02682604259812786,-0.0069914295011865,0.030551955282808976,-0.03754338478399548,-0.0059857242732722,0.03506266666265137,-0.04104839093592357,-0.0624379075618983,-0.0531140618620664,-0.009323845699831898,0.0569745063319474,0.001729055768154594,0.055245450563792806,0.0304939712507688,0.0004923332971559372,0.030001637953612863,0.035349173578299,0.0028252416715634733,0.032523931906735526,-0.0352593257232553,-0.04095128641007453,0.005691960686819236,-0.0405415572087368,0.010449841994004614,-0.050991399202741414,-0.0415784603980505,0.013026155488517474,-0.054604615886567974,-0.0907123406726572,-0.05432497073196718,-0.036387369940690015,0.0191907968653061,0.025749610932556576,-0.006558814067250476,0.0250012849829093,0.03026854226756283,-0.005267257284653527,0.03776042523016,-0.009339416730720328,0.04709984196088033,0.0167595938427238,0.008541431182714575,0.008218162660009225,0.0249711618817266,0.014041497956660754,0.010929663925065846,-0.0487776900854645,-0.023598828471650412,-0.02517886161381409
2021-08-01,-0.0103102217007942,0.031067097634087958,-0.04137731933488216,0.0296609953007961,0.02283571485447587,0.00682528044632023,-0.0061865684629091,0.021518274231259862,-0.027704842694168962,0.0265839210977405,0.054626420470600144,-0.028042499372859644,0.0135675870306637,0.03963253893936641,-0.026064951908702713,0.0123414295546172,0.04076447290222747,-0.02842304334761027,0.0101169679997314,0.008185734167548642,0.0019312338321827577,0.0418796348438679,0.04096968921264604,0.0009099456312218548,0.0433028689357673,0.0421962452788209,0.001106623656946401,-0.0199466267740521,-0.001513973408864664,-0.018432653365187436,0.0103827059844035,0.025999892008084922,-0.015617186023681421,-0.0458432787723224,0.012000083356835105,-0.057843362129157506,0.0075798649999375,0.012483212814558466,-0.004903347814620966,0.0320912687634441,0.03256106036005787,-0.00046979159661376946,0.0142747995763229,0.03356513643877401,-0.019290336862451112,0.0474852674029237,0.03282538353648347,0.01465988386644023,0.0030733085099897,0.009332616741429264,-0.006259308231439564,0.0308907563693878,0.03383072490433802,-0.0029399685349502207,0.0440596322370688,0.046551097060387486,-0.002491464823318683,0.0450505649094162,0.04715843267407019,-0.0021078677646539853,-0.0261207206038183,0.002300666985917623,-0.028421387589735923,0.1093722529900992,0.05473655770731365,0.05463569528278555,0.0042569957458247,0.00767839596975598,-0.0034214002239312796,0.0034125009257122,0.012636356304553526,-0.009223855378841326,0.0236870401114778,0.02791658861551762,-0.00422954850403982,0.0221932375613179,0.028095385450453196,-0.005902147889135297,-0.0702423265463245,0.012144748736546598,-0.08238707528287109,0.0087657771398825,0.03442588807431038,-0.02566011093442788,0.0101960616489556,0.03577539009421072,-0.02557932844525512,-0.075220597217951,-0.0013361391230068136,-0.07388445809494419,0.0386090113830588,0.028844629562588042,0.009764381820470756,0.0246629546109047,0.02103658862642903,0.0036263659844756706,0.024757880084564,0.02087870365274755,0.003879176431816452,-0.0353549893767618,0.002421191235274069,-0.037776180612035866,0.0015286285797075,0.03392860436323791,-0.03239997578353041,0.0048952641572092,0.023643828143089227,-0.018748563985880026,-0.0161117254631237,0.014458002236206694,-0.030569727699330394,-0.0180108607554887,0.018417020296469255,-0.036427881051957954,-0.0434148078995652,0.0030984128356004157,-0.04651322073516562,0.0312764959092666,0.01795378349122358,0.01332271241804302,0.0291343631193891,0.017980589137634593,0.011153773981754506,0.0170299711436351,-0.022025702366631053,0.039055673510266155,-0.0687690978089769,0.005957944892969384,-0.07472704270194629,0.0526062345945552,0.040938496262230055,0.011667738332325144,-0.0114531264530358,0.0176103449332885,-0.0290634713863243,-0.0023378545553748,0.022467833851848293,-0.02480568840722309,0.036339987635589,0.03315363375848651,0.0031863538771024907,0.037312954071476,0.03458325464232917,0.0027296994291468313,0.0092554469336065,-0.0068404760344715106,0.016095922968078012,0.020889369651046,0.03132276962720038,-0.010433399976154382,0.0334685145228114,0.031334673933820494,0.0021338405889909096,0.0375712706435897,0.03307155049831145,0.0044997201452782465,-0.0859837886473959,0.009863448732093083,-0.09584723737948898,0.0119400710109895,0.027140917550565986,-0.015200846539576486,0.0115711875226977,0.028156190922859054,-0.016585003400161356,0.0509982490833465,-0.0053841793434702655,0.05638242842681676,0.0268904064869883,0.012150460279149424,0.014739946207838875,0.02926554010998,0.012187208152694688,0.017078331957285312,0.0247967883002584,0.0049683284518367826,0.019828459848421617,0.0036173833378204,0.020723461824165908,-0.01710607848634551,0.0024547237721368,0.021547370887495528,-0.019092647115358727,-0.0207719025097199,0.0015782676111346624,-0.02235017012085456
2021-09-01,-0.0031905453056045,-0.023300267035177118,0.020109721729572618,-0.0210320362754568,-0.031110606371517174,0.010078570096060373,-0.0909970884652237,-0.06344700135326872,-0.027550087111954974,0.0365321355016275,-0.08339731892617869,0.11992945442780618,0.0025874185671382,0.002156657059255213,0.00043076150788298696,0.0024294108333131,0.0014380891388585358,0.000991321694454564,-0.0012810035454102,0.005111865349418843,-0.006392868894829043,-0.0602197624490084,-0.06476549144747787,0.004545728998469466,-0.0613376098558819,-0.0655835844204252,0.004245974564543294,-0.0726885463566453,-0.0699941314248674,-0.002694414931777897,-0.046478366870993,-0.043306069422184804,-0.0031722974488081965,-0.0442687888074418,-0.04597896955843451,0.001710180750992711,-0.0525654586885712,-0.03394422462450273,-0.018621234064068473,-0.0668580020055281,-0.05238510277737229,-0.014472899228155818,-0.097197180052738,-0.051051382840174055,-0.04614579721256395,-0.0526172372598374,-0.04419044277093918,-0.008426794488898222,-0.0501200757559413,-0.039428355102298446,-0.010691720653642857,-0.0742729627806166,-0.05909083043371044,-0.015182132346906158,-0.0581518659721214,-0.07529313751804706,0.01714127154592566,-0.0587546118929976,-0.07649413336803293,0.01773952147503533,-0.0640162236248497,-0.05693662163316511,-0.0070796019916845865,0.0173788159974384,-0.060054293814905804,0.0774331098123442,-0.0240743737088338,-0.0200757785667825,-0.003998595142051302,-0.0658211367626006,-0.02604187199957679,-0.039779264763023806,-0.0347731066310058,-0.01823716931079293,-0.01653593732021287,-0.032162353981232,-0.018181737670891505,-0.013980616310340498,-0.0551827103771535,-0.019100005513209138,-0.03608270486394436,-0.0793111108329476,-0.048611091077592476,-0.030700019755355128,-0.0810140139508354,-0.04891581122337182,-0.03209820272746359,-0.0432497804375506,-0.05041999952257843,0.0071702190850278305,-0.0549396443451441,-0.05382302894155975,-0.0011166154035843479,-0.0434325783013374,-0.04152791093984223,-0.001904667361495166,-0.044407258971,-0.04178627917325263,-0.0026209797977473706,-0.0295168288903443,-0.0012875576972486945,-0.028229271193095606,-0.0049843906685359,-0.03879567118721048,0.03381128051867458,-0.0293286751456181,-0.03819570821271044,0.008867033067092342,0.1123550241952157,-0.008456008831203359,0.12081103302641906,0.1003363816605901,0.00968659168721871,0.09064978997337139,0.1271533558531558,-0.009225951139821697,0.13637930699297748,-0.0627539528753332,-0.024083286871113326,-0.03867066600421987,-0.0611692012037106,-0.023459493811413164,-0.03770970739229744,-0.1541005105486153,-0.06964081106016481,-0.08445969948845047,-0.0913356094406824,-0.02888561600212188,-0.06244999343856053,-0.0051698256146384,-0.03874360103201291,0.03357377541737451,-0.112641072603791,-0.04250936707256065,-0.07013170553123035,-0.0177898066044294,-0.04135316339104822,0.02356335678661882,-0.0477185493252794,-0.05932755384873065,0.011609004523451254,-0.0463331559870344,-0.058747218534580814,0.012414062547546414,-0.0607512214268923,-0.06003991402307619,-0.0007113074038161138,-0.0978742446250318,-0.04896733898681403,-0.04890690563821777,-0.057681068500412,-0.030850354653967654,-0.026830713846444344,-0.0624447625429628,-0.029978231199952052,-0.03246653134301075,0.0025275879739275,-0.025846729573268397,0.028374317547195896,-0.0305239143479084,-0.04203025828871802,0.011506343940809623,-0.0366418608972344,-0.04560045171119258,0.008958590813958174,0.0889634486546669,-0.049952570770009586,0.1389160194246765,-0.0368508063550263,-0.02645727461364286,-0.010393531741383438,-0.0348441229496963,-0.02617533036247612,-0.00866879258722018,-0.0767780267529724,-0.031070275298183653,-0.04570775145478875,-0.0363591251034377,-0.0328041580179004,-0.0035549670855372986,-0.0408016363211049,-0.032252342594690286,-0.008549293726414615,0.002149759834046,-0.05605068732237107,0.05820044715641707
2021-10-01,0.0039927687296557,0.0700875168983026,-0.0660947481686469,0.0813251412635316,0.055304957472136713,0.02602018379139489,0.1317191428075608,0.06713703499202743,0.06458210781553338,0.3291393407348997,0.09593363025892188,0.23320571047597782,0.0440202701881894,0.06925955888197068,-0.025239288693781274,0.0446077767838472,0.07172346979656317,-0.027115693012715977,0.0094704065376585,0.011103233324519794,-0.0016328267868612936,0.0786506204919734,0.08357423016740523,-0.004923609675431831,0.0820823478632396,0.08692224627242182,-0.004839898409182211,-0.0178327112575435,0.007990768780504746,-0.025823480038048248,0.0803389508393122,0.06824570619089751,0.012093244648414686,0.0488505152915893,0.03632670400533138,0.012523811286257916,-0.0333369238192696,0.048370802309888335,-0.08170772612915794,0.0519816995417223,0.0742090072463832,-0.0222273077046609,0.077241705287992,0.07422401414020342,0.003017691147788576,0.0598353594794443,0.0730588507770652,-0.013223491297620897,0.0408771942949636,0.04885878423819083,-0.00798158994322723,0.1222955585436859,0.07027135454323759,0.05202420400044831,0.0726180644411926,0.0982441054292362,-0.025626040988043594,0.0732211389661274,0.10023621318253333,-0.02701507421640592,-0.0710003846877611,0.01931161195015069,-0.09031199663791178,0.0840873261246404,0.09447008173120823,-0.010382755606567831,0.0270610097981546,0.03681712921739776,-0.009756119419243158,0.0151549480711871,0.03328853438682961,-0.018133586315642512,0.1078594575711137,0.061573946731162135,0.04628551083995157,0.1170178202190986,0.06263821304613566,0.05437960717296293,0.02897913267272,0.021904479219889826,0.007074653452830173,0.0496835525098469,0.07779736461669022,-0.02811381210684332,0.0488010356934468,0.08119293524645628,-0.03239189955300948,0.0697454751242524,0.014559214508430842,0.05518626061582156,0.0592144243267949,0.06145706452694029,-0.0022426402001453905,0.0288186813284205,0.05049216247695178,-0.021673481148531275,0.0304902076953984,0.05319956792606365,-0.022709360230665252,-0.0678821744933244,0.011726618232920417,-0.07960879272624481,0.1196282271037617,0.07930730489538887,0.04032092220837283,0.1080095960213441,0.05317602305649378,0.05483357296485033,0.1168346664360995,0.050339833405413516,0.06649483303068598,0.1219823180841804,0.051105544642654224,0.07087677344152618,-0.0227175279479875,0.022005387853812917,-0.04472291580180042,0.0295279707878415,0.04120650408913703,-0.011678533301295528,0.0358632586130391,0.042956868176174,-0.0070936095631349005,-0.1122891780640223,-0.03940861425877053,-0.07288056380525178,0.0394001773141086,0.038856294758319344,0.0005438825557892574,0.079291632223005,0.07490992950435009,0.0043817027186549146,0.0716163199155309,0.05380356311028272,0.01781275680524818,-0.0022396608305382,0.05868497104928766,-0.06092463187982586,0.0521638617002871,0.07216966829075577,-0.020005806590468675,0.0542082675897089,0.07400651700263247,-0.019798249412923574,0.0195300652838971,0.017384637060469166,0.0021454282234279337,0.059032205935722,0.07740257891574419,-0.01837037298002219,0.0949428517847013,0.06414950310330954,0.03079334868139176,0.1024705524671047,0.06634973862842489,0.03612081383867981,0.0372698052490186,0.031332606202309564,0.005937199046709037,0.1068935698251809,0.0670337357451019,0.03985983408007901,0.123668729712643,0.06998352165913568,0.05368520805350732,-0.0254230401908139,0.022115366683875686,-0.04753840687468959,0.0545325536097219,0.042589225200371936,0.011943328409349967,0.0604718933070804,0.04375679671326214,0.016715096593818264,0.0481534999376653,0.024372105935548893,0.02378139400211641,0.0660882330734354,0.051507215847685014,0.014581017225750392,0.068829542997547,0.053209409110343796,0.015620133887203201,-0.0127545236225647,0.02625092648620032,-0.03900545010876502
2021-11-01,-0.0687995020631565,-0.024577748480468474,-0.04422175358268803,-0.0243226378913554,0.009142693184545764,-0.03346533107590116,0.0102751312532698,0.02209088111779027,-0.01181574986452047,0.0332549784988663,-0.05094042378808471,0.08419540228695101,-0.0621005087150964,-0.05645848150050715,-0.00564202721458925,-0.0646599862709634,-0.05750152263460699,-0.007158463636356402,-0.0091130799318959,-0.03780774218642167,0.028694662254525768,-0.0397169871748001,-0.02071742593586318,-0.01899956123893692,-0.0326282054782238,-0.017073104947459967,-0.015555100530763834,-0.1135323671987401,-0.09594517557930801,-0.01758719161943209,-0.00932315872227,-0.0032138653131282323,-0.006109293409141768,-0.0886715976621115,-0.08531010967057558,-0.003361487991535919,-0.0636795083939573,0.0066963731533107185,-0.07037588154726801,0.0127582924697958,-0.015511053648151843,0.028269346117947645,0.0413242514380676,-0.0052441654826604935,0.04656841692072809,0.0346191199291154,-0.011942427797007795,0.0465615477261232,0.0078938435681846,0.03582563232185989,-0.027931788753675288,-0.0304272786170031,-0.026751274979426455,-0.003676003637576645,0.1189552872552003,0.0016076680576342203,0.11734761919756607,0.1247756763534416,0.005628954253051075,0.11914672210039053,-0.111146955137634,-0.08276623593088543,-0.02838071920674856,-0.079467763524768,-0.07557296479928785,-0.003894798725480153,-0.0234136648529202,0.018603045673273023,-0.04201671052619323,-0.0624224785377151,-0.024058231521677832,-0.038364247016037266,-0.0562979596436348,-0.027115697732114814,-0.029182261911519985,-0.0534980163746931,-0.023707122289187497,-0.0297908940855056,-0.0720925671150583,-0.04948909241527795,-0.022603474699780357,0.0111417210212895,-0.016615296971102627,0.02775701799239213,0.0203495412293788,-0.013300914193845954,0.03365045542322476,-0.0989937452395415,-0.06479560064838817,-0.034198144591153334,-0.0028300463468516,-0.02083949761321577,0.01800945126636417,-0.077757614026125,-0.018865236451258795,-0.0588923775748662,-0.0751938604106892,-0.01052328980461192,-0.06467057060607728,-0.1947942758041338,-0.004445892613188942,-0.19034838319094485,-0.0085513284205011,-0.036921170528100546,0.028369842107599446,-0.0266607663733122,-0.015108246636592796,-0.011552519736719403,-0.0537298490385663,-0.00010301451016684476,-0.053626834528399454,-0.0476784812718529,-0.01811092254573849,-0.029567558726114412,-0.1330575867445265,-0.05457628381976787,-0.07848130292475863,-0.0279091967549986,-0.012593437768465018,-0.015315758986533581,-0.0227892790992321,-0.007150180910631732,-0.01563909818860037,-0.1241583168196308,-0.1667214973104315,0.04256318049080071,0.0131430640392101,0.03197333041939314,-0.01883026638018304,-0.0920285853775898,-0.04093186011771793,-0.05109672525987187,0.0093892732903984,0.010747417753423902,-0.001358144463025502,-0.0184976406315841,0.02410871287162804,-0.04260635350321214,0.0210628280808037,-0.0009714861803705038,0.022034314261174203,0.0235795379632395,0.001141419554408035,0.022438118408831465,-0.0608233440088155,-0.04056996586274271,-0.020253378146072788,-0.0321483907765923,-0.016972901878165497,-0.015175488898426806,-0.0359211105880913,-0.029966504365236655,-0.005954606222854642,-0.0358955195598827,-0.031418493794497765,-0.0044770257653849385,-0.0661471778777315,-0.04952740179113037,-0.016619776086601132,-0.0669173622351634,-0.011154669404587076,-0.05576269283057632,-0.067168939875626,-0.013726492332284436,-0.05344244754334156,-0.1128188126532505,-0.05370257094573538,-0.05911624170751512,-0.0369008257952859,0.017046678977171284,-0.05394750477245718,-0.0409658008785836,0.02081622960859398,-0.06178203048717758,-0.0564960140453545,-0.0023126201898811174,-0.05418339385547338,-0.0147382259584517,0.0012199455871623583,-0.015958171545614058,-0.0107253442689714,0.004310966751570744,-0.015036311020542144,-0.1465257314986808,-0.03177469351933962,-0.11475103797934119
2021-12-01,0.0465428478517761,0.050633119333985364,-0.004090271482209265,0.035376750636933,0.039702561891820025,-0.004325811254887027,-0.0362611074044872,0.06222077559094817,-0.09848188299543537,-0.061926711063098,0.008530201867624081,-0.07045691293072208,0.040920477091456,0.027114762358624346,0.013805714732831653,0.0414401139513538,0.027171306336421838,0.014268807614931964,-0.008011947867668,0.005176385570383193,-0.013188333438051193,0.0033634848091687,0.014984349356965956,-0.011620864547797257,0.0071720517906818,0.017428073759148205,-0.010256021968466405,-0.1251910983405127,-0.03692464779206993,-0.08826645054844277,0.0784042265853172,0.05368099007904976,0.024723236506267447,-0.0800238867304049,0.013868114089769665,-0.09389200082017457,0.0404143158092082,0.05561586382748303,-0.015201548018274828,0.1064682286382127,0.03647341163546708,0.06999481700274562,0.0910512880845105,0.05503448667626364,0.03601680140824686,0.0852169043352388,0.05592694235009854,0.029289961985140264,0.110864886373843,0.06579655221852067,0.045068334155322326,-0.0095161933011724,0.034276356929596415,-0.04379255023076881,0.0355300738722341,0.03778712593616737,-0.002257052063933271,0.0344798436665378,0.03962224809967175,-0.005142404433133949,-0.0454246323598506,-0.02017603795708488,-0.02524859440276572,-0.0248826406528358,-0.00021258863156146886,-0.02467005202127433,0.1000107340144442,0.05402487481897994,0.04598585919546426,0.1115271919471773,0.03180759061928012,0.07971960132789718,0.0895125180675645,0.04031733455195333,0.04919518351561117,0.0991632911111321,0.04348711821403317,0.05567617289709893,-0.0099390950668098,0.0012465673588095613,-0.01118566242561936,0.0532540617751317,0.052620435111328384,0.0006336266638033161,0.0567577141251061,0.05497387733419336,0.001783836790912742,-0.0338451072410294,0.00396224394731746,-0.037807351188346855,0.0477164861459064,0.025186245918170796,0.022530240227735605,0.0761830301253746,0.023255211095604276,0.052927819029770326,0.0813750986809214,0.030732161692302692,0.0506429369886187,-0.1151652094849441,0.05089062204131303,-0.16605583152625714,0.0320574343413263,0.056305920599268616,-0.024248486257942313,-0.0050825741202866,0.03425239631922086,-0.03933497043950746,0.0330636698862946,0.07958422638328498,-0.046520556496990384,0.03524891819928,0.07887835353183942,-0.04362943533255942,-0.0568453154229054,0.03573796603929044,-0.09258328146219584,0.0531060901195695,0.02458553101142558,0.028520559108143922,0.06303205525243,0.029328513966240203,0.0337035412861898,-0.1766977342104705,-0.11620569426021567,-0.06049203995025483,0.0489422373232552,0.06311377847390744,-0.014171541150652237,0.0794772445506238,0.033576356725848425,0.045900887824775374,-0.006747193832325,0.056848445254947685,-0.06359563908727268,0.0687639496023452,0.04932461307103043,0.01943933653131478,-0.0083572584879303,0.028057209575982223,-0.03641446806391252,-0.0047758434110879,0.02697225889229422,-0.03174810230338212,-0.0147661660046564,0.026183932403649343,-0.04095009840830574,0.0739745076237996,0.061617702005360354,0.01235680561843925,0.056595436935689,0.02740671570818137,0.029188721227507628,0.0599019149759482,0.025561634318756573,0.03434028065719162,0.0383562392306582,0.02287968038805,0.0154765588426082,0.0642579977857604,0.04792564148323561,0.01633235630252479,0.0663915537414634,0.04499736411288324,0.021394189628580154,-0.0961254160195477,0.030196667758644654,-0.12632208377819235,0.0747220222331632,0.048254794440302555,0.02646722779286064,0.0740054557300786,0.05056749942691692,0.023437956303161686,0.0592685973908335,0.03495512385393523,0.024313473536898264,0.0874396591224214,0.04819454180630239,0.039245117316119,0.0959971715001791,0.0483765570496245,0.0476206144505546,-0.0532834014273291,0.011052815210451507,-0.06433621663778061
2022-01-01,0.0031876387169328,-0.005007059265197798,0.008194697982130598,-0.0848603233648924,-0.026562806186970638,-0.058297517177921754,-0.117536911171938,-0.08518843567314627,-0.03234847549879173,-0.1108469116624449,-0.2047264546133955,0.0938795429509506,0.0313845605213392,0.029635800501984284,0.0017487600193549155,0.0344833915864553,0.030898998807536514,0.0035843927789187893,-0.0160814152386239,-0.0003742299859081852,-0.015707185252715715,-0.0935176237691473,-0.11133250847572437,0.017814884706577078,-0.089877549383388,-0.10781157496818045,0.017934025584792443,-0.1409837276949632,-0.1775620409498289,0.036578313254865685,-0.0707949369168506,-0.04340840433519565,-0.02738653258165495,-0.1362537615945203,-0.09569156720251844,-0.04056219439200186,-0.0095843514880396,-0.013895824865083055,0.004311473377043455,-0.0913389651740722,-0.07605329666955579,-0.015285668504516403,-0.1436270423139212,-0.09053308524332979,-0.05309395707059142,-0.1001419422740447,-0.07142735275635957,-0.02871458951768513,-0.0724456998683791,-0.011400125429461193,-0.0610455744389179,-0.1374534650408874,-0.12342379215215625,-0.014029672888731151,-0.0690812664706232,-0.12722796764937733,0.05814670117875413,-0.0650202768433305,-0.12649748888844542,0.061477212045114915,-0.1638616733980569,-0.11854940625457543,-0.04531226714348148,-0.1994496128192193,-0.13607583880792767,-0.06337377401129163,0.0184517224294442,0.013994216130738858,0.004457506298705342,-0.0796529541494052,-0.04412796628891488,-0.03552498786049031,-0.0244349430249346,0.0008560776375158121,-0.02529102066245041,-0.0262023718989085,0.0030104393268252047,-0.029212811225733704,-0.0763770600695341,-0.05480669794270615,-0.021570362126827947,-0.0729342951754369,-0.07215138846880073,-0.0007829067066361661,-0.0716246585880451,-0.06738382990996505,-0.0042408286780800525,-0.0755652027428527,-0.11233955164940974,0.03677434890655705,-0.1280025227389748,-0.10521148926514134,-0.02279103347383346,-0.0974827558887738,-0.06276008150471209,-0.03472267438406171,-0.0947991292153495,-0.05433670567941998,-0.04046242353592952,-0.1591431608293071,-0.005497596157038438,-0.15364556467226867,-0.0305733583443571,-0.0374140507326817,0.006840692388324597,-0.1160326366916951,-0.06543200747493273,-0.050600629216762366,0.1859696381950606,0.04342052289640661,0.142549115298654,0.1924619791725462,0.07685136522261526,0.11561061394993094,0.068109369702027,0.004104392852505893,0.0640049768495211,-0.0668736134229948,-0.027666306199755516,-0.039207307223239285,-0.0597738875089745,-0.020363948142063673,-0.039409939366910826,-0.1879368877052765,-0.2150185158246274,0.027081628119350887,-0.0346506199095675,0.0029150722299563572,-0.037565692139523855,-0.1035535348166015,-0.08720765574460998,-0.016345879071991518,-0.1299382951407291,-0.0515966289820319,-0.0783416661586972,-0.0906072335696839,-0.046849569473048934,-0.04375766409663497,-0.0974821672260645,-0.10055294931270678,0.0030707820866422847,-0.0972363287801341,-0.09803998899042968,0.0008036602102955842,-0.1762776926007132,-0.10879645208026127,-0.06748124052045192,-0.0436963112512373,-0.06334924375099989,0.019652932499762583,-0.0550587111493213,-0.04041826470071444,-0.014640446448606861,-0.0523629691015842,-0.03732212464087224,-0.01504084446071196,-0.034640162048718,-0.03785783453510928,0.003217672486391286,-0.0415787867656044,-0.048346859491902566,0.006768072726298167,-0.0401707498488223,-0.051351119475301674,0.011180369626479371,0.0053860143040366,-0.06841624106437294,0.07380225536840954,-0.0037393769304892,-0.00529886428696669,0.0015594873564774903,0.0082157195047874,-9.379955635017284e-05,0.008309519061137572,-0.0995238285603458,-0.051743291625327086,-0.04778053693501872,-0.0503628107127899,-0.04411426576583621,-0.006248544946953691,-0.0515677604188146,-0.039079521013028654,-0.012488239405785945,-0.0990222621091711,-0.09354500452028641,-0.00547725758888469
2022-02-01,0.077268243125232,-0.010328747790222066,0.08759699091545407,-0.0341100241498639,-0.01871175864100815,-0.01539826550885575,-0.0622667592414374,-0.029331549782571676,-0.03293520945886573,-0.0638349707024072,-0.03766814454538436,-0.026166826157022843,-0.0176333192295608,-0.003254638968301809,-0.01437868026125899,-0.0184543432686313,-0.004580812186382016,-0.013873531082249283,0.0031668376817603,0.008186697974507228,-0.005019860292746928,-0.071887242723446,-0.04300231664070395,-0.028884926082742055,-0.0742838284906914,-0.04515422178276709,-0.029129606707924312,-0.1113661036008382,-0.024167308444384004,-0.0871987951564542,-0.008169031442955,-0.02217603038503486,0.014006998942079862,0.0065588307762642,-0.005924523177280239,0.01248335395354444,-0.0020405993404601,-0.010834338429901655,0.008793739089441555,-0.0240748965123896,-0.028129113402197876,0.004054216889808275,-0.0465972464636876,-0.017510597181428368,-0.02908664928225923,-0.0090836644932416,-0.014111100646646993,0.005027436153405392,-0.0437557537457022,-0.020246891269016434,-0.02350886247668577,-0.0019609110477967,-0.01787972428019743,0.01591881323240073,-0.0253591276359864,-0.04522940225370115,0.01987027461771475,-0.0258793922052676,-0.04699261143101444,0.021113219225746844,-0.0813818419154327,-0.0234979848049539,-0.0578838571104788,-0.0066384848653307,-0.03295520853231141,0.02631672366698071,-0.0024298585847763,-0.00499721693134135,0.00256735834656505,0.009646579415408,0.0055714931577654035,0.004075086257642597,0.0068159440149859,-0.009205690619356418,0.016021634634342318,0.0082541083145447,-0.009070194784567534,0.017324303099112235,-0.0773503029417889,-0.0017130804032118238,-0.07563722253857708,-0.0533510848919052,-0.01693673545311343,-0.03641434943879177,-0.0601669208262612,-0.018483595015233847,-0.04168332581102735,-0.1195698433621151,-0.014726536977516332,-0.10484330638459877,-0.0433245185013653,-0.01964634869183868,-0.02367816980952662,0.0149209289216969,-0.015674066166296925,0.030594995087993824,0.011770127170281,-0.016582716356460324,0.028352843526741323,-0.0876217320323847,0.031906999950748444,-0.11952873198313314,0.1084252222071613,-0.0073610351902862435,0.11578625739744755,-0.0300133229363447,-0.011606154952170296,-0.018407167984174404,0.0787594850227354,0.009070296976371045,0.06968918804636436,0.0739608100324858,0.020962692909957906,0.05299811712252789,0.0845540643634398,0.007277768811286469,0.07727629555215333,-0.0268801160498819,-0.0061164573912626755,-0.020763658658619226,-0.0250885016969784,-0.006438754023355465,-0.018649747673622936,-0.1110086470956996,-0.029612331949045063,-0.08139631514665455,0.1083808346063798,-0.0052334687991125554,0.11361430340549236,-0.0360785458582818,-0.014366369515478539,-0.021712176342803265,0.0465262342879298,-0.01702324467209972,0.06354947896002952,-0.0170234941168971,-0.0241260028474809,0.007102508730583799,-0.0150695258239957,-0.0341633550472626,0.019093829223266905,-0.0149303935353693,-0.03569724247708337,0.020766848941714072,-0.0675588355017511,-0.021449220496608582,-0.04610961500514252,0.1672834848208382,-0.016035290711991286,0.1833187755328295,-0.0343719936910486,-0.01734649180928443,-0.017025501881764167,-0.0381208273736618,-0.01780391358375559,-0.02031691378990621,0.0121236318301518,-0.004419451804481687,0.016543083634633488,0.0032078064855821,-0.018169573072820227,0.021377379558402326,-0.001348491064149,-0.02211663485859058,0.02076814379444158,0.1154924512705976,-0.012176068314716178,0.12766851958531378,0.0011023880145925,-0.011677857723780438,0.012780245738372938,0.0096298910875781,-0.012065907842062507,0.02169579892964061,0.0328844339847824,-0.005159440235981904,0.0380438742207643,0.0184037350250462,-0.008048118977437613,0.026451854002483812,0.0200636230410859,-0.009259031944960198,0.0293226549860461,0.0147249895709444,-0.029645838465195664,0.044370828036140064
2022-03-01,-0.0264093170479928,0.020377200517964513,-0.04678651756595731,0.1211035612423437,0.024464197463935643,0.09663936377840805,-0.0016772340423655,0.024210673131995358,-0.025887907174360857,0.1224737645819736,0.02484790927642902,0.09762585530554457,-0.0335732779660067,0.0069946550747403274,-0.040567933040747024,-0.0327668271293334,0.009024367669039263,-0.04179119479837266,-0.0081695963782602,-0.017504983291181428,0.009335386912921228,0.0227196274681224,0.03578489796639828,-0.013065270498275876,0.0251703494009717,0.0375671908020966,-0.0123968414011249,-0.0002327252022016,-0.0053485991657739405,0.005115873963572341,0.0654970608630167,0.018537153433735066,0.04695990742928163,0.1032525598377659,0.004228334234924469,0.09902422560284144,-0.0021321241831226,0.03814122122804327,-0.04027334541116587,0.0235819653443381,0.029639235516606043,-0.006057270172267943,-0.0666855748416379,0.013958836582317514,-0.08064441142395541,-0.0607658702634278,0.01311393878996614,-0.07387980905339395,-0.0356346953179342,0.028663880610368585,-0.06429857592830279,0.0105085013164555,0.029304805933687304,-0.018796304617231804,0.0439208391723498,0.04052692857515608,0.003393910597193718,0.0461819520144757,0.04167572643530304,0.004506225579172657,0.014030240161013,0.006270440190591031,0.007759799970421968,-0.0442302656138975,0.027796690127834082,-0.07202695574173158,0.0184854077352868,0.0338203316271629,-0.015334923891876101,0.0003566594270452,0.03755124203862228,-0.03719458261157708,0.0598246291211019,0.019292973666347354,0.04053165545475454,0.064476698302311,0.019587977388692078,0.04488872091361892,-0.0160911611447234,-0.006739812947822695,-0.009351348196900705,0.0263849317773075,0.031350986706313255,-0.004966054929005755,0.0355926651960531,0.03503699321162668,0.000555671984426423,0.0122074529291912,-0.026676651873270563,0.038884104802461766,0.0392964854578476,0.03576658100072704,0.003529904457120557,0.0126384451582186,0.04364489245901644,-0.03100644730079784,0.0140398320724849,0.04601069592134119,-0.031970863848856286,-0.0625354047286856,0.027674715127638416,-0.09021011985632402,0.1124588686811994,0.050019998208534755,0.06243887047266465,0.1038435884422725,0.023173371924410453,0.08067021651786205,0.0962759353490784,0.023577439654369228,0.07269849569470917,0.0883665621071727,0.023197932587781488,0.0651686295193912,0.0871933090992495,-0.01980522147326668,0.10699853057251618,0.0657957484435455,0.04004837388484133,0.025747374558704163,0.0707435773590966,0.04184448817483738,0.028899089184259222,0.0132450792887046,-0.0256326545401712,0.0388777338288758,0.1477752938579827,0.05151058425759166,0.09626470960039102,-0.0073262113560037,-0.00404682038217518,-0.0032793909738285196,-0.097016689662987,0.008696627082160365,-0.10571331674514736,0.0022692513560878,0.01630196951883515,-0.014032718162747352,0.037602651429717,0.03214457098353184,0.005458080446185162,0.0435453181733517,0.03350619111146371,0.01003912706188799,-0.1005646083892051,-0.03348386918640015,-0.06708073920280494,0.091734013680133,0.026597399641765402,0.0651366140383676,0.0357960645903617,0.018597324839767358,0.01719873975059434,0.0354267038151972,0.023239100736118568,0.01218760307907863,0.0177463570480616,-0.0012617623359457352,0.019008119384007337,0.0616655637907072,0.027919829380276998,0.0337457344104302,0.0669845085815348,0.03260652557073698,0.03437798301079782,0.1463038642607338,0.0005941806032004632,0.14570968365753334,0.0923970757949585,0.029495111078155445,0.06290196471680305,0.0905933993783605,0.03316710873504232,0.05742629064331818,0.051467900508779,0.0027845533338967388,0.04868334717488226,0.0219929497680786,0.021123607903499417,0.0008693418645791817,0.0238159377909413,0.025071992922554524,-0.0012560551316132228,0.0385520084321858,-0.009294078675115105,0.04784608710730091
2022-04-01,-0.1103061226267097,-0.07778516391485009,-0.032520958711859616,-0.0218859025416913,-0.051477599898699884,0.029591697357008583,-0.068289520659409,-0.08350370272143748,0.015214182062028472,-0.1773667988841469,-0.20352600237658933,0.02615920349244244,-0.0894069156363617,-0.07983862153136607,-0.009568294104995628,-0.0896729308035949,-0.08205488477524024,-0.007618046028354655,-0.0785193378783757,-0.03625342576403374,-0.04226591211434196,-0.1237088497613436,-0.13377845664238527,0.010069606881041679,-0.1223646212771657,-0.1324184348406468,0.010053813563481104,-0.165098605596957,-0.16727599105835578,0.002177385461398784,-0.02408259977229,-0.08176251058364385,0.05767991081135385,-0.1676682401544374,-0.14155122250643806,-0.02611701764799934,-0.0925154770821022,-0.04518255839007304,-0.04733291869202916,-0.0968726844667416,-0.10791074374296172,0.011038059276220119,-0.0612762540752529,-0.1057047322391114,0.044428478163858504,-0.0074704118758763,-0.10110430368432996,0.09363389180845366,0.0189471684830491,-0.02628786953862396,0.04523503802167306,-0.1084525039024056,-0.13134422779927635,0.022891723896870747,-0.1327457805670779,-0.13624052724558006,0.003494746678502164,-0.1325065873751872,-0.1347601865306333,0.0022535991554460955,-0.1310223922071059,-0.13962813168824567,0.008605739481139768,-0.2868826518927204,-0.1890136660674309,-0.0978689858252895,0.0232586953837139,-0.013457375512792719,0.03671607089650662,-0.100162475086158,-0.06342139132300885,-0.03674108376314915,-0.0438460744722046,-0.06968977000450993,0.02584369553230533,-0.0372925183474505,-0.06712828843857997,0.02983577009112947,-0.1659399547729067,-0.07953967137735,-0.0864002833955567,-0.1021074626419459,-0.1082134126299608,0.006105949988014905,-0.100476701247632,-0.10629564868506411,0.005818947437432109,-0.1587454925606281,-0.12160318812582889,-0.0371423044347992,-0.1024207256109497,-0.11193557052874266,0.009514844917792961,-0.1056635074010136,-0.08339615311620575,-0.022267354284807847,-0.1040564172650749,-0.07627416861416106,-0.027782248650913846,-0.1407120033310296,-0.01138516177666294,-0.12932684155436666,-0.109030715389269,-0.1076606892902506,-0.001370026099018401,-0.060012804041057,-0.08390888844748527,0.02389608440642827,-0.0010008791534482,-0.02403394800318228,0.02303306884973408,-0.0021472654861874,-0.0194477013695535,0.0173004358833661,-0.024925501813131,-0.0632786638943558,0.0383531620812248,-0.0321987891824542,-0.05358094887436368,0.02138215969190948,-0.0240621782629579,-0.047957598221004705,0.023895419958046806,-0.3313129470691133,-0.20198289779979278,-0.1293300492693205,-0.0844908897045389,-0.010385224282027837,-0.07410566542251107,-0.1172774823517683,-0.128175485236012,0.010898002884243696,-0.0152725080126818,-0.06449779449569781,0.04922528648301601,-0.0621533464078888,-0.054442558558369956,-0.007710787849518841,-0.1223801935534184,-0.10560982846369037,-0.01677036508972804,-0.1262971828476794,-0.10399430080999167,-0.022302882037687738,-0.1197221769035475,-0.10977226751868072,-0.009949909384866784,-0.0598476311106598,-0.10651457620014997,0.04666694508949017,-0.0866094239026833,-0.09201946717191373,0.005410043269230433,-0.0852491237500045,-0.0926984484930792,0.007449324743074706,-0.117144677466986,-0.08407294221838456,-0.033071735248601436,-0.1143677599179134,-0.08673553574712121,-0.027632224170792183,-0.1145314000780355,-0.09280513308979706,-0.021726266988238443,-0.1007879957425406,-0.10228822784633593,0.0015002321037953237,-0.0427630490463657,-0.027825057987143235,-0.014937991059222465,-0.0455317794240002,-0.023640499369187183,-0.021891280054813014,-0.0849476480323389,-0.04942693490900639,-0.035520713123332506,-0.0238393635252615,-0.061641003679424794,0.03780164015416329,-0.0199858106534053,-0.05818075760290506,0.038194946949499764,-0.123288984925029,-0.099359259835774,-0.023929725089255005
2022-05-01,-0.0166179538395733,0.0403315487483843,-0.0569495025879576,-0.0307413527515971,0.00851402655398826,-0.03925537930558536,-0.0715013801536497,-0.003978029260358149,-0.06752335089329155,-0.0805984005272094,-0.05174766397358638,-0.028850736553623024,0.041638659174019,0.0566964889180513,-0.015057829744032296,0.0420488852630599,0.05667932441808223,-0.01463043915502233,-0.0518454374883284,0.027227862852651767,-0.07907330034098017,-0.0311279869966738,-0.03436571685108349,0.003237729854409694,-0.0287216729581654,-0.033359097573824825,0.004637424615659424,-0.154541941714366,-0.06596592022791187,-0.08857602148645413,0.0398922793540189,0.01830869434630993,0.02158358500770897,-0.1332755633623217,0.0008300353403074201,-0.13410559870262911,0.0598344275073758,0.016655519669102063,0.04317890783827373,-0.0275550787168828,-0.00531172327372241,-0.02224335544316039,0.0592834255967942,0.009392026165149094,0.049891399431645105,0.0190382929024392,0.019647876449805732,-0.0006095835473665309,-0.0491533890793883,0.016512828984640293,-0.06566621806402859,-0.0350033134116605,-0.016927194427866433,-0.018076118983794066,-0.0078272364001152,-0.03120760060242605,0.02338036420231085,-0.0093362201504846,-0.031571761327104535,0.022235541176619935,-0.0224828970986144,-0.04069122275919894,0.01820832566058454,-0.0393007573973918,-0.026405846756937187,-0.012894910640454612,-0.0248569513539632,0.02371141908866292,-0.04856837044262612,0.0036133922926951,0.0032901984844399632,0.0003231938082551367,0.0119651640418858,0.0356512774055589,-0.0236861133636731,0.006817428904344,0.037593797490803126,-0.030776368586459126,-0.0063438026193978,0.002724373657958824,-0.009068176277356624,0.02165679962798,0.010451379574478717,0.011205420053501282,0.0225370115689329,0.011328748472363578,0.011208263096569322,0.0076346444204397,-0.011961478257560955,0.019596122678000656,0.0244377290797153,-0.023546111396061702,0.047983840475777,-0.0172893212322583,-0.015763794120394997,-0.001525527111863302,-0.013243208569447,-0.011375397505616999,-0.0018678110638300008,-0.3228514326042382,0.03197370597979234,-0.35482513858403053,-0.0038626895053252,0.025350253093017215,-0.029212942598342416,-0.0352720099937575,0.0006809034161494418,-0.035952913409906945,0.1485998731721638,0.06770259602566411,0.08089727714649969,0.147636293563466,0.08914366086523565,0.05849263269823035,0.0593937904142051,0.0529069477907054,0.006486842623499703,0.0176184576333275,-0.0011936886655284397,0.01881214629885594,0.0235803862840112,0.002235879275104352,0.021344507008906846,-0.1494952612442127,-0.11417583084918112,-0.035319430395031576,-0.0823988755623769,0.013854198041577939,-0.09625307360395484,-0.0125984751521627,0.017542657285774376,-0.030141132437937077,-0.0030803636463093,0.015998885556035052,-0.019079249202344353,-0.0200480685792979,0.005532996168736818,-0.025581064748034718,-0.0617766342144023,-0.026270759758881438,-0.035505874455520864,-0.0601698470730101,-0.027150551035538525,-0.03301929603747158,-0.0935328186428482,-0.0035424995051634225,-0.08999031913768477,-0.0573099556498044,0.020826714541598373,-0.07813667019140277,-0.0117694043699047,0.012469288437860247,-0.024238692807764944,-0.0118066928674096,0.011285831009771765,-0.023092523877181366,-0.0005016021815692,0.01937229730633462,-0.019873899487903822,-0.0280058717681316,0.012408775682463163,-0.04041464745059477,-0.0248535471966718,0.0073618841863212015,-0.032215431382993,0.0366227640226031,0.005637050074338597,0.030985713948264507,0.0482468943760319,0.015180061989069285,0.03306683238696261,0.0555818562754491,0.01586496441409544,0.03971689186135366,0.0744117619831237,0.005578820957355536,0.06883294102576816,0.0079602758036493,0.013838174060020848,-0.0058778982563715484,0.005645510402379,0.013172728219592271,-0.007527217817213271,-0.044809017187096,-0.020197179013851745,-0.024611838173244253
2022-06-01,-0.0458498851576116,-0.12864477629703563,0.08279489113942404,-0.0430246959066161,-0.05799998134689015,0.014975285440274044,-0.1205266304890293,-0.0767806599996123,-0.043745970489417,-0.1190445313545006,-0.07832641490726164,-0.04071811644723897,-0.1165500815139148,-0.13571867463065893,0.019168593116744126,-0.11896989138536,-0.13854779933056027,0.01957790794520027,-0.0686611887269651,-0.06227466717147488,-0.0063865215554902155,-0.068503805119505,-0.064022434976344,-0.004481370143161009,-0.0678483594672471,-0.06404367003851444,-0.0038046894287326605,-0.2005410794597088,-0.09120052883367265,-0.10934055062603616,-0.1479440053363974,-0.10324152395857215,-0.044702481377825246,-0.1840424902299771,-0.1571001014158926,-0.026942388814084506,-0.0888066681373482,-0.09248906829168514,0.0036824001543369483,-0.0850267357007566,-0.09077018268124065,0.005743446980484054,-0.1078597940132093,-0.09398979796990728,-0.013869996043302024,-0.122594089566184,-0.10770173631127637,-0.014892353254907634,-0.0269515210176077,-0.06955073887479783,0.04259921785719013,-0.0925008439910222,-0.08961411439011678,-0.0028867296009054133,-0.1150298268191402,-0.06381944459263858,-0.05121038222650162,-0.1152511256997415,-0.061562013797363854,-0.05368911190237764,-0.076997997919918,-0.10655360001100686,0.02955560209108886,-0.1109820761861301,-0.11220696321211947,0.0012248870259893713,-0.0382296804690641,-0.07039856601655729,0.03216888554749319,-0.0777944790324986,-0.08392573942665886,0.0061312603941602595,-0.0272632414179037,-0.11567034541465275,0.08840710399674906,-0.0223839935867277,-0.1156847613167246,0.0933007677299969,-0.0635340462282926,-0.07399349412756091,0.01045944789926831,-0.1341038988795868,-0.11256487779452963,-0.02153902108505716,-0.1412476922996156,-0.11275922485306107,-0.02848846744655452,-0.1983394308880798,-0.11235116530115966,-0.08598826558692013,-0.0746198889519701,-0.06996298908165943,-0.004656899870310663,-0.0867574761641295,-0.07063555251742056,-0.016121923646708947,-0.0858692838761034,-0.07209263840977827,-0.013776645466325135,-0.0890793994274792,-0.07279984349739353,-0.016279555930085662,-0.2092765327761601,-0.15353298423815973,-0.05574354853800037,-0.0549284554692097,-0.07763869564674446,0.022710240177534757,-0.1677295444941181,-0.13834430735711659,-0.029385237137001502,-0.1614245590503156,-0.16173352917771047,0.0003089701273948642,-0.1946450340529913,-0.1507604987666071,-0.043884535286384196,0.0023394980906704,-0.060902406510545445,0.06324190460121584,0.0021579763975551,-0.06161982954175094,0.06377780593930604,-0.0996554957151122,-0.07671532403894937,-0.02294017167616283,-0.1287302941343608,-0.06423574141934342,-0.06449455271501738,-0.1407006187055273,-0.11002439718657668,-0.030676221518950622,-0.0895057450728055,-0.08244958388772797,-0.007056161185077528,-0.0657296392322344,-0.05047266534448759,-0.015256973887746814,-0.0912319742333755,-0.051284770934837035,-0.03994720329853847,-0.0888626090893182,-0.046738000158474534,-0.04212460893084367,-0.1602188609347639,-0.11906820216378428,-0.04115065877097962,-0.1930047107988012,-0.13133976441493095,-0.06166494638387024,-0.0778254080506838,-0.09575710185934609,0.01793169380866229,-0.0686330010612361,-0.0952908420999369,0.026657841038700808,-0.1040583815420804,-0.1198532260528426,0.0157948445107622,-0.0685732775314133,-0.10253278894036905,0.03395951140895574,-0.0501760134364361,-0.10434566036218772,0.054169646925751616,-0.1453959092039181,-0.14946957951463907,0.004073670310720978,-0.0644930859669499,-0.06272629381535842,-0.0017667921515914786,-0.0607354101548068,-0.06177610398874557,0.0010406938339387675,-0.0451924216096406,-0.060887441538882266,0.015695019929241667,-0.0714260101239491,-0.07629171801813228,0.004865707894183183,-0.0641541509565832,-0.07294849534789503,0.00879434439131184,-0.0570614308748779,-0.08321117831895099,0.026149747444073085
2022-07-01,0.0777398334282962,0.08870949210451598,-0.010969658676219782,0.0707418768993186,0.06598572568456525,0.004756151214753354,0.122573691467676,0.1042780831490868,0.018295608318589188,0.2748935128559741,0.21587163642281407,0.05902187643316001,0.0648760797571077,0.08845750230788305,-0.023581422550775347,0.06319063384155,0.08928652776868942,-0.026095893927139416,0.0182430755064629,0.039258167423299094,-0.021015091916836193,0.0906701265642516,0.1325563103389573,-0.041886183774705696,0.0915211391401366,0.13256508917074103,-0.04104395003060443,0.0889625908908015,0.10139061150643812,-0.012428020615636623,0.0661422121916793,0.09614790649111953,-0.030005694299440222,0.201159930504288,0.10537407063540555,0.09578585986888244,0.0050211978314072,0.043737794481945626,-0.03871659665053843,0.0993984492417103,0.11283634029614366,-0.013437891054433354,0.1638616706836357,0.1373911616322747,0.026470509051361002,0.1580678165724361,0.12912419804418993,0.028943618528246173,0.0100261020142616,0.03933283978314889,-0.029306737768887287,0.2115281564251665,0.1409780758329781,0.0705500805921884,0.1725151520526852,0.1554139349763425,0.017101217076342684,0.1719673441249871,0.15553280792510407,0.016434536199883026,0.0753680787825469,0.07816252518975117,-0.0027944464072042763,0.1749121706701078,0.1815289341721871,-0.0066167635020792925,0.0377920123856004,0.01777196108105659,0.020020051304543807,0.0826004189684022,0.05368321129980036,0.02891720766860184,0.0316758228731556,0.07495842841423131,-0.04328260554107571,0.039101367457481,0.07487825476556373,-0.035776887308082726,-0.0843389040161943,0.07083723797616619,-0.1551761419923605,0.1315375323021792,0.12272580235147429,0.008811729950704922,0.1350529955552912,0.12134623868199713,0.013706756873294076,-0.0872281989584461,0.09370179513134468,-0.18092999408979077,0.1303050955918596,0.11201429890474568,0.01829079668711392,0.0576703626017533,0.0700241349729232,-0.0123537723711699,0.0536405475494783,0.06622236102347673,-0.012581813473998428,0.0216425416693545,0.023935810144453635,-0.0022932684750991347,0.0685093806298425,0.10247095436674836,-0.03396157373690585,0.1132264706093996,0.09182273930433428,0.021403731305065316,0.0888954544943807,0.04075613162499821,0.048139322869382495,0.081744760029078,0.03536280315480634,0.046381956874271664,0.0816501323056378,0.053134479191606895,0.028515653114030898,0.0024204778452378,0.04640867673679543,-0.04398819889155763,-0.0003959514465165,0.04300429280003084,-0.04340024424654734,0.0033893545913656,0.06817448392769401,-0.0647851293363284,-0.1207386091708823,0.012620128528766593,-0.1333587376996489,0.1353400501272987,0.15616724487584796,-0.02082719474854927,0.0648421305352021,0.08732167247141566,-0.022479541936213557,0.1159112864078045,0.08145005821890153,0.03446122818890297,0.1703174012707673,0.11583612285903903,0.05448127841172827,0.1747731922774928,0.11521538668673217,0.059557805590760626,-0.0429321382658426,0.0918886986334467,-0.1348208368992893,0.1893508403289406,0.12061852622372222,0.06873231410521836,0.0835005254698257,0.09622889718670528,-0.012728371716879586,0.0789859097020299,0.09476954902172816,-0.015783639319698256,0.0237993637824282,0.0687455078902282,-0.0449461441078,0.1003602454832742,0.0946140884085352,0.0057461570747389945,0.0964458764242886,0.0949145229900118,0.0015313534342768081,0.0564217238610314,0.0623246494790536,-0.005902925618022199,0.0590862422705839,0.03541247382363618,0.02367376844694772,0.0573199270914805,0.031184668959694437,0.026135258131786066,0.0786946133412591,0.05737769839996452,0.021316914941294583,0.0901165390951638,0.07977100296306477,0.010345536132099029,0.0856422103745659,0.07588238209811114,0.00975982827645476,0.0391195779704773,0.07544867736433225,-0.03632909939385495
2022-08-01,-0.0141128110618766,-0.04120988315627673,0.02709707209440013,0.038150175599471,-0.03318758446373398,0.07133776006320498,-0.0591604179167317,-0.06328992191253473,0.00412950399580303,-0.0669595640945913,-0.047571417535469354,-0.019388146559121952,-0.0344744721368259,-0.024521355917566653,-0.009953116219259244,-0.0346526946277559,-0.024849647943610574,-0.009803046684145326,-0.0253181144785423,-0.009977192254701313,-0.015340922223840986,-0.0522885650770757,-0.040726642340010694,-0.011561922737065009,-0.0522230449167213,-0.042567314635645004,-0.009655730281076295,-0.0172870350281285,-0.028981647927621316,0.011694612899492817,-0.0175784132771712,-0.05411149888763267,0.036533085610461466,0.0272104589411673,-0.038783878614538574,0.06599433755570587,-0.0350819308636708,-0.03460509759974661,-0.00047683326392419095,-0.0417189751464116,-0.044968054952272775,0.0032490798058611783,-0.0644883377128188,-0.05592097120879833,-0.008567366504020464,-0.0725763253232247,-0.054126687284067235,-0.01844963803915746,-0.0260228850121113,-0.04902302565013262,0.02300014063802132,-0.0700428327754731,-0.04024828276882068,-0.029794550006652425,-0.0565098123004441,-0.05450262322859423,-0.0020071890718498728,-0.0564926843658305,-0.056001815416911675,-0.0004908689489188239,-0.052654509828642,-0.02868064020307451,-0.02397386962556749,-0.017334942811106,-0.03517266464210096,0.01783772183099496,-0.0102659980681177,-0.025637927398217346,0.015371929330099645,-0.0357725489684025,-0.010075161014544084,-0.025697387953858414,-0.0107200152368483,-0.032838465177016544,0.022118449940168244,-0.0139937916015057,-0.034187941583782584,0.020194149982276886,-0.0448035797276077,-0.017520422975778,-0.0272831567518297,-0.0444854209594372,-0.04701625230920658,0.0025308313497693774,-0.0452905433059615,-0.047373786216924396,0.0020832429109628944,-0.004477652228523,-0.05063488073834525,0.046157228509822255,-0.0852264136201636,-0.02958467154226447,-0.05564174207789913,-0.0531224191293576,-0.018484934728827805,-0.03463748440052979,-0.0531194044067823,-0.021823364229411835,-0.03129604017737046,0.0770379707449837,-0.0001854614346328161,0.07722343217961651,0.0654141987507802,-0.03547126816927522,0.10088546692005541,-0.0403596984388838,-0.0315309572525795,-0.0088287411863043,0.0284688994818696,-0.039260893674021156,0.06772979315589076,0.026136661817571,-0.028991320144505395,0.0551279819620764,0.0979576138213143,-0.04142708037063554,0.13938469419194982,-0.0584280550750042,-0.008706511000248237,-0.04972154407475596,-0.0620170044069038,-0.010253075847480768,-0.051763928559423036,-0.0281887938311023,-0.0006354366838679075,-0.027553357147234392,-0.0801450421722525,-0.02373909077920758,-0.056405951393044926,-0.0679144616490374,-0.05008153944019339,-0.017832922208844013,-0.0836463598200596,-0.0550598150201788,-0.028586544799880792,-0.0130894334396235,-0.047658187441095776,0.034568754001472274,-0.0319603205568561,-0.040840732293310436,0.008880411736454333,-0.0359933664871522,-0.03980662803152945,0.00381326154437725,-0.0237133330066595,-0.07285888606231944,0.049145553055659943,-0.0180599833121514,-0.05556016205461949,0.037500178742468096,-0.0331398292106123,-0.03327301219234301,0.0001331829817307062,-0.0264772506466046,-0.029973524467279626,0.0034962738206750256,-0.0304429556754113,-0.03446783501383378,0.004024879338422476,-0.0188662296871614,-0.04379238161683436,0.02492615192967296,-0.0190673048921831,-0.043618539535058745,0.024551234642875647,-0.0363539273780093,-0.05274981373825437,0.01639588636024507,-0.0105370639575501,-0.02994565420986957,0.019408590252319467,-0.0177475021387852,-0.029307267808295963,0.011559765669510762,-0.0484414221503033,-0.03409749726877929,-0.014343924881524014,-0.0058136867201852,-0.03559295448409362,0.02977926776390842,-0.0013335602990376,-0.03386736652177112,0.032533806222733525,0.0252728520059984,-0.052692098733997376,0.07796495073999578
2022-09-01,-0.1306321186951616,-0.10641200356245628,-0.024220115132705305,-0.0622485938461136,-0.06339425117373632,0.001145657327622715,-0.1752467588404671,-0.11524079771294597,-0.060005961127521115,-0.0644671927388288,-0.14364788988190536,0.07918069714307656,-0.0812712429514553,-0.08572144510460328,0.004450202153147981,-0.0825580802764598,-0.08658561909017655,0.004027538813716744,-0.0670224907922282,-0.0464418902408881,-0.020580600551340103,-0.1149732201215427,-0.09221034041760694,-0.022762879703935757,-0.116072621246938,-0.09141755471898903,-0.024655066527948966,-0.1742434895376662,-0.12695774639280102,-0.04728574314486517,-0.0960974023541138,-0.11009256207749947,0.013995159723385664,-0.1999020655769357,-0.1543161332240777,-0.045585932352858016,-0.1309419195507644,-0.08548467462454296,-0.04545724492622144,-0.104775193273795,-0.1056121416658909,0.0008369483920959014,-0.0714376133507499,-0.12685986609116706,0.05542225274041716,-0.0925834685096871,-0.12770494680490235,0.03512147829521525,-0.1113569758649178,-0.07692975409957846,-0.03442722176533934,-0.0776332698830558,-0.12521325637154235,0.04757998648848655,-0.12586901545785,-0.10943610754768704,-0.01643290791016297,-0.1263840774866778,-0.10827221790164424,-0.018111859585033557,-0.1592009521985332,-0.11507826604605621,-0.044122686152476984,-0.0349228265181264,-0.12920315246995698,0.09428032595183058,-0.0832334868953091,-0.057829895053361835,-0.025403591841947265,-0.0496714587166553,-0.08117647354049856,0.03150501482384326,-0.0475494253123114,-0.09020770396817684,0.042658278655865446,-0.0478228664762249,-0.09069804744635446,0.04287518097012956,-0.1225604470775219,-0.07544291371169516,-0.04711753336582673,-0.0950276200032946,-0.1253340748341403,0.030306454830845708,-0.0943881123627516,-0.12353120587467865,0.02914309351192705,-0.1480094157904252,-0.13575384708094917,-0.012255568709476028,-0.0790262125283245,-0.09781871920703292,0.018792506678708423,-0.0658480904172831,-0.0758868318513025,0.010038741434019408,-0.0652434671956639,-0.07614692316734112,0.010903455971677217,-0.1529235698574558,-0.06666793119852009,-0.08625563865893572,-0.0837136506845465,-0.1335711678250533,0.04985751714050679,-0.056621091311429,-0.09187145356593152,0.03525036225450252,-0.0957689142275081,-0.10387640016538628,0.008107485937878176,-0.0893016518695149,-0.10291307792783459,0.013611426058319692,-0.0608010262738991,-0.12004120751961758,0.05924018124571848,0.0004546062602039,-0.054167748854081016,0.05462235511428492,0.0047563396240506,-0.05318847415482934,0.057944813778879944,-0.1029889120749235,-0.10171062143879452,-0.0012782906361289842,0.04043219361282,-0.05917959807049958,0.09961179168331957,-0.13516395448865,-0.1292124233134747,-0.005951531175175301,-0.1411710122822876,-0.10404624721750397,-0.03712476506478363,-0.0573902603603461,-0.07483915657482933,0.017448896214483228,-0.0779232924194746,-0.08593652156582532,0.00801322914635072,-0.0742987629779567,-0.08083934554460927,0.006540582566652561,-0.183207563237797,-0.15200500038648293,-0.031202562851314064,-0.1712965971887661,-0.13963126599291942,-0.03166533119584669,-0.1096359235839265,-0.09002211675494637,-0.019613806828980132,-0.1052631676533995,-0.08615341000763638,-0.01910975764576313,-0.1540300937138684,-0.10814776384303121,-0.04588232987083718,-0.144526302039981,-0.10649517029811137,-0.03803113174186962,-0.1351423705170884,-0.10669241962369908,-0.028449950893389336,-0.8878669082719844,-0.14683608457808142,-0.741030823693903,-0.1159013446888275,-0.059938143563259244,-0.055963201125568254,-0.1116901429393267,-0.05715512457626606,-0.05453501836306065,-0.1195247575959564,-0.08022464536063996,-0.039300112235316445,-0.0895619221252032,-0.08842641000486545,-0.001135512120337745,-0.0843827715752843,-0.08298689673968661,-0.0013958748355976935,-0.1972817105656272,-0.10736415664209759,-0.08991755392352963
2022-10-01,0.1771617313636099,0.13277223448711004,0.04438949687649987,0.0062274892903326,0.07061643778109826,-0.06438894849076567,0.1194021686104798,0.1092408589700477,0.01016130964043209,-0.0670720219788153,0.0771540155079234,-0.1442260374867387,0.116360203220264,0.11880845853260831,-0.0024482553123443135,0.1166082372952856,0.11892815699789158,-0.002319919702605977,0.0243738583902467,0.06267902385167073,-0.03830516546142403,0.036581995756268,0.04556500273221806,-0.008983006975950059,0.0339983912080334,0.04576450212347323,-0.011766110915439831,-0.034271597713154,0.03221431288948966,-0.06648591060264367,0.077870001182014,0.11774110046294581,-0.03987109928093181,0.103653029807456,0.12849344619700473,-0.02484041638954873,0.0947435763229452,0.10325917125389057,-0.008515594930945378,0.1126408118827601,0.09003816605374007,0.022602645829020024,0.1125246423253547,0.13010406831162533,-0.01757942598627063,0.0880393235020184,0.1386460498418965,-0.05060672633987809,0.0437261946624296,0.09616800004681758,-0.05244180538438798,0.0794221066098272,0.10345161034804232,-0.02402950373821512,0.0922596450845165,0.07196241018088588,0.020297234903630626,0.0920255580415418,0.07092932235079777,0.021096235690744036,0.0094349544728718,0.04662481260043791,-0.03718985812756611,0.1569856816660509,0.07811181468760162,0.07887386697844928,0.1076621801591967,0.0875554020151042,0.020106778144092494,0.0377247989895695,0.08935487985091325,-0.051630080861343755,0.1253173450260916,0.11253551918259458,0.012781825843497019,0.1234667781923159,0.11572681966976685,0.007739958522549051,-0.0336691900790082,0.0645850645334775,-0.09825425461248569,0.1588622271864051,0.12875132558930813,0.03011090159709698,0.1602459923063072,0.1284128021811774,0.03183319012512981,0.1353621720141281,0.09513217749070393,0.040229994523424156,0.0501640910507965,0.07231598707128302,-0.02215189602048652,0.0800129577701201,0.05980913395023606,0.020203823819884045,0.0835472437491361,0.06577981866925914,0.017767425079876956,-0.0542202752313114,0.11696128945940998,-0.17118156469072138,0.0240748120274323,0.1504995900699402,-0.1264247780425079,0.110762827196182,0.08945688586456774,0.02130594133161426,0.2462036651179596,0.16925197677027082,0.07695168834768878,0.2498553071793206,0.18712631792362167,0.06272898925569895,0.1622541371581846,0.14809704550178815,0.014157091656396448,0.103071664836232,0.05664408931800932,0.04642757551822267,0.1061832869417213,0.060066304106218285,0.046116982835503015,-0.0874127669865394,-0.060887857067709245,-0.02652490991883015,0.0017835590247945,0.08753110091250764,-0.08574754188771314,0.0589010793713132,0.12806270394151137,-0.06916162457019817,0.0206678502575368,0.11506623480003898,-0.09439838454250218,0.0932916933911672,0.0796942603475282,0.013597433043639001,0.017717668671884,0.05572083525898504,-0.03800316658710104,0.0125164998467953,0.050109047596687786,-0.037592547749892485,0.0388659386023801,0.11925629662881625,-0.08039035802643615,0.1750733124957754,0.15017927983733703,0.02489403265843837,0.0539614324003878,0.08890932161550627,-0.03494788921511847,0.0461003744082244,0.08433198271932199,-0.03823160831109759,0.0500475405053579,0.10833668955660464,-0.058289149051246734,0.0829533825994781,0.11114669646824507,-0.028193313868766973,0.0775396140011165,0.10497252207250858,-0.02743290807139208,0.0823588354262633,0.1278507158217567,-0.0454918803954934,0.0378441293267923,0.07842241413036682,-0.040578284803574526,0.0365012650115261,0.07765389847316835,-0.04115263346164225,0.0976305636577446,0.08436969520811304,0.013260868449631563,0.1334048793260359,0.10281939531075437,0.030585484015281522,0.1347089683382606,0.09781612071954486,0.03689284761871574,0.0037843755940492,0.06459974092584153,-0.06081536533179233
2022-11-01,0.089688637385077,0.059379892132422826,0.030308745252654173,0.0453310223055028,0.056924835870838825,-0.011593813565336022,0.1691233774992536,0.08333492931092851,0.0857884481883251,-0.078769413202861,0.03048535098535276,-0.10925476418821375,0.0534291462742664,0.029704744879110574,0.023724401395155824,0.0557744085389578,0.030712584845077533,0.025061823693880266,0.0321789985061242,-0.0029110260895438,0.035090024595668,0.0588571169765921,0.04392200782205659,0.014935109154535511,0.06549383307565,0.04826559967484817,0.017228233400801832,-0.169921628940458,-0.039711270186339034,-0.13021035875411896,0.0931982392177892,0.06896256950500153,0.024235669712787677,-0.0518567007406961,0.006284685502343715,-0.058141386243039814,0.0310025347851829,0.06793699659211706,-0.03693446180693416,0.0920470938660891,0.05609245249482116,0.03595464137126794,0.0824077072354216,0.06794352463159496,0.014464182603826634,0.0603666929964141,0.06623527815092917,-0.00586858515451507,0.0995688106169387,0.08418495099659834,0.015383859620340362,0.0680135687264249,0.047230465743837845,0.020783102982587058,0.0427364441133446,0.07110813744884759,-0.028371693335502983,0.0418919186711986,0.07451975596938061,-0.032627837298182014,-0.0128657864969155,-0.01906951178823389,0.006203725291318388,0.0764367767843685,0.01790438700646861,0.05853238977789989,0.0365298582991502,0.06462743102389273,-0.02809757272474253,0.0453567303689675,0.0332488361605221,0.0121078942084454,0.0252795124453905,0.04823607605360006,-0.02295656360820956,0.0285816895406259,0.05176372807969104,-0.023182038539065142,0.0775857989221134,-0.0025316740012836835,0.08011747292339708,0.102927498021799,0.06661477310247,0.03631272491932899,0.1175095670819131,0.07087344042898405,0.046636126652929044,0.0149573995552196,-0.003104489776407232,0.01806188933162683,0.0962037759992222,0.04075142129612942,0.055452354703092774,0.0447834747653139,0.037770561184278614,0.007012913581035285,0.0474728044420592,0.04685957620434648,0.0006132282377127249,-0.0861880182404887,0.039566582992194774,-0.12575460123268348,0.1580579821337839,0.06571881741291882,0.09233916472086506,0.0342899520380991,0.044278735418221554,-0.009988783380122455,0.0030791603097555,0.07945162146859926,-0.07637246115884376,0.0042715060442895,0.0719357322152613,-0.0676642261709718,0.0329929677501607,0.02189370245043525,0.011099265299725453,0.0573822527929207,0.03518831519034414,0.022193937602576562,0.0619358182725402,0.04096333903273617,0.020972479239804033,-0.1709838006412831,-0.12951380231455567,-0.04146999832672743,0.1321136906430086,0.07731410362419237,0.05479958701881622,0.0753680366936187,0.039928599857085655,0.03543943683653305,0.0094353946451025,0.06863511048499471,-0.05919971583989221,0.0635708451359746,0.06903829532624937,-0.005467450190274781,0.0268092873957884,0.053360030234383564,-0.026550742838595164,0.0254513011493852,0.053882366512432535,-0.028431065363047334,-0.0351251612914138,0.0222766964923904,-0.0574018577838042,0.1130906059185205,0.0733359426649578,0.03975466325356271,0.0768270973022132,0.03935472215727331,0.03747237514493989,0.0820986280306895,0.03867625625965642,0.04342237177103308,-0.0881499633595975,0.01930512326290398,-0.10745508662250149,0.1062955912637835,0.062107321244772445,0.04418827001901106,0.1105548969597117,0.061559225163216706,0.04899567179649499,0.0005217614260253,0.025647016776255235,-0.025125255350229934,0.0620668246053267,0.061943793700724364,0.00012303090460233368,0.0588901814183042,0.06547145121699346,-0.006581269798689268,-0.0098817841606142,0.037699410600847416,-0.047581194761461616,0.0469420366811095,0.057667325656041366,-0.010725288974931864,0.0549346870600573,0.05966858564864978,-0.004733898588592481,0.0454009948334281,0.018645821299194253,0.026755173534233845
2022-12-01,0.0105582637048271,-0.06594143629878856,0.07649970000361565,-0.0612899352447051,-0.03584476892563662,-0.025445166319068478,0.001587997727018,-0.060461453021310715,0.06204945074832872,-0.2758140415239093,-0.12465152049898112,-0.1511625210249282,-0.0637319039156541,-0.07267971810426668,0.008947814188612582,-0.0630949379024269,-0.07384044126762371,0.010745503365196807,-0.0129512765802535,-0.03653750023299251,0.02358622365273901,-0.0661176824004476,-0.07926442842276066,0.013146746022313055,-0.0678942597305197,-0.07872202292269122,0.010827763192171519,-0.0708670979303321,-0.10071200028950886,0.02984490235917675,-0.0548018699552657,-0.06577602146309888,0.01097415150783318,-0.138118701731313,-0.10121621895890255,-0.03690248277241044,-0.062087751692134,-0.029852246152631236,-0.03223550553950276,-0.057483559979886,-0.07180934330650308,0.014325783326617082,0.0061502461878226,-0.07991620326739463,0.08606644945521723,-0.0495635232506373,-0.07971385707925069,0.030150333828613388,0.0123968530041215,-0.02326026518093423,0.03565711818505573,-0.0653169373338805,-0.0818371362615478,0.016520198927667304,-0.1075064060083186,-0.08300448707845641,-0.024501918929862185,-0.1091925727405972,-0.08200131321035475,-0.027191259530242443,-0.0313000291537267,-0.08650161107942314,0.05520158192569644,-0.0529094179133697,-0.11971264520848499,0.06680322729511529,-0.0241671869009796,-0.009299721925107658,-0.014867464975871943,-0.0476731241674679,-0.03165200813252282,-0.016021116034945077,-0.0310508168260585,-0.057625501336246485,0.026574684510187983,-0.027034463381909,-0.05661335090723296,0.029578887525323963,0.0103616622353256,-0.05771842986345505,0.06808009209878066,-0.040612599481148,-0.07548860401994587,0.03487600453879786,-0.0387901154711717,-0.0736304048375658,0.034840289366394106,-0.131569056647994,-0.09563793006815036,-0.03593112657984365,-0.030206660353055,-0.06296778127042799,0.03276112091737299,0.0030657213357571,-0.04147736190870373,0.04454308324446083,0.004329874416533,-0.038033089351886096,0.042362963768419096,0.2434169330673712,-0.002950496511311876,0.24636742957868307,-0.0377269976700556,-0.07159176969133324,0.03386477202127764,-0.0717588455960796,-0.05472025404054254,-0.017038591555537067,-0.0372516759540733,-0.03448932240296427,-0.0027623535511090286,-0.031307342958139,-0.035133580164910035,0.003826237206771034,-0.0175856161924705,-0.07032495763906718,0.052739341446596685,-0.0175657143390849,-0.023857510577912463,0.006291796238827564,-0.0158326563537181,-0.020903447129398792,0.005070790775680692,-0.1450561786750241,-0.11133034586076977,-0.03372583281425433,0.0213058516266452,0.0014976147392606982,0.019808236887384503,-0.0524106907256485,-0.10177940278256561,0.04936871205691711,-0.0398125514729493,-0.055519744057535785,0.015707192584586485,-0.0634933069733746,-0.04239581219624001,-0.021097494777134594,-0.0903962360300217,-0.062493756611211135,-0.027902479418810563,-0.0891292715846529,-0.06067648255952608,-0.028452789025126823,-0.1627435311798548,-0.0971098495180347,-0.0656336816618201,-0.0737567513237737,-0.08062603503072133,0.006869283706947629,-0.0625969713397505,-0.06655142714194626,0.00395445580219575,-0.0607912707043561,-0.06474508692680639,0.003953816222450286,-0.0811491837201654,-0.06829894641140888,-0.01285023730875652,-0.0760807262872215,-0.062191312286288256,-0.013889414000933242,-0.0718774606831355,-0.06386925037428405,-0.008008210308851446,-0.0702916996398781,-0.08057308218432797,0.01028138254444988,-0.0248025769451096,-0.019118401234493133,-0.005684175710616468,-0.0182452038472598,-0.015341500340689849,-0.0029037035065699497,-0.0580412126538892,-0.038517384466646126,-0.019523828187243075,-0.0538656916980645,-0.044568941245279346,-0.009296750452785156,-0.0519668947347778,-0.040666603182609146,-0.011300291552168655,-0.0421631121249382,-0.07480008160893425,0.03263696948399605
2023-01-01,0.0617063182565629,0.059148702031122026,0.002557616225440873,0.0009146891794492,0.039035168447822656,-0.038120479268373454,0.0815192060572735,0.06924116734759597,0.01227803870967753,0.2948272437897902,0.17907971433352002,0.11574752945627018,0.0974336696663416,0.05956997473609513,0.037863694930246466,0.1017998827500516,0.0591195941655949,0.042680288584456695,0.0430629614517562,0.03931592820103968,0.0037470332507165208,0.0923169232697104,0.09264998169866824,-0.00033305842895783866,0.0897440807258055,0.08971560303607039,2.847768973511522e-05,0.2815392016654867,0.11281013552612972,0.16872906613935695,0.0814063298814459,0.061975175962887624,0.019431153918558278,0.0106383710097338,0.10555608145498839,-0.09491771044525459,0.1396211206406114,0.02786230319734193,0.11175881744326949,0.0500305738568532,0.07984226540092758,-0.029811691544074377,0.1381295127618353,0.10441560959374233,0.033713903168092973,0.1267213903428092,0.09749785193762905,0.029223538405180133,0.0050628702338474,0.012383551437490065,-0.007320681203642664,0.091632549390203,0.11952050539313881,-0.02788795600293581,0.1209223607724827,0.10658595399709245,0.014336406775390248,0.1205413345677799,0.10463327640268667,0.015908058165093233,0.1022317548667839,0.08131580041869187,0.020915954448092036,0.1980831965426625,0.14643723463580724,0.05164596190685525,-0.0240621351102613,0.005799945809404687,-0.029862080919665985,0.0183945378020697,0.058948699654222274,-0.040554161852152576,0.0124287031199388,0.04993080069532834,-0.03750209757538954,0.000661135088794,0.048864435311127184,-0.048203300222333184,0.1971345126684695,0.0694126031716207,0.1277219094968488,0.084717070991914,0.09334840954573277,-0.008631338553818771,0.0722344350817787,0.08978473074020869,-0.01755029565843,0.297272536002618,0.09104156060099147,0.20623097540162652,0.0366789451148054,0.09424072543486299,-0.05756178032005759,0.030619585169868,0.05890643388768057,-0.02828684871781257,0.0287164885728969,0.05234556649759067,-0.023629077924693775,0.1958607525149298,0.04449279624444832,0.15136795627048147,0.1622448168502953,0.08223055243476811,0.08001426441552718,0.0726130409239555,0.0747778083681343,-0.002164767444178803,0.0370551763328768,0.025217506419736184,0.011837669913140614,0.0376614909471341,0.02435554622790174,0.013305944719232358,0.0292266943121692,0.0486322083490848,-0.019405514036915598,-0.0222856640252703,0.04005852089515645,-0.062344184920426746,-0.026756183144448,0.034918707802100386,-0.06167489094654839,0.1778123237028269,0.10776360413877298,0.07004871956405392,0.1213795852409935,0.003984151846787382,0.11739543339420612,0.14063742540847,0.12281986159960766,0.017817563808862333,0.0978466162085824,0.059211097502778094,0.038635518705804305,0.0962165319177954,0.04755176180283112,0.048664770114964284,0.1201082318612337,0.08181088324800127,0.03829734861323243,0.1171678624863754,0.07942756139177833,0.03774030109459707,0.1093291001390515,0.07966906090888623,0.029660039230165275,0.1989214781378361,0.08999793257366369,0.1089235455641724,0.0983091729623612,0.0692218453677929,0.029087327594568307,0.0916386731134995,0.06767048081132414,0.023968192302175367,0.1655449702651899,0.061783636197000176,0.10376133406818974,0.075366226512837,0.0669842283597579,0.008381998153079107,0.0664609915288356,0.06585323728609085,0.000607754242744743,0.0150368496323748,0.06060198477459688,-0.045565135142222074,0.0081221226702074,0.017578363830585017,-0.009456241160377616,-0.0017439321122313,0.012800158763190267,-0.014544090875421568,0.0505587463017453,0.050156819705966846,0.00040192659577845125,0.0610160092385263,0.06110519129809608,-8.918205956977981e-05,0.0498936927039584,0.056154445511146456,-0.006260752807188054,0.1162013074357324,0.05941971132927898,0.05678159610645342
2023-02-01,-0.0063305137396128,-0.03150028423436466,0.025169770494751862,-0.0086787050498138,-0.01170218015463582,0.0030234751048220185,-0.057906310669477,-0.02137477146223308,-0.03653153920724392,0.1016976026113819,-0.02093095670524213,0.12262855931662403,-0.0230537400743156,-0.029160920446235875,0.006107180371920276,-0.024150818865999,-0.03009619891399898,0.005945380047999979,-0.0028439657288088,-0.01384683987662812,0.01100287414781932,-0.0239065956449096,-0.017797231279045596,-0.006109364365864005,-0.0238282479367512,-0.017353843920026354,-0.006474404016724847,-0.0839367175999645,-0.04778031175961044,-0.03615640584035406,-0.0248962739059087,-0.02694881881444343,0.00205254490853473,-0.0666050459380644,-0.05634016420393943,-0.010264881734124973,-0.0548416360677796,-0.027073110885018396,-0.027768525182761204,-0.0008248400702502,-0.02478787992446817,0.023963039854217973,-0.0192040690411527,-0.02126586247572925,0.002061793434576551,0.0021680660241253,-0.02523051180440353,0.02739857782852883,-0.0362413460654583,-0.018857675247828855,-0.017383670817629444,0.0476718672322808,-0.024801098002114712,0.0724729652343955,0.029523494376567,-0.014530294950663804,0.04405378932723081,0.0322164681527156,-0.013552768989524906,0.04576923714224051,-0.0099624593626493,-0.04849118021096034,0.03852872084831104,-0.0441545646978557,-0.031079805193376164,-0.013074759504479533,-0.0084862588199109,-0.018181248308170004,0.009694989488259104,-0.0374841948982816,-0.025266990699573152,-0.012217204198708448,-0.0324328622385137,-0.02838960263177053,-0.00404325960674317,-0.0373789295729618,-0.027890240469164912,-0.00948868910379689,-0.0300096358923625,-0.02219583656579712,-0.007813799326565379,-0.0126233592480056,-0.02898897725639068,0.01636561800838508,-0.0166937371670038,-0.028606969293349223,0.011913232126345423,-0.0056159860481977,-0.04489337218670834,0.03927738613851064,-0.0519593562803286,-0.020326883129968464,-0.031632473150360135,-0.0269917963505754,-0.02217813673649517,-0.004813659614080229,-0.0267276819679711,-0.02196510045662581,-0.004762581511345287,-0.0987084112074393,-0.016587304433410596,-0.0821211067740287,-0.0359489114794131,-0.043224192694440784,0.007275281215027685,-0.0198733794082016,-0.02016267211304979,0.00028929270484819025,-0.0706191478747721,-0.03419744690930471,-0.03642170096546739,-0.0718726472665604,-0.03820679498090567,-0.033665852285654725,-0.1089287599409717,-0.0462558108315282,-0.0626729491094435,-0.0474746855504357,-0.016172261512420835,-0.031302424038014864,-0.0456776222090681,-0.015803024758300154,-0.029874597450767943,-0.1049501483330884,-0.05978393539766434,-0.045166212935424055,-0.1560155214328425,-0.017852536746667758,-0.13816298468617474,-0.0204063707453776,-0.024255598835432508,0.0038492280900549077,-0.0739771198369679,-0.020831446813331496,-0.05314567302363641,-0.0288907764424453,-0.008924668220980102,-0.019966108221465197,-0.0542033170184469,-0.012626719867292285,-0.04157659715115461,-0.0538319121219579,-0.010643889896176184,-0.04318802222578171,-0.0774391580572179,-0.04753755300287189,-0.02990160505434601,0.0087926994153461,-0.035489867790297315,0.044282567205643414,-0.0409621828240035,-0.02381990125737876,-0.017142281566624736,-0.0374545366056414,-0.02348416611576321,-0.013970370489878193,-0.0695822247272781,-0.03849992207035338,-0.031082302656924715,-0.003060914266775,-0.027377747544441375,0.024316833277666376,-0.0075915330343979,-0.02913237352864481,0.021540840494246913,0.0218828482941242,-0.058151361709876996,0.0800342100040012,-0.0572298414639768,-0.015480940558631504,-0.04174890090534529,-0.0588708762173753,-0.0150193247673224,-0.0438515514500529,-0.0937991315749629,-0.01786125551368496,-0.07593787606127794,-0.0050227532057634,-0.017642034123052278,0.012619280917288877,-0.0062189060076909,-0.016319084038120237,0.010100178030429337,0.0050432729375531,-0.03473733244874863,0.03978060538630173
2023-03-01,0.0343386014242588,-0.023555034931107333,0.05789363635536613,0.0650208137718428,0.03266050715826797,0.03236030661357482,0.0547656506794181,0.029658762309763807,0.02510688836965429,0.0015751433734037,0.032818643932871906,-0.031243500559468205,-0.091948183475025,-0.05125469669032854,-0.040693486784696455,-0.0866968870580858,-0.047867897817370345,-0.038828989240715456,-0.1530936183330203,-0.06887761031782623,-0.08421600801519406,0.0936394203144099,0.07249165035855461,0.021147769955855295,0.1014400194711311,0.07891664685722588,0.022523372613905218,-0.1004889209666124,-0.05036016395936159,-0.05012875700725081,-0.0209393520530541,0.0009321629622808672,-0.021871515015334967,-0.1895938871093216,-0.08805245855289343,-0.10154142855642817,0.0038416296286088,0.01819937009550794,-0.014357740466899142,0.0616721362615603,0.02926449894863253,0.03240763731292777,0.0486190131352172,-0.009934301940173008,0.05855331507539021,-0.0331855370367542,-0.022343383090614396,-0.010842153946139802,0.0438136069540019,0.03311947020671052,0.010694136747291381,-0.0236883707003138,0.009188245423643826,-0.032876616123957626,0.1131345371620713,0.08317144513128714,0.02996309203078415,0.1185016756435739,0.08904708472597092,0.029454590917602982,-0.0418764986614857,-0.03579450131331294,-0.00608199734817276,0.0310827816995103,0.01688061670214591,0.014202164997364392,0.0421971223535571,0.019674077366796036,0.02252304498676106,-0.042285013512339,-0.005911120397997817,-0.03637389311434119,-0.0485372166920528,-0.01928896379500125,-0.029248252897051547,-0.0416295513839105,-0.018597334005057118,-0.023032217378853383,0.0053882794369137,-0.053008957341270695,0.0583972367781844,0.0019491164791666,0.0038028555636814,-0.0018537390845148002,0.007382070052235,0.012033815841825161,-0.004651745789590161,-0.079230820424593,-0.09596736124634553,0.016736540821752535,0.0375376010023071,0.0331877287660326,0.004349872236274505,0.0382192192477294,0.04080585311255253,-0.0025866338648231346,0.0418936343052109,0.04585682589877707,-0.003963191593566173,-0.0426891925254732,-0.047361536337717336,0.0046723438122441355,-0.0367039672477275,-0.0056516239991202,-0.0310523432486073,0.0155884971899369,0.003574083953301271,0.01201441323663563,-0.0140894855954635,-0.05006513468905908,0.035975649093595574,-0.0081446028785744,-0.07717246151437554,0.06902785863580115,-0.0642773876741363,-0.1249463211580258,0.060668933483889506,0.0188612553751278,0.03172351875380599,-0.012862263378678188,0.0242041031483777,0.03536856054496542,-0.01116445739658772,-0.0916133251257279,-0.07586635276277659,-0.015746972362951306,0.1509080637852184,0.04675810058317048,0.10414996320204792,-0.0866427363425629,-0.04791922413278565,-0.03872351220977726,0.0005109207567128,-0.010077878225724615,0.010588798982437414,0.0483987486313197,0.031948241046463086,0.016450507584856618,0.0412357906791112,0.06267507904691097,-0.02143928836779977,0.0466402707299237,0.07021190085161487,-0.023571630121691167,-0.0837114155864815,-0.0995708231846837,0.015859407598202202,-0.0553229042896207,-0.014948042832154885,-0.04037486145746581,-0.0360509920868608,-0.0009683261117953718,-0.03508266597506543,-0.0326309251122347,0.0070740372833220655,-0.039704962395556764,-0.0538799137406841,-0.06750704748410068,0.013627133743416578,0.0111349308499779,0.00781737391022538,0.00331755693975252,0.0201974444901518,0.018524291811422094,0.001673152678729705,-0.1256984794649709,-0.07968524948352632,-0.04601322998144458,0.0374523917179455,0.02667611076076115,0.010776280957184352,0.0386522807321993,0.033629642294279054,0.005022638437920245,0.0350019741992815,-0.026486791930737608,0.06148876613001911,-0.0005751179792307,-0.0009013010124585309,0.00032618303322783093,0.007517201341826,0.009176969273579418,-0.0016597679317534178,-0.0563965363980975,-0.029047520548469208,-0.027349015849628296
2023-04-01,0.0019849469236655,0.005324261750537788,-0.0033393148268722876,0.0240896682658007,0.019880878257091027,0.004208790008709672,0.024588152596373,0.01950807415805099,0.005080078438322012,-0.1410194049120514,-0.02080869135952346,-0.12021071355252794,0.0216748502285303,-0.011462440923092947,0.03313729115162325,0.0264580592759639,-0.010500220922939788,0.03695828019890369,-0.0390858733822031,-0.022239548521533526,-0.016846324860669577,0.0218151782561813,0.007659655613101759,0.014155522643079541,0.0277575922359957,0.010754447094797517,0.017003145141198182,-0.0623048122475405,-0.056154582410131035,-0.006150229837409468,0.0019505096078481,0.010006855868102328,-0.008056346260254229,-0.1145828424326148,-0.039446759857788304,-0.07513608257482648,0.0232093004603624,0.0261379343787271,-0.0029286339183647,-0.0511262115134676,0.008321726477942232,-0.059447937991409835,0.06634467649122,0.00147567538958574,0.06486900110163427,0.0070169233550667,-8.390477309696588e-05,0.007100828128163666,0.0401723726458332,0.034190102345103904,0.0059822703007292935,-0.0354847088173003,-0.002600849863434989,-0.03288385895386531,-0.01255669283616,0.018026122108205048,-0.030582814944365048,-0.0078837912746943,0.020580094746600282,-0.02846388602129458,-0.0189109258357842,-0.03811010351009744,0.019199177674313242,0.0074645263544479,-0.02246262380906125,0.02992715016350915,0.0407435280551542,0.031087860788413198,0.009655667266741004,0.0264975660234411,0.00837294319186735,0.01812462283157375,0.0383923773625299,0.004190601183240509,0.03420177617928939,0.0418423391539731,0.005968392781842803,0.035873946372130296,-0.0841808340564338,-0.02610647713271798,-0.05807435692371582,-0.0362235022600914,0.00801718493114726,-0.04424068719123866,-0.0390330810168271,0.012076050526948014,-0.05110913154377511,-0.0553923994365688,-0.04882019734874258,-0.006572202087826218,-0.0531802538215365,0.005364189780064072,-0.058544443601600576,0.0724096355634001,0.014301634924198448,0.05810800063920166,0.0755248637811115,0.019968729570449303,0.0555561342106622,0.4086296479882941,0.01229606867167176,0.39633357931662233,0.0825765417200406,0.01227273571566749,0.07030380600437311,-0.0131914777403906,0.004230193598161125,-0.017421671338551725,0.0271611657720856,0.01960318298724705,0.00755798278483855,0.0310271681159647,0.014519754350095952,0.01650741376586875,-0.0493148986511248,-0.030525463742001366,-0.018789434909123437,0.0347771890471648,0.017743028852596134,0.017034160194568666,0.0360270709301648,0.021753228193697703,0.014273842736467098,-0.0104948691527,-0.10019508218914443,0.08970021303644443,0.0147380835396388,0.044796204489577655,-0.030058120949938857,0.0020538823426939,-0.022477472289046715,0.024531354631740616,0.0327878500247256,0.008803244736985856,0.02398460528773974,0.0694006912407503,0.01997721100506805,0.04942348023568224,0.0158446528659549,0.01380933954138287,0.0020353133245720294,0.019133260371677,0.01591997386008566,0.0032132865115913414,-0.0619185357919474,-0.041789481535776114,-0.020129054256171286,-0.0599016336844498,0.0059444417311633035,-0.0658460754156131,0.001528801354617,-0.0007636958681319179,0.002292497222748918,0.0051925395600453,0.0015901411713255724,0.003602398388719728,-0.0323120888941028,-0.021458142230612435,-0.010853946663490367,-0.0174115026918468,0.010898998998488778,-0.02831050169033558,-0.0172562406578674,0.012460380665482784,-0.029716621323350182,-0.0391167701596388,-0.025556919126353255,-0.013559851033285542,0.0217395101451391,0.026938290313794057,-0.005198780168654958,0.0291067632231137,0.031058909753255984,-0.001952146530142286,-0.0138945505035772,-0.0012901834088339063,-0.012604367094743293,0.0132728792729666,0.01165305890621728,0.0016198203667493211,0.0169323899640325,0.015758026082016815,0.001174363882015684,-0.0851023433422295,-0.02216313542139936,-0.06293920792083015
2023-05-01,-0.0271418996333239,-0.035213666631722824,0.008071766998398924,-0.0270354715005121,-0.00045131029818317164,-0.026584161202328926,-0.1471569129910502,-0.009340237038455372,-0.1378166759525948,0.134973037018362,0.07287200241729731,0.062101034601064684,-0.0457083116085292,-0.028748757071701665,-0.016959554536827535,-0.0452964245392437,-0.028110942259094274,-0.017185482280149426,-0.0715060129814458,-0.025188288769183564,-0.046317724212262226,0.0715905048400704,0.05088075264007449,0.020709752199995914,0.0740974040601539,0.05159316712927877,0.02250423693087513,0.0229945411240801,0.008876713451545552,0.014117827672534548,-0.0854159970608163,-0.0223076590116279,-0.0631083380491884,0.0031763873251209,-0.04419985249029332,0.047376239815414216,-0.0874991786547054,-0.035428681923194816,-0.05207049673151058,0.0454075087822151,0.008367853878058211,0.037039654904156886,-0.0200226976667284,-0.005240907956397257,-0.014781789710331145,-0.0108602125375374,-0.016819486292709754,0.0059592737551723545,-0.1052664386859358,-0.03385815026771018,-0.07140828841822562,0.0194463393729065,0.01611380585383266,0.0033325335190738416,0.1065313845690507,0.051040077273679575,0.05549130729537113,0.1071679146213576,0.05254696114344377,0.054620953477913826,0.125402862512789,-0.007751348429551513,0.13315421094234053,0.0437261062325315,0.05046833275447171,-0.00674222652194021,-0.0557510798311878,-0.03691318882522579,-0.01883789100596201,-0.061651314990082,-0.019780724173908904,-0.0418705908161731,-0.0415257047450826,-0.02951683113148937,-0.012008873613593235,-0.041100008614225,-0.031074587142639158,-0.01002542147158584,0.0937652859024403,-0.01043932601786874,0.10420461192030905,-0.0140620428766109,-0.009878163610653645,-0.004183879265957256,-0.0119588942870809,-0.008880422727136655,-0.0030784715599442448,-0.1813624068475981,-0.037889042651545024,-0.14347336419605308,-0.0291400429808199,0.023114593418017117,-0.05225463639883701,-0.0540972259640283,0.009511441159873662,-0.06360866712390197,-0.0554693337683228,0.00477237513301241,-0.060241708901335206,-0.0503382962380117,-0.05016962842582012,-0.00016866781219157523,-0.0686230902266232,-0.03354078841560548,-0.03508230181101772,-0.0092998708730817,-0.0020910351382545734,-0.007208835734827127,-0.0931510320336227,-0.08315027957416449,-0.01000075245945821,-0.0948718450692852,-0.09731442529822425,0.002442580228939048,-0.1148167072115246,-0.08681071377482832,-0.02800599343669627,-0.0274092621464893,0.0011108317733701982,-0.028520093919859497,-0.0291314221361807,-0.001942298886581535,-0.027189123249599163,0.0206732565485847,0.0306403524475621,-0.009967095898977402,-0.1049767099074654,-0.03355469656464676,-0.07142201334281864,-0.0168139548371992,-0.0006373926677181929,-0.016176562169481008,-0.0908321331056667,-0.026377364815818375,-0.06445476828984832,-0.0507972006459838,0.00036171244769698206,-0.051158913093680786,0.024511190870985,0.037040610601402194,-0.012529419730417192,0.0287587982054897,0.0416016792737596,-0.0128428810682699,-0.0729961858035107,-0.05824319553990504,-0.014752990263605652,-0.0870750990555299,-0.02906173078660116,-0.05801336826892874,-0.0454974097947038,-0.002335678445450109,-0.04316173134925369,-0.0476816954247499,0.0016016889281904806,-0.04928338435294038,-0.3290479906804457,-0.044540564203094594,-0.2845074264773511,-0.0187115268406045,-0.015652366402257777,-0.0030591604383467218,-0.0206081850240687,-0.011260799057996963,-0.009347385966071736,-0.1134526156554529,-0.07154719289110907,-0.04190542276434382,-0.0545109813240534,-0.02224724352147462,-0.03226373780257878,-0.0634475856718816,-0.022538544560503068,-0.04090904111137854,0.0278649368950279,-0.025095749830375588,0.05296068672540349,-0.0012017310384193,-0.015959817449576554,0.014758086411157254,-0.002267784480065,-0.012975864601489046,0.010708080121424046,0.0023197441343964,-0.01897386789985576,0.02129361203425216
2023-06-01,0.0750173766642005,0.0762179785829689,-0.0012006019187684042,0.0639752039908757,0.05479757800790927,0.009177625982966425,0.075604649207013,0.08582978403085734,-0.010225134823844337,0.2388740280042443,0.12313826294132509,0.1157357650629192,0.0701461447105641,0.06749020229642556,0.0026559424141385374,0.0702889017035232,0.06766619788667307,0.002622703816850133,0.0346985587224365,0.03256069802746869,0.002137860694967804,0.0476634726923424,0.07673896401717094,-0.02907549132482854,0.0462705922138899,0.0772688592457772,-0.0309982670318873,-0.0175305903963644,0.0456901618319699,-0.0632207522283343,0.0985089586469167,0.07955143681241751,0.018957521834499183,0.1653196111800647,0.07383640236563553,0.09148320881442916,0.0434392368017898,0.05113901301182938,-0.007699776210039581,0.0651732369232166,0.07905271710434185,-0.013879480181125253,0.1617001161494058,0.10414424076275311,0.05755587538665269,0.1926568104887692,0.10089392326254351,0.09176288722622569,0.0691494189140052,0.05163557019898035,0.017513848715024843,0.1613542713751507,0.09583186431141773,0.06552240706373298,0.085663286606036,0.09883816248366623,-0.013174875877630221,0.0857415502874274,0.09923208106054517,-0.013490530773117765,0.0492730780304892,0.03920864092050219,0.010064437109987008,0.094218072572265,0.1012283387385094,-0.007010266166244394,-0.0052496270365922,0.03623678038718878,-0.04148640742378098,0.0649349796088671,0.04876775308839093,0.01616722652047617,0.0415648203947278,0.06378146873072033,-0.022216648335992524,0.038423277507087,0.0651121451401368,-0.026688867633049798,0.0614907846760369,0.04688861722307498,0.014602167452961917,0.1408645378217797,0.09410961817240618,0.04675491964937353,0.1382141123775511,0.09376052954378855,0.04445358283376255,0.1060702193267896,0.06285281839057646,0.04321740093621314,0.056593235764371,0.07406984013123259,-0.01747660436686159,0.082801870444684,0.049641138855791606,0.03316073158889239,0.0861485381607986,0.050476434822330815,0.03567210333846778,-0.006065500913539,0.04510219506693405,-0.051167695980473056,0.1034783705149469,0.08573097478820012,0.017747395726746787,0.0547690288513534,0.06915637959686613,-0.014387350745512728,0.0659947775866567,0.06553724696694775,0.0004575306197089485,0.0608602906544951,0.06457345343349964,-0.0037131627790045404,0.083903184874206,0.05741101615421079,0.026492168719995213,0.0313169559069902,0.038227281478063896,-0.006910325571073697,0.0334694533357956,0.038188388867094955,-0.004718935531299352,-0.1037699990818582,-0.006745074231597736,-0.09702492485026047,-0.0014443122398108,0.0358804361469089,-0.0373247483867197,0.0921066782509287,0.10738784834568531,-0.015281170094756602,0.1155506325785494,0.07717885797338205,0.03837177460516736,0.0499069273896109,0.06740029970224061,-0.017493372312629707,0.0794836202419657,0.07454575627842107,0.004937863963544634,0.0766819782746113,0.07312026053648978,0.003561717738121528,0.0428096901048078,0.07155516940091114,-0.02874547929610334,0.1921764786552736,0.09817420566625136,0.09400227298902224,0.0570235854332292,0.06823007436802792,-0.011206488934798718,0.0541142260009821,0.06605312647524156,-0.01193890047425946,0.0513064144808981,0.05611180792061321,-0.00480539343971511,0.105380126336009,0.07602648517170565,0.02935364116430335,0.10246676761971,0.07396586168690475,0.028500905932805257,0.0230357247017176,0.056331976439194395,-0.033296251737476794,0.024603845630716,0.04255868775857158,-0.01795484212785558,0.0293910753131732,0.04078138217800484,-0.01139030686483164,-0.0013227041529389,0.05270360701747537,-0.054026311170414267,0.1070962093517456,0.06916266425107145,0.03793354510067415,0.1095835794505303,0.06636207597104048,0.04322150347948982,-0.0515095101107143,0.050652681934091476,-0.10216219204480578
2023-07-01,0.0221535141365139,0.06341505118612129,-0.04126153704960739,-0.0319383041119176,0.026827097681833705,-0.05876540179375131,0.0054929658443106,0.03610288708458704,-0.03060992124027644,0.0388076755031003,0.06202345349118073,-0.02321577798808043,0.0651322934679031,0.07521835424757539,-0.010086060779672293,0.0599259066972434,0.07473361660716075,-0.014807709909917352,0.0798569037477691,0.047140932905848115,0.03271597084192099,0.0417296252315312,0.024367679566218412,0.01736194566531279,0.0407949486959407,0.022844554855172023,0.017950393840768675,0.0586314488981681,0.028629440980054956,0.030002007918113142,0.0524586563412639,0.04874121751997977,0.0037174388212841275,0.1405893639294408,0.0708082613010191,0.0697811026284217,0.0037845337670486,0.02946493185451311,-0.025680398087464508,0.0230007714802892,0.04060007843264962,-0.017599306952360422,0.0311232990773463,0.06577045411673291,-0.034647155039386604,0.0259531681785925,0.06994584531369204,-0.04399267713509954,-0.0002959695292849,0.019140992812610728,-0.01943696234189563,0.0236201290271187,0.056129091605319495,-0.032508962578200795,0.0356444727727017,0.032622755054855616,0.0030217177178460813,0.0362557548235959,0.030780199416834166,0.005475555406761735,-0.0692032744321747,0.026862754146500804,-0.0960660285786755,0.0148660703887933,0.06276312086497472,-0.047897050476181424,0.0183904379979625,0.02157122392454755,-0.00318078592658505,0.0203473527034866,0.039487266336017894,-0.019139913632531293,0.0355333860613202,0.05504009010149914,-0.019506704040178943,0.0324167952545985,0.05562493929146482,-0.023208144036866322,0.0058716395558264,0.046950666900872,-0.04107902734504559,0.0557169913745166,0.06037521035146277,-0.0046582189769461685,0.0588144955927278,0.05834010049256861,0.00047439510015918895,0.0734209426839284,0.05451065542938558,0.018910287254542822,0.0329529386792675,0.03649401342236251,-0.0035410747430950143,-0.017100193063805,0.022725115183065598,-0.0398253082468706,-0.0178940573516198,0.021672434892323286,-0.03956649224394308,-0.0494271597873921,0.05341572688033066,-0.10284288666772276,0.0763913100552708,0.06635752447317893,0.010033785582091878,0.0338769464357106,0.04395952830268615,-0.010082581866975554,0.0834673436429927,0.06639927290930321,0.01706807073368949,0.0755048907944091,0.08194710549631085,-0.006442214701901747,0.082867713939239,0.0757907002716877,0.007077013667551299,0.0024905402807714,0.02237452173339996,-0.01988398145262856,0.0022962768882351,0.021543168395950114,-0.019246891507715014,-0.0545377760095564,-0.0015501059936544812,-0.05298767001590192,0.0308534111562922,0.012723554708323776,0.018129856447968423,0.0523841107493543,0.08313434143454472,-0.03075023068519042,0.0462429517717873,0.046536207822056266,-0.0002932560502689682,0.0077588746621591,0.02914258590470877,-0.021383711242549668,0.0317520692290866,0.02464303837456669,0.0071090308545199085,0.0305261626243381,0.02197774444804739,0.00854841817629071,0.0642027046998223,0.05443690499454435,0.009765799705277946,0.0247909214040338,0.06728963915502656,-0.04249871775099276,0.0519483683593572,0.04844417776543393,0.003504190593923269,0.0509724979679225,0.04618969714753421,0.004782800820388289,0.0413784743674841,0.05618793154221624,-0.014809457174732144,0.057174110239205,0.04734519563311688,0.009828914606088125,0.0538896068942302,0.042798910307477726,0.011090696586752477,-0.0252771697916928,0.05016633474345184,-0.07544350453514465,0.0151269845135822,0.021212475330850498,-0.006085490817268297,0.0088252747762542,0.018591180320880658,-0.009765905544626457,0.0002770486260785,0.036778017145132104,-0.03650096851905361,-0.0028117652843751,0.045398096175047024,-0.048209861459422125,-0.0094970933599032,0.04144990222676784,-0.05094699558667104,-0.0641469347185894,0.0263073102768013,-0.0904542449953907
2023-08-01,-0.0144393289196042,-0.0319262896355076,0.017486960715903402,-0.0469078497127317,0.0003573366323407724,-0.04726518634507247,-0.0567739154658751,-0.019270535172489646,-0.03750338029338545,-0.0466599224647395,-0.042464244228988125,-0.004195678235751378,-0.0606823865256265,-0.02912229525164362,-0.031560091273982877,-0.0589465717168248,-0.02830765932192288,-0.030638912394901918,-0.0500149533521468,-0.0330549604136279,-0.0169599929385189,-0.0135546647487808,-0.004495962796609738,-0.009058701952171063,-0.0106861627408435,-0.00024584108233752233,-0.010440321658505978,-0.1349518651515869,-0.09669930020040773,-0.03825256495117918,-0.0316660279740009,-0.024420672347556228,-0.007245355626444672,-0.3240036842885417,-0.10226542048368535,-0.22173826380485634,-0.0011290315821263,-0.023633349811404542,0.02250431822927824,0.0504669674728386,-0.021568126459035032,0.07203509393187363,-0.0264974617622505,-0.03464020025093551,0.008142738488685013,-0.0129094942642931,-0.03883649574914678,0.025927001484853676,-0.025202719135186,-0.003639183471372786,-0.021563535663813214,-0.0098566117863086,-0.04502687485536113,0.035170263069052535,-0.0256119826807748,-0.0004681453065527698,-0.02514383737422203,-0.0233805671034978,0.0032391421214975806,-0.02661970922499538,-0.1512372670589394,-0.0792587645929779,-0.07197850246596149,-0.0433704898693436,-0.04255648229371652,-0.0008140075756270793,-0.0550458015338789,-0.009913097002159518,-0.04513270453171938,-0.0606780765498026,-0.046102188363402144,-0.014575888186400453,-0.0154002762704353,-0.02725908964551717,0.011858813375081871,-0.0232001896707047,-0.02597902881588455,0.002778839145179849,-0.0219565032702721,-0.04773540485517828,0.02577890158490618,-0.0229278649338972,-0.037413554417650485,0.014485689483753287,-0.0216704420866361,-0.03307149783699993,0.011401055750363834,-0.0997253225700604,-0.08878730545569057,-0.010938017114369841,-0.0010471514820846,-0.030313856718362873,0.029266705236278272,-0.0676543276646918,-0.023696791893204564,-0.04395753577148724,-0.063483152913924,-0.019558774511894233,-0.04392437840202976,-0.0626270730273105,-0.05172235406461833,-0.010904718962692177,-0.0425257734040958,-0.05401978855873772,0.01149401515464192,-0.0255937322321559,-0.0302476879638128,0.0046539557316568995,0.0237460390450326,-0.04160622275619434,0.06535226180122694,0.0244050854527956,-0.050265572663208455,0.07467065811600405,-0.0702016772636652,-0.07900426999437057,0.00880259273070537,0.0265071536026835,-0.015752975739673172,0.04226012934235667,0.0312838457363973,-0.012428366654608756,0.04371221239100606,-0.1241516187575971,-0.1248195965438007,0.0006679777862036024,-0.0586571511177483,-0.008096473430851604,-0.0505606776868967,-0.0264598811370725,-0.04543055460478156,0.018970673467709063,0.025151469642131,-0.02538083395126758,0.05053230359339858,-0.0540355057466224,0.0024328039363736187,-0.05646830968299602,0.0098247236879332,-0.0038190182766779804,0.01364374196461118,0.014105043904659,0.0016794989995211579,0.012425544905137842,-0.1139403391427792,-0.08653352280404512,-0.027406816338734083,-0.027366029736392,-0.04658697975426062,0.01922095001786862,-0.0280666100518688,-0.02385995386784585,-0.004206656184022949,-0.0267991213118073,-0.02093259171775656,-0.005866529594050741,-0.0699348405364246,-0.06294258001539726,-0.0069922605210273325,-0.0543380702806557,-0.028253144393025505,-0.026084925887630197,-0.0540552144090183,-0.026571708255092235,-0.027483506153926068,-0.0484291262119299,-0.09230336321813577,0.04387423700620587,-0.0514861098378286,-0.005462635822821791,-0.04602347401500681,-0.0399277881348602,-0.002086771002177675,-0.03784101713268252,-0.1429213770774295,-0.03482420390191064,-0.10809717317551885,-0.0153629551922773,-0.0247392024721524,0.0093762472798751,-0.0186785111112443,-0.0192429462961642,0.0005644351849199009,-0.0655366680115194,-0.04947872086636104,-0.01605794714515836
2023-09-01,-0.0891321148592091,-0.049650493905808925,-0.03948162095340018,-0.0327758451798905,-0.02376789873401905,-0.009007946445871454,-0.0411019230788689,-0.054302387182095915,0.013200464103227012,-0.0280450955309562,-0.09014220078436183,0.06209710525340563,-0.0352327475328044,-0.03741813369699956,0.002185386164195162,-0.0337985010548576,-0.03773834614772861,0.003939845092871014,-0.0469756908157937,-0.025597058963881023,-0.021378631851912674,-0.0464258357120375,-0.04955560027097925,0.003129764558941754,-0.0455961412622764,-0.0471953411129567,0.0015991998506802996,-0.1423077269839739,-0.10965060954449551,-0.032657117439478384,-0.0485655579293541,-0.050878780308123574,0.002313222378769471,-0.0609542708608138,-0.10912049821759257,0.048166227356778765,-0.0496721688935705,-0.042873555887198656,-0.0067986130063718425,-0.0482918873045845,-0.054952676984943404,0.0066607896803589015,-0.0872379547610151,-0.06309888104751334,-0.02413907371350177,-0.0740868761449002,-0.06346053515441229,-0.010626340990487912,-0.0680284967858671,-0.027951355366738553,-0.04007714141912855,-0.0727242769668331,-0.07565600668234107,0.0029317297155079663,-0.082205680824809,-0.05291818939821678,-0.02928749142659222,-0.081826161317747,-0.05082259755091157,-0.031003563766835433,-0.118212070411681,-0.09277919601091517,-0.02543287440076583,-0.1111403549632278,-0.0813577364374678,-0.029782618525760002,-0.0583204608416615,-0.02330441732872008,-0.03501604351294142,-0.0317622907254663,-0.05539352245611387,0.023631231730647573,0.0227966914386122,-0.042312933021066854,0.06510962445967905,0.0270352032149112,-0.04135159110714901,0.06838679432206021,-0.0677948632683473,-0.050503624767044814,-0.017291238501302486,-0.065914301246365,-0.06636047136486181,0.0004461701184968053,-0.0668486747020387,-0.06383428240238172,-0.0030143922996569844,-0.0616116689722767,-0.09376084781636265,0.032149178844085954,-0.0734226698953909,-0.06039896267150696,-0.013023707223883935,-0.0652625583281481,-0.04820620740540366,-0.01705635092274444,-0.0614603867037482,-0.04535214077866872,-0.01610824592507948,0.0353049936368752,-0.04339098233151707,0.07869597596839227,-0.0109939228192974,-0.07721827042405358,0.06622434760475618,-0.0444932070401875,-0.05109571038263219,0.006602503342444693,0.0292829774388265,-0.04576383208961189,0.0750468095284384,0.0321163687807231,-0.04572102487826967,0.07783739365899277,0.0310763110262051,-0.06988957544358129,0.1009658864697864,-0.041030514781258,-0.03231761688373162,-0.008712897897526377,-0.0379589449242703,-0.029646368882491295,-0.008312576041779006,-0.1562065816311273,-0.1244733477938145,-0.0317332338373128,-0.0829418811977927,-0.02629013583782923,-0.056651745359963465,-0.1058507859270713,-0.06719121201016802,-0.03865957391690328,-0.0696189175187357,-0.04722802358226704,-0.022390893936468655,-0.0503214886398158,-0.02602001308984414,-0.02430147554997166,-0.0590221423829249,-0.04327051307974729,-0.01575162930317761,-0.0588952169798783,-0.0391174703147558,-0.019777746665122498,-0.1087300217451645,-0.09507860557176212,-0.013651416173402375,-0.0577760973902734,-0.0732510016266298,0.015474904236356397,-0.0499008115949285,-0.04572057600871111,-0.0041802355862173915,-0.0488510316943019,-0.043842343762004424,-0.005008687932297473,-0.0485193653276492,-0.06718119485040475,0.018661829522755545,-0.0437603522461139,-0.05393862337804397,0.010178271131930067,-0.0447397044351534,-0.055122537061072556,0.010382832625919158,0.0049423112506151,-0.09854433058932148,0.10348664183993658,-0.0505223488326951,-0.02360511132694866,-0.02691723750574644,-0.0448728307399391,-0.02111071879771506,-0.023762111942224037,-0.0871850219125623,-0.04421991255694196,-0.04296510935562035,-0.0186710962224289,-0.04327526553705043,0.024604169314621532,-0.0125694857066736,-0.03919085731367554,0.02662137160700194,-0.0822207016460859,-0.06742632438454098,-0.014794377261544922
2023-10-01,0.0238003064892831,-0.03395543764636992,0.05775574413565302,-0.0012108476666832,-0.0053094126225067565,0.0040985649558235564,0.0451962159628839,-0.033329898817148665,0.07852611478003257,-0.1640394694026757,-0.07000189659477771,-0.09403757280789798,-0.0324891302092357,-0.027615065044288643,-0.00487406516494706,-0.0322981786622529,-0.02651110393034382,-0.005787074731909082,-0.056134302924046,-0.03353094526906616,-0.022603357654979846,-0.0097958771359003,-0.019780609600519777,0.009984732464619478,-0.0050233208586588,-0.015560799545643409,0.01053747868698461,-0.1193909132212817,-0.10866540021036677,-0.010725513010914928,-0.0439679665364864,-0.032713990809471974,-0.011253975727014427,-0.0875149528642319,-0.10681690502380856,0.019301952159576655,-0.012353494269089,-0.022874578261184907,0.010521083992095906,-0.0295615861292022,-0.03207328335981858,0.0025116972306163804,-0.0547645372688117,-0.0503739622608077,-0.004390575008003994,-0.0538521153953777,-0.05155403521248597,-0.0022980801828917305,-0.0096206242832461,-0.006853278523361458,-0.0027673457598846414,-0.0896301354615829,-0.059761958248257405,-0.029868177213325492,-0.0307317879167326,-0.02047628528459401,-0.010255502632138591,-0.0263456383826977,-0.017109765144115833,-0.009235873238581868,-0.0717158474761917,-0.08472347799716551,0.013007630520973812,0.0263123717276837,-0.05901589515703515,0.08532826688471884,-0.0524317111454756,-0.006563793866527441,-0.045867917278948164,-0.0273730845150276,-0.04505015884744537,0.01767707433241777,0.0256020434614669,-0.027739755602178985,0.05334179906364589,0.0333346306468023,-0.026558141846715795,0.0598927724935181,-0.0272029690540382,-0.052745054733652,0.0255420856796138,-0.071036665301236,-0.04713955382195775,-0.02389711147927824,-0.0689061301284982,-0.04233474343417171,-0.026571386694326488,-0.0920296872720743,-0.09986415596612552,0.007834468694051216,-0.1099652705862008,-0.041389917200461986,-0.06857535338573881,-0.0688109766217984,-0.02690495255235814,-0.04190602406944026,-0.0617523929761062,-0.022290478472354724,-0.03946191450375147,-0.1946175849982586,-0.0466872731874797,-0.1479303118107789,-0.0811834170218807,-0.054137943441889054,-0.027045473579991645,-0.0076006409234816,-0.038035148094932116,0.030434507171450517,-0.0573821240633814,-0.03579864584929437,-0.02158347821408703,-0.0625438569915907,-0.03924673821039758,-0.023297118781193116,-0.0375521918836151,-0.07684347028191292,0.03929127839829782,-0.0392773691995099,-0.01510153595061078,-0.02417583324889912,-0.0358699002626383,-0.011232026612978781,-0.02463787364965952,-0.1486016554395192,-0.1326487372329072,-0.015952918206611988,0.0502029616811314,-0.004103148161346665,0.054306109842478065,-0.0739035767495665,-0.06154362556210442,-0.012359951187462082,-0.171018729736696,-0.03565131102678601,-0.13536741870990998,-0.0082124911372416,-0.008633752992533002,0.0004212618552914011,0.004420499634696,-0.018484412610904208,0.022904912245600206,0.0095339495846278,-0.013042766087346891,0.02257671567197469,-0.0955764705312424,-0.09999940768669391,0.0044229371554515146,-0.0624962239798389,-0.055417645054769496,-0.007078578925069405,-0.040054670521965,-0.029898414730806303,-0.010156255791158697,-0.0347902188975263,-0.026075012230862886,-0.008715206666663415,-0.0695539007256768,-0.06485949006777929,-0.00469441065789751,-0.057367224943706,-0.034798159005701136,-0.02256906593800486,-0.0558888149543172,-0.03278219121663107,-0.023106623737686127,-0.1297773150207694,-0.09408866481597589,-0.035688650204793504,-0.0045323483746691,-0.006096978323342308,0.0015646299486732082,0.0067122100231709,-0.0019246176197121245,0.008636827642883024,-0.0295341957043401,-0.04142437777674183,0.01189018207240173,-0.0046781571726987,-0.03136752681746575,0.02668936964476705,0.002376498277565,-0.025168514359179144,0.027545012636744144,-0.0119403470405584,-0.06006471082088943,0.04812436378033103
2023-11-01,0.1147398275123326,0.11437353092692457,0.0003662965854080297,0.0630564395970002,0.06219742435511997,0.0008590152418802358,0.1018887809351693,0.06821879490282977,0.03366998603233953,0.1658182905975467,0.1500016111164261,0.015816679481120616,0.1225447989145155,0.13693016926233492,-0.01438537034781942,0.1238452106680022,0.13986745788652022,-0.016022247218518013,0.0517045311923262,0.05576344315182447,-0.004058911959498271,0.1253586370717742,0.10452511909987539,0.020833517971898807,0.127293159263262,0.10468574919072574,0.022607410072536277,-0.0531353576062368,0.08027409586033617,-0.13340945346657296,0.0704246455571332,0.09076099562983234,-0.02033635007269914,-0.0641403082032868,0.12319413729453632,-0.18733444549782313,0.0711292885009844,0.06299431714144696,0.008134971359537446,0.0486053290683805,0.10125728089155735,-0.05265195182317685,0.1770479296816893,0.10443986048202489,0.07260806919966442,0.1451511959694383,0.10991722690558843,0.03523396906384986,0.0484628733355834,0.0374241417343194,0.011038731601264,0.0875393838038263,0.11271832014866061,-0.025178936344834313,0.1272826235288314,0.10821493042838197,0.019067693100449437,0.1286362878211946,0.10665929480711724,0.021976993014077364,0.0414686700061588,0.08405740055646391,-0.042588730550305105,0.1111121815670899,0.1660418244357758,-0.054929642868685916,0.0282985700061011,0.041048141917018846,-0.012749571910917745,0.0493459218101718,0.07451911412946789,-0.025173192319296094,0.0515063400907582,0.10419129841473869,-0.05268495832398049,0.0479374902189598,0.10336824278217224,-0.05543075256321244,0.1398329892590265,0.07385890758100466,0.06597408167802185,0.1009780201345712,0.11606205055080639,-0.015084030416235183,0.1021759198492646,0.11667471112702683,-0.01449879127776224,-0.1483477218778943,0.07585120785179521,-0.22419892972968952,0.1212276769520274,0.09297258213367951,0.028255094818347884,0.0986165512701999,0.07771887384287583,0.02089767742732407,0.0995995974827934,0.07489474836418612,0.024704849118607278,0.0132675961410714,0.05007389872911293,-0.03680630258804153,0.07367513387582,0.13819513444984804,-0.06452000057402804,0.1181931764233277,0.0839784858702204,0.0342146905531073,-0.0130193401048664,0.08588424527865361,-0.09890358538352001,-0.0069358170780728,0.10639144204583068,-0.11332725912390347,-0.0186799684711282,0.09022413892384072,-0.10890410739496892,0.0419702975379371,0.06548449433007304,-0.02351419679213594,0.0402311667757187,0.06363310202216495,-0.023401935246446244,-0.0076391793202951,0.06334792786467429,-0.0709871071849694,0.1169008762189694,0.033896108464298615,0.08300476775467078,0.1131420453142274,0.1321162289826753,-0.0189741836684479,0.049531677816944,0.0664498172753121,-0.0169181394583681,0.0782138083456678,0.054693561349322364,0.02352024699634543,0.0740096416634927,0.08222999124466557,-0.008220349581172862,0.0724375987971073,0.08135541644550247,-0.008917817648395165,0.0111503326328825,0.06149350292171392,-0.05034317028883142,0.1111078300853914,0.11864508680636499,-0.007537256720973579,0.1175261347332966,0.10384779246307323,0.013678342270223368,0.1211512416260867,0.10652724514298234,0.014623996483104362,0.0782146415129593,0.08825905488143132,-0.010044413368472019,0.1023817729251127,0.09618882478454044,0.006192948140572266,0.106206443979224,0.09889028314497919,0.007316160834244814,0.1571987209764761,0.08015687363806571,0.0770418473384104,0.0639778377614686,0.04527806305055679,0.018699774710911818,0.0591378349763283,0.04345489390615698,0.015682941070171326,0.0986313148152704,0.04352181266283962,0.05510950215243078,0.0885428156355686,0.0729909748189104,0.015551840816658197,0.0919100657036616,0.07137651410547159,0.02053355159819001,0.043098173938104,0.05427343547835541,-0.011175261540251412
2023-12-01,0.0613274460602079,0.08891208060868373,-0.02758463454847583,0.0756071913378867,0.02862027295086178,0.046986918387024915,0.0351582454476628,0.05409039579252298,-0.018932150344860177,0.0536363546403405,0.11505835060340304,-0.06142199596306254,0.0944954835130461,0.101747594350245,-0.0072521108371989,0.0892601916091526,0.09981007312579,-0.010549881516637397,0.1229551582378127,0.07984780244713176,0.04310735579068094,0.0360328642201485,0.031362685739286314,0.004670178480862187,0.031384330788947,0.025967282236067785,0.005417048552879215,0.1550966949123955,0.09834344346267819,0.05675325144971731,0.0506949083070276,0.06892223720414836,-0.01822732889712076,0.0949196281301762,0.14658018074057802,-0.051660552610401825,0.0319030740450861,0.04091374701819839,-0.00901067297311229,0.0467776567431985,0.05950935875797106,-0.012731702014772563,0.1624983546014771,0.1056416787472273,0.056856675854249805,0.1206484064520131,0.11087412661695309,0.009774279835060004,0.0100311943695259,0.01617126839114364,-0.006140074021617741,0.1019667783661732,0.10148790477095515,0.0004788735952180462,0.0641014438073659,0.041438244091417935,0.02266319971594797,0.0618771018898382,0.036568295324862984,0.025308806564975216,0.0725006468098128,0.07754628675524837,-0.005045639945435568,0.0418504046587384,0.10584093500017647,-0.06399053034143806,0.0403773608305104,0.023207718318185577,0.01716964251232482,0.1021403116270905,0.07522430351549343,0.02691600811159707,-0.0041798957823596,0.07589924841907517,-0.08007914420143476,-0.0105440828309794,0.07574492999557837,-0.08628901282655776,0.1663918589854176,0.08979878008696875,0.07659307889844887,0.1037696731132268,0.09491554514120122,0.008854127972025574,0.1039751734420237,0.08863927840124514,0.015335895040778563,0.1008104607236146,0.12295543252236193,-0.02214497179874733,0.0867515853870272,0.06568980273779594,0.021061782649231253,0.0716536487425187,0.038594548474014403,0.033059100268504296,0.06649507011888,0.033368312602633364,0.03312675751624664,0.0980274263161627,0.10030299643903909,-0.002275570122876394,0.0892470884700417,0.10505541810456175,-0.015808329634520044,0.0811527487406084,0.07294632769286132,0.00820642104774709,-0.0050393909747112,0.09534141754113835,-0.10038080851584956,-0.003340966329134,0.11801983693182866,-0.12136080326096266,-0.0739241497640113,0.1340615150405265,-0.20798566480453778,0.0643746543531572,0.0331105018353606,0.0312641525177966,0.0593596162390979,0.029032575481781737,0.03032704075731616,0.012256524683791,0.07824295611771903,-0.06598643143392803,0.0143828127411377,0.010756344104779311,0.0036264686363583886,0.1586905313359861,0.13546399013644564,0.023226541199540457,0.1043402032296533,0.0710076213727579,0.0333325818568954,0.0407520944800932,0.03287938685343798,0.00787270762665522,0.0604923076643288,0.03337241243351517,0.02711989523081363,0.0565567995648922,0.026520070001873987,0.030036729563018214,-0.0568718279847742,0.11904691560129844,-0.17591874358607265,0.0735077581262474,0.1067856371613994,-0.033277879035152,0.0911778230137071,0.07012518067632804,0.02105264233737905,0.0884273625681025,0.06481956625962725,0.02360779630847526,0.0569085035156171,0.10290464620009143,-0.045996142684474335,0.0833951185907992,0.07017814114797417,0.013216977442825031,0.0813261496634876,0.062060267131726195,0.019265882531761404,-0.1232379024099938,0.1087436255270298,-0.2319815279370236,0.0248490437439744,0.022162147447249023,0.002686896296725378,0.0188605645018766,0.015910504214044774,0.0029500602878318252,0.0520237790725562,0.06796843245288052,-0.015944653380324317,0.0289376225295013,0.07036314056155454,-0.04142551803205324,0.0156612227010301,0.061238189703782656,-0.04557696700275256,0.0348602858467309,0.0593099347724471,-0.024449648925716203
2024-01-01,-0.0110561581858839,-0.004625920679905522,-0.006430237505978378,0.0181178204341443,0.01941123048813148,-0.001293410053987181,-0.0620253137537246,-0.003718220124933418,-0.05830709362879118,-0.1756237733681554,-0.00976664018740021,-0.1658571331807552,0.0068757567959998,-0.0016460179927684547,0.008521774788768255,0.0112991093207891,0.001422322974453773,0.009876786346335327,-0.0266574209491449,-0.03407943145503979,0.007422010505894892,0.0363037372243642,0.033765073595884716,0.0025386636284794872,0.0414696673833483,0.03889248459114894,0.002577182792199359,-0.0612885860081458,-0.06869697224511247,0.0074083862369666645,-0.0507334006896665,-0.0040816744767758805,-0.04665172621289062,-0.0768531203826003,-0.07097894564098868,-0.005874174741611615,0.0394199489963132,0.005854253802481394,0.033565695193831804,0.0286658693548982,0.00953719064943963,0.01912867870545857,-0.0223633716686153,-0.021927040256156743,-0.00043633141245855503,0.0013345078424244,-0.024049133872185255,0.025383641714609655,0.0304032815301601,0.012595569973240794,0.017807711556919306,-0.0571165164112752,-0.016716957576661685,-0.04039955883461352,0.0246446315206712,0.03333448137292578,-0.008689849852254579,0.0275062243237474,0.037042758494945344,-0.009536534171197944,0.025288998577169,-0.043996216998369954,0.06928521557553896,0.0768713279573438,0.0036152628449987673,0.07325606511234503,-0.0107526764360992,0.012095663262140548,-0.022848339698239746,-0.0331508158600815,-0.01452747042132932,-0.01862334543875218,0.0220525934530177,-0.00013135966492973904,0.022183953117947436,0.016260592641364,0.0003316381396016744,0.015928954501762328,-0.0529602497822678,-0.03737506121897638,-0.01558518856329142,-0.0036104587137246,-0.007549510568826897,0.003939051855102297,-6.0930132109901416e-05,-0.0010293391731446859,0.0009684090410347844,-0.0703163669648978,-0.08415238207627043,0.013836015111372627,-0.002725454920895,0.0019179483467054452,-0.004643403267600445,0.0367538237128876,0.015144272429446128,0.021609551283441473,0.0432810160654856,0.019098857499410333,0.02418215856607527,-0.1141897852145924,-0.03915599353449253,-0.07503379168009988,-0.0200405873264939,-0.004362729634597439,-0.01567785769189646,-0.0230004826198274,-0.008253066324360084,-0.014747416295467317,-0.0069836312516455,-0.02178692052870698,0.014803289277061479,-0.0042385095735135,-0.026382285836325913,0.022143776262812415,-0.1069194538545872,-0.0723138578246923,-0.03460559602989491,0.0399882101816643,0.017415765682356,0.022572444499308297,0.042193341111841,0.020794317453442547,0.02139902365839845,-0.0771848348134818,-0.08762992884125312,0.010445094027771315,-0.1287207023618602,0.021295243214404253,-0.15001594557626446,-0.0409302464449383,-0.03466667134529885,-0.00626357509963945,-0.0681770535418394,-0.018539362068389856,-0.04963769147344954,0.0013269827045832,0.011391789888016427,-0.010064807183433227,0.0166258217647316,0.023533434384198266,-0.006907612619466666,0.0210837725750757,0.029677639260748994,-0.008593866685673295,-0.0834043075911889,-0.09134607743515301,0.007941769843964108,0.0191997795195755,-0.018820998638347478,0.03802077815792298,-0.0379309209226273,0.0030170871495440446,-0.040948008072171346,-0.0370479586789941,0.009809784069773463,-0.04685774274876757,-0.0296454634603545,-0.04518170730251367,0.015536243842159167,-0.0157350187625832,-0.0005450318894221319,-0.01518998687316107,-0.0153401145825856,0.006299268632273297,-0.021639383214858896,0.0091356726977627,-0.06899695280829406,0.07813262550605676,-0.0250573636809933,0.014485709005051986,-0.03954307268604529,-0.0162389930401474,0.019596757332616725,-0.035835750372764125,-0.0796198008653547,-0.031527897346666126,-0.04809190351868857,0.033156526380368,-0.00913396874151514,0.04229049512188314,0.0461735326672415,-0.0013798204784632798,0.04755335314570478,-0.1043336500461625,-0.038642656797634484,-0.06569099324852802
2024-02-01,0.0578114095561776,0.041801370971288894,0.016010038584888704,0.0725784142988525,0.037113849870684924,0.03546456442816758,0.0495743710505366,0.041976057071197545,0.007598313979339057,0.0856313700267482,0.10491057486698765,-0.019279204840239456,0.0267268937656417,0.04384419705186642,-0.01711730328622472,0.0299138671518266,0.045766580792669105,-0.015852713640842505,-0.0605190598165205,0.007411971877113944,-0.06793103169363444,0.0461480761714188,0.07879625991026877,-0.03264818373884997,0.0476148656202996,0.07972128370632839,-0.032106418086028786,4.765992444462266e-05,0.04169148820321255,-0.041643828278767926,0.0632603485889711,0.04028721169965341,0.022973136889317694,0.0082168947206554,0.03959152778894501,-0.03137463306828961,-0.0322534733778522,0.02948460850943939,-0.06173808188729159,0.0501217798492179,0.05945004795835655,-0.00932826810913865,0.0997529854414475,0.05272061768616324,0.047032367755284264,0.1071959093438311,0.049101527285500025,0.05809438205833107,0.0343652991078525,0.018696557821655062,0.015668741286197437,0.116342071888964,0.06864629569991225,0.047695776189051756,0.0838969419437851,0.08450336649251303,-0.0006064245487279324,0.0851142964592729,0.0849933786008363,0.00012091785843659775,-0.0889524362399749,0.03838788761360243,-0.12734032385357733,0.0624286543958984,0.09864199067278841,-0.03621333627689001,0.0012224539432634,0.01742379923046973,-0.01620134528720633,0.035785814286301,0.038431264456484114,-0.0026454501701831112,0.0316543158980905,0.03854224731884114,-0.006887931420750643,0.0269421034508263,0.03788098184380702,-0.01093887839298072,0.1393336998312564,0.02620282051053792,0.11313087932071848,0.0869364023511398,0.05946961782863297,0.027466784522506824,0.0949326227449998,0.061149114626505664,0.03378350811849414,0.0766447130598477,0.015421375236805476,0.06122333782304222,0.0797078140689169,0.06416265536908528,0.015545158699831627,0.0249394572621111,0.05328431469558826,-0.02834485743347716,0.0274122668699824,0.05139727352557825,-0.023985006655595848,0.0085455370219184,0.013515459113195589,-0.004969922091277189,-0.0114427315576578,0.06281439201633554,-0.07425712357399333,0.0350479188135143,0.04584863441572177,-0.010800715602207467,0.0334117649352095,0.013794348223436139,0.019617416711773358,0.0319956138844178,0.01351672180583052,0.018478892078587283,-0.0307686193575891,-0.0002963087578902049,-0.030472310599698897,0.054647441252783,0.04217753827450103,0.012469902978281974,0.0523060101011268,0.04090008372256761,0.011405926378559195,-0.0027643593325547,0.03343745496137538,-0.03620181429393008,-0.0761928115534089,0.022959972784932742,-0.09915278433834164,0.0247415957355666,0.05683470240965705,-0.03209310667409045,0.0500339553530836,0.02738084028690811,0.022653115066175494,0.0612803863342993,0.03431474587259561,0.026965640461703695,0.105855478864402,0.06453043667868635,0.041325042185715644,0.1055234237547185,0.06606843773107965,0.03945498602363885,0.0191072163048769,0.0025978745707625856,0.016509341734114315,0.0396581931452306,0.052253729993595364,-0.012595536848364765,0.0355474390857533,0.04974817324616309,-0.01420073416040979,0.0399590564756833,0.05326317554497894,-0.013304119069295642,-0.0443163718835823,0.021890867012648772,-0.06620723889623106,0.0584449256744722,0.04728113805137648,0.011163787623095722,0.06064078981134,0.05143690298904192,0.009203886822298085,-0.0427325416323467,0.012854141193192989,-0.05558668282553969,0.0109710272152443,0.02383993222299642,-0.012868905007752122,0.0155205514333352,0.024089308646459775,-0.008568757213124575,-0.0285751163610514,0.01542897411476334,-0.044004090475814744,0.0549714085862213,0.03584303113046602,0.019128377455755283,0.0577101953750018,0.037293880300185066,0.020416315074816734,-0.3025657764318122,0.01964298830997202,-0.3222087647417842
2024-03-01,0.0532799574259544,0.05712080744793585,-0.003840850021981451,0.0412594296605257,0.03310426716589538,0.008155162494630316,-0.0782107499485416,0.03057735051988132,-0.10878810046842292,-0.0561420823900221,0.022549516074219303,-0.0786915984642414,0.0474646960750879,0.0672851392467395,-0.019820443171651596,0.0484366681270977,0.06844625509934285,-0.02000958697224515,-0.0203705025740278,0.024333321907757076,-0.04470382448178488,0.0167558997965694,0.024992483621163478,-0.00823658382459408,0.0183209421547987,0.026973526059738732,-0.008652583904940031,-0.0516149386952252,-0.025680731949501892,-0.02593420674572331,0.049082723736098,0.043862833432777595,0.005219890303320401,0.2588600894539374,0.021579239356192645,0.23728085009774474,0.0129451190254103,0.033091231641825966,-0.020146112616415666,0.0496703449040233,0.03501207081259764,0.014658274091425658,0.0935145021747387,0.042204994290093306,0.05130950788464539,0.0546172253392667,0.04716144047700349,0.007455784862263212,0.0318376876583261,0.032414322389914325,-0.000576634731588227,0.0627004690236541,0.027292039836747398,0.035408429186906704,0.0281386130191056,0.03250396519585417,-0.00436535217674857,0.0290372379752535,0.03312860643265071,-0.004091368457397212,-0.0704206334204087,-0.007604992518728006,-0.0628156409016807,0.000955631666085,0.03603201101945033,-0.035076379353365335,0.0438937068106348,0.03141715330039837,0.01247655351023643,0.0563476283970081,0.020406894982772046,0.03594073341423605,0.0409616630041165,0.05104610584194,-0.010084442837823497,0.0373937079352129,0.05242348682074874,-0.01502977888553584,0.0001516184619901,0.016455180586010885,-0.016303562124020784,0.0595320889980447,0.04457169548467918,0.01496039351336552,0.0621826738043379,0.046516549248731866,0.015666124555606037,0.002554175035365,0.0044384963103993366,-0.0018843212750343365,0.0219314863153222,0.01979884208367558,0.002132644231646618,0.0337044428044851,0.018644480923895472,0.015059961880589626,0.0352785929713361,0.021832945112953674,0.013445647858382426,-0.0830958403885785,0.024697915767598173,-0.10779375615617667,0.1508820287200126,0.05319280772339082,0.09768922099662178,0.0424770705241624,0.028407800295365312,0.014069270228797087,0.1054447194582355,0.060641937380773135,0.04480278207746236,0.1071846131797538,0.07292308165035999,0.034261531529393804,0.0174684578699857,0.04154423144488755,-0.02407577357490185,0.0123392604304102,0.022053517014988235,-0.009714256584578035,0.0129481295796085,0.02444449010049301,-0.01149636052088451,-0.0199262574366932,-0.07030876309687964,0.05038250566018644,0.1823957273935309,0.02643913149482395,0.15595659589870697,0.0260528712600308,0.04850318253493308,-0.022450311274902282,0.0392624875264222,0.03544706412550454,0.0038154234009176655,0.0118426710046134,0.03249966898699044,-0.020656997982377044,0.0254909325332868,0.02311180142231431,0.0023791311109724912,0.0245971383763972,0.023573730512338256,0.001023407864058943,-0.0672964004238348,0.0088006839799466,-0.0760970844037814,0.0640583409118901,0.049416246757448615,0.014642094154441482,0.0340052917068685,0.040494680064524016,-0.006489388357655515,0.0322491984486309,0.04102772029154926,-0.008778521842918358,0.0285407396800286,0.02856637634707035,-2.5636667041750716e-05,0.0184652593550139,0.040508565215125004,-0.022043305860111103,0.0145009803879578,0.03930032614628666,-0.02479934575832886,-0.0399933675373915,0.01582500172920692,-0.05581836926659842,0.0597240618214125,0.029934730896302983,0.02978933092510952,0.0648393324991488,0.0306994746879721,0.034139857811176705,-0.0011952522556266,0.016923416792872292,-0.018118669048498893,0.0416085641470998,0.03387483917301052,0.007733724974089279,0.0416749886847983,0.03429178584481745,0.007383202839980847,0.0351472537330775,0.004845115037266271,0.030302138695811227
2024-04-01,0.023519914860115,-0.054069923478186455,0.07758983833830145,-0.0337711413567187,-0.020310178800378064,-0.013460962556340637,-0.0595455926362689,-0.05028954820798657,-0.009256044428282331,-0.0237732212251567,-0.08240189754137028,0.05862867631621359,-0.0342120015391558,-0.04863143061686528,0.014419429077709475,-0.0326380555064449,-0.0483321414540955,0.0156940859476506,-0.0461675805597816,-0.036892354652641735,-0.009275225907139868,-0.0549811496342103,-0.03741272061451121,-0.017568429019699093,-0.0533710062873585,-0.03465889972659294,-0.018712106560765558,-0.1224621452953541,-0.10207599815229883,-0.02038614714305527,-0.0598778080181019,-0.05205145387135066,-0.007826354146751237,-0.0818947573655098,-0.1115592477964558,0.029664490430946003,-0.0652517394533654,-0.035909805234016316,-0.029341934219349088,-0.0623171515995788,-0.04928937780051144,-0.01302777379906736,-0.0816091388013514,-0.06641507418332472,-0.015194064618026679,-0.0818422275106224,-0.06844903330155401,-0.013393194209068385,-0.0163807525614119,-0.023388537296920944,0.007007784735509042,-0.044159388415768,-0.06985575469728639,0.02569636628151839,-0.0324252634455962,-0.041283054798180265,0.008857791352584063,-0.0317431227746296,-0.03876536687499498,0.00702224410036538,-0.0807318415042204,-0.08522302816011791,0.004491186655897511,-0.0947521360750299,-0.07533800674677331,-0.01941412932825659,-0.0075260612661027,-0.017902110001257132,0.010376048735154433,-0.0798196636187659,-0.04721889655338197,-0.03260076706538393,-0.0458486292270758,-0.045554086528262205,-0.00029454269881359213,-0.0373150625432192,-0.04488496601572009,0.0075699034725008885,-0.0395540252624944,-0.05542623028075204,0.01587220501825764,-0.0500841822889905,-0.06392996541703501,0.013845783128044506,-0.044547561119362,-0.06038717231449528,0.01583961119513328,-0.0573883001006098,-0.10216050494368496,0.04477220484307516,-0.0382701152791948,-0.0500622238288186,0.0117921085496238,-0.0617082603273414,-0.03493507617901113,-0.02677318414833027,-0.0606531598121051,-0.03200601694056016,-0.028647142871544934,0.0576940851955733,-0.04293381995843656,0.10062790515400985,0.0397951016445521,-0.07106911222226021,0.1108642138668123,-0.0509683252275946,-0.048003920234699404,-0.0029644049928951935,-0.0084944202537183,-0.05258023696553889,0.04408581671182059,-0.0070190250399331,-0.0564648352657728,0.0494458102258397,0.0046465705663516,-0.08663161003697718,0.09127818060332879,-0.0548324407970436,-0.021932024395843137,-0.032900416401200464,-0.051739292963439,-0.019204012661800066,-0.032535280301638936,-0.1596762454068828,-0.11157671499996512,-0.04809953040691768,0.0738569786603661,-0.013874279716935119,0.08773125837730122,-0.1140583149841847,-0.0779368705784511,-0.0361214444057336,-0.0300569367725884,-0.05076503269790637,0.020708095925317974,-0.0060138528098366,-0.02512515854169461,0.01911130573185801,-0.0485868651118962,-0.033319661114199144,-0.015267203997697057,-0.0458976838185734,-0.02855623276901096,-0.01734145104956244,-0.1157063487211683,-0.10672827113821962,-0.00897807758294869,-0.0781090861806488,-0.07388954109817891,-0.004219545082469883,-0.0589018966320993,-0.0458591836768506,-0.013042712955248698,-0.059180101494531,-0.04232639145111953,-0.01685371004341147,-0.0559459095871835,-0.07308484287983325,0.017138933292649747,-0.0750003261697222,-0.05137961508412091,-0.023620711085601293,-0.0734110849986025,-0.05012982274117112,-0.023281262257431372,-0.0760664781713278,-0.10060813249272274,0.024541654321394935,-0.0035216956671802,-0.018599016402457882,0.015077320735277682,0.0016422716602487,-0.014962652932459256,0.016604924592707956,-0.0086335653671254,-0.046478823172365714,0.03784525780524031,-0.0523074840664798,-0.04277654313443481,-0.009530940932044991,-0.0521633472600042,-0.03721707085956996,-0.014946276400434236,-0.0314272410821971,-0.0681315515861128,0.0367043105039157
2024-05-01,0.0635413756014015,0.045645199716539235,0.01789617588486226,0.0176112440477136,0.041718111719434126,-0.024106867671720527,0.0371558756900618,0.06530121032550873,-0.028145334635446932,-0.0118173484077492,0.09506833453487114,-0.10688568294262034,0.0319374035553851,0.037072228544065326,-0.005134824988680224,0.0314169611952026,0.036975288750398,-0.005558327555195405,0.0238228169126378,0.01578577067054611,0.00803704624209169,0.0247765485020732,0.06140623400101414,-0.03662968549894094,0.0278989882910369,0.06264609307283352,-0.034747104781796614,-0.0392914084716713,0.016750635089067364,-0.056042043560738664,0.0358963652616416,0.05474228548318487,-0.018845920221543272,-0.0421093227467065,0.029586380164663858,-0.07169570291137035,0.0412547394415593,0.02865317453914483,0.012601564902414472,0.0503672016390818,0.05621721456751956,-0.005850012928437759,0.0615336247214483,0.07611332018885993,-0.014579695467411627,0.012676898055902,0.07039438669821504,-0.05771748864231305,-0.0027434676876035,0.03697114377531137,-0.03971461146291487,0.0410840296672902,0.06668695699258678,-0.02560292732529658,0.1522107334089744,0.08181487464321739,0.070395858765757,0.1535329779986056,0.08316221100518148,0.07037076699342412,-0.092314025932993,0.010750795577646886,-0.10306482151063988,0.09515118489536,0.07008865655605225,0.02506252833930775,-0.0126640828424216,0.020075988040338152,-0.03274007088275975,-0.0043257009268215,0.022374623497015043,-0.026700324423836543,0.0431504300395276,0.03692043728274825,0.006229992756779351,0.0413494584080991,0.038284113248785646,0.0030653451593134554,0.0016333783544457,0.02515596574647079,-0.02352258739202509,0.0261667564523124,0.06303679817942202,-0.03687004172710963,0.0336584367961822,0.063294526486282,-0.0296360896900998,0.0943916221313664,0.03089746856236174,0.06349415356900466,0.0288273000683137,0.051940751887194735,-0.023113451818881036,0.0134203830892635,0.030175093739981257,-0.016754710650717757,0.0111412127705024,0.03134980686255589,-0.020208594092053486,-0.0316521690934818,0.017683688003514164,-0.049335857096995964,0.0550691056751254,0.04527674922141013,0.009792356453715269,0.0071702266227365,0.046511127605469334,-0.03934090098273283,-0.0040231588806963,0.03135396661165469,-0.03537712549235099,-0.0082643507017524,0.024636344992473764,-0.03290069569422616,0.0350457102763785,0.019519641625763563,0.015526068650614934,0.0343531965656796,0.02169619473426802,0.012657001831411583,0.0357783502721741,0.022018194453445217,0.013760155818728886,-0.0269236376754606,-0.03072670031875417,0.0038030626432935706,0.0725643508269396,0.019890635183167416,0.052673715643772184,0.0665005922023701,0.0757259431079965,-0.0092253509056264,0.0162446142345752,0.05547157567094494,-0.03922696143636974,-0.0361650879616076,0.05549141298236712,-0.09165650094397472,0.0409470361709303,0.06070399837361461,-0.01975696220268431,0.0375567770190614,0.06093904961891686,-0.02338227259985546,0.1800333895819078,0.03947869694529332,0.14055469263661446,0.0623862594030735,0.06301775178640939,-0.0006314923833358951,0.04609072489442,0.04495143302516198,0.0011392918692580203,0.0487714570183454,0.04324125096029544,0.0055302060580499565,0.0250026467126639,0.024989419827912057,1.3226884751842832e-05,0.0162063750824223,0.050037284747211516,-0.033830909664789216,0.0059341385500651,0.048323656284947406,-0.04238951773488231,0.1777144652539206,0.01773562153869765,0.15997884371522295,0.0738212868204141,0.02835942127375384,0.04546186554666026,0.0832360709288273,0.027239929991420588,0.055996140937406715,0.0671489745556458,0.03418626871557388,0.03296270584007192,0.0018798575655633,0.04738124379803018,-0.04550138623246688,-0.0003446815110507,0.04604382281660741,-0.04638850432765811,0.0533445469847561,0.03048518729139687,0.022859359693359234
2024-06-01,-0.0358587254931596,0.01395112734791595,-0.049809852841075544,0.042089522771219,0.03081859915893722,0.011270923612281783,-0.1328319492680965,0.022083960420524584,-0.15491590968862107,0.0483864354912761,0.03960098644607844,0.008785449045197659,-0.0130699445623906,0.012387922258151388,-0.025457866820541988,-0.0149065626342383,0.015114891990228502,-0.0300214546244668,-0.012527155934586,-0.022466712951048465,0.009939557016462465,0.064301617255319,0.05778283026296906,0.006518786992349937,0.0675372861864758,0.06191537306012954,0.005621913126346252,-0.0444710515208637,-0.029956304215493012,-0.014514747305370685,-0.036415875976933,0.017511295009401552,-0.05392717098633455,-0.0981762842999006,-0.03354577543967952,-0.06463050886022109,-0.0194081273060216,0.017899278510992777,-0.037307405817014375,0.0651048442975431,0.03343614374034463,0.03166870055719847,-0.0537912196235797,0.01159702076632238,-0.06538824038990208,-0.059226156861738,0.007569612201018428,-0.06679576906275643,-0.007380847494392,0.02165668692682912,-0.029037534421221117,-0.0426251212732763,0.01926860198490879,-0.06189372325818509,0.0889564734541502,0.06274314218632257,0.026213331267827628,0.0919761798482275,0.06582917608893839,0.026147003759289106,0.0131908531168589,-0.015477304042370778,0.028668157159229678,0.0387637421218422,0.041485910603288316,-0.002722168481446116,-0.0323567111478549,0.01678480506193075,-0.04914151620978564,-0.0138646288143956,0.004144898489798983,-0.018009527304194584,-0.0024100735478981,0.014740389431331484,-0.017150462979229585,0.002023065421101,0.015072905198288192,-0.013049839777187192,-0.0502304392892735,-0.01613737462673006,-0.03409306466254344,0.0145258646764116,0.021650429211634487,-0.007124564535222887,0.0212929608400046,0.02680582062078321,-0.00551285978077861,-0.1101196952840955,-0.04839076774099728,-0.06172892754309822,-0.0060579193744976,0.029141046794037836,-0.035198966168535434,0.0082100460323399,0.031761874303556974,-0.023551828271217073,0.0122404344976669,0.034285831981960516,-0.022045397484293613,-0.0485955146352348,-0.022912026167343134,-0.025683488467891667,-0.0845463368769798,0.0213552593218635,-0.10590159619884329,0.0264873432876519,0.014659670292558675,0.011827672995093224,-0.0242582189098082,-0.008697009235692665,-0.015561209674115534,-0.01959026521914,-0.015081924822153297,-0.0045083403969867035,-0.0637310720857604,-0.05019136514557375,-0.01353970694018665,0.0328200888087658,0.027602024090133355,0.005218064718632447,0.0377728663493646,0.029663807047325644,0.008109059302038958,-0.2266273927652425,-0.051677029728314894,-0.1749503630369276,-0.0326183141869818,0.025975600558332167,-0.05859391474531397,-0.0469054293161816,0.0017787225096738022,-0.0486841518258554,-0.0449555163215256,0.004076873313734089,-0.04903238963525969,-0.0038317458185152,0.027255598371423852,-0.031087344189939053,0.0508460527960323,0.04633106082010342,0.004514991975928875,0.0558335484438327,0.051088094809730755,0.004745453634101948,-0.1468410926088963,-0.05472112421730832,-0.09211996839158798,-0.0409659132141421,0.011662654843525824,-0.05262856805766793,0.0044332407087661,0.022357276637995863,-0.017924035929229764,0.0031047440214487,0.027809089607471034,-0.024704345586022334,-0.0164554996638296,-0.022330876517879523,0.005875376854049923,0.021476281457644,0.021193945114993548,0.00028233634265045077,0.0225772172227748,0.027313445917934415,-0.004736228695159616,-0.1945125166986697,-0.039922602988735144,-0.15458991370993455,-0.0353451285802359,0.02183668836567726,-0.05718181694591316,-0.0388514943754089,0.025407557238719788,-0.06425905161412869,-0.034781379351517,-0.011972392907688627,-0.02280898644382837,-0.0246942252197903,0.011015493904231132,-0.03570971912402143,-0.0195209946986944,0.01672447141752664,-0.03624546611622104,0.0159062664288519,-0.014053954733480933,0.029960221162332833
2024-07-01,0.0837324115493615,0.052154457511468015,0.03157795403789348,-0.003912512169436,0.008439054849529634,-0.012351567018965634,-0.0215547103957544,0.03479636871528019,-0.05635107911103459,0.1024770424291191,0.065577860728569,0.03689918170055011,0.0618991048641442,0.060720836349197164,0.0011782685149470326,0.0549890673502575,0.056794049303917724,-0.0018049819536602243,0.1203878078422641,0.06978099476360154,0.05060681307866256,-0.0214633696323657,-0.010937370984270712,-0.010525998648094989,-0.0259662232076101,-0.01636065138749077,-0.00960557182011933,0.0580980817797481,0.05373112558858196,0.004366956191166144,0.0498521350207435,0.041842937011434066,0.008009198009309437,-0.0108312969171032,0.09548892421518242,-0.10632022113228562,0.0391218139386348,0.01084332792396438,0.02827848601467042,0.0105089482438607,0.02218655221984495,-0.01167760397598425,0.1564107182971585,0.08104905623600189,0.0753616620611566,0.1336336712108896,0.08354110870245693,0.050092562508432664,-0.0138493397558542,0.0026765767182391894,-0.01652591647409339,0.0273441919169863,0.06154650728099329,-0.03420231536400699,-0.0035177725532089,0.0036290469847009847,-0.007146819537909885,-0.003694148314653,-0.00047796858856681557,-0.0032161797260861842,-0.0296699031020123,0.02993670337306316,-0.05960660647507546,-0.0367672339190468,0.0436301731943798,-0.0803974071134266,0.045577580300556,0.0032602225665827843,0.042317357733973215,0.0742603210397129,0.03770627833157104,0.036554042708141866,0.0814628016891344,0.04065346574639079,0.040809335942743614,0.0771817821937057,0.04154734082569675,0.035634441368008946,0.0762898967154107,0.0667706304678279,0.0095192662475828,0.0036036497918013,0.05534434609388993,-0.051740696302088635,-0.0080694355503208,0.04798701229327684,-0.056056447843597645,0.0517922667625473,0.09976705909846881,-0.04797479233592151,0.0714534146204312,0.026780240446900815,0.04467317417353038,-0.0145078213668888,-0.0024702497740815765,-0.012037571592807224,-0.0169006102670391,-0.006253635677326828,-0.010646974589712272,0.0514669306397494,0.08054403727517412,-0.029077106635424718,0.012040583284686,0.04571349186224282,-0.03367290857755682,0.065507005378754,0.04352919737681455,0.021977808001939443,0.0170137172447948,0.06849047198242719,-0.05147675473763239,0.0170728262788676,0.08409743532309394,-0.06702460904422634,0.0339660985738426,0.11003931518905592,-0.07607321661521332,0.0040055313281664,-0.0010898293065263083,0.005095360634692708,-0.0004972289500582,-0.004294923432191607,0.003797694482133407,-0.0016216305198889,0.021750837759681813,-0.023372468279570714,0.1422107270306523,-0.013145152337493082,0.15535587936814538,0.1914178127932844,0.10609093434166236,0.08532687845162204,0.106968647571698,0.057462443997437725,0.04950620357426027,-0.0341374070983123,0.022176836064552025,-0.05631424316286432,-0.0008272483215831,0.003063316507390389,-0.0038905648289734892,-0.0022179800743446,-0.0035704012317792,0.0013524211574346,-0.1033585613178936,0.10664641665883817,-0.2100049779767318,0.0561437231661371,0.06795205220572872,-0.011808329039591628,0.0690232271619681,0.03480597397316299,0.034217253188805107,0.066523560008341,0.026439175958526344,0.04008438404981466,0.0604577481730695,0.0719142683075637,-0.011456520134494198,0.0031030610615873,0.03591006429027236,-0.03280700322868506,0.0014996616465685,0.023612731596041787,-0.022113069949473287,0.0107217474558092,0.07197143561533241,-0.06124968815952321,0.0688487431802796,0.0034309493842139523,0.06541779379606565,0.0614235394776843,-0.003357737848379846,0.06478127732606415,0.1142777231438183,0.057841638416772374,0.05643608472704593,0.0716605695873865,0.048676273562406086,0.022984296024980408,0.0683239349690382,0.0387237066438856,0.0296002283251526,0.0439911145682092,0.039532014881924996,0.004459099686284204
2024-08-01,0.0181936410267484,0.012971653193092066,0.005221987833656332,0.0492888842278471,0.02455780517375152,0.024731079054095582,0.0668571298191944,0.01533965155264147,0.051517478266552924,-0.0398268039909571,0.005268142357233526,-0.045094946348190626,0.0320604698323977,0.008591164870767953,0.023469304961629748,0.0338800432364242,0.010665120965526624,0.023214922270897574,0.0010712657350409,-0.01835364856061093,0.01942491429565183,0.0193398018845199,0.030856767282637892,-0.011516965398117994,0.0218235654082846,0.034355318095856055,-0.012531752687571455,-0.0811443727689528,-0.04270153325391583,-0.038442839515036964,0.0218437812412767,0.012871390948019434,0.008972390293257266,-0.034819612188608,-0.03276697876217059,-0.0020526334264374044,0.009540645048884,0.022237355786345284,-0.012696710737461285,-0.0070399762272454,0.019955553415096253,-0.026995529642341653,0.0174176579794403,0.003299794778094003,0.014117863201346297,0.0061035070157322,0.002108488896393747,0.003995018119338453,0.0625801272528785,0.025129841220893356,0.037450286031985136,-0.0113746544566367,0.005996450022791666,-0.017371104479428367,0.018408424921685,0.03557598195253604,-0.017167557030851044,0.018992172913227,0.038079880544902404,-0.019087707631675405,-0.0256831264819846,-0.024286815511115067,-0.001396310970869532,0.0619804807751668,0.011506378945943235,0.05047410182922357,0.0325533244968042,0.024421753846508423,0.008131570650295773,0.0413981784658645,0.008022735253617084,0.03337544321224742,0.0446507411231841,0.013397082123200222,0.03125365899998388,0.0462053086334478,0.014231750482876039,0.03197355815057176,0.0166202731380878,-0.01860647740443732,0.03522675054252512,0.0013746834245413,0.014167624159503647,-0.012792940734962347,0.0066995509842395,0.018818576932181516,-0.012119025947942015,0.0003331071374587,-0.048658078967871325,0.04899118610533003,-0.0083046327506124,0.015569679304413466,-0.023874312055025868,0.0746743892978788,0.023604731798781333,0.05106965749909746,0.0782773714124768,0.02736498430746475,0.05091238710501205,-0.0848621223901071,-0.003771035345334797,-0.0810910870447723,-0.0572547539429061,0.020400789476508543,-0.07765554341941464,0.031912892115353,0.00885997527028649,0.023052916845066513,-0.0215708066475923,0.008777609875839532,-0.030348416523431832,-0.0164332089516051,0.006586212439960262,-0.02301942139156536,-0.0508038807853551,-0.035109008767871,-0.015694872017484103,0.060648489487234,0.02444074558223789,0.03620774390499611,0.0644859540301892,0.027366869695966415,0.037119084334222785,-0.1107064470159795,-0.07112262711484053,-0.03958381990113896,0.0578929422514387,0.03445210534863256,0.023440836902806142,0.0124875395627178,-0.0103186711727325,0.022806210735450298,-0.0358051272025027,0.00343210424435709,-0.03923723144685979,0.0598733068500399,0.01998973547829716,0.03988357137174274,0.0106001766998242,0.026666396021271715,-0.016066219321447514,0.0129787312151768,0.03010679736800032,-0.01712806615282352,-0.1238257948001931,-0.0509023358646648,-0.07292345893552829,-0.0432062445716076,0.00835343065145283,-0.05155967522306043,0.0354929732352451,0.012918248879554041,0.022574724355691057,0.0376081658868068,0.01729879090869838,0.020309374978108422,-0.0249497684762979,-0.018617084623397787,-0.006332683852900114,0.0156426510445485,0.016001028332011252,-0.0003583772874627515,0.023288249650057,0.020078794234857034,0.003209455415199968,0.004595658279277,-0.031008270710397655,0.035603928989674655,0.0505864135180613,0.02394970310570143,0.02663671041235987,0.0590651046226094,0.027809718664439046,0.03125538595817036,-0.0905786812110758,-0.008480829110693783,-0.08209785210038202,-0.0189324080076326,0.010157190532725744,-0.029089598540358343,-0.0215241269090346,0.015170901715152108,-0.03669502862418671,0.0284552254335869,-0.019775555847879295,0.0482307812814662
2024-09-01,0.0078118064734935,0.00600522760646207,0.0018065788670314298,-0.0268496508700386,0.01925428386780969,-0.04610393473784829,0.0607895128629972,0.022021072150708386,0.03876844071228881,0.121429593445457,0.03643768782205717,0.08499190562339982,-0.0021292539343311,-0.00356620017763923,0.0014369462433081299,-0.0006391801621303,-0.002792634031682879,0.002153453869552579,0.0210581944587211,-0.01296262948377054,0.034020823942491646,0.0345732496826847,0.03400273275254251,0.0005705169301421925,0.0360441701765911,0.0354199782425962,0.0006241919339949054,-0.0511048652889423,-0.007997078268415527,-0.04310778702052677,0.0171380029010095,0.011836884398052576,0.005301118502956923,0.0040309338756247,-0.012273779627956158,0.016304713503580856,0.0541918185994391,0.015339247090199792,0.038852571509239306,0.0499355302175189,0.02218963057710657,0.02774589964041233,0.0452050829048502,0.017356920159297476,0.027848162745552726,0.0585220570871477,0.01267777875896404,0.04584427832818366,0.0143949150391409,0.015962983779400912,-0.0015680687402600119,0.0392741408505075,0.024993426918418313,0.014280713932089184,0.0199484101663583,0.04198401278254538,-0.02203560261618708,0.0202360541344775,0.043425952381353786,-0.023189898246876287,0.0600099780885947,-0.006404548123401096,0.0664145262119958,0.046243969134966,0.02540611070927439,0.02083785842569161,0.0063893018446265,0.013594506169875715,-0.007205204325249215,0.0186471375623863,0.015121269774340215,0.0035258677880460835,-4.345789941593011e-05,0.005269297493155408,-0.005312755392571338,-0.0016103414475707,0.005675006940652188,-0.007285348388222888,-0.0888560207999696,-0.005269710603911621,-0.08358631019605797,0.0587286667042842,0.02031020249044501,0.03841846421383919,0.0651990378657724,0.022462578481499403,0.04273645938427299,0.0045612632338434,-0.021787164332287952,0.02634842756613135,0.0112540868771295,0.027756439267701712,-0.01650235239057221,0.0173777401455618,0.025031790126567158,-0.007654049981005356,0.0110731648045858,0.026096805321556837,-0.015023640516971037,-0.0803254706159128,0.007201190645584022,-0.08752666126149683,0.103441334462033,0.018054665916138742,0.08538666854589426,0.0268288170667221,0.01665810993078572,0.010170707135936381,-0.0423658194297912,-0.0016030197877592318,-0.04076279964203197,-0.0418310920558668,-0.007852374833363648,-0.033978717222503146,-0.0249806461084528,-0.029904181094734413,0.004923534986281612,-0.0287025772317897,0.021474053281660847,-0.050176630513450546,-0.0284146881241837,0.022225319868139203,-0.050640007992322905,-0.0784182970993451,-0.028024696589662248,-0.05039360050968285,0.0089107848027067,0.023847797528967242,-0.014937012726260543,0.0425165400298874,0.006051261972113522,0.03646527805777387,0.0287444678515577,0.009000110039587585,0.019744357811970113,0.0515622224360726,0.01968124600050595,0.03188097643556665,0.0407076796224556,0.03224133540022514,0.008466344222230457,0.0414504601909686,0.03406587731956473,0.007384582871403866,0.0733532300219874,-0.025483058039040735,0.09883628806102814,0.0410901971263934,0.013768560991518951,0.027321636134874448,0.0303476279519599,0.011824737259010733,0.018522890692949164,0.0306728710807222,0.014244921795855528,0.016427949284866673,0.0099447214555668,-0.011107778591981261,0.02105250004754806,0.0243359754266925,0.016026308374987655,0.008309667051704845,0.0228080611685487,0.018238062932858512,0.004569998235690188,-0.0305748476373926,-0.018382149702376525,-0.012192697935016074,0.0442408456008293,0.015808332198326273,0.028432513402503024,0.0449515293164186,0.017592970021617,0.027358559294801597,-0.0078708294103365,0.002734700900455937,-0.010605530310792437,-0.0117621333550495,0.014904441863456578,-0.02666657521850608,-0.0184642654660486,0.01738703032081871,-0.03585129578686731,0.0580859301050773,-0.006807220152329806,0.0648931502574071
2024-10-01,-0.0358671564503516,-0.005168402562028915,-0.030698753888322685,-0.0036046804873717,-0.0018426526772193598,-0.0017620278101523404,-0.0635270923656126,-0.021482067311617024,-0.04204502505399558,-0.0368014367210429,-0.02230385743803209,-0.01449757928301081,0.029455327173518,0.004845646144295925,0.024609681029222074,0.0306899527541137,0.005596832576822567,0.025093120177291137,0.0171538837149443,-0.005872730393051158,0.023026614107995457,-0.0042760054777073,-0.007121420177016749,0.002845414699309449,-0.0041046980899779,-0.006239902767026924,0.0021352046770490244,-0.0152871113485197,-0.03954289140881157,0.024255780060291873,-0.0412404880445746,-0.014304381996460155,-0.026936106048114444,0.0848002795148286,-0.030378479896279988,0.11517875941110858,0.0107651726994643,-0.004795096868625385,0.015560269568089685,-0.0026957564361091,-0.010518004746571448,0.007822248310462347,-0.0606932569159571,-0.019926582064811366,-0.04076667485114574,-0.0157068282297928,-0.018204774048015196,0.0024979458182223975,-0.0652732539644293,-0.009338582026456425,-0.05593467193797288,-0.0066830991940551,-0.016594178092477877,0.009911078898422777,0.0094992791642427,-0.01093419701281301,0.02043347617705571,0.010398760575997,-0.010557825893031655,0.020956586469028655,0.0463057213949776,-0.028241213365672438,0.07454693476065004,0.0353332516170802,-0.010311825115319907,0.045645076732400106,-0.0482569169468653,0.0010538433906597333,-0.04931076033752503,-0.0692473458328724,-0.002287179494707358,-0.06696016633816504,-0.0361484764762884,-0.0019846699731172583,-0.03416380650317115,-0.0408476167261472,-0.0019868260128150534,-0.03886079071333215,0.0429434506922356,-0.01326180642707319,0.056205257119308794,-0.0340614986490309,-0.012240852855579909,-0.021820645793450992,-0.0380078849286063,-0.010363573353067583,-0.02764431157553872,-0.1590136836075819,-0.04289299839618092,-0.11612068521140097,-0.0877747967425883,-0.009289213104962314,-0.07848558363762598,-0.0143153950182083,-0.0009375501948110975,-0.013377844823397201,-0.0108426303181382,-0.0003852120287367493,-0.01045741828940145,0.002250652968605,-6.5792265221895074e-06,0.0022572321951271897,-0.0071044006889049,-0.003946749843934615,-0.0031576508449702844,0.007444827361915,-0.009284336668045647,0.016729164029960646,-0.0007434192004434,-0.004793307537236864,0.0040498883367934635,0.0015093263495494,0.0020954842750900756,-0.0005861579255406757,0.0049297799859663,-0.024241617286447935,0.029171397272414235,-0.0385134486907027,0.005736519921281378,-0.04424996861198408,-0.0396312900877767,0.006661463401210088,-0.04629275348898679,0.1488273626536025,-0.04546111929209381,0.1942884819456963,-0.0226970663387999,0.003135788830296092,-0.025832855169095992,0.0082257782744496,-0.019785395667906457,0.028011173942356055,-0.0461407704874551,-0.01943885451602311,-0.02670191597143199,-0.0163101724163104,-0.010173322382224601,-0.006136850034085799,-0.0095642748343819,-0.008693840175362122,-0.0008704346590197778,-0.0064610299209025,-0.006748469722983077,0.0002874398020805769,-0.0384583926308095,-0.052628503317738225,0.014170110686928722,-0.008609359114505,-0.017134088203878135,0.008524729089373136,0.0181134637685528,-0.005105882067550807,0.02321934583610361,0.0230842389074761,-0.0020364375719375298,0.025120676479413632,-0.0455798310437666,-0.019224052871108746,-0.026355778172657857,-0.009203923366815,-0.009892330389254241,0.0006884070224392417,-0.0078472242330238,-0.00887880272361724,0.0010315784905934409,-0.1025506124013929,-0.036359649736191886,-0.06619096266520103,0.0024561776603102,-0.0013393245166546846,0.0037955021769648847,0.0114105292753664,0.0004527674192513504,0.01095776185611505,-0.0584243698595835,-0.0175794271790998,-0.0408449426804837,-0.0090003087964241,-0.00894853478943253,-5.177400699156974e-05,0.0054750145477312,-0.006252563693804082,0.011727578241535282,-0.0526536526306073,-0.03296746519748287,-0.019686187433124426
2024-11-01,0.0404260760275895,0.08060658584148304,-0.040180509813893546,0.0769630828395497,0.04127679343512872,0.03568628940442098,0.079147189958637,0.06768017357636119,0.011467016382275805,0.2770839083465815,0.15380559908201194,0.12327830926456954,0.1028862418603475,0.08802553008735589,0.014860711772991614,0.1020819285347909,0.08755129928526666,0.014530629249524238,0.1132744469637112,0.056722499557618614,0.05655194740609258,0.0729562209009251,0.07468209606618216,-0.0017258751652570598,0.0702494151213599,0.0715788932944392,-0.001329478173079296,-0.0157764810121078,0.10061977363352606,-0.11639625464563386,0.0137010205851925,0.07220781100633866,-0.05850679042114616,0.0869788863819816,0.12236972447823778,-0.03539083809625618,0.0617403746800459,0.03938899733333147,0.022351377346714434,0.0705919788102362,0.07821262998432953,-0.007620651174093329,0.0719998316439074,0.10849443740340008,-0.036494605759492676,0.0864396498951679,0.10758591696481618,-0.02114626706964827,0.0711654769432137,0.020871729105241717,0.05029374783797199,0.1212379663133599,0.11360158456887878,0.007636381744481113,0.0348593386653931,0.08710347017317957,-0.05224413150778647,0.0333292282253418,0.0843742959398476,-0.0510450677145058,0.0260365957854225,0.07885223115996125,-0.05281563537453875,0.1463531012171295,0.13583625752665315,0.01051684369047634,0.0133499418117677,0.018833886042884614,-0.005483944231116913,0.0583909283799568,0.0662654557668961,-0.007874527386939306,0.0863736905221782,0.06929429058923585,0.017079399932942357,0.0841690098407073,0.068772871306868,0.015396138533839296,0.1727808861870292,0.07743162304460931,0.09534926314241988,0.075933708626607,0.09981145155630519,-0.023877742929698187,0.0709247805812621,0.09602036599310103,-0.025095585411838928,0.0239136526373638,0.10106898694327612,-0.07715533430591232,0.0229822843108716,0.0847143904156944,-0.0617321061048228,0.0451015977067814,0.0544628705110352,-0.0093612728042538,0.0414227553449043,0.04933765634786853,-0.007914901002964235,0.054464941600698,0.06438929663001694,-0.009924355029318939,0.0194705965281962,0.09968816396203924,-0.08021756743384303,0.1023007288836976,0.07696900527623857,0.025331723607459028,0.0575855734082722,0.06180504762803732,-0.004219474219765117,0.0509985293479441,0.07187500167257711,-0.020876472324633015,0.0266284473096149,0.08680396074373745,-0.06017551343412254,-0.0264683330515269,0.041200223493641996,-0.0676685565451689,-0.0272342424008072,0.03717049822973874,-0.06440474063054594,-0.0959345260162982,0.0842428317153332,-0.1801773577316314,-0.0629359900186229,0.01202435976622529,-0.0749603497848482,0.075800988058234,0.13193974124888505,-0.05613875319065105,0.0243512999327619,0.06818476260417383,-0.04383346267141193,0.058997940497931,0.04716410015406676,0.011833840343864241,0.1039548330153083,0.06703303459527515,0.03692179842003315,0.1032903934178461,0.0633468279737996,0.039943565444046494,0.0876076585281337,0.09374485709896847,-0.006137198570834779,0.0891070678712091,0.10325166243577197,-0.014144594564562865,0.08521190853083,0.07658678114291612,0.008625127387913878,0.0934982463767551,0.07409148777894721,0.019406758597807897,0.0660460457323203,0.08122704753860924,-0.015181001806288938,0.0653550040881329,0.07490116716438143,-0.009546163076248532,0.0638108709822291,0.07167940623588315,-0.007868535253654052,-0.1225717316408223,0.08133445953497326,-0.20390619117579556,0.0593230847065541,0.025336818373049703,0.03398626633350439,0.0606686596047421,0.02048340230021593,0.04018525730452617,0.090371581294452,0.05721413286336617,0.033157448431085826,0.1243489541724293,0.06838299887391862,0.055965955298510686,0.1294303955920502,0.06240958574950971,0.06702080984254048,0.3037987690277044,0.06043189780889564,0.2433668712188088
2024-12-01,-0.036584947123654,-0.052621746651107484,0.01603679952745348,-0.0927171630240005,-0.008965917379930214,-0.08375124564407029,0.019426203298218,-0.032069743571530585,0.05149594686974858,0.1117562663193258,-0.056722264147960826,0.1684785304672866,-0.0443426091239622,-0.056594990319860976,0.012252381195898776,-0.0419198156147012,-0.05560877185149332,0.013688956236792123,-0.0456866424206762,-0.049391234118600864,0.0037045916979246626,-0.0068587392348544,-0.011456362299385781,0.0045976230645313814,-0.0037724785650255,-0.00753692396068204,0.00376444539565654,0.0205452621335083,-0.09538902899447434,0.11593429112798263,-0.0981183990254786,-0.042600510771697526,-0.055517888253781074,-0.0971590410728244,-0.11543913181920192,0.018280090746377514,-0.0846143141202712,-0.02690778066905941,-0.057706533451211794,-0.0188982533156219,-0.033110869727958965,0.014212616412337065,-0.1521293444483664,-0.05594970539335931,-0.0961796390550071,-0.1218901242272375,-0.061539063408771195,-0.0603510608184663,-0.058470537781723,-0.011089049940054899,-0.0473814878416681,-0.0810139318730239,-0.05466464278446388,-0.02634928908856002,0.0343156089801049,-0.010915752874140507,0.04523136185424541,0.0355531332531297,-0.0072336568511188176,0.04278679010424852,0.0439954745152496,-0.07946680134342776,0.12346227585867736,-0.020737216684578,-0.05779410304349057,0.03705688635891257,-0.0661318412937817,-0.012044570110511304,-0.0540872711832704,-0.1417703659887039,-0.043187687629686576,-0.09858267835901732,-0.0984565664201754,-0.04478531509675354,-0.05367125132342186,-0.1054101330299257,-0.04401673134874913,-0.061393401681176574,0.0047736085532116,-0.059839533949818884,0.06461314250303049,-0.083215606206548,-0.05220237100695846,-0.03101323519958954,-0.0783362476925721,-0.047342221205617756,-0.03099402648695434,0.0640142123977208,-0.10674712079378355,0.17076133319150436,-0.0316951265942768,-0.03289132002770891,0.0011961934334321148,-0.0467619048250745,-0.020124890175330187,-0.026637014649744314,-0.0451299581347961,-0.016454754723806857,-0.028675203410989246,-0.0101551063404898,-0.05095895766724207,0.04080385132675227,-0.1229950952381779,-0.06333923390739854,-0.05965586133077937,-0.1259219453940959,-0.03913524736100862,-0.08678669803308728,-0.0839498803771513,-0.0594530241881052,-0.024496856189046103,-0.0874437485770905,-0.07132582255903568,-0.016117926018054826,-0.0060338793567457,-0.10496965072382203,0.09893577136707633,-0.0479535948654988,-0.012574758666637825,-0.03537883619886097,-0.0438214200133859,-0.009487549811844123,-0.03433387020154178,-0.1299941822536702,-0.11000122440729634,-0.019992957846373866,-0.0914508979869482,-0.002097472977564941,-0.08935342500938327,-0.0909870408246257,-0.07543435412189163,-0.015552686702734075,-0.0620920730047715,-0.043383436063395196,-0.018708636941376304,-0.0408077851945611,-0.01146491298837547,-0.02934287220618563,-0.0027168141088502,-0.010358811761387882,0.007641997652537683,-0.0013902703823349,-0.0045354956734003984,0.0031452252910654987,-0.1408949780693208,-0.11009436871635009,-0.030800609352970715,-0.1412309528441981,-0.06515209656521094,-0.07607885627898715,-0.0637307179307006,-0.03913076852431327,-0.024599949406387336,-0.0637651797279256,-0.034537040560636216,-0.029228139167289384,-0.0525653709954516,-0.07862105637176744,0.02605568537631584,-0.0825616813671659,-0.041095608749937174,-0.04146607261722873,-0.0826346824537763,-0.037468316557403576,-0.04516636589637272,-0.0673393354792098,-0.1036049641464008,0.036265628667191005,-0.0660912903738713,-0.009921521171622812,-0.05616976920224849,-0.0690445942058113,-0.005354101670218299,-0.063690492535593,-0.0427876844704569,-0.04467191695738497,0.0018842324869280669,-0.0941566669962894,-0.035981858818346146,-0.05817480817794325,-0.0970736755797087,-0.02904263970587541,-0.06803103587383329,-0.0362030297875641,-0.06155107653422703,0.025348046746662925
2025-01-01,0.0899326088891268,0.044266332347685684,0.04566627654144111,0.0544023032011678,0.021760862651009898,0.0326414405501579,0.0397396144361689,0.00225683194203642,0.03748278249413248,0.0054410503433777,0.05746999430522043,-0.05202894396184273,0.0762750649464811,0.07763093673107932,-0.0013558717845982143,0.0788350300973316,0.07965165475827059,-0.000816624660938986,0.0015110212489469,0.026255416340724425,-0.024744395091777525,0.0553445421579625,0.04540309495880571,0.009941447199156787,0.0567290414335773,0.04659916144807167,0.01012987998550563,-0.0170183824824101,-1.577119144972319e-05,-0.017002611290960378,0.0557543141723554,0.025079315371388078,0.030674998800967322,0.0625697091848977,0.02086343117626501,0.041706278008632684,0.0008287254486426,0.0027067530220858203,-0.0018780275734432204,0.0233004603101438,0.03355164101029528,-0.010251180700151477,0.0253548251473144,0.027782189791275634,-0.002427364643961233,0.0684299902270453,0.03158552324178785,0.036844466985257444,0.0067727090692778,-0.007609378963923044,0.014382088033200843,-0.0028639401163615,0.028015920568776338,-0.030879860685137837,-0.0578802418867446,0.04066419268638594,-0.09854443457313054,-0.0593453290919508,0.04045126008189974,-0.09979658917385054,-0.0610308003433446,0.009076832580620402,-0.070107632923965,0.0666751863009299,0.0775869845053378,-0.010911798204407894,-0.0309296035581182,-0.0016170389020001407,-0.029312564656118062,0.1467374440020679,0.006803305892985978,0.13993413810908192,0.0430019213684849,0.043190946146755824,-0.00018902477827092284,0.0470034516929905,0.042419382757988455,0.004584068935002045,-0.0026821861544913,0.024385024242629706,-0.027067210397121007,0.0565430886625678,0.03274794021854711,0.02379514844402069,0.0579949990665277,0.03406316950934297,0.02393182955718473,-0.045147217318254,0.0007087922451884327,-0.045856009563442435,0.0715548622312997,0.023364028804733032,0.048190833426566666,0.0950784902042941,0.017842111842492965,0.07723637836180114,0.0996674335421362,0.01558276232234866,0.08408467121978754,-0.0836368678742227,-0.010883366156975903,-0.07275350171724679,0.0122909349359292,0.03853058693132786,-0.026239651995398662,0.0818411854771224,0.021459555087102164,0.06038163039002023,0.014489552266905,0.014315032609476109,0.0001745196574288923,0.0149580315934553,0.02998003575526046,-0.01502200416180516,-0.0474158253939294,0.018206329199384405,-0.0656221545933138,0.0375888116940702,0.01778168465250269,0.019807127041567507,0.0409768785283438,0.016809608653747102,0.0241672698745967,-0.1673365008384703,-0.0028732507672541274,-0.16446325007121618,0.1291191479702548,-0.014392666428789011,0.1435118143990438,0.0655024357601102,0.0549660335197177,0.010536402240392498,0.0042664517611018,0.007843195543586643,-0.0035767437824848437,0.0280627743628067,0.01394533676884302,0.01411743759396368,0.0725338308527185,0.028021658131527037,0.04451217272119146,0.0759887849289811,0.030347253351510846,0.04564153157747026,-0.0784999735090841,-0.014864998790615777,-0.06363497471846832,0.0686161802357603,0.028889489727623376,0.03972669050813692,0.0505560095512453,0.04446198739463109,0.006094022156614205,0.0565218994347868,0.04765145425898818,0.008870445175798616,0.0077729488788376,0.019606548210685464,-0.011833599331847864,0.030354568323851,0.02665969979781973,0.003694868526031271,0.0301579942649054,0.028433671282450432,0.0017243229824549684,-0.0468671690229218,-0.009433836760721499,-0.037433332262200296,0.018320170392371,0.004426980597520735,0.013893189794850266,0.03487770805129,0.0035839606658944236,0.03129374738539557,-0.0412630712503093,-0.004718979041593881,-0.03654409220871542,0.0500301476200052,0.014653812520377002,0.035376335099628196,0.0504468322571455,0.015588915344342659,0.03485791691280284,-0.2329160976843866,-0.0015390726635426295,-0.23137702502084395
2025-02-01,0.0126442431011336,-0.002458399334462764,0.015102642435596364,0.0509381902659923,-9.904083929892062e-05,0.05103723110529122,-0.0426472846617585,-0.038541863289648724,-0.0041054213721097785,-0.2208251083642987,-0.09982392157690205,-0.12100118678739664,0.0030763792253506,0.01469530277798009,-0.01161892355262949,0.0041906198146634,0.016848094324289693,-0.012657474509626294,-0.0024915688723421,-0.016760407669005335,0.014268838796663234,-0.0569761940847334,-0.03322453441343903,-0.02375165967129437,-0.0545393028619041,-0.028758117287566127,-0.025781185574337975,-0.168179705569678,-0.12033322950501252,-0.047846476064665494,-0.005647575073491,-0.019583848049006893,0.013936272975515893,-0.1679163079277897,-0.0816674807765104,-0.0862488271512793,0.0851614083850653,-0.0016778408442993048,0.0868392492293646,-0.0456403112520806,-0.028749878624606515,-0.016890432627474087,-0.0977272241239649,-0.05075787401263507,-0.04696935011132983,-0.0480051463851739,-0.043012603789219436,-0.004992542595954462,0.0300452987399183,0.0042964843138770656,0.025748814426041232,-0.0735016205705516,-0.06511595282411599,-0.008385667746435607,0.0024947191718007,-0.03983794645707211,0.042332665628872806,0.0052223303613083,-0.03743458553995635,0.04265691590126465,-0.1320821359636914,-0.07936811480220714,-0.052714021161484256,0.001960304100876,-0.06146639230395379,0.06342669640482979,0.0467948213701593,0.01473771775793115,0.03205710361222815,-0.00049996078105,-0.028093756346503577,0.027593795565453577,-0.0044592336740268,0.00220213163097595,-0.0066613653050027494,-0.0094068095982422,0.0036016064484949662,-0.013008416046737165,0.0116109389168382,-0.044484760099846934,0.05609569901668514,-0.0360447366398512,-0.035569265286931,-0.00047547135292019815,-0.0335677372310949,-0.029886322690967266,-0.0036814145401276345,-0.1707635619573506,-0.0952531980474608,-0.0755103639098898,-0.0914928880075924,-0.04739971697644143,-0.044093171031150964,-0.0031486912755827,-0.021178605866436096,0.018029914590853395,0.0031101479594025,-0.014864455975242153,0.017974603934644652,-0.0291639995804621,-0.02226590342135191,-0.006898096159110193,-0.0627727475655188,-0.01873577875748175,-0.04403696880803705,-0.0005634518338584,-0.033408685447251604,0.032845233613393206,0.0181559178812036,0.011746873918952325,0.006409043962251275,0.0262895454757782,0.024616257551959474,0.0016732879238187254,-0.0825728519059079,-0.03380873797261349,-0.04876411393329442,0.0447631171097852,-0.003503683976383366,0.04826680108616856,0.0506770959846082,0.0018632941638989384,0.04881380182070926,-0.1048906954736719,-0.15103900908395929,0.046148313610287386,0.0303276801387542,0.014080616749885422,0.016247063388868777,-0.0307580329243884,-0.056254605246316675,0.025496572321928274,0.0384941426060934,-0.030564832270425692,0.06905897487651909,0.0216167061770776,-0.012828176528162042,0.03444488270523964,-0.0512053444099404,-0.03299031556370708,-0.01821502884623332,-0.0496576027242033,-0.028600603456069077,-0.02105699926813422,-0.1704260604499722,-0.09593874655852806,-0.07448731389144413,0.0136911289315652,-0.03691056860973889,0.050601697541304086,-0.0033681335453754,-0.015741063875443873,0.012372930330068473,-0.0024131392544978,-0.010966274252492286,0.008553134997994486,0.0089461881861027,-0.04007719111170248,0.049023379297805175,-0.004590544537485,-0.02081178825106444,0.016221243713579442,0.0106621562502817,-0.01887096796226361,0.029533124212545312,-0.1247631160454481,-0.06691940528954127,-0.05784371075590683,0.0213110248895459,0.007125515741397981,0.01418550914814792,0.0057828895924249,0.012229752576235414,-0.006446862983810513,0.025537036276169,-0.03864465831664483,0.06418169459281382,0.0043070548578194,-0.023205072530853937,0.027512127388673337,0.0139535120031323,-0.01685968927263722,0.030813201275769517,-0.1132620379628371,-0.0622824313957098,-0.0509796065671273
2025-03-01,-0.0108179641671687,-0.05587357767097267,0.045055613503803965,0.0205506972048215,-0.03207382808070823,0.05262452528552973,-0.1843649383941634,-0.06719181068199337,-0.11717312771217003,-0.1014318668832323,-0.11333919958819419,0.011907332704961887,-0.0624931344308939,-0.039201006958410355,-0.023292127472483548,-0.0622113851668,-0.03990356193479572,-0.02230782323200428,-0.0389258380004114,-0.023816579154719433,-0.015109258845691965,-0.0810104528969746,-0.06805556345177133,-0.012954889445203274,-0.0804277737491114,-0.06587830072511446,-0.01454947302399695,-0.1153282078148233,-0.1252828145785555,0.009954606763732207,-0.0355732558061242,-0.05995156406817949,0.02437830826205529,-0.158535072378624,-0.11930424556172158,-0.03923082681690242,-0.0135911642472768,-0.0518304173646698,0.038239253117393,-0.0868944891712131,-0.0687267324610261,-0.018167756710187,-0.0377241369239737,-0.07429546750516017,0.036571330581186466,-0.0730687366763107,-0.07307618397999949,7.447303688790097e-06,-0.0275314226973434,-0.035495087032299776,0.007963664334956374,-0.0844282701812076,-0.09187344325751667,0.0074451730763090695,-0.1029769316235521,-0.07311808586736797,-0.029858845756184138,-0.1028020496946699,-0.07124338746032181,-0.031558662234348084,-0.202003066632628,-0.10610037651598707,-0.09590269011664092,-0.0781516623183025,-0.10047636082987714,0.022324698511574634,0.0173414913241932,-0.02894505076214903,0.04628654208634223,-0.0056522484685719,-0.06538067255055535,0.05972842408198345,0.0273234967552215,-0.04786933242687868,0.07519282918210018,0.0327195937047273,-0.046746000196576,0.07946559390130331,-0.0430792882172894,-0.055159652232739345,0.012080364015449943,-0.0621934218704352,-0.07926540226557695,0.017071980395141746,-0.0590330528961272,-0.07709761631425263,0.01806456341812543,-0.0819820171799897,-0.10036008601524604,0.018378068835256348,-0.064121529456858,-0.07640604600690827,0.012284516550050265,-0.0512812594325894,-0.062185127264210466,0.010903867831621068,-0.0487062136148995,-0.059086503715087696,0.010380290100188198,-0.2191526747635738,-0.04656434360107867,-0.17258833116249514,-0.0286362195371338,-0.09034106038201573,0.061704840844881925,-0.036102951854027,-0.06162304129088848,0.02552008943686148,0.0392332294305986,-0.047073872665394006,0.0863071020959926,0.0448539772951359,-0.044089066084813264,0.08894304337994915,-0.045330024642281,-0.06786020772303537,0.02253018308075437,-0.0420606490917277,-0.042423460192774036,0.00036281110104633557,-0.0388856969240593,-0.03949004605986264,0.0006043491358033379,-0.1692217208605359,-0.14076844300820582,-0.028453277852330094,0.1306825703745543,-0.035268781680174756,0.16595135205472905,-0.0814560804760762,-0.07570121490592976,-0.005754865570146442,-0.058405852479698,-0.054511749715350485,-0.0038941027643475123,-0.0585731185047045,-0.034585539538563755,-0.023987578966140746,-0.0876051993374908,-0.059310898497225484,-0.02829430084026531,-0.0872917476214258,-0.05530969000386501,-0.031982057617560795,-0.0966625151464864,-0.10048887758418408,0.0038263624376976835,-0.0894998140787547,-0.08473457350097299,-0.004765240577781701,-0.049755038720013,-0.054668620574813934,0.004913581854800932,-0.051196051189615,-0.05340072039683182,0.0022046692072168264,-0.0920154607763143,-0.07184408457352669,-0.02017137620278761,-0.0678623515396201,-0.06463619334931303,-0.0032261581903070685,-0.0654210610918434,-0.06715488370018981,0.0017338226083464109,-0.030242294865871,-0.10616333755541434,0.07592104268954333,0.0108165230998506,-0.030470489506622567,0.04128701260647317,0.0092544269454197,-0.028183534256580087,0.037437961201999784,-0.012203501308714,-0.04962979134720735,0.03742629003849335,-0.0080217359038463,-0.05145496712618772,0.04343323122234142,0.0002567884575572,-0.047718292658715515,0.047975081116272716,-0.0466675594304415,-0.07625218000676547,0.029584620576323967
2025-04-01,0.0134550777110817,-0.026416529057561214,0.03987160676864292,0.0181636620917951,-0.005896680074526852,0.02406034216632195,-0.0644939010935918,-0.03189475407327374,-0.032599147020318055,0.0606360617034483,0.007734645542402572,0.052901416161045725,0.0009442826033616,-0.012004267364443013,0.012948549967804613,0.0021426809656204,-0.01048603197499497,0.01262871294061537,-0.003651678800355,-0.02193602898918401,0.01828435018882901,0.0273130153238034,0.01802239002717852,0.009290625296624881,0.0286049086984948,0.01937563239522786,0.009229276303266937,-0.0058880955838788,-0.02725443036727533,0.021366334783396532,-0.0331565932094524,-0.02939076821356012,-0.0037658249958922793,-0.0623428031881732,-0.05056139742970491,-0.01178140575846829,-0.0543520566515444,-0.024580611246184193,-0.029771445405360204,-3.4671417669926674e-05,-0.00880572069368895,0.008771049276019023,0.0255515311033973,-0.03181691918099973,0.05736845028439703,-0.0020821698901108,-0.03503679799049178,0.03295462810038098,-0.0363534981848961,-0.029520404356753537,-0.006833093828142567,0.0252091532882993,-0.01490145130855957,0.04011060459685887,-0.0079819913170102,0.009993927307305138,-0.017975918624315336,-0.00747359598117,0.011063972294857765,-0.018537568276027764,0.0164907854564418,-0.023554037769350923,0.040044823225792725,0.1398942397417174,0.013879328631073592,0.12601491111064383,-0.013797972542269,-0.02031023800506882,0.0065122654627998225,0.0033365581310701,-0.01579465030031918,0.01913120843138928,-0.0728439550394466,-0.01917795822175181,-0.053665996817694794,-0.0797070282124374,-0.020399829672897885,-0.059307198539539516,-0.0455118525464978,-0.020424004347031084,-0.025087848199466713,0.0005587904754922,-0.023064601956007295,0.023623392431499496,0.010662501473844,-0.02049882898040476,0.03116133045424876,-0.0580841445032092,-0.06009707959391338,0.0020129350907041807,-0.0522772996055695,-0.0015109351311043328,-0.05076636447446516,-0.0102701877510081,0.0032363921910169248,-0.013506579942025025,-0.0073887116663295,0.0010961823392348297,-0.00848489400556433,-0.0247122209848673,-0.035243381242291864,0.010531160257424566,0.0176972011549144,-0.02356513249523855,0.04126233365015295,0.0397918774049634,-0.015195629921615432,0.05498750732657883,-0.1371019861726787,-0.052601706582556466,-0.08450027959012224,-0.1321798347937647,-0.05315364788827341,-0.07902618690549128,-0.1254114206679102,-0.0687592665112401,-0.05665215415667009,-0.0118946635123278,0.004472472126312376,-0.016367135638640177,-0.014301067101056,0.003671273094330162,-0.017972340195386162,-0.0501707542334574,-0.00914588742978462,-0.041024866803672774,0.0672655757918453,-0.016964462343136866,0.08423003813498217,-0.0487667730797847,-0.028410871847976964,-0.020355901231807735,-0.0814787782820771,-0.03898565590700198,-0.04249312237507512,-0.029582708442599,-0.015992454163522317,-0.013590254279076681,0.0137751243358695,0.006451120109227592,0.007324004226641909,0.0147845355642926,0.010788917843483552,0.003995617720809048,-0.1251427564821532,-0.08091648269238777,-0.04422627378976543,-0.0120111166421335,-0.03732469541936855,0.02531357877723505,0.0044766265702376,-0.008604064216556944,0.013080690786794545,0.0133908197529517,-0.0030662983746411777,0.016457118127592877,-0.0638030849741707,-0.04162771695522461,-0.02217536801894609,-0.0216281227549609,-0.021305202818596318,-0.000322919936364581,-0.0194464985035747,-0.01663945999191492,-0.0028070385116597783,0.1018197606675355,-0.06788475079754434,0.16970451146507984,-0.0040727900926764,-0.015521672652534478,0.011448882559858077,-0.0075293548996039,-0.013731424676763419,0.006202069777159518,-0.0488114136075773,-0.03511969597808945,-0.01369171762948785,0.0146237210603572,-0.023566414890433145,0.03819013595079034,0.023105541666978,-0.01903191196150375,0.04213745362848175,0.0072750413647364,-0.03909976701627924,0.04637480838101564
2025-05-01,0.1371883311153892,0.053278940710734024,0.08390939040465517,0.019372695369593,0.052821093203940586,-0.03344839783434758,0.1177323418398446,0.08208325041183222,0.03564909142801238,0.184685123514463,0.08892733189508953,0.09575779161937348,0.0723019724093361,0.02229063640007006,0.050011336009266036,0.0745669532698414,0.02347732154561139,0.05108963172423002,-0.0156699051287222,-0.0021578637360496074,-0.013512041392672593,0.1096023574460399,0.07172437542267134,0.03787798202336856,0.1123613792116554,0.07328143910447506,0.03907994010718034,0.0682565160491386,0.03317650668216749,0.03508000936697111,0.025480980508661,0.06304825645008207,-0.03756727594142106,0.1278542041163638,0.04807612771276563,0.07977807640359819,0.0391379105065826,0.06823841830440089,-0.02910050779781829,0.0706683048842497,0.0702382635973222,0.00043004128692750165,0.0592551182216966,0.07438827691516067,-0.015133158693464072,0.0156636879609401,0.06941822457329037,-0.05375453661235027,0.0457269876334116,0.06529258275739169,-0.019565595123980095,0.1240409428393102,0.08271438766654154,0.04132655517276866,0.1030949247486303,0.0922922911251872,0.010802633623443095,0.1024119967034749,0.09377077505581109,0.008641221647663802,0.0461368284320898,0.03426337449046819,0.011873453941621606,0.0626974325240472,0.06793171807892782,-0.005234285554880619,-0.0261071905579004,0.05550872178338164,-0.08161591234128204,0.01804470138869,0.0636131915849803,-0.0455684901962903,-0.021205583616095,0.04455464515253617,-0.06576022876863116,-0.0361943213984499,0.04589756147905782,-0.08209188287750771,0.0256621920523215,0.01896379135760488,0.006698400694716621,0.1052333978781968,0.08045687702018064,0.024776520858016154,0.1089075149040677,0.0829419284191426,0.025965586484925113,0.0876698682643882,0.023526250356436827,0.06414361790795138,0.0221791852468087,0.0758365180676639,-0.05365733282085519,0.0156543491384653,0.06771262264993361,-0.05205827351146831,0.0141241258236524,0.0710457615142488,-0.0569216356905964,-0.0381328045507978,0.05613493929184745,-0.09426774384264525,0.0882709596484997,0.08712539734295306,0.0011455623055466324,0.0982238977148182,0.06107784796475106,0.037146049750067134,0.0210505806252492,0.05754549114927562,-0.03649491052402642,0.0149253781835922,0.048829399580184604,-0.033904021396592404,0.0507772724932257,0.014790360677549892,0.03598691181567581,-0.0663459076034279,0.05570842672934321,-0.1220543343327711,-0.0673221235136078,0.057472065963700456,-0.12479418947730826,-0.0921920964711489,-0.015465712582928287,-0.07672638388822062,0.0166867151227843,0.07542358760834648,-0.05873687248556218,0.0086717324168367,0.0504726931612482,-0.0418009607444115,0.089513521887907,0.059300099817206416,0.03021342207070058,0.0223321431917186,0.0578556959360112,-0.0355235527442926,0.065308411590171,0.07268730779116428,-0.0073788962009932735,0.0651511548024238,0.07216559356989763,-0.007014438767473832,-0.0489561431452175,0.029789081790043432,-0.07874522493526093,0.0544424140244,0.08018981510789366,-0.025747401083493666,0.0496836834381158,0.04797813336867615,0.0017055500694396486,0.0535282699990224,0.04931971091970705,0.0042085590793153535,0.0490006830956344,0.031254850835922776,0.017745832259711623,0.0802726127388463,0.06787901981145393,0.012393592927392366,0.0781719713292,0.07033219311962878,0.007839778209571213,-0.0441580064332137,0.045260730691863135,-0.08941873712507684,0.0225140625768236,0.054657565697849346,-0.03214350312102575,0.0302207511521234,0.056903108199215666,-0.026682357047092264,-0.0005439309118729,0.042100789977190065,-0.042644720889062966,0.019213741099799,0.061135301377010356,-0.04192156027721136,0.0148015800980267,0.06237673016271362,-0.04757515006468692,-0.0432400142048313,0.03251923397628696,-0.07575924818111826
2025-06-01,0.0573614368418301,0.04779103343269594,0.009570403409134162,-0.0339648218308016,0.033710222820128054,-0.06767504465092966,0.0179254732691601,0.03921077288666036,-0.02128529961750026,-0.0574645772972515,0.08182213156668368,-0.13928670886393518,0.0522916142191941,0.045178295658352005,0.007113318560842095,0.0526891682715576,0.04689531823793794,0.005793850033619659,8.775873879753213e-05,0.011653938059030465,-0.011566179320232933,0.0614057634038363,0.06003914601639563,0.0013666173874406704,0.0627649636931027,0.05994848251504507,0.00281648117805762,0.0550570752891995,0.04542108581485854,0.00963598947434096,0.0040982376737096,0.04020222520804432,-0.03610398753433472,0.0321609025146126,0.05724254231546189,-0.025081639800849292,0.0412460868544898,0.0434053512520173,-0.002159264397527498,0.1081571794622246,0.0540286290504799,0.0541285504117447,0.0823122256053225,0.04873211247436418,0.03358011313095832,0.0212057868670957,0.048618909480007085,-0.027413122612911383,-0.0317089157898782,0.025007575394495607,-0.05671649118437381,0.0963026508213149,0.06684950156391914,0.029453149257395755,0.1139099095273446,0.06407446469039012,0.049835444836954484,0.1135357230083159,0.06352375817847163,0.05001196482984427,0.069499611722732,0.04552911918815874,0.023970492534573264,0.1004777069989163,0.0823203983698474,0.01815730862906889,-0.0079027427492357,0.03134702495158177,-0.03924976770081747,0.0383415211575246,0.05686767012646553,-0.018526148968940927,0.0019425268305082,0.04388380991562285,-0.041941283085114654,-0.0007401535467004,0.043347749860982616,-0.04408790340768302,0.0333111301376898,0.02919405038316863,0.004117079754521167,0.0725466744282789,0.061911765551426384,0.01063490887685252,0.077590769342985,0.06320851451829994,0.014382254824685067,0.0766922015529065,0.021980127213438817,0.05471207433946768,0.0694084761494502,0.062111519963947225,0.007296956185502974,0.0177425602070588,0.05819110334218125,-0.040448543135122444,0.0180223599532197,0.05697105634228494,-0.03894869638906524,0.0923537677360075,0.04395084808376077,0.048402919652246724,0.1121597806753315,0.07980410813097068,0.03235567254436082,-0.0225962668727786,0.04783889840669746,-0.07043516527947606,0.0514030348064799,0.03872023718476654,0.012682797621713357,0.0483793121942892,0.044400661152507015,0.003978651041782182,0.014322924716238,0.02035820365818449,-0.006035278941946491,0.0200780233070614,0.0498276739866922,-0.029749650679630802,0.0189276499839802,0.04902796780334522,-0.03010031781936502,-0.027500640013782,0.03594355316267798,-0.06344419317645998,0.0677522701037694,0.04122874363962276,0.026523526464146636,0.0786445369055013,0.04792037277325807,0.03072416413224323,0.0837381237374633,0.028285760516633375,0.05545236322082992,0.0248457269683825,0.026410467075568,-0.0015647401071854986,0.0270459822600977,0.050797337694385845,-0.023751355434288145,0.0272271733600624,0.050545832511928006,-0.023318659151865605,-0.0286596394595355,0.009442221816601381,-0.03810186127613688,0.0977072376223543,0.058658891536606195,0.0390483460857481,0.0388000428069062,0.046811834405864665,-0.008011791598958463,0.0400611250469786,0.05017411761377128,-0.010112992566792683,0.0117724573438731,0.033912073292888034,-0.022139615949014934,0.049461740682371,0.05014026556178543,-0.00067852487941443,0.0516579227108036,0.05349161039538802,-0.0018336876845844244,0.0264395894945273,0.03502489312437654,-0.008585303629849238,8.16564962783879e-06,0.030627768275635535,-0.030619602626007696,0.0046195397392327,0.031434620847716935,-0.026815081108484233,0.0254154542147547,0.021984282714371157,0.003431171500383544,0.0284451913207971,0.0403274142575864,-0.011882222936789304,0.0273998217507052,0.04122820141876046,-0.013828379668055262,-0.1057236901797326,0.01830793042828865,-0.12403162060802125
2025-07-01,0.0469431249365151,0.01791967948743236,0.029023445449082738,-0.0073461543624346,0.018172342955890302,-0.025518497318324902,0.0102146065572977,0.017044723075389536,-0.006830116518091836,-0.0219547694120933,0.05142349087937598,-0.07337826029146928,0.0065176896215845,0.023436788696113414,-0.016919099074528914,0.0070377529563259,0.02407839240279687,-0.017040639446470968,0.0089059561918235,0.004521086094348996,0.004384870097474503,0.0370992064906279,0.03649455150471765,0.0006046549859102524,0.0396952684959658,0.037301111379336414,0.0023941571166293876,0.000886480510018,0.0003041774856466094,0.0005823030243713906,-0.0108626712407502,0.016883212911176268,-0.02774588415192647,0.0160894641794478,0.002896402457518037,0.013193061721929765,-0.0051856607607179,0.005942551207456074,-0.011128211968173974,0.0302049138789714,0.025451972717546793,0.004752941161424606,0.0692881039178641,0.02666529790738113,0.04262280601048296,0.0508776388474932,0.024005422808969955,0.026872216038523248,-0.0234993506090573,0.004322370662785877,-0.027821721271843177,0.0871703440782923,0.029459600853506168,0.05771074322478613,0.0642518312057452,0.041878891472002515,0.02237293973374268,0.0654806464431328,0.042500164650554076,0.022980481792578722,-0.0283664178592987,-0.0003360157248780784,-0.02803040213442062,-0.0778399893260404,0.045607485008996966,-0.12344747433503736,-0.0039885854046785,0.002803647941845668,-0.006792233346524169,-0.0889052838837001,0.009481962721550899,-0.098387246605251,-0.0854005034692164,0.016277747857756774,-0.10167825132697318,-0.0888070765604168,0.01631612547073143,-0.10512320203114822,0.0151714758984924,0.009127055638755235,0.006044420259737166,0.0508706629056288,0.02536342877754568,0.025507234128083117,0.0510333119629055,0.02629464316459888,0.024738668798306624,0.0016446643764487,-0.005032978511635439,0.006677642888084139,0.0355027712362473,0.026313781371629038,0.009188989864618264,-0.0427640588429445,0.01795818851485043,-0.060722247357794926,-0.0415763601690199,0.017228774244171578,-0.058805134413191476,0.0190645673901135,0.0009037489759763074,0.018160818414137195,-0.0336072550374369,0.020495357315213764,-0.05410261235265067,-0.0325661315889218,0.019231827132901367,-0.05179795872182316,0.0376643302447363,0.0011795458534242672,0.03648478439131203,0.0414191084015701,0.0015807820370144989,0.0398383263645556,-0.0868558543580623,-0.008997117329084502,-0.0778587370289778,0.0084302622618854,0.01502719492981082,-0.00659693266792542,0.0055222334130326,0.014628766242997044,-0.009106532829964445,0.0469585671058123,-0.014574492833991811,0.06153305993980411,0.0242460335015017,0.0027848411023784765,0.021461192399123225,0.1190387721683857,0.03133764739981831,0.0877011247685674,0.0139034238522947,0.011891318425474523,0.0020121054268201766,-0.0499705179199175,0.018841373049761224,-0.06881189096967873,0.0313376255584883,0.030655316706222256,0.000682308852266042,0.0336938651591509,0.03218258819794203,0.0015112769612088683,-0.0331451201501074,-0.011475273467678522,-0.021669846682428877,0.0817121001155157,0.020282268591753295,0.06142983152376241,0.0238913890356078,0.02269129256156855,0.00120009647403925,0.0272859441023329,0.024237199259511122,0.0030487448428217767,-0.0279036852737049,0.001757074683107132,-0.02966075995681203,-0.0281243868039784,0.01873927704428449,-0.04686366384826289,-0.0341128242954358,0.019524636581935272,-0.053637460877371076,0.0191813548452948,-0.013471853168294086,0.03265320801358888,0.0297740535670064,0.007872685389911465,0.021901368177094933,0.0263869318319665,0.007813405081852359,0.018573526750114144,-0.0142708463924166,0.0036642260264431923,-0.01793507241885979,0.0008798993152281,0.01583098653227732,-0.01495108721704922,-0.0017903410513909,0.01667768414745996,-0.01846802519885086,0.0484292562178714,-0.0010345935279883604,0.04946384974585976
2025-08-01,0.0022749699627484,0.049543968205051594,-0.0472689982423032,-0.0034778234008258,0.014696661573795322,-0.01817448497462112,0.0353439709900899,0.029500252656143314,0.005843718333946587,0.0809110691946011,0.04501185145975138,0.03589921773484972,0.055975289793017,0.05436243290792313,0.001612856885093869,0.0538873067385143,0.05253335595299032,0.0013539507855239788,0.0757569400892535,0.047336208622989276,0.028420731466264226,-0.007050481348735,0.00014950901075917386,-0.007199990359494174,-0.0090209458527647,-0.0029961752318546256,-0.006024770620910074,0.0014356783749178,0.03266937323878329,-0.031233694863865492,0.0446373183035797,0.03725281984183247,0.007384498461747227,0.1430423321822253,0.07278710283957023,0.07025522934265509,0.0344094246461731,0.024243649652448008,0.010165774993725094,0.0434606367711751,0.024923338373912047,0.018537298397263053,0.0816485674827422,0.05934010269383131,0.022308464788910888,0.0701318814941966,0.06299024029787001,0.007141641196326584,0.031109763600927,0.013148714130593927,0.017961049470333074,-0.0263784372603416,0.049666914310733834,-0.07604535157107543,0.0356341047451416,0.009809591566382411,0.02582451317875919,0.0346359318772326,0.007086654388773058,0.02754927748845954,-0.1087877334932443,0.02402913512857561,-0.1328168686218199,0.0479889722739593,0.0377864287143641,0.010202543559595198,0.0150784902414823,0.017987530625557555,-0.002909040384075256,0.1470825407986239,0.041833128869734906,0.105249411928889,0.0604773033498164,0.04115281945120126,0.019324483898615144,0.0664035317000025,0.04187916667798909,0.02452436502201341,0.0728472660070734,0.04625800792086185,0.026589258086211556,-0.0259162591828166,0.05002851060946568,-0.07594476979228228,-0.032136929744035,0.04630976407799383,-0.07844669382202883,0.0625030415476138,0.061315813524351684,0.001187228023262113,0.0157988704514427,0.02790099418957665,-0.012102123738133953,0.022809081707198,0.013335918842148568,0.009473162865049432,0.0214036049445956,0.01180808900001459,0.00959551594458101,-0.0052129555257962,0.07014956105798792,-0.07536251658378412,0.0707434486128382,0.054999064946209444,0.015744383666628753,-0.0069427789257691,0.03814250428694505,-0.045085283212714156,0.0431823356394193,0.06558094637901946,-0.022398610739600158,0.0456814809278362,0.08027964020974925,-0.034598159281913045,-0.0049322830038291,0.07989197951181284,-0.08482426251564194,0.0503585661749398,0.014828485324317514,0.035530080850622286,0.0479967014700522,0.013510587254324793,0.034486114215727406,-0.0032724814036677,0.003684998281593119,-0.006957479685260819,0.2161769019819918,0.011323523910752344,0.20485337807123946,0.0808256131087913,0.07256941885662259,0.008256194252168711,0.051129612131195,0.043021275794553025,0.008108336336641972,0.0034589914409343,0.019092707186685716,-0.015633715745751415,0.0084964081453438,0.008369164754604872,0.00012724339073892817,0.0055491659464045,0.004012025152793888,0.0015371407936106123,0.1348871756274386,0.06343488195280755,0.07145229367463105,0.0492060656545793,0.05874086973769476,-0.00953480408311546,0.0087548664691924,0.0331118796881685,-0.024357013218976098,0.0030544679068524,0.029074270217113937,-0.026019802310261537,0.0178352319541998,0.055078914890242345,-0.03724368293604255,0.0367774867351016,0.036392266003422415,0.0003852207316791881,0.034266334675675,0.02937389867770635,0.004892435997968649,0.0401777510985094,0.05587926287139596,-0.01570151177288656,0.0058047514612851,0.01477655320739346,-0.00897180174610836,0.0044278890307569,0.011473317467005632,-0.007045428436248733,0.01686173366485,0.04135472433296029,-0.024492990668110285,0.0174358407398204,0.04183420715891511,-0.024398366419094708,0.0137973854708902,0.03628395570568858,-0.022486570234798376,-0.0881932315590975,0.023680198872071772,-0.11187343043116928
2025-09-01,0.0494451551263021,0.034518493348182806,0.014926661778119292,-0.0344516053401331,0.02677742902440623,-0.06122903436453933,-0.0700898201297142,0.013868454933743883,-0.08395827506345807,0.2459846320036994,0.061463808108604384,0.18452082389509503,0.0089666243810464,0.051378961243885066,-0.042412336862838663,0.0114625859906448,0.05380876825144768,-0.04234618226080288,-0.0245527195767015,0.006484214556357146,-0.031036934133058646,0.0430648912917397,0.056618455290984596,-0.013553563999244893,0.0449256438691139,0.05854285152191217,-0.013617207652798273,-0.1000360902670133,0.002571410779906973,-0.10260750104692026,-0.0337019573345713,0.02434925394954691,-0.058051211284118207,-0.1044391390063718,0.010749132361826425,-0.11518827136819823,0.004710277720828,0.014003714902417752,-0.009293437181589752,0.0615943791201781,0.038880967097273955,0.022713412022904146,0.0298769673142086,0.025263510397249896,0.004613456916958705,-0.0101566783753281,0.025620200818212962,-0.03577687919354106,-0.0363738225491686,0.005146976115120708,-0.04152079866428931,0.0726378981826498,0.034024246471878,0.0386136517107718,0.0877892057613414,0.05537808722637152,0.032411118534969884,0.0883670941521488,0.056143421313103806,0.032223672839044995,-0.1002148733798535,0.011241797163065368,-0.11145667054291887,-0.027444900343981,0.07299940398212384,-0.10044430432610485,-0.0229435165494282,0.008528617777665403,-0.0314721343270936,0.0272258356733708,0.015673919101191446,0.011551916572179355,0.0143017076730089,0.034030886018948214,-0.019729178345939312,0.0166119898970114,0.03340972251229299,-0.01679773261528159,0.0118051580803615,0.012525737900235149,-0.0007205798198736488,0.0684045575985507,0.03484424584297216,0.03356031175557854,0.0786203823857129,0.037535037787139396,0.0410853445985735,-0.0485465850328888,-0.012423432145197814,-0.03612315288769098,0.0343654401721277,0.03483451386134484,-0.0004690736892171421,-0.0299380126883936,0.032308564730505605,-0.062246577418899204,-0.0296153197849181,0.03130615490073303,-0.060921474685651136,0.0221515961006936,-0.007774298817069523,0.02992589491776312,0.1711808435172689,0.041751690458191895,0.12942915305907698,0.0119408819812925,0.02449437457572792,-0.012553492594435419,-0.0073830684987365,0.00711431419468161,-0.01449738269341811,-0.0100580712340448,0.013876149805195932,-0.02393422103924073,-0.0201259908181128,-0.007216528458219031,-0.012909462359893768,0.0348800358911655,0.028505632371381665,0.006374403519783835,0.0337822739718023,0.028255134996061977,0.005527138975740323,-0.0580638414624904,-0.0031440472635762638,-0.054919794198914136,0.1804206480637123,0.007286357600506311,0.173134290463206,-0.0212227421579012,0.03643176086310383,-0.05765450302100503,-0.0388751648909501,0.0077068743212215995,-0.0465820392121717,-0.0484023530705655,0.01918111338154847,-0.06758346645211397,-0.0097645886054065,0.04055287579792431,-0.05031746440333081,-0.0092708122918331,0.04344531167732793,-0.05271612396916103,0.0625902718567849,-0.026884452806704238,0.08947472466348913,0.0780524070059738,0.02796869082613605,0.05008371617983774,0.0215610403289085,0.03904034686629237,-0.017479306537383867,0.0260597835396888,0.04354487487168063,-0.017485091331991828,-0.0378628470344405,0.007782932150660935,-0.04564577918510143,-0.0055952697727589,0.029218826940560404,-0.0348140967133193,-0.0035240511785463,0.03340932333037731,-0.03693337450892361,0.0659652799546531,-0.012863544806762946,0.07882882476141603,0.0397408253154175,0.01360638820458061,0.026134437110836888,0.042572047791667,0.014526567094443839,0.02804548069722316,-0.0563375974437719,-0.004462571308188328,-0.05187502613558357,0.0064012571594323,0.01695824841127569,-0.010556991251843388,0.0088827820007869,0.019707508665227327,-0.010824726664440426,-0.1855025239284769,-0.0023324025035824153,-0.1831701214248945
2025-10-01,0.0205461525108555,0.008685831194826401,0.011860321316029097,-0.067345551770767,0.007962013557765182,-0.07530756532853218,-0.0646595336743248,-0.01744990299576775,-0.047209630678557046,0.0138909070585205,0.06524706531604477,-0.051356158257524265,0.002371382679292,0.03674377958542425,-0.034372396906132245,0.0044869984771318,0.03911388358007951,-0.03462688510294771,-0.0328134401662832,0.0021617366216149948,-0.034975176787898195,0.0129284016541929,0.05227423948558666,-0.03934583783139376,0.0143436907523255,0.05274184617741782,-0.03839815542509232,-0.1068066928896803,0.018757104957038945,-0.12556379784671923,-0.0626436232582589,-0.004017485578912872,-0.058626137679346026,-0.0925563794113267,0.002210665277678002,-0.09476704468900471,-0.0379939971315902,-0.012697104944350704,-0.025296892187239496,0.0620678723221178,0.022299038524170763,0.03976883379794704,0.0008862382902081,3.257970997213363e-05,0.0008536585802359663,-0.0062925228388968,-0.0008964719803644244,-0.005396050858532376,-0.0295426356363305,-0.02976052131962653,0.00021788568329603186,0.0890164698434498,0.023018843148694935,0.06599762669475487,0.0928924668157976,0.0410205640543061,0.051871902761491506,0.0928535741327626,0.04076462538249543,0.05208894875026717,-0.0460284042777465,0.01811261567286595,-0.06414101995061244,-0.06412056912285,0.07844591406488004,-0.14256648318773002,-0.0536320312082427,-0.017516776998584824,-0.036115254209657874,0.0245159941748556,0.006381590000445874,0.01813440417440973,-0.0531185160726452,0.013432954629928384,-0.06655147070257358,-0.0563371050625898,0.011203871724141518,-0.06754097678673132,-0.0149968961926625,0.011764060689667783,-0.02676095688233028,0.067542146804858,0.01196978892146529,0.05557235788339271,0.0749878937096184,0.013611801561317766,0.06137609214830064,-0.0245070579598704,-0.021497543590182577,-0.0030095143696878233,0.1103021638559217,0.028359903707663295,0.08194226014825841,-0.0005221974950477,0.025940325528996756,-0.026462523024044456,-0.0012240871880646,0.02081942326900632,-0.02204351045707092,-0.0538453406414577,-0.02476066588656478,-0.029084674754892917,0.0721182279987153,0.01851157243660799,0.05360665556210731,-0.1198200837912281,0.010754729101355665,-0.13057481289258377,-0.0096563497388158,-0.033390836754214885,0.023734487015399083,-0.0095659214900922,-0.025453908909304455,0.015887987419212254,-0.1155169901742046,-0.03236697115246665,-0.08315001902173794,0.0532760757440315,0.021661532467383025,0.03161454327664848,0.0529818717224752,0.01884356435751778,0.03413830736495742,-0.0689292840287029,0.048654140757218606,-0.1175834247859215,-0.0528165889721234,-0.02049174154568325,-0.03232484742644015,-0.0359616563785139,0.020545533782742584,-0.056507190161256486,0.0237564676735522,-0.022433657532255943,0.04619012520580815,-0.0537462054922458,-0.0057996384102992505,-0.04794656708194655,0.0283679790634268,0.030040592041309995,-0.001672612977883195,0.0327561756590159,0.03362352651012021,-0.0008673508511043079,-0.1719764075986082,-0.050975262225233964,-0.12100114537337422,0.1019114308109542,-0.0015638043145103702,0.10347523512546457,-0.024815212018093,0.026123272965563063,-0.050938484983656065,-0.0211785177302448,0.032251903558709605,-0.05343042128895441,-0.0647251935104296,-0.006852591988753605,-0.057872601521676,-0.004816470107081,0.006401613208072894,-0.011218083315153895,-0.007827737957945,0.012034712402395344,-0.019862450360340345,-0.0759732438305366,-0.03490037584069833,-0.041072867989838266,-0.0004293765816628,-0.009859544495172836,0.009430167913510036,-0.0045416683197886,-0.009860744780718668,0.005319076460930068,-0.0184264079723557,-0.02243020419527518,0.0040037962229194785,0.0026787368521673,-0.0046011011463719265,0.007279837998539226,0.0106808026694088,-0.001613477667775409,0.012294280337184209,-0.1567452703070315,-0.015075799884032787,-0.1416694704229987
2025-11-01,-0.0239096319965372,0.021101239606465975,-0.045010871603003176,0.0623572888773586,0.007525610925480071,0.05483167795187853,0.0437997647623591,0.006678043114112087,0.03712172164824701,-0.0397839278378531,-0.003066162696766102,-0.036717765141087,0.0165155413207411,0.02865037682323521,-0.012134835502494112,0.0153341308612591,0.02776659442995854,-0.01243246356869944,0.0290771993441031,0.019740549153307235,0.009336650190795867,-0.0252561436963374,-0.011320549180349044,-0.013935594515988355,-0.0238523445889881,-0.01138975113738017,-0.012462593451607929,-0.1129753053257598,-0.030427389917027484,-0.08254791540873233,0.0205802107968417,0.013480896345473427,0.0070993144513682716,-0.2307137360573031,0.0014995298034257006,-0.23221326586072882,-0.0094952265677162,0.004179472203395766,-0.013674698771111965,-0.0339420042983388,0.002080482800022223,-0.036022487098361027,0.0379683888002904,0.020554184289418128,0.017414204510872274,0.0204420787623185,0.022957428279048363,-0.002515349516729864,0.0132195594600968,0.006734928907018595,0.006484630553078205,-0.059568485500996,0.004639385388978951,-0.06420787088997496,-0.0316839655895919,-0.004011592166223598,-0.0276723734233683,-0.0316252603058783,-0.004258361377951604,-0.027366898927926694,-0.2197943931769506,-0.024929812035053327,-0.19486458114189728,-0.0237699234816663,-0.0028639823655701767,-0.020905941116096123,0.0405121787667394,0.007418057362561996,0.033094121404177404,0.0625083815543245,0.0024080861400722635,0.06010029541425224,0.0358985567713851,0.017265786214760347,0.018632770556624753,0.0347650897247403,0.01851778454589822,0.01624730517884208,-0.0098732565215577,0.008212055744815518,-0.018085312266373218,0.0058548025837236,0.012827272756779827,-0.006972470173056227,0.0093460808492474,0.01224942052733655,-0.0029033396780891504,-0.1028138081905749,0.0009009636070127676,-0.10371477179758766,0.0246814436679486,-0.0038719663158433932,0.028553409983791994,0.0681498330432946,-0.008865171049820136,0.07701500409311474,0.0670084689706269,-0.007457203544578172,0.07446567251520507,-0.2168952288216481,0.022018838311371466,-0.23891406713301958,-0.0283033916337773,0.010216828499662031,-0.03852022013343933,-0.0226145108133769,0.007548239974952705,-0.030162750788329605,0.0298410141679089,0.031220894306193885,-0.0013798801382849842,0.0242412630717917,0.03988835559069735,-0.015647092518905652,-0.050603479353686,0.02620220874529318,-0.07680568809897917,0.1260818911421087,-0.002200647111454097,0.12828253825356278,0.131676527554884,-0.0011549881655323066,0.1328315157204163,-0.1768257519556573,-0.06482899075932598,-0.11199676119633133,0.1675242719658396,0.000972330425606311,0.16655194154023328,0.0357452286125609,0.026747179388991387,0.008998049223569515,0.1144107622499325,0.01680273242565907,0.09760802982427344,0.0505636753094384,0.01122531922313021,0.03933835608630819,-0.0047031710283087,-0.004641120229721432,-6.205079858726762e-05,-0.006893664387116,-0.005293964950564097,-0.0015996994365519027,-0.0921227180194515,0.005641108174051744,-0.09776382619350324,0.0130256773632206,0.01676821138138028,-0.003742534018159679,0.0143902986526673,0.009797474230208787,0.004592824422458513,0.0154161610094388,0.007953432487013485,0.007462728522425315,-0.022673887622473,0.010408006129157876,-0.03308189375163088,-0.0082242547965998,0.009383253912827114,-0.017607508709426914,-0.0050816101732982,0.004769518302450275,-0.009851128475748476,-0.0579899740641928,-0.0024483289221994805,-0.055541645141993314,0.031205503200049,0.006171846115779766,0.025033657084269235,0.0391747290190498,0.005408853676079411,0.03376587534297039,0.0191042790783638,0.010476859320044513,0.008627419758319287,0.0264869174193185,0.01442364214274907,0.012063275276569429,0.033576014159365,0.012910768506539636,0.020665245652825365,-0.2630421393352943,-0.008133425626709323,-0.254908713708585
2025-12-01,0.0373298706150551,0.010783564679302178,0.02654630593575292,-0.0054561980933469,0.005577728423194651,-0.011033926516541552,0.0342735741248876,-0.00556748884339516,0.03984106296828276,0.0391954521819333,-0.011249025242590142,0.050444477424523446,0.0600605340911545,0.021148954894728893,0.03891157919642561,0.0622448358991352,0.02131066969224637,0.04093416620688883,0.0280044393811748,0.006788128769998266,0.021216310611176535,-0.0015629747860633,-0.0053059155317575855,0.0037429407456942856,-0.0012059562590062,-0.004383450245239784,0.003177493986233584,-0.122705280244273,-0.040208785542814145,-0.08249649470145887,0.0037159765165546,0.0023903294294944973,0.0013256470870601027,-0.0744144225753993,-0.01801607170656335,-0.056398350868835954,0.0516333194906806,-0.00020844305220697008,0.05184176254288757,-0.0036786632163285,-0.0016938931917543326,-0.001984770024574167,-0.0799600945153446,0.0019089279332805734,-0.08186902244862516,0.0060765140833753,0.004036168538110054,0.002040345545265246,-0.016962184530417,0.0006643824871555306,-0.01762656701757253,-0.0441243849980943,-0.00649778001638795,-0.03762660498170635,-0.0069993612739124,-0.003131127187819469,-0.003868234086092931,-0.0075313931022075,-0.0027304900074037876,-0.004800903094803712,-0.1114650936634894,-0.029704516633080102,-0.0817605770304093,-0.0754300790159924,-0.003830735831942432,-0.07159934318404997,-0.0297009882166203,0.004527483502160539,-0.03422847171878084,-0.0563063234902737,-0.003368302881548523,-0.05293802060872518,0.0205618294414414,0.010245001537153953,0.010316827904287448,0.0207314630122642,0.010983917498015328,0.00974754551424887,0.0071256976066965,-0.0036724605218811167,0.010798158128577616,0.0176468175788654,0.0015378209383664447,0.016108996640498953,0.0205382117836834,0.0025929528787352967,0.017945258904948105,-0.1117576711424393,-0.02369910846231705,-0.08805856268012224,-0.0006447546072444,-0.006911958393150968,0.006267203785906568,-0.0317303134595892,-0.005443423348461868,-0.026286890111127337,-0.0324461761849118,-0.0040642157579865255,-0.028381960426925278,0.0165820085168306,0.005195567373603346,0.011386441143227255,0.0460858123818077,0.003024096875340822,0.043061715506466876,0.0131471646401549,-0.0007499231417631611,0.013897087781918062,-0.0020832078313022,0.013473439282522088,-0.015556647113824287,0.0023631288969418,0.021101869494913543,-0.018738740597971742,-0.0228197264763906,-8.41419918875784e-05,-0.02273558448450302,-0.0048778543892142,0.001240694977805911,-0.006118549367020111,-0.0040655072080961,0.0025238315745697406,-0.00658933878266584,-0.1610831800464541,-0.0633931914344771,-0.09768998861197702,0.0522177070701548,0.0011349074594221749,0.05108279961073263,-0.0183890454932808,0.005974906045257757,-0.02436395153853856,-0.0324610278271973,0.00027205193155481304,-0.032733079758752115,0.0120626569615999,0.003773810045248395,0.008288846916351504,-0.0130343322996771,-0.003923358211602421,-0.009110974088074679,-0.0128361908338366,-0.002828043514858159,-0.010008147318978441,-0.0594417577272931,-0.02526791008128792,-0.03417384764600518,0.0506025207375269,0.0010178128258846366,0.04958470791164226,0.0019512280272006,0.0049721838966195085,-0.0030209558694189085,0.0050273792364689,0.005732450619464996,-0.0007050713829960956,-0.0276442299089546,-0.005360440548898874,-0.022283789360055727,0.0312800378445242,0.0014490346525647478,0.02983100319195945,0.0304078434941051,-9.848236283881455e-05,0.030506325856943916,-0.0404704775982434,-0.02262376677719836,-0.017846710821045036,-0.0364052284905728,0.003605396725411771,-0.04001062521598457,-0.0354776028858168,0.004249148816859258,-0.039726751702676054,-0.0375709023885428,-0.004768941536487664,-0.03280196085205513,-0.0325814437311499,0.003156917559852152,-0.03573836129100205,-0.0365993132861056,0.004062268496755986,-0.04066158178286158,-0.1422281580841139,-0.020525436596325834,-0.12170272148778807
2026-01-01,0.0534493231719367,0.034188570949275854,0.019260752222660847,0.0032733556400761,0.014844671835276765,-0.011571316195200665,-0.0252490055754074,0.0302195409029801,-0.055468546478387504,-0.0332837805681988,0.020780659663666743,-0.054064440231865546,-0.0181565022511726,0.030493008766791455,-0.04864951101796405,-0.0215738605743013,0.028750769318387607,-0.050324629892688905,0.0246715474746926,0.028716632433603086,-0.004045084958910487,-0.0446914861996878,-0.005699013479433236,-0.03899247272025456,-0.0433033177278785,-0.007013740694544557,-0.03628957703333394,-0.0269617433817776,-0.00278348388668782,-0.02417825949508978,0.095842601615262,0.030313348926736254,0.06552925268852575,0.0944314595388455,0.033472501925676315,0.06095895761316919,0.0315663953600324,0.02019381822656047,0.011372577133471926,0.0938029373117547,0.015785136801851042,0.07801780050990365,0.0987631028750222,0.046772493240781865,0.051990609634240334,0.0427263027099266,0.04806224568827461,-0.00533594297834801,0.0748895181370658,0.021011303714771945,0.05387821442229386,0.1429177881280269,0.030682714558466967,0.11223507356955995,0.0183124901751768,0.008322149912223006,0.009990340262953794,0.0161962575845347,0.007372047058647998,0.008824210525886701,0.1136827191015565,-0.005285108536934392,0.1189678276384909,-0.1036507835549151,0.008930021795852523,-0.11258080535076762,0.0786673862568312,0.01875863175091964,0.05990875450591156,-0.0200339702086034,0.023412294790302556,-0.043446264998905956,-0.0367853999575201,0.026557609838708255,-0.06334300979622835,-0.0425097688367933,0.028164214945890526,-0.07067398378268383,-0.0420004307513032,0.023375724330586056,-0.06537615508188925,0.1517848685666203,0.03505800189223047,0.11672686667438983,0.1585944148156322,0.033016221669603996,0.1255781931460282,0.0348295778662116,0.032101801309309036,0.002727776556902567,0.0583056303071216,0.014480816622995024,0.04382481368412658,-0.0227182099138986,0.002949827854279879,-0.025668037768178477,-0.0206032296960671,0.004231091593001639,-0.02483432128906874,-0.0022061302237978,0.05107747280123404,-0.053283603025031843,0.2225591758281971,0.031929558994530614,0.19062961683366647,0.0047854890802708,0.025540952657584996,-0.020755463577314195,0.1422871273577667,0.052937263634981496,0.0893498637227852,0.1440033889012795,0.059739673565565525,0.08426371533571397,0.1341569376917667,0.050917286375932756,0.08323965131583394,0.018662321539081,0.006105872879642992,0.012556448659438009,0.0214489251437898,0.006685421152100621,0.01476350399168918,-0.0821440061122117,-0.04671361575660643,-0.035430390355605274,0.1037317625274256,0.01549786879620884,0.08823389373121676,0.0253931527421265,0.04875348616015378,-0.023360333418027276,0.0845344281312131,0.038733477997503804,0.0458009501337093,0.037999888189541,0.023337319289822807,0.014662568899718197,0.048078815025174,0.0061143502488026965,0.0419644647763713,0.0502947753193958,0.003309353109950966,0.046985422209444835,-0.0044504422163966,0.041874684199642236,-0.046325126416038837,0.1137019131698005,0.04250941887925523,0.07119249429054526,0.0278803322656195,0.018998360688425843,0.008881971577193656,0.027742370725229,0.015114564459876217,0.012627806265352783,0.0157391843323625,0.03089015013799784,-0.015150965805635342,0.0307463897612632,0.02614942510073098,0.004596964660532221,0.0261686554906505,0.019649719931910004,0.006518935558740495,0.0385086099335872,0.029633092183726818,0.008875517749860382,0.0333031220871771,0.01629529477283199,0.017007827314345112,0.0309498051789335,0.014574324978048659,0.01637548020088484,0.0814061293397633,0.032371994686327454,0.04903413465343584,0.0756115066847118,0.03352755457728614,0.04208395210742566,0.0718985209276726,0.029848333141096015,0.042050187786576584,-0.0458951384812151,0.011462447598454783,-0.057357586079669884
