,Agriculture,Agriculture,Agriculture,Aircraft,Aircraft,Aircraft,Almost Nothing,Almost Nothing,Almost Nothing,Apparel,Apparel,Apparel,Automobiles and Trucks,Automobiles and Trucks,Automobiles and Trucks,Banking,Banking,Banking,Banking - Large Cap,Banking - Large Cap,Banking - Large Cap,Banking - Small Cap,Banking - Small Cap,Banking - Small Cap,Business Services,Business Services,Business Services,Business Services - Large Cap,Business Services - Large Cap,Business Services - Large Cap,Business Services - Small Cap,Business Services - Small Cap,Business Services - Small Cap,Business Supplies,Business Supplies,Business Supplies,Chemicals,Chemicals,Chemicals,Chemicals - Large Cap,Chemicals - Large Cap,Chemicals - Large Cap,Chemicals - Small Cap,Chemicals - Small Cap,Chemicals - Small Cap,Communication,Communication,Communication,Communication - Small Cap,Communication - Small Cap,Communication - Small Cap,Computers,Computers,Computers,Construction,Construction,Construction,Construction Materials,Construction Materials,Construction Materials,Consumer Goods,Consumer Goods,Consumer Goods,Defense,Defense,Defense,Electrical Equipment,Electrical Equipment,Electrical Equipment,Electrical Equipment - Small Cap,Electrical Equipment - Small Cap,Electrical Equipment - Small Cap,Electronic Equipment,Electronic Equipment,Electronic Equipment,Electronic Equipment - Large Cap,Electronic Equipment - Large Cap,Electronic Equipment - Large Cap,Electronic Equipment - Small Cap,Electronic Equipment - Small Cap,Electronic Equipment - Small Cap,Entertainment,Entertainment,Entertainment,Entertainment - Large Cap,Entertainment - Large Cap,Entertainment - Large Cap,Food Products,Food Products,Food Products,Healthcare,Healthcare,Healthcare,Insurance,Insurance,Insurance,Insurance - Large Cap,Insurance - Large Cap,Insurance - Large Cap,Insurance - Small Cap,Insurance - Small Cap,Insurance - Small Cap,Machinery,Machinery,Machinery,Machinery - Large Cap,Machinery - Large Cap,Machinery - Large Cap,Machinery - Small Cap,Machinery - Small Cap,Machinery - Small Cap,Measuring and Control Equipment,Measuring and Control Equipment,Measuring and Control Equipment,Measuring and Control Equipment - Large Cap,Measuring and Control Equipment - Large Cap,Measuring and Control Equipment - Large Cap,Measuring and Control Equipment - Small Cap,Measuring and Control Equipment - Small Cap,Measuring and Control Equipment - Small Cap,Medical Equipment,Medical Equipment,Medical Equipment,Medical Equipment - Large Cap,Medical Equipment - Large Cap,Medical Equipment - Large Cap,Medical Equipment - Small Cap,Medical Equipment - Small Cap,Medical Equipment - Small Cap,Non-Metallic and Industrial Metal Mining,Non-Metallic and Industrial Metal Mining,Non-Metallic and Industrial Metal Mining,Non-Metallic and Industrial Metal Mining - Small Cap,Non-Metallic and Industrial Metal Mining - Small Cap,Non-Metallic and Industrial Metal Mining - Small Cap,Personal Services,Personal Services,Personal Services,Petroleum and Natural Gas,Petroleum and Natural Gas,Petroleum and Natural Gas,Petroleum and Natural Gas - Large Cap,Petroleum and Natural Gas - Large Cap,Petroleum and Natural Gas - Large Cap,Petroleum and Natural Gas - Small Cap,Petroleum and Natural Gas - Small Cap,Petroleum and Natural Gas - Small Cap,Pharmaceutical Products,Pharmaceutical Products,Pharmaceutical Products,Pharmaceutical Products - Large Cap,Pharmaceutical Products - Large Cap,Pharmaceutical Products - Large Cap,Pharmaceutical Products - Small Cap,Pharmaceutical Products - Small Cap,Pharmaceutical Products - Small Cap,Precious Metals,Precious Metals,Precious Metals,Precious Metals - Small Cap,Precious Metals - Small Cap,Precious Metals - Small Cap,Real Estate,Real Estate,Real Estate,Recreation,Recreation,Recreation,"Restaurants, Hotels, Motels","Restaurants, Hotels, Motels","Restaurants, Hotels, Motels",Retail,Retail,Retail,Retail - Large Cap,Retail - Large Cap,Retail - Large Cap,Retail - Small Cap,Retail - Small Cap,Retail - Small Cap,"Shipbuilding, Railroad Equipment","Shipbuilding, Railroad Equipment","Shipbuilding, Railroad Equipment",Steel Works Etc,Steel Works Etc,Steel Works Etc,Trading,Trading,Trading,Trading - Large Cap,Trading - Large Cap,Trading - Large Cap,Trading - Small Cap,Trading - Small Cap,Trading - Small Cap,Transportation,Transportation,Transportation,Transportation - Large Cap,Transportation - Large Cap,Transportation - Large Cap,Transportation - Small Cap,Transportation - Small Cap,Transportation - Small Cap,Utilities,Utilities,Utilities,Utilities - Large Cap,Utilities - Large Cap,Utilities - Large Cap,Utilities - Small Cap,Utilities - Small Cap,Utilities - Small Cap,Wholesale,Wholesale,Wholesale,Wholesale - Large Cap,Wholesale - Large Cap,Wholesale - Large Cap,Wholesale - Small Cap,Wholesale - Small Cap,Wholesale - Small Cap
,Actual_returns,Pred_returns,Residual_returns,Actual_returns,Pred_returns,Residual_returns,Actual_returns,Pred_returns,Residual_returns,Actual_returns,Pred_returns,Residual_returns,Actual_returns,Pred_returns,Residual_returns,Actual_returns,Pred_returns,Residual_returns,Actual_returns,Pred_returns,Residual_returns,Actual_returns,Pred_returns,Residual_returns,Actual_returns,Pred_returns,Residual_returns,Actual_returns,Pred_returns,Residual_returns,Actual_returns,Pred_returns,Residual_returns,Actual_returns,Pred_returns,Residual_returns,Actual_returns,Pred_returns,Residual_returns,Actual_returns,Pred_returns,Residual_returns,Actual_returns,Pred_returns,Residual_returns,Actual_returns,Pred_returns,Residual_returns,Actual_returns,Pred_returns,Residual_returns,Actual_returns,Pred_returns,Residual_returns,Actual_returns,Pred_returns,Residual_returns,Actual_returns,Pred_returns,Residual_returns,Actual_returns,Pred_returns,Residual_returns,Actual_returns,Pred_returns,Residual_returns,Actual_returns,Pred_returns,Residual_returns,Actual_returns,Pred_returns,Residual_returns,Actual_returns,Pred_returns,Residual_returns,Actual_returns,Pred_returns,Residual_returns,Actual_returns,Pred_returns,Residual_returns,Actual_returns,Pred_returns,Residual_returns,Actual_returns,Pred_returns,Residual_returns,Actual_returns,Pred_returns,Residual_returns,Actual_returns,Pred_returns,Residual_returns,Actual_returns,Pred_returns,Residual_returns,Actual_returns,Pred_returns,Residual_returns,Actual_returns,Pred_returns,Residual_returns,Actual_returns,Pred_returns,Residual_returns,Actual_returns,Pred_returns,Residual_returns,Actual_returns,Pred_returns,Residual_returns,Actual_returns,Pred_returns,Residual_returns,Actual_returns,Pred_returns,Residual_returns,Actual_returns,Pred_returns,Residual_returns,Actual_returns,Pred_returns,Residual_returns,Actual_returns,Pred_returns,Residual_returns,Actual_returns,Pred_returns,Residual_returns,Actual_returns,Pred_returns,Residual_returns,Actual_returns,Pred_returns,Residual_returns,Actual_returns,Pred_returns,Residual_returns,Actual_returns,Pred_returns,Residual_returns,Actual_returns,Pred_returns,Residual_returns,Actual_returns,Pred_returns,Residual_returns,Actual_returns,Pred_returns,Residual_returns,Actual_returns,Pred_returns,Residual_returns,Actual_returns,Pred_returns,Residual_returns,Actual_returns,Pred_returns,Residual_returns,Actual_returns,Pred_returns,Residual_returns,Actual_returns,Pred_returns,Residual_returns,Actual_returns,Pred_returns,Residual_returns,Actual_returns,Pred_returns,Residual_returns,Actual_returns,Pred_returns,Residual_returns,Actual_returns,Pred_returns,Residual_returns,Actual_returns,Pred_returns,Residual_returns,Actual_returns,Pred_returns,Residual_returns,Actual_returns,Pred_returns,Residual_returns,Actual_returns,Pred_returns,Residual_returns,Actual_returns,Pred_returns,Residual_returns,Actual_returns,Pred_returns,Residual_returns,Actual_returns,Pred_returns,Residual_returns,Actual_returns,Pred_returns,Residual_returns,Actual_returns,Pred_returns,Residual_returns,Actual_returns,Pred_returns,Residual_returns,Actual_returns,Pred_returns,Residual_returns,Actual_returns,Pred_returns,Residual_returns,Actual_returns,Pred_returns,Residual_returns,Actual_returns,Pred_returns,Residual_returns,Actual_returns,Pred_returns,Residual_returns
date,,,,,,,,,,,,,,,,,,,,,,,,,,,,,,,,,,,,,,,,,,,,,,,,,,,,,,,,,,,,,,,,,,,,,,,,,,,,,,,,,,,,,,,,,,,,,,,,,,,,,,,,,,,,,,,,,,,,,,,,,,,,,,,,,,,,,,,,,,,,,,,,,,,,,,,,,,,,,,,,,,,,,,,,,,,,,,,,,,,,,,,,,,,,,,,,,,,,,,,,,,,,,,,,,,,,,,,,,,,,,,
2008-01-01,,0.041936220427327496,,,0.005917073636703761,,,0.03215949072120232,,,0.01435622588272324,,,0.007203700903339858,,-0.0838970993350971,0.014128913297399343,0.09802601263249645,,0.016874562130418873,,,0.005488582397830467,,0.0084237760967818,0.012014831089841548,0.003591054993059747,,0.013299868711647069,,,-0.02989445479585689,,,0.01685803560997835,,,0.009062779524161126,,,0.03143669915274259,,,-0.0011517432886094625,,0.0162611599043846,0.007945234133223015,-0.008315925771161584,,-0.016397505453333256,,,0.021364019993742385,,,0.024545570209225907,,,0.02306809127749397,,,0.014791735545888056,,,-0.004937165624296523,,,0.006860782694153517,,,-0.0624857191213607,,,0.011071590533592109,,,0.01156662679624871,,,-0.028473653962322296,,,0.005588113708967981,,,-0.04907349661306464,,,0.01242962627727944,,,0.012962950030080907,,,0.012472334448558515,,,0.014660048899547,,,0.007421977212126679,,,0.017125583432284413,,,0.018340344332399363,,,-0.02456210223253609,,,0.01634136924188157,,,0.030550406861686797,,,0.00821122537755236,,,0.015639863670653554,,,0.01650238049730717,,,-0.04020581591232577,,,0.015909863579805287,,,-0.02858523326937798,,,0.020224501440101614,,0.0966219855715249,0.025868461604936648,-0.07075352396658825,,0.03680909792802256,,,-0.005909316135137585,,,0.016656960469808663,,,0.01826183394585018,,,-0.05941805132335514,,0.0322376432928174,-0.006070523676933346,-0.03830816696975074,,-0.01241999959879945,,,0.01428678217252706,,,0.01927287927155082,,,0.021937705937026666,,,0.01925584875627122,,,0.02024647376542959,,,-0.02566025169603066,,,0.0129230382343577,,,0.013622193033550818,,0.0125076195654289,0.013673082517161214,0.0011654629517323153,,0.013476817830269187,,,-0.0009137521097549598,,,0.017986637078309498,,,0.026193523032933024,,,-0.03338248679387227,,,0.015152645453988518,,,0.014605563433883363,,,0.013559510471434687,,,0.016601295047269673,,,0.018427770404532737,,,-0.028248697290641167,
2008-02-01,,0.024677754272034384,,-0.0522582523646339,0.0031596150014476377,0.055417867366081536,,0.02113470042975517,,-0.0342857322466606,0.008833857770216395,0.043119590016877,-0.0514422195999898,0.009397373971219609,0.06083959357120941,0.0131464392673464,0.006807247429634873,-0.006339191837711527,0.012554990378641,0.008108117094761384,-0.0044468732838796165,0.004948699631432,-0.00039134768411102586,-0.005340047315543026,-0.1061800913456279,0.012816717585503085,0.11899680893113099,-0.1078033606738264,0.013767349037762867,0.12157070971158926,-0.1177386717196683,-0.02142738611909959,0.0963112856005687,,0.009263082658842774,,-0.0433774052021939,0.005017996944652453,0.04839540214684635,,0.01683125928799036,,,-0.009296121577222316,,-0.0796501941508869,0.008270120753000763,0.08792031490388766,,-0.01400816660225641,,-0.1102953999988659,0.007725874012307745,0.11802127401117364,0.051855198446588,0.01637691090801015,-0.035478287538577846,-0.0449863043233659,0.009664591000658189,0.05465089532402409,-0.0827064667575514,0.005958085724458862,0.08866455248201026,,0.004984863665748522,,-0.1436091232438137,0.006129346698191494,0.14973846994200518,,-0.05740105678130503,,-0.1847600362787246,0.012520089769450852,0.19728012604817544,-0.1871648144177107,0.01313566385862127,0.200300478276332,-0.008385375926432,-0.019984420305105017,-0.011599044378673018,-0.1073853365027542,0.009016525175670611,0.11640186167842481,,-0.023009917232516816,,-0.078456761784565,0.005608265241790751,0.08406502702635575,-0.0432831207661033,0.005688478390382067,0.04897159915648537,-0.0627582690709123,0.006333323482095679,0.06909159255300798,-0.0759619169902625,0.007492146836930949,0.08345406382719345,0.0367377485727541,0.007706053935082614,-0.02903169463767149,-0.0879183930624827,0.008298551567407747,0.09621694462989044,-0.0760220008964319,0.008955879938890215,0.08497788083532211,-0.2309041801923184,-0.01822898680923986,0.21267519338307853,-0.1126571585825478,0.009418662336734922,0.12207582091928272,,0.02098555142675758,,,0.017759522248226665,,-0.0218780668799317,0.01119936239476551,0.03307742927469721,-0.0157859140821859,0.012375707402022058,0.028161621484207956,0.0225665450105405,0.0032144373716324276,-0.019352107638908073,-0.0995845132316643,0.00688227626355382,0.10646678949521812,,-0.021476956979463672,,-0.0204906295644084,0.01064616445048066,0.031136794014889058,-0.0971036686780928,0.0129490979606205,0.1100527666387133,,0.021137047033562,,-0.0162130960816505,-0.008882775534703354,0.007330320546947145,-0.0740074353007522,0.011397676468908258,0.08540511176966045,-0.0740562125605282,0.012106532977303231,0.08616274553783143,-0.1446982688436732,-0.03383963025568359,0.11085863858798961,0.155810822899432,0.006349387457756236,-0.14946143544167576,,-0.010324024897833965,,-0.0551329214791897,0.008435478116729874,0.06356839959591958,0.0489473860901609,0.011487979201598664,-0.03745940688856224,-0.0850662181286273,0.014083474357648194,0.0991496924862755,0.006611118740998,0.014649876644426272,0.008038757903428272,0.0096835935407332,0.015502712328859098,0.005819118788125898,-0.0569241360395749,-0.02360085554948624,0.03332328049008866,,0.006350716693414929,,-0.0467541466244932,0.0018333571146462346,0.048587503739139434,-0.0594266749228496,0.0076865008719952796,0.06711317579484488,-0.0659571961975646,0.00828160017267792,0.07423879637024253,-0.0614506423662164,-0.006437112492108191,0.05501352987410821,0.0300316709804835,0.009738642455452778,-0.02029302852503072,,0.016103664347384427,,-0.1430663449250179,-0.011349971795484828,0.13171637312953308,-0.0616025216987951,0.0091610629892531,0.07076358468804819,-0.062264597807157,0.010160639628360748,0.07242523743551775,-0.0647337445274492,0.0038503802935625398,0.06858412482101174,-0.0361924409427755,0.010248368862441664,0.04644080980521717,-0.0333352735472033,0.011534428365202954,0.04486970191240626,-0.0666345045287687,-0.012407959513166904,0.0542265450156018
2008-03-01,,0.031784166418436705,,-0.0432376944104173,0.006620654185803232,0.04985834859622053,,0.018540074790236123,,-0.0383044650027377,0.012177126229315145,0.05048159123205285,-0.0382119793802655,0.012290335476285077,0.05050231485655057,-0.0869914498800889,0.009104594804031812,0.09609604468412071,-0.0871980407498278,0.010226950851640808,0.09742499160146861,-0.0278222416564394,-0.001780008368897189,0.02604223328754221,-0.0626492122784326,0.014479388675155658,0.07712860095358827,-0.0701475381728975,0.015341951737503537,0.08548948991040103,-0.0496588890081859,-0.018671720250610018,0.030987168757575883,,0.006574708868681068,,0.0706299650625027,0.008072330516485513,-0.06255763454601719,,0.016217771323250113,,,-0.01050082279841782,,-0.0271385502255267,0.007470940488973186,0.03460949071449988,,-0.01375637857189876,,0.0290582563106712,0.011078920436369828,-0.017979335874301373,-0.0458499514123478,0.013470461200111892,0.0593204126124597,-0.0732825827137133,0.011516644797160431,0.08479922751087372,-0.0025555911773861,0.006812888303312318,0.009368479480698418,,0.02105604778714059,,-0.0181713200176244,0.010627189397965581,0.02879850941558998,,-0.05416111020623243,,-0.0480174607666661,0.018379388049200186,0.06639684881586629,-0.0497025092168813,0.01910201961031626,0.06880452882719756,-0.0167206659923236,-0.016375345679233613,0.0003453203130899876,-0.0809497475897014,0.011256513337541768,0.09220626092724317,,-0.0058172934921433455,,0.0321900482716808,0.009226345628310165,-0.022963702643370637,0.0238831875908258,0.005186173063663485,-0.01869701452716232,-0.0632691682908988,0.006916147378264385,0.0701853156691632,-0.0641543626924313,0.007416721624529305,0.0715710843169606,-0.0269241054187149,-0.0007861145615817276,0.026137990857133173,0.0206441997235586,0.01160291303737878,-0.00904128668617982,0.0097738906375542,0.012599914365974227,0.002826023728420026,0.1172631053500997,-0.020958553801750903,-0.1382216591518506,0.0165697772202905,0.012224571086125475,-0.004345206134165024,,0.02101045403106083,,,0.0086924124026633,,-0.0099766327960277,0.011257401485777039,0.021234034281804738,-0.0048978120188016,0.01127759519170872,0.01617540721051032,-0.1146814784839762,0.0027722708602735836,0.11745374934424978,0.1785420067373994,0.011804878503166957,-0.16673712823423242,,-0.02141309520326021,,-0.0875443264466415,0.012816844486177145,0.10036117093281864,0.078111355483802,0.011284247632278685,-0.06682710785152332,,0.0178126675842108,,0.1319783190085436,-0.009871963467637634,-0.14185028247618123,-0.0246578119082582,0.012544109845156571,0.037201921753414774,-0.0232070862323219,0.013364434734104917,0.03657152096642682,-0.0697651980715089,-0.038941701784924565,0.03082349628658433,0.0220618940927637,0.010389054100207977,-0.011672839992555724,,-0.00031438869543372783,,-0.0090910741644449,0.007930079665454663,0.017021153829899563,-0.0489401818823857,0.014432209624546513,0.06337239150693222,-0.0026960077814681,0.01557279046861427,0.01826879825008237,-0.0647266496883851,0.014640880647430044,0.07936753033581515,-0.0590958386432957,0.01579571996037778,0.07489155860367348,-0.110161468043485,-0.024294532275400498,0.0858669357680845,,0.014124924154710419,,0.0397811625197747,0.009265375234503319,-0.03051578728527138,-0.0850323585310894,0.009402653701959373,0.09443501223304877,-0.0976529004266178,0.010379290605588367,0.10803219103220617,-0.0130482653596644,-0.005396388118853483,0.007651877240810918,-0.0293878917189059,0.012324213782547399,0.041712105501453295,,0.01709889607104232,,-0.0309729149341725,-0.02393505837338474,0.007037856560787762,-0.021966519855843,0.009500156686863923,0.03146667654270692,-0.0263940849023645,0.010060079768854082,0.036454164671218585,-0.0230076579304086,0.00486064111266248,0.02786829904307108,-0.0273341977192626,0.010728569253134288,0.03806276697239688,-0.0277693473855179,0.012134173744222414,0.03990352112974031,-0.0180335640595961,-0.011939083220869996,0.006094480838726105
2008-04-01,,0.007674688132388037,,0.0601784921409984,0.000776149101883616,-0.059402343039114784,,0.00617989329698776,,0.0653713068532145,0.0054771992988450115,-0.05989410755436949,-0.0178193455058193,0.014680239919001461,0.03249958542482076,-0.0303935382596896,0.0030697257192556365,0.03346326397894524,-0.0338255645152319,0.0031937645109886346,0.037019329026220536,-0.0244765042326684,-0.005132212617071308,0.019344291615597094,0.0114208996444943,0.010330170310636889,-0.0010907293338574108,0.0152722718003661,0.01121548384940011,-0.004056787950965991,-0.0608864625241439,-0.015187534663389565,0.04569892786075433,,-0.004097925890567062,,-0.0187469445055862,0.0028801786614505026,0.021627123167036702,,-0.0020375349468224955,,,-0.020310381903810053,,0.0027018413674585,0.0030936471627576578,0.00039180579529915797,,-0.02314772686271606,,-0.0276673788486778,0.0027254013143039606,0.03039278016298176,0.0355071634021635,0.013554928988367475,-0.021952234413796023,0.0404344191128535,0.0070864988698461796,-0.03334792024300732,0.0407817863813,0.004717765277049002,-0.036064021104251,,0.004308603981788114,,-0.0037054805735493,0.008536039665036672,0.012241520238585973,,-0.044275767354663306,,0.0290139458239663,0.01756517892308937,-0.011448766900876931,0.0334016468152159,0.018191172639792544,-0.015210474175423358,-0.0656589795048114,-0.008972168031272841,0.05668681147353855,-0.0523841101701452,0.007506288811710064,0.05989039898185526,,0.056878106107240464,,-0.0015748970518728,0.002244101621943245,0.0038189986738160447,-0.0037042701787545,0.0003456974174775012,0.004049967596232001,-0.0577066557263957,0.007147403844096704,0.06485405957049241,-0.0590562653257546,0.006948879989757363,0.06600514531551196,-0.0147757340905682,0.008408553550030218,0.02318428764059842,-0.0026244248724384,0.009302350953921039,0.011926775826359438,1.5640232578976836e-06,0.010345029175025892,0.010343465151767994,-0.0241100827708155,-0.020136886724900032,0.003973196045915468,0.0033895910993138,0.01001716433747766,0.0066275732381638605,,0.011531338331152373,,,0.010804918177429169,,0.0026636684243493,0.003996136418378742,0.001332467994029442,0.0057812086300976,0.009463847624921135,0.0036826389948235345,-0.0100853246145125,0.044187038807744154,0.05427236342225665,-0.0521346824104731,0.00757609300621714,0.059710775416690245,,-0.050703313436932206,,-0.0081277190373742,0.005318455712530021,0.01344617474990422,-0.0320331799039718,0.004098079567607408,0.03613125947157921,,0.0027902126168118145,,-0.0018264392521418,-0.00104842596572343,0.0007780132864183701,-0.0343798077427523,0.008351774837659524,0.04273158258041183,-0.0328078171303707,0.009335914170573738,0.04214373130094444,-0.1505764378916486,-0.04280694555167704,0.10776949233997155,-0.1267812970166243,0.006912215832163823,0.1336935128487881,,-0.0392311000436217,,0.0178354812453139,0.00512977805430241,-0.01270570319101149,0.0365946279889637,-0.0003482065330763502,-0.03694283452204005,0.0357386456268354,0.003915652083295623,-0.031822993543539776,0.045398407626831,0.017842130168948613,-0.027556277457882385,0.0478801517397987,0.018329047485976028,-0.02955110425382267,0.0246509642405033,-0.013407534073946667,-0.03805849831444996,,-0.011317780195793496,,0.0232139661195322,-0.0020285677415812667,-0.025242533861113466,0.0049623109751314,0.0038927999713720997,-0.0010695110037593006,0.0060146693724855,0.0053988948433889555,-0.0006157745290965447,-0.0168212766869679,-0.008955450575823736,0.007865826111144163,0.020429837145407,0.005229411177296734,-0.015200425968110267,,-0.0025412484596375336,,0.2289626477539666,-0.008953720786056184,-0.2379163685400228,-7.442012813283503e-05,0.0018878229337356315,0.0019622430618684667,0.0140882656919783,0.0037627378592215268,-0.010325527832756774,0.0002773540030575,-0.005477244369946812,-0.005754598373004312,-0.024517277416303,0.005385057324177702,0.0299023347404807,-0.0286100969699846,0.005783557425888191,0.03439365439587279,-0.074143732363748,0.000925559074445003,0.07506929143819299
2008-05-01,,0.04532263931753397,,-0.0462897757048241,0.003552600542677302,0.0498423762475014,,0.013328853825495507,,-0.0121038793893201,0.012377083396376122,0.024480962785696222,0.0800878606319767,0.007889270412966033,-0.07219859021901068,0.0848615120239587,0.004721900849815372,-0.08013961117414332,0.0884050540035866,0.005149197767489819,-0.08325585623609678,-0.010525438552477,-0.010341422509571459,0.00018401604290554062,0.1027370735493519,0.017822522017348907,-0.08491455153200299,0.1103144815656232,0.018527493231892525,-0.09178698833373067,-0.0092200936326166,-0.013349326139555275,-0.004129232506938675,,-0.00067529916404812,,0.134676655269001,0.007066559491677822,-0.12761009577732318,,0.012394280405528332,,,-0.020787161917559246,,0.0689325759276272,0.006263587996002854,-0.06266898793162434,,-0.01667345263201135,,0.0396300549285412,0.004815983863748725,-0.03481407106479248,0.0226968075344642,0.0019774801279147294,-0.02071932740654947,0.0249243072716337,0.0009966127027533217,-0.02392769456888038,-0.0381517208273539,0.00046786168232142915,0.03861958250967533,,0.04197740939078001,,0.0214855865600167,0.011269195859552076,-0.010216390700464624,,-0.0514146060641165,,0.0970389465161296,0.025961939703944725,-0.07107700681218487,0.0977869672221705,0.02712026774743977,-0.07066669947473074,-0.0345436622586168,-0.008533327974217643,0.026010334284399153,-0.0085919593527639,0.012083781857836672,0.02067574121060057,,0.012361664609907747,,0.046794281436843,0.010264650248502209,-0.036529631188340794,0.0312749347725703,-0.006025550770436415,-0.03730048554300671,0.0342032815604129,0.00019993465812298225,-0.03400334690228991,0.0337588623245177,-0.0008989715652751385,-0.034657833889792836,-0.039661227981468,-0.012995236684412971,0.026665991297055026,0.0833728816586347,0.0066444850577393934,-0.07672839660089531,0.0830374529615358,0.007476478409656713,-0.07556097455187907,0.0366007678836378,-0.027237253252779876,-0.06383802113641768,0.0341382789071101,0.011638417164526366,-0.022499861742583737,,0.021534748315257965,,,0.018502600800535694,,0.0036998931616152,0.010414170913599596,0.006714277751984396,-0.0006504571121983,0.008522161717542692,0.009172618829740992,0.0824911613269694,0.02684314820352532,-0.055648013123444084,0.0734812590668015,0.00450196000881607,-0.06897929905798543,,-0.032653948675965966,,0.109710873627804,0.011046145993546523,-0.09866472763425749,0.1192843221632049,0.004630573722573283,-0.11465374844063163,,0.010809134622494162,,0.0490905028793,-0.015876999258957178,-0.06496750213825718,0.0006623984218299,0.01367701739953553,0.013014618977705629,0.0011008154305269,0.014227872213551781,0.01312705678302488,0.0161418382343553,-0.02744814446139622,-0.043589982695751525,-0.0928311811798242,0.02025425539159231,0.11308543657141651,,-0.006589582603143584,,0.0200655737106755,-0.0033717666815248127,-0.023437340392200315,0.0399934798240671,0.0198313383033143,-0.020162141520752797,0.0477958211532571,0.01666515397418826,-0.031130667179068837,0.0715928359695442,0.012251821627897466,-0.059341014341646736,0.0750113120706301,0.014135696786056657,-0.06087561528457344,-0.0176618950815355,-0.034196493804840356,-0.016534598723304855,,0.018250008027499924,,0.095362480849302,0.005711653145388016,-0.08965082770391399,0.0582598028423027,0.005768354732839504,-0.0524914481094632,0.0618680600568476,0.007784666895688325,-0.054083393161159274,-0.0078648170484132,-0.012090665128066941,-0.004225848079653741,0.049303050610541,0.011149840517013385,-0.038153210093527616,,0.016684451626178882,,0.0115353721069767,-0.03277666017381156,-0.04431203228078826,0.0510802886323682,0.006615840827646378,-0.04446444780472182,0.0460798423047275,0.00784384104506963,-0.03823600125965787,0.0672054963273088,0.0023634882900641935,-0.0648420080372446,0.007835573360569,0.006154564484557059,-0.0016810088760119413,0.0139347884734834,0.007799484340612792,-0.006135304132870608,0.0692173998194122,-0.002662431252898919,-0.07187983107231112
2008-06-01,,0.06796480198419445,,-0.0377587091176327,-0.0186881921591764,0.019070516958456296,,0.035761551263524975,,0.0368221992617303,0.010498306701524107,-0.02632389256020619,-0.0295196622940396,-0.028187172162063578,0.0013324901319760225,-0.0301616916194882,-0.007334904080665795,0.022826787538822405,-0.0313068887786354,-0.0052785265783384,0.026028362200296997,0.0019295037149037,-0.014270823073535176,-0.016200326788438878,0.052431027226277,0.012322817993376459,-0.040108209232900545,0.0534885049783546,0.013726192229775431,-0.039762312748579165,-0.0066497711038775,-0.0355048309079823,-0.028855059804104802,,0.014821255356591883,,0.0500091636619773,-0.00466136876102013,-0.05467053242299743,,0.04079112946770533,,,-0.020135139750572625,,0.0294814772830904,0.0029636185316294465,-0.026517858751460954,,-0.014908065397971761,,0.0383350219125104,-0.002639987454119106,-0.040975009366629504,0.0445091790129398,0.00025887035859683866,-0.04425030865434296,0.0368110381012445,-0.010229450883851363,-0.047040488985095864,0.0016968064658963,0.0005079102825899463,-0.0011888961833063537,,0.020526331730410702,,0.1104449717623201,-0.006592535549805066,-0.11703750731212517,,-0.062387532653448784,,0.0749884471274749,0.010248798450686923,-0.06473964867678798,0.0761253913652701,0.011619053340564713,-0.0645063380247054,0.0429202455817646,-0.03137696954912887,-0.07429721513089346,-0.0442908463783602,-0.0059329755242455325,0.03835787085411467,,-0.06373528902739942,,0.009295314336517,0.012689293826174822,0.0033939794896578213,0.0260156813832058,-0.01547442988925711,-0.04149011127246291,-0.021571284691008,-0.009081539014158552,0.012489745676849448,-0.0310431386556767,-0.00890763895841053,0.022135499697266168,0.0193558159778072,-0.0007536127976992023,-0.020109428775506404,0.0466806208127926,-0.005717562386286142,-0.05239818319907875,0.0461711991930283,-0.005726306313236374,-0.05189750550626467,-0.1404965637789295,-0.03793181264060029,0.1025647511383292,0.0672487985949215,0.00683104611797005,-0.06041775247695145,,0.04216934322537213,,,0.07346723467878344,,0.0176390737623117,0.016523257774784136,-0.0011158159875275658,0.0155077138020996,0.0127081862927976,-0.0027995275093019995,0.0496102391479853,-0.029807339239928655,-0.07941757838791395,0.0996959233856695,-0.03045579637505983,-0.13015171976072934,,-0.06860195413718277,,0.0220369265712205,0.019439851243752884,-0.0025970753274676163,0.0490353081939376,0.019940562109420856,-0.029094746084516745,,0.0421972092710455,,0.0338773342439759,-0.0273438353045902,-0.0612211695485661,0.0153958203896857,0.019613307530356054,0.0042174871406703545,0.0147210427181132,0.021060701617492197,0.006339658899378998,-0.0282032774830737,-0.028317655633633226,-0.00011437815055952497,0.0684722240934957,-0.0009200834614065173,-0.06939230755490221,,-0.06314561261000957,,-0.0315834518704741,-0.021607994955056765,0.009975456915417336,0.0377936939387208,0.03436733096988542,-0.0034263629688353753,-0.0058150532089525,0.0261566675412726,0.0319717207502251,-0.0058954740253162,0.012727435077883863,0.018622909103200063,-0.0064836693402673,0.015366255406486508,0.021849924746753808,-0.0091271631538652,-0.06223503462946565,-0.05310787147560045,,0.009676909627043817,,0.0581800974279206,-0.01453291256513995,-0.07271300999306055,-0.0023280620367655,-0.0016810122748525385,0.0006470497619129616,-0.0087347511485289,-0.0009390241331327712,0.0077957270153961285,-0.0054205560544935,-0.025465753031168593,-0.020045196976675093,0.0356820407708222,0.010097746578028699,-0.025584294192793504,,0.032269448267635316,,0.0229141678066267,-0.046898047541374964,-0.06981221534800167,0.0385153227536326,0.008539633173073139,-0.02997568958055946,0.0402286029860096,0.010072365046921567,-0.030156237939088035,-0.034808137832815,0.010719452972594986,0.04552759080540999,0.0559473599365039,0.005741533883101371,-0.05020582605340253,0.0570420609981305,0.00873005557571698,-0.04831200542241352,0.0369343184932868,-0.016470858893354944,-0.053405177386641745
2008-07-01,,0.04969275469025183,,-0.1350601987658427,0.019944338548555714,0.1550045373143984,,0.01938869051467946,,-0.1295146059634915,0.010557699776870957,0.14007230574036247,-0.2127822624539211,0.03202702510751039,0.2448092875614315,-0.1731177218853467,0.024844982552664027,0.19796270443801073,-0.1736295445785138,0.02726187795388831,0.2008914225324021,-0.1191484348358282,0.006641400676177111,0.12578983551200532,-0.0847783779322904,0.02090320171861502,0.10568157965090542,-0.0855241659025528,0.021821575675759063,0.10734574157831187,-0.0924702290186943,-0.011636981020498056,0.08083324799819624,,0.0004626683056166785,,0.0366869538415207,0.017277372128687355,-0.019409581712833347,,0.00906722822173846,,,-0.009705081668963132,,-0.1186101320533588,0.014168859059900762,0.13277899111325955,,-0.03922406273409952,,-0.0944553810616185,0.02669478596155996,0.12115016702317846,-0.0847838040286306,0.02729769108125534,0.11208149510988594,-0.1605624463729476,0.02912277248010864,0.18968521885305623,-0.0793764795854368,0.009117273275028495,0.08849375286046529,,-0.025695763444925433,,-0.1494993418422558,0.013231004131899505,0.1627303459741553,,-0.06975254594774383,,-0.1015587972041119,0.023759808275974938,0.12531860548008683,-0.1039188614316432,0.024411074559072033,0.12832993599071524,-0.049803885045478,-0.005755988087160983,0.04404789695831702,-0.2528018025949668,0.017328753909320378,0.2701305565042872,,-0.03546795489272815,,-0.1126383992406699,0.0053273363286951226,0.11796573556936503,-0.0677311698467614,0.012393611748225297,0.0801247815949867,-0.140723798038515,0.01734667410125057,0.15807047213976558,-0.1408258889203181,0.018656294629696625,0.15948218355001473,-0.1599773358311041,-0.0042540603910086044,0.1557232754400955,-0.08171148186305,0.023070752428288453,0.10478223429133846,-0.0733413707485259,0.02443218467583453,0.09777355542436042,-0.0275185522157992,-0.027135757531057476,0.00038279468474172393,-0.0712064547892082,0.0225704568301815,0.0937769116193897,,0.020071957705881636,,,-0.023172241363975877,,-0.0289573949114425,0.012867075456781491,0.04182447036822399,-0.0280477607889818,0.017031159333050574,0.04507892012203238,-0.0027162884395607,0.03609294605362013,0.03880923449318083,-0.01945155955022,0.04541879201156665,0.06487035156178665,,-0.021325291082538597,,-0.0897624423161129,0.009132763107478153,0.09889520542359105,0.0049963737870294,0.019607357397170424,0.014610983610141024,,0.01861835572351601,,-0.0069364518452471,0.007364533394278457,0.014300985239525558,-0.047002305329434,0.016074785266468387,0.06307709059590239,-0.0441957945659365,0.016671800587358374,0.06086759515329487,-0.2524467222454405,-0.0505540112334079,0.2018927110120326,0.1033272960618756,0.007826597627891162,-0.09550069843398444,,-0.002457557197315534,,-0.114033198667584,0.026019586191537446,0.14005278485912145,-0.0947494504164822,0.013654508192487503,0.1084039586089697,-0.0804799997233331,0.01988562763718289,0.10036562736051599,-0.0835792519700249,0.021518124999172678,0.10509737696919758,-0.0721245674301578,0.022132760161067914,0.09425732759122571,-0.1956587793098005,-0.011949286867407942,0.18370949244239254,,0.009854720046524741,,-0.0726531115269019,0.01979805229893409,0.09245116382583599,-0.1050824817117391,0.018723728384039743,0.12380621009577884,-0.1077081535150983,0.01992889418777248,0.12763704770287077,-0.1207249241076884,0.007183824649737479,0.1279087487574259,-0.1178557054842422,0.020488771512393783,0.138344476996636,,0.017210747581637667,,-0.1574037603252613,-0.014767317611126167,0.14263644271413511,-0.0084805811646965,0.015057532669819868,0.02353811383451637,0.0063257875150012,0.015105066838316306,0.008779279323315105,-0.0309092546434785,0.008592826108813125,0.03950208075229163,-0.0716888687129431,0.014410052664482972,0.08609892137742607,-0.0697644737989966,0.01533333306682141,0.08509780686581801,-0.1698274448697863,-0.01631103598140444,0.15351640888838186
2008-08-01,,0.05388794614967857,,0.0416183793653026,0.002010228749084263,-0.039608150616218335,,0.01577637315493325,,-0.0322483383457135,0.011348633132745777,0.04359697147845928,-0.0211978978753624,0.0065242444332920336,0.027722142308654434,0.1071892585869074,0.0073220661963030315,-0.09986719239060436,0.1068570315043174,0.00858120788981766,-0.09827582361449974,0.0018671375502311,-0.009017489573830799,-0.010884627124061899,-0.0178918188614577,0.016190840150497973,0.034082659011955674,-0.0186836578636988,0.01716904523680599,0.035852703100504785,-0.0880829495878785,-0.017834650784573212,0.0702482988033053,,-0.002380641974512099,,-0.0674390161216219,0.007087614761888663,0.07452663088351057,,0.013515747879402983,,,-0.022355860182122312,,-0.035812659600886,0.004403843133884375,0.04021650273477037,,-0.029297017186578195,,-0.0261156816578563,0.01035996364966572,0.03647564530752202,-0.0138561353739436,0.007121903028201524,0.020978038402145124,0.0032974329068211,0.007343978079480058,0.004046545172658959,0.0738490305467145,0.003345621521441567,-0.07050340902527294,,0.017964904617718047,,-0.0440990037466396,0.008552829769113045,0.052651833515752644,,-0.05599005849809551,,0.0050484715627157,0.024542062067154122,0.019493590504438423,0.0077901672849027,0.025668986417906672,0.017878819133003973,-0.0276532241254721,-0.010248740335603464,0.017404483789868634,-0.0005678561730196,0.007134865517841291,0.007702721690860891,,0.008352089803877815,,0.0487195650914029,0.009958435608125739,-0.03876112948327716,-0.0362463810665633,-0.005856679800311825,0.030389701266251474,0.017342237654633,0.003286177222839945,-0.014056060431793055,0.0114155036044483,0.0025912039476165788,-0.00882429965683172,0.0535602048055007,-0.011815383226998814,-0.06537558803249952,-0.0321042619955851,0.010454960892886705,0.042559222888471804,-0.0354177488265674,0.011594477228243687,0.04701222605481108,0.0440144608491886,-0.035323865284541636,-0.07933832613373024,0.014979450053134,0.015689799084744292,0.0007103490316102915,,0.024576597450403553,,,0.013032233973439472,,0.0449304071630275,0.010077701378217094,-0.03485270578481041,0.0441155179250406,0.010677506180435392,-0.03343801174460521,-0.0296086773278014,0.022735311339355486,0.052343988667156886,-0.102151887272621,0.010051434738911603,0.1122033220115326,,-0.055541297851667726,,0.0591883417382534,0.012429197178035492,-0.04675914456021791,-0.1341139182144309,0.011030195652618511,0.1451441138670494,,0.01563039811693695,,-0.1234047423433029,-0.009647804954469819,0.11375693738883308,0.0450464510182365,0.015823298919309222,-0.029223152098927275,0.0407812691499681,0.016968089117649823,-0.02381318003231828,-0.0161734467314445,-0.045938999816818454,-0.029765553085373955,-0.0985121753127682,0.00916733056013716,0.10767950587290535,,-0.03257599821047213,,-0.0770514384410681,-0.0015889596669595497,0.07546247877410855,0.118239697428123,0.019818733902513028,-0.09842096352560997,0.0298467356061412,0.017911045972139134,-0.011935689634002065,0.0110282063541172,0.016610168075018843,0.005581961720901644,0.0094190730993346,0.018378938127961927,0.008959865028627327,-0.0010200218092531,-0.033818119121643384,-0.032798097312390286,,0.00948697499866043,,-0.1518523271205983,0.00670386633696464,0.15855619345756294,0.0372543761536515,0.006892467199448282,-0.030361908954203216,0.043157946086746,0.008737287613664236,-0.03442065847308177,-0.0045628306932152,-0.010838596296553111,-0.006275765603337911,0.0579992974946184,0.013811640074459536,-0.044187657420158864,,0.015453080551331499,,0.0862208406890418,-0.04136455944662456,-0.12758540013566635,-0.048157100302041,0.00718777723530525,0.05534487753734625,-0.0675116803488438,0.008063708343913425,0.07557538869275723,0.0418715792587409,0.004366550163322521,-0.037505029095418384,0.0315474779188486,0.006848362459391011,-0.024699115459457587,0.027434423112025,0.008479212763922953,-0.018955210348102047,-0.0076452471078022,-0.008834146295263922,-0.0011888991874617217
2008-09-01,,0.05770988255211728,,0.0102734271026526,0.0036985198602005145,-0.006574907242452086,,0.038769531031843774,,0.0531065003731872,0.011849550913457471,-0.04125694945972973,-0.0141356819890946,0.0037974418628925416,0.017933123851987143,-0.0098349299154821,0.01642283327176075,0.02625776318724285,-0.0120050120615873,0.02024183539020057,0.032246847451787866,-0.0156080555145317,0.006897757128634045,0.022505812643165743,0.0132849784092607,0.01301432882067658,-0.0002706495885841185,0.0109683890776569,0.014548243549321167,0.003579854471664267,0.0316470671365416,-0.03368969568043386,-0.06533676281697545,,0.01756990602389115,,-0.080333955309812,0.008602009795564318,0.08893596510537631,,0.03576275524448967,,,-0.0024666455368724696,,0.0375765490955234,0.009546532733628998,-0.028030016361894405,,-0.02953197159311189,,0.0620118284539311,0.024635391105120787,-0.03737643734881031,0.0783193705605445,0.029290876956246863,-0.04902849360429763,0.0831136242503921,0.02587504466392992,-0.05723857958646218,0.0640261117135639,0.014501285207960124,-0.049524826505603775,,-0.03553282559216431,,0.0198740114364618,0.0012521738213118047,-0.018621837615149996,,-0.0739616994818948,,0.023500405975551,0.008287247740057622,-0.015213158235493377,0.0241551061304353,0.00885477075509703,-0.01530033537533827,0.0102157035478774,-0.030388624960595953,-0.040604328508473356,0.0662600728464996,0.0019219948305419557,-0.06433807801595764,,-0.08699198664866134,,-0.0153371739700365,0.010269218133202687,0.025606392103239187,0.0313242743109346,0.011449559861802698,-0.0198747144491319,0.0072728415052465,0.013203194857675833,0.005930353352429332,-0.0091605111689384,0.016067941422794545,0.025228452591732946,0.1531795010320382,0.00920167823407943,-0.14397782279795876,0.0051335261121762,0.017122826485380473,0.011989300373204273,0.0032119907597876,0.018174762647173097,0.014962771887385496,0.0369688401537295,-0.03194473333892141,-0.0689135734926509,0.0056700125832251,0.018898277530671918,0.013228264947446819,,0.03616426178634996,,,0.012676258471325195,,0.025798503691151,0.017645297795872237,-0.008153205895278764,0.0228928169744993,0.02001663325266511,-0.0028761837218341905,0.0154539857209949,-0.03819814081929959,-0.05365212654029449,-0.0834178490696512,0.018832679708421937,0.10225052877807314,,-0.04318703123534527,,0.0059621981804818,0.019945714750528677,0.013983516570046877,0.0085416172822266,0.033687637423179935,0.025146020140953337,,0.04611162623031528,,0.0238699183256601,-0.0019403582707271578,-0.02581027659638726,0.0219416274743389,0.019759688517538752,-0.0021819389568001474,0.0234320101746552,0.0215031358777096,-0.0019288742969456006,0.0013025948400458,-0.06378776532202353,-0.06509036016206933,-0.1168975980309976,-0.014099633228545492,0.10279796480245211,,-0.03593539626735713,,0.0037695856342743,0.01531784306267662,0.01154825742840232,-0.0192956049516394,0.023016012039131013,0.04231161699077041,0.0330958065694167,0.026288083264071893,-0.006807723305344807,0.0654787392214477,0.022172161634936606,-0.043306577586511096,0.0624699947961415,0.02317368842345677,-0.03929630637268473,0.0721199529186412,-0.030007105181125718,-0.10212705809976692,,0.006181734009188103,,-0.0333946739049697,0.009883151640132296,0.043277825545102,-0.0070601183152808,0.014506298505593701,0.021566416820874502,-0.0162532078607372,0.014104495043511784,0.03035770290424898,-0.054092274471675,-0.0006512311853037857,0.05344104328637121,0.0065116889578524,0.02048920080948376,0.01397751185163136,,0.030075340349059277,,-0.0023865497455358,-0.03280727939067131,-0.030420729645135508,-0.0045140304060744,0.017418658210351174,0.021932688616425576,-0.0170305737642335,0.016910414635424288,0.033940988399657784,0.0296908766845643,0.016897768821298433,-0.012793107863265867,0.0431558304924472,0.0170144215738829,-0.0261414089185643,0.0446263024607682,0.019023813620031332,-0.02560248884073687,-0.0331713478964151,-0.033790454391511564,-0.000619106495096465
2008-10-01,,0.04114589505581179,,-0.1027026345582201,-0.005812346392530925,0.09689028816568918,,0.04937326663671971,,0.037744565861257,0.01478224269612916,-0.022962323165127835,-0.097137606869729,-0.017408491477382076,0.07972911539234692,0.0635464935699979,0.0021451361593810715,-0.061401357410616836,0.0619221414567214,0.0051358407402399674,-0.05678630071648143,-0.068754279646699,0.0035461206571737055,0.0723004003038727,-0.1213213109876085,0.009426793448490596,0.1307481044360991,-0.1209829321682776,0.010729712944610878,0.1317126451128885,-0.1111530889478049,-0.042890942663537004,0.0682621462842679,,0.03771721538327379,,-0.2172849196361121,0.0004899447927486827,0.2177748644288608,,0.05678111564206668,,,0.009416905646487717,,-0.0962410490184553,0.01018829171605645,0.10642934073451175,,0.013526323285577006,,-0.0655032386076864,0.008004809966639128,0.07350804857432554,-0.1060925394185416,0.01662895268824069,0.12272149210678229,-0.0826747501696985,0.005974672496894501,0.088649422666593,-0.0019794113628222,0.010139680421184974,0.012119091784007174,,0.019664718681651334,,-0.1877418945026309,-0.0030524793180314075,0.1846894151845995,,-0.06967179981086022,,-0.2187741833504771,-0.0038067424213479007,0.2149674409291292,-0.2208970211919873,-0.0032716544217558465,0.21762536677023145,-0.208454040467861,-0.050618236069879995,0.157835804397981,-0.1665752349685256,0.0016247949085759147,0.16820002987710153,,-0.1377718823112187,,-0.0261409021808852,0.014060565468755558,0.040201467649640756,-0.0685545216110482,0.010906673585617407,0.07946119519666561,-0.1167944764174462,0.00017185214766371037,0.11696632856510991,-0.0394631630434935,0.0036275344243097978,0.0430906974678033,-0.0397191303603778,0.015448490219753886,0.055167620580131686,-0.1981884514955853,0.0006343122874470275,0.19882276378303235,-0.1979872231369996,0.0005615555262535399,0.19854877866325313,-0.3172368908204266,-0.01449785186943585,0.30273903895099075,-0.1237292507286134,0.0030105768429867,0.1267398275716001,,0.04074318237140386,,,0.05386391163176685,,-0.0500571647233333,0.022133509534834006,0.0721906742581673,-0.0492527862825187,0.01539130283646543,0.06464408911898413,-0.1402152128509304,-0.10104748182308004,0.039167731027850344,-0.2569104669237662,-0.018498721915498235,0.23841174500826795,,0.008350808398720317,,-0.0718780211581129,0.02447667114668064,0.09635469230479354,-0.112360848360125,0.028076005683246905,0.14043685404337192,,0.05761819863217781,,-0.1734768278226361,-0.02959803369727499,0.14387879412536111,-0.0521998882193009,0.015442169041268375,0.06764205726056927,-0.0516861776945251,0.01645799979939831,0.0681441774939234,-0.3568125046157412,-0.02556945223099364,0.33124305238474755,-0.0395579752970653,-0.004239803940682576,0.035318171356382724,,0.015056721493033226,,-0.0983504894637213,0.002036603578837885,0.10038709304255918,,0.030750816485936083,,-0.0262148394534941,0.02825132302829049,0.05446616248178459,-0.0431205917204766,0.008309638205907684,0.05143022992638428,-0.0373647541080563,0.009950465466326787,0.04731521957438309,-0.0281581294015303,-0.048524124048382015,-0.020365994646851716,,0.0295135893078123,,-0.2920402887149591,-0.0007266645240633808,0.2913136241908957,-0.0706283899683812,0.007531724999819811,0.07816011496820101,-0.0794858785725271,0.0060040244864479715,0.08548990305897508,-0.1076383597688456,-0.010816100524641275,0.09682225924420433,-0.0846539125143401,0.012573835460118558,0.09722774797445866,,0.04609703689436162,,-0.2250113552219119,-0.02621988552505989,0.19879146969685202,-0.0959004118631809,0.01778339220091454,0.11368380406409545,-0.0882815330954486,0.01746872092245925,0.10575025401790786,-0.0311763914937736,0.018565955896356852,0.04974234739013045,-0.0885835034906744,0.01695519561181622,0.10553869910249061,-0.0760284457307325,0.020052058105714535,0.09608050383644703,-0.1964270167958032,-0.037005777840151605,0.1594212389556516
2008-11-01,,0.021332714290953222,,-0.193147126243465,-0.015146526138523787,0.1780006001049412,,0.030116533618447777,,-0.1641584145745394,0.01909508179602775,0.18325349637056715,-0.3476567135723021,-0.029153513007814897,0.3185032005644872,-0.1923919586191278,-0.014593468783716746,0.17779848983541105,-0.1975527399613542,-0.014397402857674673,0.1831553371036795,-0.1239334465951314,-0.013635350518663998,0.1102980960764674,-0.1784034612827953,0.003634938465674776,0.18203839974847008,-0.1732735509946363,0.00454012606696355,0.17781367706159984,-0.2801675096301227,-0.0399785948339739,0.24018891479614882,,0.0278002555450803,,-0.2498502402954661,-0.00602203003520211,0.243828210260264,,0.04724580847124011,,,-0.0029979481888117686,,-0.1156768778419186,-0.002645759559527085,0.11303111828239151,,0.03601324033274768,,-0.2029672372648292,-0.008769890764643908,0.1941973465001853,-0.2713093551606537,-0.00933776907548048,0.2619715860851732,-0.3255010031035812,-0.014659476828405599,0.3108415262751756,-0.1155030031173643,0.005096047700483701,0.12059905081784801,,0.1058063862101897,,-0.2128041922716437,0.003999420953511786,0.21680361322515548,,-0.03929298202142205,,-0.1430445651073082,0.004801801580409297,0.1478463666877175,-0.1366884332495426,0.005661762145774466,0.14235019539531707,-0.2506854871902055,-0.047404363618686086,0.20328112357151942,-0.3798693670492733,-0.0007531561283345084,0.37911621092093883,,-0.02128599081740982,,-0.1049292143914443,0.020863155197345457,0.12579236958878975,-0.123936207436252,-0.0034103742442825567,0.12052583319196944,-0.3049860879767622,-0.012065705764540103,0.2929203822122221,-0.3045642672992693,-0.011858078913002936,0.29270618838626633,-0.2427161607461956,-0.0005821051920231676,0.24213405555417242,-0.3044140505418981,-0.007371089470713805,0.2970429610711843,-0.300949459849697,-0.00702006031190929,0.29392939953778774,-0.2481709101183489,-0.013987928255631978,0.23418298186271694,-0.2292853885233307,-0.004998908391117866,0.22428648013221283,,0.032092447301053977,,,0.06343059831894468,,-0.1390270465560287,0.013947431088196188,0.1529744776442249,-0.1335159827079872,0.0025712441885897335,0.13608722689657693,-0.3227717257138146,-0.10596416440781148,0.2168075613060031,-0.3975981503051837,-0.0460076740853834,0.3515904762198003,,-0.0038369939975405557,,-0.1282279022101576,0.02603483492924378,0.15426273713940136,-0.1844578969457984,0.005625613751270634,0.19008351069706902,,0.033584778015239174,,-0.31531929377905,-0.04819109103654554,0.26712820274250443,-0.0724300997602237,0.009322026091221932,0.08175212585144563,-0.0678297946914872,0.01068412406702171,0.07851391875850891,-0.0298430138155601,-0.02357507929000856,0.006267934525551539,-0.3819555097129183,0.009879523839498234,0.39183503355241656,,0.02635723432874225,,-0.3371079087247929,-0.022236948550903295,0.3148709601738896,,0.027678225228958544,,-0.1013751215816618,0.01768699363589882,0.11906211521756062,-0.1399838446273601,-0.00034221401842646036,0.13964163060893364,-0.119171253999266,0.002264645090176281,0.12143589908944227,-0.3631163584144578,-0.05789423589098447,0.3052221225234733,,0.03913369155578499,,-0.2462079853540992,-0.0016767483613779489,0.24453123699272125,-0.2592166371461221,-0.003445362393508327,0.25577127475261374,-0.2419329931537847,-0.0037078617672572645,0.23822513138652743,-0.3037872962354433,-0.02567435045284611,0.2781129457825972,-0.1487375236344388,0.0034257773702069507,0.15216330100464573,,0.03400085837844263,,-0.3373728843270454,-0.057022481890466985,0.2803504024365784,-0.1213324523381433,0.005743302130654072,0.12707575446879738,-0.1197983865931787,0.005840870909063333,0.12563925750224203,-0.0614137424951626,0.007653229615645648,0.06906697211080824,-0.1855901291423437,0.008472846380188767,0.1940629755225325,-0.1742361598315775,0.011702779514942425,0.18593893934651992,-0.2975558172867059,-0.021775978316748778,0.2757798389699571
2008-12-01,,0.04162294302491644,,-0.1267373334817896,0.005379806935105183,0.13211714041689476,,0.011095436266316061,,-0.1119776291960675,0.005652848315753161,0.11763047751182067,-0.0915558801681628,0.015981578954242976,0.10753745912240577,-0.1936866811066356,0.008697307288917409,0.202383988395553,-0.2005452892972566,0.00971136044365234,0.21025664974090894,-0.0901647799358195,-0.006800980259661582,0.08336379967615792,-0.0956126397902216,0.017597811011281436,0.11321045080150303,-0.1005358978923669,0.018405334737859373,0.11894123263022627,-0.1635694060647945,-0.011994812236794309,0.1515745938280002,,-0.0061889278167518505,,-0.1981907937473159,0.007033245288632705,0.2052240390359486,,0.002550149524656168,,,-0.023336729632759356,,0.0065858400241799,0.008101027673215539,0.001515187649035639,,-0.034827021121136045,,-0.0768442719587835,0.007229542051232864,0.08407381401001637,-0.0645466161531488,0.010615016590194351,0.07516163274334316,-0.0174096284681031,0.006777554842394177,0.024187183310497278,-0.0162449471201579,-0.0008877141678994463,0.015357232952258455,,-0.002462978603551557,,-0.0228992756089193,0.007277040274083563,0.030176315883002864,,-0.06137890115941316,,-0.1528806502016282,0.022723631314059276,0.17560428151568747,-0.1484435642344204,0.02372914571165168,0.1721727099460721,-0.231388136928061,-0.004854867028415092,0.22653326989964592,-0.299573762061778,0.011399391201074355,0.31097315326285235,,-0.0023331349122320717,,-0.0386369463100854,0.001950744159266311,0.04058769046935171,-0.0839831412485492,-0.0042182295877166666,0.07976491166083254,-0.0854398084176603,0.0042387872312624674,0.08967859564892276,-0.0915770139720572,0.00392623921905659,0.09550325319111379,-0.1496027532519847,-0.0071432687678903905,0.1424594844840943,-0.0642138120061078,0.008422695480353234,0.07263650748646104,-0.0540318630481178,0.009200636740564233,0.06323249978868203,-0.3017082899323895,-0.029547879762318378,0.27216041017007114,-0.0427448569887763,0.01316395113733417,0.055908808126110474,,0.016965383219358438,,,0.006927397231628871,,-0.1396042919932006,0.007919052399161075,0.14752334439236167,,0.010691545127552781,,,0.05549750613188019,,-0.0949604464851,0.016894709983465143,0.11185515646856514,,-0.04143155834024756,,-0.0336943204397487,0.003838698009955323,0.037533018449704025,0.0010987052119059,0.007189357035369196,0.006090651823463296,,0.008376348217180455,,-0.2642469432021515,-0.004541654708153615,0.2597052884939979,-0.0587226893375253,0.012169841860849434,0.07089253119837474,-0.055138624429288,0.012543233528323334,0.06768185795761134,-0.2421760618230422,-0.03215464500266623,0.21002141682037595,0.3045512618001187,0.013435512081451724,-0.291115749718667,,-0.026985749292927446,,-0.2171176724105972,0.005058607241696033,0.22217627965229325,,0.0116553964958848,,-0.0433088412330969,0.013335021824792225,0.05664386305788912,-0.0647089658276955,0.015503671315633022,0.08021263714332852,-0.0532251890631987,0.016664515223474532,0.06988970428667324,-0.2194617418141753,-0.025138271673540522,0.19432347014063478,,0.0016345432318937096,,-0.1243535427072977,0.0013509686091962977,0.125704511316494,-0.1765960671495868,0.00676347758510322,0.18335954473469002,-0.1666737596755234,0.008746406203585681,0.17542016587910908,-0.2294729650105661,-0.008191751912851375,0.22128121309771473,-0.0876025093246031,0.01033992838162898,0.09794243770623208,,0.00929534341690873,,-0.2481982807407751,-0.014918089384554236,0.23328019135622086,-0.0016490562739542,0.006018356491887816,0.007667412765842016,0.020467697148674,0.007659018967953167,-0.012808678180720833,-0.0726165566544938,-0.0005471461344749564,0.07206941052001885,-0.1032637951891307,0.005016888196990028,0.10828068338612074,-0.1005295803584025,0.006024891682057703,0.1065544720404602,,-0.0033848051197772604,
2009-01-01,,0.010198908269334436,,0.0034061198955027,-0.003572005255916299,-0.006978125151418999,,0.024066920242331983,,-0.0075998303319521,0.013098524269545362,0.02069835460149746,-0.0012554423578721,-0.009093175568268662,-0.00783773321039656,-0.0379804298964239,-0.009969116078770797,0.028011313817653108,-0.0420705956456793,-0.010602286315151397,0.0314683093305279,-0.0728733064759542,-0.009870087237233134,0.06300321923872107,0.0243996604493122,0.012994409371366618,-0.01140525107794558,0.0198529729091129,0.013311779390224456,-0.006541193518888443,0.0530171289083081,-0.022192581993698,-0.0752097109020061,,0.02413388202037496,,0.0413588871505993,-0.0019023410677953755,-0.043261228218394676,,0.03201834430394785,,,-0.002345972892829286,,0.0239100375949302,0.009575800469863439,-0.014334237125066762,,0.03600259107479053,,0.0137752067752377,-0.014872441301438196,-0.028647648076675896,0.1053706869610747,-0.007788350748274773,-0.11315903770934947,0.0275611907293581,-0.019472965796338206,-0.047034156525696307,-0.0258466423124658,-0.004925246603251237,0.020921395709214564,,0.09528642070768813,,0.101373275601884,0.006459210205568056,-0.09491406539631594,,-0.04896337551060623,,0.0273003232250888,0.007994305863044096,-0.0193060173620447,0.0258705682807343,0.008854837055459374,-0.017015731225274926,-0.0225469475469501,-0.03256289880151186,-0.010015951254561756,0.0890381617938449,0.01514580933279252,-0.07389235246105237,,-0.05766960450013516,,0.0227377027165987,0.010132623824790816,-0.012605078891807883,0.0184563629836608,-0.0006717737041232032,-0.019128136687784004,0.1106318827766331,-0.012485994282276883,-0.12311787705890999,0.1033547018725394,-0.012125953709265185,-0.11548065558180458,0.0958153332723385,0.0007400321672825548,-0.09507530110505595,0.0570032468700879,-0.012348497581284031,-0.06935174445137193,0.0550421406935628,-0.012981182505518262,-0.06802332319908107,0.0098092674542861,0.0012348037711180332,-0.008574463683168066,-0.0052140086027862,-0.009338289616844114,-0.004124281014057913,,0.021004696166566555,,,0.05811091615154217,,0.0408023458950662,0.01454355783022746,-0.026258788064838737,,0.003122966043302199,,,-0.04052628725567339,,0.0791588339096867,-0.03324494515407918,-0.11240377906376588,,0.04796536100412404,,0.0223834650503011,0.012082206887345754,-0.010301258162955344,-0.034865198345365,-0.003534139261315462,0.03133105908404954,,0.021207521616405472,,0.0217150394461668,-0.04510999394160606,-0.06682503338777286,0.0928841845593116,0.005075038588289571,-0.08780914597102203,0.0898716967005395,0.004324470508365662,-0.08554722619217384,0.3961693733184742,0.023464717031302013,-0.3727046562871722,0.2677278316632491,0.03293571982033125,-0.23479211184291784,,0.0690750775910101,,0.0575697886269644,-0.010735303483869769,-0.06830509211083417,,0.021706675154396265,,0.0932118053321006,0.015252781663223287,-0.07795902366887732,0.0358070989677811,-0.005246795960934952,-0.041053894928716056,0.0321716495578491,-0.00322559915952319,-0.035397248717372286,0.0156533170434079,-0.0467898303058126,-0.062443147349220504,,0.04293726124652086,,0.1478527322016168,-0.00726283868528537,-0.15511557088690217,0.0808675801634627,-0.001171071195773826,-0.08203865135923652,0.0618631172027046,-0.0008034699039748141,-0.06266658710667941,-0.0173417917820619,-0.01985930968249134,-0.0025175179004294397,0.0079300210367899,-0.0003080881520614359,-0.008238109188851336,,0.03233976550006533,,0.133095494573594,-0.006201647634661231,-0.13929714220825523,-0.0078003784496767,0.007242895620107011,0.01504327406978371,-0.0042485336500597,0.008808163159517391,0.013056696809577092,0.0253271137478353,0.0019435667781672623,-0.02338354696966804,0.0488796098796037,0.006804425423055181,-0.042075184456548516,0.0443020619234838,0.009285894762084225,-0.035016167161399575,,-0.006530290181953053,
2009-02-01,,0.02968032770130755,,-0.172713196357942,-0.004557605383300204,0.16815559097464178,,0.03143679925605112,,-0.1262545895308351,0.011883976480152153,0.13813856601098726,-0.0983306102753858,-0.010451656529276057,0.08787895374610974,-0.2349917713728956,-0.004080360653371491,0.2309114107195241,-0.2331052573959789,-0.0031781000736799308,0.22992715732229896,-0.0712442040194061,-0.006186718716946902,0.0650574853024592,-0.0004668689322562,0.013010967849196583,0.013477836781452783,0.0088246989066724,0.013753463701865263,0.004928764795192863,-0.1378117180292241,-0.027901620058974005,0.10991009797025009,,0.023741569168884858,,-0.0317681468992879,-0.0005431886577332633,0.031224958241554635,,0.036674292080363075,,,-0.0032497016138375487,,-0.0984470236778212,0.00970040363750912,0.10814742731533032,,0.015952066999202093,,-0.0571822133520931,-0.005155011429618856,0.052027201922474245,-0.1063492279987563,0.0018686725824127676,0.10821790058116908,-0.1427275948234474,-0.009092867157915675,0.13363472766553172,-0.1058905538646817,-0.0006716880790481382,0.10521886578563357,,0.053329544557908545,,-0.1342827623811001,0.0019048646629345701,0.13618762704403467,,-0.059635167953670555,,-0.0203170735618908,0.006221281602084815,0.026538355163975614,-0.0155803417118305,0.007076994105573609,0.02265733581740411,-0.156449713980008,-0.03431844613994375,0.12213126784006426,-0.168818394179234,0.009256300868090785,0.1780746950473248,,-0.0830576181256864,,0.0010088054939332,0.009784512054107863,0.008775706560174663,-0.0473356107942512,0.0003661840691514192,0.04770179486340262,-0.1407421097803419,-0.007237544995574731,0.1335045647847672,-0.1335509024820352,-0.006027154777908037,0.12752374770412714,-0.1795692835223141,0.0035099585861918096,0.1830792421085059,-0.1273625224188936,-0.006531990502184916,0.12083053191670867,-0.1293032178267396,-0.0068856307212375725,0.12241758710550202,-0.1137351635912861,-0.010526019770694653,0.10320914382059145,-0.0329057731918382,-0.0021343297777667433,0.030771443414071453,,0.02830799186445952,,,0.053555833557773144,,0.0429261571066667,0.016426329834702907,-0.026499827271963795,,0.00849419413117183,,,-0.04348097735948772,,-0.1213243609534614,-0.02303785149487097,0.09828650945859044,,0.01777585850472008,,-0.0456210041000192,0.014565694513494418,0.06018669861351362,-0.0434648616289788,0.008948784638341818,0.05241364626732062,,0.032609406212835756,,-0.1777052248896179,-0.03485261602113861,0.14285260886847928,-0.0670872480401797,0.01018310684587157,0.07727035488605126,-0.0696103531493189,0.010144209603014962,0.07975456275233386,0.2805858563026305,0.0013436229853361198,-0.27924223331729436,0.0135843415264205,0.017668156431799146,0.004083814905378645,,0.03138358694372681,,-0.1191142820902179,-0.006289659918656618,0.11282462217156129,,0.02487381887077816,,-0.0652882863567759,0.020264188100587874,0.08555247445736378,-0.1077187975988864,0.0021428593659583144,0.10986165696484472,-0.1117124142941431,0.004033799651440141,0.11574621394558324,-0.2174598750211628,-0.0472330341412999,0.1702268408798629,,0.03164526875489276,,-0.0628194363257358,-0.006087008458154135,0.05673242786758167,-0.1104652629005852,0.0020757386801283874,0.11254100158071359,-0.0961343877843488,0.002133904264789352,0.09826829204913815,-0.1047243520111106,-0.01663602787224594,0.08808832413886467,-0.1648973122774434,0.005418445287458679,0.17031575756490208,,0.03450490325242064,,-0.023402023368869,-0.014524080201629035,0.008877943167239964,-0.0077188168085526,0.010465615155862666,0.018184431964415264,-0.0152232275634566,0.011581753130601488,0.026804980694058088,-0.0316214442184559,0.007278495926735612,0.03889994014519151,0.014270165184534,0.009131919430206109,-0.0051382457543278914,0.0236321007228891,0.011697762313752934,-0.011934338409136165,,-0.015826149792770274,
2009-03-01,,-0.005720376850584269,,-0.235485155320097,0.024331509212528687,0.2598166645326257,,-0.00536613896090318,,-0.0965737268329642,0.003074908257762189,0.09964863509072638,-0.0598165347734193,0.052611491500748064,0.11242802627416737,-0.142090164998044,0.022363016682598498,0.1644531816806425,-0.141277883148504,0.02273217502840987,0.1640100581769139,-0.1204740665365307,0.007246983773765678,0.12772105031029637,-0.0431798318389562,0.015164839725664955,0.058344671564621156,-0.0397044652883907,0.015716804302864394,0.055421269591255096,-0.1011201322842872,-0.00037624427010478194,0.10074388801418242,,-0.014598246239815916,,-0.0128406634440616,0.015397522058521835,0.028238185502583436,,-0.024486285203208454,,,-0.015077928878846776,,-0.0785033874300581,0.010111463474428909,0.08861485090448701,,-0.04091122724381726,,-0.090773652892528,0.019196471607761546,0.10997012450028955,-0.1082409549304174,0.029991295243993875,0.13823225017441126,-0.1346348246597159,0.030097342205307576,0.16473216686502348,-0.1091554985281427,0.007731129853728136,0.11688662838187083,,-0.03101304062019353,,-0.1592169009971198,0.019048464934016338,0.17826536593113612,,-0.05232920440899212,,-0.0498632281374095,0.02427667339059759,0.07413990152800709,-0.0435562659923909,0.024445812584821206,0.0680020785772121,-0.1766083442180753,0.006753957525626089,0.18336230174370138,-0.2658137012843139,0.021787401007939373,0.2876011022922533,,0.06567107330411846,,-0.1033536505047445,-0.0052743191578936,0.0980793313468509,-0.0554428433335504,0.01669830634613406,0.07214114967968446,-0.2311254776534771,0.022396117342080964,0.25352159499555804,-0.2459044365614325,0.023035114163535715,0.2689395507249682,-0.2274490788897465,0.005879386151119834,0.23332846504086632,-0.1286545291476192,0.025305520088825084,0.1539600492364443,-0.1236893611833225,0.027076690564368924,0.15076605174769142,-0.1982369201496955,-0.013609254951875368,0.18462766519782012,-0.1036832483622777,0.018105370817774327,0.12178861918005203,,-0.0043889669505015536,,,-0.050775693975855136,,-0.1360736168669958,0.00050961990352924,0.13658323677052503,,0.011237911861103634,,,0.0908128341841,,-0.0688458771901367,0.05497918964567194,0.12382506683580863,,-0.018688821311449274,,-0.0885898985923069,-0.004085268421599898,0.084504630170707,-0.1161823267140387,0.0023951007644474076,0.11857742747848611,,-0.013623302738610999,,-0.1976775483632399,0.020165989274942436,0.21784353763818232,-0.1316847674386395,0.004487135758669386,0.13617190319730887,-0.131622485404547,0.004739278914596996,0.13636176431914399,-0.197950725892252,-0.0536757788792537,0.14427494701299828,-0.080609414442741,0.01222485473291503,0.09283426917565603,,-0.0012234401743575576,,-0.2398541140436074,0.03495591994771264,0.27481003399132004,,-0.015337942918293197,,-0.075117805276359,-0.0014601567150946595,0.07365764856126435,0.0088014192577283,0.02179509369937169,0.01299367444164339,0.0075115081610528,0.020924152014208754,0.013412643853155954,-0.1652429496379818,0.01770240302315503,0.18294535266113685,,-0.013514401634669692,,-0.0963011752157388,0.016722258156707456,0.11302343337244626,-0.0794494842128907,0.015487962715074183,0.0949374469279649,-0.0473974974983553,0.017297374109564962,0.06469487160792026,-0.2705634539705482,0.010705673065961083,0.2812691270365093,-0.0709316645983563,0.01000274878432044,0.08093441338267673,,-0.013402246194324592,,-0.174885609637149,0.01588515201907447,0.19077076165622348,-0.1125987384013019,0.004888530043257712,0.11748726844455962,-0.1047581163228495,0.006011966748696376,0.11077008307154587,-0.1289460981787499,-0.008582117788887157,0.12036398038986276,-0.081922382756314,0.009294556375857497,0.09121693913217149,-0.0769243244954278,0.00832222672941584,0.08524655122484363,,0.0006646613433573485,
2009-04-01,,0.06717052797040643,,0.1150185178714291,0.0062491898029342526,-0.10876932806849485,,0.00013613568994747433,,0.1488652126684502,0.007424045161242986,-0.14144116750720723,0.1242320576260223,0.01979917358095314,-0.10443288404506916,0.1820888652667688,0.012827530287726435,-0.16926133497904236,0.1879249567320995,0.013923447543856647,-0.17400150918824284,0.044362645980591,-0.014022437608388014,-0.058385083588979016,0.0854096769431088,0.019041150147719503,-0.0663685267953893,0.0835429149528404,0.02000427135221116,-0.06353864360062925,0.1473285471086944,-0.007577788944203253,-0.15490633605289764,,-0.02475086850290259,,0.0797108267543643,0.010754639640482792,-0.06895618711388152,,-0.009197949951598571,,,-0.03960146981050555,,0.0453783587437247,0.0012353030954188379,-0.04414305564830586,,-0.06242993943303635,,0.1265484292137811,0.015618419760970009,-0.11093000945281109,0.1541169384333055,0.006488815917191902,-0.1476281225161136,0.1388530074565681,0.012782930423558525,-0.12607007703300957,0.0033680095681525,0.0002991589433173626,-0.0030688506248351373,,-0.005880804179588875,,0.0811014952744305,0.011750757110620236,-0.06935073816381027,,-0.05654584153531055,,0.1706549988325531,0.03723639059393017,-0.13341860823862295,0.1690403243219471,0.03863348983271226,-0.13040683448923485,0.1414365137473659,0.009396387423604977,-0.13204012632376094,0.0835174442187809,0.00749960028403469,-0.07601784393474621,,0.06651369518512806,,0.0236511937225752,0.005575113027174436,-0.018076080695400763,0.0470920088909958,-0.013959014932053728,-0.06105102382304953,0.1188355034237789,0.006830782543468243,-0.11200472088031066,0.1246554277302422,0.004508190294057529,-0.12014723743618468,-0.1113021622368957,-0.02601086131398867,0.08529130092290702,0.1096101469008375,0.01755854587657861,-0.09205160102425888,0.1165515941241044,0.019440862997286788,-0.09711073112681762,0.1962621333950587,-0.051588776838899675,-0.2478509102339584,0.0713080870870735,0.024402714272303967,-0.04690537281476953,,0.017142777030538615,,,-0.015223753863716445,,0.026640988199758,0.003457543756989057,-0.023183444442768944,,0.00956918930715908,,,0.08725758530296916,,0.2613486981892456,0.031426319599810716,-0.2299223785894349,,-0.09812348834227816,,0.0351651804827038,0.005093117354341802,-0.030072063128361998,0.0468091091774581,0.00646225173446417,-0.040346857442993926,,-0.0029049830292076323,,0.2777602021617067,0.005024437878377331,-0.2727357642833294,0.0879335016133462,0.016660636258576556,-0.07127286535476965,0.0882150204214188,0.018056870109921783,-0.07015815031149701,0.1030362154082978,-0.06635127241406603,-0.16938748782236385,0.0911548724679589,0.00893715399588872,-0.08221771847207018,,-0.070188612715503,,0.1553642271809405,-0.0003095590773855011,-0.155673786258326,,0.013530376301970296,,0.0763337009580091,0.01345436339827153,-0.06287933755973757,0.1153365717018088,0.022782353003765896,-0.09255421869804291,0.1095370950238767,0.02446096331187284,-0.08507613171200386,0.2067011053654188,-0.025802570826881418,-0.23250367619230022,,-0.006567921821633251,,0.1786717392960796,0.010826653696552047,-0.16784508559952754,0.1568105648337683,0.007645004920108423,-0.14916555991365987,0.1788586666348821,0.011083604228218701,-0.1677750624066634,0.1378642075252761,-0.009171302984304058,-0.14703551050958014,0.1093316993959003,0.01600277550505918,-0.09332892389084113,,-0.0006851067693705911,,0.0650951495378959,-0.05082435399441216,-0.11591950353230807,0.0190394142279783,0.002378336404964707,-0.016661077823013595,0.0245690000442244,0.00363293223787186,-0.02093606780635254,0.0806320778879041,-0.0019201587162630447,-0.08255223660416713,0.0197451232737964,0.0017385445974220381,-0.01800657867637436,0.0035828119035655,0.002573675914526317,-0.001009135989039183,,5.7348383674393465e-05,
2009-05-01,,-0.015203072314193024,,0.214074920238141,0.013946879176199488,-0.20012804106194151,,0.001146455738648653,,0.1845876037956349,0.004606820156598702,-0.17998078363903622,0.4737828874287552,0.03474902443800457,-0.4390338629907506,0.2185604740415174,0.011934156717797854,-0.20662631732371955,0.2244597240051949,0.012020163083445234,-0.21243956092174968,0.0269915764073058,0.004042060672608943,-0.022949515734696856,0.1416457870702032,0.009796788197108216,-0.13184899887309498,0.1425231527722019,0.010431522028127985,-0.13209163074407393,0.1286031155412499,-0.01050161786826833,-0.13910473340951823,,-0.003799887407423795,,0.1559892190778804,0.008369873667835868,-0.14761934541004454,,-0.011150109581061256,,,-0.010476991301023784,,0.0751990118949162,0.00657060140166366,-0.06862841049325255,,-0.02000697535559983,,0.1458385636689561,0.01002952275637585,-0.13580904091258023,0.1809933453091533,0.023422447443916035,-0.15757089786523726,0.2680172969257332,0.019570515159412098,-0.24844678176632107,0.0860246276645769,0.007720378069512663,-0.07830424959506424,,-0.005479421660698838,,0.2695008136380895,0.014475071339918523,-0.25502574229817093,,-0.04671722157454992,,0.1496180713669352,0.015635295041149785,-0.13398277632578542,0.1359352061687965,0.015768431942001344,-0.12016677422679517,0.0934428802624586,-0.007792435956093475,-0.10123531621855207,0.5882499626863581,0.015792385282796653,-0.5724575774035614,,0.05374779961924419,,0.0156742860761899,-0.0019330588894057414,-0.017607344965595642,0.1626745215997753,0.014569051343837784,-0.1481054702559375,0.2239921963329431,0.0153587676713721,-0.208633428661571,0.2753081293833858,0.016289207505642733,-0.25901892187774306,0.0204556427184848,0.012158253616402485,-0.008297389102082314,0.2224819855944686,0.01672570027512087,-0.20575628531934773,0.2122926959405307,0.018091488853767337,-0.19420120708676336,-0.0363627305350836,-0.008445713881533158,0.02791701665355044,0.1161278912800431,0.010134818925856541,-0.10599307235418656,,0.0003895103766578341,,,-0.023617560447616016,,-0.0009899714738406,0.0018527566827768616,0.0028427281566174617,,0.00885002776156425,,,0.04570283246052009,,0.3841134364097004,0.029299582784675055,-0.3548138536250254,,-0.012160048658800077,,-0.0059503291262271,0.0008668212801247067,0.0068171504063518065,0.0584312054685888,0.001717187342785918,-0.05671401812580288,,-0.004917878078526089,,0.1391833887547876,0.006200339795881613,-0.132983048958906,-0.0351617687338631,0.0029049558051576314,0.03806672453902073,-0.0372198412463657,0.003387370981343062,0.040607212227708765,0.0541484533635316,-0.045996021607678184,-0.10014447497120979,-0.1035595771449465,0.00931340329141159,0.11287298043635809,,0.0034392135567464614,,0.5383867438855057,0.023850270628059073,-0.5145364732574466,,-0.011834301098634903,,0.0775519104604149,-0.0014067757794335913,-0.07895868623984849,0.0715730110389794,0.016573537068352996,-0.0549994739706264,0.050688711454571,0.016071974830192626,-0.03461673662437838,0.3993742918891966,0.005877800852042565,-0.393496491037154,,-0.008066831453292782,,0.1613763862257347,0.008885207416946237,-0.15249117880878846,0.1461596017363618,0.009855716616664763,-0.13630388511969704,0.1274734251171683,0.010897618418015509,-0.1165758066991528,0.2435955075969156,0.0026184774640528917,-0.2409770301328627,0.1522259892851263,0.005384410708551951,-0.14684157857657434,,-0.007265128671092249,,0.2017343639908134,0.009673749921888115,-0.1920606140689253,0.0246915457641339,0.003548543244642332,-0.02114300251949157,0.0110806913487738,0.0046894544022310905,-0.0063912369465427095,0.0052927837309595,-0.007603931726645468,-0.012896715457604967,0.1177586013607775,0.008812140087754123,-0.10894646127302338,0.0962599676434695,0.008477525955424519,-0.08778244168804498,,-0.0033637978695191745,
2009-06-01,,0.02816402950170702,,0.0776420902829135,0.01105538911996193,-0.06658670116295157,,0.011427175777012494,,0.0741106851902611,0.010388177094170661,-0.06372250809609044,-0.0086920148347842,0.018979400268493752,0.027671415103277953,0.1598089690464088,0.008125073447340812,-0.15168389559906797,0.1687018202660228,0.008354953976876252,-0.16034686628914654,0.0126199528862106,-0.005048365370361079,-0.01766831825657168,0.0441003344484779,0.018368212391395394,-0.025732122057082505,0.044232763410174,0.0188061654061557,-0.0254265980040183,0.0545193307622191,-0.009645543224579807,-0.0641648739867989,,0.0019289931173595992,,0.1662954590776516,0.009115526104641294,-0.1571799329730103,,0.007756791763626422,,,-0.01348032120377064,,0.0195785215346179,0.01055806153047526,-0.00902046000414264,,-0.009515592381698544,,-0.0283332133238652,0.004905866230915713,0.03323907955478091,-0.0138626916233486,0.00611498926110967,0.019977680884458268,-0.0300674541048578,0.00380364094381969,0.03387109504867749,0.0440857294032851,-0.0009307779375323378,-0.045016507340817434,,0.03909075935681337,,-0.0034003930969003,0.013274887116291469,0.01667528021319177,,-0.05576401963093777,,0.0423259114099056,0.022503893226631152,-0.01982201818327445,0.0413583226040053,0.023374897997335123,-0.017983424606670177,0.1222631224437223,-0.009100019293777505,-0.1313631417374998,0.0553174112670828,0.019024993025572753,-0.03629241824151004,,-0.010171959704541524,,0.0875664821507771,0.0056119689274700055,-0.0819545132233071,-0.0157291661212014,0.002107910592794919,0.017837076713996317,0.1268331414120781,0.002356727101570898,-0.12447641431050721,0.1325195438812174,0.002140005472179204,-0.13037953840903818,0.0278031600774496,-0.009384207558930878,-0.037187367636380475,0.023008454508764,0.006693594238093369,-0.016314860270670632,0.0240451959511379,0.0073030082863048225,-0.016742187664833076,0.0230452117073414,-0.01569527360691357,-0.038740485314254974,0.0179190852641167,0.00797753083854968,-0.00994155442556702,,0.01389920761697251,,,0.004853106743032716,,0.0556007730036091,0.009848744368691304,-0.04575202863491779,,0.007526906210802514,,,0.029773233634391216,,0.2626893035555016,0.01304927792666745,-0.2496400256288341,,0.006312801330656947,,-0.0199105848543108,0.005996250503334091,0.025906835357644892,0.1333618125464237,0.0010533950310515512,-0.13230841751537215,,0.0066032010197876875,,0.1346910404319909,-0.01562004644786108,-0.15031108687985198,0.0782197526234875,0.008866340373358405,-0.0693534122501291,0.0760462177111839,0.008606214614482936,-0.06744000309670097,0.0940575705911644,-0.014471951002315518,-0.10852952159347992,0.3019690907840578,0.026320832983583477,-0.27564825780047436,,0.03154017306918456,,0.054090420957493,0.007218281952984118,-0.046872139004508886,0.0035147024702595,0.013190877837085153,0.009676175366825654,0.0629538297231603,0.013444589524244249,-0.049509240198916046,-0.0236737014390645,0.008171344773474046,0.031845046212538544,-0.0263770098053506,0.00946436787205649,0.03584137767740709,0.0045712798177143,-0.024801441059603992,-0.029372720877318292,,0.023304346524101478,,0.0548035516418064,0.008068635770404776,-0.04673491587140162,0.1501134611095933,0.00811828596438319,-0.14199517514521012,0.1842879989640847,0.009762394780168724,-0.174525604183916,0.1482395287739433,-0.006369841902252361,-0.15460937067619568,0.017738321763801,0.00895906422020601,-0.008779257543594989,,0.016271773684842773,,0.0446803882320872,-0.010857064735672908,-0.05553745296776011,0.0535346096824246,0.0077583135848532285,-0.04577629609757137,0.0801810212800689,0.00890043582427553,-0.07128058545579337,-0.0668410947074574,0.0002200311145003287,0.06706112582195774,0.0361241803810056,0.00742920755687138,-0.028694972824134222,0.0365829552625256,0.008700386536091839,-0.02788256872643376,-0.0346514924284041,-0.003745780933183726,0.030905711495220377
2009-07-01,,0.026360439130456683,,-0.0798811416757592,0.018635190418766833,0.09851633209452604,,0.0021481828131921913,,-0.048619484909404,0.014464398009082799,0.0630838829184868,0.0871731107293727,0.032029847990686616,-0.05514326273868608,-0.0164784807387419,0.01778243722731235,0.03426091796605425,-0.0162525412075613,0.01838350033053503,0.03463604153809633,-0.0666869643942848,-0.0017043221276582885,0.0649826422666265,0.0247959031820886,0.014131501229584077,-0.010664401952504522,0.0255334376800567,0.014781588675687404,-0.010751849004369297,0.0309521979618877,-0.010355544920643923,-0.041307742882531626,,-0.008373345848901865,,-0.1032834631692806,0.015381371931050096,0.11866483510033068,,-0.001992169616010076,,,-0.015007506887411256,,-0.0102025728351586,0.0031464110119157054,0.013348983847074305,,-0.02554845800764907,,0.0528830134963745,0.021777761726414876,-0.03110525176995962,4.906562894079283e-05,0.014346804852225805,0.014297739223285012,-0.0193228417112386,0.024311892342280417,0.04363473405351902,0.0057637775381303,0.010048899609624927,0.004285122071494627,,0.030063936081078865,,0.0160150687703023,0.021817350970192655,0.005802282199890353,,-0.046403621880541444,,0.0379470432950992,0.02967570398138882,-0.008271339313710383,0.0373228772553865,0.030291055681355764,-0.007031821574030737,0.045991693618077,-0.004245371312785036,-0.05023706493086204,-0.098383857395036,0.016195708522354135,0.11457956591739013,,0.06570161386457067,,0.0238952097096955,0.0103178596250259,-0.013577350084669601,0.0529017529866846,0.009107339574942364,-0.043794413411742235,-0.0419198925764199,0.014395432529855734,0.056315325106275634,-0.0524780710497622,0.013797144737287968,0.06627521578705017,-0.027269994308227,-0.015564631856949389,0.01170536245127761,-0.0054848885486813,0.024494546404884257,0.02997943495356556,-0.0003126508178145,0.02675492114906754,0.027067571966882042,-0.0894868736999255,-0.026113826679934674,0.06337304701999083,0.041080499175128,0.019494954141800903,-0.0215855450333271,,0.009309479622663965,,,-0.03972883006102631,,0.0409996592897604,0.004667862611249188,-0.03633179667851121,0.0385760493007997,0.007254224600521053,-0.031321824700278646,0.0740172437376543,0.023297562056424647,-0.050719681681229645,-0.0314176228531358,0.03833820837157593,0.06975583122471173,,-0.027485664263015453,,0.0988727899758415,0.010734779958222508,-0.08813801001761898,-0.0530726795177726,0.004187748566761461,0.05726042808453406,,-0.0022466297968699745,,-0.1119168444732592,-0.00021116505808144284,0.11170567941517776,0.02709589830952,0.009793674229150867,-0.017302224080369133,0.023428611147342,0.01099243059409856,-0.012436180553243442,0.0111949287010936,-0.06774625023112633,-0.07894117893221994,-0.1360022503262359,0.012699596602286648,0.14870184692852254,,0.014130002415574893,,0.062884947425998,0.017050919887196106,-0.04583402753880189,,0.005283388662658712,,-0.0242138997297895,0.00916952234612239,0.03338342207591189,-0.0090085473770374,0.016984689326486405,0.025993236703523805,-0.0082722012150319,0.017838091515071496,0.026110292730103395,0.030020426463103,-0.008714072153249954,-0.038734498616352954,,0.015420774862597783,,0.0280902131242563,0.028162940505959116,7.272738170281678e-05,-0.0126427379205144,0.014060113295004175,0.026702851215518575,-0.0119585399910071,0.01592108468379234,0.02787962467479944,0.0719054014915141,0.002293469522852267,-0.06961193196866183,0.0017061060687295,0.015511852506908032,0.013805746438178532,,0.0038816324643700085,,-0.1235504725412752,-0.0415071705391379,0.0820433020021373,0.037137242533297,0.006420330423792337,-0.03071691210950466,0.0239582143936041,0.005934603678426932,-0.018023610715177166,0.0631962217567765,0.00034088395359408596,-0.0628553378031824,-0.0154185813695131,0.010343146204480978,0.02576172757399408,-0.021912646780639,0.011014287501663802,0.0329269342823028,-0.0356464081747483,-0.01109563481974113,0.024550773355007167
2009-08-01,,0.004935661850645856,,0.092211360554667,0.03395221585710283,-0.05825914469756417,,0.00867975554986888,,0.1139172642385817,0.01382295572334584,-0.10009430851523586,0.2343705915775407,0.05359037459936945,-0.18078021697817126,0.1153397343116619,0.032183765029537556,-0.08315596928212435,0.1165629913435831,0.03386592367142001,-0.08269706767216309,-0.0020771301012086,0.016609003679406396,0.018686133780614997,0.0571895388584923,0.014316085853012526,-0.042873453005479775,0.0562504883154639,0.014957039138971139,-0.04129344917649276,0.0689986357780649,-0.009929887332383827,-0.07892852311044873,,0.001800126208828947,,0.1193619851405256,0.022713406149963086,-0.0966485789905625,,-0.0016324054468946664,,,0.004569806361806101,,0.0790173488297739,0.011610451570783848,-0.06740689725899006,,-0.023005334400930787,,0.1444004396018096,0.03578808017001979,-0.1086123594317898,0.1236404250486443,0.03680783510162282,-0.08683258994702148,0.1672463422373033,0.04593962956756235,-0.12130671266974097,0.0977655779687239,0.018614164045197473,-0.07915141392352643,,-0.009408920034743067,,0.1892345218166944,0.025060752269859127,-0.16417376954683527,,-0.05658947470768926,,0.1118158953719165,0.02146344712369231,-0.0903524482482242,0.1122387655966478,0.021328252160508352,-0.09091051343613946,0.0786620102587968,-0.009000998722519261,-0.08766300898131606,0.1737740143994437,0.024187891144520003,-0.1495861232549237,,0.01813439808285105,,0.0750447039817241,0.005903200098915062,-0.06914150388280903,0.0496643513874595,0.03236878793480184,-0.017295563452657654,0.1638807750688292,0.028714064285573115,-0.1351667107832561,0.1955001738621359,0.030925898748739408,-0.16457427511339648,0.0754613227674803,0.0015858981196950866,-0.07387542464778521,0.1664252554376547,0.035529711372084855,-0.13089554406556986,0.1746475400616153,0.037927046999760565,-0.13672049306185471,0.1280685862482017,-0.010308387024454888,-0.13837697327265658,0.0726101226630014,0.022186675217477806,-0.0504234474455236,,0.004107266265496324,,,-0.0705750306780914,,0.0171835973292204,0.007351525897679237,-0.009832071431541162,0.0149290731391046,0.013035188433600443,-0.001893884705504157,0.0945723729009714,0.009006065916697056,-0.08556630698427434,0.3781895832587941,0.06584241762423029,-0.3123471656345638,,0.01806607212054289,,0.0554530095008468,0.009334632504943432,-0.04611837699590337,0.0518564912258215,0.013386860462552259,-0.03846963076326924,,0.00459178987289906,,-0.0240223991533437,0.013796179176000038,0.03781857832934374,0.0714621518638522,0.007434956817434445,-0.06402719504641775,0.0708374503971272,0.008240488138719432,-0.06259696225840777,0.1107602251965742,-0.07314624108157705,-0.18390646627815127,0.0505008080761339,0.006772735804443917,-0.04372807227168998,,0.05282921175080696,,0.1273410661072514,0.045766441254602115,-0.0815746248526493,,-0.00462835346497664,,0.0192237729080385,0.008483882205906356,-0.010739890702132143,0.0774019523227148,0.02021202727341348,-0.057189925049301316,0.0700481747679828,0.019599798688689614,-0.05044837607929318,0.1310291673090483,0.015370139050723361,-0.11565902825832493,,0.015255608340223041,,0.0315748853231039,0.03927557379635992,0.007700688473256015,0.0653226670648031,0.024708714192295436,-0.04061395287250766,0.056725425258345,0.025138727801044643,-0.03158669745730036,0.1085996997536633,0.020127329638911676,-0.08847237011475163,0.1036177883517874,0.01942390783398881,-0.08419388051779858,,0.005936661918996492,,0.0697399788463539,-0.010088721683865215,-0.07982870053021911,0.0452256103930922,0.014076567085540902,-0.031149043307551295,0.037422261962522,0.01255628856507528,-0.024865973397446717,0.045061661935258,0.0044540437280583284,-0.04060761820719967,0.0954425180377547,0.01943039072046273,-0.07601212731729198,0.1055495004379306,0.01939683681457778,-0.08615266362335282,,-0.022827690077509892,
2009-09-01,,0.03936068740877791,,0.0694154542047462,0.004354470546681084,-0.0650609836580651,,0.008425166665227968,,0.0137171022923591,0.009654160056568478,-0.004062942235790623,-0.022324861918624,0.012810256189803733,0.03513511810842773,0.111765596707567,0.007026150090940451,-0.10473944661662656,0.1163632870392849,0.007718631855366825,-0.10864465518391808,0.0257697920550084,-0.009202494617642987,-0.034972286672651384,0.0206234391765924,0.014574863700979174,-0.006048575475613226,0.0220593522628516,0.015398852098777964,-0.006660500164073635,0.0425351552067231,-0.014807758368538615,-0.057342913575261716,,-0.0066228838395018886,,-0.0087458369646084,0.007025268452995351,0.01577110541760375,,0.004496788815925845,,,-0.023273105518360912,,0.0076720576233966,0.0031142780997920915,-0.004557779523604508,,-0.028473930172500456,,0.0177904882829641,0.008725629216658141,-0.009064859066305959,0.0802300758067996,0.006656116529367434,-0.07357395927743217,0.0736819019106431,0.007630096832030454,-0.06605180507861264,-0.0110519497837291,0.0023576507746338278,0.01340960055836293,,0.02125082880509264,,0.042807220122649,0.010777290933011684,-0.03202992918963732,,-0.052269141554020106,,0.0387438757728265,0.0248887231119673,-0.0138551526608592,0.0375190040112388,0.025886257568863043,-0.01163274644237576,0.0798382826589609,-0.007537013412516891,-0.08737529607147779,0.1556074715802009,0.009129496975222372,-0.14647797460497855,,0.03205728150950541,,0.0085515505595288,0.007230274923921595,-0.0013212756356072051,0.0893209731551937,-0.004382269447740474,-0.09370324260293418,0.0519019997454046,0.004087904010600292,-0.04781409573480431,-0.0019656622320618,0.0031976686749363606,0.0051633309069981604,0.0433691952659254,-0.012022917368730887,-0.055392112634656286,0.0177841097433919,0.011051996825520504,-0.006732112917871395,0.0131762821748453,0.012343604696056233,-0.0008326774787890678,-0.1162984646244479,-0.03165076067781176,0.08464770394663615,0.0173669007501509,0.013953183547957989,-0.003413717202192912,,0.0170634228409897,,,0.0015427440775146234,,0.0346975754276981,0.006466764025290401,-0.0282308114024077,0.0368471349683056,0.008038002631140545,-0.028809132337165054,0.1873118816701967,0.033482998251004044,-0.15382888341919265,-0.0284983247167634,0.013782471086453928,0.04228079580321733,,-0.04877333244619833,,0.04286898865553,0.008637619665375209,-0.03423136899015479,0.0005228059105535,0.005214023300614887,0.004691217390061387,,0.0060084887305722505,,-0.0044293461120595,-0.008091466888954887,-0.003662120776895387,0.0195677377194801,0.01191304974120234,-0.0076546879782777594,0.0195949624557308,0.012884056510321446,-0.006710905945409355,0.147422066994143,-0.04661603286160578,-0.1940380998557488,-0.0066024408255155,0.011615264328039334,0.018217705153554833,,-0.023221916358659913,,0.110667373769282,0.0010971339950586383,-0.10957023977422337,0.0439046883008048,0.012287416884200649,-0.031617271416604156,0.0205546370652193,0.012180607616685903,-0.008374029448533396,0.0319260060045297,0.015100389204071049,-0.016825616800458652,0.0316277101492359,0.016529284917946696,-0.015098425231289202,0.1103684884006087,-0.026650679723779668,-0.13701916812438836,,0.006823831409416851,,-0.0331818345235156,0.007785044915402934,0.04096687943891853,0.0426845685918956,0.006202648078862555,-0.03648192051303305,0.0304239281645341,0.008215237513286497,-0.022208690651247604,0.0274985335326708,-0.00967115320800106,-0.03716968674067186,0.0266508116046838,0.010972748532002075,-0.015678063072681724,,0.008100818873961841,,0.0028709985781822,-0.035419477695182416,-0.03829047627336462,0.003288186951987,0.004388332284243557,0.0011001453322565568,0.0021397846128522,0.005356314267252704,0.0032165296544005044,0.0045954911183321,-0.00032526861384099786,-0.0049207597321730984,0.0449800124068356,0.005314311627218903,-0.039665700779616696,0.054262219412502,0.006500781231985086,-0.04776143818051691,,-0.005858650146120103,
2009-10-01,,-0.0001206337399132138,,0.1314727321056467,-0.013488405118639987,-0.1449611372242867,,0.018242000010469567,,0.1384510348079702,0.008119724508938348,-0.13033131029903183,-0.0104548469166236,-0.012344237770381235,-0.0018893908537576352,0.0187408555063092,-0.010415624219108865,-0.029156479725418065,0.0195516267597295,-0.01020968387520571,-0.02976131063493521,-0.0233178242400363,-0.00909979128118215,0.01421803295885415,0.0275327648368784,0.0018699838963094591,-0.025662780940568942,0.0240286908730164,0.002926091027263738,-0.021102599845752662,0.075394078913786,-0.03315371783181508,-0.10854779674560108,,0.013093018752197618,,0.0687092472018771,-0.006773078101714188,-0.0754823253035913,,0.021108747352063965,,,-0.011700176177473837,,0.0428260834743271,-0.002414302292123329,-0.045240385766450425,,0.005884713437867336,,0.0713699195824792,-0.007521291545241443,-0.07889121112772064,-0.0542344589220425,0.00474707112743819,0.05898153004948069,0.0090572732110121,-0.005661978045446791,-0.014719251256458891,0.063178126211113,0.005141302099668683,-0.05803682411144432,,0.03843357076771063,,0.0502701408002746,0.0009657487801406962,-0.049304392020133904,,-0.04129079070488013,,0.0455093587503529,0.003403715552357087,-0.04210564319799581,0.0413647499434593,0.003958362496852142,-0.03740638744660716,0.1015310748103095,-0.03403745424285668,-0.1355685290531662,0.1684025514385509,-0.0022129330681716517,-0.17061548450672256,,0.019829492810516686,,0.0055147485457148,0.007591945952470827,0.0020771974067560275,-0.0142030586509744,-0.0015224160962107286,0.012680642554763671,0.0080483678905634,-0.0030081307888197234,-0.011056498679383124,0.0031880865512493,-0.0023980886806409304,-0.00558617523189023,0.0859922829760665,0.014357021049272027,-0.07163526192679447,0.0714600914293412,-0.002223099378887254,-0.07368319080822847,0.0653163692658823,-0.0016720599793840012,-0.06698842924526631,0.1944335426092181,-0.015349848419698331,-0.20978339102891644,0.0729654396823708,-0.0011531572574732577,-0.07411859693984406,,0.01998920878972748,,,0.044719623413955356,,0.0371079481378317,0.006519541268056105,-0.030588406869775594,0.0352504363765381,0.005751885491689931,-0.029498550884848172,0.0240675752630996,-0.03624297465582978,-0.060310549918929375,0.1232481361256444,-0.027066405006272724,-0.15031454113191714,,-0.037556273522651604,,0.0589911373003743,0.01360592238518532,-0.04538521491518898,0.0553010470297343,0.005434946588049236,-0.04986610044168506,,0.01926760613511145,,0.0812908988796273,-0.023062864556046215,-0.10435376343567351,0.0048760120822287,0.006165700416261837,0.0012896883340331369,0.0045443750946748,0.007575624909754101,0.0030312498150793007,-0.1185123094960946,-0.03715831520213371,0.0813539942939609,0.1239709887161594,-0.00045613175153390306,-0.1244271204676933,,-0.026467706815724818,,0.0672425838463279,-0.009778345230536716,-0.07702092907686461,0.0152673316818222,0.006879482853952868,-0.008387848827869332,0.0242936171919981,0.005975036980555046,-0.018318580211443055,0.0185061682947477,0.009149613825854042,-0.009356554468893656,0.011760807882546,0.01026541305456738,-0.0014953948279786203,0.0028588865389361,-0.03350901278072907,-0.03636789931966517,,0.000561720018488877,,0.0528295522849064,-0.010379498457597242,-0.06320905074250364,0.0733146922608569,-0.003297077603078554,-0.07661176986393546,0.081677856358576,-0.0031472052174445256,-0.08482506157602052,0.0773959533149419,-0.019857063146023417,-0.09725301646096532,0.0467685884495357,-2.5080222814560446e-05,-0.04679366867235026,,0.010061612353079355,,-0.0527760394644509,-0.02476572091893437,0.028010318545516527,0.020905728791613,0.0010991915939256294,-0.01980653719768737,0.0182179769396477,0.0024689049854308906,-0.01574907195421681,0.0255593738221586,-0.001961978790866026,-0.027521352613024627,0.0306841948937706,0.005416873320409392,-0.025267321573361208,0.0256146715474344,0.006978437262882905,-0.018636234284551495,0.1483164112054821,-0.011846012369740123,-0.16016242357522223
2009-11-01,,-0.011207772741559003,,-0.0930580469887675,0.007877885863258527,0.10093593285202603,,0.002087511901397548,,-0.0303337573793031,0.009819255984442662,0.04015301336374576,-0.0278068780900492,0.021518931509778738,0.049325809599827936,-0.0653856632489928,0.005178237665705028,0.07056390091469783,-0.066078651176785,0.004820644988282729,0.07089929616506774,-0.1041873231906732,-0.0022424029529715932,0.1019449202377016,0.0228732164277446,0.006679577838785613,-0.016193638588958986,0.0299086450211888,0.007323965652113969,-0.02258467936907483,0.0001805710569125,-0.016364443420455333,-0.016545014477367833,,-0.00047387584328410564,,-0.0300689229621429,0.005588988328870646,0.03565791129101355,,-0.0017336400387189459,,,-0.010964277305031463,,-0.0358280679211356,0.0008094553173781894,0.03663752323851379,,-0.005724514865197214,,-0.0138665060765789,0.006423913690311904,0.020290419766890805,-0.0965749999687842,0.01285816381092086,0.10943316377970506,-0.0447365982960031,0.012488656413030371,0.057225254709033474,0.0168587806154977,0.008521062235749942,-0.00833771837974776,,0.03545912461985941,,-0.0128968239007696,0.015699402349848533,0.028596226250618133,,-0.03733094825073181,,-0.0424009908332284,0.016574875802762467,0.05897586663599087,-0.0342451609505767,0.0168746086750094,0.05111976962558609,0.0625506281990141,-0.014961225089893743,-0.07751185328890783,-0.1270641170929382,0.011627695631119598,0.13869181272405778,,0.07396621518989226,,0.0073263734519555,0.0056507809782386465,-0.0016755924737168531,-0.012247958471628,0.00973583880580823,0.02198379727743623,-0.0635548971362462,0.009520306449917394,0.0730752035861636,-0.0647470505850678,0.00960081409877854,0.07434786468384634,-0.0357726110847898,0.00460671451747995,0.040379325602269756,-0.0053611459544229,0.013719902210994466,0.019081048165417367,0.0060367967579222,0.015285593528814428,0.009248796770892229,-0.116556687010441,-0.011230725994127333,0.10532596101631367,-0.0388265670600724,0.007639398982235916,0.046465966042308314,,0.004774118652135017,,,-0.012425231758858648,,-0.021259978843563,0.002103803942395604,0.023363782785958603,-0.0210909302449044,0.004911614124966413,0.026002544369870813,-0.0705798650325054,0.008801622727830473,0.07938148776033588,0.0161510552700762,0.013049914485563412,-0.003101140784512787,,-0.017144365628913374,,-0.0578139346243096,0.007890813748975293,0.0657047483732849,0.0288571241792019,-0.0011614176132292572,-0.030018541792431158,,-0.002775338698707616,,-0.0123303215866974,-0.006558793018586753,0.005771528568110648,-0.0341352875109827,0.003335379107820758,0.03747066661880346,-0.0297662520506205,0.004347483069379982,0.03411373512000048,-0.0102010416643865,-0.05102155720939892,-0.04082051554501242,-0.0639231092674808,0.010016817303170422,0.07393992657065121,,0.010292375027215724,,-0.0190267298377503,0.011426775596727747,0.030453505434478046,0.0065522366886972,-0.0050152853329772104,-0.01156752202167441,-0.0193445345219093,0.00015621157936892898,0.019500746101278228,0.0130113082154826,0.012747038520841178,-0.0002642696946414218,0.0215872038817313,0.013038762225519527,-0.008548441656211771,-0.0993215279207563,-0.0066309058077253374,0.09269062211303096,,0.00393934838494672,,-0.0832671235142011,0.011233317819269995,0.09450044133347109,-0.0371300276674734,0.006340708638808743,0.04347073630628214,-0.0336144282878138,0.007371182925902274,0.04098561121371608,-0.0632092621246372,-0.0043626272318975055,0.058846634892739696,-0.049833643115137,0.00474970856770392,0.054583351682840925,,-0.002440068342925525,,-0.0481886305264883,-0.017346530677638614,0.030842099848849686,-0.0248117551576095,0.001719381023216277,0.026531136180825778,-0.0264973933194177,0.002321921188281983,0.028819314507699687,-0.0606502432732153,-0.006055915962078954,0.054594327311136344,-0.0119769487508882,0.007958684431400824,0.019935633182289025,0.0023177719404242,0.00833239713749917,0.00601462519707497,0.0724718570124958,-0.006214547589982431,-0.07868640460247822
2009-12-01,,0.06711701597952845,,0.1069792709074684,0.0019813114365747437,-0.10499795947089365,,0.011511874415766333,,0.0363614370250514,0.009198029923677603,-0.0271634071013738,0.1596086117085749,0.006806975543251734,-0.15280163616532316,0.0610527096606752,0.005811003643552465,-0.055241706017122735,0.062695221886622,0.006715610922762042,-0.05597961096385995,-0.0986626379238266,-0.014919056504780651,0.08374358141904595,0.0557035337362917,0.02060463954859528,-0.03509889418769642,0.0587028512866531,0.021384385986472354,-0.03731846530018074,0.0271672139976163,-0.011521794491766305,-0.03868900848938261,,-0.009420775623111933,,0.1336113123473087,0.007092725165260259,-0.12651858718204842,,0.007960192408994867,,,-0.030771893308306774,,0.0595040330618933,0.005957786178284366,-0.053546246883608935,,-0.03610334636767346,,0.0341233948415228,0.005550432537543877,-0.02857296230397892,-0.0163677373490991,-0.0008276419044370444,0.015540095444662056,0.0565302741897177,-0.0007831829992786858,-0.057313457188996386,0.0722614002065848,-0.004449371538249314,-0.07671077174483411,,0.02380670939753473,,0.0526936687057902,0.007903967176807783,-0.04478970152898242,,-0.060778466597721084,,0.0567722513471861,0.030074129278909147,-0.026698122068276955,0.0562888248191002,0.03155744726629014,-0.02473137755281006,-0.0447231587850164,-0.0022699945418448897,0.042453164243171505,0.0992686125228894,0.010059851165681834,-0.08920876135720757,,0.0006388990715802069,,0.0185203832422583,0.007414422224651465,-0.011105961017606837,-0.0524822137466987,-0.014504744649591271,0.03797746909710743,0.0281791681024589,-0.002247468143701395,-0.030426636246160293,0.0313832877627914,-0.003937276845506556,-0.03532056460829796,-0.1187035526801877,-0.02294846392085306,0.09575508875933464,0.071848465083166,0.0055481043986759125,-0.06630036068449009,0.0770393519073136,0.006358328805706875,-0.07068102310160673,-0.0467833982096668,-0.04005685200302351,0.006726546206643293,0.0559841992754591,0.01467169460298843,-0.04131250467247067,,0.023269526196061582,,,0.016633625341871842,,0.0853046889251317,0.009475714398209763,-0.07582897452692193,0.0907053282422516,0.008704405635425263,-0.08200092260682633,0.0330016026454247,0.05335760108766163,0.020355998442236935,0.1485591519585866,0.0092486255269401,-0.1393105264316465,,-0.055108658479904836,,0.0542793543172792,0.007398588749436979,-0.04688076556784222,0.0375725734086455,0.005381280381514293,-0.0321912930271312,,0.009337728560005044,,-0.0042880433502122,-0.013535316160485205,-0.009247272810273006,0.1034355946365388,0.015886408231388913,-0.08754918640514989,0.1054042753250445,0.01638676733891552,-0.08901750798612898,-0.0461271908195636,-0.029869094065784498,0.016258096753779105,0.2091626523861745,0.019211826728174466,-0.18995082565800003,,-0.030945924007928317,,0.079071157993825,-0.007433007971735584,-0.08650416596556058,0.0644806847100069,0.02349736651629384,-0.04098331819371306,0.0879170186220074,0.019169419070559735,-0.06874759955144767,0.0660854174867535,0.013417169304535972,-0.052668248182217534,0.0731080071366602,0.01565339030263708,-0.057454616834023114,-0.0417176113781205,-0.04107183798686829,0.0006457733912522134,,0.01297995803280071,,0.1213249429189193,0.002806389216161348,-0.11851855370275796,0.0484684100355205,0.004709265610354598,-0.0437591444251659,0.0482879321396726,0.007439382365012811,-0.040848549774659786,0.0309895703567274,-0.01470653445934735,-0.04569610481607475,0.1056984086456357,0.012662652465254004,-0.0930357561803817,,0.015912603453445424,,0.0033478054776829,-0.0395622057393905,-0.042910011217073406,0.0620121520643244,0.0055456075302975204,-0.05646654453402688,0.060307395360577,0.0071027505440689025,-0.05320464481650809,0.022702587276418,0.0018288729132293498,-0.02087371436318865,0.0500021850632751,0.00260798648232232,-0.04739419858095278,0.0580114599724264,0.00434880377923538,-0.053662656193191015,0.0188314852955679,-0.0018591426839354374,-0.020690627979503336
2010-01-01,,0.02416423509195896,,-0.0112917622333811,0.013592553744520902,0.024884315977902,,0.019798874331356964,,0.0519159600438654,0.010762948898362466,-0.04115301114550293,0.0462470087026022,0.02132656703457673,-0.024920441668025466,-0.0252252713647394,0.014003223465413243,0.039228494830152644,-0.0278943259282873,0.015417124488894218,0.04331145041718151,-0.0044176751493242,0.0038500327272213645,0.008267707876545564,0.059143468619481,0.015397818884508509,-0.04374564973497249,0.0589702174962054,0.016113667568209825,-0.04285654992799558,0.074078109626526,-0.01717306597959888,-0.09125117560612488,,0.00978515546364943,,0.014176343151478,0.01067082111063,-0.003505522040847999,,0.015155815630020648,,,-0.0033774272792253717,,0.064700283520509,0.011691185163526595,-0.0530090983569824,,-0.011135698392036006,,0.0520967014171979,0.014143354197736019,-0.037953347219461885,0.0563829693561737,0.018960711523837766,-0.03742225783233594,0.0475772838854136,0.016571868682137694,-0.031005415203275908,-0.0159065021773801,0.006464971612105112,0.022371473789485213,,0.01104167982353419,,0.0518228431221267,0.011446073239170127,-0.04037676988295657,,-0.06194214294312588,,0.0737584698525927,0.014970098124933318,-0.05878837172765938,0.0682250629367662,0.015457235667303554,-0.05276782726946264,0.1110456897479178,-0.018207207026544023,-0.12925289677446183,-0.0282068732245673,0.016410389463806595,0.04461726268837389,,-0.03964128274450743,,0.0349372155469032,0.00568099755554907,-0.029256217991354125,0.0529960092966,0.012859650540149741,-0.04013635875645026,0.0362053153045993,0.009694803301740405,-0.026510512002858894,0.0400570332453947,0.011233830436141404,-0.0288232028092533,0.0776572337755159,0.0014475596014582764,-0.07620967417405762,0.0258283612562458,0.012985227898916553,-0.012843133357329247,0.014589880926159,0.013837568206793233,-0.0007523127193657664,0.1075113538811777,-0.013817081455165569,-0.12132843533634327,0.0547177141526887,0.010707071184365301,-0.0440106429683234,,0.01689191191139785,,,-0.004824707605029944,,0.0309095624160758,0.011897483535751405,-0.019012078880324395,0.0284907515596414,0.011618365528937922,-0.016872386030703478,-0.0026526085754204,-3.721470142771348e-05,0.0026153938739926865,0.0161613958691746,0.022035285874363052,0.0058738900051884535,,0.009674140418013852,,0.0436834649553701,0.009572627301215334,-0.03411083765415476,-0.0114858740276503,0.011552824733610936,0.023038698761261238,,0.018238810885552712,,0.1071479506750148,-0.008679416793508475,-0.11582736746852328,0.0133512074439594,0.009796755482546913,-0.003554451961412488,0.0120578624985525,0.010028282664288138,-0.0020295798342643626,0.0977074830209538,-0.031884408150434494,-0.1295918911713883,-0.0849552017777889,0.012753786807156085,0.09770898858494498,,0.029588220910435423,,0.1047051459448946,0.018354961785831844,-0.08635018415906276,0.0472293757583912,0.011027998152591333,-0.03620137760579987,0.0154542854226591,0.015168501361630365,-0.0002857840610287349,0.0055397088622578,0.012063938594869152,0.006524229732611352,-0.0011587245538357,0.012760576021256761,0.01391930057509246,0.0242890960760284,-0.017778887371144497,-0.0420679834471729,,0.019121776372337224,,0.1319214044119198,0.012792430222819697,-0.1191289741891001,0.027662852524155,0.01268684907138078,-0.014976003452774219,0.0192803089327198,0.013217224072802474,-0.006063084859917326,0.0122730069653762,0.0005837436761641943,-0.011689263289212007,0.0245405249654951,0.012378142988097115,-0.012162381977397987,,0.019510028180753328,,-0.0196408156275292,-0.008500626252515268,0.011140189375013933,0.0592870942147183,0.011979531517288441,-0.047307562697429854,0.0538257071817794,0.012209422502558506,-0.04161628467922089,0.0527490580489924,0.005238275645298835,-0.047510782403693566,0.0486529635219057,0.01278481414375771,-0.03586814937814799,0.0417894868246117,0.014007495374672843,-0.027781991449938856,-0.0499360771899494,-0.01665805842236007,0.03327801876758933
2010-02-01,,0.025772257247891332,,0.0419407953571597,0.014681865014240708,-0.027258930342918992,,0.009047340054439629,,-0.0352653992054298,0.01126668848944182,0.04653208769487162,0.0375793149881207,0.026663516235297186,-0.010915798752823513,-0.0216724313386798,0.015530370074168135,0.03720280141284793,-0.0234464188487314,0.016556249096461913,0.04000266794519332,0.0288006983098441,0.00011795842237112423,-0.028682739887472976,-0.0720969909695184,0.014185973431275955,0.08628296440079435,-0.075633183010318,0.014934994041186655,0.09056817705150466,-0.0476483434242215,-0.013632669628335165,0.03401567379588634,,-0.0025347372060968423,,-0.0541141223013578,0.012318290286977146,0.06643241258833495,,0.0032857635617193452,,,-0.012447138087435267,,-0.0612682300095291,0.006183959572347273,0.06745218958187638,,-0.024431329977085914,,-0.0732314326582297,0.017858621670460335,0.09109005432869004,0.0237656442527249,0.01715701603711734,-0.006608628215607558,-0.0475587600268792,0.020769849853908774,0.06832860988078797,0.0059225268822423,0.008129870361972887,0.0022073434797305865,,0.012378095551058503,,-0.0298122891710534,0.015718603654772827,0.04553089282582623,,-0.053734490978454,,-0.0987176163134991,0.022887990794989738,0.12160560710848883,-0.1013856156248864,0.02346412184217689,0.1248497374670633,0.0008866801319419,-0.009240101656208685,-0.010126781788150584,0.0552743477645162,0.0145212931480016,-0.0407530546165146,,0.02425185436804017,,-0.0011511818987137,0.006871570889132001,0.008022752787845701,-0.0175724937823505,0.009111076054486921,0.02668356983683742,0.0168970937864451,0.012492012292926104,-0.004405081493518995,0.016009803738418,0.012785519184027913,-0.003224284554390087,-0.0276195684722121,-0.0066633249436746245,0.020956243528537477,-0.0608768846932053,0.01922336419078198,0.08010024888398729,-0.0617460859922157,0.02086933509214501,0.08261542108436071,-0.023696753464435,-0.02302065126953257,0.0006761021949024289,-0.0513241019455248,0.016154350573613245,0.06747845251913805,,0.012497939156718658,,,-0.0230451112424665,,-0.0127840840899042,0.006954777595223024,0.019738861685127222,-0.0124130722008286,0.009614202473132395,0.022027274673960994,-0.0721462143585742,0.02099741063012102,0.09314362498869522,-0.1077185439089151,0.031043492981657747,0.13876203689057284,,-0.02184777688361839,,-0.0385313027236925,0.009096899204336017,0.04762820192802852,-0.0569512438512362,0.007975611476135272,0.06492685532737147,,0.006098771650529512,,-0.0775821990842871,-0.0014114807069475301,0.07617071837733956,0.0171929598297947,0.009998459137399121,-0.007194500692395578,0.0171719602017866,0.010881159883047258,-0.006290800318739343,0.1001659391242187,-0.05478209585346072,-0.15494803497767942,-0.1107841456473042,0.010085740963217148,0.12086988661052134,,0.007005865260968185,,-0.069832925597566,0.01686031971164477,0.08669324530921077,-0.0243725489735736,0.006356893626938266,0.030729442600511865,-0.0039231634092479,0.01085542273992261,0.014778586149170509,-0.0227216967247054,0.016277132420355632,0.03899882914506103,-0.0190266516163992,0.016982232274320826,0.03600888389072003,-0.029803961606259,-0.012134105989149343,0.01766985561710966,,0.010918733944332114,,-0.0913242914548036,0.018792589928876027,0.11011688138367963,-0.0732355006147625,0.012618183976122807,0.08585368459088531,-0.0833835655241799,0.013983097954207302,0.0973666634783872,-0.010515805581181,0.0007535405186088118,0.011269346099789813,-0.038818983329644,0.01364558752785971,0.05246457085750371,,0.008033662243730914,,-0.0785651232428675,-0.02589120754750843,0.05267391569535908,-0.0499270790277204,0.007923599727387452,0.057850678755107854,-0.0549565263493077,0.007978621141946115,0.06293514749125381,-0.0569630913390112,0.0014866811075459037,0.05844977244655711,-0.0142298618639499,0.010474558788129341,0.024704420652079243,-0.0111269344607313,0.011265868473885922,0.02239280293461722,0.0161571320525917,-0.012440442803163681,-0.02859757485575538
2010-03-01,,0.02104674113506325,,0.0234263067361027,0.016207894076780992,-0.007218412659321709,,0.002966285314380329,,0.0597270557059669,0.012736956972622913,-0.046990098733343984,0.0324791392275412,0.02906438729894151,-0.0034147519285996873,0.0472817561744077,0.014022282446840102,-0.033259473727567594,0.0487828648509485,0.014278782804433609,-0.034504082046514895,-0.0084540973661209,-0.0028326131852825414,0.0056214841808383586,0.0284159373944594,0.014660622472763856,-0.013755314921695546,0.0271760430581595,0.015213651829660724,-0.011962391228498775,-0.0082036077064992,-0.00947518196789318,-0.0012715742613939804,,-0.006019013143078617,,0.0589902476774156,0.01297174921616929,-0.04601849846124631,,-0.0014413863432314116,,,-0.01477323416273711,,0.021416151721054,0.004859739188527221,-0.01655641253252678,,-0.01940306703379423,,0.0800885773883658,0.015405511708531118,-0.06468306567983469,0.0173876093547146,0.011695403225081372,-0.005692206129633228,0.0333528853029281,0.01754784111544293,-0.015805044187485167,0.0401355169899722,0.006666966701295766,-0.03346855028867643,,0.03436310894756969,,0.0968809496475234,0.019678700187906264,-0.07720224945961714,,-0.04692251215162271,,0.0528257520845219,0.027239460958072118,-0.025586291126449782,0.0483896077633235,0.027886764544855926,-0.020502843218467577,0.1132297453210302,-0.005173897979188891,-0.11840364330021909,0.0339599707156601,0.01724797847080817,-0.01671199224485193,,0.05260226795970958,,0.0384760905340568,0.008220124103650046,-0.030255966430406758,0.0294140291278339,0.007287203446886089,-0.02212682568094781,0.0256154760751273,0.01086743378220629,-0.014748042292921008,0.0176763019424409,0.010315013495622824,-0.007361288446818078,0.0786900650509156,-0.01229463105097861,-0.0909846961018942,0.0809070488736381,0.01887329232658975,-0.062033756547048347,0.084321059364867,0.02064922221124375,-0.06367183715362325,-0.0371762570790927,-0.021224552825264052,0.01595170425382865,0.0762031753654116,0.01519006846674373,-0.061013106898667874,,0.008707412504973047,,,-0.027013457653503308,,0.017542825224626,0.005209036091826178,-0.012333789132799821,0.0118198902152958,0.006703273020893454,-0.005116617194402346,-0.0347886021026506,0.028181747437695425,0.06297034954034603,0.1008720089035709,0.03003213393534365,-0.07083987496822725,,-0.016629164721767675,,0.0165112966806666,0.008435196311641724,-0.008076100369024878,0.0161871485937049,0.0015316443845072158,-0.014655504209197683,,-0.0021849906166090042,,0.0781980935714143,-0.0044281516092847155,-0.08262624518069901,-0.0170516106881453,0.008406858484131339,0.02545846917227664,-0.0179287518689444,0.00914419464853076,0.02707294651747516,0.0509783770421809,-0.05123731864482531,-0.10221569568700621,0.1046259008593934,0.0173147197978761,-0.08731118106151729,,0.019861801148124147,,0.0829938962415522,0.014244808785881928,-0.06874908745567028,0.1273020733495128,0.0052052939369339945,-0.12209677941257881,0.0391872011293624,0.008478566310270668,-0.03070863481909173,0.0348730971297241,0.014125912617527625,-0.020747184512196475,0.0353049243983712,0.01499696868534035,-0.02030795571303085,0.0128538311226293,-0.011356905212634553,-0.024210736335263855,,0.016012357426897533,,0.0452996597313431,0.021389381113598612,-0.02391027861774449,0.0537707454771881,0.011670149874791199,-0.0421005956023969,0.0542074605403537,0.01348910314603426,-0.040718357394319435,0.0734548190620946,-0.0004417516968041098,-0.0738965707588987,0.064508398735576,0.012312174221233868,-0.05219622451434213,,0.005087712463774135,,0.049647123190283,-0.029611855249473875,-0.07925897843975688,-0.0005763562728182,0.0058200721222492965,0.006396428395067497,0.0006957704423308,0.005941331474289552,0.005245561031958753,-0.0108213805893112,-0.001240095802566124,0.009581284786745076,0.0430801245082845,0.009005081636122762,-0.03407504287216174,0.0382992389888129,0.009712443418558677,-0.028586795570254224,0.0800375021740249,-0.007190336452000017,-0.08722783862602491
2010-04-01,,0.061574986810474235,,0.1146254880734439,0.00794456666240087,-0.10668092141104303,,0.014216109254001129,,0.1060251994740482,0.012071619366478895,-0.09395358010756931,0.0916943371781933,0.013352718101463943,-0.07834161907672935,0.1121651785014751,0.012310327377672849,-0.09985485112380225,0.1138015081446218,0.013804199240976636,-0.09999730890364517,0.0761939749578315,-0.008044088263384935,-0.08423806322121644,0.0486067474604126,0.018526744492916348,-0.030080002967496255,0.0482806937189383,0.01940114348174342,-0.02887955023719488,0.0071909749568579,-0.014860584365187134,-0.022051559322045035,,-0.005167134906883239,,0.070996560285976,0.010824151440658797,-0.060172408845317195,,0.011301585511390377,,,-0.022138302112521747,,0.076228265578078,0.005890240545332359,-0.07033802503274565,,-0.03409718200623718,,0.0507349143860417,0.015280197700063636,-0.03545471668597806,0.0484509418632945,0.007707145064673965,-0.04074379679862054,0.09742599363488,0.011653078948251528,-0.08577291468662847,0.0221325258427625,0.00268733123263633,-0.019445194610126167,,0.0172423921247647,,0.0834182081275915,0.011205450127700241,-0.07221275799989126,,-0.06092346025994051,,0.1064243365382477,0.0279808713818082,-0.0784434651564395,0.1095637216383112,0.02914064771093334,-0.08042307392737785,0.2272877921994074,-0.007051102792845405,-0.2343388949922528,0.1830057413024218,0.010689805867559257,-0.17231593543486257,,-0.0013008668845224446,,0.0443256063227838,0.0098407566714631,-0.034484849651320704,0.0705790933036153,-0.004226910467547884,-0.07480600377116318,0.0854643923448483,0.0048784342357007515,-0.08058595810914755,0.0790824773388972,0.0041497940079136975,-0.0749326833309835,-0.0205987578675761,-0.0195690718034171,0.0010296860641589994,0.069080973009391,0.013739920179774967,-0.05534105282961604,0.0571124302043476,0.01507610874897814,-0.04203632145536946,0.0763154492204264,-0.037600895172380536,-0.11391634439280694,0.0755482827038125,0.018103858497257725,-0.05744442420655478,,0.022975186047755527,,,-0.0024710983849013154,,0.0155692580327302,0.010154795193261184,-0.005414462839469015,0.0100742265030261,0.01025234496101121,0.00017811845798510959,0.1147029150547807,0.027631316349730036,-0.08707159870505066,0.1234197775419523,0.02129092127391503,-0.10212885626803726,,-0.046197903447790345,,0.0773514799105305,0.011329250100512235,-0.06602222981001826,0.042954097536746,0.010675405865819717,-0.032278691670926285,,0.013359109384512157,,0.112382269378165,-0.008540361513020723,-0.12092263089118573,0.0262440990515314,0.01589264853256894,-0.010351450518962461,0.0246005429561493,0.016830095351646663,-0.007770447604502639,0.1423536604668917,-0.04819265968926616,-0.19054632015615786,0.007583436719485,0.012207129197615343,0.004623692478130343,,-0.01721625716833116,,0.1041977110791033,0.0029388758210201317,-0.10125883525808317,0.0492575609348546,0.021058041383097754,-0.028199519551756848,0.0702626660377887,0.019551006394932412,-0.05071165964285629,0.0680074489544651,0.01583253607621236,-0.05217491287825274,0.0583052696651188,0.017654515067570997,-0.0406507545975478,0.1237614452521798,-0.03251636789170107,-0.15627781314388087,,0.015871924411738507,,0.1415742044282059,0.013551742017999267,-0.12802246241020662,0.0709456871959526,0.00981446410904419,-0.0611312230869084,0.0689325043415598,0.011873150154164298,-0.0570593541873955,0.0292781574785348,-0.007312139403088535,-0.03659029688162334,0.0988237404984083,0.016402106960971198,-0.08242163353743709,,0.017186569665855158,,0.0431456361069555,-0.044783835342490044,-0.08792947144944555,0.0494509571110136,0.008562069997790057,-0.04088888711322354,0.0557179643931657,0.008978648769541464,-0.04673931562362424,0.0664029321479026,0.0053340983054235925,-0.06106883384247901,0.0607674641348716,0.007432509147936913,-0.05333495498693469,0.0605213566415043,0.009073882690647416,-0.05144747395085689,0.1378470180958015,-0.011515456553416629,-0.14936247464921812
2010-05-01,,0.0395831740870197,,0.0241127074580559,-0.0018280144208238347,-0.025940721878879733,,0.029536973056448684,,0.0453834601167379,0.010394873524105489,-0.03498858659263241,0.0532631400589674,-0.003694675624747581,-0.05695781568371498,0.0304514966055075,0.002390254844711836,-0.028061241760795663,0.0288398356808734,0.004037471477469686,-0.024802364203403714,0.0802301204584073,-0.003943744483608148,-0.08417386494201545,-0.0033754979877836,0.013479532850530052,0.01685503083831365,-0.0044422955377942,0.014440654438092584,0.018882949975886784,0.0410286782191672,-0.027147696737632534,-0.06817637495679973,,0.016519039495603263,,-0.0032197237106257,0.002371945070636362,0.005591668781262062,,0.030501841523165433,,,-0.007514902139882306,,0.0258566873390242,0.00883731872525993,-0.01701936861376427,,-0.004835997794932628,,0.0152711230849737,0.0035936271530070995,-0.0116774959319666,0.1139061065323289,0.00925724758588791,-0.10464885894644099,0.0887904513284594,0.0012654239440721409,-0.08752502738438726,0.0152551400656689,0.0024267529999376547,-0.012828387065731245,,0.02157425044688437,,0.0270239407181964,0.001958476912014095,-0.025065463806182305,,-0.06386792099670544,,0.0437512889703954,0.00933497217139469,-0.034416316799000715,0.0450676744041068,0.010172641821990616,-0.03489503258211618,0.0464617494719641,-0.028603533749069692,-0.0750652832210338,0.1794239636081113,0.007024017937740307,-0.172399945670371,,-0.07046010145679991,,0.0018062770205472,0.008300777558203926,0.006494500537656727,0.0178764968603995,0.0011398567884810746,-0.016736640071918427,-0.0239231155124125,-0.0010203717006437274,0.022902743811768773,-0.0371018073569193,0.00027417844186034625,0.03737598579877965,0.0413233257204392,0.00239293460401398,-0.038930391116425225,0.0711804064086551,0.0011250788183715104,-0.07005532759028359,0.0662561420151149,0.0012971025175635982,-0.0649590394975513,0.156150671367708,-0.020181570397946633,-0.17633224176565462,0.0594992316313985,0.005332044107197867,-0.05416718752420063,,0.028420719475303335,,,0.03661788738214616,,-0.0316475952059083,0.014949145656756365,0.04659674086266466,-0.035974839944307,0.011356070865243487,0.047330910809550486,0.0128021943849531,-0.025093198967682306,-0.037895393352635406,-0.0620535743195984,-0.0071528772427519195,0.05490069707684648,,-0.009952583809977584,,0.0304001327688732,0.01378907817819059,-0.01661105459068261,0.0583001145830964,0.014462539642685549,-0.04383757494041085,,0.031680295906955154,,0.109222106886377,-0.022186260876721414,-0.13140836776309842,-0.0386119626097957,0.012773373578591731,0.051385336188387434,-0.0409530487597271,0.013266200912526435,0.054219249672253535,0.0944370959391832,-0.020734683183286907,-0.1151717791224701,0.1495140344253732,0.008603089732559095,-0.1409109446928141,,0.0019916406758334958,,0.0710914390505164,-0.00031097564623225045,-0.07140241469674866,0.0172645678423694,0.022306286525426912,0.0050417186830575104,0.0715264225146817,0.02043035417104165,-0.051096068343640055,0.0180382741321192,0.009073818295486187,-0.008964455836633014,0.012020846613058,0.010668791610724745,-0.0013520550023332547,0.0914569415518043,-0.04052845701890965,-0.13198539857071395,,0.01954563376853254,,-0.0364122085328009,-0.0018219093513374477,0.03459029918146345,0.0152768650268131,0.005264422143409769,-0.01001244288340333,0.0045773493048785,0.005573589357767056,0.0009962400528885562,0.0343682685297624,-0.012199195548773393,-0.04656746407853579,0.044322009302483,0.009596317796274262,-0.03472569150620874,,0.02885768015232311,,0.0393973725196686,-0.020382410830146025,-0.059779783349814625,0.0122259252174581,0.010924512737968444,-0.0013014124794896564,0.0153095605599294,0.011772180903573593,-0.0035373796563558067,0.0308576807508825,0.007985795633987642,-0.022871885116894856,0.0336066822806768,0.009761693098989286,-0.023844989181687516,0.0306261921008417,0.011955007506773566,-0.018671184594068135,-0.107572538089714,-0.018259081555807133,0.08931345653390686
2010-06-01,,0.005466999260215071,,-0.1181826159595449,0.0034772081915825236,0.12165982415112743,,0.02126303769553118,,-0.0408086460596697,0.008597895985870619,0.04940654204554032,-0.0860736402085426,0.008205581921197767,0.09427922212974038,-0.1026069588982027,0.002166344150278491,0.10477330304848119,-0.103725500948481,0.002730152112266163,0.10645565306074717,-0.0520028465413161,7.808637322712458e-06,0.052010655178638815,-0.0922652546376639,0.011517827200203673,0.10378308183786757,-0.0957944332437059,0.012178485636351419,0.10797291888005732,-0.0865675192464685,-0.021395881543938736,0.06517163770252976,,0.01637541508906025,,-0.1018629464794299,0.002697913464291915,0.10456085994372182,,0.01926381289697419,,,-0.002396913632015354,,-0.0606806244736354,0.010105448005084245,0.07078607247871964,,0.006884195021380063,,-0.1130287040863553,-0.00016232253119927994,0.11286638155515602,-0.1098828622672457,0.012164904825039482,0.12204776709228518,-0.1085781048289255,0.0021255756455881496,0.11070368047451365,-0.0357192578943838,0.002792568682123171,0.03851182657650697,,0.02916177297051274,,-0.0877357244025894,0.0064417029992652084,0.0941774274018546,,-0.05542097604700629,,-0.0532988225901271,0.007141383756970439,0.06044020634709754,-0.0494998831890516,0.007601719014566923,0.057101602203618526,-0.1181579794981788,-0.026178031764842357,0.09197994773333644,-0.0761349363379868,0.013135651752252986,0.08927058809023979,,-0.04136934427581569,,-0.0437180942583519,0.0041733262567324216,0.047891420515084326,-0.0408974412182475,0.008863168878041495,0.049760610096289,-0.0690454230874581,0.0019905517175734682,0.07103597480503157,-0.07388973636334,0.0035503779675634703,0.07744011433090346,-0.1070737017328875,0.01124647560791437,0.11832017734080186,-0.0996190472291081,0.0015879078973647994,0.10120695512647289,-0.0949385271068138,0.0017258812473174908,0.09666440835413129,-0.1775236187780111,-0.004681554693303203,0.1728420640847079,-0.0872496682444758,0.0007910291202371177,0.08804069736471293,,0.016583416055517962,,,0.025240361037987418,,-0.0859084720103502,0.011428064479798222,0.09733653649014842,-0.0849444399466614,0.009035514365595979,0.09397995431225738,-0.0768498821925346,-0.013103755707980867,0.06374612648455373,-0.0898935351261145,-0.0034847362334057886,0.08640879889270872,,0.018439885858401728,,-0.0646400396409829,0.008643771211504767,0.07328381085248767,-0.1056122283283037,0.006286273580305135,0.11189850190860884,,0.019464031797797824,,-0.1311096707408099,-0.0194505549902895,0.1116591157505204,-0.0708738099230165,0.0062446383204435504,0.07711844824346006,-0.0706660741065939,0.00619476842346855,0.07686084253006245,-0.19490635467195,-0.011198847423392182,0.1837075072485578,-0.0363716951594063,0.015252003538850619,0.05162369869825692,,0.030133149210922493,,-0.0760331969717907,0.008070783584621865,0.08410398055641256,-0.0230956347628864,0.009139726312344307,0.03223536107523071,-0.0346231415401432,0.011319426616287959,0.045942568156431156,-0.0569036663686002,0.006724021051417158,0.06362768742001736,-0.0610405866810864,0.0074870502014077606,0.06852763688249416,-0.0650528594149015,-0.0244370185552886,0.04061584085961291,,0.017143322973651325,,-0.0735197623526716,-0.001368818330596219,0.07215094402207538,-0.0624838660239156,0.005470698984469675,0.06795456500838527,-0.0602868045104852,0.005614226005925724,0.06590103051641093,-0.0717910758332408,-0.007934281978283315,0.06385679385495749,-0.0766947353522561,0.004423858787496816,0.08111859413975292,,0.019374670459314854,,-0.0564205376525939,0.003623807177310682,0.06004434482990458,-0.0616446836975912,0.008597169542349625,0.07024185323994082,-0.0588680180789455,0.009774709398606448,0.06864272747755194,-0.0600182874454192,0.0015426979497503936,0.06156098539516959,-0.0330576774039248,0.00994723291058241,0.043004910314507205,-0.0221395864357855,0.011329996276373213,0.03346958271215871,-0.0696114319146337,-0.011514665078330993,0.05809676683630271
2010-07-01,,0.007323199995289282,,-0.0857031973973387,0.011735202361341894,0.0974383997586806,,0.0007092761377756836,,-0.0731306764538203,0.01496696435590799,0.08809764080972829,-0.0730836853429108,0.021508066582049876,0.09459175192496068,-0.0637108009930259,0.0064909062995772955,0.0702017072926032,-0.0637769071187372,0.0058171306850249805,0.06959403780376218,-0.0961357488022745,-0.006799404942786628,0.08933634385948788,-0.0647034252117838,0.011245346199615907,0.0759487714113997,-0.0648553227281508,0.011665229028358896,0.0765205517565097,-0.0859500316732606,-0.011838433066800099,0.0741115986064605,,-0.002545882461234041,,-0.0986084924591174,0.009351061221090527,0.10795955368020793,,0.0014599182399903999,,,-0.013352299038410467,,-0.0183596507835004,0.001279034128978438,0.01963868491247884,,-0.0013128467936796122,,-0.0695497973851006,0.007842050987530533,0.07739184837263113,-0.1457327468662182,0.003590531174902475,0.14932327804112067,-0.1329534053094413,0.00912335157877676,0.14207675688821805,-0.0355707793974659,0.005995539170715498,0.041566318568181396,,0.06959220808696734,,-0.0688680717896812,0.020968584306998262,0.08983665609667946,,-0.036184008835386965,,-0.0606244118342865,0.025517559572866937,0.08614197140715343,-0.0571461141974265,0.026151185396333328,0.08329729959375982,-0.0684564364632689,-0.010508413561763167,0.05794802290150574,-0.0872684370911577,0.0162206514760103,0.103489088567168,,0.07574595178103137,,-0.004557294953913,0.011297042590064563,0.015854337543977564,-0.1089866033226735,0.005503438278558331,0.11449004160123183,-0.0552580662853361,0.005887268630095785,0.06114533491543188,-0.0560372338930911,0.004812855386200007,0.06085008927929111,-0.0462164424642352,-0.0123078402894061,0.033908602174829106,-0.0665080557207195,0.013969714129367778,0.08047776985008727,-0.0587156476930406,0.01566790150527439,0.074383549198315,-0.1138141565170543,-0.015249668595412288,0.09856448792164202,-0.0621020301639694,0.00936207498903756,0.07146410515300697,,0.0071417764715811785,,,-0.01609911166275619,,-0.0337287290046473,0.00400038797805074,0.03772911698269804,-0.0342983515927254,0.0024988578248238487,0.03679720941754925,-0.0924455414212691,0.0065471889294695705,0.09899273035073866,-0.118598315371055,0.014267294559182145,0.13286560993023716,,-0.006827566973192207,,-0.0856350966454054,0.010742292820145091,0.0963773894655505,-0.0494404464063903,-0.005031597978252972,0.04440884842813733,,-0.005293588910100656,,-0.0695498168985766,-0.01484684666367242,0.05470297023490418,0.0089393161482282,0.005445087020361228,-0.003494229127866972,0.0107993319659795,0.006219819080194309,-0.004579512885785191,-0.1325861845791183,-0.04477012252591962,0.08781606205319868,0.0754353455481978,0.021627175047548693,-0.0538081705006491,,0.03558210273993,,-0.10931591564688,0.0062479921033422444,0.11556390775022224,-0.0172549298583004,0.004731562758156984,0.021986492616457385,-0.0432783489434519,0.005356649371435576,0.048634998314887476,-0.091867005593116,0.009189453695098012,0.10105645928821401,-0.0901880785218819,0.010328583734917754,0.10051666225679966,-0.1371132705368978,-0.01579751020154791,0.12131576033534991,,0.023090142220238734,,-0.1081246582643886,0.01950001894481162,0.12762467720920023,-0.0724135434566535,0.00756292921306857,0.07997647266972208,-0.0743659262523349,0.009269474173649045,0.08363540042598394,-0.0265611417751966,-0.00578192639010096,0.02077921538509564,-0.0749266242758479,0.008000505761762897,0.08292713003761079,,0.004927836596796226,,-0.0894726876279295,-0.035561143079872536,0.05391154454805696,0.0019834143007929,0.002884881959662845,0.0009014676588699451,0.0078105552217658,0.0030401765065813514,-0.004770378715184449,-0.0054900615558466,-0.0035839984709199173,0.0019060630849266824,-0.0362378900520211,0.007618819238650443,0.04385670929067154,-0.0244557192065845,0.008548082329835366,0.033003801536419866,-0.0168306838502129,-0.004870097355756486,0.011960586494456412
2010-08-01,,0.00360793893131389,,0.1036383722832324,0.003744271922818654,-0.09989410036041375,,0.02119528680833486,,0.0836853377138596,0.006800737704569311,-0.07688460000929029,0.1782171133664224,0.011663144223037781,-0.16655396914338463,0.0798754107629351,0.005755164966128973,-0.07412024579680612,0.0811424738139082,0.006934804949703704,-0.07420766886420449,-0.0201124809537491,0.003511178836098297,0.023623659789847398,0.0816786799065401,0.009199886463690946,-0.07247879344284915,0.0851397311930354,0.010102877892307594,-0.0750368533007278,0.0602162950925437,-0.024066864492729826,-0.08428315958527352,,0.013910793826227005,,0.1588904617224504,0.0032098795264644663,-0.15568058219598593,,0.015968289300571877,,,-0.0027159900646184947,,0.0894884613386861,0.00858677232955152,-0.08090168900913458,,-0.005386987610388389,,0.0753901813733634,0.005742959996934488,-0.06964722137642891,0.0701909643831277,0.02043712878254695,-0.049753835600580755,0.0958276127620418,0.010941214683063208,-0.08488639807897859,0.0380764105248992,0.007036667235550506,-0.031039743289348692,,0.0003785660200383122,,0.1345371420879918,0.005088203268868108,-0.1294489388191237,,-0.05710958848741391,,0.0555097445866664,0.00526301141432062,-0.050246733172345785,0.0516653244791952,0.005546466706672939,-0.04611885777252227,0.0521457000183304,-0.0261639130473449,-0.0783096130656753,0.1169763355795671,0.00944912110569057,-0.10752721447387653,,-0.03143801356319253,,0.026091444939691,0.0024320511848887386,-0.023659393754802263,-9.407965252350783e-05,0.012086313690139232,0.01218039334266274,0.0688010805815636,0.007690127662812546,-0.06111095291875106,0.0733935077242723,0.009804918098671301,-0.063588589625601,0.0148697185204312,0.016997402022439725,0.002127683502008525,0.1272439893177655,0.007158967879880534,-0.12008502143788498,0.1272303865346175,0.0076817066829457875,-0.1195486798516717,0.1068285333444605,-0.008934416675357177,-0.11576295001981768,0.0407109064053812,0.0049350047386796225,-0.035775901666701575,,0.016240481268528482,,,0.01475739041491754,,0.0318373887293241,0.009896757351813862,-0.02194063137751024,0.0305321388530384,0.011508536269260856,-0.019023602583777544,1.2316156678318069,-0.009972872790785969,-1.2415885406225928,0.1713947466682512,0.0055410099055880025,-0.16585373676266318,,-0.002142597849746505,,0.0768946619607474,0.008634494573121411,-0.068260167387626,0.0754559362234758,0.011713897327827495,-0.0637420388956483,0.084014718081526,0.020822922551983862,-0.06319179552954213,0.0721057751937752,-0.009165197757155179,-0.08127097295093039,0.0115591141074403,0.007061501801663006,-0.004497612305777294,0.0102532285184891,0.007581448957895203,-0.0026717795605938977,-0.0138322140729891,-0.031015493026998013,-0.017183278954008913,-0.0879354505802293,0.003943436655555362,0.09187888723578466,,0.004860649374383194,,0.1637566077148085,0.013851215985933116,-0.14990539172887538,0.019392735454051,0.004118604041178327,-0.015274131412872673,0.0582602108529877,0.009571197826127642,-0.04868901302686006,0.053477701465924,0.012351492081732163,-0.04112620938419184,0.0491069983151335,0.01262788445479093,-0.03647911386034257,0.0730169858530306,-0.0168293294664169,-0.08984631531944749,,0.003996053251101484,,0.0961186228885935,-1.162233786640371e-05,-0.09613024522645991,0.0915180428091076,0.0073003010158364905,-0.0842177417932711,0.0948819206310707,0.007215697592694857,-0.08766622303837585,0.0274213470747577,-0.004361472315305545,-0.03178281939006324,0.1222959229827283,0.006207633722980554,-0.11608828925974775,,0.013727620211968602,,0.0740430633862439,0.0028911726683324185,-0.07115189071791149,0.0718466766900572,0.008647218101330822,-0.06319945858872639,0.071641622520514,0.009584922455338415,-0.06205670006517558,0.0471994242971338,0.0017515922226764087,-0.04544783207445739,0.0230020583485991,0.011158370066641657,-0.011843688281957443,0.0112693930575132,0.01216351118916113,0.0008941181316479297,0.0612118231591915,-0.015429729433259156,-0.07664155259245066
2010-09-01,,0.02746625459118227,,-0.094927580839998,0.0074549257035544415,0.10238250654355244,,-0.004823302606153398,,-0.0677744512930745,0.01221102207531536,0.07998547336838985,-0.0805397556300706,0.01721511069627355,0.09775486632634414,-0.0882521843657203,0.001766794749715824,0.09001897911543612,-0.0877451389688367,0.0004767623452984239,0.08822190131413513,-0.1241436851904933,-0.016806399458351752,0.10733728573214155,-0.0653279097562042,0.016966487121369955,0.08229439687757416,-0.0668260497887564,0.017228218653036146,0.08405426844179255,-0.0828849838042823,-0.0037950344408424824,0.07908994936343983,,-0.01301306262825783,,0.1220728323222057,0.007666987843400861,-0.11440584447880484,,-0.005611756834287883,,,-0.028189212426119502,,-0.0098597536607267,0.0019861100295437036,0.011845863690270403,,-0.012399287178598568,,-0.1316591412032277,-0.0008004332863645294,0.13085870791686316,-0.0843364803889483,-0.008371041815825963,0.07596543857312234,-0.0534134935663872,-0.004470422156256264,0.048943071410130934,-0.0394527088030223,-0.003982333823099743,0.03547037497992255,,0.07716800485587384,,-0.0668653598273652,0.018961402958935822,0.08582676278630103,,-0.0383694228961975,,-0.0680060712307574,0.034051022133770106,0.1020570933645275,-0.0638922069937794,0.035265206326470046,0.09915741332024944,-0.0818647717763708,0.001706463361411489,0.0835712351377823,0.0048518679822115,0.01733895153814594,0.01248708355593444,,0.08231233627111542,,0.0165451496339706,0.009061726061570845,-0.0074834235723997555,-0.0839598220342211,-0.00979349549029715,0.07416632654392395,-0.0756964416109842,-0.00239444322852704,0.07330199838245716,-0.0880536536353694,-0.005228558192498709,0.0828250954428707,-0.0514690157859689,-0.024939186193442348,0.026529829592526553,-0.0751346459960799,0.0063784518433331275,0.08151309783941303,-0.0706248960332592,0.007612418328408642,0.07823731436166784,-0.0269961287273067,-0.02420047811437247,0.002795650612934228,-0.0543853006239453,0.008864894153083835,0.06325019477702915,,0.007984506103457733,,,-0.00045820847607250145,,-0.0566750756801797,0.003266513701715378,0.05994158938189508,-0.0568534761344455,0.0007867595664726346,0.05764023570091814,-0.061217760017776,0.05373262573935026,0.11495038575712627,-0.0466001040760785,0.007144046395027349,0.05374415047110585,,-0.024545915329915985,,-0.1635037505290407,0.0053699606206456954,0.1688737111496864,-0.0425500962931048,-0.011764156687884698,0.0307859396052201,-0.039788449132732,-0.013032679365901639,0.026755769766830362,-0.114395166638247,-0.01890817961283595,0.09548698702541106,0.006840503430809,0.007395004808525402,0.0005545013777164022,0.0089379887834157,0.007591263972957426,-0.001346724810458274,-0.0700283488166585,-0.024854985599008818,0.04517336321764968,0.1323239204588274,0.033319651099004546,-0.09900426935982286,,0.01652418349513993,,-0.027475423493772,-0.00643781653133333,0.02103760696243867,-0.0237708218182919,0.010805090625802146,0.03457591244409405,0.0169918704331915,0.0071454238241465875,-0.009846446609044912,-0.0141149439710198,0.007399683607953769,0.02151462757897357,-0.0063246481562548,0.009297401317842482,0.015622049474097281,-0.1133789475682634,-0.027569296355859415,0.08580965121240398,,0.022024445251244782,,-0.0831373183219405,0.010306960429899073,0.09344427875183958,-0.0442095294502396,0.002905226563480761,0.04711475601372036,-0.0480471669156213,0.0059866464387850725,0.05403381335440638,-0.0490386792277984,-0.01388959085444673,0.03514908837335167,-0.0340210998708732,0.0062095702373116905,0.04023067010818489,,0.0036912193657808105,,-0.1027516567325375,-0.03615002883556976,0.06660162789696775,0.0141529274901904,-0.0003333678955029318,-0.014486295385693331,0.0179800331571634,0.0011327794837944836,-0.016847253673368916,-0.0392938527692067,-0.00722193954938988,0.032071913219816825,-0.0699530198742781,0.00111946558642709,0.07107248546070519,-0.0687723995846757,0.0022040667085184945,0.0709764662931942,-0.0026886396436485,0.00854455381280241,0.01123319345645091
2010-10-01,,0.021316900857522345,,0.117053356730353,0.0008752845642704756,-0.11617807216608252,,0.006444163640620375,,0.1657937660017174,0.010001416741019885,-0.15579234926069752,0.1193402301528506,0.007883470988078541,-0.11145675916477206,0.0640902580805812,-6.720451413556393e-05,-0.06415746259471677,0.0635859918673246,-0.00033088048946961716,-0.06391687235679422,-0.0095210500764266,-0.011541863014460477,-0.0020208129380338766,0.1184765180137802,0.012080389597344466,-0.10639612841643574,0.1174047602570394,0.012721191484016339,-0.10468356877302307,0.1540185601951101,-0.015385133467582572,-0.16940369366269267,,-0.0024825634518600612,,0.0609172747504248,0.003303325540914669,-0.05761394920951013,,0.005466934391373504,,,-0.0208188137137264,,0.0702854968828439,0.0018762844085628886,-0.06840921247428101,,-0.010560986479486922,,0.1155597065725078,-0.00026717108880596244,-0.11582687766131376,0.1021849980172704,0.0005693084380457323,-0.10161568957922468,0.1043308285299943,-0.0013075454473666797,-0.10563837397736098,0.0375155998488474,0.0003878515438970912,-0.03712774830495031,,0.04823289488247248,,0.1627782626573735,0.01111910350667345,-0.15165915915070005,,-0.04407131115982252,,0.1512445060413849,0.02163580520680491,-0.12960870083457998,0.1499739204876661,0.02256478404543499,-0.12740913644223112,0.1993789698503977,-0.01182811528722933,-0.21120708513762704,0.1742633938772846,0.009897504322011282,-0.16436588955527331,,0.043733873208938574,,0.0283775122044893,0.007571944979379152,-0.02080556722511015,0.1532294404065742,-0.004898838678189784,-0.15812827908476398,0.0908667123158411,-0.0005526980475360551,-0.09141941036337715,0.0949714697507357,-0.0016547473881329947,-0.0966262171388687,0.0302073979676101,-0.008328866008621127,-0.03853626397623123,0.1575337052572338,0.004841747785549008,-0.1526919574716848,0.1611451683632716,0.0058108407230123005,-0.1553343276402593,0.1504816565026126,-0.022167692919906737,-0.17264934942251936,0.1421031274855611,0.0068820742700062,-0.1352210532155549,,0.013932561714319159,,,0.014050999670490751,,0.0976134210649301,0.005506647042964497,-0.0921067740219656,0.0912698680107825,0.004630670362086386,-0.08663919764869611,0.0030320126175061,0.0215497162047664,0.0185177035872603,0.1883269187020874,-0.0008512883000807789,-0.18917820700216817,,-0.03095543815300608,,0.1325989258732595,0.008327267636668405,-0.12427165823659109,0.0875097763292976,-0.0016421676426693207,-0.08915194397196692,0.081925804855312,0.0025383539795669177,-0.07938745087574509,0.0681938743513163,-0.01701387000195262,-0.08520774435326892,0.0772995915855224,0.008095529972136637,-0.06920406161338576,0.0752289637296863,0.008766111675258051,-0.06646285205442824,0.0282962799420787,-0.03202084144959939,-0.06031712139167809,0.0331770948743539,0.017701880277543523,-0.015475214596810376,,-0.0044067323952303285,,0.1342408348182646,-0.004185451251340999,-0.1384262860696056,0.1109740001639345,0.009797952394258893,-0.1011760477696756,0.0588353085159452,0.008309560753494441,-0.05052574776245076,0.118708718919562,0.009838174262043043,-0.10887054465751896,0.1163723076712866,0.011307281173982867,-0.10506502649730373,0.1337159708219672,-0.028396468303418923,-0.16211243912538614,,0.011657644575482443,,0.1177237866027102,0.0029993412197550306,-0.11472444538295516,0.0641344001115285,0.0022713195124526332,-0.06186308059907587,0.0587108835152357,0.004102502498457951,-0.05460838101677775,0.0881759373186389,-0.01390902822493006,-0.10208496554356897,0.1004601268045271,0.005538029474094654,-0.09492209733043244,,0.00741491810467472,,0.1037302551234978,-0.028967594562855543,-0.13269784968635334,0.0350550152053044,0.001873578755829532,-0.03318143644947487,0.0289781147730147,0.0032124718662452562,-0.025765642906769443,0.057308685816295,-0.0035906143164976126,-0.060899300132792614,0.0946670383476168,0.0039001499975418147,-0.09076688835007499,0.0940676651922408,0.005135154607008786,-0.08893251058523202,-3.209546015402499e-05,-0.0016070314626445677,-0.0015749360024905428
2010-11-01,,0.049085029560570856,,0.01994364396808,0.006250495231156079,-0.01369314873692392,,0.0146449897591506,,0.0352288313799072,0.014460390189261915,-0.020768441190645283,0.1041668556417427,0.00791520217732723,-0.09625165346441547,0.0148133619191298,0.006175214244191013,-0.008638147674938788,0.0152030430271023,0.0067870526377568725,-0.008415990389345429,-0.0375524180997176,-0.010228541139534274,0.027323876960183326,0.0940210340318071,0.01755168798327475,-0.07646934604853235,0.0986572664267108,0.01817576427905877,-0.08048150214765203,0.0713918183130245,-0.015283565119235253,-0.08667538343225975,,0.0016283354386575262,,0.0673649231694926,0.008485252555854758,-0.05887967061363784,,0.016639193580614744,,,-0.017334142992047826,,0.0426911918507913,0.005984664269896902,-0.0367065275808944,,-0.011524940279759421,,0.0400476641161369,0.007287767664329901,-0.032759896451807005,-0.0206869685353354,-3.3016807645094585e-05,0.020653951727690308,0.0519410074763539,0.0022912104583856924,-0.049649797017968206,0.0527736060288822,0.0004408080264224098,-0.052332798002459796,,0.054616195018983994,,0.0508604201744068,0.012750689673594781,-0.03810973050081202,,-0.054322332643355856,,0.0468887909714855,0.025682011307672253,-0.02120677966381325,0.047729147687088,0.026826538211607177,-0.02090260947548082,0.0338231731529955,-0.012607072239437744,-0.04643024539243325,0.1801000611300084,0.013419015975888661,-0.16668104515411974,,-0.004081343940275928,,0.0403684297212151,0.01221000169905942,-0.02815842802215568,-0.0054101927912831,-0.004040047079028579,0.0013701457122545207,0.0224777403509768,-0.0007237889681852685,-0.023201529319162067,0.0279799994843989,-0.0016467373657448145,-0.029626736850143717,0.0077667945790826,-0.019485601662702037,-0.02725239624178464,0.052185723810842,0.007297788594604028,-0.044887935216237976,0.0524266726083417,0.008251241195482465,-0.044175431412859234,0.0168429296196302,-0.02728511712039379,-0.04412804674002399,0.0560777185979307,0.010877837201264548,-0.04519988139666615,,0.021723190205582384,,,0.010377581995532624,,0.0061032515016232,0.01106297998571515,0.004959728484091951,0.0060698520338722,0.006676073753208822,0.0006062217193366221,-0.011912385255696,0.006296473083810016,0.018208858339506015,0.1144325083274779,0.0065900170613867074,-0.10784249126609119,,-0.016870697099296925,,-0.0397699667385614,0.012692834454936217,0.052462801193497624,0.0406430681616444,0.004105817080944621,-0.03653725108069977,0.0457406305321702,0.01245922665193778,-0.03328140388023242,0.0619237713313792,-0.021335126514319177,-0.08325889784569837,0.0169508571519106,0.012793345802529952,-0.004157511349380647,0.016064975906941,0.01327103431028952,-0.0027939415966514794,-0.0087622018377946,-0.02900326449188254,-0.02024106265408794,0.0188798546343946,0.02176184850723498,0.002881993872840379,,0.01689026625851619,,-0.0027729044497956,-0.002488705477152483,0.00028419897264311735,0.0172717482601592,0.022745672017856464,0.005473923757697265,0.0714589162362943,0.018559076833562227,-0.052899839402732074,0.0266665544485339,0.008725435622738129,-0.01794111882579577,0.0231614089206511,0.010828485585211146,-0.012332923335439953,0.0598929071123288,-0.037727035661812444,-0.09761994277414124,,0.029515125006792396,,0.0167846305416507,0.011689005119215492,-0.005095625422435206,0.055645252231731,0.00698123530393813,-0.048664016927792875,0.0597575787481421,0.008807912832147248,-0.050949665915994855,0.055880478119802,-0.011143555252656253,-0.06702403337245826,0.0504607101416858,0.012334855722442643,-0.038125854419243155,,0.02187794415864534,,0.0362820057102073,-0.04171874049738344,-0.07800074620759073,0.0178815987750969,0.007772232406169072,-0.010109366368927827,0.0149911145957844,0.008282405230812398,-0.0067087093649720025,0.0197190408134835,0.004296081886156149,-0.01542295892732735,0.0439633774342784,0.0070606918352309955,-0.036902685599047406,0.0413460554586549,0.009035151028988827,-0.03231090442966607,0.0186221091151263,-0.009231375303291121,-0.02785348441841742
2010-12-01,,0.0016812964353661896,,-0.0174170300876042,0.0327933769793385,0.0502104070669427,,9.161188504419123e-05,,0.0881640564749936,0.015806239953890338,-0.07235781652110326,0.0742674473172643,0.05106203590900274,-0.02320541140826156,-0.0048398669264589,0.025226644952310136,0.030066511878769037,-0.0051933249050138,0.02536374638123285,0.03055707128624665,0.0108400943408768,0.007964190132679771,-0.0028759042081970294,-0.033470363501708,0.01637875924922704,0.04984912275093504,-0.0385247295244355,0.01661514915092105,0.05513987867535655,-0.0132578065078038,-0.002833153181099528,0.010424653326704272,,-0.002543652397284601,,0.0055912167844041,0.021427794766299153,0.015836577981895052,,-0.0063678133520934455,,,-0.0013926607978242838,,-0.0173335490417576,0.010134398148523014,0.027467947190280617,,-0.00971503855701317,,-0.0684906791906152,0.025503129645524113,0.09399380883613931,0.0352229099661732,0.02157376634556318,-0.01364914362061002,0.0330585745039377,0.031962499805474165,-0.0010960746984635325,-0.0197133189982878,0.011925077010562883,0.03163839600885068,,0.03878284834717452,,0.0602460135262165,0.029419273608074146,-0.030826739918142356,,-0.046358850793617845,,0.0323194237168896,0.028408740707136688,-0.003910683009752915,0.0319235297728053,0.02858071806154582,-0.0033428117112594795,-0.1110273561564082,-0.0030700671086523767,0.10795728904775583,0.084261426155945,0.02875504202453062,-0.05550638413141437,,0.050780307766045696,,-0.0397676242906676,0.00806348557634761,0.04783110986701521,0.0180359920866443,0.024188597235311745,0.006152605148667445,-0.0040602685628592,0.02047025800482124,0.024530526567680438,-0.0009745666713535,0.02092784991163613,0.02190241658298963,0.0549997970892893,-0.010138219185021677,-0.06513801627431098,0.0437271703952749,0.02871575638123323,-0.015011414014041668,0.0452519229851612,0.03089266476601335,-0.014359258219147852,0.0606351162012867,-0.0068835070785129605,-0.06751862327979966,0.0214537335330244,0.017091048776592923,-0.004362684756431479,,-0.00016861915705153379,,,-0.06200566057220227,,-0.0363414367529721,0.0055830303151319155,0.041924467068104015,-0.040990798661152,0.00706686473697217,0.04805766339812417,0.108774066054602,0.02223720671904655,-0.08653685933555545,0.0896341751293422,0.05371201730058661,-0.03592215782875559,,0.03169681161341014,,0.014160427170475,0.007516579335744219,-0.0066438478347307815,0.0472983274011432,0.00015963258362454408,-0.04713869481751866,0.0479033198438306,-0.007874083586685518,-0.05577740343051612,0.1292190209840156,0.0015968955958728717,-0.12762212538814274,-0.0439753507916421,0.004840332116037665,0.048815682907679764,-0.0456740056085645,0.005051437653377856,0.05072544326194236,-0.0049560549944192,-0.05210351640830086,-0.04714746141388166,0.0555457030404076,0.024119593746505914,-0.03142610929390169,,0.07750028716768434,,0.015535220906891,0.03451319798617798,0.01897797707928698,0.0763511077881289,-0.00227407812998984,-0.07862518591811873,0.0462257458001953,0.0061662555896614965,-0.0400594902105338,0.0400128691674844,0.013221787533587603,-0.026791081633896797,0.0307502243442529,0.013277896870311306,-0.017472327473941594,0.0535747652433463,0.008161857820696512,-0.045412907422649786,,0.028140668614921403,,0.0020180853609693,0.03777871372719411,0.03576062836622481,-0.0109024362801262,0.020207507481859417,0.031109943761985615,-0.0115660791162118,0.021553480192627247,0.033119559308839044,0.030571198105293,0.013310683118830036,-0.017260514986462965,0.0138728925886976,0.015154584094928671,0.0012816915062310707,,0.004924102305285652,,-0.0121266939422426,-0.014513209323833286,-0.002386515381590685,-0.0159275785423462,0.009992259486338207,0.02591983802868441,-0.0255149744052769,0.009061108745479702,0.0345760831507566,0.0103183936569028,-0.0004108292274919315,-0.010729222884394731,0.0061883487310196,0.014995874219877806,0.008807525488858207,-0.0025378331986955,0.0151445996599924,0.0176824328586879,0.0160491435498239,-0.011038227498231572,-0.027087371048055472
2011-01-01,,-0.006255565360204562,,0.1062346480750583,0.01557784022865281,-0.09065680784640548,,0.008784997668210101,,0.0081041651394123,0.011520850147403689,0.0034166850079913897,0.0810186252903708,0.028579964654450275,-0.05243866063592052,0.0866188495195642,0.012493098838392606,-0.07412575068117158,0.0859496408579371,0.012845444441498464,-0.07310419641643864,0.0222925516789832,0.004671947466466906,-0.017620604212516294,0.0655684029782852,0.009833001489355349,-0.05573540148892985,0.0641617119247902,0.010429785821822512,-0.05373192610296769,0.0921376274230321,-0.015656923026203414,-0.10779455044923551,,0.005974491399717197,,0.0828537104971885,0.010295136153693355,-0.07255857434349514,,0.004246018703599617,,,-0.0020491587970196882,,0.0635348459819571,0.00652494642746084,-0.057009899554496264,,-0.003204186725446911,,0.0373715638087491,0.013465530532315055,-0.023906033276434042,0.1520660833774349,0.019734997391063578,-0.13233108598637133,0.11064672107583,0.02008642926113051,-0.09056029181469949,0.0602948287679519,0.010667040874936164,-0.04962778789301574,,0.026714434730295163,,0.0628704849476268,0.01730517170799918,-0.04556531323962762,,-0.046087372572948815,,0.0489648917398016,0.015232091591523469,-0.03373280014827813,0.0417797990129912,0.015385107938003115,-0.026394691074988083,0.0695967359542487,-0.017110447964031463,-0.08670718391828017,-0.0330471046998002,0.01681719566670234,0.04986430036650254,,0.029448875887141103,,0.0453523919177746,0.005974793031759054,-0.039377598886015545,0.1074492666948733,0.01802869744549156,-0.08942056924938174,0.1119813880465988,0.013567889409953229,-0.09841349863664557,0.1343413706852734,0.014734375756506823,-0.11960699492876659,0.0253123050602509,0.005894539370017166,-0.019417765690233735,0.1084132550069625,0.017363514115562573,-0.09104974089139993,0.1088230794625075,0.01883099829493869,-0.08999208116756881,0.185285615964024,-0.006573708473546408,-0.1918593244375704,0.0738107183223183,0.009447118605790434,-0.06436359971652786,,0.006702254923136298,,,-0.0216635721437046,,0.0724599890704213,0.006125879130099423,-0.06633410994032188,0.0697608985250433,0.00787239487774116,-0.06188850364730214,0.0338522482071523,-0.0023994071087692025,-0.0362516553159215,0.2094391772536565,0.024355220525172784,-0.1850839567284837,,0.009984675382351916,,0.0712301318617352,0.009027386381302082,-0.062202745480433114,0.098512674040119,0.004185415777539816,-0.09432725826257918,0.0982362622479339,0.004616529437822968,-0.09361973281011093,0.085029373028628,-0.005015573904347751,-0.09004494693297574,0.0460889604296012,0.004535548110945283,-0.04155341231865592,0.0440868826610018,0.005164902982739259,-0.038921979678262546,0.011588947705461,-0.046282490322514594,-0.05787143802797559,0.0471766310789176,0.011698914102844076,-0.03547771697607352,,0.037420080313346885,,0.0615130168150361,0.021788628582243653,-0.039724388232792444,0.007665177823567,-0.0018752798999181368,-0.009540457723485137,-0.0181728783321401,0.0049962050589632155,0.023169083391103316,0.0250425302135827,0.012504456658744488,-0.012538073554838212,0.0218276870446774,0.01260715089936288,-0.009220536145314519,0.0750332284363515,-0.0034448734888567066,-0.07847810192520821,,0.01352971082679248,,0.119441106601102,0.017876962614823848,-0.10156414398627817,0.0789633055796385,0.011945333724679595,-0.0670179718549589,0.0846189284088724,0.01246261002054653,-0.07215631838832587,0.0257490031908854,0.002710908572982761,-0.02303809461790264,0.0478143254482996,0.008754485037074291,-0.0390598404112253,,0.006099443100066856,,0.1252405974762696,-0.009126476105189529,-0.1343670735814591,0.034754974493361,0.0073525800960382885,-0.02740239439732271,0.0392342812629217,0.007339122400311986,-0.03189515886260971,0.0385208238873069,-0.0009847686504861001,-0.039505592537793,0.0759772037322074,0.012499343366342367,-0.06347786036586503,0.0748146197812156,0.013008586371920216,-0.061806033409295386,-0.0104054532743524,-0.012917002853987265,-0.0025115495796348645
2011-02-01,,0.01821645655544893,,0.0775078695159631,0.019309026395972012,-0.05819884311999109,,0.006683840359156124,,-0.0243225961336587,0.011208193204490235,0.03553078933814893,0.01496718574267,0.033064402206066316,0.018097216463396317,0.0219812904250824,0.016444295928901096,-0.005536994496181304,0.0239521840303699,0.016948481181882552,-0.007003702848487347,0.0551354926917927,0.0013210634859801365,-0.053814429205812565,0.0310366398832377,0.016711006247272297,-0.014325633635965403,0.0316620118855338,0.017197262371129892,-0.01446474951440391,0.045261338291543,-0.00794870712074974,-0.05321004541229274,,-0.0018738987594574595,,0.0597127576148762,0.014029320573917979,-0.045683437040958216,,-6.465256686026222e-05,,,-0.009985733689901827,,-0.0002606981651657,0.009659691755796913,0.009920389920962613,,-0.017342224297777816,,0.0374095594221349,0.015565734432103228,-0.021843824990031672,0.0569589826683593,0.016016879182454372,-0.04094210348590492,0.0477870301512907,0.01871146449524355,-0.029075565656047152,-0.0085000038861676,0.005708038045268362,0.014208041931435962,,0.02284176249227992,,0.0705458791546264,0.01854250335702173,-0.05200337579760467,,-0.05336125765089514,,0.0606156595852707,0.024240358112969873,-0.03637530147230083,0.0620823034325455,0.02478014360563921,-0.03730215982690629,0.0247049666492835,-0.005916235500474851,-0.03062120214975835,0.0464948955918353,0.020801407523962114,-0.025693488067873183,,0.018890818409981133,,-0.0148302760639894,0.005333169742483544,0.020163445806472946,0.0016109383219819,0.011430072714397003,0.009819134392415102,0.0223207723222793,0.012010350580090109,-0.01031042174218919,0.0212265159297289,0.012259586280138735,-0.008966929649590165,0.0045107850747748,-0.007159264836099082,-0.011670049910873882,0.0447920348715735,0.017775597577496523,-0.02701643729407698,0.0527872348627997,0.019167121830101337,-0.033620113032698365,-0.0442602980616175,-0.015239968545769202,0.0290203295158483,0.0284167292160119,0.013774048906124964,-0.014642680309886937,,0.008323207356189837,,,-0.025697450195970393,,0.0052779193421494,0.007306675984839576,0.002028756642690176,0.0058774594674473,0.008672004556034068,0.002794545088586768,-0.0171672821868221,0.03213669412237544,0.049303976309197535,-0.0222349224094522,0.0333776942043386,0.0556126166137908,,0.0034154839478941997,,-0.0198857111131533,0.006136939640274377,0.026022650753427676,0.06639021159564,0.0033476624296772165,-0.06304254916596279,0.0629154564299254,0.0012995179620321027,-0.061615938467893296,0.08804327914913,-0.0033838873469673285,-0.09142716649609733,-0.0130072916720246,0.007899699737584812,0.020906991409609412,-0.0121043757794962,0.00809499318996654,0.02019936896946274,0.1177168304995742,-0.038604913107751396,-0.1563217436073256,-0.1150129223038875,0.019889300145636214,0.1349022224495237,,0.033643274410930624,,0.0061464853380818,0.02022436930522403,0.01407788396714223,-0.0655806498825409,0.004763623348108444,0.07034427323064935,-0.0206994393218729,0.009770567327381303,0.030470006649254203,-0.0035326156252918,0.013183523528741109,0.01671613915403291,0.002386071489561,0.01376969656499966,0.01138362507543866,-0.0381918512612312,-0.008537125486281152,0.02965472577495005,,0.017564125894995456,,0.0952621059583568,0.019556687476653713,-0.07570541848170309,0.0180729518495468,0.013503217047567876,-0.004569734801978925,0.0188410057099164,0.01499388736029023,-0.00384711834962617,-0.0036131215853871,0.002715571221248744,0.0063286928066358435,-0.0004759349653375,0.012211619368690108,0.012687554334027608,0.0034578078001567,0.008623559907610295,0.0051657521074535955,-0.0294333012164372,-0.012353944276555394,0.017079356939881808,0.0072990747251159,0.008451413360698254,0.0011523386355823543,0.0043935831281153,0.008758367263668899,0.004364784135553599,-0.0161656059918011,-0.00016356018275637951,0.01600204580904472,0.0317414705428968,0.010590295310670307,-0.02115117523222649,0.0344474959771639,0.011221710267022338,-0.023225785710141562,0.0809485631477754,-0.007821939174677387,-0.08877050232245279
2011-03-01,,0.0458956506201769,,0.0397953378708222,-0.002495558925481943,-0.04229089679630414,,0.01473245795202434,,0.086082619606195,0.010295204488976736,-0.07578741511721826,-0.0651755008412553,-0.0004053494102561742,0.06477015143099912,0.0441026520210405,0.000245815135853499,-0.043856836885187,0.0444768715810201,0.0008507398396703288,-0.04362613174134977,0.0042321610366535,-0.01319217392182948,-0.01742433495848298,0.0186562263940502,0.014783407625362767,-0.0038728187686874332,0.0163450666921403,0.015602529444335472,-0.0007425372478048267,0.0110073080498376,-0.0188526018367568,-0.0298599098865944,,-7.688416932234323e-05,,0.0422912711904319,0.002948016645554222,-0.03934325454487768,,0.014960730931173042,,,-0.022819451752659033,,0.0578979083400917,0.0034859228688082404,-0.05441198547128346,,-0.017458125683236042,,-0.0605255144439546,0.0011067539724383282,0.061632268416392924,0.0063527198747293,-0.0006099384145851681,-0.006962658289314468,0.0316835727976909,-0.003290065013078069,-0.03497363781076897,0.0210318023804252,-0.0013014714869894889,-0.02233327386741469,,0.03840904842843061,,0.0581277413757892,0.006578424254219796,-0.051549317121569405,,-0.053766287543659606,,0.0463393598439413,0.021579952923353365,-0.024759406920587937,0.0408259840460106,0.022773725279079872,-0.01805225876693073,-0.0338747274192285,-0.01409695149148768,0.01977777592774082,0.0083658513993659,0.00701595901134826,-0.0013498923880176407,,0.002560832200922871,,0.0749862399967157,0.008997569987221933,-0.06598867000949377,0.0191667562654406,-0.009748102215937275,-0.028914858481377877,0.0413608399284621,-0.0033811247566326217,-0.044741964685094726,0.0388334616274403,-0.004347475251711957,-0.043180936879152254,0.0227252642220114,-0.012432684960853858,-0.03515794918286526,0.0354855743225917,0.0025241091353375195,-0.03296146518725418,0.0284670942994507,0.0032232115148842348,-0.025243882784566463,-0.0149615749832401,-0.030574944055450918,-0.015613369072210817,0.0425960587945704,0.008766571710596095,-0.033829487083974305,,0.02292123938067475,,,0.026821552778412246,,0.0494128578068579,0.009352000464793755,-0.040060857342064146,0.052187024966678,0.007172084191430344,-0.045014940775247654,-0.0227656007389558,0.015746345907611592,0.03851194664656739,-0.0511369883535479,-0.004299210451079538,0.04683777790246836,,-0.041678186401895266,,0.0804476257336173,0.010709161463699766,-0.06973846426991753,0.0819884120506054,0.004836956915900191,-0.07715145513470521,0.0832066191862749,0.013592678594729157,-0.06961394059154574,0.1034137089635646,-0.01980979046465441,-0.123223499428219,0.0203063809013545,0.012690031013647438,-0.007616349887707062,0.0203831175609425,0.01341952574251631,-0.0069635918184261895,-0.0548755318875953,-0.029475830926862127,0.025399700960733174,0.096028619973465,0.015001549449364082,-0.08102707052410092,,-0.018933057826458936,,0.0985265072835096,-0.0089252506771663,-0.10745175796067591,0.0479188961386737,0.0200474802721343,-0.0278714158665394,0.0448900568251448,0.015931016677458065,-0.028959040147686733,0.0090034679161301,0.010516424871256409,0.001512956955126309,-0.0002954440973743,0.012528544337385822,0.012823988434760122,-0.0042678275489488,-0.04059023670566637,-0.03632240915671757,,0.014496192386154572,,0.0545306310214182,0.00010770154760226447,-0.05442292947381593,0.0314215594421261,0.002310016369304032,-0.029111543072822068,0.0263730501780656,0.004134924917856219,-0.02223812526020938,0.0486551669344074,-0.016598620917036257,-0.06525378785144366,0.0245420018838166,0.008773405928012233,-0.01576859595580437,,0.01677672144077754,,-0.0245820672242789,-0.03721623348265238,-0.012634166258373478,0.0327037803581814,0.0047117744965542475,-0.027992005861627155,0.0429286639365913,0.00603747224366621,-0.036891191692925096,0.0148415274221388,0.0015354251477975576,-0.013306102274341243,0.0304338355706218,0.004060945446751841,-0.02637289012386996,0.0207176851972256,0.005911456930269163,-0.014806228266956437,0.0322639118626339,-0.006051405995858988,-0.03831531785849289
2011-04-01,,0.011662747895641526,,-0.0148892449435918,0.0016476302066466796,0.01653687515023848,,0.007426228600500032,,-0.054376230664289,0.008772120794310261,0.06314835145859926,0.0071465549989921,0.010190390001035924,0.0030438350020438234,-0.0041776228541298,0.0007352281389902351,0.004912850993120035,-0.0044411639483182,0.0005859503803200696,0.0050271143286382694,-0.0107934941764863,-0.00822469087847472,0.0025688032980115804,-0.0095028388382296,0.010592291495528046,0.020095130333757646,-0.0139390305633272,0.011263751989052787,0.02520278255237999,-0.0269608022275402,-0.016650495224913506,0.010310307002626695,,-3.389835391828886e-05,,0.0037762476708239,0.0029492437012056225,-0.0008270039696182774,,0.004973024821633939,,,-0.017157153563037736,,0.0194278871516312,0.0026668880051261834,-0.016760999146505015,,-0.008946813105234076,,-0.0420794350204827,0.0003084467780705833,0.04238788179855328,-0.0045591801067174,0.005095366120945662,0.009654546227663062,0.0364862308238947,0.0014677166535550436,-0.03501851417033965,0.0043499983189614,0.001984062620839722,-0.0023659356981216777,,0.03823720960948226,,0.0469549370602161,0.010366212313087654,-0.036588724747128445,,-0.04475723502097611,,-0.0317403552378337,0.017890195354409142,0.04963055059224285,-0.0312555154075535,0.018624088856008383,0.04987960426356189,-0.0235157308534296,-0.014293720337588255,0.009222010515841345,-0.0172285174236072,0.009924857491587396,0.027153374915194595,,0.038129440232540744,,0.0082682082857917,0.005714312701295006,-0.0025538955844966946,0.0344760021220165,-0.0006739556193675694,-0.03514995774138407,-0.016547054197383,0.0017129418796455074,0.01825999607702851,-0.0270145881263862,0.0012564932272089292,0.02827108135359513,-0.00736954187974,-0.0016135132361169893,0.005756028643623011,0.0410030313156341,0.0055919459398185555,-0.03541108537581554,0.0389147967602364,0.006519914857553261,-0.032394881902683144,0.0003230422627277,-0.017921905879058554,-0.018244948141786253,0.0111013032284056,0.005944668902373419,-0.005156634326032181,,0.012238296038080273,,,0.011862277736004768,,0.0061709849931106,0.005262527521937032,-0.0009084574711735677,0.0048709683241776,0.005499702164939829,0.0006287338407622283,0.0365555120308141,0.017733583335091292,-0.018821928695722807,-0.0757025625143205,0.0008748449351441908,0.07657740744946469,,-0.024793270442622077,,0.0346590047238872,0.0074865980023726235,-0.027172406721514577,0.0082708739365458,-0.00029948788477893076,-0.00857036182132473,0.003958242789061,0.003684524014138315,-0.00027371877492268553,-0.0423630790190974,-0.014332060259859685,0.02803101875923772,0.0306426310084194,0.006735720587175681,-0.02390691042124372,0.0311440385959093,0.0073824444767061495,-0.02376159411920315,-0.0509835922326373,-0.032873674127107094,0.018109918105530205,0.0011622435318611,0.014712544763695155,0.013550301231834054,,-0.002394881377234292,,0.0566922245999037,0.00036562332047593586,-0.05632660127942777,0.0128298793227393,0.005785513153513604,-0.007044366169225696,0.036178370385368,0.006475191336704739,-0.029703179048663264,0.0045262992397395,0.010402729895180256,0.005876430655440756,-0.0014004029807302,0.011474805995021405,0.012875208975751605,0.0322385364708827,-0.023166164063042123,-0.05540470053392482,,0.007838926071916812,,-0.0373629992628569,0.00215318441808495,0.03951618368094185,-0.02019701764875,0.002966615023377371,0.02316363267212737,-0.0278471810762682,0.004405567053069445,0.03225274812933764,-0.0141718132894242,-0.011626542414697317,0.0025452708747268835,0.0183709102434511,0.004640131912571056,-0.013730778330880045,,0.005897716087446632,,0.0426821370262535,-0.01995130875863925,-0.06263344578489274,0.0092693524984421,0.0023228171900113647,-0.006946535308430735,0.003961663215467,0.0036428635879363572,-0.0003187996275306427,0.0089136586072591,-0.003991232845648027,-0.012904891452907127,0.0142641947419026,0.00507371389645696,-0.009190480845445638,0.0129243464905032,0.006092077254044436,-0.006832269236458764,-0.0217215347996129,-0.003312857510592167,0.018408677289020733
2011-05-01,,0.02205248591793109,,0.0279691683826796,-0.0030961819820070945,-0.031065350364686693,,0.01635250768759042,,0.0881102044482108,0.00695858016223451,-0.08115162428597629,0.044759967357641,0.0025649148791044817,-0.04219505247853651,0.0015756410535841,0.0003542508423872351,-0.0012213902111968648,0.0011853087303171,0.001150814883440792,-3.449384687630782e-05,-0.0179985601532464,-0.00662940407732782,0.011369156075918579,0.0143843805841027,0.010187573909677032,-0.004196806674425669,0.012778525655069,0.011131809195450265,-0.0016467164596187349,-0.0146508283884701,-0.022892424119630956,-0.008241595731160857,,0.004814226074304786,,0.0324474835600829,0.0007387714159315802,-0.03170871214415132,,0.013257478763124005,,-0.0896131219049967,-0.015952411740833485,0.07366071016416323,0.031980795879094,0.003879021555763482,-0.028101774323330518,,-0.014589591731776102,,0.0147930108940649,0.001087105045425029,-0.013705905848639871,0.0080948122012159,0.009239529977260236,0.0011447177760443364,-0.0104270126523827,0.0019309141477725604,0.01235792680015526,0.0485516669417315,0.0025341342092013277,-0.04601753273253017,,0.014363353187928276,,-0.0435575086114738,0.003897445857093625,0.04745495446856742,,-0.05343665830230233,,0.0343718923347989,0.012381283141954535,-0.021990609192844363,0.0351626027318279,0.01313393229716976,-0.022028670434658136,-0.0461468650531038,-0.020200898040817577,0.025945967012286224,0.0761501463955206,0.005099076351104493,-0.07105107004441612,,-0.0013245568785328027,,0.0465767054534923,0.004646186635207936,-0.041930518818284364,0.0335154115738637,-0.0014882530370779023,-0.03500366461094161,0.0232034122202272,0.0013282336454035152,-0.021875178574823684,0.0241575238180593,0.0017292810836927815,-0.02242824273436652,0.0095534311268259,0.0043959017083334394,-0.00515752941849246,0.017878439481501,0.003592623314352202,-0.0142858161671488,0.0208867495411072,0.0042203669498545315,-0.01666638259125267,-0.0582112063926193,-0.02191557195112663,0.03629563444149267,0.043840171224403,0.0063281258030872525,-0.03751204542131575,,0.019189108746996242,,,0.025064370657055194,,0.0529987849781385,0.008029871029496115,-0.044968913948642386,0.0519589698449757,0.008973516627981744,-0.04298545321699396,-0.0611984448834174,0.007301381872917831,0.06849982675633523,-0.0020220951690501,-0.003390919205455003,-0.0013688240364049028,,-0.03584391224790108,,0.0181070985098023,0.008927188666234452,-0.009179909843567848,0.0103526413993725,0.007775734647651033,-0.0025769067517214667,0.0159427884940681,0.015838575504703578,-0.00010421298936452023,-0.0309906101290261,-0.01332376912481565,0.01766684100421045,0.0737616097011456,0.009515005012242565,-0.06424660468890304,0.0746899353376528,0.01035666446925248,-0.06433327086840031,-0.0202827396032185,-0.0340509406438531,-0.013768201040634597,0.0113283554468466,0.006053449344081981,-0.005274906102764619,,-0.023964446232210085,,0.0176466116691603,-0.0005850234847322986,-0.0182316351538926,0.0407315732486669,0.009907029338196621,-0.03082454391047028,0.0149133254380489,0.01065837285860706,-0.004254952579441841,0.0541531385289248,0.012474055713932626,-0.04167908281499218,0.055477770101792,0.013569520780210278,-0.04190824932158172,-0.0340336152240524,-0.029020956786635143,0.005012658437417255,,0.002031932315389666,,0.013956190167623,-0.0038952789013948818,-0.017851469069017883,0.0166815274825052,0.002643284032564615,-0.014038243449940585,0.0111449819910017,0.0035858140393801047,-0.007559167951621596,0.0068658310245148,-0.012884303536428497,-0.019750134560943298,0.0255134716086,0.005869805037620775,-0.019643666570979226,0.0288350535873471,0.011329379941038773,-0.017505673646308326,-0.0228796937001067,-0.018073515107590567,0.004806178592516135,0.0409444474696115,0.0046299244466568214,-0.036314523022954674,0.0455551988216175,0.006044694534141833,-0.03951050428747567,0.0154978000931782,-0.00020973345619792203,-0.015707533549376124,0.040623368443577,0.006029582178498286,-0.03459378626507872,0.0454308158896156,0.00734659609995132,-0.03808421978966428,-0.040330142362061,-0.009132252438327878,0.03119788992373312
2011-06-01,,0.032029751708140895,,-0.0276018104839354,-0.0038032278492838843,0.023798582634651514,,0.018578733440898495,,0.0105925433672242,0.005976176154250395,-0.004616367212973805,-0.0409964466412063,0.001996178560833274,0.04299262520203958,-0.0326353084586225,0.002489397308157677,0.03512470576678018,-0.0330213746936677,0.003866224175109538,0.03688759886877724,-0.0057676448233614,-0.006047060001988427,-0.0002794151786270271,-0.0222455896327029,0.010794882861298878,0.03304047249400178,-0.0214718736630752,0.011900267504356986,0.03337214116743219,-0.0824281069033775,-0.024255868173350077,0.05817223873002742,,0.0032167161064787847,,-0.0150370435368856,0.001188194447146902,0.0162252379840325,,0.013923485848866483,,0.0085800974324465,-0.018040863894081615,-0.026620961326528116,0.0011011002774634,0.004023255899576855,0.0029221556221134546,,-0.024758477031105633,,-0.03365091373698,0.0043589139939979775,0.03800982773097798,-0.015622230838436,0.012271473460681524,0.027893704299117524,-0.0289200120977807,0.0050907124676108475,0.034010724565391545,0.0339029679905449,0.0032481401125420747,-0.030654827878002826,,-0.003552641731451204,,-0.0399266069699321,0.0017895663760484916,0.041716173345980594,,-0.058250400165387746,,-0.0096879786459122,0.012576213984996865,0.022264192630909063,-0.0070872532517705,0.01338246917537328,0.02046972242714378,-0.0773281684154222,-0.01935671490580038,0.05797145350962182,-0.0082482824569554,0.0027997019593382242,0.011047984416293625,,-0.01062382709523218,,0.0085353241657621,0.004020430447209714,-0.004514893718552387,0.0328022444757393,-0.0025899603385502817,-0.035392204814289584,-0.0246859446498404,0.0028432860308047463,0.027529230680645146,-0.0274478515698121,0.003420832159669599,0.030868683729481698,0.1237937850577975,0.004318875582555847,-0.11947490947524166,-0.0598673826194253,0.005386469416032288,0.06525385203545758,-0.0614948548600653,0.006090980972136087,0.06758583583220139,-0.015898525852631,-0.02783736687782152,-0.011938841025190518,-0.0227744388786175,0.009393236521321313,0.03216767539993881,,0.022051883746997403,,,0.024091606338715592,,0.0084014097148804,0.00859037125516609,0.00018896154028569083,0.0098858688485226,0.011067599092233382,0.0011817302437107814,-0.003747814750474,0.012333435497850083,0.016081250248324082,-0.0421688194357905,0.0007004736985930682,0.04286929313438356,,-0.05070612882666481,,-0.0288836118951223,0.009147131883300335,0.03803074377842264,-0.0474070924886513,0.012250007558442376,0.059657100047093674,-0.0532220787840366,0.01945448078876376,0.07267655957280036,-0.0865992476619295,-0.009002534939772364,0.07759671272215714,0.0275298841702074,0.011779581785539492,-0.01575030238466791,0.0284864192034975,0.012854773962789811,-0.01563164524070769,-0.0079578180948071,-0.041525596099523235,-0.03356777800471614,-0.0592072098292036,0.0007752796836493266,0.05998248951285293,,-0.04229178479592338,,-0.003099833260718,0.0002572229005595335,0.0033570561612775336,-0.0141438682887665,0.011495362510796244,0.025639230799562745,0.0425735354866264,0.012741447862648077,-0.029832087623978324,-0.0055304293397809,0.015513279637390527,0.02104370897717143,-0.0086225464566388,0.01660774260841859,0.025230289065057393,-0.0601401021126993,-0.029967597031711042,0.03017250508098826,,-0.003353983236542254,,-0.0528245567375826,-0.004371734284838711,0.04845282245274389,-0.0117601049155054,0.0035667920865776336,0.015326897002083032,-0.0148439250117456,0.004536096289914485,0.019380021301660083,-0.0015641667601017,-0.012214136216528598,-0.010649969456426898,-0.0048909045569539,0.008053779139433186,0.012944683696387085,-0.0021104732601337,0.011688083252100981,0.013798556512234682,-0.0570997956910061,-0.021128957359604815,0.035970838331401286,0.020610477391794,0.005569244238526007,-0.015041233153267991,0.0286780819114317,0.006945684328825564,-0.021732397582606134,-0.0156739253462852,0.0014685321852371095,0.01714245753152231,0.0104563444468293,0.0062690000816429635,-0.004187344365186337,0.0203410125727519,0.00760718253734598,-0.01273383003540592,0.0322958757175281,-0.011497088287251926,-0.04379296400478003
2011-07-01,,0.024860482675230975,,-0.0200215307903663,-0.006057003377646226,0.013964527412720074,,0.019266647685321946,,0.0576405594563005,0.0056252744409271745,-0.05201528501537332,0.0112829133921712,-0.0007625641541876059,-0.012045477546358806,-0.0195286837022761,0.0001377995931514247,0.019666483295427525,-0.0197742902558652,0.0013982559999126268,0.021172546255777826,-0.0257571363865184,-0.005871051272326988,0.01988608511419141,-0.0173994419721847,0.00883181368540089,0.02623125565758559,-0.0168630491119733,0.009963268459279825,0.026826317571253123,-0.0491212540252772,-0.0265172393557003,0.0226040146695769,-0.0260160668545406,0.005563897299868987,0.031579964154409584,-0.0146613128416309,-0.0006950819057961622,0.013966230935834737,,0.015293274657835516,,0.0015275658580551,-0.016466436982320018,-0.01799400284037512,-0.0084870658842675,0.003121233005407016,0.011608298889674516,,-0.020089502390495492,,-0.0341427794946981,0.0021148909949192506,0.03625767048961735,-0.0506885381401622,0.012301822741633918,0.06299036088179612,-0.0214197845675764,0.003569208131334901,0.024988992698911302,-0.0271950726761983,0.0037987390464419807,0.03099381172264028,,-0.0015567642607720207,,0.0128658413794374,0.0006853976269517136,-0.012180443752485686,,-0.05610887077031632,,-0.0401507638209418,0.00962567259134434,0.04977643641228614,-0.0368358496018776,0.010350568364919384,0.047186417966796984,-0.0220158678361428,-0.022687195776235236,-0.0006713279400924373,-0.0136986213991253,0.001336303529991607,0.015034924929116907,,-0.008875353350491194,,-0.0134813028348522,0.0038489331080285762,0.017330235942880776,-0.0280580942945297,-0.0018771023307933177,0.026180991963736383,-0.0074540402042116,0.0022024945468110033,0.009656534751022603,0.0017051883748777,0.00298087068592093,0.00127568231104323,-0.0250816984000711,0.008413443883716556,0.03349514228378766,-0.006310012329072,0.003833700038198012,0.010143712367270012,-0.0016990040248903,0.004461884807843735,0.006160888832734034,-0.0040286331570038,-0.025179004055710382,-0.021150370898706583,-0.0044768362300053,0.0073099533856121725,0.011786789615617473,,0.021782485836653775,,,0.028967423458486033,,-0.016560397335643,0.008255937600417887,0.024816334936060887,-0.015768694802656,0.01065855886503056,0.02642725366768656,-0.0379732897950177,0.003935732278408436,0.04190902207342613,-0.0403902316149161,-0.004434819528778666,0.03595541208613744,,-0.049306380210516206,,0.0302368872618874,0.00957436419217985,-0.02066252306970755,-0.0195930648699432,0.011935693580844566,0.031528758450787765,-0.0149381238116856,0.020435928531593348,0.03537405234327895,-0.0944260149928404,-0.010489037649036533,0.08393697734380387,-0.0199567900868652,0.01070001497979919,0.03065680506666439,-0.0183289824546085,0.011843399944977255,0.030172382399585758,-0.0972140985632101,-0.04082683566104806,0.05638726290216204,-0.0534900054754886,-0.000968078582868515,0.052521926892620086,,-0.04288057133649062,,-0.0510526280935647,-0.0007968465700926726,0.05025578152347203,0.0027218599253391,0.009848996726166813,0.007127136800827712,0.0296642149975283,0.011268123172450375,-0.018396091825077926,-0.0111856103605604,0.014846691759250701,0.0260323021198111,-0.0149311792615227,0.01584516236132706,0.030776341622849764,-0.0144805722814407,-0.02982058820203904,-0.01534001592059834,,-0.004989901456527881,,-0.0437602460945883,-0.006769964587883291,0.036990281506705004,-0.0265543783018202,0.002268624889641681,0.02882300319146188,-0.0246398911136636,0.002987571627135833,0.027627462740799434,-0.0016464483134371,-0.01337019627727817,-0.011723747963841069,-0.0025302314869193,0.00633080366259498,0.00886103514951428,-0.0015710591450363,0.011027053475840643,0.012598112620876943,0.0879607508586899,-0.018919399708337448,-0.10688015056702735,-0.0074596166546824,0.004876980524817635,0.012336597179500034,-0.0079441551278961,0.006321846868708861,0.01426600199660496,-0.0061946553788249,0.0008217242559941072,0.007016379634819007,-0.0070580323787423,0.00624670281095238,0.01330473518969468,-0.0043479540889482,0.007576182538566609,0.01192413662751481,0.0005271546434265,-0.011941866568757559,-0.012469021212184059
2011-08-01,,0.01944021095564377,,-0.053960834577426,-0.008839324880507008,0.04512150969691899,,0.026228548374807006,,0.0125126221664163,0.01025410730866126,-0.0022585148577550403,-0.1022489331015589,-0.01056815348335178,0.09168077961820711,-0.0394802681795444,-0.003995537286623366,0.035484730892921035,-0.0404213166153983,-0.0028122120783705268,0.037609104537027774,0.0144192750336921,-0.0055231460127165765,-0.019942421046408677,0.0243854819322887,0.0058548697369450176,-0.018530612195343684,0.0326263076105872,0.006973014128382919,-0.02565329348220428,0.0275658147838443,-0.03383032836728054,-0.061396143151124835,,0.017205252842060623,,-0.0061914469284932,-0.0026327611010264662,0.0035586858274667334,,0.029471989065124583,,0.0429779034006353,-0.007512437688311622,-0.05049034108894692,-0.0402673293073726,0.001859522267781047,0.04212685157515365,,0.001841849135757911,,-0.0372113828724019,-9.593101502930141e-05,0.0371154518573726,-0.0364604915140607,0.008631513029238348,0.04509200454329905,-0.0756361602546923,7.138867253760707e-05,0.0757075489272299,-0.0254180353456795,0.006281616039949163,0.03169965138562866,,0.02879869417787725,,-0.100338451259352,0.0009100909865365019,0.1012485422458885,,-0.051928269574540005,,0.0340401923519779,0.004406808489947972,-0.02963338386202993,0.0463799272050883,0.0050309844660020985,-0.0413489427390862,-0.0442102660805231,-0.03526368567809796,0.008946580402425137,0.0731191746189502,6.363138789384342e-05,-0.07305554323105637,,-0.0260020510849318,,-0.0171803642546845,0.009497356840579466,0.026677721095263965,-0.043779064168232,0.0014335399080159645,0.04521260407624796,-0.0573765294672215,-0.0010021005704684493,0.05637442889675305,-0.0591181590610245,0.00023741109791877577,0.05935557015894328,0.021074826051808,0.010308037815931885,-0.010766788235876115,-0.0696508557270219,0.0007732539088841282,0.07042410963590602,-0.0684755894246329,0.001276540944305745,0.06975213036893865,-0.0424072157092191,-0.018605209104073914,0.023802006605145185,-0.0970146393465187,0.0026313555967626937,0.0996459949432814,,0.02609234655917304,,,0.04063665168502133,,-0.0322215118134005,0.011097285651533112,0.04331879746493361,-0.031742079287004,0.009002042841080967,0.04074412212808497,0.0738631019398186,-0.045897472651855065,-0.11976057459167366,-0.0150153921852317,-0.0182122863660013,-0.0031968941807695994,,-0.027848012580055422,,-0.0278871486517286,0.016240074720493672,0.044127223372222274,-0.0061301349210982,0.01258850575407684,0.018718640675175043,-0.0112103092707546,0.02912639619213426,0.04033670546288886,-0.0012183347694816,-0.022608307214310668,-0.021389972444829066,-0.0295648809111338,0.009974348217760626,0.039539229128894425,-0.0290986221051731,0.011255826781067133,0.040354448886240235,0.0188416942984659,-0.036775696410811465,-0.05561739070927736,0.0464551486499196,-0.0007075753190352563,-0.04716272396895486,,-0.01589013412225319,,-0.0541644594976724,-0.0048812110994327935,0.04928324839823961,-0.0509083844725745,0.015048577903087048,0.06595696237566155,0.0115557465421781,0.01373577313535004,0.0021800265931719402,0.006480558759264,0.009989442547592186,0.0035088837883281866,0.0096391335895247,0.01132786231562593,0.00168872872610123,-0.0099172282664903,-0.03748039392646314,-0.02756316565997284,,0.009651280105091125,,-0.0768909129496159,-0.0047231820469327114,0.07216773090268319,-0.010030151965861,0.0013113240810438424,0.011341476046904842,-0.0132473117236987,0.0012395319240518837,0.014486843647750583,-0.0220037743252508,-0.01578614968067111,0.00621762464457969,-0.049743684494568,0.005583185924056557,0.05532687041862456,-0.0477118499499667,0.020547242929261158,0.06825909287922786,-0.0656024018172611,-0.028332377330117182,0.037270024487143914,-0.0097880841595492,0.0065262981350209465,0.016314382294570145,-0.0057161621646114,0.007294380263911112,0.013010542428522513,-0.0227653472415448,0.004572815807712021,0.02733816304925682,-0.0436196050911669,0.008757916756473527,0.052377521847640426,-0.0445034315460896,0.010742731223237057,0.05524616276932666,0.005386556998588,-0.0191309706424112,-0.024517527640999202
2011-09-01,,0.01345618631055196,,-0.0826881655854921,-0.0012214487957321314,0.08146671678975996,,0.02837417663027937,,-0.0562152792787107,0.010811905206305443,0.06702718448501614,-0.1305758607892105,-0.0008701232269145743,0.12970573756229592,-0.0740416853857073,0.002371291537034614,0.0764129769227419,-0.0742625167115272,0.003902743945237657,0.07816526065676485,-0.0356393787860394,0.0013025230440562086,0.03694190183009561,-0.0546421772337193,0.007071983189839279,0.06171416042355858,-0.0512012867161106,0.008114199757568443,0.05931548647367904,-0.1419330369170363,-0.03220277960711529,0.109730257309921,,0.020966960346862223,,-0.0642073565508689,0.0012883888818157696,0.06549574543268467,,0.029735165703278558,,,0.0003280260473402634,,-0.0308066287722502,0.005849281307434828,0.03665591007968503,,0.004153350308106974,,-0.1264663710437875,0.005743750146366369,0.13221012119015385,-0.1007403329047682,0.016057290083208636,0.11679762298797684,-0.0848435949726174,0.008177230393423244,0.09302082536604064,0.011440039714305,0.008934129442673855,-0.0025059102716311447,,0.019447704072932552,,-0.0885996427673124,0.00343946131923681,0.09203910408654921,,-0.056297189756791516,,-0.0507265434244342,0.00277150031030859,0.05349804373474279,-0.0477069610826223,0.003145117387090108,0.0508520784697124,-0.1053095637948554,-0.03604607239522401,0.0692634913996314,-0.0501437978324891,0.0049200189170294905,0.055063816749518595,,-0.04702818774376584,,-0.0165145654093092,0.00839148766398308,0.02490605307329228,-0.063290977374023,0.010462281682850964,0.07375325905687397,-0.0795542730410474,0.004133432539775558,0.08368770558082296,-0.0867554020744357,0.006326227378373013,0.09308162945280872,-0.0448989836377206,0.013963243796131132,0.058862227433851735,-0.0898486512174756,0.005174584253421141,0.09502323547089674,-0.08220344459226,0.005728256665633804,0.0879317012578938,-0.1890717859166121,-0.012128802410099823,0.17694298350651227,-0.0777786157062012,0.003772064263281883,0.08155067996948309,,0.023838147662937417,,,0.026533580842371434,,-0.0267331680382404,0.01254909239945683,0.039282260437697225,-0.0194466308248555,0.010788656231320918,0.030235287056176417,0.0033937503631629,-0.05077408058356991,-0.0541678309467328,-0.0775263380419744,-0.006124210484104957,0.07140212755786944,,-0.00411065476036801,,-0.1165899931576134,0.015697087548133547,0.13228708070574693,-0.0880436430678705,0.015138236428665054,0.10318187949653557,-0.0855621561980288,0.030917644801699944,0.11647980099972874,-0.0978201390341615,-0.018601835177034735,0.07921830385712676,-0.0176069356520318,0.00909547301940297,0.026702408671434773,-0.01473966729946,0.010082286675033122,0.024821953974493122,-0.1357491015474456,-0.036041201277654165,0.09970790026979143,0.093803550454511,4.8686275754043393e-05,-0.09375486417875696,,0.007928769687018052,,-0.1468914966122014,0.0064676020685890245,0.15335909868079042,-0.0072753617099001,0.01256869331083881,0.01984405502073891,0.015748339842213,0.014307497932700032,-0.0014408419095129684,-0.0229130601223041,0.010219068772149894,0.033132128894453994,-0.0197393620200003,0.011095760499907119,0.03083512251990742,-0.0982107063115324,-0.028929574170594614,0.06928113214093778,,0.013889800069697669,,-0.0839427402280777,0.0014823918049717373,0.08542513203304944,-0.0700089308537888,0.006034620785283277,0.07604355163907207,-0.0764589968183058,0.005513598094928875,0.08197259491323468,-0.1125156182228731,-0.00844743173257958,0.10406818649029352,-0.0502003186616547,0.007633637385286599,0.0578339560469413,-0.0436719543721517,0.022857441138560804,0.0665293955107125,-0.1146398255726363,-0.017191793754985012,0.09744803181765128,0.0168227419509045,0.009951951295596244,-0.0068707906553082555,0.0247248102394423,0.010231921843400956,-0.014492888396041343,-0.0061266500007034,0.006515648651944749,0.012642298652648149,-0.0273040754274403,0.012390926696066416,0.03969500212350671,-0.0200461269453995,0.014171451235596379,0.034217578180995877,-0.0721338539358978,-0.0234071351852706,0.0487267187506272
2011-10-01,,0.011862265289367383,,-0.0672084552830842,0.01944354743463557,0.08665200271771976,,-0.00965055940878609,,-0.0357876953906327,0.007819213272598352,0.04360690866323105,-0.1262569418996521,0.04045121786699513,0.1667081597666472,-0.1135880347125765,0.013658204505889268,0.12724623921846578,-0.1145596933229815,0.012846065250864225,0.12740575857384573,-0.0722595480101114,-0.005872411127276712,0.0663871368828347,-0.0486002084926281,0.01822119737972145,0.06682140587234955,-0.041810326030378,0.01846849285571837,0.060278818886096375,-0.1487154673435167,0.003077189325285713,0.15179265666880243,,-0.018086143627890898,,-0.1939790311791536,0.013586203467317782,0.2075652346464714,,-0.020545408125283524,,,-0.02401763864114047,,-0.0432548203451868,0.0068522678509201915,0.05010708819610699,,-0.028530223027992952,,-0.0782744580192426,0.00941690132673131,0.08769135934597391,-0.1404795844862373,0.008704614213242982,0.14918419869948027,-0.1459032725224542,0.012543921295886676,0.15844719381834088,-0.0349849830930678,4.642615433309157e-05,0.03503140924740089,,0.029673268549236256,,-0.1516994219978283,0.021968653180491838,0.17366807517832014,,-0.04443387447888009,,-0.0223657175938695,0.03358661922920904,0.05595233682307854,-0.0144401860687685,0.03435300061184965,0.04879318668061815,-0.1212859735942832,0.010043644561520113,0.1313296181558033,-0.227817210469911,0.023162221037494657,0.25097943150740565,,0.08543218625460507,,-0.0291646530366052,0.0014055217368173453,0.030570174773422547,-0.0854884503475819,0.0025292026763771703,0.08801765302395907,-0.0942959066156581,0.010018913422145937,0.10431482003780404,-0.094726863544813,0.008398490178619534,0.10312535372343253,-0.1367889451709082,-0.014991940946638837,0.12179700422426937,-0.1663607074935787,0.016770820224566226,0.18313152771814492,-0.1656559327070221,0.018348319686378026,0.18400425239340013,-0.1304735241342679,-0.018852203412352032,0.11162132072191588,-0.1078498155840195,0.01429728881627776,0.12214710440029726,,-0.001393906371891694,,,-0.033321489390727106,,-0.0458557015937048,0.0009217987757844733,0.04677750036948927,-0.0419757889832497,0.004848135021482193,0.04682392400473189,-0.0420569142411435,0.08831113062953067,0.13036804487067416,-0.294816321772129,0.03633462053995823,0.33115094231208725,,-0.016598292865483706,,-0.1360033012582274,-0.0015039326972183082,0.1344993685610091,-0.1264127119583018,-0.00846425317643536,0.11794845878186645,-0.106287841716403,-0.01976708670484556,0.08652075501155744,-0.1534140503402493,0.0012246970672446476,0.15463874740749395,-0.0292915155332613,0.0053238063355207504,0.03461532186878205,-0.0276857499032799,0.005273016838037146,0.03295876674131705,-0.089526200721623,-0.03556446772793949,0.05396173299368351,-0.1024726554130154,0.028889071952843622,0.13136172736585902,,0.017036493120015976,,-0.1283882664280685,0.015271119939488887,0.14365938636755737,-0.0773297968542747,-0.003000243708341256,0.07432955314593344,-0.0486282837326158,0.0020208830134403914,0.05064916674605619,-0.0213508520780736,0.013809343145800467,0.03516019522387406,-0.0111967390559028,0.014371407577245959,0.02556814663314876,-0.0961186709362895,-0.0028208015169010198,0.09329786941938847,,0.007237963621650131,,-0.2081825181818688,0.016256687641700525,0.22443920582356933,-0.1094654376807645,0.00992068388825777,0.11938612156902227,-0.1067282072574847,0.012822553023374351,0.11955076028085906,-0.0829227571049939,-0.0005503430281471425,0.08237241407684676,-0.0994363080724617,0.008301538693033076,0.10773784676549478,-0.0973481672449825,-0.006844422855302627,0.09050374438967988,-0.1662400254653046,-0.009090752018277578,0.157149273447027,-0.0166481316985985,0.001651954641056406,0.018300086339654905,-0.008988283437735,0.0030350016021456192,0.01202328503988062,-0.0540585876279811,-0.009588133372687801,0.0444704542552933,-0.0642311689260562,0.00428031567405386,0.06851148460011006,-0.0514402363573705,0.004185595257161859,0.05562583161453236,-0.2154270632659391,0.008582673583457424,0.22400973684939654
2011-11-01,,0.026552064838473898,,0.1043138291065496,0.0010867608742746305,-0.10322706823227497,,0.01607500297156793,,0.1549341335559685,0.013292234277865604,-0.1416418992781029,0.2033171394229344,0.0032245254521168186,-0.20009261397081757,0.115755318766557,0.002512990460995553,-0.11324232830556144,0.1143312508398979,0.0031766998757098,-0.1111545509641881,-0.0084781211831289,-0.007097701598593241,0.0013804195845356602,0.1146597343260982,0.01002101761106674,-0.10463871671503146,0.1097959389355947,0.010863835323884644,-0.09893210361171005,0.0871175243568564,-0.02373979413731835,-0.11085731849417474,,0.006887649545134825,,0.1741126774910469,0.0041511003434737265,-0.16996157714757315,,0.01869079470330437,,,-0.012049721469295413,,0.0757077128650002,0.0018519350701706285,-0.07385577779482957,,-0.004749887876470691,,0.1971323502838214,0.006087425060750532,-0.19104492522307087,0.2013465762347687,0.005472651728570499,-0.1958739245061982,0.2203060411951075,0.005151417205554076,-0.21515462398955343,0.055070627460329,0.005776548686243384,-0.04929407877408562,,0.04579866921132539,,0.2112751768669682,0.009992797535401929,-0.20128237933156629,,-0.04811071443901006,,0.091960556385879,0.016519936005503413,-0.07544062038037558,0.0868429466109206,0.0172852686001048,-0.0695576780108158,-0.0247569325885333,-0.022635691180720785,0.002121241407812516,0.1491935641590628,0.007152175377302373,-0.14204138878176042,,0.011978848209205644,,0.0583582330887548,0.01161382766225875,-0.04674440542649605,0.1058691673399453,0.0012825804106920376,-0.10458658692925325,0.132532186840136,0.001844537833451928,-0.1306876490066841,0.136061661812023,0.0018417773752744681,-0.13421988443674854,0.1224708463319817,-0.0052434739690560665,-0.12771432030103777,0.22913115036808,0.00783124053901191,-0.22129990982906808,0.2313679428704046,0.008953963306701208,-0.2224139795637034,0.0248988024469896,-0.02227880022421605,-0.047177602671205646,0.1191872408245751,0.008069203572249337,-0.11111803725232576,,0.020311645271488942,,,0.013393472500816336,,0.0500541312041345,0.008931147390055736,-0.041122983814078765,0.0505785354654908,0.006669546804676903,-0.0439089886608139,-0.0772050138126237,-0.020994865314953794,0.0562101484976699,0.3065348728845748,-0.0006740193488280874,-0.3072088922334029,,-0.024302759825227466,,0.1469927959169416,0.014825907961285566,-0.132166887955656,0.1605398008123978,0.006536466960158886,-0.1540033338522389,0.1473199917290011,0.015625294147101242,-0.13169469758189986,0.1419588963913751,-0.01915530987646077,-0.16111420626783587,0.0505227622521551,0.010034521456454223,-0.040488240795700875,0.0489322539650007,0.011162454115229847,-0.03776979984977085,0.0142771108266913,-0.04327534000926596,-0.05755245083595726,0.0607221612302683,0.009294049323271984,-0.05142811190699632,,0.0036870521874240864,,0.1794008943123449,-0.0009337443052074685,-0.18033463861755236,0.1155310801041063,0.014641710913466591,-0.1008893691906397,0.0847291550376027,0.01308552349534472,-0.07164363154225797,0.0826594263556603,0.01032997642535264,-0.07232944993030765,0.0678234808228338,0.011847923432199365,-0.055975557390634444,0.1371562769851916,-0.03154687202568432,-0.1687031490108759,,0.01841158199187512,,0.2092116145945509,0.008405705348615103,-0.2008059092459358,0.1298579752622081,0.0050944157112840505,-0.12476355955092405,0.1375129579810436,0.006021980004876072,-0.13149097797616752,0.065944912961944,-0.011325080007361592,-0.07726999296930559,0.1630221159370723,0.009110435293259632,-0.15391168064381267,0.1610993705702813,0.016405271764178643,-0.14469409880610265,0.0328667088762018,-0.0393969401029436,-0.0722636489791454,0.0511902388922528,0.00594288837585446,-0.04524735051639834,0.0509808361655436,0.006246847725622671,-0.04473398843992093,0.0737397532211345,0.0029031996233067035,-0.0708365535978278,0.1272173499316538,0.008319089342227403,-0.11889826058942639,0.1206263626005321,0.01003768717032629,-0.11058867543020581,0.1263709456285583,-0.014349596316267374,-0.14072054194482567
2011-12-01,,0.0224775868922408,,-0.0148559407683812,0.008491373603086575,0.023347314371467774,-0.0068130448052848,0.014434828121300867,0.021247872926585667,-0.0317081467814098,0.014754360308940843,0.046462507090350644,-0.0680404326937105,0.013485575291313046,0.08152600798502355,-0.0502042933704243,0.008952112535959794,0.059156405906384095,-0.0528073517844559,0.009803966615584981,0.06261131840004087,-0.0099207426918513,-0.002304421788319049,0.007616320903532251,-0.0114645926277619,0.010516729020920863,0.021981321648682765,-0.0096750098471119,0.011309444559805879,0.020984454406917777,-0.067298749507869,-0.021474602349589464,0.04582414715827954,0.0253499454079632,0.006290233476429841,-0.019059711931533357,-0.0101954334235158,0.008542500776694035,0.018737934200209836,,0.015682162771542055,,0.0305776722849889,-0.007770978776640636,-0.03834865106162954,0.0004370423925115,0.0031015993431057535,0.0026645569505942537,,-0.006438512051982825,,0.0111629469063501,0.013346997351122157,0.002184050444772056,0.041456513095447,0.011266371147323687,-0.030190141948123313,0.0117780344124531,0.014442929020112202,0.002664894607659103,0.016875887631794,0.009383079517142349,-0.007492808114651653,,0.04085739635561336,,0.0509528707216613,0.0143251129118623,-0.036627757809798996,,-0.04837157016569018,,-0.0222644022855891,0.01819177224614426,0.04045617453173336,-0.0198018237812867,0.01876325919296013,0.038565082974246837,-0.0202717720783806,-0.020688909329249338,-0.00041713725086873696,-0.0307195798888398,0.010713948599896689,0.04143352848873649,,0.017711390834829192,,0.0223657931000734,0.011993554981270239,-0.01037223811880316,0.0472863832412215,0.008363306795856926,-0.03892307644536458,-0.0402258431403358,0.0076107385335674104,0.047836581673903214,-0.0386610305397146,0.007990984789319781,0.04665201532903438,-0.0357092577138344,-0.005581829728598736,0.030127427985235666,0.0073406058696711,0.014586831592847538,0.007246225723176438,0.0006588896991926,0.016103425738171858,0.015444536038979257,-0.0590826324446797,-0.020027546126728444,0.03905508631795125,0.0150413800494008,0.011370092694719497,-0.003671287354681302,,0.01719323460614867,,,-0.006559939661841431,,-0.0043931024629737,0.008641653540753034,0.013034756003726732,-0.005173120374426,0.00744823591553176,0.01262135628995776,-0.0586517074592156,-0.022016863293165698,0.0366348441660499,-0.0637016097724887,0.01341224388646969,0.0771138536589584,,-0.014281383314128659,,-0.0233503089390225,0.015119022059222907,0.038469330998245406,0.0097418052226351,0.0077953246127231614,-0.001946480609911939,0.0205488893868224,0.01334625986733908,-0.007202629519483321,-0.0441366675552054,-0.013463073794751715,0.030673593760453685,0.0264019551007847,0.009550952456044063,-0.01685100264474064,0.0290726130135937,0.010722448644277911,-0.01835016436931579,-0.1750015221274201,-0.05263796312494212,0.12236355900247797,0.0236292457524721,0.00878913667118745,-0.014840109081284648,,0.018552167435905282,,-0.0060582362939603,0.008544449882410005,0.014602686176370306,-0.0065591164452486,0.011395986175540967,0.017955102620789566,0.0232613909304009,0.012433815023689156,-0.010827575906711743,0.0054279175700428,0.012054415553252339,0.006626497983209538,0.0111404244797048,0.013209623307810538,0.002069198828105738,-0.0700288480093181,-0.02225219113744336,0.04777665687187475,,0.020724813729410332,,-0.0119894883322085,0.01741139928258001,0.02940088761478851,-0.0390865108374177,0.009570793577712977,0.04865730441513068,-0.0451872763039313,0.010369472687457257,0.05555674899138856,-0.018975407722023,-0.004570463025270014,0.014404944696752986,0.0015203846302364,0.011869058901448997,0.010348674271212596,0.0038633318474024,0.014999842273458252,0.011136510426055853,-0.0712819156676152,-0.03854396321518368,0.032737952452431524,0.0070254186425071,0.007761702364581071,0.0007362837220739708,0.0131441025217948,0.007429538511550276,-0.005714564010244523,0.0236905268844209,0.003832548638762481,-0.01985797824565842,0.0133460383841823,0.011107615578596252,-0.002238422805586048,0.0092251282533954,0.01254321803700765,0.0033180897836122512,-0.0635734751526544,-0.017487033509541235,0.04608644164311316
2012-01-01,,0.013988610341439967,,0.0696655111729254,0.015978680970265023,-0.05368683020266037,0.0197990052825939,0.0018056566615475495,-0.017993348621046353,-0.0336622498777273,0.006565054939266562,0.04022730481699386,-0.0190327473836423,0.03308450869474938,0.05211725607839168,0.0310619486152847,0.012657604783203415,-0.018404343832081286,0.0312926029917982,0.012651293044187176,-0.018641309947611026,-0.0215676226422476,-0.002021290116341755,0.019546332525905846,-0.0108825857792305,0.017688373716804626,0.028570959496035126,-0.0109355111742548,0.018104728976900342,0.029040240151155142,-0.0175306928735894,-0.0036294778054720513,0.013901215068117348,0.0346227287947786,-0.0075591984170338454,-0.04218192721181245,-0.0045581323074372,0.011191549445922936,0.015749681753360136,,-0.008742560381237595,,0.0994028173743239,-0.017069250004221832,-0.11647206737854573,0.0492772325552171,0.010167295314186735,-0.03910993724103036,,-0.02348435733680502,,-0.0346761683168414,0.008356899378102644,0.04303306769494404,0.011758403592356,0.013337685821366442,0.0015792822290104421,0.0262482451881623,0.011690779297641458,-0.014557465890520843,0.0189622772697923,0.0005429593010118159,-0.018419317968780484,,0.013701953978842038,,-0.0107226075163168,0.015810891265831097,0.026533498782147898,,-0.053296702427213224,,0.0164046495514397,0.024851820222202798,0.008447170670763098,0.0223016800796523,0.02551362848599498,0.003211948406342681,0.0536271244197557,0.0002337303701410165,-0.053393394049614684,-0.0571014064853305,0.020807657706928676,0.07790906419225918,,0.028903362459873447,,0.0190341940867164,0.00022320050868503485,-0.018810993578031364,0.0256123782243458,0.005489494220990782,-0.020122884003355018,0.0085965540987806,0.009054187408841346,0.00045763331006074687,0.0007864757277476,0.008791327455122533,0.008004851727374933,0.0283725383641631,-0.005159307502283829,-0.03353184586644693,-0.0312130448984009,0.012802502716362674,0.044015547614763575,-0.0283574555129178,0.013821425849910559,0.04217888136282836,-0.038605197978675,-0.015261965636931005,0.023343232341744,-0.0477240124074052,0.01142426856532001,0.05914828097272522,,0.004853167556677076,,,-0.016623449021206216,,0.0213865479403992,0.005075268375344232,-0.016311279565054966,0.0230499089067839,0.008082437688523809,-0.01496747121826009,-0.0194127401076632,0.06586560386419014,0.08527834397185334,-0.0259172449133182,0.02894862345708833,0.05486586837040653,,-0.00557821179061993,,0.0533143029284018,9.276948643880149e-05,-0.053221533441963,-0.000545381420441,-0.0011855171808014327,-0.0006401357603604327,0.0071792656921243,-0.0054045212056478085,-0.01258378689777211,0.0165023141220418,-0.0016039759313711058,-0.018106290053412907,0.052635125574838,0.006502547007032858,-0.046132578567805144,0.0540502887664493,0.006303393060325732,-0.04774689570612357,-0.1184622912917252,-0.02635513051416975,0.09210716077755544,-0.1512582493009315,0.023527724200823996,0.1747859735017555,,0.016706191081526257,,-0.0164363685157973,0.016500067812691366,0.032936436328488666,-0.0636047301071434,0.0008686115906641665,0.06447334169780757,0.047148933777729,0.006233222281688463,-0.04091571149604054,0.0020407101764279,0.013021554799859038,0.010980844623431138,0.0038192967808021,0.01349527090095507,0.00967597412015297,-0.0039767654052251,-0.007978672797420337,-0.004001907392195237,,0.007403140632309842,,-0.0251960166672949,0.009833274058051886,0.03502929072534679,0.01472778750382,0.009936268693279812,-0.004791518810540189,0.0149879682707042,0.011941018970041115,-0.003046949300663085,0.0251709888708293,-0.0008416283400726434,-0.026012617210901944,0.010307147331647,0.008209229398675397,-0.002097917932971604,,0.002123688432484867,,-0.0173687196575412,0.0016480887579742951,0.019016808415515493,0.0379064951934859,0.005250479330326118,-0.03265601586315978,0.0426898326549334,0.006683971455444583,-0.03600586119948882,0.0068864723063217,-0.005240208992801954,-0.012126681299123653,0.0158403869023429,0.006605022699101396,-0.009235364203241503,0.0142805789976887,0.006883766868603898,-0.007396812129084801,-0.0130221203260151,0.0016708098634613362,0.014692930189476436
2012-02-01,,-0.005369789522746952,,0.0488410917203347,0.013268980535987497,-0.0355721111843472,0.0460006390510397,0.0040354658477408205,-0.041965173203298886,0.110322355973981,0.00926681721457604,-0.10105553875940497,0.1595670605811963,0.02852560932254257,-0.13104145125865374,0.0714419014218087,0.01060996692697905,-0.060831934494829654,0.0730833768436624,0.010677253734732326,-0.06240612310893007,0.0499018261349888,0.001394798322838025,-0.04850702781215078,0.0335484662965968,0.00997970164850056,-0.023568764648096242,0.0306361043247551,0.010581049630655582,-0.020055054694099517,0.1138138168140472,-0.013206649142245376,-0.12702046595629257,,-0.00030385685279636166,,0.1354511114656251,0.00895351370814673,-0.12649759775747837,,-0.0024816487169603395,,0.1760959394929982,-0.008796009920704125,-0.18489194941370232,0.0166452440042108,0.004999237543778729,-0.01164600646043207,,-0.010958428839476583,,0.0880031302911152,0.010717671746662426,-0.07728545854445278,0.0888475391464019,0.01743504593799133,-0.07141249320841056,0.0775206286523966,0.017170716220992727,-0.060349912431403877,-0.0064321237295879,0.00831536034198042,0.01474748407156832,,0.021600883383329696,,0.091017858861127,0.016409558867567276,-0.07460829999355972,,-0.044455093775532355,,0.1151272757869836,0.017646314894262848,-0.09748096089272076,0.1108599202402697,0.01792039625977733,-0.09293952398049236,-0.0010518003088913,-0.011937408604539285,-0.010885608295647985,0.1627156308686833,0.015480421905575213,-0.14723520896310807,,0.04977087611638181,,0.0025532587455035,0.003917316679719348,0.001364057934215848,0.0369711644513772,0.013017986161777751,-0.023953178289599447,0.0556368509400328,0.012325656274317646,-0.04331119466571516,0.0592037018282683,0.01286201548613641,-0.046341686342131885,0.0898108673607604,0.004168651521625411,-0.08564221583913499,0.1270414714162361,0.016161476576214733,-0.11087999484002135,0.1308501590503188,0.017644390650704028,-0.11320576839961477,0.0835004076876368,-0.010500602117759305,-0.0940010098053961,0.1435988134332662,0.009897073137705303,-0.1337017402955609,,0.004748289010448162,,,-0.020218504401082017,,0.0393791871713263,0.003830833916247146,-0.03554835325507916,0.0363752410515271,0.007141778602093364,-0.029233462449433735,0.1664895785458496,0.019477996582076124,-0.14701158196377345,0.196167388582052,0.023517265363584464,-0.1726501232184675,,-0.006404294897810954,,0.0615828062603582,0.006165137738379554,-0.055417668521978644,0.0268507068122999,0.0014971267758363796,-0.02535358003646352,0.0193989956446922,-0.0010719167654864616,-0.020470912410178663,0.0967358878670625,-0.0025300336782213308,-0.09926592154528383,0.0174240227966494,0.004349388868599055,-0.013074633928050345,0.0146002247839903,0.005009194082275508,-0.00959103070171479,0.1317867667248247,-0.046979208732481494,-0.1787659754573062,0.0910565500254697,0.012030664329136343,-0.07902588569633336,,0.01907580391762417,,0.1595935748726097,0.01834604580056188,-0.14124752907204782,0.1129142124882057,-0.0041314327822232775,-0.11704564527042897,0.0254808125868956,0.002629236196124435,-0.022851576390771164,0.038445789051042,0.013706374652594389,-0.02473941439844761,0.0398538502721001,0.013827052165582228,-0.026026798106517875,0.0865905869353478,-0.0032629818548785845,-0.08985356879022638,,0.005832045151594365,,0.0716035177974585,0.013973886721306755,-0.05762963107615174,0.0771099350609157,0.00980292689693124,-0.06730700816398445,0.0772692166916949,0.010821102192040143,-0.06644811449965475,0.0574853999927409,0.00023642267418981766,-0.05724897731855109,0.0330884546611871,0.007256539781442192,-0.02583191487974491,,0.00027108291450196934,,0.1558075361156923,-0.008706582940812646,-0.16451411905650495,-0.0262424553204522,0.004621077683274932,0.030863533003727132,-0.0316433164399959,0.005139012834246844,0.03678232927424274,-0.0022510196842254,-0.004215905182481917,-0.0019648854982565176,0.0608252615016109,0.00964113423760952,-0.05118412726400138,0.0565454509790449,0.009923104241597484,-0.04662234673744742,0.1154318071903069,-0.007406928453813334,-0.12283873564412023
2012-03-01,,0.006882926322068811,,0.0392417488822634,0.014804557055996027,-0.024437191826267374,0.0252354525763887,0.0074468203958744554,-0.017788632180514245,0.0743426921891179,0.010733466396527579,-0.06360922579259032,0.0497253231721744,0.027954994293876215,-0.021770328878298186,0.0664085762482029,0.012970534633843797,-0.053438041614359104,0.0684640376116042,0.013444108336090147,-0.05501992927551406,0.0703663961599946,0.0016859576184901004,-0.0686804385415045,0.0603648799689914,0.012090491027276582,-0.04827438894171482,0.061234029816324,0.012713764797235634,-0.04852026501908836,0.0638426032534021,-0.013473559736089855,-0.07731616298949195,,0.0009031784055443897,,0.0116337495248795,0.010763488654978056,-0.0008702608699014437,,0.0018792379484634638,,0.0874505815212054,-0.008123528199819891,-0.09557410972102529,0.0484096894957232,0.006436033774959516,-0.04197365572076368,,-0.012939826346512473,,0.0112740933423659,0.01373876847749286,0.0024646751351269595,0.0612110972988965,0.017349934279393263,-0.043861163019503234,0.0527029471380698,0.018579463722118706,-0.03412348341595109,0.0650843154444424,0.008283762039021524,-0.05680055340542088,,0.021541127888909155,,0.046288211092906,0.016519850664329375,-0.029768360428576623,,-0.04895246446282488,,0.1117076312837571,0.01919911324255947,-0.09250851804119764,0.1195006471554234,0.019573854449488403,-0.09992679270593499,0.0600760692394814,-0.012119681679355955,-0.07219575091883736,0.0872022597880415,0.016235965980635314,-0.07096629380740618,,0.030721219000475856,,0.0097606451067405,0.005574437586808534,-0.004186207519931966,0.0619643785715903,0.012760552166481483,-0.04920382640510882,0.0586012444319803,0.012223543064278555,-0.04637770136770175,0.0643813126299558,0.01282099492483286,-0.05156031770512295,-0.0342757183976919,-0.00012620783973224569,0.03414951055795965,0.0554772570258397,0.01708364577628584,-0.03839361124955386,0.0522750484630086,0.018561400964738767,-0.033713647498269834,-0.019611299241064,-0.013572452206245027,0.006038847034818974,0.0198974496212293,0.011766522658806901,-0.0081309269624224,,0.008253052503847573,,,-0.020907419728327267,,0.0236136064375879,0.00597488121525272,-0.01763872522233518,0.0208707464589729,0.008172239152854477,-0.012698507306118424,-0.0484315259638935,0.01471527086999174,0.06314679683388524,-0.0299903227284821,0.026305894095110027,0.05629621682359213,,-0.004280463978655883,,0.0037890385920831,0.007838576060761014,0.004049537468677914,0.0570920219143484,0.004257222432605833,-0.05283479948174257,0.0525770913850732,0.003225965434971488,-0.049351125950101715,0.0050699025006593,-0.0037186897100649824,-0.008788592210724283,0.0033632047101856,0.006501239883306513,0.003138035173120913,0.0027883912303072,0.007130775698956552,0.004342384468649352,0.0774361827595077,-0.04679050055182496,-0.12422668331133266,-0.0128704041294221,0.01272925053869374,0.02559965466811584,,0.02324265653768981,,0.0465123493797277,0.018594942900630223,-0.02791740647909748,0.0405330731577248,0.0011233261801020032,-0.0394097469776228,0.0250270605695044,0.006806964986275338,-0.01822009558322906,0.0266436688557653,0.013712875431161987,-0.012930793424603314,0.019021288646004,0.014092215292137002,-0.004929073353866999,-0.0311389459199664,-0.00736378067404349,0.023775165245922908,,0.011532530663714725,,-0.0270851944620438,0.016781164682389955,0.04386635914443375,0.0331327746221027,0.011486135500388956,-0.021646639121713745,0.0417281997501773,0.012521922083939447,-0.029206277666237856,0.0197593345404825,0.0010274331688388866,-0.018731901371643614,0.01291650990063,0.01003041264159612,-0.00288609725903388,,0.005735448325826036,,0.0980270590994578,-0.014267723830688712,-0.11229478293014651,0.0193604622157584,0.006851403332808914,-0.012509058882949484,0.0208750651505617,0.007080585288829263,-0.013794479861732437,0.0218816320577953,-0.0010655816455523027,-0.022947213703347603,0.0251046468711389,0.01070170419665688,-0.014402942674482019,0.0245803514744234,0.01127678706940801,-0.01330356440501539,0.0655500912122249,-0.010452583402478975,-0.07600267461470386
2012-04-01,,0.022318860714019773,,0.0237136116499193,0.002977049752499949,-0.02073656189741935,-0.0005076287606378,0.016182685591579725,0.016690314352217524,0.0252499262000759,0.011571971486482683,-0.013677954713593217,0.0093508497165383,0.007268957729436509,-0.0020818919871017916,0.0728046990143574,0.0041581670437799804,-0.06864653197057742,0.0742638328552099,0.004897581421449741,-0.06936625143376016,0.0512926800434947,-0.004660930725309502,-0.0559536107688042,0.0323760538295393,0.010765520679638402,-0.0216105331499009,0.0319403236850673,0.011582485217607269,-0.020357838467460032,0.0097046895575605,-0.02207161082002007,-0.03177630037758057,,0.0071326927261532525,,0.0121448241387021,0.004706003129640335,-0.007438821009061765,,0.016259963149903325,,-0.0272731463382822,-0.010660095637011441,0.016613050701270757,0.018780729276511,0.004040596044131406,-0.014740133232379595,,-0.006591603087532919,,0.0293374413076968,0.006370068074368206,-0.022967373233328595,0.0428098711294922,0.008897875989067352,-0.03391199514042485,0.0328727044784805,0.006779221398577914,-0.026093483079902585,0.01607742118927,0.005445990286598835,-0.010631430902671164,,0.034463775794542496,,-0.0088262392763896,0.009506096294110516,0.018332335570500118,,-0.050805455919663504,,0.0748240024873944,0.015204090225196068,-0.05961991226219834,0.0795514751522369,0.015881193731721487,-0.06367028142051541,-0.0313227399019434,-0.02136968978745612,0.009953050114487279,0.0343227657986772,0.008870926929614746,-0.02545183886906245,,0.0027382748747259967,,0.0269702824347617,0.008988256813064309,-0.017982025621697394,-0.0009757807008466,0.0035992533584280673,0.004575034059274667,0.0429987793086109,0.0034584429517510004,-0.0395403363568599,0.0481800229617666,0.0038422570955998618,-0.04433776586616674,0.0752388679088791,-0.001432149003825087,-0.07667101691270418,-0.0133318704287665,0.00807317817958935,0.02140504860835585,-0.0172449783215677,0.009059741952022348,0.02630472027359005,0.0321570431959783,-0.019373558645985826,-0.051530601841964126,0.035698685297347,0.007845290272909384,-0.027853395024437618,,0.018547454396844586,,,0.011273307220943905,,0.0474529767683823,0.009011578983131398,-0.03844139778525091,0.0493293911821929,0.007792418633535453,-0.041536972548657444,0.0147252371626544,-0.011733172181178888,-0.02645840934383329,-0.0852098709843587,0.0031635655788745673,0.08837343656323327,,-0.01797677638969202,,0.0009175316026915,0.012472056349875164,0.011554524747183664,-0.0374439050183433,0.007063810051902378,0.044507715070245674,-0.0346451389971308,0.015236775118302104,0.049881914115432906,-0.1883761834061911,-0.01598951752548992,0.1723866658807012,0.0325961302414233,0.00934817282361202,-0.02324795741781128,0.0324153231503877,0.010229558357535432,-0.022185764792852267,-0.0183356288250381,-0.03903923170728727,-0.02070360288224917,-0.1127929525132818,0.009700699270059548,0.12249365178334135,,0.0056261910059429675,,0.0538756394222572,0.003324141468544393,-0.050551497953712804,0.0419612834034316,0.01200984217136265,-0.029951441232068953,0.0389913233563826,0.012250174220264027,-0.026741149136118574,0.0543520280114482,0.010856302056328815,-0.043495725955119385,0.0580056861076809,0.01207707928684298,-0.04592860682083792,-0.0373291245391493,-0.02724666997595977,0.01008245456318953,,0.015344624751912544,,0.03614203507533,0.007047565783091432,-0.02909446929223857,0.0367084159506583,0.006040304570813615,-0.03066811137984469,0.0404419060032472,0.006871089126442311,-0.03357081687680489,0.0029771340295367,-0.009093828581354085,-0.012070962610890785,0.0315716799302321,0.008687781266746292,-0.022883898663485808,,0.015271510777936485,,0.0021085111688747,-0.028123658907065537,-0.030232170075940236,0.0070427691764613,0.006608436785186497,-0.0004343323912748033,0.0118168656695657,0.007115191749442912,-0.004701673920122789,-0.0097159131744185,0.0022642892355450635,0.011980202409963564,0.0232400637114358,0.008770590219921062,-0.014469473491514739,0.0260009845789845,0.010261841462970071,-0.01573914311601443,0.0715355909286393,-0.01341022318600507,-0.08494581411464437
2012-05-01,,0.041074355942687095,,-0.0168282335735849,-0.0004260965173113719,0.016402137056273528,-0.0352246229533006,0.02818315967227978,0.06340778262558039,0.0099864594644128,0.015902875760871255,0.005916416296458456,-0.083225404521865,-0.005414820200781579,0.07781058432108343,-0.0232108165879894,0.0026895549077363243,0.025900371495725723,-0.0236392076982186,0.004152309619762666,0.027791517317981268,0.0219539381815733,-0.0054119022650674494,-0.02736584044664075,-0.0113110649530633,0.011457979305510681,0.02276904425857398,-0.0100189471416622,0.01239816875779941,0.02241711589946161,-0.0069771459654739,-0.029699408508181143,-0.022722262542707244,,0.01741495927108179,,-0.0104099380733854,0.0040784764384388635,0.014488414511824265,,0.03471686830437175,,-0.0921694371392618,-0.005408285845219567,0.08676115129404224,0.0244140412910273,0.0047783910780495945,-0.019635650212977706,,0.0032142087255255494,,-0.0189197695479217,0.007426723410436869,0.02634649295835857,0.0218927549742198,0.005455481010034287,-0.01643727396418551,-0.0055985759860273,0.003885434383783163,0.009484010369810463,-0.0208629540904587,0.0062232240329646495,0.02708617812342335,,0.04972357410463059,,-0.0156157535906012,0.006856533591189558,0.022472287181790757,,-0.05626137708060413,,-0.0303916861799268,0.01243716283567392,0.04282884901560072,-0.0287800958553277,0.013270070541094085,0.042050166396421784,-0.0720279180397115,-0.031781901332941835,0.04024601670676966,-0.0362463106207996,0.0063596442109200456,0.042605954831719646,,-0.04473246145960209,,0.0130487130530636,0.014929478200488223,0.0018807651474246224,-0.0060256921605424,0.0025857528839227824,0.008611445044465182,-0.0062914030662064,-0.0006316777001186046,0.0056597253660877955,0.003736517010286,0.00017443893234540424,-0.0035620780779405956,0.0273224121833187,-0.0051636044232614454,-0.03248601660658015,-0.0114417646676836,0.005057969048193467,0.01649973371587707,-0.0167729369399249,0.005799826151937656,0.022572763091862555,-0.0669525878125422,-0.022065434920050548,0.04488715289249165,-0.0234570901514005,0.00689851276195865,0.030355602913359148,,0.029332290829323905,,,0.027234292590998552,,0.0066757427428318,0.014588962073594496,0.007913219330762696,0.0033449481847469,0.008797137303374775,0.0054521891186278745,-0.00189770495732,-0.05345083477657135,-0.05155312981925135,0.034529954284595,-0.007295013446753751,-0.04182496773134875,,-0.009579405903254332,,-0.0343499479937035,0.019758132639404825,0.054108080633108326,-0.0049025230841841,0.01322436289010141,0.01812688597428551,-0.005300671931411,0.030752830663414974,0.036053502594825974,-0.2194725364778607,-0.026899556431397003,0.1925729800464637,0.0147194851614585,0.013020919643358886,-0.0016985655180996144,0.0164625246899959,0.014051024721813604,-0.0024114999681822957,-0.0338760972323513,-0.03516712318900343,-0.0012910259566521337,-0.056763015284318,0.008300676659644533,0.06506369194396253,,0.016790223203695182,,0.0048172143225152,-0.002624256504209691,-0.00744147082672489,0.0001791722216822,0.025126670137085836,0.024947497915403637,0.0052949151747589,0.021127593757087792,0.015832678582328893,0.0179801621769252,0.007996498102497484,-0.009983664074427717,0.0283356917160325,0.009953265587973135,-0.018382426128059366,-0.0569784103548272,-0.04273729560687047,0.01424111474795673,,0.030430463838351244,,-0.0296558754977581,0.008276976249134212,0.037932851746892315,-0.006726318791956,0.00627868345275805,0.01300500224471405,-0.0105485101082606,0.006564923193343523,0.017113433301604124,0.0156318790841107,-0.012160750790046032,-0.027792629874156732,0.0131718276198521,0.01180276491219662,-0.00136906270765548,,0.03082287084608097,,-0.0169286555373364,-0.043797131546522455,-0.026868476009186057,0.0272285510050717,0.010738400331541186,-0.016490150673530515,0.0314480904600361,0.010589996696832974,-0.020858093763203123,-0.0018428973355494,0.00992082657337184,0.01176372390892124,-0.0113418758606183,0.011209551090733063,0.022551426951351365,-0.0153601283441277,0.013718656424654313,0.029078784768782014,-0.0356067336690072,-0.023015161578238647,0.012591572090768551
2012-06-01,,0.0139441068027824,,-0.0513318619633665,0.015271482246569244,0.06660334420993574,-0.0462277732855444,0.0057318159426065695,0.05195958922815097,-0.0528488916492186,0.010460291516905402,0.063309183166124,-0.0788314825518364,0.028518170797701747,0.10734965334953815,-0.1034868700544394,0.012781844889907613,0.11626871494434701,-0.1062478434439151,0.013077509151635826,0.11932535259555092,-0.0380864748740187,-0.0007530440603835437,0.03733343081363515,-0.0766699575975321,0.014598838200043348,0.09126879579757545,-0.0752558785873414,0.01513325450577335,0.09038913309311475,-0.1596519716096576,-0.010030626468670254,0.14962134514098735,,-0.0021478993219868204,,-0.0731953766130088,0.011351892144664743,0.08454726875767354,,-0.0002628609376948924,,-0.148336981520381,-0.011786223257568717,0.13655075826281227,-0.0061891849310565,0.007393118864132082,0.013582303795188582,,-0.015758260184790075,,-0.1550800413129298,0.01220370365785111,0.1672837449707809,-0.0527858420812347,0.013943149743050562,0.06672899182428527,-0.0442407976194806,0.015424504617439017,0.05966530223691961,-0.0475184440710848,0.00533249305302623,0.05285093712411103,,0.0257116769646669,,-0.0688278228775623,0.016955917235673263,0.08578374011323556,,-0.050184462608671314,,-0.050850951927638,0.022643529325300532,0.07349448125293853,-0.0460386939618513,0.02319150245150032,0.06923019641335162,-0.1059868741285886,-0.007729083432253434,0.09825779069633517,-0.1383399843678779,0.017973907725383313,0.15631389209326121,,0.030171836540774034,,-0.0123480432617047,0.005205464405341363,0.017553507667046064,-0.0286227644667179,0.009074664112697441,0.03769742857941534,-0.0917386537907448,0.010203040413163179,0.10194169420390799,-0.0974594380857809,0.010278636964791856,0.10773807505057276,-0.095355233016683,-0.005255517628238174,0.09009971538844483,-0.1013300379297875,0.015565900519555198,0.11689593844934269,-0.1060082687164356,0.016926546097467056,0.12293481481390264,-0.1154779700485101,-0.015684705554495793,0.09979326449401431,-0.0716792840611389,0.012042535555237752,0.08372181961637665,,0.008218812456107697,,,-0.01913707204884,,-0.0434915147287591,0.006115016192806141,0.04960653092156524,-0.0396211076825866,0.007678255904162549,0.047299363586749146,-0.0752294834627872,0.029211557889635528,0.10444104135242273,-0.1771312490660281,0.02651813772423957,0.20364938679026767,,-0.004828732005344924,,-0.0619146769338317,0.006253944975735376,0.06816862190956707,-0.1029045855048159,0.00207985944459619,0.1049844449494121,-0.095820079131932,0.0005758767199289913,0.09639595585186099,-0.1511624867569772,-0.0049863896070004585,0.14617609714997673,-0.0283850301899128,0.007149191565176806,0.03553422175508961,-0.0277234269376145,0.007518986944820208,0.03524241388243471,-0.0467699531134952,-0.03983785024614242,0.006932102867352782,-0.073541021723055,0.017814011889968267,0.09135503361302327,,0.023879322030425087,,-0.0719566320018395,0.016124431049960215,0.0880810630517997,-0.0589016064058814,0.0034579184968718322,0.06235952490275323,-0.0482967315836041,0.007901241313818794,0.05619797289742289,-0.0148770190523596,0.012875465235789828,0.02775248428814943,-0.0005998785182201,0.01349344699623469,0.01409332551445479,-0.0751024743416363,-0.010309083855053932,0.06479339048658238,,0.013754630973515742,,-0.1358032206448199,0.015871191931664665,0.15167441257648456,-0.0681695717159946,0.010986174216604945,0.07915574593259954,-0.0727104752524777,0.012460474059823161,0.08517094931230086,-0.0828153024003753,-0.0003366635620939809,0.08247863883828131,-0.0442120179776291,0.010147837915482714,0.05435985589311182,,0.006289500474121943,,-0.0503127139779294,-0.014276260462058784,0.03603645351587061,-0.0163809373904786,0.006501162224382599,0.0228820996148612,-0.0205547788790159,0.007019021247588342,0.027573800126604243,-0.0139175151537324,-0.001718188144515583,0.012199327009216818,-0.0535655994563077,0.009218791819263954,0.06278439127557166,-0.0503640280047215,0.00985046487199562,0.06021449287671712,-0.0905130509396484,-0.00666783103184501,0.08384521990780339
2012-07-01,,-0.0012615595603858423,,0.0738471685029219,0.006232935011867294,-0.06761423349105461,0.0198967234561456,0.01178765243778038,-0.008109071018365218,-0.1152293222712793,0.009682511541735923,0.12491183381301522,-0.0245425676590214,0.01622782195982162,0.04077038961884302,0.0429386735430817,0.0062901576624388444,-0.03664851588064286,0.0427559033733758,0.00681089747157814,-0.03594500590179766,-0.0129672771514558,0.0005737318253801826,0.013541008976835982,0.0338299357671569,0.007374178880894254,-0.026455756886262644,0.0365416806942206,0.008185012716878822,-0.028356667977341776,0.0005900134997531,-0.021423149786123512,-0.022013163285876613,,0.0066278930401752235,,0.0485224953918591,0.0050967976956510196,-0.043425697696208077,,0.008461738965620495,,-0.0322066880184301,-0.006508297468819495,0.02569839054961061,0.064280881091914,0.0035074996776253415,-0.06077338141428866,,-0.005809345036394366,,0.0150240212857928,0.0083158492475094,-0.006708172038283399,0.0952255222698366,0.016607375431692016,-0.07861814683814458,0.0475646279396237,0.013698405267066144,-0.03386622267255756,0.0040690362303447,0.009268141371179435,0.005199105140834735,,0.02115217730810387,,-0.0428446466036093,0.011367925958665257,0.05421257256227456,,-0.04625174565445902,,0.0131205595480059,0.011745396209416748,-0.001375163338589152,0.0120921586813885,0.012035663049292506,-5.649563209599376e-05,0.0067958280205382,-0.02143708920616976,-0.02823291722670796,-0.0071722983376579,0.00976002879883389,0.01693232713649179,,0.02652293334252947,,0.0164473474802166,0.005799100220821871,-0.01064824725939473,0.0754404563054835,0.01139983672658872,-0.06404061957889479,0.0354954179550499,0.009341866529590341,-0.02615355142545956,0.0396784393406262,0.010377129192014646,-0.02930131014861155,0.0663522285667362,0.008714645227362367,-0.057637583339373834,-0.005026356697266,0.012298918052571084,0.017325274749837083,-0.0065431973566634,0.013547817593121046,0.020091014949784446,0.0656170688844216,-0.012042108508805265,-0.07765917739322686,-0.0039215230471884,0.0075889416212450485,0.011510464668433449,,0.011357634017603526,,,-0.0026467859878630965,,0.0521361939373666,0.005977831554940139,-0.04615836238242646,0.0539886947972007,0.007999537328762067,-0.04598915746843863,-0.0963144612681062,-0.00826978399693863,0.08804467727116756,0.0778462239360235,0.010743798384618974,-0.06710242555140453,,-0.013015773997592054,,0.0504858418328296,0.010091462378749359,-0.04039437945408024,0.0593229193883885,0.006151550861820215,-0.053171368526568286,0.0604421462222425,0.009668891644761523,-0.05077325457748098,0.0176673726359977,-0.007932013444874037,-0.025599386080871735,0.0720201816590574,0.005762626914852241,-0.06625755474420515,0.0710376043149212,0.006757550317260119,-0.06428005399766108,-0.0757367893941107,-0.04781255538416918,0.02792423400994152,0.008914183616629,0.005263735156103672,-0.0036504484605253285,,0.007654313321203126,,0.050559536748381,0.01256343952955459,-0.03799609721882641,0.0135733154485298,0.0005349504188298702,-0.013038365029699931,-0.0316354250116174,0.005493139918434138,0.03712856493005154,0.0426466234731684,0.013058550304905391,-0.02958807316826301,0.0506369995606015,0.013426090196381637,-0.03721090936421986,0.0276565894673833,-0.012230698996616794,-0.039887288464000095,,0.005718665967275279,,0.0366644431146729,0.008747217378391792,-0.02791722573628111,0.0571307600139564,0.007484653499396191,-0.04964610651456021,0.0557363807658536,0.007935256412028814,-0.04780112435382478,0.0564090837059544,-0.003934558014370887,-0.06034364172032528,0.0438950327557236,0.0067310577426645795,-0.03716397501305902,,0.00620026171704656,,0.0192114533043516,-0.014881361121144004,-0.0340928144254956,0.0329999687303617,0.0054029883466004255,-0.027596980383761273,0.028190330726345,0.005837586866583967,-0.022352743859761035,0.054841633145853,-0.0011402096432789636,-0.05598184278913196,0.0174759855267978,0.010153796613205007,-0.007322188913592792,0.022005415458132,0.010929310699088018,-0.011076104759043984,-0.0535652613629119,-0.013139769342221674,0.04042549202069022
2012-08-01,,0.010403782198368782,,-0.0109521647619726,0.01662547422232884,0.02757763898430144,0.0240803615076614,0.0077575039879249855,-0.016322857519736417,0.0283474509461431,0.006989497572660966,-0.021357953373482133,-0.0077461795822011,0.03327451402147679,0.04102069360367789,0.0032004483416701,0.01593497474243673,0.012734526400766631,0.003854525826303,0.01672902361180606,0.01287449778550306,0.0089689387743374,0.0038242595605406586,-0.005144679213796742,0.0087992711571893,0.014952694611333943,0.006153423454144642,0.0114787494416372,0.015593270715058435,0.004114521273421235,-0.0450618231420311,-0.009762387437114751,0.03529943570491635,,-0.0018311196541229157,,0.0101080583913269,0.011682637983006743,0.0015745795916798436,,-0.0030430420665168148,,-0.1254641354277552,-0.01022822005276434,0.11523591537499085,0.0424150814647782,0.010211531611993792,-0.03220354985278441,,-0.024028593583760884,,-0.0337794440581434,0.014382943297983371,0.04816238735612677,-0.0292093457656936,0.022039917533989397,0.051249263299683,-0.010894807387734,0.020221025276479523,0.031115832664213524,0.0361752434310173,0.0061575047152016,-0.0300177387158157,,-0.004864811094454171,,0.0515141244019745,0.01426737593346226,-0.03724674846851224,,-0.05631238698746185,,0.0266134044635123,0.019231643242318065,-0.007381761221194237,0.0286379687616803,0.019622561197903624,-0.009015407563776674,-0.0059054529995015,-0.006858710482711506,-0.0009532574832100058,-0.122945101114527,0.01799155969125097,0.14093666080577796,,0.01258003559192083,,-0.0129032669495131,0.0007164040702089607,0.01361967101972206,-0.0369659217655432,0.012621350506544908,0.049587272272088104,-0.0353516910068397,0.014004851934636674,0.04935654294147637,-0.0356592671756492,0.0149310415201853,0.0505903086958345,-0.0022441416686413,0.003151500868956928,0.005395642537598228,-0.0010687911445416,0.017040293950164254,0.018109085094705855,-0.0018079205450516,0.01825399106478384,0.020061911609835437,-0.0375777456901451,-0.014251852732250941,0.02332589295789416,0.0110708354239447,0.013219754848671755,0.0021489194247270547,,0.007369486433071686,,,-0.021571472914814063,,0.0042547428480682,0.0063519531738271805,0.002097210325758981,0.0067167197133407,0.010873139477457537,0.004156419764116837,0.0513472916712615,0.04250351160199147,-0.00884378006927003,-0.0497607002157509,0.03341997635530046,0.08318067657105135,,-0.006585442239767344,,-0.0531768037375075,0.0032089593823810105,0.056385763119888514,0.0309616327899696,0.006306869505420292,-0.024654763284549307,0.0301025580759575,0.0030688082358249318,-0.027033749840132567,0.0338374794020583,0.003034734700157853,-0.030802744701900447,0.0441150105327319,0.00724460683015396,-0.03687040370257794,0.04414649043721,0.007497854388221691,-0.03664863604898831,0.1042845722724052,-0.040176756301886274,-0.14446132857429148,-0.0614810365278613,0.012956117296353558,0.07443715382421486,,0.011843892637055336,,-0.0152889592674488,0.023219022893911666,0.03850798216136046,0.0709237046057324,-0.0007223759190207147,-0.07164608052475312,-0.0482791194547181,0.007166971545593113,0.05544609100031121,0.027138127213904,0.016027113519207204,-0.011111013694696796,0.0322742578142133,0.016099820279003526,-0.016174437535209776,-0.0384096293032326,-0.0034933995462745333,0.034916229756958066,,0.003503050070541591,,-0.0531033602007871,0.012599867225393073,0.06570322742618018,0.0088838691608105,0.012644448473618553,0.0037605793128080538,0.0085119522392368,0.013841969777101169,0.005330017537864369,-0.0187143894368385,0.0033361143749321997,0.022050503811770702,0.0018655763566457,0.010370244888501388,0.008504668531855688,,0.003957037916385113,,-0.0419598958450686,0.0016146692596270557,0.04357456510469566,0.0334107242981448,0.007852329815371305,-0.0255583944827735,0.037157899133128,0.008654123300047589,-0.028503775833080412,-0.0077961960257636,-0.001787465955679444,0.006008730070084156,0.0208370855079477,0.01026713520927525,-0.01056995029867245,0.0244108469693227,0.010527206434353828,-0.01388364053496887,0.019094261891186,-0.007359034618475919,-0.02645329650966192
2012-09-01,,0.014075898104542772,,0.0135938232404323,0.018583748129292938,0.004989924888860638,-0.0321662348125366,0.008598122904811543,0.04076435771734815,0.0903524373647894,0.012739522253405277,-0.07761291511138413,0.0365825211590462,0.030769470177146742,-0.005813050981899458,0.0420987711335228,0.015940181625362624,-0.026158589508160173,0.0427245140149827,0.01653675793529025,-0.02618775607969245,0.0271806745882278,0.002478422092193084,-0.024702252496034718,0.0402538472662231,0.014480923184973751,-0.02577292408124935,0.0405073474556341,0.015025808651379655,-0.025481538804254446,-0.0008821086353841,-0.011566063047072864,-0.010683954411688764,,0.0015966549371014655,,0.0198818660942278,0.013547197182267361,-0.006334668911960439,,0.0039052146268492628,,0.0208875541515237,-0.006498728219003986,-0.027386282370527683,0.0012098680381388,0.008233916924560878,0.007024048886422078,,-0.011925457450389044,,0.0947848653408179,0.016715708041593735,-0.07806915729922416,0.0902535691732281,0.01695223289509808,-0.07330133627813003,0.060006090077931,0.02041001427854453,-0.03959607579938647,0.0321824205153422,0.008325076079391218,-0.023857344435950986,,0.027988564502562353,,0.0383411473083753,0.01880941761384895,-0.019531729694526347,,-0.05112424668067208,,0.0583487212915421,0.02188076633331731,-0.03646795495822479,0.0604819656034648,0.022310413733803592,-0.0381715518696612,0.0695103725560165,-0.010786750650224455,-0.08029712320624095,0.10451924370621,0.019229597004158747,-0.08528964670205126,,0.020253771952588078,,0.037565993762978,0.0072864581441230815,-0.03027953561885492,0.0244423950486883,0.014032591003484661,-0.010409804045203638,0.0633942591844439,0.012743470220222325,-0.05065078896422157,0.0742683255028564,0.013291246150269142,-0.06097707935258726,-0.0550873825817976,-0.004981277069162435,0.05010610551263517,0.0445837136373997,0.01875717496623943,-0.02582653867116027,0.0452152909408844,0.020282730236658577,-0.024932560704225826,0.0083386807571104,-0.013762372536015076,-0.022101053293125478,0.0374852710483904,0.013261082255220633,-0.02422418879316977,,0.009296853686992191,,,-0.02608613373252573,,0.0166148847796768,0.007571263989964303,-0.009043620789712496,0.0117381375596821,0.00842013126051602,-0.003318006299166081,-0.0268416418441033,0.0125502420060681,0.0393918838501714,0.008682974565347,0.03112417974504327,0.02244120517969627,,0.005583855560985154,,0.0343170709746772,0.008906127718129504,-0.025410943256547695,0.0287124146341251,0.0047363583862198915,-0.02397605624790521,0.0249658898152763,0.0041696410328703375,-0.020796248782405963,-0.0294345976150113,-0.004948267774753466,0.024486329840257833,-0.005174794427052,0.007566876334577807,0.012741670761629806,-0.0048804218974213,0.008032033668108963,0.012912455565530263,-0.0965600262668615,-0.044610755876142626,0.05194927039071887,0.1627096507134987,0.016531027397067608,-0.14617862331643108,,0.03774511618460373,,0.0588338677774213,0.02053812727496816,-0.03829574050245314,0.0217353408744315,0.004657898350405996,-0.017077442524025505,0.0213850594647671,0.009661508535946346,-0.011723550928820756,0.0375903422266165,0.01295901279302776,-0.02463132943358874,0.0347337666749435,0.013514124934727388,-0.021219641740216115,-0.027807845021131,-0.008484654903518844,0.019323190117612157,,0.019509469789893548,,-0.0063154765024329,0.021624716128540937,0.027940192630973838,0.0211620277054891,0.013725343339847299,-0.007436684365641802,0.0204402426503296,0.014846504989038804,-0.005593737661290796,-0.0002804019554508,0.003027442042485629,0.0033078439979364292,-0.0001179560018294,0.012393252825609003,0.012511208827438404,,0.00991970532082534,,-0.0368900663767688,-0.017448134684604807,0.019441931692163995,-0.0282227683679203,0.008831841874398243,0.03705461024231854,-0.0304552137104095,0.008736942130913451,0.03919215584132295,0.0230168724391036,0.0010778595495619476,-0.021939012889541653,-0.0019555910241012,0.011958970941801605,0.013914561965902805,-0.0095056497763315,0.012703231492492589,0.022208881268824088,-0.0412617619541405,-0.011850009013577275,0.029411752940563224
2012-10-01,,0.012840910202545458,,0.0528219341533584,0.02163673125504783,-0.031185202898310574,-0.025427078223333,0.017875899664605042,0.04330297788793804,-0.002445901179806,0.014111034566873584,0.016556935746679585,0.0246998932631185,0.03203592746821925,0.007336034205100747,0.0420179841883916,0.021017312390156483,-0.02100067179823512,0.0424306639013443,0.02262294488659294,-0.019807719014751358,0.0138983594362916,0.01034553796996273,-0.0035528214663288708,0.0441311686968845,0.01310508455975142,-0.031026084137133078,0.0449588822364809,0.013823932264342153,-0.03113494997213875,0.0374380018688656,-0.017751418597574616,-0.05518942046644022,,0.011018228504009863,,0.029253681678486,0.015400111849572554,-0.013853569828913446,,0.013541191514805755,,0.050953284998675,0.004257306997040252,-0.04669597800163475,0.0440569115011587,0.010688127042627464,-0.03336878445853124,,-0.008548547431251509,,0.0001254610026549,0.02412569283101373,0.02400023182835883,0.0716752320294511,0.026715505775728374,-0.04495972625372273,0.0619237161724107,0.029929886103263793,-0.03199383006914691,0.0239901025147632,0.013962434304880549,-0.010027668209882651,,0.011307055037243281,,0.0153543724989443,0.017627422509653153,0.0022730500107088526,,-0.05769237938929671,,-0.0120849630041997,0.015344212331516805,0.027429175335716503,-0.0114498560146518,0.015474091975713063,0.026923947990364863,-0.0186366748679602,-0.019805212488505555,-0.0011685376205453554,0.0763280552922059,0.018674932063227616,-0.05765312322897829,,-0.018660066997238923,,0.0116856465269081,0.008258015156228938,-0.0034276313706791614,0.0702707499352463,0.02378013193897365,-0.04649061799627266,0.0164256985791427,0.017875132630985682,0.0014494340518429807,0.0137341083313285,0.020006910053237518,0.006272801721909018,0.1173593125322046,0.003114799106868209,-0.11424451342533638,0.014962758652801,0.022926712109737818,0.007963953456936818,0.0197613386242503,0.024508671325696806,0.004747332701446505,-0.0119084602086514,-0.010114032283780269,0.0017944279248711306,0.0111825341605499,0.014597324357680392,0.0034147901971304916,,0.013058478573607805,,,-0.03143281951137838,,0.0503894441224119,0.010855661005957895,-0.039533783116454,0.0476443915617739,0.011879607382169258,-0.035764784179604645,0.0092115980899736,-0.018794244260229975,-0.028005842350203574,0.0518727017663277,0.03723261727264581,-0.014640084493681892,,0.019440581337654535,,0.0518802761807273,0.012685830855598055,-0.039194445325129244,0.0340174891699287,0.01362238575433129,-0.020395103415597412,0.0311145715919072,0.01622660421811812,-0.014887967373789081,0.0741216421576074,-0.002308419897778673,-0.07643006205538608,0.045368435951777,0.008579944947777708,-0.036788491003999294,0.0455026068578851,0.009253276614506858,-0.03624933024337824,0.045605129942537,-0.0527193243875969,-0.0983244543301339,0.1190941911151375,0.008151041040697825,-0.11094315007443967,,0.04821453953303674,,0.0379203107682973,0.02984414317362428,-0.008076167594673018,0.0107537149238116,0.005536508448008143,-0.005217206475803457,0.0393620536137265,0.01300165128365376,-0.02636040233007274,0.0208148430517911,0.014536015652851248,-0.006278827398939851,0.0198657598851697,0.014721935416989906,-0.005143824468179795,0.0556602421830224,-0.004995473352725779,-0.06065571553574818,,0.022019048040523743,,0.0624577022765586,0.026275290601463285,-0.03618241167509531,0.0189168324350262,0.018057948796933676,-0.0008588836380925245,0.0202294122332449,0.01814636960915815,-0.0020830426240867513,0.0415583934502297,0.008965044728283494,-0.032593348721946205,-0.0148154953614965,0.015638384325488384,0.030453879686984885,,0.016756462871385082,,-0.0182445313055966,-0.014418838237306426,0.0038256930682901754,0.0159371530286779,0.013687302539196883,-0.002249850489481016,0.0099188482011593,0.012744659549601224,0.002825811348441924,0.0360381452877361,0.00669832292205409,-0.02933982236568201,0.0018196525963401,0.017191566425536868,0.015371913829196768,-0.0002356683703335,0.018086927549822888,0.01832259592015639,0.0170350525059309,-0.023540781531722565,-0.04057583403765347
2012-11-01,,0.022380510444281125,,-0.039743978888916,0.007224041306484182,0.04696802019540018,,0.012656170922441524,,-0.0147203202180173,0.012141846527438275,0.026862166745455576,0.0421679792224246,0.013419692016040796,-0.028748287206383803,0.0188505438343694,0.0064433431560297905,-0.01240720067833961,0.0202442755168732,0.0068958354200617826,-0.013348440096811416,0.0370514559061081,-0.004604609297099403,-0.041656065203207505,-0.0429826573218552,0.012971915308192585,0.055954572630047786,-0.0447396189799764,0.013635473365174981,0.05837509234515138,-0.0411952732277409,-0.017160275458754665,0.024034997768986235,,0.004206550071481673,,-0.0132476681742933,0.0071868406338969305,0.02043450880819023,,0.011836403225206883,,0.0375589112373417,-0.011443479633252157,-0.04900239087059386,-0.0116052103019107,0.00539771750589033,0.017002927807801032,,-0.007188069508998352,,-0.1083911957972866,0.007403373765651818,0.11579456956293842,0.0507942199335035,0.008018595760356094,-0.042775624173147404,0.0415913528022096,0.007637531692121498,-0.03395382111008811,0.0163227839055252,0.004431984249000545,-0.011890799656524655,,0.0403746347066883,,0.0193181902803196,0.0127429310347111,-0.0065752592456085005,,-0.050022960092863694,,-0.0805668935862931,0.01910379644832107,0.09967069003461416,-0.082079007453369,0.019814355443563688,0.1018933628969327,-0.0758784087396007,-0.01627888712932384,0.05959952161027686,0.0346548173626636,0.012877517668700088,-0.02177729969396351,,0.010957394251490227,,0.0041708413665211,0.00878934665182217,0.004618505285301071,-0.0401191091667699,0.00415960417830059,0.0442787133450705,0.0345916792194003,0.004254013043904866,-0.03033766617549543,0.0389447108747746,0.004285659230944797,-0.034659051643829805,0.0459354073452302,-0.0055811302723239075,-0.05151653761755411,-0.0040601994216387,0.009602125410457,0.0136623248320957,-0.0104694189040619,0.010662232324179685,0.021131651228241587,-0.0405927437996874,-0.01811874463828933,0.02247399916139807,-0.0213034029105331,0.008818294635678984,0.030121697546212085,,0.015682366366499376,,,0.0031564109732832896,,-0.0302058287321052,0.00857384638805302,0.038779675120158216,-0.0270039927537097,0.007126838528497164,0.03413083128220686,-0.0605472045571488,0.0012122742615544846,0.061759478818703285,0.0585113958570882,0.009204585699819155,-0.049306810157269045,,-0.009987791225566997,,0.0272286783125474,0.010865798092198273,-0.016362880220349128,-0.0135015052002257,0.004155677647040353,0.017657182847266053,-0.0161357661992508,0.009995816144940215,0.026131582344191016,0.0644725466213844,-0.01500996511085753,-0.07948251173224193,0.0025999193064444,0.008873714258598278,0.0062737949521538775,0.0057772140251466,0.009479420269974883,0.003702206244828283,0.0264163450306622,-0.035362620020381555,-0.06177896505104376,-0.0153767319932832,0.015530074725923267,0.030906806719206467,,0.017710493496869918,,0.0098010295857689,0.0057029870360703954,-0.004098042549698504,0.0067266535039733,0.01132383656164716,0.00459718305767386,-0.0597322016642912,0.011793566959251775,0.07152576862354297,-0.0055096932371089,0.010303517268022118,0.015813210505131018,-0.0028244139236081,0.011517975106305915,0.014342389029914016,-0.0410416403133187,-0.02419427212425149,0.01684736818906721,,0.019036824656938733,,-0.0444644438531647,0.010527120315511337,0.05499156416867604,0.0090024870243502,0.007439361142557285,-0.0015631258817929159,0.0122285546401428,0.008610045954735742,-0.0036185086854070587,-0.0260775528441522,-0.007121005893350345,0.018956546950801855,0.0211433670436276,0.009285059554365403,-0.011858307489262199,,0.014106382040155857,,-0.0103813387141042,-0.02584731788987839,-0.015465979175774192,0.0104854759004855,0.006681281579481679,-0.003804194321003821,0.0080998960918304,0.007195986222978737,-0.000903909868851663,-0.0126256189061974,0.0012471655085169683,0.013872784414714368,0.0206066077662418,0.008648897701823807,-0.011957710064417995,0.0256153496247467,0.009990566733929165,-0.015624782890817536,0.0139654034806236,-0.010208481920196343,-0.024173885400819942
2012-12-01,,0.026856080170707262,,0.0144229136157704,0.020143255676556285,0.005720342060785885,,0.012339790883555453,,0.039473537927817,0.00977842903815802,-0.02969510888965898,0.0321237290501563,0.03433527714724307,0.00221154809708677,0.0027723183679557,0.021025091735010777,0.018252773367055077,0.0034304955542525,0.02253602451167955,0.01910552895742705,-0.020804936691093,0.005569857063816674,0.026374793754909674,0.0149931527993081,0.01716593299446039,0.002172780195152291,0.0140678098824808,0.017880284446001544,0.0038124745635207437,0.0636220516746004,-0.010922427773258778,-0.07454447944785918,,-0.000323974646177102,,0.0137856695846294,0.015237843077544583,0.001452173492915182,,0.0029123014610137297,,-0.0707260831810795,-0.008151252736389883,0.06257483044468962,-0.0087766940804845,0.01152788005224381,0.020304574132728313,,-0.028153959207681958,,0.0451064682715732,0.021586086565306858,-0.02352038170626634,-0.014301897047355,0.024036999448162635,0.03833889649551764,0.0419121345581389,0.02589097686601335,-0.01602115769212555,0.0124991387348054,0.008195158835749115,-0.0043039798990562855,,-0.007455580522114417,,0.0608302306706345,0.015472744691362264,-0.045357485979272236,,-0.06198570975001001,,-0.0008297993300911,0.02156998697990037,0.022399786309991468,-0.002619068113471,0.022031461978496748,0.024650530091967746,-0.0502905376720556,-0.00757872667410911,0.04271181099794649,0.0122413201979134,0.01868204993322304,0.0064407297353096405,,-0.00839966925819538,,0.0367445323247565,0.003799159201411485,-0.032945373123345015,0.0169756915201689,0.01435682397340842,-0.0026188675467604793,0.0015631334613161,0.015987314988195167,0.014424181526879068,0.0004433907927417,0.017128811036793132,0.01668542024405143,0.0223544604176548,-0.00272527667766977,-0.02507973709532457,0.0218386812545859,0.021093669633551446,-0.0007450116210344533,0.014638497317804,0.022521001408529046,0.007882504090725046,0.0303587715386255,-0.01929893772096922,-0.04965770925959472,0.0546687184744707,0.017400829652261095,-0.037267888822209605,,0.012031026940406767,,,-0.028962794876645943,,0.0093581283516141,0.009043848882116115,-0.00031427946949798453,0.0126097386221813,0.012614012195863692,4.27357368239234e-06,-0.0731706612588321,0.03107367669778299,0.1042443379566151,0.0364831495816274,0.04120266930589748,0.00471951972427008,,-0.00593122317760333,,0.0262806262746491,0.006621565631350167,-0.019659060643298934,-0.0169358688911198,0.011479636552569911,0.02841550544368971,-0.0199645356814525,0.009232610477390405,0.029197146158842904,0.0459547706702595,0.003542529147745949,-0.04241224152251355,0.0069568309621701,0.010425011861935386,0.0034681808997652852,0.0067185546434886,0.01084481638852007,0.0041262617450314705,-0.0012599232535349,-0.04761578119222638,-0.04635585793869148,-0.1110092100434831,0.011333607075259416,0.12234281711874252,,0.017237324919821533,,0.0094639980463232,0.025908399454149276,0.016444401407826076,0.0385721659368055,0.0056593868883983885,-0.032912779048407115,0.0268585738597336,0.012783598929574912,-0.014074974930158688,0.0227779845969597,0.01727287361915547,-0.0055051109778042305,0.0232476040297935,0.01760772317062291,-0.005639880859170589,-0.014619733113684,-0.006701397397165484,0.007918335716518517,,0.010939198494992386,,0.011829838573949,0.0197315194730429,0.0079016808990939,-0.0071358380275104,0.016255571713911898,0.023391409741422297,-0.0057558171496905,0.017383515165940482,0.02313933231563098,-0.0067628621669318,0.006247431155535179,0.01301029332246698,0.0207860234488296,0.015423211278106131,-0.005362812170723468,,0.010784401420409378,,-0.0453530640580493,-0.00977091058552359,0.03558215347252571,-0.0263585615137038,0.011338681038283527,0.03769724255198733,-0.0246402637298209,0.011423339172535412,0.036063602902356315,-0.0101224368775597,0.0032490922707587313,0.013371529148318432,0.0135515195084873,0.012741887277266183,-0.000809632231221118,0.0130432584285342,0.013351807341713392,0.0003085489131791925,-0.0249541400296861,-0.013891941305903276,0.011062198723782824
2013-01-01,,0.0033815226934554993,,0.0138002496176415,0.022024871731317845,0.008224622113676345,0.0238623768395315,0.0019235751110238874,-0.021938801728507613,0.0139359271355483,0.01296015787062001,-0.0009757692649282907,0.0781996595394479,0.03729803658810776,-0.04090162295134014,0.0497295148804674,0.01624979614883294,-0.03347971873163447,0.0506836806590153,0.01616849108182343,-0.03451518957719187,-0.0023996780369066,0.002098506439492707,0.004498184476399307,0.0173932586502086,0.01453375051008852,-0.0028595081401200807,0.016874313859643,0.014884301746947297,-0.0019900121126957045,0.0132259952601871,-0.006847065368770647,-0.020073060628957747,,-0.0019377546371757651,,0.066546857962309,0.014788249643306614,-0.051758608319002385,,-0.0034305844502957056,,0.0319034879567272,-0.007099566499149076,-0.039003054455876277,0.0117251454512206,0.007819886130238781,-0.0039052593209818187,,-0.008667369206168783,,0.0600396984233062,0.015654423714030995,-0.0443852747092752,0.0511864183768771,0.015308965228115127,-0.03587745314876198,0.0230480315160516,0.02032578392809577,-0.0027222475879558304,-0.0182775027630796,0.007739677483076339,0.02601718024615594,,0.03972017326035291,,0.0408617710112526,0.022828221602850564,-0.018033549408402037,,-0.04556542959653166,,-0.040566166212948,0.02474177062168924,0.06530793683463725,-0.0469765889982992,0.025110636889054037,0.07208722588735324,0.0141090740825444,-0.006412336690037192,-0.020521410772581593,0.0409266760424526,0.022799302039641242,-0.018127374002811357,,0.04686804768924652,,-0.0108589650372567,0.006659379538819881,0.01751834457607658,0.0350302667840631,0.015299698400903429,-0.019730568383159668,0.0165885228798511,0.013493888914867535,-0.0030946339649835647,0.0161171111728083,0.013589608447320512,-0.002527502725487787,0.059339098286216,-0.006992731578725355,-0.06633182986494136,0.0417729015407205,0.01992283463814483,-0.02185006690257567,0.0408073223973772,0.02160348443891737,-0.01920383795845983,-0.003829518819547,-0.009681017730719296,-0.005851498911172296,0.0386630384103651,0.012514602643921407,-0.02614843576644369,,0.0032938512267576183,,,-0.035649607038826386,,0.0040249302273682,0.005244822977133219,0.0012198927497650185,0.0017374722726365,0.006213771022096511,0.0044762987494600115,0.0033286972342065,0.023739632867976285,0.020410935633769785,0.0728817596770959,0.03475212811179531,-0.03812963156530059,,0.014486418005020778,,0.0305644407358633,0.00669372979755801,-0.02387071093830529,0.0042329696460254,-0.001068401676626531,-0.005301371322651931,0.0019741664590294,-0.004996806431925373,-0.006970972890954773,0.0050874603183062,-0.004339370437792155,-0.009426830756098355,-0.0159208839397173,0.004989946553635478,0.02091083049335278,-0.0162480989554075,0.005245826395853988,0.021493925351261486,-0.0596225555482535,-0.0425420643676565,0.017080491180597,-0.0105351509566294,0.02220102468157756,0.032736175638206966,,0.05173728116009399,,0.0341471596654064,0.022512533549606438,-0.011634626115799962,-0.0299577949245791,-8.835296421380416e-05,0.029869441960365298,0.0205249265599397,0.005705961863482538,-0.014818964696457163,-0.030660375443996,0.011690598836076404,0.0423509742800724,-0.0344957691136598,0.012078406823367357,0.04657417593702716,0.0602393209729026,-0.002407882310951906,-0.06264720328385451,,0.02108439775021502,,0.0851106866824328,0.024559244021783735,-0.06055144266064906,0.0371386047954013,0.01386220543339437,-0.023276399362006928,0.0397915974989608,0.015281949331227404,-0.0245096481677334,0.0197879195567386,0.004400838820985423,-0.015387080735753178,0.0135559264582606,0.010824723928186215,-0.0027312025300743857,,0.004750877626202878,,0.0519383428048022,-0.013854597634118858,-0.06579294043892106,0.0127439445394614,0.007004324444735612,-0.005739620094725787,0.017955876292703,0.006972830351506113,-0.010983045941196888,0.0210321787171595,-0.0023601437898420207,-0.02339232250700152,0.025792036338084,0.011168759651269332,-0.014623276686814667,0.0250021000409855,0.01157825930501905,-0.013423840735966449,0.0509372197732644,-0.007152134208768912,-0.05808935398203331
2013-02-01,,0.011855038486410676,,0.0448978721648696,0.013025322173202323,-0.031872549991667276,0.0624719143412449,0.010753621156785582,-0.051718293184459314,0.023231259681793,0.011057764653862899,-0.012173495027930102,0.0453876633612175,0.02361145573365335,-0.021776207627564152,0.0393344922624502,0.011366779429622043,-0.027967712832828156,0.0391408524471052,0.011927673477871553,-0.027213178969233642,0.1052545149801587,0.0007157074553220853,-0.10453880752483662,0.0609938455715395,0.01290350086479343,-0.04809034470674607,0.0602820118648467,0.013523956149224569,-0.04675805571562213,0.0877143267994037,-0.014716578815987775,-0.10243090561539148,,0.003747453100427996,,0.0529178318863122,0.009835558206140297,-0.04308227368017191,,0.006537562654785077,,0.1793754580236184,-0.007497613159063167,-0.18687307118268157,0.0433180979859048,0.007398382761616983,-0.035919715224287815,,-0.009610750379050074,,0.0874727531658508,0.011721535692791302,-0.0757512174730595,0.1161651596299753,0.015203416453007594,-0.10096174317696771,0.0778344285130164,0.015125380635430865,-0.06270904787758554,0.0848463609849876,0.006811856558320271,-0.07803450442666733,,0.02599998844982711,,0.0598821556712454,0.014900066835383825,-0.04498208883586158,,-0.05123744748017389,,-0.0578251084382844,0.018146622291074103,0.0759717307293585,-0.0628982755892784,0.018606450540447843,0.08150472612972623,0.0449857742747433,-0.014380176395272693,-0.05936595067001599,0.1797941383501372,0.016012729226230222,-0.16378140912390696,,0.012661902278209848,,0.0733014759703192,0.00619689377378475,-0.06710458219653445,0.075797130237214,0.011107824167625478,-0.06468930606958853,0.0717328437891126,0.009669711678821986,-0.06206313211029062,0.0655792787491914,0.010325336649656406,-0.05525394209953499,0.0332559715249953,-0.0007613899454529834,-0.03401736147044828,0.0742321812634916,0.014150572808982036,-0.060081608454509564,0.070477630854783,0.01537635524951435,-0.055101275605268646,0.1114521461125974,-0.013410340509113572,-0.12486248662171098,0.079084023536196,0.010259904995775674,-0.06882411854042032,,0.011058706532199288,,,-0.011975109497538498,,0.0828268978565206,0.00766447670560445,-0.07516242115091615,0.0871772371823248,0.008324185247568812,-0.07885305193475599,0.0412969474196868,0.008532090117730906,-0.03276485730195589,0.0324351861744559,0.020972656567440157,-0.011462529607015742,,0.0003404710186971508,,0.0844558554435102,0.008617493689004805,-0.0758383617545054,0.0655464994338414,0.004924463798710806,-0.06062203563513059,0.0617448874516543,0.007144240749909718,-0.05460064670174458,0.0891665738601789,-0.007897487420128909,-0.09706406128030781,0.0672944028864262,0.00723772038173873,-0.06005668250468747,0.0667344763578717,0.007716841990970652,-0.05901763436690105,-0.1613763590507551,-0.03936194847175357,0.12201441057900153,-0.0953224077831153,0.01435454362661804,0.10967695140973335,,0.026569361393273244,,0.0562891136635233,0.015690781953047184,-0.04059833171047612,0.0288335184757715,0.004987192830495912,-0.023846325645275588,0.0507934564575943,0.009198385836710234,-0.04159507062088407,0.0565732576061474,0.012056334076177923,-0.04451692352996947,0.0532428846986035,0.012670769163143478,-0.04057211553546002,0.1104663700890164,-0.012922043634314439,-0.12338841372333084,,0.0154720967336515,,0.0204225415908732,0.014407658423124726,-0.0060148831677484735,0.0775991399513391,0.010657400835645975,-0.06694173911569312,0.0800688672775753,0.01161084693003125,-0.06845802034754404,0.0855117703801099,-0.0009447340482305503,-0.08645650442834045,0.0781663353515001,0.009867849992087115,-0.06829848535941298,0.0773417958056125,0.010293251343018901,-0.06704854446259359,0.0813758530276081,-0.014282085320897735,-0.09565793834850583,0.0435075963111279,0.00770717909108232,-0.03580041722004558,0.036652698413009,0.008031999494227202,-0.028620698918781797,0.0495356580011598,0.00036313725306469293,-0.049172520748095104,0.0776178694808187,0.010600288259891308,-0.0670175812209274,0.0805717255377971,0.011462672590745243,-0.06910905294705186,0.0974725765458259,-0.011143547483819637,-0.10861612402964554
2013-03-01,,0.02007886703921061,,0.0441111188868933,0.009424768230438283,-0.03468635065645502,0.0051106829887083,0.006682852918390787,0.0015721699296824864,0.0112482912286253,0.013151248134979194,0.0019029569063538938,-0.0072608771242975,0.01753315462062083,0.02479403174491833,0.0003625432684977,0.00715736618165926,0.00679482291316156,-0.0005466452529863,0.0071878916421808945,0.007734536895167194,0.0466603544622239,-0.006279772695018959,-0.05294012715724286,0.0145066176627563,0.012889401035733133,-0.0016172166270231672,0.0132569865690759,0.013459485711428836,0.0002024991423529368,-0.0142748314001056,-0.014043528952507267,0.0002313024475983326,,-0.000803806868619362,,-0.0298031653263624,0.008599232720106608,0.038402398046469007,,0.006044281677290493,,0.0800916176047224,-0.014238855437950282,-0.09433047304267268,0.02733137464192,0.00346133379053191,-0.023870040851388087,,-0.008633523025074816,,0.0230574035951715,0.008400510625426901,-0.014656892969744598,-0.0479058566936547,0.0057828849949532,0.0536887416886079,0.0200595104800745,0.00868393112377362,-0.01137557935630088,0.028061341748492,0.004648018776918254,-0.023413322971573745,,0.05035481133262437,,0.031661020873818,0.016354196127831636,-0.015306824745986367,,-0.044981071293766585,,-0.0049892298212078,0.02340760377647784,0.02839683359768564,-0.0066305641261839,0.024144517405654393,0.03077508153183829,0.0175046294786079,-0.01188064377346175,-0.02938527325206965,-0.013420266504353,0.014194520019625389,0.02761478652397839,,0.04111854605746243,,0.0466343212642078,0.00973840128530497,-0.03689591997890283,0.0073559087598244,0.0034111212992148426,-0.003944787460609557,0.0037066692555515,0.005038466756010986,0.0013317975004594855,-0.0029581169725684,0.004414601983018334,0.007372718955586734,-0.0727073391320946,-0.010719920632629328,0.06198741849946526,-0.0093010248512919,0.012092374301027603,0.021393399152319505,-0.0149861805154086,0.013487181529656354,0.028473362045064954,0.0260817174940987,-0.0194655363493776,-0.0455472538434763,0.0037620455644482,0.010234754095959201,0.006472708531511001,,0.012179224931159085,,,-0.0070506418360362245,,-0.0132184536629576,0.006351114110504599,0.0195695677734622,-0.0148908328604503,0.005233171971492031,0.02012400483194233,-0.0080526177120751,0.009400710176280264,0.017453327888355366,-0.0969721756308577,0.013398195521204956,0.11037037115206265,,-0.013845270612921866,,0.0647291657644452,0.01041112736382326,-0.054318038400621944,-0.0026632618672774,0.00031564940442188496,0.0029789112716992854,-0.0059704781336063,0.002534555065850105,0.008505033199456405,0.0246805817448473,-0.01382504244613364,-0.03850562419098094,0.0211542089084041,0.008002525042919303,-0.013151683865484796,0.0216339839432674,0.008713127434362207,-0.012920856508905194,0.0135308119396393,-0.0413173993617144,-0.0548482113013537,-0.0815735187248676,0.018098904403473316,0.0996724231283409,,0.020752664445742464,,0.0608836395377741,0.005565186701940319,-0.05531845283583378,0.0805653409343215,0.009057056052383619,-0.07150828488193788,0.006448269643497,0.009436937236123329,0.0029886675926263286,0.0041439035511793,0.01049204335629974,0.006348139805120439,0.0067448897404656,0.011735185533121544,0.004990295792655944,-0.0200645024842001,-0.02106508349764804,-0.0010005810134479376,,0.019875506049101856,,-0.0238022645100353,0.014846217400702811,0.03864848191073811,0.0126021978730597,0.007656032938728592,-0.0049461649343311076,0.0105532982006711,0.009234517695936903,-0.0013187805047341974,0.02337049393491,-0.006600143836262587,-0.029970637771172585,0.0258006970865781,0.00939978328594816,-0.01640091380062994,,0.009571875621961275,,-0.0202556186195453,-0.0323341468827427,-0.0120785282631974,0.0165606882304348,0.004882135222796313,-0.011678553007638488,0.0148798464220791,0.0052600180010873,-0.009619828420991799,0.0189259813477322,-0.0008881776944678773,-0.019814159042200075,0.027100553169532,0.007734383170758771,-0.019366169998773226,0.0290942804462711,0.008887961940813566,-0.020206318505457534,0.0144031698725719,-0.0074338537013454295,-0.02183702357391733
2013-04-01,,-0.0005196124398077217,,0.0236919461027875,0.009977284001322634,-0.013714662101464865,0.0612411395549491,0.010267504037909736,-0.050973635517039366,0.0377488130651651,0.010474889468436699,-0.0272739235967284,0.0615561523439936,0.021123390990321733,-0.04043276135367187,0.0255162397416687,0.0090039133621004,-0.016512326379568298,0.0248560979173889,0.009486398073372973,-0.015369699844015929,0.0301130291048892,0.001638116144865906,-0.028474912960023295,0.0222228279311018,0.008730896357953438,-0.013491931573148363,0.0193028811584442,0.009461736551291004,-0.009841144607153195,0.0400356505384752,-0.01878463282557609,-0.05882028336405129,,0.00535880918153138,,0.0122251602483586,0.007403043902417636,-0.004822116345940964,,0.0064308454871218525,,0.0726762011101405,-0.005809294947363783,-0.07848549605750428,0.0443801680762427,0.00455092159491538,-0.03982924648132732,,-0.006557146531627302,,0.0539249014839645,0.01073514140235212,-0.04318976008161238,0.0635939786077251,0.017356775236407947,-0.046237203371317155,0.0394308406991919,0.01624056604727861,-0.02319027465191329,0.0225280621008025,0.00955379431042121,-0.01297426779038129,,0.023119790917100435,,0.0007449897015208,0.01380484760329534,0.01305985790177454,,-0.04656393269764497,,0.0188607054548821,0.014059081756887712,-0.004801623697994388,0.018369080163532,0.01433580989624003,-0.00403327026729197,0.0587165479796008,-0.01882390166326834,-0.07754044964286913,0.0848385373601182,0.012459082310633883,-0.07237945504948431,,0.028799139174250664,,0.075623739163186,0.0060326869116420715,-0.06959105225154393,0.0638226494664121,0.013154745572803921,-0.050667903893608174,0.0455685739758944,0.010877845344134766,-0.034690728631759635,0.0370155085801214,0.011843705095611947,-0.025171803484509453,0.0888777214666804,0.006061036111426315,-0.08281668535525408,0.0074726506463386,0.014541762447036635,0.007069111800698035,0.0024530786325794,0.015909625239630867,0.013456546607051468,-0.0270812067738558,-0.011375179710957977,0.015706027062897823,0.0113770752850843,0.008931729121716614,-0.0024453461633676867,,0.009815557765950847,,,-0.010839799073696367,,0.0401477852126668,0.005986145776196084,-0.034161639436470714,0.0391646777294158,0.00793289469517177,-0.03123178303424403,-0.0563156896805181,-0.0036436538772259544,0.05267203580329215,-0.042443791925464,0.016849744242951804,0.0592935361684158,,-0.006629598088099979,,0.1013173867454575,0.009657356978338747,-0.09166002976711875,0.01603113410732,0.005401152940125737,-0.010629981167194262,0.0125271130585073,0.007345530696970744,-0.005181582361536555,0.0115905866857423,-0.006568924086241539,-0.018159510771983838,0.0746258327702979,0.005678476822947903,-0.06894735594734999,0.074586599781409,0.006551287012004995,-0.068035312769404,0.0211845814015558,-0.04812447335324112,-0.06930905475479691,0.0081962914896436,0.007939901618009152,-0.0002563898716344479,,0.017369637765287726,,0.0443545267856673,0.0156876236816212,-0.0286669031040461,0.0770701927183557,0.00024095166035234192,-0.07682924105800336,0.0513654380742879,0.005693291596117295,-0.045672146478170604,0.0385243989017204,0.013079224757904132,-0.02544517414381627,0.0374831243168303,0.013404396283793746,-0.024078728033036553,0.0216548013565022,-0.009468387798764306,-0.031123189155266507,,0.008851801779990537,,0.0236750936940127,0.012713106939257703,-0.010961986754754996,0.023825010735126,0.009293075159650081,-0.014531935575475918,0.0191188247275888,0.009869800624681985,-0.009249024102906817,0.0342105873835499,-0.0014998859771053175,-0.03571047336065522,0.0271076072041585,0.007943898895401258,-0.019163708308757244,0.021631563494156,0.006152379019473017,-0.015479184474682984,0.059427946430666,-0.014564243409812834,-0.07399218984047884,0.0488307190485529,0.006110466606042556,-0.04272025244251034,0.0513413204180769,0.0063625511268461535,-0.04497876929123075,0.0324235137565415,-0.0009873880380027221,-0.03341090179454422,0.0292304893404926,0.010829122982927607,-0.018401366357564994,0.0267666113490177,0.011520216577153535,-0.015246394771864165,0.0072727664158315,-0.012866296683944792,-0.020139063099776294
2013-05-01,,0.021404165417966123,,-0.0150130748488138,0.019079755557113758,0.03409283040592756,0.0513692260506685,0.007895584020112483,-0.043473642030556016,0.0866509209145617,0.00582325028969179,-0.08082767062486991,0.0292009747077836,0.0373576680395735,0.0081566933317899,0.0147714474253334,0.019912190714371867,0.0051407432890384665,0.0159873366484139,0.021143872934389605,0.005156536285975705,0.000332195031846,0.0046133833113347865,0.004281188279488786,0.0280214683486378,0.017591050174343873,-0.010430418174293927,0.0332090249978123,0.018277731353660162,-0.01493129364415214,-0.0005430471099213,-0.00732852080038599,-0.00678547369046469,,-0.005503877458568717,,0.0332308714006992,0.013883752195019661,-0.01934711920567954,,-0.005653215087944934,,-0.0220451367658985,-0.012975228256922714,0.009069908508975787,0.0353372362153816,0.012002858587277277,-0.023334377628104325,,-0.03561805655145156,,-0.0070161176137316,0.018159643288545194,0.025175760902276793,-0.0226783314879767,0.024730257487814104,0.047408588975790804,-0.0323625555271997,0.023707113240650973,0.056069668767850675,0.0139838317790457,0.005471837853174087,-0.008511993925871613,,-0.02161680076622491,,0.0022496604022994,0.01387445406759424,0.011624793665294841,,-0.062282989585286,,0.0016612129852552,0.0218967589486771,0.020235545963421902,0.0021770227245911,0.022375013922650188,0.02019799119805909,0.0531440672904183,-0.0021474916931389287,-0.055291558983557226,0.0417895527583736,0.018854142423984466,-0.022935410334389134,,0.0027483649205584117,,0.0159227426905733,-0.0008186843128490649,-0.016741427003422366,0.0278056983904374,0.011749516435683428,-0.016056181954753973,0.0327251521277854,0.015879602605949988,-0.016845549521835413,0.0307473628307392,0.016808494568441308,-0.013938868262297892,-0.0170762030973863,0.00025794379411833105,0.01733414689150463,-0.0113152636664544,0.019398960678044745,0.030714224344499143,-0.0103809523451878,0.020664406357303697,0.031045358702491498,-0.0127445441463644,-0.01925469670796218,-0.00651015256159778,-0.0071571625440396,0.016782022901582528,0.023939185445622128,,0.008229308001511967,,,-0.027717917000895872,,-0.0086495072220675,0.006811915195005294,0.015461422417072795,-0.0039008458215327,0.012739467375399341,0.01664031319693204,0.1159358486696487,0.059405619331431785,-0.05653022933821692,-0.0694989259357689,0.042222299987458495,0.11172122592322739,,-0.01431433022375534,,-0.0277147374090868,0.0015514427791221636,0.02926618018820896,-0.0078928061092621,0.00891736026364159,0.01681016637290369,0.0018468428894305,0.003356966824735772,0.0015101239353052722,-0.0011223553877415,0.008182001872484647,0.009304357260226147,0.0455783590288608,0.009173614165271148,-0.036404744863589654,0.0461211695587985,0.009366938656536544,-0.03675423090226195,0.0540487598145717,-0.04282756348891749,-0.09687632330348919,-0.256308777363291,0.012185543638031265,0.26849432100132226,,0.0022432980110380484,,0.0080098045386373,0.026134516224298934,0.018124711685661633,0.0526497663509969,0.0005400654875311359,-0.052109700863465766,0.0337401931908513,0.009229066252335591,-0.02451112693851571,0.0257997076806392,0.018485384187300054,-0.007314323493339145,0.0203041412647872,0.01853788677030349,-0.0017662544944837093,0.0118558017054484,-0.0025478736452431714,-0.01440367535069157,,0.00047118207547466786,,-0.0004198200083895,0.01375001656155011,0.014169836569939611,0.0380886256767868,0.014593278529424594,-0.023495347147362206,0.0438974440322468,0.016061224019987275,-0.02783622001225953,-0.0145715885207012,0.005496135093652199,0.0200677236143534,-0.0028825080696339,0.012900197321818052,0.015782705391451952,-0.0033508537849746,0.0039381850546770306,0.007289038839651631,-0.0265242887840777,0.002590889785611614,0.02911517856968931,0.0461406108573341,0.009071401149285301,-0.0370692097080488,0.0454893918433964,0.009918019828841856,-0.03557137201455454,0.0250378869797955,-0.0008193503944252007,-0.0258572373742207,0.0012350105930242,0.010282186013449858,0.009047175420425657,0.005890748546935,0.010455110880798084,0.004564362333863084,-0.0060182948747545,-0.007386231562281302,-0.0013679366875268021
2013-06-01,,0.03236661546923445,,0.0530224121658892,0.008706247447103927,-0.04431616471878527,-0.0066714886306214,0.016397025181477266,0.023068513812098665,0.0065140404419196,0.009438612278843215,0.0029245718369236146,0.1293510369828058,0.016247123441633246,-0.11310391354117257,0.0503654349323566,0.010245130675459676,-0.04012030425689693,0.0506490263105863,0.011400378722434188,-0.03924864758815211,0.0179775526246611,-0.001970428121598029,-0.01994798074625913,0.0348414269138653,0.015773205663552156,-0.01906822125031314,0.0339952404480875,0.01653007561264342,-0.01746516483544408,-0.0243845381594837,-0.016107241043966776,0.008277297115516925,,0.0037086248863820335,,0.0400995356901746,0.008424102511460294,-0.0316754331787143,,0.011658315339454762,,0.2265091698960524,-0.012055077501477142,-0.23856424739752954,-0.0421136176044121,0.009145798046428774,0.05125941565084088,,-0.01844242529079678,,0.1248637133010837,0.010184641203051533,-0.11467907209803217,0.0086856900445929,0.013289054051325414,0.004603364006732514,0.0522256731982004,0.010685928815376698,-0.04153974438282371,-0.0006789125248917,0.003292553566822739,0.003971466091714439,,0.012830655977716796,,0.0509886786136281,0.009678788822353838,-0.041309889791274264,,-0.06007230128933534,,0.0337801970671625,0.018295073147240857,-0.015485123919921646,0.0314384272289214,0.019039399257639148,-0.012399027971282253,0.0569458344614702,-0.01394191561840073,-0.07088775007987093,0.0393281962941226,0.013431096534436872,-0.025897099759685724,,-0.0209190209226987,,-0.0311073604169552,0.00539700472372046,0.03650436514067566,0.0200633328469546,0.004471490667611942,-0.015591842179342657,0.0496722180092566,0.00605757832854853,-0.04361463968070807,0.0600130519710886,0.006651250188295189,-0.053361801782793414,0.0558757071577194,-0.0034483107178307306,-0.059324017875550125,0.0646653897854365,0.01014829897434813,-0.05451709081108837,0.0574523441298591,0.010979035600230934,-0.046473308529628166,0.0722546997319133,-0.020966336662545722,-0.09322103639445903,0.0431531972604378,0.011095515599275171,-0.03205768166116263,,0.017835363619005076,,,0.0031790691492812415,,0.0378979906826094,0.01029599322399596,-0.02760199745861344,0.0343042901194789,0.010497015972810095,-0.023807274146668805,0.0292506734576229,0.016987269562441343,-0.012263403895181556,0.009830995168637,0.016269230185907934,0.006438235017270933,,-0.012988979069752441,,0.0782758473241781,0.008346535031678839,-0.06992931229249925,0.0207875430540192,0.009120964197533422,-0.011666578856485778,0.0176750443310715,0.014579034446986779,-0.0030960098840847224,0.0082163652357146,-0.009502473035452185,-0.017718838271166784,0.0100677165061723,0.010879883851435455,0.0008121673452631557,0.0077813492172406,0.011254562305052562,0.003473213087811962,0.3621069504433542,-0.032195245463536026,-0.39430219590689025,0.0394598929031489,0.013266082590128679,-0.02619381031302022,,0.0064110232396909425,,-0.0133505033455992,0.010107268978044068,0.023457772323643267,-0.0228001635222312,0.012654216117591634,0.035454379639822835,-0.0111016817427103,0.014705563412491157,0.025807245155201455,0.0241549551924213,0.012718075584768743,-0.011436879607652557,0.0208573170827573,0.013767032570079928,-0.007090284512677373,0.0745855276182349,-0.023547617659331013,-0.09813314527756592,,0.01379427645030794,,0.0348433950267256,0.007887266144765186,-0.026956128881960414,0.0002656078633993,0.009344034127441884,0.009078426264042585,0.013268292336484,0.010489531317173794,-0.0027787610193102056,0.0152199389360676,-0.004679559654775101,-0.019899498590842703,0.0276695442491058,0.011245299640444514,-0.016424244608661286,,0.016158465380093245,,0.0510199196886504,-0.015815866984345082,-0.06683578667299547,-0.0781414183449006,0.009065833318702162,0.08720725166360276,-0.0867938414874368,0.009832427941936006,0.0966262694293728,-0.0268724476496411,0.0030187463144506245,0.029891193964091723,0.0294760942425264,0.009221306180680178,-0.020254788061846222,0.0295821047631349,0.010492259102040942,-0.01908984566109396,-0.0097004678985203,-0.011376087227639551,-0.0016756193291192507
2013-07-01,,0.016305202106918004,,0.0053188468624037,0.016644535334787835,0.011325688472384136,-0.0186476551995515,0.0024285664859329133,0.02107622168548441,0.0057307924203654,0.010729038363753187,0.004998245943387787,0.0205092434657238,0.030897675473599673,0.010388432007875873,-0.0184722266393448,0.013250085909631514,0.03172231254897631,-0.0203477406199447,0.013299670317264327,0.03364741093720903,-0.0011566456141452,-0.002394737609089195,-0.001238091994943995,-0.0238082090484862,0.015837619143162965,0.03964582819164916,-0.0254480212473934,0.016292037540901323,0.04174005878829472,-0.0072194325325043,-0.0069555055998935505,0.0002639269326107493,,-0.005734469909317233,,-0.049235951149144,0.012371662233318936,0.06160761338246294,,-0.0038562524278834454,,-0.0036054972057496,-0.014602875775491317,-0.010997378569741716,-0.0090157848442677,0.007166472014107123,0.01618225685837482,,-0.0180081113575781,,0.0038848816224349,0.012138786905338294,0.008253905282903394,-0.0730056126061094,0.011720462228014622,0.08472607483412402,-0.041747514525891,0.014703590178344017,0.05645110470423501,-0.0042527815542975,0.0041313722595073005,0.0083841538138048,,0.031024533714955067,,-0.0138363968170569,0.018745174719845353,0.032581571536902255,,-0.04878138818292043,,-0.0585982082244009,0.026128143749968503,0.0847263519743694,-0.0630906649236283,0.02676369709220869,0.08985436201583699,-0.0330019658213064,-0.003625236707567763,0.029376729113738637,-0.0543110404887571,0.019468031642661424,0.07377907213141853,,0.04241560141681712,,0.0169445000878724,0.005357637094698014,-0.011586862993174386,-0.0104494784027155,0.007231016911858142,0.017680495314573642,0.0188120685551421,0.009817333292318714,-0.008994735262823387,0.023627390587028,0.009391311668864574,-0.014236078918163426,-0.03696123394817,-0.009673891045039198,0.0272873429031308,-0.0363763746369682,0.01611032223380625,0.05248669687077445,-0.033104908694631,0.017561195075192836,0.050666103769823834,0.0410582007680851,-0.017197455211784805,-0.058255655979869904,-0.016827465965081,0.012931352430618385,0.029758818395699386,,0.006683770586595369,,,-0.023038279851942355,,-0.0103789804002041,0.005277667763412824,0.015656648163616924,-0.0141945048658487,0.006781990987254446,0.020976495853103145,0.0163061573368015,0.040114793301532115,0.023808635964730613,-0.1286059759407991,0.028917523374814902,0.157523499315614,,-0.006654253377996142,,-0.0361179575784011,0.005260790666085402,0.0413787482444865,-0.0239453277665256,-0.0004105658984124024,0.023534761868113197,-0.0156259044322442,-0.003805670264572565,0.011820234167671636,0.00162003067605,-0.00471046193212549,-0.006330492608175489,-0.0100020502303418,0.00713762040365124,0.01713967063399304,-0.0109097881950366,0.007425896027664908,0.018335684222701508,-0.0747729330590979,-0.039209004489699516,0.03556392856939839,-0.1740623323107261,0.021238519569457256,0.19530085188018337,,0.02537068256397345,,0.0015090235929287,0.01527813158442903,0.013769107991500329,0.0128326630983142,0.003497591719919808,-0.009335071378394393,0.022616265106902,0.007444721134852139,-0.015171543972049863,0.0004181296819976,0.012724726541955058,0.012306596859957457,-0.0001136257588451,0.013449226169152728,0.013562851927997829,0.0006833261853313,-0.010010845632587377,-0.010694171817918678,,0.014966144404293306,,-0.0530354668371673,0.01739295145543224,0.07042841829259953,-0.0172937233684083,0.011008781027559046,0.02830250439596735,-0.0103620878034128,0.012859639261572568,0.02322172706498537,-0.0328495967825128,-0.0005082532758724494,0.03234134350664035,-0.0137944085735112,0.0103635014502525,0.024157910023763697,-0.011768417222776,0.00457522275461007,0.01634363997738607,-0.0208687396698801,-0.016595778185044187,0.004272961484835913,-0.0031195334716993,0.005678217770646374,0.008797751242345674,-0.0051181899880555,0.006272656544622459,0.011390846532677959,0.0104233066587477,-0.0028800505953538247,-0.013303357254101526,-0.0100505062939543,0.008232084598382067,0.018282590892336366,-0.0078440443805387,0.008795898073087683,0.016639942453626384,-0.0590554763243958,-0.003704302716898565,0.05535117360749723
2013-08-01,,0.023891449625853198,,0.066510031707849,1.780426733066472e-05,-0.06649222744051833,0.0370385413987644,0.01782408801800225,-0.019214453380762147,0.0197193267258878,0.005711931131184902,-0.014007395594702897,0.1010035401649389,0.006745090043944933,-0.09425845012099396,0.0608680287106901,0.002595828596375635,-0.058272200114314464,0.0600320035310498,0.0034931637544495784,-0.05653883977660022,0.0482204667056912,-0.004639897378194251,-0.052860364083885454,0.0373217193465902,0.013181273039249458,-0.02414044630734074,0.0338976258088628,0.014025702690756077,-0.01987192311810672,0.0560911865992795,-0.019547888331952517,-0.07563907493123202,,0.005784872845147308,,0.013086184520245,0.0022138567646018087,-0.010872327755643191,,0.012532837230565586,,0.1317829520284532,-0.014439595417987191,-0.1462225474464404,0.0342546126930764,0.007998934398817357,-0.026255678294259042,,-0.015378439287514784,,0.0630437265137712,0.0009789635971149673,-0.06206476291665623,-0.0187894576291646,0.010992312194640093,0.029781769823804694,0.0475213975471333,0.0018162506161929757,-0.04570514693094032,0.0547465831709228,0.0004203152945125154,-0.05432626787641028,,0.0072112361845894785,,0.0926559812820166,0.0036299658372208644,-0.08902601544479574,,-0.0589226351026617,,0.0826310887835082,0.012395695186005204,-0.07023539359750298,0.083982706595109,0.01315604584342922,-0.07082666075167977,0.0204124093053926,-0.017849926405900524,-0.03826233571129312,0.0757653870877206,0.008910289706342382,-0.06685509738137821,,-0.025221124915562415,,0.0732432796456477,0.002267598094201872,-0.07097568155144582,0.0423114527845569,-0.00011134753720970676,-0.0424228003217666,0.0629938597285154,0.001542195361257172,-0.06145166436725823,0.0651195204312175,0.00224920550554276,-0.06287031492567474,0.1604499219187258,0.005149525862011004,-0.1553003960567148,0.060574085339272,0.002551028592334973,-0.05802305674693703,0.0608353005677127,0.002869675273873462,-0.05796562529383924,0.0618030914847298,-0.018817604152752146,-0.08062069563748195,0.0757336720186211,0.005847768456681711,-0.0698859035619394,,0.018599112774211262,,,0.025231080419631405,,0.052211784140182,0.009546868888234725,-0.04266491525194728,0.0489201585810301,0.010232584937413986,-0.03868757364361611,0.1039596266795939,0.019298154236592816,-0.08466147244300108,0.0266155579008429,0.000546136761833876,-0.026069421139009022,,-0.021550690902269912,,0.0589252610058186,0.006271373005035203,-0.0526538880007834,0.0575221878678033,0.00799436420017734,-0.04952782366762595,0.0581272160461205,0.016547731026417364,-0.041579485019703134,0.0525830250085532,-0.01254938039061491,-0.0651324053991681,0.0712812467309766,0.009518448006357653,-0.061762798724618956,0.0689738033945766,0.009826847979515989,-0.059146955415060605,0.0400745712841593,-0.021926562381964942,-0.06200113366612424,0.0964518392050651,0.010664440030739521,-0.08578739917432558,,-0.013297694079976878,,0.0484924399378266,0.0031544117287856856,-0.04533802820904091,-0.0396196039575129,0.010564315089823296,0.0501839190473362,0.0376193341518377,0.012127711056552644,-0.025491623095285056,0.0560774306965346,0.01159215364224272,-0.04448527705429188,0.0536500853795475,0.012581725089520624,-0.041068360290026876,0.0143858694282828,-0.0277839109692722,-0.042169780397555,,0.0042164463506909645,,0.0829348003943584,-0.005082662385869432,-0.08801746278022783,0.031937542710242,0.00405701504826586,-0.027880527661976143,0.0318758901648698,0.0050161535333032425,-0.026859736631566558,0.0350124274684328,-0.010800634210273174,-0.04581306167870597,0.0358781155398553,0.0061157153593145875,-0.029762400180540716,0.0325522811285003,0.013889568954059172,-0.018662712174441133,0.0647325852258575,-0.005420870855144085,-0.07015345608100158,0.0478961960174595,0.006445845241158222,-0.04145035077630128,0.0474896362198198,0.008121368323620252,-0.03936826789619955,0.0805030886003888,0.0002132501865526929,-0.0802898384138361,0.047063560164217,0.006504593523367136,-0.04055896664084986,0.0480653321655852,0.007763777618908032,-0.040301554546677165,0.014127411687655,-0.007576856801443963,-0.02170426848909896
2013-09-01,,0.02880056566887528,,-0.0393209557218983,0.008074864301404798,0.0473958200233031,-0.0237242909544204,0.005922014116840496,0.029646305071260894,-0.000701468668493,0.006931966416357713,0.007633435084850713,0.0051242106997545,0.020139052502559512,0.015014841802805013,-0.0336587024976325,0.007708373855727636,0.041367076353360135,-0.0332878903407417,0.00796355420191208,0.04125144454265378,0.0004953654779453,-0.007203458901184147,-0.0076988243791294465,-0.0099789184927097,0.01701605212377709,0.02699497061648679,-0.0102006545139982,0.01761121876125013,0.027811873275248332,0.0363340114102305,-0.008727295605590752,-0.045061307015821256,,-0.006837370011516528,,0.0059239903995969,0.0076851474877722035,0.0017611570881753032,,-0.0015666113237916895,,-0.0663479970019749,-0.021790031979723914,0.044557965022250984,-0.039926317013992,0.0075144383247362015,0.0474407553387282,,-0.025566618361730027,,-0.0669015110029143,0.00507878224354787,0.07198029324646217,-0.0537963436717949,0.007800440380539826,0.06159678405233473,-0.0351204434550389,0.00528929490472306,0.04040973835976196,-0.0223966030216748,-0.0011075502766854076,0.021289052744989392,,0.017642594633527256,,-0.0387587671230462,0.011398740752814267,0.050157507875860464,,-0.05444540384429099,,0.0329753011057467,0.0243312363348032,-0.0086440647709435,0.0368420443706394,0.02525351687929623,-0.011588527491343169,-0.0571046203320981,-0.0033359519982349476,0.05376866833386315,0.0451850411596728,0.014902844623739026,-0.030282196535933774,,0.02070691726433612,,-0.0337374918770228,0.0025841029414430017,0.03632159481846581,-0.046099392940208,-0.002260894698008614,0.04383849824219938,-0.0305181188576337,0.003989014288419119,0.03450713314605282,-0.0278341776138773,0.0033095192298157414,0.031143696843693044,-0.039334951579965,-0.00845077128878554,0.03088418029117946,0.0004090479280908,0.008478154910386788,0.008069106982295989,-0.0014766427578084,0.009349335872448348,0.010825978630256748,0.0101645658480171,-0.023295079753470376,-0.033459645601487474,-0.0216007951348719,0.01096703811373283,0.03256783324860473,,0.011788675878848184,,,0.0010352432206960534,,-0.0485423770728058,0.0062705822595115895,0.05481295933231739,-0.0543206048406929,0.007997954245403359,0.06231855908609626,-0.0654305895850139,0.05560438070743945,0.12103497029245334,0.0383239970613548,0.01659727925684277,-0.021726717804512033,,-0.02633526693605483,,-0.0420294457146344,0.003046119445685189,0.04507556516031959,-0.0150719534130715,0.0011228808483804318,0.01619483426145193,-0.0164782249505542,0.0009659185169119421,0.017444143467466144,0.1625355121286248,-0.00713319704578839,-0.16966870917441318,-0.0287563274611852,0.00927318407333643,0.03802951153452163,-0.0290344776824133,0.009430362980615746,0.03846484066302905,-0.0220245874828908,-0.027675458975277352,-0.005650871492386553,0.0909111833973978,0.019821589578266397,-0.07108959381913141,,-0.005661965480267378,,-0.0394948900892581,0.0058489417806899075,0.045343831869948004,-0.0214172344071566,0.008030414195236642,0.029447648602393243,-0.0245406454161265,0.009796548481344624,0.03433719389747113,-0.0450855187878845,0.012859117936562742,0.05794463672444724,-0.0461043666647871,0.013932763399621712,0.06003713006440881,-0.0121981410517306,-0.020859832087160197,-0.008661691035429598,,0.006851807276706272,,-0.0424790954956578,0.004360898945629192,0.046839994441286996,-0.0513852765480035,0.006496981442703128,0.05788225799070663,-0.0498948619319897,0.008600687876537555,0.05849554980852725,-0.0459700704909135,-0.0075743093262938205,0.03839576116461968,-0.0163995541006836,0.008307883115757064,0.024707437216440663,-0.0140363957504999,0.006320148875567347,0.020356544626067247,-0.0237192793611061,-0.012546606385343743,0.011172672975762356,-0.0494253028671889,0.004487859775852464,0.053913162643041364,-0.0456627760958009,0.0060854051464896705,0.05174818124229057,-0.0709653511259393,-0.003310653548623772,0.06765469757731553,-0.0369967584521486,0.004726904646690236,0.041723663098838834,-0.0379737913081984,0.0055480210597561065,0.04352181236795451,-0.0489270049754641,0.00021885413313100588,0.049145859108595105
2013-10-01,,0.012202377282775236,,0.0652988819093214,0.00045947962943118496,-0.06483940227989021,0.0391878171866772,0.007980350305449678,-0.031207466881227525,0.0868462144195144,0.010910889122336759,-0.07593532529717764,0.0733204692290991,0.008437454739832005,-0.06488301448926709,0.0309928816876307,0.002638001209808358,-0.02835488047782234,0.0304120068798312,0.003004859785828987,-0.027407147094002212,0.010920959608503,-0.006795579541436117,-0.017716539149939117,0.0469641591786397,0.0062337160170923556,-0.04073044316154734,0.046110076387778,0.00717401502552424,-0.038936061362253756,0.0284541351678665,-0.023023018192951175,-0.05147715336081768,,-0.00046305772555253885,,0.0543035071498288,0.0032892007842626417,-0.05101430636556616,,0.0072691991315065,,0.0398025383583958,-0.016199411672429154,-0.05600195003082495,0.0491991969997239,-0.0023310479645159846,-0.051530244964239885,,-0.013831663373252286,,0.0169281013795201,0.00732093314439764,-0.00960716823512246,0.0900637406796387,0.009329651004575557,-0.08073408967506314,0.0713772922491304,0.009940964271998075,-0.06143632797713233,0.0136748267083118,0.008567751485820726,-0.005107075222491073,,0.03150681393112275,,0.0833755934980417,0.01105334429177548,-0.07232224920626622,,-0.04100379027121216,,0.014921453482505,0.01698886040777879,0.0020674069252737907,0.0104540532111257,0.01757831937019896,0.00712426615907326,0.0128786546750722,-0.018667148589678592,-0.03154580326475079,0.1171724451939636,0.004180379617041853,-0.11299206557692174,,0.06210335517422039,,0.0010558335924983,0.009178488967156562,0.008122655374658262,0.0175770309548101,0.002132503636727191,-0.015444527318082909,0.0373542424642082,0.006139843034267272,-0.03121439942994093,0.0352166964800444,0.005894348053442579,-0.02932234842660182,0.1137608462938263,-0.0006344329411669602,-0.11439527923499325,0.0636354036384613,0.012192003659234223,-0.05144339997922708,0.0544880349252036,0.013815711943094437,-0.04067232298210916,0.0498748536711438,-0.024118737228662767,-0.07399359089980656,0.0675115503851753,0.010214267331630845,-0.05729728305354445,,0.014236591878088716,,,0.0009958810713286376,,0.0169662566866614,0.0038965426592634336,-0.013069714027397967,0.0112006499941139,0.006052080619499951,-0.00514856937461395,-0.0024834789900655,-0.00501634207395836,-0.0025328630838928603,0.0363189226555856,0.0050309082749624215,-0.03128801438062318,,-0.04763798307745504,,0.0470097408284689,0.012549685744048033,-0.03446005508442086,0.0228165012497437,0.004730245655765312,-0.01808625559397839,0.0245594740059703,0.006593150951977794,-0.017966323053992504,-0.0117430651440242,-0.009587211571055803,0.002155853572968396,0.0401513309982088,0.008033008778408065,-0.03211832221980074,0.0382387079734944,0.009693528792441725,-0.028545179181052677,0.0203074423002448,-0.06173489531788299,-0.08204233761812779,-0.091089628596036,0.0022031627751293178,0.09329279137116532,,-0.020829944199323186,,0.0586414265293481,0.0017532911528889564,-0.05688813537645914,0.0391357678160154,0.0042431496361689984,-0.0348926181798464,0.0405896952669045,0.005845465207745301,-0.0347442300591592,0.0498472442758094,0.014748350111465818,-0.035098894164343586,0.0483231379441388,0.015710279708404044,-0.03261285823573475,0.043624394640215,-0.020395767596231167,-0.06402016223644617,,0.0025069119901915933,,0.0663570064553998,0.00854600607048726,-0.057811000384912534,0.0415654508566274,0.0043555621964822405,-0.03720988866014516,0.0458068265322433,0.005471223392036317,-0.04033560314020698,0.0088281130175186,-0.009939733847809135,-0.018767846865327734,0.049627759828231,0.0074594146962294995,-0.042168345132001496,0.0488480433022175,0.003029653303714584,-0.04581838999850292,0.1029615156994839,-0.03924343024237629,-0.1422049459418602,0.0156513205237123,0.002053273564524812,-0.013598046959187487,0.0145529384068557,0.0024895016878356733,-0.012063436719020026,0.0528575283751811,-0.0019817905763879883,-0.05483931895156909,0.0548759478192781,0.006967776110539907,-0.04790817170873819,0.0544822812611313,0.00798032543220051,-0.04650195582893079,0.0061453080026025,-0.011187887912694264,-0.017333195915296765
2013-11-01,,0.02568985025890845,,0.0653725146289689,0.0078012048223981105,-0.05757130980657078,0.0237214039193816,0.008413571493694613,-0.015307832425686988,0.0250628427317318,0.009549137248366436,-0.015513705483365363,-0.0066803554752293,0.017757981332035,0.0244383368072643,0.0326294563938591,0.00815448904881295,-0.02447496734504615,0.0322043083606681,0.00864755346965457,-0.023556754891013533,-0.0166800809622872,-0.005441316102930848,0.011238764859356353,0.0628069174472126,0.014041502874832431,-0.04876541457238017,0.068386107626629,0.01474282443304238,-0.05364328319358662,0.0637878454793968,-0.013793949702270363,-0.07758179518166716,,-0.0028659005836749766,,0.0294700658085016,0.0077920305353856665,-0.02167803527311593,,0.0038301416276207106,,-0.0286529436816442,-0.017293037802481263,0.011359905879162937,0.0580487415520303,0.005185171542076034,-0.052863570009954265,,-0.020216188035593507,,0.0206135673840453,0.008494604975341812,-0.012118962408703486,0.02572700525759,0.009640122206105816,-0.01608688305148418,0.0492963222382178,0.00939388044714214,-0.03990244179107566,0.0688223846220098,0.003259232795137399,-0.0655631518268724,,0.02353787813519668,,0.0441204183077388,0.012343267946775757,-0.03177715036096304,,-0.05155223931555172,,0.0679737699793663,0.022027967999410102,-0.045945801979956194,0.0739388700954204,0.022805913617441952,-0.05113295647797844,0.0306138788746559,-0.0095290565243266,-0.040142935398982504,0.034395791018072,0.012527821076747223,-0.021867969941324776,,0.02524241875809608,,0.0575630654443405,0.005899007567099781,-0.05166405787724072,0.0690148503138076,0.0015521713071262153,-0.06746267900668138,0.0363547735867335,0.005855065747120884,-0.030499707839612616,0.0288032330169324,0.00554622609855597,-0.02325700691837643,0.0545619602034715,-0.006852476230678718,-0.06141443643415022,0.0260622823558681,0.011344656194193791,-0.01471762616167431,0.0242042328082679,0.01252797921009619,-0.01167625359817171,0.0168000451767648,-0.022981078870845155,-0.03978112404760996,0.0370592171450308,0.011589067698634457,-0.02547014944639634,,0.013502277353470234,,,-0.0028973456306495594,,0.0539261463336444,0.006592732019985425,-0.04733341431365897,0.0550347416320453,0.007846282323844411,-0.04718845930820089,0.0165865756155859,0.027996502262314666,0.011409926646728765,0.011494613749328,0.01593835307711855,0.00444373932779055,,-0.02659367301450771,,0.0573311407972426,0.007482522580948929,-0.049848618216293675,0.0405310511185437,0.003825702284281344,-0.03670534883426236,0.0370943912150829,0.004991207361434643,-0.03210318385364826,0.0364974599359718,-0.008199257347064347,-0.04469671728303615,0.029841457785686,0.009368089471562136,-0.020473368314123865,0.034165633053373,0.010012531316329724,-0.024153101737043277,-0.2260977892644022,-0.04020801440474092,0.18588977485966127,0.0019571269257456,0.014162240522769468,0.012205113597023868,,-0.0017405351573979418,,0.0645369812174714,0.006895525306221823,-0.05764145591124957,0.0788347355883713,0.008307944433595055,-0.07052679115477624,0.0422353365083005,0.010115865265272195,-0.0321194712430283,0.0449181466713422,0.013335910241536927,-0.031582236429805274,0.0511472567626357,0.014388785375680129,-0.03675847138695557,-0.016044294069202,-0.020457172991545952,-0.004412878922343953,,0.009650512897939384,,0.1115062516647557,0.009118404528612577,-0.10238784713614311,0.0447876790898586,0.0075048299576834804,-0.03728284913217512,0.0486867404516234,0.009139155094748753,-0.039547585356874644,0.0343047999501274,-0.0064504549424129415,-0.04075525489254034,0.0644039659253896,0.009596358089058612,-0.05480760783633099,0.0722673435849072,0.008045529928448434,-0.06422181365645876,-0.0363240959354881,-0.023176878865973187,0.01314721706951491,0.0358485071693391,0.005258557413081227,-0.030589949756257874,0.0316898826962027,0.006140224081596153,-0.02554965861460655,0.0647127489798771,-0.0010433558921958172,-0.06575610487207291,0.056223886655095,0.006933212938774547,-0.049290673716320454,0.0611663269301222,0.007917161421335106,-0.0532491655087871,0.0437266430625061,-0.006345610539792744,-0.05007225360229885
2013-12-01,,0.006806755140398278,,0.0352279521294908,0.012761854588420374,-0.022466097541070425,0.0277362934391974,0.007426139950395056,-0.020310153488802343,0.053029822994928,0.009870314847889188,-0.04315950814703881,-0.008178692984911,0.02541450647160129,0.03359319945651229,0.0443001747713554,0.010651349031919019,-0.03364882573943638,0.0430151852553471,0.010951638770698382,-0.03206354648464872,-0.0036234798297924,5.9268968085757055e-05,0.003682748797878157,0.0350108268402521,0.012404155286476076,-0.022606671553776023,0.0369564788124458,0.012998646237871074,-0.023957832574574726,0.0673607231054921,-0.013095522514791005,-0.0804562456202831,,0.000940277950660791,,0.0131252269341922,0.00931626518167115,-0.0038089617525210503,,0.0018924472499500379,,0.0840238474557849,-0.009598716751784444,-0.09362256420756934,0.0069967847178642,0.006664636458077761,-0.0003321482597864389,,-0.011606025398655613,,0.0247050701672423,0.010367821464711801,-0.014337248702530498,0.0304540519875494,0.015056959571318985,-0.015397092416230414,0.0220025631008829,0.014565443833739406,-0.007437119267143492,0.0411182926282806,0.006283206543189865,-0.034835086085090734,,0.02403341446669918,,0.031494633120788,0.015221263057736833,-0.016273370063051164,,-0.048955370748589286,,0.0509160599642755,0.018778896331743268,-0.03213716363253223,0.0525595590189794,0.019221472458232584,-0.03333808656074681,0.0209455696107998,-0.011928858630038206,-0.032874428240838006,0.0259893968573532,0.016022119438578192,-0.009967277418775008,,0.027734487457355024,,0.0010215813882932,0.004803343470100272,0.0037817620818070717,0.0502176475628514,0.010335704789261132,-0.03988194277359027,0.057680610294006,0.009950504446281686,-0.047730105847724316,0.0595661241315882,0.010392380971578949,-0.04917374316000925,0.1023247517999882,0.00015474709580618162,-0.10217000470418203,0.0218350280944967,0.0141336808743665,-0.007701347220130201,0.0207694404701962,0.015401183213887556,-0.005368257256308646,0.0734877283624081,-0.01303864354778609,-0.08652637191019419,0.0230051147897505,0.010047420947976698,-0.012957693841773803,,0.008468432390897802,,,-0.01369764120279909,,0.0230449030223426,0.0060278161705634055,-0.017017086851779193,0.0196840638902287,0.007752001120729071,-0.011932062769499631,-0.05484097849617,0.019014379809924247,0.07385535830609424,-0.0539555856328689,0.021495200707315885,0.07545078634018479,,-0.0040377934079185995,,0.0596754455825206,0.006833555128574509,-0.05284189045394609,0.0110753185849734,0.002846500401654558,-0.008228818183318842,0.0112225167511777,0.0029337090160995428,-0.008288807735078157,0.0288947825100112,-0.005896135600021462,-0.03479091811003266,0.0509548726076497,0.006238268764018507,-0.04471660384363119,0.049752510265126,0.006709174364185744,-0.043043335900940255,-0.0217841397121447,-0.0399474186081399,-0.0181632788959952,-0.1058464685459259,0.014696175437414222,0.12054264398334012,,0.021342684326995924,,0.0185764388210578,0.01567039266954273,-0.0029060461515150703,0.0412783304607871,0.0017516362369065443,-0.039526694223880554,0.0302243939258009,0.006664036658907734,-0.023560357266893164,0.0317128428339944,0.012589226353228289,-0.01912361648076611,0.0359738380064952,0.013064070596970156,-0.022909767409525043,0.0337710832879068,-0.009987398910024805,-0.04375848219793161,,0.0111204001735452,,0.0090475533278561,0.013060477969018273,0.004012924641162173,0.008761934520054,0.009853617260810956,0.0010916827407569558,0.0171185706300148,0.010979146380138596,-0.006139424249876204,0.0248601825513011,-0.0012093899440534766,-0.026069572495354576,0.0527621819611574,0.008572775987502857,-0.04418940597365455,0.0584863733996747,0.005978553631987905,-0.05250781976768679,0.0389455278109564,-0.011204464771881797,-0.0501499925828382,-0.0150168892476794,0.006140397068213859,0.02115728631589326,-0.009603166079098,0.006708066794256127,0.016311232873354127,0.0300109423513509,-0.001954079347600435,-0.03196502169895133,0.0320130867683286,0.00951259194419441,-0.022500494824134187,0.0326413731196447,0.010138383052058905,-0.02250299006758579,0.0602625328331817,-0.00805803201987671,-0.0683205648530584
2014-01-01,,0.009606332412277357,,0.0448867630641876,0.022204499048972044,-0.02268226401521556,-0.0044286732240779,0.015652877775910973,0.020081550999988873,0.0093471216533544,0.007265194863466258,-0.0020819267898881423,-0.0009487449649318,0.03655578852391077,0.03750453348884257,0.0213495057037767,0.018198903978099305,-0.003150601725677396,0.0222354286431463,0.019127733894081275,-0.0031076947490650264,0.000672979200969,0.008729150566373724,0.008056171365404723,0.0513060833492046,0.01971061005933914,-0.03159547328986546,0.0512594007329191,0.02008914049779601,-0.031170260235123086,0.0551729953818547,-0.0069507095404063276,-0.06212370492226103,,0.008575876091811407,,0.0468840208113909,0.013756616493846432,-0.03312740431754446,,0.004816970896303954,,0.0315098227902232,-0.00018419727232475876,-0.031694020062547956,0.0276229897736934,0.01890857599874274,-0.00871441377495066,,-0.009781272203711746,,0.0459752643689063,0.012372269295203525,-0.03360299507370278,0.0759177904294628,0.023380765337954662,-0.052537025091508135,0.0508654561168923,0.01739297829838086,-0.03347247781851144,-0.0135936375395277,0.0028171350773681684,0.01641077261689587,,0.0008526347583910389,,0.0412114844883865,0.013991230908943355,-0.027220253579443143,,-0.066033878693748,,0.0265281972838544,0.0154724375731243,-0.011055759710730102,0.0261698919903087,0.01579755044734312,-0.010372341542965579,-0.0063980737968735,-0.010304073034621698,-0.003905999237748198,0.0826436159975159,0.02627566161940609,-0.05636795437810982,,-0.05480588712407453,,0.0293206730382469,-0.0010417934159402745,-0.030362466454187175,0.0163260543990983,0.018410084419297507,0.0020840300201992075,0.017882919046706,0.012180225722044559,-0.005702693324661442,0.0174314839298244,0.014150651490169738,-0.003280832439654661,0.04636588374938,0.006109533483462458,-0.04025635026591754,0.0481162543254011,0.01236027590632588,-0.03575597841907522,0.0535382694701525,0.012765275967646931,-0.04077299350250557,0.0192271317638341,-0.001837510437053391,-0.021064642200887492,0.0546031600367039,0.008467648278667573,-0.04613551175803633,,0.008419074831720563,,,-0.013859167554529622,,0.0112448055707592,0.011679626943052322,0.00043482137229312184,0.012678787850922,0.012342550699907256,-0.00033623715101474376,0.1051375904087945,0.03520492802727403,-0.06993266238152047,0.0834484037834041,0.033038613101876516,-0.05040979068152758,,0.04380835967345622,,0.0327388015783775,0.0014279711134988987,-0.0313108304648786,0.0328225956969715,0.006727908972701292,-0.026094686724270205,0.0329477591711102,0.010217306821801254,-0.022730452349308948,-0.0283021998184916,-0.003979594414983331,0.02432260540350827,0.0057274385454391,0.006330382247493973,0.0006029437020548733,0.0048722962069159,0.0054019716270526305,0.0005296754201367304,0.0279642979668016,-0.008563261611595128,-0.03652755957839673,-0.0015361309187045,0.024319524293574823,0.025855655212279324,,0.05806176123365711,,0.040327855042395,0.0293070173977528,-0.0110208376446422,0.026065955153956,0.003998511644275701,-0.022067443509680297,-0.0111806939036249,0.011951497442277748,0.02313219134590265,0.0039729946149745,0.01015286153564761,0.006179866920673111,0.0037873684318133,0.010198229363842532,0.0064108609320292324,-0.0611653655694613,-0.005635456607327797,0.0555299089621335,,0.019321059915434147,,0.0502255667890961,0.011448550410717864,-0.038777016378378236,0.0173860585726905,0.015221567464036996,-0.002164491108653502,0.0189053014147876,0.015895722783588476,-0.003009578631199123,-0.0035847250235784,0.00659074198211919,0.010175467005697589,0.0314132147074448,0.010145643394487433,-0.021267571312957367,0.0284548527095718,0.016387687839967375,-0.012067164869604425,0.0812153814825106,0.025058020439831918,-0.05615736104267868,0.0189040323029276,0.013097292976965146,-0.005806739325962455,0.0271728453577583,0.01401972400339515,-0.01315312135436315,0.0143239393929955,0.0015345347547042576,-0.012789404638291242,0.0225203546067835,0.013062487524598945,-0.009457867082184556,0.0150274798454314,0.013630873205044093,-0.0013966066403873073,0.0059523394920197,-0.008788436287138273,-0.014740775779157974
2014-02-01,,0.008632811932072312,,-0.0649895283774646,0.010355370256437887,0.0753448986339025,-0.0477258616556883,0.0038907775254864575,0.051616639181174755,-0.0600639937017295,0.008475200675886854,0.06853919437761635,0.007560545623577,0.024119770583036274,0.016559224959459273,-0.046396752407734,0.008517768843682846,0.05491452125141685,-0.0458508090910347,0.008548190453554691,0.05439899954458939,0.0156968132120498,-0.0032142308795234716,-0.01891104409157327,0.0019488006040976,0.012579257338392612,0.010630456734295012,0.0030486456424734,0.013172844346030303,0.010124198703556903,0.0165451132180615,-0.011358646583690247,-0.02790375980175175,,-0.0037710422562409686,,-0.0312977783417673,0.00802157958122167,0.03931935792298897,,-0.002563140276577246,,0.0091480253243642,-0.015212304051457086,-0.024360329375821284,-0.0233865323330172,0.005225385568816984,0.028611917901834184,,-0.016656110823516625,,-0.0059427188075491,0.007626210625177567,0.013568929432726667,0.0050987130094208,0.012115641110694157,0.007016928101273357,-0.0485021561918871,0.011228751072675888,0.05973090726456299,-0.0681778953611306,0.004190173308474016,0.07236806866960462,,0.023483904120147683,,-0.0147057731613304,0.014514613398048944,0.029220386559379342,,-0.04712332910963461,,-0.0599850167489728,0.02096224968033178,0.08094726642930458,-0.0626543920796852,0.021532314644754427,0.08418670672443963,0.000734663176761,-0.008109175390371778,-0.008843838567132778,0.0242624150589613,0.01477958864748914,-0.00948282641147216,,0.04422949360010543,,-0.0346029410939842,0.0037584430154819284,0.03836138410946613,-0.0223272587755843,0.005616270031539209,0.02794352880712351,-0.0615954008255092,0.00824004489343986,0.06983544571894906,-0.0628916317165618,0.008083809385703867,0.07097544110226567,-0.1271691179873846,-0.0019955293527281065,0.1251735886346565,-0.0503678011611725,0.01263176663407269,0.0629995677952452,-0.0526147398758822,0.013894212479731122,0.06650895235561333,-0.0564129333283258,-0.016426316187348137,0.03998661714097766,0.0037791704149237,0.010162513791408926,0.006383343376485226,,0.007500663841808779,,,-0.010640248858595344,,-0.002991621220525,0.004402965949708435,0.007394587170233435,-0.0053264166074918,0.006936117436446219,0.012262534043938018,-0.0707499742513362,0.03461119151017952,0.10536116576151572,-0.0313368675635964,0.019188863536827163,0.05052573110042356,,-0.01730137672469574,,-0.028243910981664,0.005041235936874959,0.03328514691853896,-0.0647378131545952,0.00044486794368511404,0.06518268109828032,-0.0693017005074426,-0.0012841531871492988,0.0680175473202933,-0.0027186874913379,-0.00515425572596688,-0.0024355682346289802,0.0308817709234271,0.006282131358990075,-0.024599639564437024,0.0285715024657708,0.006786347109150458,-0.02178515535662034,0.0376639367003667,-0.039665783928700064,-0.07732972062906676,0.0743017014281202,0.015528261965825543,-0.05877343946229466,,0.007219870594571487,,-0.0031406522083128,0.011633348040241862,0.014774000248554662,-0.1632627174618096,0.0009215054929065031,0.1641842229547161,-0.0508144001445535,0.005170959473974751,0.05598535961852825,-0.0758353651458863,0.013172848667333809,0.08900821381322012,-0.0689383152215062,0.013751718520987966,0.08269003374249417,-0.0463339357867735,-0.011308195455870506,0.03502574033090299,,0.006199219647768354,,-0.0703650026730951,0.009792093908549187,0.08015709658164429,-0.0100498506159818,0.007805252341107476,0.017855102957089274,-0.0215158636523812,0.009354803084654226,0.030870666737035427,0.0101041849397237,-0.0039246301964587955,-0.014028815136182496,-0.0318540976724992,0.007341829066399477,0.03919592673889868,-0.0359207198056402,0.002057875246152138,0.03797859505179234,-0.0322252679524072,-0.012614317131990928,0.019610950820416268,0.0160961354426236,0.003900588942004352,-0.012195546500619246,0.0146058659915812,0.004893753093965,-0.0097121128976162,-0.0318940253009093,-0.00433443012975809,0.027559595171151207,-0.0175487083248013,0.007093682058592952,0.024642390383394254,-0.0081794105665597,0.007611974559903025,0.015791385126462724,0.0082143571168738,-0.0034994139927980246,-0.011713771109671825
2014-03-01,,0.022266403140667388,,0.0349106759703626,0.0071691006506060685,-0.02774157531975653,0.0076206240935327,0.016730090300928663,0.009109466207395963,0.0634963377729634,0.011423598853021799,-0.0520727389199416,0.0941464238744154,0.015535304124131274,-0.07861111975028412,0.0366865923029206,0.012726873326765305,-0.023959718976155297,0.0366995072282414,0.014537987767093235,-0.022161519461148162,0.0233957815398232,0.0022586441328145347,-0.021137137407008667,0.0419879408086437,0.007847921548627922,-0.03414001926001578,0.0413288417895861,0.008995086607255587,-0.03233375518233052,0.0250499091993008,-0.02593242197059174,-0.050982331169892536,,0.004573019790050857,,0.0820974683181122,0.008168694041733725,-0.07392877427637848,,0.013371639369157893,,0.0741510027433526,-0.008169509369362279,-0.08232051211271488,0.0017409434804386,0.0020631599161679334,0.0003222164357293334,,-0.022937386651071597,,0.0125018941711069,0.019626738702733904,0.007124844531627003,0.0635572805768791,0.02230321307822737,-0.04125406749865172,0.0622117977918404,0.024209438396918023,-0.03800235939492237,0.0305987098555172,0.013919555338465516,-0.016679154517051684,,-0.002066029697140922,,0.0577766242303842,0.010375068451345011,-0.04740155577903919,,-0.05329301244151248,,0.053535800762551,0.014061595473795858,-0.03947420528875514,0.0526890855971446,0.014431353822987547,-0.038257731774157054,0.0085605314284945,-0.021884622030377533,-0.030445153458872033,0.0892777704151617,0.005157372759442346,-0.08412039765571935,,0.016544385028637865,,0.0353618625513124,0.00879473786403509,-0.02656712468727731,0.0587917614067953,0.011607117509238547,-0.04718464389755675,0.040173498577404,0.013962822404033206,-0.026210676173370796,0.0412110532687209,0.015262909693373832,-0.025948143575347065,0.0740180264821211,0.0038314153691093216,-0.07018661111301178,0.0607072279295461,0.01985623161077046,-0.040850996318775645,0.060226439526881,0.0216623630593158,-0.0385640764675652,0.0361363308664079,-0.025623938887165625,-0.06176026975357352,0.0427696725158237,0.015908339275878397,-0.0268613332399453,,0.01838325554678187,,,-0.013672491559700913,,0.0420056465421623,0.007536831481442336,-0.034468815060719964,0.0469548841439586,0.011468529301198998,-0.035486354842759596,0.0102816654863379,-0.01747273103847289,-0.02775439652481079,0.027828290649955,0.0223431070344438,-0.005485183615511202,,-0.04128808580781017,,0.0860179133980051,0.01466936253776938,-0.07134855086023573,0.0505031627118552,0.016186867239693405,-0.03431629547216179,0.0558625245350205,0.01805577537226349,-0.037806749162757,0.1098067983018064,-0.0007663753280110399,-0.11057317362981743,0.0630864719612728,0.01108676054045307,-0.05199971142081973,0.0633113832898306,0.012903943477198782,-0.05040743981263182,0.0406393086702217,-0.07395046090077881,-0.1145897695710005,0.0885809822223891,-0.006570344393222603,-0.0951513266156117,,-0.01861000046384579,,0.0323287975108965,0.015093750132800881,-0.017235047378095617,0.0406380599675632,0.00610030924588046,-0.03453775072168274,0.0351227771421922,0.011214849805157572,-0.023907927337034632,0.0506815539594546,0.01920652510097529,-0.03147502885847932,0.0504971375549307,0.019752596353078355,-0.030744541201852348,0.0038773405306637,-0.01466106686421989,-0.01853840739488359,,0.0023214171355070146,,0.0632822492187289,0.01584911769181009,-0.047433131526918804,0.0360833368647645,0.011311881381563166,-0.02477145548320133,0.0316662008659691,0.01171807542971721,-0.019948125436251893,0.0439791560056265,-0.0009290612130255128,-0.04490821721865201,0.0388105269057326,0.013787839341541071,-0.02502268756419153,0.0444022933586392,0.009398595520992013,-0.03500369783764719,0.0229810811108691,-0.03573928953980661,-0.05872037065067571,0.0287192759809124,0.008302990567321865,-0.020416285413590536,0.0250542512849216,0.007865656449561132,-0.01718859483536047,0.0317995719173159,0.004653004553985824,-0.027146567363330078,0.0443237251873878,0.012484826981534582,-0.03183889820585322,0.0444794461247386,0.013513138761348858,-0.03096630736338974,0.0735651477180038,-0.022762868448064504,-0.09632801616606831
2014-04-01,,0.002755351761936415,,0.0027818445358054,-0.0018975746570261151,-0.004679419192831515,0.0315153324961499,0.01610803787888388,-0.015407294617266018,-0.0162857262052806,0.011064570583490491,0.02735029678877109,0.0152811801065695,0.003515427834472885,-0.011765752272096615,0.0241942543022962,0.0018784597364547107,-0.022315794565841488,0.0240630072348309,0.0027989209104073575,-0.02126408632442354,0.0154170708491842,-0.001792369664640733,-0.017209440513824933,-0.0268443967659647,0.002555179257155307,0.02939957602312001,-0.0265702653477705,0.003669749934898744,0.030240015282669244,-0.0208983817374246,-0.031025435397409352,-0.010127053659984751,,0.009685824887283253,,0.018946215465992,0.0011939351036010896,-0.01775228036239091,,0.016779943218369613,,0.0392327401784817,-0.007168281379284492,-0.04640102155776619,0.0141728829995809,-0.0019290427869058638,-0.016101925786486764,,-0.00496301183490695,,0.018927349830542,0.008200017669721098,-0.010727332160820901,-0.0482901010458415,0.015358036394346155,0.06364813744018766,-0.0193012208999892,0.012897623379918127,0.032198844279907324,0.0172760002929416,0.012611227387305692,-0.004664772905635909,,0.022494623470986498,,0.0063074640587424,0.00770992560911129,0.00140246155036889,,-0.04308345470028456,,0.0273184637493113,0.007880332248558438,-0.019438131500752864,0.0290697354249535,0.008184346396359886,-0.02088538902859361,-0.0445300551301939,-0.030080811246393863,0.01444924388380004,-0.0814957533215007,0.001067642781774117,0.08256339610327482,,0.03410083577781483,,0.0401853539050966,0.009496639425077228,-0.030688714480019374,0.0222787892780505,0.008684751346282174,-0.013594037931768325,0.0238546615153076,0.00781694614199177,-0.01603771537331583,0.0252676877241368,0.008926608065637451,-0.016341079658499347,-0.0236487517090838,0.010897059444704692,0.03454581115378849,0.0062882693342638,0.011697044978911537,0.005408775644647737,0.014919380196745,0.013168416341378704,-0.0017509638553662964,0.0302062971874332,-0.018415253961077686,-0.04862155114851088,-0.0200850495896343,0.007723120931377859,0.02780817052101216,,0.01733341903846856,,,0.007959177395467337,,0.0152428415890743,0.005946969705996201,-0.0092958718830781,0.0184404454251385,0.00793324881920083,-0.01050719660593767,-0.0358514328981323,-0.03856425405255129,-0.0027128211544189887,-0.0330014791036589,-0.0002942830317157498,0.032707196071943154,,-0.03782314060691165,,-0.0012575882408692,0.015756158490678098,0.017013746731547298,0.0378997940597137,0.010620832161347078,-0.02727896189836662,0.0341481008237733,0.017294164668597338,-0.016853936155175962,-0.0040477478497326,-0.010768429138130099,-0.006720681288397499,-0.0270880949365067,0.0074678345354889245,0.03455592947199562,-0.0244337373476046,0.009355679961287599,0.0337894173088922,-0.088604610304669,-0.06457637224572016,0.02402823805894884,-0.0926086579727287,-0.006170431390380864,0.08643822658234784,,-0.01738973608148294,,0.0028343623061317,0.005184820130757087,0.0023504578246253873,0.0529183573567111,0.003400966460426262,-0.04951739089628483,0.0231336757632019,0.006507521926080341,-0.016626153837121557,-0.0165351102773472,0.014679333798323386,0.031214444075670585,-0.020903139180652,0.015317335145491998,0.036220474326144,0.0403075658610496,-0.019637266767871822,-0.059944832628921425,,0.0015374963550883903,,0.04798511470384,0.006712347981230989,-0.04127276672260902,0.0065395196102006,0.004850354573770212,-0.0016891650364303876,0.0088172251117818,0.004903750965325953,-0.003913474146455848,0.041546469782869,-0.00856107055491119,-0.05010754033778019,0.0011624132594438,0.006957212065620704,0.005794798806176904,-0.0044384928514279,0.007481471459018544,0.011919964310446444,-0.015479949403061,-0.0339891546363641,-0.0185092052333031,0.0362172211024019,0.00432832535344645,-0.031888895748955454,0.0396948793394675,0.004381905086408089,-0.03531297425305941,0.0293475739901836,0.0010858643144306152,-0.028261709675752984,0.0033020024848546,0.010167095414192065,0.006865092929337465,0.0024725071141802,0.011337375422505345,0.008864868308325145,0.069955563504865,-0.01964902748316247,-0.08960459098802746
2014-05-01,,-0.0019420737911667618,,0.0266520518801172,0.010084820112976643,-0.016567231767140558,0.0366510664112448,0.008363597281608385,-0.028287469129636415,-0.0344576997098606,0.007366492353846349,0.04182419206370695,0.0004466306238225,0.024225484399823062,0.02377885377600056,-0.0200923843318762,0.00932585467310277,0.02941823900497897,-0.0186463684184155,0.009760459785567246,0.028406828203982746,0.0086377022630386,0.00183015877134194,-0.00680754349169666,-0.0135363373354092,0.010033563274889813,0.02356990061029901,-0.0097050298983005,0.010746038841511802,0.020451068739812304,-0.0209760988786828,-0.015693040825106766,0.005283058053576033,,0.0021935347453536876,,0.012197824030341,0.007036402861094912,-0.005161421169246088,,0.0008927880814099919,,-0.03254102986017,-0.008706626425670662,0.023834403434499336,0.0005769517946271,0.006215827131644149,0.005638875337017049,,-0.013239460967104655,,0.0214651185198458,0.009019803469691522,-0.012445315050154278,-0.0339971401069041,0.01899427192241844,0.05299141202932254,-0.0087391588659232,0.015348426345762757,0.024087585211685955,0.0287448947388477,0.007333646914868392,-0.021411247823979306,,0.008466202856921004,,-0.0339084751542983,0.012289628169489203,0.0461981033237875,,-0.04922196687919292,,0.0455769382747423,0.014216769643213657,-0.03136016863152864,0.0530847765942371,0.01451257595092268,-0.03857220064331442,-0.0342360825506138,-0.014500340954169388,0.01973574159644441,-0.038526229033925,0.013341468965819068,0.05186769799974406,,0.026855825385168126,,-0.0021342618723509,0.002209125116114526,0.004343386988465426,-0.019881628989344,0.011791420912776851,0.03167304990212085,-0.0110186970671728,0.011184766066686135,0.022203463133858934,-0.0123620407062381,0.012153371708011881,0.024515412414249982,0.0585236625196316,0.008514671115496884,-0.050008991404134714,0.0077626455962297,0.013417834851348748,0.005655189255119049,0.0187075881234501,0.014591734776311888,-0.004115853347138213,-0.0095236254031673,-0.011254061309564403,-0.0017304359063971021,-0.0298306152476025,0.008896996806368915,0.03872761205397141,,0.007739973791935821,,,-0.009815856197501693,,-0.0243104140716666,0.005169409655477043,0.029479823727143643,-0.0228437823936326,0.008848401483595685,0.03169218387722828,2.129132824146744,0.019161022578734435,-2.1099718015680096,0.0195100426171333,0.019308233872345607,-0.00020180874478769456,,-0.010159638063509804,,0.0047642680654431,0.0056411640873900125,0.0008768960219469124,0.0545367673724302,0.004684565813513436,-0.04985220155891676,0.0537433413060305,0.004542458457078468,-0.049200882848952035,0.0420694433506091,-0.0025181295167528875,-0.04458757286736199,0.0006878017851653,0.005294197945769553,0.004606396160604253,0.005438101391024,0.005896801852235469,0.0004587004612114686,-0.1655216728282949,-0.04242680618639292,0.123094866641902,0.0137858671530899,0.008952254838959256,-0.004833612314130644,,0.007626350253768746,,-0.0195600692362379,0.017185702235028338,0.03674577147126624,-0.0183063831129226,-0.0026059334496805874,0.015700449663242015,-0.0165033240764544,0.004223114065910643,0.020726438142365043,-0.0151166993322732,0.014180726510494691,0.029297425842767892,-0.0119606913727608,0.014283308108012573,0.026243999480773373,-0.0100520253096344,-0.006481297245255422,0.0035707280643789783,,0.0017102428103601096,,0.00392542615747,0.00828383820734027,0.00435841204987027,0.0032785829817241,0.008826297731696802,0.0055477147499727025,0.0025148006131067,0.00962102109949077,0.00710622048638407,-0.0164115311039183,-0.0012013927140474899,0.01521013838987081,0.0145884431708646,0.006757716101411313,-0.007830727069453286,0.0152874102675688,0.002611938417975166,-0.012675471849593634,0.0504865333848743,-0.0028729769220102582,-0.05335951030688456,0.0356742824824579,0.005415850923247881,-0.03025843155921002,0.0394631712323275,0.006243748545738878,-0.033219422686588625,-0.0289759527765863,-0.0031572044269239314,0.02581874834966237,-0.0026269727387363,0.009487052301497677,0.012114025040233976,-0.0084057096634759,0.009879079223352,0.0182847888868279,-0.0150806095766065,-0.008535543058785582,0.0065450665178209185
2014-06-01,,0.02830404044425236,,0.0115600790054103,0.01328035702642304,0.0017202780210127406,0.0092320611798477,0.007227678447781998,-0.002004382732065703,0.0309816050684092,0.00530801669425231,-0.02567358837415689,0.0137016403707769,0.028245059499195892,0.014543419128418993,0.020118402384,0.012784326698951442,-0.007334075685048557,0.0210927717833459,0.013392790161115904,-0.007699981622229995,0.0056590980596261,-0.00254763687644626,-0.008206734936072359,0.0286936539960752,0.01945705881082103,-0.00923659518525417,0.0299239510606062,0.020012137239597497,-0.009911813821008704,-0.0343318908701647,-0.005611804712951155,0.028720086157213547,,-0.006401901530227563,,0.0319812131745494,0.01041183757083059,-0.021569375603718806,,-0.004022764794285022,,-0.029956900870241,-0.01886835821133201,0.01108854265890899,0.0383468400368567,0.011804867939780167,-0.02654197209707653,,-0.030329206973327378,,0.0308925500284832,0.008551288120576888,-0.022341261907906314,0.0242890848353545,0.014009888492155807,-0.010279196343198693,0.0148060930765307,0.010333825655721714,-0.004472267420808985,-0.0066709657726291,-0.0010244516227575127,0.005646514149871587,,-0.0008368334362917965,,0.0079893567937601,0.011648590723524362,0.0036592339297642617,,-0.06091349627478855,,0.052214149012211,0.02378293438923345,-0.028431214622977548,0.0549878924304149,0.02459417069534394,-0.03039372173507096,-0.0208617610679645,-0.0006634658720418244,0.02019829519592268,0.0369324093314166,0.018661055130859472,-0.01827135420055713,,-0.000966092653884457,,0.0385093055096171,-0.000536285002104387,-0.03904559051172149,0.0633733310824519,0.0022932221009342862,-0.06108010898151761,0.0194007550003338,0.007542679934283876,-0.011858075066049925,0.0246145993396546,0.007514886742364425,-0.017099712597290175,-0.0295109870663302,-0.005291734805988491,0.02421925226034171,0.0081330709026686,0.010744136907089866,0.002611066004421266,0.0109642258940944,0.011493041239817169,0.0005288153457227683,-0.0290091252958304,-0.020340752859453685,0.008668372436376713,0.0318398503832533,0.012410606596555344,-0.019429243786697956,,0.010197600510777692,,,-0.006852007623173032,,0.0389276075763394,0.007347559783992926,-0.03158004779234648,0.0400077811876744,0.010372364791047873,-0.029635416396626528,-0.0566126890557738,0.06849048330653718,0.12510317236231097,-0.0222592290304875,0.026994385641707516,0.049253614672195016,,-0.014426507625714782,,0.0490971073757324,0.0002491188564011761,-0.04884798851933122,0.0121685479450186,0.0034766125256950765,-0.008691935419323523,0.0167544145928206,0.0017776244496332354,-0.014976790143187365,-0.0056745458133764,-0.001587638069904162,0.004086907743472238,0.0063270344966118,0.009294910212244384,0.0029678757156325836,0.0070078076070081,0.009069254629630097,0.0020614470226219973,-0.0677950917792177,-0.023146544182373573,0.04464854759684413,-0.0705275723543597,0.02083708561981294,0.09136465797417265,,0.0017022829905692198,,0.057233921331608,0.014266813621616713,-0.042967107709991285,-0.0053832613467683,0.006074458778225364,0.011457720124993664,0.0268480238278999,0.01051967143270011,-0.01632835239519979,-0.0059420532405617,0.014104933359603968,0.02004698660016567,-0.0060671381891284,0.014794233362388543,0.020861371551516943,0.0439545919556147,-0.014543948755981447,-0.058498540711596145,,0.005376608743573527,,-0.0022653525224934,0.005570502890504192,0.007835855412997592,0.0187693155111776,0.009691549267877318,-0.00907776624330028,0.018900863069227,0.011670514281666742,-0.007230348787560258,-0.0052962967769987,-0.0024494345916899456,0.002846862185308754,0.0535066418460973,0.009692243801703079,-0.043814398044394215,0.0570827359151846,0.006889487438274511,-0.050193248476910084,-0.0692076956620377,0.001715621221486923,0.07092331688352463,0.0026252824526197,0.0069274045203980734,0.004302122067778373,0.00365800565506,0.008573535075052046,0.004915529419992046,0.022674002786001,-0.0025829131243159846,-0.025256915910316983,0.0306151647424902,0.006397311983642279,-0.024217852758847924,0.043681254846213,0.006956653251645135,-0.03672460159456786,-0.0419105396134862,-0.0002683023356029042,0.0416422372778833
2014-07-01,,-0.0072581154884626044,,-0.0175250060813881,0.007457565650947689,0.02498257173233579,0.0534569792943915,0.01684355777000055,-0.03661342152439095,0.0068682801579113,0.011006848313480653,0.004138568155569352,0.05924105845962,0.015681580086683668,-0.04355947837293633,0.0274888183361144,0.007334166404273104,-0.020154651931841294,0.0265991852393103,0.008147283226493931,-0.018451902012816372,0.0237782423872788,0.004614756264751477,-0.019163486122527322,0.0194134503395805,0.0059811988792185635,-0.013432251460361939,0.0146379737390406,0.006821027660346602,-0.007816946078693997,0.0486037684568704,-0.025131661368956646,-0.07373542982582705,,0.0138831225218753,,0.0142370126888708,0.005356021370967014,-0.008880991317903784,,0.014978095169992087,,0.0203760834190519,0.0011372529111110172,-0.019238830507940882,0.0058513229833866,0.0047569122897248624,-0.001094410693661738,,0.0027607613534118254,,0.0250841414514956,0.010163975337801643,-0.014920166113693956,0.023997951432903,0.020274385407947668,-0.003723566024955334,0.0418482057865164,0.01666019295634679,-0.02518801283016961,-0.0115096653001606,0.012051393144335695,0.023561058444496297,,0.021856211984334073,,0.0392351439351868,0.011186383981798588,-0.028048759953388215,,-0.04758438679681381,,0.040955915556276,0.0070860026658975455,-0.033869912890378454,0.0379378195486458,0.007178275077490453,-0.030759544471155347,0.0487940922759586,-0.028257965611813072,-0.07705205788777167,0.0212632776660675,0.010126977080161581,-0.01113630058590592,,0.0058728240202401165,,-0.0115766379982434,0.006848758452904353,0.018425396451147755,-0.0055879987118931,0.017340458017375472,0.022928456729268572,0.0337290254992759,0.010910790690184023,-0.022818234809091877,0.0405202393166619,0.012817471024913017,-0.02770276829174888,0.0209763761839596,0.014055307375034751,-0.006921068808924848,0.0456404683863563,0.012964347431081815,-0.03267612095527448,0.0403925236206055,0.014151391470830827,-0.026241132149774672,-0.0022887796057776,-0.0065765660408668965,-0.004287786435089296,0.0291411156157597,0.006164161596348744,-0.022976954019410953,,0.012683987896444808,,,-0.0024966588976058535,,0.0221222470636188,0.007847809376249586,-0.014274437687369213,0.0198870662252313,0.008887245257557366,-0.010999820967673934,-0.078282230101963,-0.03219609904843736,0.046086131053525645,0.0320565503051768,0.010065425620326338,-0.02199112468485046,,0.003111586435505466,,0.0474184740905611,0.012506651497438456,-0.03491182259312264,0.0527567472933967,0.009173288922856834,-0.04358345837053987,0.0597500457018712,0.015859521976024592,-0.043890523725846606,0.0042230113467008,-0.009709808873922737,-0.013932820220623535,0.0205302073599082,0.005185760000820067,-0.015344447359088131,0.0178409533674081,0.006185152042571381,-0.01165580132483672,0.0009508174216252,-0.04754629225630701,-0.04849710967793221,0.1891742143059414,0.0028683379356956723,-0.1863058763702457,,0.023005014162010503,,0.0507104453894011,0.016619111424312657,-0.03409133396508844,0.0009414974761745,0.0007408544670006673,-0.00020064300917383272,0.028025147181037,0.006580327803996263,-0.02144481937704074,0.0126519455983421,0.012032219209229353,-0.0006197263891127465,0.00555119539472,0.012220859816147185,0.006669664421427185,0.0106486856304485,-0.010915831851479256,-0.021564517481927756,,0.010279444812856094,,0.0266845837037767,0.010776378624297329,-0.015908205079479373,0.0276041968462462,0.009080526392192688,-0.01852367045405351,0.0207879071798417,0.00885426871152138,-0.011933638468320318,0.0192289412282639,-0.0015174374652465294,-0.02074637869351043,0.0203018338740023,0.007172946056404072,-0.013128887817598228,0.016581158121805,0.010735649579784873,-0.005845508542020126,0.0665280077248346,-0.011626838857459933,-0.07815484658229453,0.051803454230439,0.007746502324560194,-0.044056951905878806,0.0511748156383293,0.007732262932366615,-0.043442552705962686,0.0596322300016656,0.0014570934025348245,-0.058175136599130775,0.0094656221889797,0.013030534118657091,0.003564911929677391,0.0019898043086409,0.01394368750406558,0.01195388319542468,0.0140266025307427,-0.019035023945395774,-0.03306162647613847
2014-08-01,,0.008766680316435273,,-0.0495571704342269,0.011563399880884777,0.06112057031511168,-0.0221734170809678,0.004345839208213372,0.02651925628918117,-0.0081164667229722,0.00825923167672105,0.016375698399693252,-0.0235742807866248,0.025646833293811167,0.04922111408043597,-0.0007360931408476,0.00936316269804368,0.010099255838891279,0.001519471067435,0.009422687335305772,0.007903216267870772,0.0067770231190192,-0.002415698193771988,-0.009192721312791188,0.0079516874689919,0.013428103739189675,0.005476416270197775,0.0143377668047173,0.01398748740448673,-0.0003502794002305694,-0.0586949398578935,-0.010376810933661135,0.048318128924232366,,-0.003286417383237909,,-0.0121031886894475,0.008609806094391954,0.020712994783839454,,-0.002675556664787824,,0.0218646387363123,-0.014393196160222365,-0.03625783489653467,0.0064205685569356,0.006478904320874425,5.833576393882503e-05,,-0.016449755294004973,,0.026623376896562,0.007827132880442572,-0.01879624401611943,-0.1041242921045348,0.012785988256560249,0.11691028036109505,-0.0642093741504892,0.011496922039376016,0.07570629618986521,-0.0295414868281816,0.0037520009381363482,0.03329348776631795,,0.02190015103429274,,-0.0985016177910231,0.014653928967980338,0.11315554675900344,,-0.04862990182695601,,0.0028636051706633,0.020942660527611515,0.018079055356948214,0.0091214453169271,0.02150398758213481,0.012382542265207712,-0.0647666947077095,-0.007557599652237011,0.05720909505547249,-0.0148121484640832,0.01607422517742165,0.03088637364150485,,0.037203684184322176,,-0.0375218716260556,0.0031714661542705403,0.04069333778032614,0.0286295656289228,0.006406779149080214,-0.022222786479842584,-0.0285257163805375,0.008478995120058543,0.037004711500596046,-0.0189790233837712,0.008436346725489935,0.027415370109261136,-0.1191877257191743,-0.0017501373029214086,0.11743758841625289,-0.0638034965904559,0.012538644489272773,0.07634214107972867,-0.0564847153392644,0.013723216490789999,0.0702079318300544,-0.0940333931693643,-0.015214040313458042,0.07881935285590624,-0.0375868529852553,0.0100395551705851,0.0476264081558404,,0.007222860694337675,,,-0.01124872977068614,,-0.0016676624151274,0.004880770926048914,0.006548433341176314,0.0044351313844845,0.007286316059326346,0.002851184674841846,-0.0499737631923797,0.037198641601820515,0.08717240479420021,0.0400419831883759,0.020679023130473595,-0.019362960057902306,,-0.012046571014972314,,-0.0417562801947484,0.004374996179123458,0.046131276373871856,-0.036905829936237,0.0005151891046887271,0.03742101904092573,-0.0304971790627639,-0.0010720956888735599,0.02942508337389034,-0.054155528395891,-0.004943321290480945,0.04921220710541006,-0.0080026018104288,0.006216708082722234,0.014219309893151035,-0.0048266845685768,0.0065636418990347375,0.011390326467611537,-0.0506067058001462,-0.036303957236049844,0.014302748564096357,-0.0250286609977546,0.01694778585183785,0.04197644684959245,,0.011747777390340861,,-0.0260122879440833,0.013076655545919379,0.03908894349000268,-0.0781141420198974,0.0010396998863612527,0.07915384190625865,-0.0254956728060966,0.0055909873429202455,0.031086660149016846,-0.0139792166661294,0.012860090487242275,0.026839307153371676,-0.0083461500237182,0.013397331723257484,0.021743481746975685,-0.0749649077137997,-0.010653668792232859,0.06431123892156684,,0.00726997288161513,,-0.0475858332514199,0.009871338981103225,0.05745717223252313,0.0038833213233436,0.008390186084041757,0.0045068647606981566,0.0081368437184294,0.00992479650372008,0.0017879527852906786,-0.0312317407298533,-0.0030622003306735104,0.02816954039917979,-0.0057888318170152,0.007490716050888334,0.013279547867903533,-0.0064404013377948,0.002914221420894088,0.009354622758688888,-0.0504914479842331,-0.008935971325716838,0.04155547665851626,-0.045803894446115,0.004533845410463814,0.050337739856578814,-0.0328248827930064,0.005565567133894955,0.038390449926901354,-0.0611521755214726,-0.004127880380285052,0.05702429514118754,-0.0265541201345861,0.007395544341910374,0.03394966447649647,-0.0169263503825649,0.00789522384631298,0.02482157422887788,-0.0176523292236401,-0.0032692598961289662,0.014383069327511135
2014-09-01,,-0.00332523149748087,,0.0425144243027801,0.003358553510666374,-0.03915587079211373,0.0444180155296691,0.016255212035144562,-0.028162803494524536,0.0281382838383676,0.009022838404779117,-0.019115445433588486,0.0481566337358238,0.011175434930244317,-0.036981198805579485,0.0210825673311948,0.00376811804977603,-0.01731444928141877,0.0209366510780754,0.004402466312865356,-0.016534184765210045,0.008902529757684,0.0011175035225264459,-0.007785026235157554,0.0308128954823988,0.006745330455029234,-0.024067565027369568,0.0288124734216146,0.007589225639096926,-0.021223247782517673,0.0223768325664907,-0.02435783630660877,-0.046734668873099475,,0.01177590608102193,,0.0454604637119915,0.002916397625920096,-0.042544066086071405,,0.013743660241367738,,0.087173550503483,-0.003725579526550845,-0.09089913003003385,0.0126233802211838,0.004609893218834166,-0.008013487002349634,,-5.6627836440815114e-05,,0.0315100616382341,0.005190138960008962,-0.026319922678225142,0.0738428132426044,0.01657408187732867,-0.05726873136527573,0.0806945541558466,0.010394529856668892,-0.07030002429917771,0.0541272781219926,0.008521430493432444,-0.04560584762856015,,0.020496099983406464,,0.039548639413356,0.008419042867534357,-0.03112959654582164,,-0.04838337136107227,,0.0646329945472877,0.007414535643654965,-0.05721845890363274,0.0633612521608116,0.007675268280549097,-0.05568598388026251,0.3519397812889524,-0.026351058478661638,-0.3782908397676141,-0.0357760423882567,0.008690311860220965,0.04446635424847766,,0.004426798484392918,,0.049504439524908,0.005257757378794398,-0.0442466821461136,0.0467899727641906,0.011630143152511761,-0.035159829611678836,0.0489188913025523,0.007303889546746372,-0.04161500175580593,0.0452077571878835,0.008802564086326162,-0.03640519310155734,0.0668938680488856,0.01341341215297812,-0.05348045589590748,0.0474765537673257,0.008578202068728705,-0.038898351698597,0.0488011963640042,0.009476558896931416,-0.039324637467072786,-0.0155819317354006,-0.008895604143798606,0.006686327591601994,0.0325720268834438,0.004604874234644625,-0.027967152648799176,,0.013620635062421727,,,0.00905141416295651,,0.0176499731092922,0.007559436823226514,-0.010090536286065686,0.0168098108224321,0.008570705620958557,-0.008239105201473543,-0.0687799836891287,-0.018984254093035054,0.049795729596093644,-0.0219597434176145,0.0032727689654244887,0.025232512383038988,,-0.0057159529360309705,,0.0590004148431836,0.010526552716717805,-0.048473862126465796,0.0189211712378674,0.007552760360921098,-0.011368410876946303,0.0124485570975294,0.015052619719415246,0.0026040626218858456,-0.0176362334333718,-0.011541914479365098,0.006094318954006703,0.0601936159818592,0.005548264427754908,-0.05464535155410429,0.0596007527509429,0.006395371603026797,-0.0532053811479161,-0.0307755714391717,-0.03951195528406053,-0.008736383844888833,0.0355039220782578,0.004610415891762228,-0.030893506186495577,,0.009871658029277367,,0.0579167647629397,0.010952120878364927,-0.046964643884574775,0.0172484001400547,0.002061346656024631,-0.01518705348403007,0.0040173688104097,0.006576545849827907,0.0025591770394182076,0.0706948662713858,0.011436370078482787,-0.05925849619290301,0.0725675391430656,0.011820393183397985,-0.06074714595966762,0.0062308903023422,-0.015797757610323874,-0.022028647912666073,,0.006590765690006506,,0.0637124297045488,0.00405328752638928,-0.05965914217815951,0.0398721233911253,0.006208416781626903,-0.0336637066094984,0.0422289641008117,0.006282635328140617,-0.03594632877267108,0.0469712486498594,-0.005662791064332184,-0.05263403971419159,0.0428624659391023,0.005288826512141718,-0.037573639426960584,0.045640026435837,0.009967149211888338,-0.03567287722394866,0.0363997539846325,-0.008920437736354894,-0.04532019172098739,0.0534164712103325,0.006197658763861581,-0.04721881244647092,0.0524213646301701,0.006816622701491633,-0.04560474192867847,0.0645220271401665,-0.00013632723589290623,-0.06465835437605941,0.039953616791325,0.010470396737900093,-0.029483220053424908,0.0355613509769615,0.011440220976343476,-0.024121130000618028,0.0023122758945863,-0.014600754550041287,-0.016913030444627587
2014-10-01,,0.041223214526381176,,-0.0074949732869142,0.007514634539099168,0.015009607826013368,-0.0183726813600404,0.00933296601224115,0.02770564737228155,0.0529228893738077,0.010921762970147814,-0.04200112640365988,-0.1239875329258319,0.014093073593912372,0.13808060651974427,-0.0136937573641969,0.006466611116842629,0.02016036848103953,-0.0128467411621648,0.006728882875436777,0.019575624037601578,-0.016435943840907,-0.010065554067144893,0.006370389773762105,-0.0102457907978866,0.018411992603281562,0.02865778340116816,-0.0053751936121927,0.01894932196477368,0.02432451557696638,0.0255976669203228,-0.010303940323620558,-0.035901607243943354,,-0.0035383869176663285,,-0.0347659831484175,0.00832512342078344,0.04309110656920094,,0.006917501438666588,,-0.1508393853796054,-0.020792146120138078,0.13004723925946732,-0.0208158359076164,0.007174929383288148,0.027990765290904548,,-0.017725772489770288,,-0.0228512518879468,0.0049459975010794155,0.027797249389026214,-0.0613379124986206,0.0014815363911811646,0.06281944888980176,-0.0321247752284721,0.001634782945014926,0.033759558173487025,0.0017867325627725,-0.0018931862490293746,-0.0036799188118018748,,0.04226938158356224,,-0.0668136555400633,0.012669994503683302,0.0794836500437466,,-0.054300472770622214,,-0.0149552840981438,0.02662780207769372,0.041583086175837516,-0.0107847587454013,0.027741134616048126,0.038525893361449425,-0.0439625101881032,-0.00631721424308665,0.03764529594501655,-0.0377659405681902,0.015399521946121042,0.05316546251431124,,0.008316473514518228,,-0.01289482844187,0.007553234334790914,0.020448062776660912,-0.0231841866438738,-0.00475766592370789,0.01842652072016591,-0.0214039942877582,0.00023250142074631003,0.021636495708504507,-0.0182214549313692,-0.000848650176673344,0.017372804754695853,-0.0595549703379816,-0.016825297257397096,0.04272967308058451,-0.0689307037250109,0.006779567307638801,0.0757102710326497,-0.0693840504006631,0.007621318627906246,0.07700536902856935,-0.0750487027207863,-0.025372284107814027,0.04967641861297227,-0.0262622579882098,0.01047545414501574,0.03673771213322554,,0.016485869213047937,,,0.006848030742913777,,-0.0295168046876062,0.0087746633944366,0.0382914680820428,-0.0270561446221034,0.006668375726643738,0.033724520348747136,-0.0971529015009513,0.03554837060732862,0.13270127210827992,-0.1161637688341392,0.010773150570348817,0.126936919404488,,-0.01862255178260199,,-0.0498407379428069,0.007289250416389158,0.057129988359196054,-0.0744786825041401,0.0008490911303352491,0.07532777363447535,-0.0679741399973741,0.005143457040196098,0.0731175970375702,-0.1123836777559974,-0.016073358486440856,0.09631031926955655,0.0107887225106499,0.011009734427488807,0.000221011916838907,0.0135127199743027,0.011161571167087605,-0.002351148807215096,-0.1082915528257546,-0.023605719706591737,0.08468583311916286,-0.1983001097831392,0.02425906430783756,0.22255917409097675,,0.010167740306423747,,-0.0386829606113671,0.00016149101762680132,0.0388444516289939,-0.0580098135777275,0.01666338649277164,0.07467320007049914,-0.008265782439483,0.014607063251920798,0.022872845691403798,-0.0082689972490104,0.009659786928467258,0.017928784177477657,-0.0031096984516298,0.011392585101884468,0.014502283553514269,-0.0177347358868473,-0.031069429559546228,-0.01333469367269893,,0.020965718796608517,,-0.0627070748525505,0.007905264289531384,0.07061233914208188,-0.0297860881203267,0.006363111827410028,0.03614919994773673,-0.0182861277243812,0.008523863211388137,0.026809990935769336,-0.0694721717119009,-0.01021102633248552,0.059261145379415375,0.0090279305107144,0.010103148793044926,0.0010752182823305263,0.0184968362241228,0.014818408510506904,-0.0036784277136158953,-0.0594932995176994,-0.027364234949520026,0.03212906456817937,-0.0269701983954294,0.005907176971973332,0.032877375367402734,-0.0217433706501007,0.007070401339094855,0.028813771989195554,-0.0617421825639403,0.00010548970840644378,0.06184767227234674,-0.0187292931238639,0.005196713893742989,0.023926007017606887,-0.0071820373027864,0.006653604271128495,0.013835641573914894,-0.0286268592854269,-0.0026403228596071655,0.02598653642581973
2014-11-01,,0.00018943602067176236,,0.0174994249896292,0.0011016327577801376,-0.016397792231849062,0.0086564202666165,0.007815276154531573,-0.0008411441120849267,0.0268361796903479,0.01167867697277302,-0.015157502717574878,0.0231687917329732,0.007328611312342349,-0.015840180420630852,0.0271177368593813,-0.0017295637729832032,-0.0288473006323645,0.0246673594096447,-0.0022371916396582044,-0.026904551049302904,0.0081526939469339,-0.00783133658024423,-0.01598403052717813,0.0133747575874764,0.007465277379975055,-0.005909480207501345,0.0100039166881991,0.008082423095536615,-0.0019214935926624849,-0.0341631183583068,-0.019994483367216452,0.014168634991090348,,0.0050547610783117135,,-0.0348054589896053,0.0020232692749264296,0.03682872826453173,,0.00943644723623147,,-0.0155422846559065,-0.011838841472385056,0.0037034431835214435,0.0218135203341425,0.0004918631892903751,-0.021321657144852128,,0.005424327825075313,,0.0052158464612125,-0.0008553950851101469,-0.006071241546322647,0.0589662927454509,0.003129400228029649,-0.05583689251742125,0.0373632858203183,0.0007350897727590286,-0.03662819604755927,0.0431220000704631,0.004513019543899825,-0.03860898052656327,,0.060402375382461126,,0.0509186143472438,0.012493408345308207,-0.038425206001935594,,-0.03792543463354805,,0.0395828239135239,0.015416891499622717,-0.024165932413901182,0.041579546061353,0.016001961114003482,-0.02557758494734952,-0.1146565877231658,-0.02067957522134625,0.09397701250181954,-0.0137616047958036,0.009628418073702412,0.023390022869506012,,0.048953923187434974,,0.0198359369927503,0.009002302994990288,-0.010833633997760012,0.0650850267466746,0.002720101129749678,-0.06236492561692492,0.0364258012717351,0.0011031507138824393,-0.035322650557852664,0.0298899982655583,0.0007662824238161002,-0.029123715841742198,0.0850218445872196,1.4228526921113865e-05,-0.0850076160602985,0.030957237405561,0.0053755894894758184,-0.025581647916085182,0.0374527352229674,0.006432258280200256,-0.031020476942767147,0.0355675057800285,-0.012281631435417684,-0.04784913721544618,0.0291324020328716,0.003105098215351067,-0.026027303817520532,,0.011466247376323305,,,0.01228936587760613,,0.076994383035682,0.005113559374855612,-0.07188082366082639,0.0770390400692695,0.0033571619269951052,-0.07368187814227439,-0.0382465046538143,-0.010335804702916734,0.027910699950897566,-0.0822509701790375,-0.005428488388123315,0.07682248179091418,,-0.012018991517355936,,0.0498128772463366,0.010972974935384003,-0.0388399023109526,-0.0342213692589385,-0.0022946308180601524,0.031926738440878344,-0.0267523368013883,0.0041731926536992285,0.03092552945508753,-0.1061486510912441,-0.020063474619327202,0.08608517647191691,0.0378916391426259,0.004757620632723777,-0.03313401850990212,0.0374635890471774,0.005582201450475961,-0.031881387596701435,-0.0730602240005977,-0.03493667164211837,0.03812355235847933,-0.1932061544767619,0.0149410197596028,0.2081471742363647,,0.016329599731721215,,0.0158292171124999,-0.0007148474608941353,-0.016544064573394038,0.0335361096334341,0.004991437299952393,-0.028544672333481704,-0.0017957102589293,0.004931888435081797,0.006727598694011096,0.0220788194902887,0.007700842115366045,-0.014377977374922656,0.0164860991918437,0.008800097125954056,-0.007686002065889645,0.0922846607406995,-0.023187608412158472,-0.11547226915285798,,0.01497577589727969,,0.0232650060633879,0.005333879437680827,-0.017931126625707075,0.0568640719319754,0.002377928093745136,-0.054486143838230264,0.0556899188760828,0.0033996649528458024,-0.052290253923236996,0.0333915658426337,-0.01216848263528453,-0.045560048477918225,0.0333026569318983,0.0033070245782694267,-0.029995632353628874,0.0355335234428592,0.007336734945531931,-0.028196788497327267,0.0784703569310056,-0.025845420009187787,-0.10431577694019338,0.050243724483533,0.001917589115923147,-0.04832613536760985,0.0350273911514546,0.002756694320667023,-0.03227069683078757,0.1379614307974672,-0.0037212763963894633,-0.14168270719385667,0.028311768712396,0.006383434892628536,-0.021928333819767463,0.0291862752369977,0.007559707599316867,-0.021626567637680835,-0.0093861214795921,-0.006291447390614065,0.0030946740889780345
2014-12-01,,0.03836745048428419,,0.0377007818429213,0.015514389494063774,-0.022186392348857525,-0.0073641899637507,0.015022251298115723,0.022386441261866424,0.0744397865467341,0.010612775410959183,-0.06382701113577491,0.0648905548444919,0.025298805961689232,-0.03959174888280266,0.020550908155329,0.01687069680075038,-0.003680211354578619,0.022359581660064,0.01833040421762441,-0.00402917744243959,0.0185322351048346,0.0008986056039217696,-0.01763362950091283,0.0247501840989945,0.018173927688024467,-0.006576256410970035,0.0251067440714857,0.01889082148311358,-0.006215922588372121,0.0025459298791463,-0.012577496857989498,-0.015123426737135797,,0.0008588491816093319,,-0.0059479190036745,0.013118526431391875,0.019066445435066377,,0.00859681531572181,,-0.0771757562708866,-0.011180478288224693,0.06599527798266192,0.0296582973028676,0.010895605655891193,-0.018762691646976408,,-0.025285898183634345,,0.0784710363829408,0.01733016851024197,-0.06114086787269883,0.0361698900770657,0.017173205185258136,-0.01899668489180756,0.0174449133544657,0.01831668745822118,0.0008717741037554821,0.0312023407990551,0.005032513360376228,-0.02616982743867887,,0.005819713506450876,,0.0002164063902212,0.01323458520358577,0.01301817881336457,,-0.06302707763801539,,0.0724754354898089,0.022331613576801915,-0.050143821913006995,0.0780916128115564,0.023045480653482685,-0.05504613215807371,0.0087526421102479,-0.009310307924954212,-0.018062950035202113,-0.0165854519885614,0.016891820667019015,0.03347727265558041,,-0.02071584474859034,,0.0589190380099971,0.00575771974052272,-0.05316131826947438,0.0262967322499911,0.00802140169286293,-0.01827533055712817,0.0241674276528941,0.010422074092701029,-0.013745353560193073,0.0329555686586872,0.011074217292404334,-0.021881351366282865,-0.0795978278862187,-0.007848239168655997,0.0717495887175627,0.0007245852425143,0.0160796795818182,0.0153550943393039,0.0044794856245841,0.01723602066208738,0.01275653503750328,-0.0462654750756325,-0.02291150569956084,0.023353969376071662,0.0391063194206556,0.015583004887931087,-0.023523314532724514,,0.01655909390480847,,,-0.014140611487704092,,0.0444057706903913,0.010570453689964772,-0.033835317000426524,0.0471872399268486,0.011642652145304038,-0.03554458778154456,-0.0312162494345435,0.025253743232424276,0.056469992666967776,0.0251024844108068,0.030631404071841385,0.005528919661034585,,-0.009633985664801835,,0.0402089258721205,0.008144518401716028,-0.03206440747040447,-0.0851748221732777,0.010755360629656718,0.09593018280293442,-0.0794564133381672,0.012679726012356108,0.09213613935052331,-0.1826573785736219,-0.004060369931752872,0.17859700864186903,0.027839985855849,0.011950367607535272,-0.01588961824831373,0.0277905023694277,0.012304442507375512,-0.015486059862052187,0.0005147143307386,-0.03938992345564468,-0.039904637786383285,0.0470160120820241,0.01417924706431414,-0.03283676501770996,,0.014397354394663265,,0.0227856921443331,0.017138992549726697,-0.005646699594606404,0.0307807097672142,0.012587045864711696,-0.018193663902502502,0.058021834077418,0.016102461451328404,-0.04191937262608959,0.0906841265719329,0.014768206496186957,-0.07591592007574594,0.0984840786543553,0.015693945071338877,-0.08279013358301641,-0.0221060850339646,-0.018136678822691984,0.003969406211272616,,0.01642807567198011,,-0.0153904177232663,0.01585333911992029,0.031243756843186588,0.0245876336970929,0.013553898468113163,-0.011033735228979736,0.0264435949815107,0.014873165856974603,-0.011570429124536097,-0.024785951971429,0.0007534799233380716,0.02553943189476707,0.0206840508584432,0.014969396739234298,-0.005714654119208903,0.0262929648200003,0.016131067571130673,-0.010161897248869626,-0.0490780383822641,-0.017862148781813136,0.031215889600450963,0.0006473821651442,0.011045119192489372,0.010397737027345172,-0.0015873269468873,0.011341331614879933,0.012928658561767233,-0.0239138245170984,0.004493330412122846,0.028407154929221246,0.0202722271367565,0.01102002036007448,-0.009252206776682018,0.0275870046463685,0.012133342751059316,-0.015453661895309183,-0.0062940010821015,-0.013182392528777277,-0.006888391446675777
2015-01-01,,0.021262163110785517,,-0.0203341051508593,-0.003618412465426154,0.016715692685433145,0.0138780919822268,0.01886622656677073,0.004988134584543931,-0.0142029111037755,0.007392376001743545,0.021595287105519046,-0.0066297562558535,7.395441407309048e-05,0.006703710669926591,-0.0050719253575979,-0.00129339038458817,0.0037785349730097297,-0.0066569729445697,-0.0006075952065448486,0.006049377738024851,-0.0002394633792031,-0.006761557656790688,-0.006522094277587588,-0.0081118603812158,0.010889170872277639,0.01900103125349344,-0.0088398648227846,0.01175605619960224,0.02059592102238684,0.0347056925834302,-0.023181550132004188,-0.05788724271543439,,0.008646689809159265,,0.0068988163144299,3.0839933360483256e-05,-0.006867976381069417,,0.017101646525526593,,0.0139630914201233,-0.013530703241344418,-0.027493794661467716,-0.0235217303668745,0.005447963732081462,0.028969694098955962,,-0.0072602468109248,,0.0124707381880409,-0.0017000155369346127,-0.014170753724975511,-0.025138750283745,0.007221020096039105,0.0323597703797841,0.011571699537981,-0.0017247168025270384,-0.013296416340508039,0.0041155727008574,0.0010305213695891962,-0.003085051331268204,,0.023071074588594424,,-0.0051718081854684,0.003277726087992565,0.008449534273460966,,-0.054457019736632854,,-0.0335861192264555,0.010805868155800329,0.044391987382255825,-0.0382515746187605,0.011578195819500318,0.04982977043826081,0.0469825246799435,-0.022670160562979845,-0.06965268524292334,-0.0630977584877263,0.006476212895723484,0.06957397138344978,,-0.018272968621947168,,-0.0144528711899332,0.004925954962692615,0.019378826152625817,0.0455981135759506,-0.0014139025778698395,-0.04701201615382044,0.0098509119528408,-0.0010209422089057696,-0.01087185416174657,0.0064322288229954,-0.0004764334901662356,-0.006908662313161636,0.0612711700513022,0.004992151972825586,-0.056279018078476614,-0.0134034144937009,0.0004201700848117029,0.013823584578512602,-0.0171493308422322,0.0007519710745803427,0.017901301916812544,-0.0035854918948074,-0.018196429899131596,-0.014610938004324196,-0.0070373328583287,0.003633016679898463,0.010670349538227163,,0.020218439039662427,,,0.03265488495654616,,0.005947568495964,0.009556302189246732,0.003608733693282732,0.0033258431063765,0.008624933772808693,0.0052990906664321935,-0.029671957152576,0.0002915644440774773,0.029963521596653477,-0.0664835215807399,-0.00863340911930215,0.05785011246143776,,-0.022243518031720467,,0.0254574598296921,0.00913880066835512,-0.01631865916133698,0.0007033223199657,0.00692644484199025,0.00622312252202455,0.0151847420714949,0.0182732654086764,0.003088523337181499,-0.0914251406049558,-0.01820419740415529,0.0732209432008005,-0.0217422231508118,0.009078698068908285,0.030820921219720084,-0.0233970879718322,0.009615756861998136,0.03301284483383034,-0.0629708123809055,-0.02306377036174985,0.03990704201915565,-0.00185256627492,0.009803351029369873,0.011655917304289873,,-0.011085238659610322,,-0.0089512705768158,-0.0020149276629706564,0.006936342913845144,-0.0312236790552262,0.012229466705997106,0.043453145761223305,-0.0071732302869321,0.011960328786331222,0.01913355907326332,0.0114110239186014,0.00976291770220919,-0.0016481062163922113,0.0102326226591668,0.010987515020744267,0.0007548923615774677,-0.0079226546651297,-0.03245641668901557,-0.024533762023885866,,0.007710627531786609,,-0.0032816356410683,-0.005793789143625858,-0.002512153502557558,0.0203055920221567,0.0020025504460446392,-0.01830304157611206,0.0246011868634296,0.0027898587239558086,-0.02181132813947379,-1.867036602749432e-05,-0.014060721193203628,-0.014042050827176134,0.0018596330203297,0.004871794521268359,0.003012161500938659,0.001893501254209,0.015525051931003894,0.013631550676794894,-0.0122466528433507,-0.013781032971408086,-0.001534380128057386,0.027478487136653,0.005462548090229602,-0.022015939046423398,0.032135483729786,0.006982931806696181,-0.025152551923089822,0.0341931656680044,0.0005162771020420589,-0.03367688856596234,0.0016945268304055,0.006231192819295802,0.004536665988890302,-0.0001317170120595,0.007756371107634867,0.007888088119694367,0.0385840941336269,-0.009044960266009965,-0.04762905439963687
2015-02-01,,0.0019019739699650674,,-0.0087341995613324,0.011878039278718356,0.020612238840050756,-0.0236042084154844,-0.0006386509245479436,0.022965557490936456,-0.0275541260985688,0.00636665506994388,0.03392078116851268,-0.0670752287698623,0.028889863732669434,0.09596509250253174,-0.109608481614965,0.008030762106739734,0.11763924372170474,-0.11053696156873,0.007566309655784683,0.11810327122451468,-0.0119302124978948,-0.0037918819548940896,0.008138330543000711,-0.0444800356952658,0.014001003362354138,0.058481039057619935,-0.0462493809284171,0.014439830429102293,0.060689211357519396,-0.0638778058693682,-0.006218184444132119,0.05765962142523608,,-0.007156230628942634,,-0.0066989708980188,0.008059430428340257,0.014758401326359057,,-0.009709310829615573,,-0.221594827037631,-0.017487769169336743,0.20410705786829425,-0.0377878953692246,0.006738841864715072,0.04452673723393967,,-0.017490426126554073,,-0.0612886643098015,0.0043147657494671835,0.06560343005926868,-0.0533973561342873,0.011149527942533417,0.06454688407682072,-0.0290180628020148,0.008577003443209623,0.03759506624522442,-0.0463543728455345,0.0013271048026237621,0.04768147764815826,,0.022886422911624113,,-0.0402116812234053,0.015355540142078461,0.05556722136548376,,-0.046148202721663485,,-0.0005179260355406,0.022479238176106833,0.022997164211647433,0.0017122335186435,0.0230600117111313,0.0213477781924878,-0.0328790732217938,-0.0028307816397468784,0.030048291582046922,0.0063161666821938,0.017895688402384077,0.011579521720190278,,0.05290194384633514,,-0.024945341656368,0.000641302008095969,0.02558664366446397,0.0046043355711435,0.0046651516722737586,6.0816101130258676e-05,-0.059234133363574,0.007699101215762224,0.06693323457933623,-0.0642021967765822,0.007257216701458213,0.07145941347804041,-0.0830542531501234,-0.0014724872009656857,0.08158176594915771,-0.0633152061199736,0.010989673901464504,0.0743048800214381,-0.0601893169183266,0.012072911791834262,0.07226222871016086,-0.1289868924056124,-0.01305119865185044,0.11593569375376196,-0.0325043295857415,0.008722494970077535,0.04122682455581904,,0.0030132559162393676,,,-0.01160976479098447,,-0.0118030913368103,0.002982237002737312,0.014785328339547613,-0.0087558579043253,0.006177910429822464,0.014933768334147763,-0.06154742926064,0.05718887627518987,0.11873630553582987,-0.0504920514781582,0.020639284060203666,0.07113133553836186,,-0.011207121199513084,,-0.0282492602567293,0.0007430020614269273,0.02899226231815623,-0.0548076362587896,-0.003954806124376152,0.05085283013441345,-0.0536471476873605,-0.007997094684648737,0.045650053002711764,-0.0959986891182232,-0.003711675170709504,0.0922870139475137,0.0249583519670421,0.004486487210969587,-0.020471864756072513,0.024598790312592,0.0045516255521798445,-0.020047164760412156,-0.0158437609772601,-0.029635784134994753,-0.013792023157734652,0.2006116429897657,0.021233649403680766,-0.17937799358608492,,0.01122772783671087,,-0.0159519302991802,0.012685595849002494,0.028637526148182695,-0.0706268256856098,-0.00281971801348564,0.06780710767212415,0.0180496915557942,0.002332887077296255,-0.015716804478497944,0.0022697373579291,0.012292072350218598,0.010022334992289498,0.0058819415616333,0.012689576120352705,0.006807634558719405,0.0009903892763404,-0.007369341508211504,-0.008359730784551904,,0.0036207736927010414,,-0.0587725251370173,0.007014677242009585,0.06578720237902688,-0.0004947312260835,0.00705276117580744,0.00754749240189094,-0.0142390621485826,0.008933940850217025,0.023173002998799624,-0.0079807520379264,-0.0037674119292321873,0.004213340108694213,-0.0610816662494249,0.005107441842981612,0.06618910809240651,-0.0614361059580744,-0.002134954962960883,0.059301150995113516,0.0148248402305683,-0.000509347527330381,-0.01533418775789868,0.003663972919837,0.0024688914517908738,-0.0011950814680461263,-0.004126716663301,0.00402487068405026,0.00815158734735126,0.0160419443328263,-0.007802395273550701,-0.023844339606377003,-0.015378888403065,0.005448164090921728,0.02082705249398673,-0.0093924229990325,0.005634830315136924,0.015027253314169424,-0.0272045861101611,0.0030663182131640317,0.030270904323325132
2015-03-01,,0.04586686060744902,,0.073239335598527,0.005131049927470735,-0.06810828567105626,0.0610923650025872,0.016829384953290276,-0.04426298004929692,0.0512706455448105,0.008137303049166576,-0.04313334249564392,0.098193733725714,0.011480135016436667,-0.08671359870927733,0.0847404818383895,0.008343062178141314,-0.07639741966024818,0.0858223715278801,0.009605064236893342,-0.07621730729098675,0.0164743196829623,-0.005967352943495746,-0.022441672626458044,0.0774310756412701,0.0176929229158906,-0.059738152725379495,0.0776766571644596,0.018504942323111884,-0.059171714841347714,0.0056554643959981,-0.015389823570280752,-0.02104528796627885,,0.00032479806362968535,,0.0656849557704516,0.0071328304523285944,-0.058552125318123,,0.011639404357121075,,0.0689519950759241,-0.018409751128458402,-0.0873617462043825,0.0804496018690926,0.009024152170057888,-0.07142544969903471,,-0.026110437546113988,,0.0660264586795569,0.007753085474923814,-0.05827337320463308,0.1050530657763968,0.00954508485380786,-0.09550798092258894,0.0475030023785089,0.0059468227417233815,-0.04155617963678552,0.0443037125735469,-6.93763887523342e-05,-0.04437308896229923,,0.0085390353184378,,0.0919826209960128,0.006948406977333664,-0.08503421401867914,,-0.06325854185149467,,0.0933896411431345,0.020595760877303186,-0.0727938802658313,0.093924557524023,0.02160084116846036,-0.07232371635556264,0.0213355280143146,-0.010847378125424564,-0.03218290613973916,0.0629546807898441,0.01153995973736278,-0.05141472105248133,,-0.02668331608267933,,0.0425462311998881,0.00482675340845363,-0.037719477791434475,0.0596007469234797,-0.0025005792647121447,-0.06210132618819184,0.0772367614497951,0.0027611414765124206,-0.07447561997328268,0.0824731170927959,0.0028210322293862515,-0.07965208486340965,0.0174512487015577,-0.0077649605664499195,-0.02521620926800762,0.06156308481626,0.007165326971410812,-0.05439775784484919,0.0555788774093687,0.007810140950905778,-0.04776873645846292,0.0750727116974227,-0.027636735179673282,-0.10270944687709599,0.0519649664859126,0.01180897083109103,-0.04015599565482157,,0.020941716006607724,,,0.012645227374868258,,0.0624601921532577,0.010702262668698231,-0.05175792948455947,0.0608793201136273,0.010859149901414114,-0.05002017021221319,0.0361235102027778,0.03125604970637056,-0.004867460496407239,0.1812844390735637,0.012395156391399289,-0.1688892826821644,,-0.02834786992965674,,0.0634416278348148,0.0073297908550348755,-0.05611183697977992,0.0380478099874754,0.009412425121852176,-0.028635384865623226,0.0301281838130489,0.015423443845647918,-0.01470473996740098,0.0188983962543058,-0.010514404287214753,-0.029412800541520553,0.0394622076834754,0.01299721698676581,-0.02646499069670959,0.0377788559151659,0.013336673342737597,-0.024442182572428306,0.0562702331158533,-0.028213764176681106,-0.0844839972925344,-0.0073220241730952,0.014060321509362933,0.021382345682458132,,-0.011688280975023477,,0.0807674716933439,0.004021664579575542,-0.07674580711376836,0.0469226363046967,0.01690299660852381,-0.03001963969617289,0.0528281891031052,0.01699494439186228,-0.035833244711242926,0.0557386693289703,0.013199485668404705,-0.042539183660565597,0.0576688301591743,0.01461761023312903,-0.04305121992604527,0.0441804069854519,-0.030744939644675305,-0.0749253466301272,,0.01119158693205339,,0.0514143694713617,0.0031051788262859833,-0.04830919064507572,0.0285157738052951,0.0073911148354890875,-0.02112465896980601,0.0395928350056207,0.008975604539197074,-0.030617230466423624,0.0329329626801581,-0.0085717197778375,-0.0415046824579956,0.0542944704787851,0.011446034780363462,-0.04284843569842164,0.0515789003105822,0.017156251916126568,-0.034422648394455635,0.0149318921309035,-0.01950765317687901,-0.03443954530778251,-0.0366715529508785,0.008345371523522915,0.045016924474401414,-0.0344052407480025,0.009574795323932215,0.04398003607193471,0.0283037864521531,0.0030336472023315365,-0.025270139249821563,0.0418102479809642,0.006863422465881551,-0.03494682551508265,0.0417073203202453,0.008323678815830448,-0.033383641504414856,-0.010663290215455,-0.008445636080867033,0.002217654134587967
2015-04-01,,-0.006534664856546588,,-0.0303205621994911,0.01202432052834221,0.04234488272783331,0.0004915803498084,0.011708280332999973,0.011216699983191573,0.0129093765446554,0.007165458380130501,-0.0057439181645248995,-0.0128992081212237,0.027226744320651818,0.040125952441875515,-0.0150097576017976,0.013015977280396432,0.02802573488219403,-0.0170337111666724,0.014051099694935038,0.03108481086160744,-9.873597667338732e-05,0.007137708838420583,0.0072364448150939705,-0.0166562653808341,0.00819453199605849,0.02485079737689259,-0.0178585313182835,0.009057807483420204,0.026916338801703705,-0.0419851750768849,-0.019134138835459287,0.022851036241425614,,0.005435693837211535,,-0.029035369047514,0.008097337580808606,0.037132706628322604,,0.002906855360148488,,0.0397202587009025,-0.003488025104898279,-0.04320828380580077,-0.0284337162023256,0.006701245404785822,0.03513496160711142,,-0.015487097360791232,,-0.0671465862840391,0.014458091868353333,0.08160467815239245,0.0201023149792728,0.026983831387363502,0.006881516408090701,-0.004533468680274,0.023354446858796785,0.027887915539070784,-0.0203582649249907,0.011731320523428025,0.03208958544841872,,-0.00964943470756029,,-0.012970930102486,0.011681427537951174,0.024652357640437175,,-0.051886947905993346,,-0.0246098153597176,0.01030923031369551,0.03491904567341311,-0.0275350644797156,0.01036111678848194,0.037896181268197535,0.0046924036573308,-0.01843463947688814,-0.02312704313421894,-0.0331933689637607,0.012081177202552895,0.045274546166313594,,0.01679910817815258,,-0.0116443578622878,0.0016635579405790523,0.013307915802866851,0.0201571185565055,0.018237264576821524,-0.0019198539796839754,0.0135870663422142,0.01611236196529188,0.00252529562307768,0.0121141924905538,0.01803839591909778,0.005924203428543979,-0.0528196939259754,0.015278881820951157,0.06809857574692656,-0.0328452159439407,0.017675250533470094,0.05052046647741079,-0.0388609191564488,0.019040045440220008,0.05790096459666881,-0.1049897319349963,-0.009939781438106993,0.09504995049688932,-0.0052915043490253,0.010779261623730127,0.016070765972755426,,0.008200408274045052,,,-0.017671717288302486,,0.0049305917337773,0.005662987999236428,0.0007323962654591284,0.0035066763512373,0.011148564309837055,0.007641887958599755,-0.0680083030758675,0.006833448101678116,0.07484175117754562,-0.0677125952596731,0.026002918637050097,0.0937155138967232,,-0.009859407751312744,,-0.0048106047763944,0.006975778056369364,0.011786382832763764,-0.0225455273210468,0.010123407721764621,0.03266893504281142,-0.0195004628881174,0.009372565043088872,0.02887302793120627,-0.1326321028171991,0.003057665391144576,0.13568976820834366,0.0034216651528794,0.005465792282923878,0.0020441271300444775,0.0029927722832443,0.006359662207716118,0.003366889924471818,-0.0689765353920119,-0.053654199745004544,0.015322335647007357,-0.1518716165561351,0.0010836974388327252,0.1529553139949678,,0.004675378906460475,,0.0472442391269206,0.024445052063881388,-0.02279918706303921,-0.0486074663563401,-0.005490977317926241,0.043116489038413856,-0.0056682990997005,0.004132195519289114,0.009800494618989615,0.0083702550276648,0.016968691544418026,0.008598436516753226,0.0052916271262068,0.01663265432608871,0.011341027199881908,0.0329046728576282,-0.00032430273389791537,-0.033228975591526114,,-0.0026735372941244393,,-0.036690015758807,0.01110566896173698,0.047795684720543984,0.000853343308713,0.011530463272398322,0.010677119963685321,-0.0020280119470929,0.011747944700104958,0.013775956647197858,0.0022414344347778,0.0033010281113330714,0.0010595936765552712,-0.0288698901266403,0.008475514143233717,0.03734540426987402,-0.0361170911071363,0.002473279142359201,0.0385903702494955,0.0270542819740935,-1.274723047366838e-05,-0.027067029204567168,-0.0027560228096341,0.007372628692866265,0.010128651502500365,0.0005634271048088,0.007735166000396936,0.007171738895588136,0.0035791460125099,-0.0011299610107184759,-0.0047091070232283755,0.0047661367584855,0.012371321629155023,0.007605184870669523,0.0040289821594583,0.012605418403618144,0.008576436244159845,-0.0044671383020204,-0.014862678920923513,-0.010395540618903115
2015-05-01,,0.013183919765289534,,0.0260920865194521,0.014944538782533953,-0.011147547736918147,-0.0228688123453505,0.008980672038511923,0.031849484383862425,-0.0166303212723448,0.008305317701253947,0.024935638973598746,0.0097964306381593,0.02820842747088356,0.018411996832724258,0.0396705076683091,0.012287367039163426,-0.027383140629145677,0.0418527421643427,0.01269448760831955,-0.029158254556023146,0.0039240669881088,0.0006748821503342068,-0.003249184837774593,0.0350767714149278,0.01624258127012298,-0.01883419014480482,0.0392848674302864,0.01673849385903012,-0.022546373571256276,-0.0304701381372075,-0.009207173822462375,0.021262964314745125,,0.0008679803746634936,,0.0436273067964368,0.010491515177909356,-0.03313579161852745,,0.0011909198469864145,,0.0119050166375036,-0.010079936819510768,-0.021984953457014365,0.0408601015684977,0.010928824009870995,-0.029931277558626707,,-0.01438326500995768,,0.0327934328401369,0.009326613110069526,-0.023466819730067374,-0.0660334130844399,0.0152816616520217,0.0813150747364616,-0.0091095741133722,0.012641940120179506,0.021751514233551705,-0.0255352878111392,0.002867443720921918,0.028402731532061118,,0.01679194143876624,,0.0072308516973916,0.014252643319963556,0.007021791622571956,,-0.05549607351131758,,-0.0063662259429885,0.019749824473087242,0.02611605041607574,-0.0044706592476949,0.02029231800095697,0.024762977248651872,-0.0071650334068382,-0.008398378702999244,-0.0012333452961610439,0.0285440788005558,0.019584170450622385,-0.008959908349933415,,0.0012925049247325786,,0.005435414178828,0.0022954360774269677,-0.003139978101401032,-0.0290785900868567,0.009411524153320317,0.038490114240177016,-0.0063040509394029,0.008918217672201332,0.015222268611604233,-0.0054877386156193,0.009467942602573184,0.014955681218192483,-0.0233371697623765,-0.0008856450594608538,0.022451524702915646,0.0171385415965357,0.01197261312539319,-0.005165928471142509,0.0212070751222435,0.012854903083108986,-0.008352172039134513,0.0273145135679916,-0.011836121190579987,-0.039150634758571584,-0.0214059370739723,0.009674880771713159,0.03108081784568546,,0.008812651136307949,,,-0.010408743848916394,,-0.0225667521332132,0.0077681848097886155,0.030334936943001815,-0.0231996302300226,0.009031038544522873,0.03223066877454547,0.0718842517242828,0.035933952953614894,-0.0359502987706679,0.1092703442725274,0.024143409435521877,-0.08512693483700552,,0.006739575561026948,,-0.0260783306276583,0.0037849794912485205,0.029863310118906822,0.0746400915513236,0.002875831230987846,-0.07176426032033575,0.0635603276219129,0.0037409525673797813,-0.059819375054533115,0.0557556489424433,-0.0058334825209201795,-0.06158913146336348,0.0054408274703982,0.006888259196185408,0.001447431725787208,0.0082396312119901,0.0067743396725683126,-0.0014652915394217873,-0.0187642199730594,-0.025468605328530337,-0.006704385355470938,0.1427849694427114,0.020288028075075622,-0.12249694136763578,,0.027938468060226374,,-0.029839471428491,0.01738815147579599,0.04722762290428699,0.1525945633262239,0.00401103157290945,-0.14858353175331446,0.0070392544245772,0.008987994505497723,0.001948740080920523,-0.0244015141683662,0.011596828179191112,0.03599834234755731,-0.0214719118499951,0.012104076573319224,0.03357598842331432,-0.0335455293900473,-0.011270659497507713,0.022274869892539587,,0.013251143105894713,,-0.0061831157651617,0.010448377351022239,0.016631493116183938,-0.0167893848992395,0.010665112640213657,0.027454497539453157,-0.0118382223475541,0.011967375257982311,0.02380559760553641,-0.0068614613287787,-0.00039457541979214195,0.006466885908986557,-0.0015067480548634,0.008870109685934864,0.010376857740798264,-0.0006363662336067,0.009152264652125909,0.009788630885732608,0.0021082671393561,0.00048342521996317615,-0.001624841919392924,0.0172956323918665,0.00778287053327879,-0.00951276185858771,0.0253571255802705,0.008766948721295924,-0.016590176858974577,-0.0237073225305481,-0.0015226420261184811,0.02218468050442962,-0.0055626245999857,0.009207956651743704,0.014770581251729404,-0.0059221192895455,0.009849198390425038,0.015771317679970538,0.0307425717622271,-0.0053332002061423816,-0.03607577196836948
2015-06-01,,0.04563687729686779,,0.0112185237573777,0.002446092244132321,-0.00877243151324538,0.0061014109528122,0.017405092057493247,0.011303681104681048,-0.0060814777179543,0.006089545107337608,0.012171022825291908,0.0468301476624546,0.009291620492525658,-0.03753852716992894,0.0059262549536973,0.006780735999917653,0.0008544810462203538,0.0051735774542827,0.00811445797249151,0.002940880518208809,0.0041259479642172,-0.006506936335527909,-0.01063288429974511,0.0027876861571354,0.017356794086376894,0.014569107929241494,0.0016023920001003,0.01823468551840415,0.01663229351830385,0.0453288774866228,-0.016093422529705435,-0.061422300016328236,,-0.00020385494954871033,,0.0092288915588133,0.005365145072178847,-0.0038637464866344536,,0.010809838872263538,,-0.0648187156369701,-0.0202808784286143,0.0445378372083558,0.0055354724607205,0.009081968283731501,0.0035464958230110007,,-0.029458057506805843,,0.008634229179303,0.005606327241323407,-0.003027901937979593,0.0123482330630237,0.010121428289186555,-0.0022268047738371443,0.0248134462378155,0.004085461978606134,-0.020727984259209367,0.0046674606008496,-0.0011629282933125495,-0.005830388894162149,,-0.0013067031234775366,,0.0239237207316715,0.0042894069301935905,-0.01963431380147791,,-0.0647805794534953,,0.0531167950152016,0.018935732509537236,-0.03418106250566436,0.0529845047593255,0.01996135578357424,-0.03302314897575126,-0.0442123701440298,-0.010816683737968617,0.033395686406061185,0.0209970242316276,0.009783531247787733,-0.011213492983839866,,-0.03069411275433825,,0.0521451142419571,0.0028867691452911567,-0.04925834509666594,0.0463106853209364,-0.004379113004631429,-0.05068979832556783,0.0418774908655357,0.0019717965224775504,-0.03990569434305815,0.0511013450147937,0.0021183720664629127,-0.04898297294833079,-0.0143751677360232,-0.004664985049030238,0.009710182686992962,0.0033710770490136,0.005230279942216306,0.0018592028932027057,0.0060228222523017,0.005706948300001801,-0.00031587395229989903,0.0073516732467026,-0.028556658982285224,-0.03590833222898782,0.0415475297233411,0.011110366917867903,-0.0304371628054732,,0.021442654815612274,,,0.01892721813089597,,0.0222994299353623,0.010433556448070131,-0.01186587348729217,0.0210970466610783,0.01155615942080488,-0.00954088724027342,-0.0292867914518236,0.03829509483555521,0.06758188628737881,-0.1024456692455938,0.009519955410638178,0.11196562465623197,,-0.03567827333906641,,0.0172999179460718,0.005894145848597865,-0.011405772097473933,-0.048947174944326,0.010148010162653709,0.05909518510697971,-0.0448050698327662,0.016334491864092682,0.061139561696858885,-0.0401252753435913,-0.009272378203920604,0.0308528971396707,0.0528678237183696,0.013109948024953041,-0.03975787569341656,0.0517907170274395,0.01343690398343954,-0.038353813043999964,-0.0265340402672679,-0.026112735509070274,0.00042130475819762703,-0.0096393773207224,0.012032147708821115,0.021671525029543514,,-0.024594534085490283,,0.0108230935073568,0.002617021370617666,-0.008206072136739134,-0.0247326766512099,0.016018259025443824,0.04075093567665372,0.0220408733995649,0.01643927862884313,-0.0056015947707217725,0.0025988896201255,0.013963845506688891,0.011364955886563392,0.0027954779442238,0.015309362543176034,0.012513884598952234,-0.0062262588813996,-0.03147461445244178,-0.025248355571042182,,0.005283163018938768,,-0.0230934721064579,-0.0017608819774797115,0.021332590128978188,0.0103725713929062,0.006009299473675459,-0.00436327191923074,0.0113091476974541,0.007591358741160354,-0.003717788956293746,-0.0039614956945414,-0.010071699761794048,-0.006110204067252648,-0.0320739865098758,0.010274589804405368,0.04234857631428117,-0.0374457626100406,0.015746213635713432,0.05319197624575403,-0.0053216340681964,-0.014679622403113459,-0.009357988334917059,-0.0132109735521037,0.0076751591567597675,0.02088613270886347,-0.0142570693078413,0.009283907924038316,0.023540977231879617,0.0002252892687428,0.0021753778512340473,0.0019500885824912473,0.0087986509224103,0.005853730122811308,-0.002944920799598993,0.0114989159206625,0.007245662683947206,-0.0042532532367152934,-0.0077677271146821,-0.0070417171880402425,0.0007260099266418575
2015-07-01,,-0.025062280786703667,,-0.0185542269990585,0.004562250362724026,0.023116477361782524,-0.0377050295307158,0.006388402861227925,0.04409343239194372,0.0479581445639324,0.006093296998144389,-0.04186484756578801,-0.0142993419262412,0.018063495065575814,0.032362836991817016,0.0035266256459091,0.0007023756975222104,-0.0028242499483868895,0.0008870172843192,0.00015368635174509637,-0.0007333309325741036,0.0142844912090619,-0.00026793350283683026,-0.01455242471189873,-0.0181694190394342,0.00635074004756668,0.024520159087000882,-0.0195196776095638,0.006926224700895975,0.026445902310459776,-0.0092849504094492,-0.017280746993405576,-0.007995796583956376,,0.006620986405870846,,-0.0109395672971062,0.0016411613877262516,0.01258072868483245,,0.0008164969041389398,,-0.0436309124799083,-0.00653906281582922,0.03709184966407908,0.0044161605176985,0.004666926277052003,0.00025076575935350284,,0.004154146825008134,,-0.0721146026400604,-0.0018931648516503322,0.07022143778841006,0.0482900481164546,0.014050497531008605,-0.03423955058544599,-0.0231440091482825,0.005436499484665927,0.028580508632948427,-0.0047547184708961,0.005217137608755151,0.00997185607965125,,0.02860707854513659,,-0.0147629575672273,0.010839425303651498,0.0256023828708788,,-0.04073999209882124,,-0.062086295860565,0.008655974290598223,0.07074227015116322,-0.0628749988451173,0.008829489437748929,0.07170448828286623,-0.06093247025954,-0.019750501016163352,0.04118196924337665,0.0291825040842882,0.012676589388162358,-0.01650591469612584,,0.03948670841539968,,-0.0181859851858613,0.0009059961484786617,0.019091981334339963,0.0243809212793601,0.011121313570278443,-0.013259607709081658,0.0161343065984987,0.006452834499179703,-0.009681472099318997,0.0185008293488604,0.007387511903582477,-0.011113317445277921,0.0601476219225142,0.01651945386197737,-0.043628168060536834,-0.0114895389807899,0.005924042863386035,0.017413581844175935,-0.0107931530875424,0.0066726869508907365,0.017465840038433135,-0.0102298472013699,-0.0006759300955762678,0.009553917105793633,-0.0123118487510412,0.0006706812227503364,0.012982529973791537,,0.003986853898707629,,,0.00667635422508746,,0.0022405821818981,0.0035724964901632417,0.0013319143082651417,0.0011307260851084,0.005738712582656152,0.004607986497547752,-0.2149658491033817,0.009673446313164039,0.22463929541654576,-0.0673565563541139,0.0020370047238350134,0.06939356107794892,,0.0040750125928889665,,-0.0273445426269321,0.0042532340493905765,0.03159777667632267,-0.0416356284392412,-0.002007285728945881,0.03962834271029532,-0.0379419166518683,0.0012166956043617354,0.03915861225623004,-0.0610476218596864,-0.010271299459469063,0.05077632240021734,-0.0164346000259491,0.0007857313179932511,0.017220331343942352,-0.0186422271425639,0.0011089162480444799,0.019751143390608378,-0.0087219404889148,-0.027108831544142696,-0.018386891055227894,-0.1082752155366566,0.012836637016711557,0.12111185255336816,,0.018429111935277187,,-0.0264672401009422,0.011653846104710298,0.038121086205652494,0.0119363140213867,-0.007465497943871641,-0.01940181196525834,0.0083934890600575,-0.0012492865286080044,-0.009642775588665504,-0.0104133947483127,0.009401006638846365,0.019814401387159064,-0.012436274419644,0.00937518642839814,0.02181146084804214,-0.006345465561515,-0.006981035017369797,-0.0006355694558547965,,0.001256944506080316,,-0.050984340534383,-0.0001690478335104259,0.05081529270087257,-0.0223771713113263,0.0037431681441128977,0.026120339455439196,-0.0186339217417249,0.004241963359454749,0.02287588510117965,-0.0321501737256176,-0.006214665811324091,0.025935507914293505,-0.0183192475769802,-0.00021339062968402426,0.018105856947296176,-0.0224700704977752,-0.0002291596356228309,0.02224091086215237,-0.0801331467117418,0.008836995263444765,0.08897014197518657,-0.0474853247876961,0.0020893475718618704,0.04957467235955797,-0.0406636730604671,0.003548518696497857,0.04421219175696496,-0.0555230289189133,-0.00760018201179943,0.047922846907113875,-0.0369475910031741,0.007543048575194073,0.04449063957836817,-0.0397728536579391,0.007856377290617533,0.04762923094855664,-0.0156947052168374,-0.0033950839691722036,0.012299621247665194
2015-08-01,,0.038700331115775165,,-0.0171109485579256,0.008015808157815218,0.025126756715740817,0.0556316491002878,0.027805296553193925,-0.027826352547093872,0.0570275715496617,0.011158414853011597,-0.0458691566966501,-0.0264087566109149,0.011648092706095983,0.03805684931701088,0.0205206321499716,0.013923655858075944,-0.006596976291895658,0.0221673917788593,0.016391982089263974,-0.0057754096895953275,0.0115090073387551,0.0041323568327339775,-0.007376650506021123,0.0610472084109808,0.0132469559035598,-0.047800252507420996,0.0696811713978757,0.0143356697042191,-0.0553455016936566,-0.0294612449537924,-0.02597682430735398,0.0034844206464384186,,0.013050209628153708,,-0.0602448071503394,0.008878883627638329,0.06912369077797773,,0.024740502393675635,,-0.1206782564616503,-0.003446627225833909,0.11723162923581638,0.0162420741857503,0.00945328141514549,-0.006788792770604809,,-0.01864043592897511,,0.0333569737792465,0.018109850069582368,-0.01524712370966413,0.015912010256839,0.022166841436542132,0.006254831179703133,-0.00439473347231,0.01976322355354439,0.02415795702585439,0.0104598621096361,0.009713743609775593,-0.0007461184998605059,,-0.006831023437395663,,-0.0578396774697913,0.006391585002002176,0.06423126247179348,,-0.06706049342732898,,-0.0300491586653756,0.011293842247420407,0.04134300091279601,-0.0287245329733262,0.011822615949308229,0.04054714892263443,-0.0396671656337761,-0.025221651502825248,0.01444551413095085,0.0947010443034891,0.008791266672116344,-0.08590977763137275,,-0.059453518528706104,,0.0337319373381325,0.0078750001002065,-0.025856937237926,0.0447928555095576,0.01138299704917392,-0.033409858460383676,0.0075453094785203,0.010248562606924683,0.0027032531284043836,-0.0002432047288572,0.01232960061624073,0.01257280534509793,-0.0208521127036797,0.003676654754820861,0.02452876745850056,-0.0561115740931448,0.014124760150718806,0.07023633424386361,-0.0565293533736233,0.015103792156427983,0.07163314553005129,-0.108365442154434,-0.022847065257966998,0.085518376896467,0.017918467128074,0.013568789953625064,-0.004349677174448936,,0.025287471836127368,,,0.0029060890252259083,,0.0417216514346547,0.013827863341389366,-0.027893788093265336,0.0468642668089696,0.014376888465749596,-0.032487378343220005,-0.1203427377348658,-0.022269621824926547,0.09807311590993925,-0.068748598178729,0.018655668249679656,0.08740426642840865,,-0.01514399193908568,,0.0495243526414998,0.014366684380885352,-0.03515766826061445,-0.0768071807523211,0.020706749277173565,0.09751393002949466,-0.0608938477444581,0.030409219842223636,0.09130306758668173,-0.2025356670485464,-0.007394250115931618,0.19514141693261478,0.0370160013448091,0.013632411081231451,-0.02338359026357765,0.0383791172864259,0.01461290233358333,-0.02376621495284257,-0.096104184542013,-0.04804191845802626,0.04806226608398674,-0.2623215586922562,-0.00020081826071542339,0.26212074043154077,,0.00034883807049602283,,0.0245917322759416,0.01539631848741915,-0.009195413788522452,-0.0130035777320901,0.016287022795614534,0.029290600527704633,0.0697531070376681,0.01961857730006682,-0.05013452973760128,0.0680545406801493,0.015651398364236922,-0.05240314231591237,0.0803803521099944,0.016547791740598193,-0.06383256036939622,-0.026827901232879,-0.02488735379268454,0.001940547440194458,,0.013791310167820757,,-0.0681125493377133,0.011331145745364434,0.07944369508307773,0.0242668287793176,0.012619482045228086,-0.011647346734089514,0.0281094415214959,0.012708171712634534,-0.015401269808861367,-0.0592372102745985,-0.001121971276439765,0.058115238998158736,0.0404869993701773,0.015380084411466422,-0.02510691495871088,0.0468473561793847,0.024033893794999577,-0.022813462384385124,-0.061576585705946,-0.022914182248100375,0.03866240345784562,0.0205189736984876,0.013637049953662586,-0.006881923744825014,0.0095902508303257,0.01344953573459814,0.003859284904272439,-0.0262696070389886,0.01003933986964052,0.036308946908629125,-0.0145660998667927,0.014064056854860089,0.02863015672165279,-0.0032786908892418,0.015704312559146,0.018983003448387797,-0.0829775127507983,-0.025600062476647575,0.057377450274150726
2015-09-01,,0.009942740021521587,,-0.0610120549747633,0.001609026926426934,0.06262108190119023,-0.0325542601525467,0.020127684648811473,0.05268194480135817,-0.0328750934630071,0.007777994949129657,0.04065308841213676,-0.0690425457441718,0.008959388049435331,0.07800193379360713,-0.0604276719719593,0.005979709596134533,0.06640738156809384,-0.061433147822723,0.007415273549859482,0.06884842137258249,-0.0100963568370861,0.001804508528559606,0.011900865365645706,-0.0528378441770884,0.0072479360759223985,0.0600857802530108,-0.0519798558145679,0.008322479900835027,0.06030233571540292,-0.0935852395451498,-0.027081737052815656,0.06650350249233414,,0.010651071624169913,,-0.0740564507353597,0.0030158165728100977,0.0770722673081698,,0.015972159849261074,,-0.1643514637769122,-0.006065747224920024,0.15828571655199217,-0.0703932551803807,0.004698331615617377,0.07509158679599807,,-0.012403108987151695,,-0.0689932478555427,0.009039479912924519,0.07803272776846722,-0.0245149050539013,0.02038979656439948,0.04490470161830078,-0.0409018427572708,0.013971043333692437,0.05487288609096324,-0.0687065046771339,0.009502919258583063,0.07820942393571698,,-0.002665412049542424,,-0.0439834721156921,0.005058549844191815,0.049042021959883914,,-0.05488889688429171,,-0.0588417734331424,0.006886959890412542,0.06572873332355494,-0.0575174243581712,0.007217977179784035,0.06473540153795523,-0.0043427438535229,-0.026444039051738137,-0.022101295198215236,-0.0766497031434323,0.00509891990698356,0.08174862305041586,,-0.010993193017831873,,-0.0297587424771122,0.004629285062161051,0.03438802753927325,-0.0891077574964623,0.010046248713314413,0.09915400620977671,-0.0626008688581084,0.008858950819831627,0.07145981967794002,-0.0615909789608173,0.01065573935271502,0.07224671831353231,-0.0676085919717408,0.013952838464256774,0.08156143043599756,-0.0585050122390959,0.010336216295676647,0.06884122853477255,-0.0657469492248406,0.011294246007254741,0.07704119523209535,-0.0802292685323371,-0.016571570896616723,0.06365769763572038,-0.0771791752366628,0.008200591566744119,0.08537976680340692,,0.018104928045748064,,,0.010104645641733122,,-0.0636961642429824,0.008581429713676411,0.07227759395665881,-0.0649268362138343,0.011387027664936298,0.0763138638787706,-0.064306950156414,-0.015810850274459925,0.048496099881954066,-0.0067573509318752,0.006927567275117848,0.013684918206993048,,-0.025231164032398102,,-0.0115872209382391,0.011238368284005889,0.022825589222244987,-0.0384005138018274,0.013869142142358654,0.052269655944186054,-0.0372727860698761,0.021065921882609383,0.05833870795248548,0.021050712098845,-0.006689911967494846,-0.02774062406633985,-0.0885284231696734,0.008615357036559669,0.09714378020623307,-0.0876335596157707,0.009791059085529248,0.09742461870129995,-0.0843164814506998,-0.048865196743297014,0.03545128470740278,0.0180730880288693,-0.0029053613215851396,-0.02097844935045444,,-0.01481006073996637,,-0.0983060877120492,0.011371382156704544,0.10967746986875374,-0.0254251492219508,0.004684161618750761,0.03010931084070156,-0.0574341905130047,0.00962532811811837,0.06705951863112307,-0.0434939802338736,0.015216577074360117,0.05871055730823372,-0.0406639611434232,0.01562708949150719,0.056291050634930395,-0.0530788389295402,-0.01811829947460562,0.034960539454934575,,-0.00029373988718886784,,-0.0556028610633445,0.002713419178505636,0.058316280241850135,-0.0627831271503853,0.007113453832047404,0.0698965809824327,-0.0620413343312171,0.00714850037160482,0.06918983470282192,-0.0349877957204039,-0.005300079683284348,0.02968771603711955,-0.0701994778136638,0.008002371205314444,0.07820184901897824,-0.0714419577742001,0.011228903378380945,0.08267086115258104,-0.1096586186722252,-0.013266933228926685,0.09639168544329851,-0.0452865805403893,0.007533528439378724,0.05282010897976803,-0.0497123630306201,0.008101412705561513,0.057813775736181613,-0.0451929396859813,0.002401052222752129,0.04759399190873343,-0.052456604311772,0.010848234219245294,0.06330483853101729,-0.0505245054128687,0.011905985704731828,0.06243049111760053,-0.06514028834336,-0.018310397121713638,0.04682989122164636
2015-10-01,,-0.009147690169256243,,0.0004144298660446,0.008254873418670325,0.007840443552625725,-0.0245911558696358,-0.0017117151818003878,0.022879440687835415,0.0238957668919594,0.011373427966634812,-0.012522338925324589,-0.039147097299801,0.02158869105798627,0.06073578835778727,-0.0308469950182061,0.004189737899228358,0.035036732917434456,-0.0329730894000456,0.0034182027904376424,0.03639129219048324,0.0014024352985284,-0.005309045940575808,-0.006711481239104209,-0.0099913745883852,0.0071355511352295155,0.017126925723614718,-0.0064067968664289,0.007684963342505458,0.014091760208934358,-0.0202932234843908,-0.014220292142438112,0.0060729313419526885,,-0.0036570640035610696,,-0.0886061714757213,0.0061373873232625255,0.09474355879898382,,-0.003909625013828329,,-0.2146259315720541,-0.013887324686510272,0.20073860688554382,-0.0150707363800136,-0.0008596647956492353,0.014211071584364365,,-0.004353662286656428,,-0.0249723118701267,0.005569405537128,0.0305417174072547,-0.0498184215478143,0.008131207366689173,0.057949628914503476,-0.0847646131712147,0.010322558468640271,0.09508717163985497,-0.0015556898563478,0.0075871113467547895,0.00914280120310259,,0.051418711648114054,,-0.0911662496025004,0.01825795330227959,0.10942420290478,,-0.03306651153406368,,-0.0116732754679073,0.0205776764448932,0.0322509519128005,-0.0109315660388943,0.020992627972943975,0.031924194011838276,-0.0277957362923822,-0.012108198839323164,0.015687537453059036,-0.1045623123692857,0.0124856404330302,0.1170479528023159,,0.09422544779185159,,-0.007414513705539,0.007558780100180533,0.014973293805719533,-0.0792002455870344,0.007026246772668162,0.08622649235970256,-0.0228846281808722,0.007983833061790624,0.030868461242662824,-0.0224057953363645,0.00732438506086339,0.02973018039722789,-0.0180404091842554,-0.001728384656181543,0.016312024528073857,-0.0796683976892497,0.013850192412914823,0.09351859010216453,-0.0803304428777686,0.015582630414052811,0.0959130732918214,-0.1685862348007896,-0.01299234092967966,0.15559389387110995,-0.0436888216724053,0.007956943729895732,0.051645765402301036,,0.0036175098296614577,,,-0.015054419149712476,,-0.0711998983292661,0.001057137258272958,0.07225703558753906,-0.0701764159454691,0.00288541439146079,0.0730618303369299,-0.0633080346607088,0.011959445127512935,0.07526747978822174,-0.1069118621883975,0.012229213473956344,0.11914107566235385,,-0.01940524510264746,,0.0077022769224139,0.008379561661604086,0.0006772847391901867,-0.0567247468442271,-0.00485378041189872,0.05187096643232838,-0.0417047663564053,-0.007612071288083179,0.03409269506832212,-0.0694834816746572,-0.009055219278128624,0.060428262396528584,-0.0758245438072151,0.003162714231023378,0.07898725803823847,-0.0720489331492916,0.004209731749152263,0.07625866489844386,-0.1934289526466186,-0.051835742345856944,0.14159321030076166,-0.0406514755341412,0.014022977848937409,0.05467445338307861,,0.014738404938714651,,-0.0326072912866602,0.008016944393693378,0.040624235680353574,-0.0671580879461989,-0.003961424641464118,0.06319666330473478,0.0204543987770307,-0.0003822894965531769,-0.020836688273583877,-0.0056245456005922,0.011658164614980917,0.017282710215573118,0.0006332999588349,0.012216796901836002,0.011583496943001101,-0.0531483745333969,-0.008442075670087998,0.0447062988633089,,0.008041753952783214,,-0.0881071310442661,0.01378346227993238,0.10189059332419848,-0.011502277601278,0.005622765610735041,0.01712504321201304,-0.0150536908787554,0.00705178187514269,0.02210547275389809,-0.0419609219313934,-0.005919769139441509,0.036041152791951886,-0.0039790291534809,0.004712115816374059,0.008691144969854958,0.0069146595655835,-0.0036464880698285403,-0.01056114763541204,-0.1100249507183996,-0.02580151864255003,0.08422343207584956,-0.0157489642126577,0.00029053880999093166,0.016039503022648633,-0.037529099835217,0.0008334865819696251,0.03836258641718663,-0.0370008097721183,-0.007187739801738862,0.02981306997037944,-0.0563466102353743,0.00675081660604789,0.0630974268414222,-0.0524406421691953,0.007182051017613553,0.05962269318680885,-0.0276940437528053,-0.003540205128083317,0.024153838624721983
2015-11-01,,0.0313209560253785,,0.1274712026333027,0.017524064714681025,-0.10994713791862167,0.0893232312940227,0.011042013388975456,-0.07828121790504725,0.0207134171946006,0.007324067864820235,-0.013389349329780366,0.0534189039740292,0.031018792586101747,-0.022400111387927454,0.0590635533155341,0.016209514243194553,-0.04285403907233955,0.0608603001888341,0.017111123132861134,-0.04374917705597296,0.011094422030362,0.0006076695663620648,-0.010486752463999936,0.1071802567712036,0.021077902658640842,-0.08610235411256276,0.1122194814607844,0.021573136915605428,-0.09064634454517898,0.010276483172874,-0.005576042922918275,-0.015852526095792276,,-0.0019676248424071703,,0.1232063930170268,0.013045987265450273,-0.11016040575157653,,0.0008198383784354685,,-0.159455091200674,-0.013306429911787572,0.14614866128888643,0.0837589819069693,0.014548674353064379,-0.06921030755390492,,-0.025530930629634692,,0.0571327298155385,0.012068320721021365,-0.04506440909451713,0.0230899902049668,0.016074786745977218,-0.0070152034589895836,0.0853208122049835,0.013565265910474423,-0.07175554629450907,0.0561649630746237,0.00015152783142848144,-0.05601343524319522,,0.002730354368064715,,0.1025156387417972,0.013277793238825043,-0.08923784550297216,,-0.0645181480429203,,0.0834428870165885,0.023408521116982644,-0.060034365899605854,0.0858400796912181,0.024157252896278524,-0.06168282679493957,-0.0141796337877836,-0.002845790674329005,0.011333843113454594,0.1430978871694469,0.02180808833212653,-0.12128979883732038,,-0.024588900167273043,,0.0427369464433569,0.0008975034108853358,-0.041839443032471564,0.0157945252803952,0.0067327892579782,-0.009061736022417,0.0514375886423064,0.008916290849774682,-0.04252129779253172,0.053224141741741,0.009377491990681353,-0.043846649751059646,0.0428105422734191,-0.006289722368226703,-0.049100264641645804,0.0935724392941897,0.012376475070395434,-0.08119596422379426,0.0936124805872517,0.013089255945604717,-0.08052322464164699,0.0233407660834223,-0.01728567622304907,-0.04062644230647137,0.0652567839154678,0.012851390604645501,-0.05240539331082229,,0.011584766523082084,,,-0.0114028228415254,,0.0863894504507151,0.009804498009308408,-0.07658495244140669,0.0944990822051498,0.011257415370145268,-0.08324166683500453,-0.0480519531678622,0.05610716771540428,0.10415912088326648,0.1029424500732207,0.03148486306968561,-0.07145758700353508,,0.004088241492152473,,0.0399282788374747,0.00187342900133315,-0.03805484983614155,0.1247861564662426,0.0055927741265915844,-0.11919338233965102,0.1284748562197515,0.005932891769568098,-0.1225419644501834,0.040589159358884,-0.0032096580676888344,-0.043798817426572836,0.0570224480732031,0.00982194616812376,-0.04720050190507934,0.057912525766355,0.009386093421100155,-0.04852643234525485,-0.0359835051921262,-0.019737479682982513,0.01624602550914369,0.1558967398273073,0.023115048697018473,-0.13278169113028884,,0.022887435797104658,,0.1185260033313357,0.018748156062564494,-0.0997778472687712,0.1093909254489198,0.009020913487803449,-0.10037001196111636,0.0388700009754137,0.013597914474881402,-0.025272086500532302,0.0566846611805046,0.012861291319611555,-0.043823369860893045,0.0631552952978627,0.013570436376324773,-0.04958485892153793,-0.0195364461680684,-0.014449458582045946,0.005086987586022452,,0.014336895930630844,,0.0879279009342412,0.01040949737577529,-0.07751840355846591,0.0673166405961979,0.012608667001464704,-0.054707973594733186,0.0731853327153901,0.014296640710669951,-0.05888869200472015,-0.01639781301355,0.0008652709529230671,0.017263083966473067,0.0637107384346037,0.01190244516545455,-0.05180829326914915,0.0678100149208648,0.012977180883875079,-0.05483283403698973,0.0501798008261821,0.0028751456675903155,-0.04730465515859178,0.0347361896449914,0.010048911189441843,-0.024687278455549556,0.040168019311474,0.011226890570487966,-0.028941128740986033,0.0463414307847857,0.0005748063182608443,-0.04576662446652485,0.045033404267163,0.00899728651025795,-0.036036117756905045,0.0370774600654373,0.009750071045505225,-0.027327389019932077,0.1010896556449081,-0.004479705725363422,-0.10556936137027152
2015-12-01,,-0.0011180139566853316,,0.0153093556378588,0.0065939528078561285,-0.008715402830002671,-0.0122789411344132,0.01608268736981309,0.028361628504226293,-0.0045481395121978,0.011559609323979217,0.016107748836177018,-0.0194389031602371,0.012773984903078038,0.03221288806331514,0.0177563408115418,0.004295186692182273,-0.013461154119359529,0.0164160563712571,0.004611627856249603,-0.011804428515007497,0.0319995569997702,0.00046962234477135865,-0.03152993465499884,0.0205820264450417,0.00901350067675427,-0.011568525768287432,0.0187362502773029,0.009663612679542532,-0.009072637597760367,-0.0034147815381221,-0.021484099479761973,-0.01806931794163987,,0.013437169604814735,,0.014498509777941,0.004845486870400356,-0.009653022907540644,,0.015796762663570205,,-0.0994840702528845,-0.0016603886216820117,0.09782368163120249,-0.0154259218962255,0.006280765287524942,0.02170668718375044,,0.008071979097238677,,-0.0087060535767626,0.004680059112185592,0.013386112688948192,0.0555521755586249,0.01269664843892735,-0.04285552711969755,0.0483980257864729,0.008219790109521553,-0.04017823567695135,-0.0075820157318652,0.007157157472494316,0.014739173204359517,,0.04102632306010557,,0.0123791122543531,0.01158113790272021,-0.0007979743516328911,,-0.04745320468402323,,0.0046742360789504,0.010163133169830627,0.0054888970908802265,-0.0003275867516097,0.010496420890608465,0.010824007642218164,-0.1106857711672776,-0.025466092495362823,0.08521967867191477,-0.0129947390808248,0.012982931727798646,0.025977670808623447,,-0.001402466676583203,,-0.0066344866020364,0.007422936523289626,0.014057423125326027,-0.0184218578355285,0.012133393427059911,0.03055525126258841,0.0012756880924751,0.00559123176270606,0.00431554367023096,-0.0066049958991123,0.006797729698905131,0.013402725598017431,0.0312240700912876,0.00784308173992638,-0.023380988351361216,0.0210744697196513,0.007783079197733665,-0.013291390521917634,0.0193898463776848,0.0085994852333837,-0.010790361144301099,-0.0603902359251201,-0.005637114744347135,0.05475312118077297,0.0624307695573773,0.003524672871362248,-0.058906096686015055,,0.013320255569431692,,,0.007902634720912722,,0.0186560379978938,0.008937800546991176,-0.009718237450902624,0.0147154862581144,0.007198735200372396,-0.007516751057742003,-0.0685183064589056,-0.023308419607671427,0.04520988685123417,-0.0723588395401249,0.0030942285040060553,0.07545306804413095,,0.013189193540353885,,-0.0237526043351632,0.01132392888763028,0.03507653322279348,0.0037447861076152,0.004553692938330652,0.0008089068307154516,0.0026303189871243,0.013732537075118864,0.011102218087994564,0.0137689032823742,-0.016981952783222207,-0.030750856065596407,0.0011291410717424,0.005270691316241038,0.004141550244498637,-0.0029136270188721,0.005750993227061062,0.008664620245933162,0.0048873210336436,-0.029761217341337277,-0.03464853837498088,-0.0549000323713828,0.012852980157088974,0.06775301252847177,,0.03538632612340791,,-0.0230254315969867,0.010509881700721329,0.03353531329770803,-0.0109420607398265,0.005544109847168207,0.016486170586994708,-0.0065025153924385,0.008408141592067667,0.014910656984506165,0.0214974662920159,0.008145643943496235,-0.013351822348519666,0.0328017158881917,0.008806064049013839,-0.023995651839177866,-0.1530241061641926,-0.018296106455818154,0.13472799970837446,,0.01862493709682838,,0.0037016611988362,0.007872237313938196,0.004170576115101996,0.0092188486488787,0.007112837043713958,-0.0021060116051647426,0.0110138668506758,0.007323304390702485,-0.0036905624599733143,0.0018037604465394,-0.005330401121349388,-0.007134161567888788,-0.0197753301924538,0.005826594870751532,0.02560192506320533,-0.01692986182042,0.014493815718879243,0.03142367753929924,-0.1496220885365157,-0.01042989626803228,0.13919219226848342,-0.0402793353367016,0.007302948867652059,0.047582284204353655,-0.0525485640686189,0.007740472717637156,0.06028903678625606,-0.0223348729123622,0.0007716120441690989,0.0231064849565313,0.008102587956829,0.01100901370195659,0.0029064257451275905,0.0122564585802449,0.012201800919771097,-5.465766047380374e-05,-0.0193071663057535,-0.013574737866732935,0.005732428439020564
2016-01-01,,0.01830537617012012,,0.0168272649656015,0.002187764694215206,-0.014639500271386293,0.0033363043701475,0.027982855056042855,0.024646550685895354,-0.0466159790258109,0.015963721608417015,0.06257970063422791,-0.0413829091989815,0.0009685844903477867,0.042351493689329285,-0.0380698003857799,0.006566573161964144,0.044636373547744045,-0.0363519556861748,0.00841197764343596,0.04476393332961076,0.011740935588652,0.0025711049103209365,-0.009169830678331064,-0.0074449216627608,0.005071171628090816,0.012516093290851616,-0.0049295024970887,0.006213718487965586,0.011143220985054287,-0.0227672111284368,-0.035388939369906856,-0.012621728241470058,,0.02072681940986752,,-0.071957264834853,0.004720096030945944,0.07667736086579895,,0.033026704197427106,,-0.0265429337823292,0.0029450413172365402,0.02948797509956574,-0.0396485937842377,0.0020931633230595395,0.04174175710729724,,0.0042374947051752486,,-0.0140774815260341,0.014794143815608916,0.028871625341643017,-0.0570519450149385,0.017571448787931165,0.07462339380286967,-0.055190476334778,0.017235484395480536,0.07242596073025853,0.0219347002689186,0.015245945385882677,-0.006688754883035924,,0.030656228355176125,,-0.0417542976443834,0.00828735760662587,0.050041655251009266,,-0.051620031310656074,,-0.0647733279097535,0.005943230251258588,0.07071655816101209,-0.0658629148129703,0.006236603602788045,0.07209951841575835,-0.0332090754654913,-0.03836568646442531,-0.005156610998934004,-0.0206834558640708,0.0034531441856819793,0.02413660004975278,,-0.023224198271120308,,0.01862879785543,0.014519350637877465,-0.0041094472175525355,0.0048950382847869,0.014444571000114691,0.009549532715327791,-0.016811140433233,0.00837657400253624,0.02518771443576924,-0.0081814849461205,0.0104430013684056,0.018624486314526102,-0.0827906007140629,0.007889379720916929,0.09067998043497982,-0.0603647558739822,0.013298634927379798,0.073663390801362,-0.0561554960204114,0.014652080875412856,0.07080757689582426,-0.0753623297160555,-0.016959002203819313,0.05840332751223619,-0.0055998467217345,0.008796238979000214,0.014396085700734713,,0.025372462429194588,,,0.008730725192342366,,0.0023282215637763,0.012241619077777176,0.009913397514000876,0.0062403578388475,0.010222005964720634,0.003981648125873134,-0.0652364331662502,-0.07679644561928639,-0.011560012453036186,-0.0463720626559234,0.001979838411717893,0.04835190106764129,,-0.01207536955178912,,-0.0543093924790439,0.022006743995655224,0.07631613647469912,-0.0816628763584004,0.01796224377192794,0.09962512013032834,-0.0677464855471266,0.03182570128734516,0.09957218683447176,-0.225818545195878,-0.01714947208723844,0.20866907310863955,0.0090015616216877,0.010610918352038912,0.0016093567303512128,0.0110857116915907,0.012385103272502761,0.001299391580912062,-0.0633714995201972,-0.06106668672781294,0.0023048127923842657,-0.0168542142275216,-0.005529701561823631,0.01132451266569797,,0.012866325558576919,,-0.0419069854319108,0.008897774104650633,0.05080475953656143,0.0004831816872245,0.01425372544152725,0.01377054375430275,-0.0120666597540819,0.015643030226971655,0.027709689981053554,0.005428970415179,0.012482066474097168,0.007053096058918168,0.0123395656496058,0.013498384723946566,0.0011588190743407664,-0.0070564719410046,-0.02708555650615389,-0.02002908456514929,,0.0200574432881217,,-0.0394592183333018,0.014364452618991082,0.05382367095229288,-0.0200669098031949,0.00938563932312176,0.02945254912631666,-0.0203901919308632,0.008741204370018844,0.029131396300882045,-0.082053817526144,-0.005116068139398341,0.07693774938674566,-0.0487798532237987,0.012250331077461573,0.061030184301260275,-0.0403406400672203,0.02364754046821684,0.06398818053543714,-0.1078463527538544,-0.04163232034563455,0.06621403240821985,-0.0077713814345667,0.010989262805702303,0.018760644240269003,-0.0034018732659306,0.010005977718981067,0.013407850984911667,-0.0268185396326807,0.00981648895277885,0.03663502858545955,-0.0112613933014374,0.01524459821373186,0.02650599151516926,0.0100799692173932,0.017190250615998874,0.007110281398605674,0.0320360453719582,-0.03123385767213274,-0.06326990304409094
2016-02-01,,0.04271870360581397,,-0.084757850449777,-0.005386214947029186,0.07937163550274781,0.0135377187317157,0.017736906662347406,0.0041991879306317054,0.014614923401612,0.014600011165962346,-1.4912235649654909e-05,-0.1413742770706136,-0.007765535336312346,0.13360874173430123,-0.090444696640162,-0.0018560884075332585,0.08858860823262873,-0.0912881908253612,-0.0011432792174907091,0.0901449116078705,-0.038292869337424,-0.013306583708358332,0.024986285629065665,-0.0361672258883482,0.010156436903073237,0.04632366279142144,-0.0294545876922561,0.011114545547851013,0.040569133240107115,-0.0941320242878147,-0.026634286225568977,0.06749773806224572,,0.005343388137229628,,-0.0863379024918665,0.0017617831290208529,0.08809968562088735,,0.023732204868680384,,-0.2202430915370178,-0.01824363921274285,0.20199945232427494,0.0043897751564025,-0.001185771236615475,-0.005575546393017975,,-0.00719868791823674,,-0.1080600061877049,0.003337719594277148,0.11139772578198204,-0.1052060030587846,-0.0017489096558626041,0.10345709340292199,-0.0827600645365993,-0.0012108390998525516,0.08154922543674675,-0.0016748797990526,0.003916272579505476,0.005591152378558076,,0.056738887565791256,,-0.0705375808964128,0.007660488504168718,0.07819806940058151,,-0.04708304527849571,,-0.07778269188026,0.018953930282014777,0.09673662216227479,-0.0774225199886038,0.020032939065383244,0.09745545905398705,-0.0768581652550076,-0.023389255151148952,0.05346891010385865,-0.099075689360799,0.00253364267295712,0.10160933203375612,,0.016091071653599645,,-0.0103054359777338,0.014908881992702029,0.02521431797043583,-0.0385999949855469,-0.007250094867815882,0.03134990011773102,-0.0631736449027855,-0.0031604320927798865,0.060013212810005614,-0.0613195126274982,-0.003980344303981971,0.05733916832351623,-0.1015793973987995,-0.01208073263478243,0.08949866476401706,-0.0521106215955783,0.004559944407821649,0.056670566003399946,-0.0514012963823616,0.005662211908444776,0.05706350829080638,-0.1209145238917563,-0.031109959478393685,0.08980456441336263,-0.0880862871685519,0.008546850527882023,0.09663313769643392,,0.026221621007476468,,,0.02718483102156321,,-0.0506183925069914,0.009614622858852853,0.06023301536584425,-0.0408242381204126,0.005840492319962381,0.04666473044037498,0.7320498308621777,-0.02613311014909911,-0.7581829410112768,-0.0481663921347649,-0.011015050202895617,0.03715134193186929,,-0.04568026390615645,,-0.0612130404267626,0.01781925764368221,0.07903229807044482,-0.037063862011079,0.007013807286352283,0.04407766929743129,-0.0324812907624041,0.018752987727648558,0.05123427849005266,-0.0877802779511496,-0.024685426116472457,0.06309485183467714,-0.0913357724836635,0.012900006387964224,0.10423577887162772,-0.0841838951623515,0.014377282543489184,0.09856117770584069,-0.2009798249189107,-0.04544015693037182,0.15553966798853888,0.1212707969327958,0.008249828685937707,-0.11302096824685809,,-0.015418779848004016,,-0.1115233653454074,-0.012038783099638068,0.09948458224576932,0.0473584122901018,0.022048457818092327,-0.025309954472009472,0.0124107102596008,0.01641043880569123,0.003999728546090429,-0.0434439715691008,0.010130592371305683,0.05357456394040648,-0.0404800491722764,0.012344051685675593,0.05282410085795199,-0.1483950112442524,-0.04389529529880256,0.10449971594544982,,0.01997299212891336,,-0.0114082951640022,0.00532214642717245,0.01673044159117465,-0.0606688038632918,0.001994897110360472,0.06266370097365227,-0.0607866773009311,0.0032816261935023727,0.06406830349443347,-0.0596349934407563,-0.017871683817149413,0.04176330962360689,-0.0866321491711338,0.009709111140969841,0.09634126031210363,-0.0847195895537728,0.019577536293751342,0.10429712584752415,-0.1224895365592789,-0.05710539797320568,0.06538413858607323,0.0315622713927438,0.004729942961737753,-0.026832328431006046,0.0523035948975403,0.005149656703393688,-0.047153938194146615,-0.0053684094019516,0.0042916201554855544,0.009660029557437154,-0.0823854992844336,0.006107607013001609,0.08849310629743522,-0.0855245439276019,0.008336453879417637,0.09386099780701954,-0.064353598370316,-0.01390271314187644,0.05045088522843956
2016-03-01,,0.017160886521995412,,0.0208792600440739,0.008333245964980042,-0.01254601407909386,0.0335940462916397,0.0015990127852528412,-0.03199503350638686,0.013555257518155,0.009015288703396884,-0.004539968814758115,0.0592178370162664,0.02204756291077875,-0.03717027410548765,-0.0331233750689745,0.008314700294558889,0.04143807536353339,-0.0341526860652037,0.008415942862529625,0.042568628927733325,-0.0207295639329888,-0.006156922425315496,0.014572641507673303,-0.0245142689892262,0.012186353569294617,0.036700622558520815,-0.0270580477154073,0.012891150812306447,0.039949198527713746,0.0213352489504883,-0.011811428171283996,-0.0331466771217723,,-0.008722197390663076,,0.0494933525511789,0.007971673173425982,-0.04152167937775292,,-0.004450203742904486,,0.0174910671076205,-0.020699499117143128,-0.03819056622476363,0.0286856858296688,0.0022072484684312675,-0.026478437361237533,,-0.02481923659531824,,0.0354104343374539,0.009300808768951277,-0.026109625568502624,0.0067415427092775,0.010344319667288812,0.003602776958011312,0.0335066019113028,0.01196008369588723,-0.02154651821541557,0.0002227620992764,0.004851731297794924,0.004628969198518524,,0.022258768404331976,,0.0840846746086922,0.01470372271517951,-0.06938095189351269,,-0.04492072633673973,,0.0094084165303393,0.024456024820026817,0.015047608289687518,0.0074827117082656,0.025163679187356888,0.017680967479091286,0.0212871691350015,-0.005314622143033396,-0.026601791278034897,0.0203786993840626,0.011701666925398542,-0.00867703245866406,,0.06624101964228438,,0.0273106031715706,0.005370040131838605,-0.021940563039731995,-0.0103093681727187,0.0015127033529387043,0.011822071525657405,0.0036171901913378,0.008308383913347168,0.004691193722009368,0.003820130809362,0.007528867825346019,0.003708737015984019,0.0237264259023668,-0.006635456211061761,-0.03036188211342856,0.0474105702648808,0.014589691730435015,-0.032820878534445784,0.0454979188491817,0.016170467154478736,-0.029327451694702966,-0.072188880103519,-0.024239330587142855,0.047949549516376144,0.0131868139285044,0.013306992534323095,0.00012017860581869412,,0.008992799477700892,,,-0.012754916248497901,,0.0202197411924742,0.0031418356201591297,-0.017077905572315068,0.0228220337840733,0.0067215416124187756,-0.016100492171654525,0.0893038036278112,0.04009927343424899,-0.04920453019356222,0.1227508740449348,0.020103056890892472,-0.10264781715404234,,-0.04041294738968445,,-0.0277890794236371,0.00634224304025287,0.03413132246388997,-0.0198525848944301,0.0010432010742817237,0.020895785968711823,-0.0077378385103969,-0.0030299800657511457,0.004707858444645754,-0.007163379019636,-0.0029435380041095945,0.004219841015526406,-0.0271192422125783,0.008090896233947138,0.03521013844652544,-0.0262028037033285,0.009056378560462324,0.03525918226379082,-0.0973856610404674,-0.0516804246799434,0.045705236360524,0.3550777759708285,0.012140840409190749,-0.3429369355616378,,-0.012975490584904251,,-0.0545969254522105,0.007845810038708384,0.06244273549091889,0.09992398052893,0.0021847644316025905,-0.09773921609732741,-0.0102990989710312,0.0054103638984633095,0.015709462869494508,-0.0068653879717811,0.01574877469512714,0.02261416266690824,-0.0162400427066973,0.016548560510758217,0.03278860321745552,0.0340081163659872,-0.013437586975598277,-0.047445703341585474,,0.0021081558345547044,,0.0137664573148597,0.011011852560006034,-0.0027546047548536665,-0.0039344600748302,0.007156609624940709,0.01109106969977091,-0.0071251508499259,0.009087952517192303,0.016213103367118203,-0.0348380977028129,-0.005678713488548301,0.029159384214264596,0.0594172375792596,0.00878452900815879,-0.05063270857110081,0.0628484219502469,-0.0007765019101012714,-0.06362492386034817,0.0520114894115145,-0.026014885020005145,-0.07802637443151964,0.019100307363324,0.0024626585638451723,-0.01663764879947883,0.0231515830187755,0.003382418648441465,-0.019769164370334033,0.0700926189927979,-0.004478321521305664,-0.07457094051410355,0.0360859363996655,0.0058693609712101085,-0.03021657542845539,0.0383499349512443,0.006413319408227172,-0.031936615543017126,0.0449444752433594,-0.0028794224327960143,-0.047823897676155414
2016-04-01,,0.01700522932421945,,0.0667919209262957,0.02656457852871732,-0.04022734239757838,0.0752589909530096,0.011803420203305468,-0.06345557074970413,0.0232507758827629,0.012468786105809062,-0.010781989776953837,0.1141644434073917,0.04119841275900651,-0.0729660306483852,0.0808701952918833,0.02408617913925288,-0.05678401615263042,0.0818364988896587,0.025348351284287432,-0.05648814760537127,0.0294430936040492,0.009289074577759503,-0.020154019026289695,0.0856757746808403,0.017494499867392942,-0.06818127481344735,0.0861715019615601,0.01801835976890394,-0.06815314219265617,0.0179097750441693,-0.008945394964733759,-0.026855170008903056,,0.0034938692108568065,,0.0808249775068399,0.01831014966402381,-0.06251482784281609,,0.0037034790177606536,,0.2188625743853129,-0.0008920302571604163,-0.21975460464247332,0.0634902840265625,0.013382653210638638,-0.050107630815923856,,-0.01708388701821009,,0.1588580317416146,0.02421664638515908,-0.13464138535645553,0.1277239279911666,0.02556887989782046,-0.10215504809334615,0.1301826435960619,0.029596972898392485,-0.10058567069766942,0.0504259058466926,0.010215561714559954,-0.04021034413213265,,0.00759572940938029,,0.0882796153484309,0.02025835934397791,-0.068021256004453,,-0.059663217280732955,,0.1010511893287527,0.021665341560379435,-0.07938584776837326,0.1040799444146956,0.021935856163555978,-0.08214408825113963,-0.0453738279862857,-0.008999481890239507,0.03637434609604619,0.0915430824561416,0.023955342742093537,-0.06758773971404805,,-0.010076861870139824,,0.0347477790322727,0.005350807467047025,-0.029396971565225673,0.0753511509803452,0.021481240533741952,-0.05386991044660325,0.0685494142735712,0.018346496665125722,-0.050202917608445474,0.0704538279825002,0.019829172412562136,-0.05062465556993807,0.023416692783337,-0.0028665842124283684,-0.026283276995765367,0.0921536720236816,0.02377407536151828,-0.06837959666216332,0.0900373483666686,0.025314596754789052,-0.06472275161187954,0.0768898219105799,-0.01112113964604489,-0.08801096155662479,0.0806393212521199,0.01647964942176511,-0.06415967183035479,,0.008751664225731698,,,-0.04030150963207071,,0.0415019585009766,0.009719730404050941,-0.03178222809692566,0.0364908963342646,0.011654763665153334,-0.024836132669111263,-0.0285054979164653,0.01801325248366636,0.04651875040013166,0.1659642279797238,0.046731715567417245,-0.11923251241230655,,0.022082928222498664,,0.0324855922478405,0.007602443941553012,-0.024883148306287486,0.1089002179016956,0.009470053164757443,-0.09943016473693816,0.0918978158874663,0.007433569120959459,-0.08446424676650685,0.0834996941006417,0.001686224985453571,-0.08181346911518814,0.0233892162624847,0.008408144957653338,-0.014981071304831364,0.0211478407076923,0.00855420470024283,-0.012593636007449472,0.0214674202290506,-0.04432967826252557,-0.06579709849157617,0.0448577044535513,0.016503636467547277,-0.02835406798600402,,0.05198242125081125,,0.1142828599793892,0.03236085478698744,-0.08192200519240175,0.046215381234772,0.004061203410054979,-0.04215417782471702,0.0443686263346656,0.012180150081167029,-0.03218847625349858,0.0567841264304145,0.014815976218940263,-0.04196815021147424,0.0583472910329739,0.014965685222648227,-0.04338160581032567,0.0109401067415038,-0.001071836374770347,-0.012011943116274147,,0.021447935810814566,,0.1708606423575499,0.02717857456202466,-0.14368206779552525,0.0871472587440803,0.019206145616818965,-0.06794111312726134,0.0831710261028704,0.020049045351913257,-0.06312198075095715,0.0813155778173845,0.010812132802176204,-0.07050344501520829,0.0806103222128589,0.015993221187108015,-0.06461710102575088,0.0809515809617738,0.013024427959400404,-0.0679271530023734,0.1082881107803067,-0.006049228786985377,-0.11433733956729208,0.0861802713483845,0.013095828899133083,-0.07308444244925143,0.0848232498293588,0.012628068023304961,-0.07219518180605383,0.0602243949437838,0.0039758079589476926,-0.05624858698483611,0.0555898841047885,0.015414175927071703,-0.040175708177716804,0.0441120159231216,0.0159688014152504,-0.028143214507871196,0.0551443291474104,-0.01594365877997264,-0.07108798792738305
2016-05-01,,0.002110090851645771,,0.0067301429478746,0.010809712474645088,0.004079569526770488,0.0042872025262022,0.00747294242397217,0.0031857398977699694,-0.0308642265030858,0.00445847780591167,0.03532270430899747,0.012597292992412,0.026945302091206966,0.014348009098794967,0.0626334780740661,0.009526696590765979,-0.05310678148330013,0.0635119706619545,0.009854023165338796,-0.05365794749661571,0.0208976643103767,0.0010757784949400728,-0.019821885815436625,-0.0259193524738537,0.013639894529490321,0.03955924700334402,-0.0292369062651058,0.014251164598682815,0.043488070863788614,0.0031262246785744,-0.010599314928019767,-0.013725539606594167,,-0.0005061227701452602,,0.0262420070489261,0.007165968829177075,-0.019076038219749025,,-0.0033949518677450752,,0.0304105130046062,-0.012107161735665388,-0.042517674740271585,-0.0036299419015441,0.009788239876475025,0.013418181778019126,,-0.01862032106081384,,-0.0479394420684307,0.005868187674981317,0.053807629743412015,-0.0230536934645972,0.018340594912937512,0.04139428837753471,0.0149522132293634,0.011583011872942833,-0.003369201356420567,-0.003468924157973,0.0028354334984562906,0.006304357656429291,,-0.0012908954234321743,,0.0192272927294753,0.010755754900506353,-0.008471537828968947,,-0.05416205036695197,,-0.0799554780809007,0.015753631782229292,0.09570910986313,-0.0851333251595822,0.016181678083992932,0.10131500324357513,0.0167077709835843,-0.008691864478274707,-0.025399635461859006,-0.0805531033489641,0.016257922195606647,0.09681102554457074,,0.011920123837221302,,0.01210774231763,-0.0016121902595188713,-0.013719932577148871,0.0158775736114034,0.008755379913418106,-0.0071221936979852934,0.0166254352369786,0.00956322916460906,-0.007062206072369541,0.0201841222351767,0.01037582370912599,-0.00980829852605071,0.0231564846026507,0.008200766053464866,-0.014955718549185835,0.0392308897281783,0.010275275347132204,-0.028955614381046095,0.0436766674827737,0.011033595477245875,-0.03264307200552782,0.0288095488825803,-0.010715157790226004,-0.0395247066728063,-0.0101915222149389,0.008191539563977248,0.018383061778916146,,0.0066953890298813495,,,-0.0045196786984782805,,0.0367327625015362,0.005664465876079965,-0.03106829662545623,0.0402701386699848,0.00978013709668718,-0.03049000157329762,0.0940070139337501,0.047068693971295636,-0.04693831996245447,0.2120526466249727,0.02053696241463996,-0.19151568421033274,,-0.006458963175848588,,-0.0181027794642574,0.0009712974710232396,0.01907407693528064,0.0914494681783898,0.0030923963624492567,-0.08835707181594053,0.0799110891192901,0.002318331992816602,-0.0775927571264735,0.1266762450104033,-0.0011538460336165204,-0.12783009104401982,0.0484726940905648,0.0054995800847898405,-0.042973114005774964,0.0490216093516976,0.005511261115325128,-0.043510348236372474,0.0243640304182959,-0.027122830770991323,-0.05148686118928722,0.3817499531400407,0.01475992896615463,-0.36699002417388604,,0.00521776972996128,,0.0063250027060553,0.017325324811109124,0.011000322105053823,-0.006268947070753,-0.0023032764589095735,0.003965670611843427,-0.0279757727970425,0.004764489466265541,0.03274026226330804,0.0068086375048365,0.013739247619815981,0.006930610114979481,0.0121194795737242,0.013822952778464204,0.0017034732047400032,0.0382409435625073,-0.006881793328742353,-0.045122736891249654,,-0.0008107744571374906,,0.0098647778143821,0.0028963326366733774,-0.006968445177708723,-0.0007520986374593,0.008317987254036199,0.0090700858914955,-0.0035574940763113,0.009490663646793957,0.013048157723105257,0.0800181089714951,-0.0016834847018816557,-0.08170159367337675,0.0133119811974968,0.0057484789976071935,-0.007563502199889607,0.0161527713445203,0.002334850446149048,-0.013817920898371253,0.1997881804567781,0.011277891050287918,-0.18851028940649017,0.0061250677977611,0.005526580268936322,-0.0005984875288247782,-0.0036168083854188,0.007110978308464065,0.010727786693882864,0.0298837122893539,-0.004721626590628299,-0.0346053388799822,0.0040963128511541,0.007776388179302777,0.003680075328148677,0.0013489603267448,0.008025319242730868,0.006676358915986068,0.0179877654092868,-0.0024493293696959766,-0.020437094778982777
2016-06-01,,0.029700897329512466,,-0.0160007448147516,0.0026774388427936763,0.018678183657545276,0.0155760715913438,0.015449750244135795,-0.00012632134720800582,-0.0554982796139095,0.015199382507114145,0.07069766212102364,-0.0291774521110027,0.0034003270641017407,0.03257777917510444,0.0043066340927139,0.0021765670593380713,-0.002130067033375829,0.0040546903282609,0.002532069780581532,-0.0015226205476793677,-0.0067306158620104,-0.008641793293739892,-0.0019111774317294916,0.0420249667745426,0.011881387755741627,-0.03014357901880097,0.0406646951146435,0.012580828125805587,-0.02808386698883791,-0.0410817568545601,-0.021310615731494068,0.019771141123066032,,0.007292152069661514,,-0.0182633610887181,0.005261608119450929,0.02352496920816903,,0.019912734042937603,,0.0601177253419364,-0.011885431767358125,-0.07200315710929453,0.005106878088584,0.0027054761796100253,-0.0024014019089739747,,0.0007150130174745773,,0.0661011688693556,0.004937872974681216,-0.06116329589467439,0.021858707591565,0.001369292401257109,-0.02048941519030789,0.0212938724922915,0.0023247362994203817,-0.01896913619287112,0.0033395926267152,0.004262057615671661,0.000922464988956461,,0.06290409307947105,,0.0138427462545382,0.012238732654778671,-0.0016040135997595299,,-0.04671318792204563,,0.0670608720795852,0.01932298894163524,-0.04773788313794995,0.0681281405432165,0.020192194750870248,-0.04793594579234625,-0.0235858919498302,-0.021220502171332933,0.0023653897784972656,0.0671599427557906,0.009981660940786913,-0.05717828181500369,,0.011380427171317596,,0.0173833201000979,0.013457437934968458,-0.003925882165129442,-0.0198343571496292,0.0001976992846265891,0.020032056434255787,0.0223775413403282,-0.0001486596312260602,-0.02252620097155426,0.0167757946712914,-0.0005605970182979947,-0.017336391689589396,0.0619711782492967,-0.01033963331107656,-0.07231081156037326,0.0121184263453957,0.006705303313081547,-0.005413123032314153,0.0162925254723956,0.007759282393329635,-0.008533243079065965,0.0213690255456904,-0.020869716378756075,-0.042238741924446474,0.0343842810064381,0.00730845274786535,-0.027075828258572753,,0.02040562349711775,,,0.014416673153463053,,0.0143528892516184,0.009819293264429407,-0.004533595987188993,0.0177780434484679,0.005442044498029106,-0.012335998950438793,-0.0302984587871368,-0.02178456386939643,0.00851389491774037,-0.0715136855132139,-0.002149156936086577,0.06936452857712731,,-0.013608339203166902,,0.0417727160187678,0.015434588537658986,-0.026338127481108815,-0.0160008049162629,0.0037976635813420615,0.01979846849760496,-0.0113677891954888,0.014073162075578242,0.02544095127106704,0.0553212624929446,-0.023652159907949857,-0.07897342240089446,0.0237990313926164,0.010102091464509556,-0.013696939928106843,0.0228780576035794,0.010977636846687741,-0.011900420756891657,-0.0756613430350189,-0.035595147879558156,0.04006619515546074,-0.1061801732957538,0.015922971530543634,0.12210314482629743,,0.019530761752479177,,-0.0013185867552496,-0.002885281894958866,-0.0015666951397092662,0.0320815926741463,0.017806231174633532,-0.014275361499512768,-0.006348036036893,0.014511798932349131,0.02085983496924213,0.0267718423892388,0.00792464070720885,-0.01884720168202995,0.0362560290878699,0.009730467515338466,-0.026525561572531435,0.0129835276716339,-0.03459376262914241,-0.047577290300776315,,0.02704117809368293,,0.0062313915995008,0.010538769269775298,0.004307377670274498,0.0277175235280103,0.005208259301888572,-0.022509264226121727,0.0261028350773935,0.006348926381093453,-0.019753908696300046,0.0064708082085857,-0.012052246043965435,-0.018523054252551133,-0.0299654095883932,0.009365767276606053,0.039331176864999255,-0.0324979669123479,0.019467586560770803,0.05196555347311871,-0.0855998494373627,-0.04204724723829753,0.04355260219906516,0.0154063925347684,0.0063341030778715285,-0.009072289456896872,0.0039571139922922,0.00659329804796682,0.00263618405567462,-0.0317620299403416,0.0033075467486963143,0.035069576689037915,0.0173676785546516,0.008182052068008355,-0.009185626486643245,0.0191108308693893,0.010091661361548617,-0.009019169507840681,-0.0334110966300363,-0.012473614194330549,0.020937482435705753
2016-07-01,,0.0358967908205375,,0.0318248337878631,-1.7244085787037955e-05,-0.031842077873650135,0.0877924498248927,0.00738761586572227,-0.08040483395917043,0.0218220659981107,0.007393927682639851,-0.01442813831547085,-0.0812268874845119,0.008372121390246247,0.08959900887475815,-0.0552493158209795,0.002109976326791071,0.05735929214777057,-0.056154196941079,0.002381227274142834,0.058535424215221836,-0.0098386955723094,-0.012245109766657984,-0.002406414194348585,-0.0308707653453163,0.014635745273926025,0.045506510619242324,-0.0330489905002418,0.015411485809296277,0.04846047630953808,-8.783301089229263e-05,-0.013888374364948677,-0.013800541354056384,,-0.007183756132121495,,-0.0238392486968367,0.0037772103825905834,0.027616459079427284,,0.0029044914671643523,,-0.0426055484937694,-0.02654263317231162,0.01606291532145778,0.0440482008671056,0.003206621125409237,-0.04084157974169636,-0.2111920996915426,-0.02638017736575415,0.18481192232578844,-0.0164673228236795,0.0016128060162371343,0.018080128839916634,0.0072096329138537,0.002765432626607546,-0.004444200287246154,-0.0280243894238065,-0.00011750955387293145,0.02790687986993357,0.0308600204721763,-0.001346493072816314,-0.03220651354499261,,0.023905862350418975,,-0.0150892795947358,0.008135919697487988,0.02322519929222379,,-0.05111935558299786,,-0.0189810822901183,0.02369887006464792,0.042679952354766224,-0.0186625892867534,0.024796003542424404,0.0434585928291778,-0.0162581364011655,-0.006735579129859307,0.009522557271306194,-0.0524326334845683,0.008378462502203424,0.06081109598677173,,0.03242561990031836,,0.0774396706152152,0.005085203469586023,-0.07235446714562918,-0.0055251996772805,-0.008963161742393417,-0.003437962065112917,-0.0109093355063116,6.62669879332289e-05,0.010975602494244828,-0.0107070370003003,-0.0011286971956308892,0.009578339804669411,-0.041819804108954,-0.009828244001646879,0.031991560107307124,-0.0070325192250163,0.005368267925422667,0.012400787150438967,0.0025878616017247,0.006264462882857005,0.0036766012811323048,0.0111801873915113,-0.030029678471730065,-0.041209865863241366,-0.010079834060026,0.010431793603883816,0.020511627663909817,,0.016513926283866692,,,0.015465448565453321,,0.0429333473089996,0.00592151871262512,-0.03701182859637448,0.0414517692377326,0.007199962658782437,-0.03425180657895016,-0.0339722052156778,0.044827885167333194,0.078800090383011,0.1299821730910368,0.004271857922540089,-0.1257103151684967,,-0.05054960891536679,,0.0032199883904274,0.00610656227620057,0.0028865738857731696,0.0312534364788616,0.002039002666699616,-0.02921443381216198,0.0336534123205649,0.0042325355816031605,-0.02942087673896174,0.0605719392493103,-0.01113577732000892,-0.07170771656931922,-0.0007227814675866,0.010954300217930283,0.011677081685516883,0.0023913945150452,0.011647514291066297,0.009256119776021098,-0.1706401937279849,-0.03412113119294071,0.13651906253504417,0.2344822153112123,0.014756681540679852,-0.21972553377053244,,-0.03030857884236092,,-0.0362170650544926,-0.004313286116341942,0.031903778938150655,-0.0205359549024686,0.011764092134931323,0.03230004703739992,0.0031368891312739,0.010668665181133026,0.007531776049859126,0.0025923518714115,0.01339801287635772,0.01080566100494622,0.004025719529404,0.014909220453207802,0.010883500923803802,0.0393558664411857,-0.03005216080699282,-0.06940802724817852,,0.003354770127823968,,0.010291294816224,-0.00035688437727854057,-0.01064817919350254,0.0149008886636291,0.0026805187155504143,-0.012220369948078687,0.007959639035857,0.004871102000062122,-0.003088537035794879,0.0383729801274315,-0.01402179083333267,-0.05239477096076417,-0.0111097223853896,0.0074930845324637846,0.018602806917853383,-0.0045435209928839,0.006611174188405341,0.01115469518128924,-0.1572115791315356,-0.02744058064637577,0.12977099848515983,0.076931157826971,0.0024044468555601698,-0.07452671097141084,0.077018669447954,0.004134426106088347,-0.07288424334186566,0.0951862404239613,-0.0029566772818526,-0.0981429177058139,0.0271062317742441,0.0027476743810300624,-0.024358557393214037,0.0269046222327252,0.003916932578683217,-0.022987689654041982,0.0308810666648092,-0.00018039523211926993,-0.03106146189692847
2016-08-01,,0.024526930807336977,,0.0149030697422611,0.019320835646385818,0.004417765904124718,0.0107272135179616,0.013059891331208124,0.002332677813246524,0.0151537514785503,0.007204711411183448,-0.007949040067366853,0.091578195232816,0.03528255245893988,-0.05629564277387612,0.0397470134649791,0.021138580271632665,-0.018608433193346437,0.0394654055060449,0.022795910063326222,-0.01666949544271868,0.0243992139974047,0.006891408101608851,-0.01750780589579585,0.0689643477728797,0.017381115522427007,-0.05158323225045269,0.0705483000171316,0.01814537949047262,-0.05240292052665897,0.0530105172125533,-0.010541057823875221,-0.06355157503642853,,-0.0005784064312675445,,0.030247616213154,0.014363100687565338,-0.01588451552558866,0.0298284352941386,0.0008859407987723958,-0.028942494495366202,0.0375437541959524,-0.008680714075446055,-0.04622446827139845,0.0235344875103388,0.012933281346874962,-0.010601206163463836,0.0154132274078925,-0.032469394891545315,-0.047882622299437815,0.0989040512234534,0.020578843117213034,-0.07832520810624037,0.0415870929332702,0.027060880304522042,-0.014526212628748161,0.0756882928899749,0.026012652414347772,-0.04967564047562713,0.0289255288106662,0.007471560096467313,-0.021453968714198888,,-0.02331942565700319,,0.0430777566672476,0.013131826519844432,-0.02994593014740317,,-0.06490065525911881,,0.0882061924150204,0.019529649900763432,-0.06867654251425696,0.0880908137273204,0.019948266873060227,-0.06814254685426017,-0.0004229729304651,-0.006718850335155443,-0.006295877404690343,0.0687447916016344,0.018250408376853777,-0.050494383224780615,,-0.016983851814580373,,0.0078744167410762,0.0007819337071807204,-0.00709248303389548,-0.0004675904450032,0.01452936143881485,0.01499695188381805,0.00712471242876,0.016727656578894187,0.009602944150134187,0.0033789175849978,0.01819865937914064,0.014819741794142841,0.0570413366457443,0.0022469870674461313,-0.05479434957829817,0.0581747822686333,0.02014609370074393,-0.038028688567889365,0.0612401284989178,0.02138128667034743,-0.03985884182857037,0.0173186645975742,-0.018509771093199248,-0.035828435690773444,0.075857369152515,0.017095514041730295,-0.0587618551107847,,0.011566758729276925,,,-0.02577529629015002,,0.0535657777596117,0.008965916507188048,-0.044599861252423656,0.0518300878531412,0.014089085708396107,-0.037741002144745094,0.3163386032688883,0.042167083155954146,-0.27417152011293416,0.065424740656235,0.041886245919309145,-0.02353849473692586,,-0.00883946975812164,,0.0635259557717518,0.00425515476549748,-0.059270801006254314,-0.0268875610050446,0.012844240117053554,0.039731801122098155,-0.0302748687851303,0.01002562832968921,0.04030049711481951,-0.0514793472588817,0.007001209109151275,0.058480556368032975,0.0542630090653208,0.01031379499054672,-0.043949214074774076,0.0536231161177717,0.010607238434169611,-0.043015877683602086,-0.0267683445962182,-0.04441045115046747,-0.01764210655424927,0.1032391923071126,0.00950009170993602,-0.09373910059717659,,0.00717145626888474,,0.0489057112995449,0.02775093822736426,-0.02115477307218064,0.0253882469373425,0.003396754625944214,-0.021991492311398284,0.0153997261650408,0.011986450258740823,-0.0034132759062999764,0.0593559944958929,0.018582283913912943,-0.040773710581979955,0.0532786099397653,0.018665756864137545,-0.03461285307562775,0.10035178798778,-0.004341164920301514,-0.1046929529080815,,0.004068592585250447,,0.1035496507163348,0.015373060601605112,-0.0881765901147297,0.0482607308845562,0.01598306316281192,-0.032277667721744285,0.046624496168003,0.017039212328213496,-0.029585283839789506,0.0705422400023688,0.006711093513032522,-0.06383114648933629,0.049808874451616,0.014533446759280548,-0.03527542769233545,0.0528692587689704,0.008976388642071375,-0.04389287012689902,0.103845318343499,0.0005891524716849413,-0.10325616587181406,-0.0027917927621199,0.011380232385718834,0.014172025147838734,-0.003907675942808,0.011860221835382833,0.015767897778190834,-0.0079225604413834,0.0024068967248499816,0.010329457166233381,0.0301264918233282,0.01241833005626436,-0.01770816176706384,0.0299968636006605,0.012828863102391017,-0.017168000498269484,0.0799009692760223,-0.012443153486074575,-0.09234412276209689
2016-09-01,,0.022396840330224908,,0.0025591751472871,0.016928431006050095,0.014369255858762996,-0.013005919539741,0.011693093624961785,0.024699013164702785,0.0147108580617693,0.010679218868306448,-0.004031639193462852,-0.0017254603555219,0.027618848749607076,0.029344309105128974,0.0539069123414384,0.013702193460601357,-0.04020471888083704,0.0536468380813291,0.014234090771002175,-0.03941274731032692,0.0117913493671951,0.00048654717021916357,-0.011304802196975937,0.016333576824024,0.01852431501713076,0.002190738193106761,0.0166802044535371,0.018958435347379284,0.0022782308938421834,-0.0190664704185108,-0.008552418829273746,0.010514051589237055,,0.003038300908499433,,0.040143301686711,0.012337746516345692,-0.027805555170365308,0.0400160448010709,0.005918482589138781,-0.034097562211932116,-0.0059656089589398,-0.008460179861014876,-0.002494570902075076,-0.0368373146993026,0.012514162790688446,0.049351477489991045,0.0470076537912239,-0.011092794353129251,-0.05810044814435315,0.0301121723754144,0.010865780694224584,-0.019246391681189814,0.0052734001044302,0.013271423189575682,0.007998023085145483,0.0043925409083506,0.012248986443946303,0.007856445535595703,0.0098298189883244,0.002431132558437683,-0.007398686429886717,,0.027278360252878473,,0.0374804243263431,0.015621714176125352,-0.021858710150217744,,-0.05761928790826998,,0.0316925114432849,0.021792388804668415,-0.009900122638616487,0.0314994477622247,0.022437333689371567,-0.009062114072853133,0.0138882717128305,-0.008706667658095678,-0.02259493937092618,0.0186736026875988,0.021711274896379792,0.003037672208780994,,-0.01411649707844795,,-0.015822813379095,0.004769897861052928,0.02059271124014793,-0.0338534887124331,0.009378117543717835,0.04323160625615093,0.0190143720731272,0.007870604170083433,-0.011143767903043767,0.0076420549935144,0.008332336173377902,0.0006902811798635018,0.0328756715781771,-0.0058766112150164885,-0.038752282793193586,0.0331891414295867,0.011995139615021496,-0.021194001814565204,0.0321112329087206,0.01282489420474517,-0.019286338703975434,0.0163295586020635,-0.012289537698633057,-0.028619096300696558,-0.008875572521851,0.010288114626607047,0.019163687148458047,,0.011547468966126588,,,-0.009764822163971313,,-0.0094657625252249,0.010034060828243208,0.01949982335346811,-0.0157234375065648,0.009156700582230703,0.024880138088795502,-0.0737026428937362,0.02858729118215832,0.10228993407589451,-0.0241797131077575,0.024722284048759726,0.048901997156517225,,0.016297141341821628,,-0.0316987753344163,0.005753917369165564,0.03745269270358186,0.0052610142609399,0.0035915617414826414,-0.001669452519457259,-0.0010085109821109,0.006696173982372618,0.007704684964483518,-0.0178448343905489,-0.009576870761265836,0.008267963629283063,-0.0229111770224503,0.00836269265893474,0.03127386968138504,-0.0234973903565658,0.008094384909355158,0.03159177526592096,-0.0048332462235186,-0.020844626878470423,-0.016011380654951824,-0.167673504157583,0.02426507521430375,0.19193857937188674,,0.04176247241032074,,-0.0255915404005937,0.016794092650214813,0.042385633050808516,0.0066123356966795,0.009515827964499598,0.0029034922678200974,-0.0080080425408545,0.012812685989615704,0.020820728530470206,-0.0184301161369974,0.010108798302377443,0.02853891443937484,-0.017712923677582,0.010940619817034666,0.028653543494616664,0.0207930205519881,-0.01572468544016772,-0.03651770599215582,,0.022749112026847866,,-0.0338225551083091,0.013794866137554504,0.04761742124586361,0.0031729145527658,0.012037501384602233,0.008864586831836434,0.0086194929163823,0.013379584067649596,0.004760091151267297,-0.0069172472455384,-5.1190151945462806e-05,0.006866057093592937,0.0187677683372116,0.010945370583621343,-0.007822397753590256,0.0238824350430212,0.015283110326133373,-0.008599324716887829,-0.0223100605596828,-0.004556855815060209,0.01775320474462259,-0.0387697256853419,0.009833210125698353,0.04860293581104025,-0.0466791058321779,0.010539471607221696,0.0572185774393996,-0.0672804484936515,0.0012377186377651413,0.06851816713141665,-0.0117060853469479,0.010266523020851686,0.021972608367799587,-0.0171233707022762,0.011241790269982415,0.028365160972258614,0.061455754531389,-0.007011184152698456,-0.06846693868408746
2016-10-01,,-0.0030706679738649644,,-0.0258836165690339,0.010991079318879321,0.03687469588791322,0.0031208835662975,0.01868542937727312,0.015564545810975619,-0.0745872142601913,0.008162646438978472,0.08274986069916977,0.0070537167722066,0.02414607779808874,0.01709236102588214,-0.018359982254299,0.015464776341919808,0.03382475859621881,-0.0196850803231257,0.017391609880882907,0.03707669020400861,0.0312185637574125,0.011203979295692152,-0.020014584461720344,0.0103506026017104,0.005895494137211128,-0.0044551084644992725,0.00996368235276,0.007025791700465458,-0.0029378906522945416,-0.0037644654941272,-0.026100408435107608,-0.02233594294098041,,0.01074065689053787,,-0.0156831332350119,0.008205631267082613,0.02388876450209451,-0.0152955971945471,0.01066918312751312,0.02596478032206022,-0.0521104519602263,0.0014644010747213911,0.053574853034947696,0.0037222394211771,0.006092966984637501,0.0023707275634604007,-0.01174553006829,-0.01754681369711453,-0.0058012836288245315,0.0394025939466797,0.020254556222156706,-0.019148037724522993,-0.0354187137730701,0.033659982547837655,0.06907869632090775,-0.0203501126333331,0.030340599265065344,0.050690711898398445,0.0023416315324465,0.016816439007878665,0.014474807475432165,,-0.025715156718788774,,0.0092091346054936,0.009429868933466473,0.00022073432797287303,,-0.05538480513361379,,0.0520453528676061,0.005754327153480019,-0.046291025714126084,0.0538323264264658,0.005647276594646879,-0.04818504983181892,-0.0527008929570992,-0.02558070630871872,0.02712018664838048,0.0612410902961311,0.007967722709948269,-0.053273367586182827,,-0.0010731411838756798,,-0.0358136198766497,0.003357043201201602,0.0391706630778513,-0.0113196603125705,0.022729307911166532,0.03404896822373703,0.0087569491541853,0.01965712730508943,0.01090017815090413,0.0140322880693162,0.02253417610220047,0.008501888032884269,0.0275008954138455,0.020915576519831457,-0.006585318894014043,0.0222827488578853,0.021187872994146623,-0.0010948758637386764,0.025750433634062,0.022744465661073347,-0.003005967972988653,-0.0323799027215325,-0.012245587714291737,0.020134315007240763,0.021764294437798,0.01317189462213853,-0.00859239981565947,,0.013086872424129724,,,-0.01867670507208031,,0.0067506426278499,0.0074828637696813935,0.0007322211418314935,0.0079168517931862,0.013956482349490784,0.006039630556304585,-0.0348176617795209,-0.018058504278279562,0.016759157501241337,0.037118522562026,0.028066557196091087,-0.009051965365934916,,-0.01763708177641577,,-0.0173418389564881,0.011216607646027324,0.02855844660251542,0.0251233144974522,0.01832314930833618,-0.006800165189116022,0.0196436975135382,0.0194641327456381,-0.00017956476790010126,0.0208239926843637,0.006149812958722642,-0.014674179725641058,-0.0031754054266313,0.0074996846997396685,0.010675090126370967,-0.0052317011031538,0.008952646649879117,0.014184347753032917,-0.0005364462390035,-0.06833163822043703,-0.06779519198143354,0.0457618869430281,-0.009817491304304083,-0.05557937824733218,,-0.006127128511471337,,-0.0199693907993583,0.027955790416406567,0.04792518121576486,-0.0504428542305693,-0.004051605021467312,0.04639124920910199,-0.0149992657719999,0.006750586074738346,0.021749851846738246,0.0045353547371384,0.02009628168602163,0.015560926948883228,0.0084759695549591,0.019603225275545894,0.011127255720586794,-0.0281836795444014,-6.659590387601673e-05,0.02811708364052538,,-0.0055438001856431916,,0.0393241174438107,0.013359475190017673,-0.02596464225379303,-0.0107417023036299,0.013625708677835071,0.02436741098146497,-0.0115824757679495,0.01315632805893462,0.02473880382688412,0.0247754631143782,0.0057036636585339855,-0.019071799455844213,0.0235812272713963,0.011333379450543211,-0.01224784782085309,0.0245745486246461,0.006005670687496684,-0.018568877937149418,0.0159263934951602,-0.0061591778983406086,-0.02208557139350081,0.023513992832032,0.009981770243256166,-0.013532222588775834,0.0292685520897889,0.009711304185287465,-0.019557247904501432,0.0136520751022245,0.0032487751797808315,-0.010403299922443668,-0.0233268529126913,0.0155408593665798,0.0388677122792711,-0.0351525670323851,0.015946519168913237,0.051099086201298334,0.000366176659804,-0.0241520812202937,-0.024518257880097698
2016-11-01,,0.07302297927362535,,0.0024658973479758,0.018422607304485188,0.01595670995650939,0.010910068618554,0.011429649491845701,0.0005195808732917015,-0.049757976273687,0.01388411183798081,0.06364208811166781,-0.0341960469721131,0.02830009854492062,0.06249614551703372,0.0276054660092109,0.02434417216125583,-0.0032612938479550727,0.0293112716154833,0.02660578854552215,-0.0027054830699611496,-0.0020341299696724,-0.002923658663350381,-0.000889528693677981,0.0035003330358771,0.021004007899383195,0.017503674863506093,0.009038470715282,0.02194935888075328,0.012910888165471281,-0.0699878677609806,-0.01096033905555657,0.05902752870542402,,-0.011853565916051849,,-0.0246726198135012,0.018632831439790016,0.043305451253291216,-0.0189047940338003,0.005202902181065146,0.024107696214865443,-0.0358211985061676,-0.022059170113346207,0.013762028392821393,-0.048413277078546,0.006787010267775243,0.05520028734632124,,-0.05155918405778362,,-0.0248110090965971,0.030044605260837215,0.054855614357434315,-0.0407638927953988,0.016545366614054712,0.057309259409453514,-0.0298929689989752,0.028016308004857694,0.057909277003832894,-0.0308061828454365,0.007825815060208862,0.038631997905645366,,-0.003744771179846156,,-0.039488167481033,0.01672850255936991,0.056216670040402913,,-0.06519489075647332,,-0.008670239766795,0.034724484698946685,0.043394724465741684,-0.0060879977205521,0.0357970698507428,0.041885067571294905,-0.0241529490260465,0.0005101984154916174,0.02466314744153812,0.0746737709326127,0.013637313706691712,-0.061036457225920986,,0.010725957251923884,,0.0011905252096401,0.010801669574532267,0.009611144364892167,-0.0673344336289278,0.0018419887526875778,0.06917642238161538,-0.0011860098885228,0.014251964686579181,0.015437974575101982,0.0026030543386353,0.013654370801276478,0.011051316462641177,-0.0905265919493688,-0.026183778151988118,0.06434281379738067,-0.0396742792508227,0.02642789050139312,0.06610216975221582,-0.0388481247429824,0.028586979212446715,0.06743510395542912,-0.0215505980258396,-0.044892634412353395,-0.023342036386513797,-0.0598094931965626,0.027977826401610815,0.08778731959817342,,0.0214190601701993,,,-0.03592776914258297,,-0.0686633654910171,0.009611800789384818,0.07827516628040193,-0.0677645236385463,0.012810003758931137,0.08057452739747745,-0.1712460295388657,0.03994339237559171,0.21118942191445741,0.0963836702203971,0.04811978773926256,-0.048263882481134536,,-0.05569921237107077,,-0.0162123210448235,0.012023830066390507,0.028236151111214008,-0.0173136493016813,0.01574127227615717,0.03305492157783847,-0.0076867199867534,0.010607943056948045,0.018294663043701444,0.0326654647759352,0.004469667175479321,-0.02819579760045588,-0.0765546011299924,0.018469680896179307,0.09502428202617172,-0.0752103934257124,0.019799417263673055,0.09500981068938545,-0.1919656538802093,-0.07286973202560053,0.11909592185460878,-0.0544454208396965,0.007746638752061164,0.062192059591757665,,-0.019106567621724403,,-0.0800106525243628,0.015292062983123867,0.09530271550748667,0.0329538110141307,0.019571213355583515,-0.013382597658547189,-0.0309515445072154,0.021265706824260842,0.05221725133147624,-0.0413363509439479,0.022011856841069665,0.06334820778501757,-0.0406181060294632,0.023533177279925387,0.06415128330938859,-0.0021144865273254,-0.021691374146313287,-0.019576887618987886,,0.014605376609181696,,-0.0299295441585655,0.028158398897987994,0.058087943056553494,-0.0271238684417984,0.017213642596371034,0.044337511038169436,-0.0219617826249792,0.019537644957751846,0.04149942758273105,-0.0236280843092079,0.002349422556988539,0.02597750686619644,-0.0194906285988282,0.023726101125686495,0.043216729724514694,-0.0245498164575911,0.014380168237251273,0.03892998469484237,-0.1134635453474559,-0.05456633489835146,0.05889721044910444,-0.0035414039961416,0.01137279927440358,0.014914203270545181,-0.0023864438081355,0.01080279036506244,0.01318923417319794,0.0160219632980187,0.008025429776199864,-0.007996533521818837,-0.0887433949317151,0.010647931976968705,0.0993913269086838,-0.0979545352711376,0.011930843330493174,0.10988537860163076,-0.038207416677206,-0.01665263022354026,0.02155478645366574
2016-12-01,,0.02656496466787302,,0.0702855214351354,0.006637663383562086,-0.06364785805157332,0.0356073359885775,0.012906435258616167,-0.022700900729961334,0.0071114379960655,0.006991062831932814,-0.00012037516413268643,0.0453640038112207,0.018902270696142722,-0.02646173311507798,0.10683167045441,0.012230968340222926,-0.09460070211418707,0.102788913177507,0.013794331879689639,-0.08899458129781737,0.0818859509472542,-1.818212894928408e-05,-0.08190413307620349,-0.0012952691580383,0.011597498346528975,0.012892767504567275,-0.0078108417191294,0.012666927630972914,0.020477769350102315,0.002796445053052,-0.019122871531548447,-0.021919316584600446,,-0.0022431372000613382,,0.0896856902856071,0.007662531366185113,-0.082023158919422,0.0854149873680794,0.004415160745504092,-0.08099982662257531,0.0578896907486654,-0.015788315010366923,-0.07367800575903233,0.052365749014042,0.004824846258459178,-0.04754090275558282,,-0.03431743717182658,,0.0270380471594457,0.015318956482248059,-0.01171909067719764,0.0673346702729426,0.021249344503489694,-0.0460853257694529,0.0871065201338178,0.019519458404222968,-0.06758706172959483,-0.0445982532572952,0.008453897390327023,0.053052150647622226,,-0.01805314568748275,,0.0871779579932817,0.008316694296412238,-0.07886126369686945,,-0.05707811338267689,,0.020531199653775,0.01717322604792014,-0.0033579736058548595,0.0157625391817078,0.017734923747632067,0.0019723845659242664,0.0719846416772912,-0.012336943845174373,-0.08432158552246558,0.0309996444551242,0.007158096044131125,-0.023841548410993074,,0.016080027240731844,,-0.0555402196742444,0.00354491584472001,0.05908513551896441,-0.0228705976466813,0.005855924468424596,0.028726522115105898,0.1047625408554303,0.012316987007223985,-0.09244555384820631,0.114955669111262,0.013108219985627603,-0.1018474491256344,0.1549956611861224,0.0034518451908597,-0.1515438159952627,0.1154600666320132,0.016599629795496725,-0.09886043683651648,0.1107253425329738,0.01802342092759436,-0.09270192160537943,0.0707804396656666,-0.02760637989254732,-0.09838681955821393,0.0296036786876431,0.016048661672283703,-0.013555017015359397,,0.016148388460330256,,,-0.007962865058722506,,-0.0434040483672374,0.0066030394443806085,0.05000708781161801,-0.051622406125366,0.01243184684261429,0.06405425296798029,-0.196862868926403,0.026058539844742174,0.2229214087711452,0.1726593536616665,0.024072463520680976,-0.1485868901409855,,-0.04984122996410574,,0.0912086671189042,0.00820826479633817,-0.08300040232256603,0.0813087194284142,0.013521355701128779,-0.06778736372728542,0.0689665196243449,0.012367186832023168,-0.05659933279232173,0.0965939497908448,0.0035568141308333916,-0.09303713566001141,0.0300124191885141,0.01143144499321499,-0.01858097419529911,0.0278623470815463,0.012716205973435613,-0.015146141108110687,-0.0364117027904002,-0.06029384626634145,-0.023882143475941246,-0.1362159978332801,-0.0012779873410192024,0.1349380104922609,,-0.03531415642554722,,0.1001243736634731,0.013848306711448322,-0.08627606695202478,0.0250558787577316,0.004512044560016092,-0.020543834197715508,0.0754552895511578,0.010172732694233784,-0.06528255685692401,0.0235084955968841,0.020338579650192205,-0.003169915946691894,0.0158138148999163,0.020817105003089954,0.005003290103173654,0.0531704246250185,-0.013785771186446388,-0.06695619581146489,,-0.00651496133900715,,0.204727027662004,0.00803287043461101,-0.196694157227393,0.0448235025862638,0.00977801627514039,-0.03504548631112341,0.0539848579070454,0.010869283775983368,-0.04311557413106203,0.0474336124877571,-0.0024398061857659444,-0.049873418673523046,0.0870618123602508,0.012099969441013244,-0.07496184291923756,0.0862043440707212,0.004863009460008647,-0.08134133461071255,0.2433114085352931,-0.020411709809773464,-0.26372311834506657,-0.0312425376940687,0.006842457212512519,0.03808499490658122,-0.0455579627573951,0.007515847046054301,0.0530738098034494,0.0933154361930266,0.0011230207550380013,-0.09219241543798859,0.0948893526122177,0.009226211416269057,-0.08566314119594864,0.0954134623425975,0.009912191716401212,-0.08550127062619628,0.0614319121174602,-0.012964001242322989,-0.07439591335978318
2017-01-01,,-0.0014750915374901273,,0.0243162630763811,0.009462141760806399,-0.014854121315574701,0.0281981686490636,0.007691919131360489,-0.020506249517703114,-0.00188853020295,0.009055145695679157,0.010943675898629157,0.0529112898122219,0.0211994936246988,-0.0317117961875231,0.0474717449384375,0.005822937009209997,-0.0416488079292275,0.0458864945139716,0.005620781364408625,-0.040265713149562975,0.061145685125159,-0.0014870420447718735,-0.06263272716993087,0.0020301774432258,0.01191922919664707,0.00988905175342127,0.0026640954868036,0.012427069628661191,0.009762974141857592,0.0025008546861149,-0.012971338721798769,-0.015472193407913669,0.0286722924007011,0.0037744598965858385,-0.02489783250411526,-0.0023303923299608,0.006458900706952411,0.00878929303691321,-0.0071575069965725,0.002956505847115109,0.010114012843687608,-0.0705160462106659,-0.009063240179502793,0.061452806031163106,0.0418221569664373,0.007155224598082693,-0.03466693236835461,0.0318180932764901,-0.0026140463550579705,-0.03443213963154807,-0.0001997699386597,0.003553584184644106,0.003753354123303806,0.0071796270297186,0.011664081906708174,0.0044844548769895735,-0.0087765130210389,0.0074951671553752435,0.016271680176414144,0.0095929983660531,0.003966399118164739,-0.00562659924788836,,0.03442557358905748,,-0.003994292668369,0.013807482855765834,0.017801775524134835,,-0.04597648811025682,,0.0314281937408695,0.016383896323352316,-0.015044297417517182,0.0318069782916182,0.016836806321730256,-0.014970171969887945,0.0207150305465289,-0.013720423818614758,-0.034435454365143656,-0.0224354643675278,0.016332213150875675,0.03876767751840347,,0.025894481117113212,,0.0561356274725586,0.00397331630759712,-0.05216231116496148,0.0007500560959886,0.008650561223569943,0.007900505127581343,0.0177325472495896,0.00642003913146454,-0.01131250811812506,0.0100682492816527,0.0067835565923148435,-0.0032846926893378573,0.0541136796311908,0.004088849794792924,-0.050024829836397874,-0.0081326124905249,0.008787174088953874,0.016919786579478773,-0.0161043247940317,0.009659066633794202,0.025763391427825903,0.0127828318917121,-0.007532601619863913,-0.02031543351157601,0.0037290958636491,0.005541130418528592,0.0018120345548794919,,0.007859839084071406,,,5.2852567007295053e-05,,0.0157650729052794,0.006229489535319782,-0.009535583369959619,0.0139815969047967,0.006730755952001962,-0.007250840952794738,0.1222213823085278,0.018670120339551722,-0.10355126196897609,-0.072964673126593,0.010906434504485278,0.08387110763107827,,0.004603673945739969,,0.0317302582542408,0.005811850648193991,-0.025918407606046807,0.0229891842220076,-0.0003635606266255578,-0.02335274484863316,0.0277662001033746,0.0024783563293155012,-0.0252878437740591,0.0215965658508008,-0.010809802371423545,-0.03240636822222434,0.0039743093345199,0.004703138649047401,0.0007288293145275007,0.0058749914034583,0.004870012198449263,-0.0010049792050090371,-0.0514942763050481,-0.026009751494994474,0.02548452481005363,0.0291149725305755,0.01877298418550488,-0.010341988345070621,,0.026447853238799664,,0.0400604789573192,0.01165781082628592,-0.02840266813103328,-0.0994401237163521,0.0012503181866084818,0.10069044190296057,-0.0093946694082528,0.005224815218940943,0.014619484627193743,-0.0008477977461477,0.009875671786061196,0.010723469532208896,0.0018406920044916,0.010389331281963439,0.00854863927747184,0.0161948651115179,-0.012384192044992406,-0.028579057156510303,,0.011859861098515126,,-0.019151235516927,0.006834311183149509,0.02598554670007651,0.0368979195103459,0.007014437858592681,-0.029883481651753217,0.0391321047424426,0.008065838545043834,-0.031066266197398766,0.0299689490901631,-0.004553187587773385,-0.03452213667793649,0.0048913222507112,0.005059003383049997,0.0001676811323387973,-4.976146235277255e-05,0.006359291216697076,0.006409052679049848,-0.0190795101804148,-0.0024930587086597076,0.016586451471755092,0.0409460921096117,0.004988779839903036,-0.03595731226970866,0.0373952647592373,0.006096872388308727,-0.031298392370928574,0.0254870542328328,-0.0037416392653580313,-0.029228693498190832,0.017351244848339,0.008312517048967037,-0.009038727799371964,0.0104476135950199,0.008980895499897662,-0.001466718095122237,0.0721320957783322,-0.003823365677697849,-0.07595546145603005
2017-02-01,,-0.007109142604484913,,-0.0162405004661438,0.0064747069668213385,0.022715207432965137,0.0015533496591786,0.005228951292700539,0.003675601633521939,0.0131666035135456,0.006448987604603227,-0.006717615908942374,0.0556369933592181,0.02111222459728278,-0.03452476876193532,0.0178322255636055,0.005119870389692709,-0.01271235517391279,0.0206901639539099,0.005033364873049036,-0.015656799080860866,0.0183055209072598,-0.0012952016070904816,-0.019600722514350282,0.0510536022903933,0.009105045939932352,-0.04194855635046095,0.0524311071815522,0.009788462071716898,-0.0426426451098353,0.0453531230079461,-0.014838471967441393,-0.060191594975387494,0.0520765275852246,9.028711585587387e-05,-0.05198624046936873,0.0497725858604043,0.004582878816820941,-0.045189707043583355,0.0510483790964713,-0.002086782123577627,-0.05313516122004893,-0.0132556021763602,-0.012323902022982626,0.0009317001533775751,0.0418382659141109,0.004488473824458268,-0.03734979208965263,0.0239891186757023,-0.011486203929691614,-0.03547532260539391,0.0192206276150056,0.003941486781076063,-0.015279140833929537,0.0530983106116745,0.015282094249461886,-0.037816216362212614,0.031781956702505,0.010058481050895582,-0.021723475651609418,0.0296046174143203,0.005671341847971551,-0.02393327556634875,,0.015525759271244869,,0.0465568228151158,0.011699630381579612,-0.03485719243353619,,-0.04415571748946524,,0.0287127751401453,0.014683230690997397,-0.014029544449147904,0.0279255719886991,0.015045432525226478,-0.012880139463472624,0.0065147457817869,-0.01297190369189029,-0.01948664947367719,0.0556895372236187,0.012056148624215439,-0.04363338859940326,,0.04692505731887232,,0.0121229446162123,0.0017165884319969213,-0.01040635618421538,0.0171807948385397,0.008005405530955398,-0.0091753893075843,0.0190058983915817,0.008717509726166566,-0.010288388665415135,0.021560928786064,0.009158588194706536,-0.012402340591357463,-0.0288418163101508,0.009458368857864878,0.03830018516801568,0.0492573750046127,0.010451750174430008,-0.03880562483018269,0.0499067060853259,0.011529519420291505,-0.038377186665034396,0.0115330984138247,-0.010798590714256642,-0.022331689128081342,0.0729095245541057,0.006961056076165439,-0.06594846847794025,0.0795007726072352,0.006385031571784813,-0.07311574103545039,0.0274994943608587,-0.0018807312153111533,-0.029380225576169854,0.067621371002549,0.0036362474254516687,-0.06398512357709733,0.068217176240307,0.007503094354047683,-0.06071408188625932,0.3300702773278668,0.027467876164568694,-0.3026024011632981,0.1801949063160347,0.01207743093891501,-0.16811747537711969,,-0.01783344117579799,,0.0121047026598728,0.004562598720675456,-0.0075421039391973446,-0.037023459120156,0.001147282838973168,0.038170741959129166,-0.0393155662067694,0.0005701607623037758,0.03988572696907318,0.0984803463953187,-0.004046654633800462,-0.10252700102911917,0.0080385749368769,0.004398671739056996,-0.0036399031978199044,0.0082121968367146,0.005010234964612293,-0.0032019618721023067,0.0781168381860232,-0.03863383056781238,-0.11675066875383558,0.1361157291944734,0.010627486653441815,-0.12548824254103158,,-0.0012937800739548447,,0.0038885965857458,0.012154120364848857,0.008265523779103057,0.0033657658301233,-0.0043118724175565445,-0.007677638247679844,0.0107498762993659,0.0016615891459912317,-0.00908828715337467,0.0200259323156052,0.013691324877358612,-0.006334607438246589,0.0248471358698462,0.013858456806928677,-0.010988679062917525,-0.0655259078887079,-0.007576674984908349,0.057949232903799545,,-0.002125936461715644,,0.0541441859276926,0.0036635835032410658,-0.050480602424451536,0.0132294044379474,0.005871471920765416,-0.007357932517181985,0.011044776097833,0.006912969129550015,-0.004131806968282984,-0.0037955357264474,-0.004782600746784226,-0.000987065020336826,0.0379038592692196,0.004059442276733819,-0.03384441699248578,0.0408569166298281,-0.001192295131505351,-0.04204921176133345,0.0587595267440801,-0.0017694677875358035,-0.06052899453161591,0.0130201341770462,0.002817064668600139,-0.010203069508446062,0.0146270541075844,0.0041406678097107045,-0.010486386297873695,-0.0144331648967007,-0.0060065558306446245,0.008426609066056075,0.0197228105724295,0.00731119061527006,-0.01241161995715944,0.0196592975020599,0.00760833209172687,-0.01205096541033303,-0.0159992065504981,-0.0031769338984819016,0.012822272652016199
2017-03-01,,0.025078521421625033,,0.0442446818287546,0.0016374981322425227,-0.04260718369651208,0.0642300786153591,0.012866267495627743,-0.051363811119731366,0.0383915070687168,0.009348105384682589,-0.029043401684034215,0.0074319347427856,0.007129213421958736,-0.0003027213208268639,0.0407120116356003,0.0012319339945255875,-0.039480077641074716,0.0420803428392812,0.0014062391768149803,-0.04067410366246622,0.0281687264685994,-0.008586023859464711,-0.03675475032806411,0.029993463782689,0.014041636746619264,-0.015951827036069732,0.0309468406231459,0.014693375570151703,-0.016253465052994194,-0.0310058053800777,-0.016204292818093047,0.014801512561984653,0.0390548992275454,0.0031215317448681796,-0.035933367482677225,0.0137871367291357,0.0036009363941665287,-0.010186200334969172,0.0093948650768643,0.01114616993680873,0.0017513048599444303,0.0843490896766689,-0.016519341766191395,-0.1008684314428603,-0.0051129509825202,0.006005782277288471,0.011118733259808672,-0.0172872821112739,-0.008259939564877888,0.009027342546396012,0.0614660076732251,-0.00021992973165540212,-0.0616859374048805,0.043494860481445,0.003480897996970986,-0.04001396248447401,0.0367530413022454,-0.0014780449350616548,-0.03823108623730706,0.0479554250599208,-0.00039646767515294994,-0.04835189273507375,,0.038990750812096533,,0.017235562928386,0.008711033837354951,-0.008524529091031048,,-0.051178207715731554,,0.0734414765039733,0.018380052553372824,-0.05506142395060047,0.0774938505263343,0.01928362176014573,-0.058210228766188574,0.0155948216848652,-0.01466636909325813,-0.03026119077812333,-0.0008356067244725,0.011473136461840576,0.012308743186313077,,0.0036578837601756154,,0.0118448400560191,0.006345310510139212,-0.005499529545879888,0.0513000069224131,-0.0026370627790805947,-0.053937069701493694,0.025641624777118,-0.0007731330573698563,-0.026414757834487858,0.0172407998645351,-0.0011261660862890834,-0.018366965950824186,0.029936637180264,-0.004326919508662545,-0.03426355668892654,0.0176453780361616,0.002830945140853705,-0.014814432895307896,0.0192052949146216,0.0033864406777850565,-0.015818854236836544,-0.0396701061210376,-0.018905601578815382,0.020764504542222218,0.0366529777524989,0.0057316681155992755,-0.030921309636899624,0.0420222025849952,0.016966971590152202,-0.025055230994842997,0.0349776402174597,0.021423022478986913,-0.013554617738472788,0.0512031910324563,0.00869119569483971,-0.042511995337616584,0.0529069321048143,0.006951704288814196,-0.0459552278160001,-0.0022812357977915,0.01729692981565848,0.01957816561344998,-0.107157091983184,-0.001426128586718083,0.10573096339646591,,-0.016746969646122593,,0.0038754087554418,0.008085968788339374,0.004210560032897574,-0.0208676208695452,0.002017309203105237,0.022884930072650436,-0.0155796719625179,0.00986659528421116,0.025446267246729062,0.0091339731885664,-0.018151044431425737,-0.027285017619992136,0.072655408996535,0.00905680703010193,-0.06359860196643306,0.0724738151635154,0.009351650658524743,-0.06312216450499067,0.0290767973356474,-0.020721353987483794,-0.049798151323131194,-0.0486971707563768,0.018619380775023186,0.06731655153139998,,0.0036196418077224513,,0.1219555712314301,-0.001428189872425808,-0.1233837611038559,0.0735120976040428,0.012921082388355808,-0.060591015215686994,0.0249311668533131,0.011778013719741338,-0.01315315313357176,0.0264223886405599,0.00900207262009729,-0.01742031602046261,0.0325332061213736,0.010425789531332814,-0.022107416590040785,-0.1151094161015525,-0.030458922436849428,0.08465049366470306,,0.014626182115716724,,0.0411134433434956,0.00039328325225817265,-0.040720160091237426,0.0416845430493758,0.0035123936961628946,-0.038172149353212906,0.0451890463067333,0.004968122715414136,-0.040220923591319166,-0.0039992316308472,-0.012588582769709977,-0.008589351138862777,0.0224814875029462,0.0062172151123164295,-0.01626427239062977,0.0202133664408318,0.013896015032493969,-0.006317351408337833,-0.0743268829652354,-0.018155147518274788,0.056171735446960615,0.0319611524779516,0.004974076222169904,-0.026987076255781697,0.0303308190581201,0.006421264267446724,-0.023909554790673377,-0.0349955474647194,-0.0007988894047161409,0.03419665806000326,0.0236576731845597,0.005551267888929369,-0.018106405295630332,0.0347210862122076,0.006970702708880299,-0.0277503835033273,0.0076268231316611,-0.003961996549501246,-0.011588819681162345
2017-04-01,,0.026339427594853325,,-0.0106999011992512,-0.0025164570218055705,0.00818344417744563,0.010084602147993,0.012429480453554933,0.0023448783055619333,-0.0057430924648942,0.007112035268851166,0.012855127733745367,0.0158274237461429,0.00436731542431661,-0.011460108321826291,-0.0222187165898303,0.0002371392075312662,0.022455855797361566,-0.0214303404993004,0.0006921513015132057,0.022122491800813604,-0.0055081780249505,-0.009273879364539701,-0.003765701339589201,0.0156269857094883,0.012071092988423057,-0.0035558927210652437,0.0157801373153896,0.012939157008107481,-0.002840980307282118,-0.0274959042374627,-0.01876193248995396,0.008733971747508739,,-2.0810523523339276e-05,,0.0171696344627434,0.0015719715632240153,-0.015597662899519384,0.009600170341964,0.008747118112915023,-0.0008530522290489777,-0.0586345747277208,-0.020670356241868693,0.03796421848585211,0.0080138758548373,0.0036237556294909886,-0.004390120225346312,0.008636740512798,-0.01837026532593634,-0.02700700583873434,0.0138149708681241,0.00015167918385458417,-0.013663291684269515,0.0414471079895007,0.00609867545074135,-0.03534843253875935,0.0147568133106156,-5.6096111645566544e-05,-0.014812909422261166,-0.0031451635684322,0.0007890680611143436,0.003934231629546543,,0.019933392660551608,,0.0203886036204993,0.005627103566664697,-0.014761500053834602,,-0.05107344325038902,,0.0375787336119523,0.017148569603451798,-0.0204301640085005,0.0387387612796792,0.01805293566797138,-0.02068582561170782,-0.0477770191168348,-0.01420651014102091,0.033570508975813894,0.0591140260808377,0.006447812118535222,-0.05266621396230248,,0.016443062618642826,,-0.0118441370980242,0.004876000843730561,0.01672013794175476,-0.0183804854172555,-0.005072646850156808,0.013307838567098692,-0.006508212560549,0.00045741679107829064,0.006965629351627291,-0.0053756160717902,0.00011218120224416113,0.005487797274034361,-0.0413350237964854,-0.0004333947421805702,0.040901629054304826,0.0168182585260447,0.003685258364418959,-0.013133000161625741,0.017418477771492,0.004373936495362999,-0.013044541276129001,-0.0881517749600241,-0.0244771928848602,0.06367458207516391,0.011090425265933,0.007643870196507342,-0.0034465550694256584,0.0047122034684057,0.018090735224903006,0.013378531756497305,-0.0075340276100884,0.0240109178553398,0.0315449454654282,0.0125939105831811,0.007171691849776842,-0.005422218733404259,0.0109238679019441,0.008288737497612938,-0.0026351304043311617,-0.1588939904690025,0.024869559356396096,0.18376354982539858,0.0232816671436401,-0.002043103885834609,-0.025324771029474707,,-0.042792747074110744,,0.0265563973358424,0.007736633508616423,-0.01881976382722598,-0.002687658319566,0.004919390892443681,0.00760704921200968,-0.0005246529551205,0.01064344268609751,0.01116809564121801,0.00467019226418,-0.012571825380115073,-0.017242017644295074,-0.0065184394612086,0.010135273765400053,0.016653713226608653,-0.0080132653295253,0.010899998555579698,0.018913263885104996,0.23795536373286,-0.032163585420183875,-0.27011894915304385,0.0018805963794903,0.01034745098106132,0.00846685460157102,,-0.02825928272119343,,-0.0080337821850166,-0.0029821037802807066,0.0050516784047358945,0.0160496820831952,0.01049279209504075,-0.0055568899881544495,0.0276985585801989,0.0103261700020957,-0.0173723885781032,0.0181342372021728,0.01296927625002105,-0.0051649609521517495,0.0194775509621779,0.01423844086836934,-0.00523911009380856,-0.0582061423506772,-0.029393288798879293,0.028812853551797905,,0.001829413391892794,,-0.0457351830264758,-0.00361975748586256,0.04211542554061324,-0.0145182731536552,0.002186194221079835,0.016704467374735035,-0.0139291974271442,0.0036770516957617618,0.01760624912290596,0.0041670380043744,-0.013946336483707243,-0.018113374488081643,0.005137624698205,0.006051348813046396,0.0009137241148413954,0.0095546662481022,0.008880354553849428,-0.0006743116942527719,-0.0155313743975123,-0.02049020319688147,-0.004958828799369172,0.006990489702336,0.0034342775659304972,-0.0035562121364055028,0.0011837035638218,0.005123015943377296,0.003939312379555497,0.0425553119932717,-0.001731085670416342,-0.04428639766368804,-0.0090412595825901,0.004483582486096323,0.013524842068686423,-0.0110582999231479,0.005715715483774532,0.016774015406922433,-0.0207392284192139,-0.0038163543513581332,0.016922874067855767
2017-05-01,,-0.006396007324222848,,0.0129944413372989,0.0019105015472631248,-0.011083939790035774,0.0152599764319562,0.009666499064754782,-0.005593477367201418,-0.0034858345157272,0.008297859482055202,0.011783693997782403,0.0214501831502839,0.011297702608692558,-0.010152480541591343,-0.0172528647382666,-0.00023316829886892837,0.017019696439397672,-0.0189103296868714,-0.000538748792740175,0.018371580894131226,0.0104415256869011,-0.0038627469424094615,-0.014304272629310562,0.0404871065000462,0.008398682390606996,-0.032088424109439205,0.0410653348751337,0.009049086053974646,-0.032016248821159055,0.0248765807454811,-0.018425796250761406,-0.04330237699624251,,0.006467823861212727,,0.0019553951501218,0.0017506706641679986,-0.00020472448595380138,0.0017124546838459,0.006817580250481167,0.005105125566635267,0.0094593613780071,-0.00999492430061675,-0.019454285678623853,0.0090876740311653,0.004101188195637189,-0.004986485835528111,,0.0017130480858655907,,0.0200072479095393,-0.0015239043672253608,-0.02153115227676466,0.0018363532620335,0.009448564639051077,0.0076122113770175776,0.014028760787592,0.0023762694573456187,-0.011652491330246382,-0.0047630160379845,0.004208165655887116,0.008971181693871616,,0.03688433149036142,,-0.0025771245000735,0.010030059472545975,0.012607183972619476,,-0.042252674460883946,,-0.0061197804163756,0.012026435302087279,0.01814621571846288,-0.0067004388340384,0.012477099509097466,0.019177538343135868,-0.0036202371261837,-0.01938780551233272,-0.015767568386149018,0.0356232100317769,0.010860745549293907,-0.024762464482482996,,0.03185956748250561,,0.0139889125304584,0.004484234510578908,-0.009504678019879493,0.0239176910712962,0.005636299528563034,-0.018281391542733165,0.0181093092143002,0.0034719471861039066,-0.014637362028196294,0.0211526242434231,0.0038559407624547833,-0.017296683480968317,0.029850287747052,0.009452942797711557,-0.020397344949340444,0.0384910494706558,0.004749351801600529,-0.03374169766905527,0.0427514463010033,0.005477429675205935,-0.037274016625797365,0.0118795539543714,-0.007853210320935984,-0.019732764275307384,0.040041960838979,0.0025911655119065496,-0.03745079532707245,0.0379158313096982,0.010241073499349865,-0.027674757810348338,-0.0509362611506921,0.015527065531615779,0.06646332668230788,0.0361526834968429,0.0057317633634694,-0.030420920133373497,0.0362036929452978,0.00618828249056167,-0.03001541045473613,-0.0622854943492582,0.005411535995369542,0.06769703034462775,-0.0371432755219143,-0.0023825629180430847,0.034760712603871216,,-0.007813677819987609,,0.0016856845134703,0.007496515691034309,0.005810831177564009,-0.025569812184651,9.47412487190103e-05,0.02566455343337001,-0.0184164189686383,0.0058327001595981235,0.02424911912823642,-0.0524168430461152,-0.014202377761364592,0.03821446528475061,-0.0008967039420774,0.004401148301962819,0.005297852244040219,-0.0002812046337986,0.004905749946438018,0.005186954580236618,0.3551615168151448,-0.027311126083788786,-0.38247264289893357,-0.0278710946952162,0.013646176774220092,0.04151727146943629,,0.009527404962743177,,0.0472494160972826,0.004922539633891595,-0.042326876463391006,-0.0380476968268636,0.001058647201810604,0.0391063440286742,0.0566268299616242,0.0038900729559390957,-0.05273675700568511,0.0334316731270373,0.009639736782389352,-0.02379193634464795,0.0365484403218714,0.010237540566758942,-0.026310899755112457,0.0163636253158026,-0.017075166874224137,-0.03343879219002674,,0.006450939299777785,,0.0231617728267203,3.499849381824731e-05,-0.023126774332902052,0.0028580671233457,0.003190686261215042,0.00033261913786934195,0.0023649811695594,0.003978424054579256,0.0016134428850198565,0.0841688445587685,-0.009581568841816827,-0.09375041340058532,0.0197705765888039,0.002297803452906266,-0.017472773135897634,0.0246258963415596,0.0055129860330036355,-0.019112910308555966,-0.0295358791550976,-0.005486109504286818,0.02404976965081078,0.0027788806292385,0.0030449100363385204,0.00026602940710002045,0.0060312735299752,0.004428194619382422,-0.0016030789105927782,-0.0387610916405735,-0.004468080599761811,0.03429301104081169,-0.0467448241994407,0.0070806490653267575,0.05382547326476746,-0.0567023594040339,0.007898137465632445,0.06460049686966635,0.0512028652520482,-0.004033802045316507,-0.055236667297364705
2017-06-01,,0.028848403281420402,,-0.007966301235081,0.019923811509729276,0.027890112744810278,0.022067163708987,0.012372251053017978,-0.00969491265596902,-0.0281343836724998,0.009547967938421898,0.0376823516109217,0.0190128137328357,0.03356646516387441,0.014553651431038712,-0.0112302140816111,0.01937341339682405,0.030603627478435147,-0.0090147844936411,0.020558121693950552,0.029572906187591654,0.0117654380183848,0.00394575885012464,-0.00781967916826016,0.0361863159823234,0.019631163176957064,-0.016555152805366336,0.0362042073385542,0.02021869519297424,-0.01598551214557996,-0.0524627952900296,-0.007733351705182228,0.04472944358484737,-0.0108279252478796,2.9154958024847698e-05,0.010857080205904446,-0.0137213643590718,0.014966569645266775,0.028687934004338576,-0.0077271587452732,0.00293053830173804,0.01065769704701124,-0.0239117372417553,-0.00930344774494189,0.014608289496813408,0.0040664474078491,0.013676342319409479,0.00960989491156038,-0.0538528541434529,-0.024721683812428764,0.029131170331024137,-0.0163076771717202,0.017651649589494278,0.03395932676121448,-0.0200385148939277,0.020583967336817142,0.04062248223074484,-0.0242678053298501,0.020572928046881434,0.04484073337673153,0.0251928488717104,0.005008667214061361,-0.02018418165764904,,0.0006618666582367055,,0.0032768900499723,0.015427962077560543,0.012151072027588243,,-0.06234558173712715,,0.0697690027822721,0.023002128706464307,-0.0467668740758078,0.0713440472739879,0.023589802161816477,-0.04775424511217142,-0.1409700190308933,-0.005122771044086785,0.1358472479868065,0.0280937238340648,0.02122928557143146,-0.006864438262633339,,-0.016335130860212165,,-0.0065111285075413,0.0032887991643931716,0.009799927671934472,-0.0430572703891525,0.011805072246988676,0.054862342636141176,0.0125874163148965,0.013132528350311841,0.0005451120354153412,0.0192250960226497,0.013966347792765092,-0.005258748229884607,-0.020408044339314,-0.004116531503810924,0.016291512835503077,0.029930976688369,0.017518131396774786,-0.012412845291594213,0.0426951686010752,0.01860392017277485,-0.024091248428300353,-0.0305097436151553,-0.01695053944546875,0.013559204169686551,0.0319192431032966,0.015534953868998294,-0.016384289234298306,0.029616666244407,0.01222826963475886,-0.01738839660964814,0.0867503120720545,-0.02051357037413424,-0.10726388244618873,0.027944724429502,0.010119790875585425,-0.017824933553916573,0.0335196671347055,0.012332909071252276,-0.021186758063453222,-0.1685674203622407,0.04136103218328831,0.209928452545529,-0.0512350787804018,0.03709291635513573,0.08832799513553753,,0.0026123629896658866,,0.0014746846012458,0.005148421763563217,0.003673737162317417,-0.0310464541423231,0.008934615250296605,0.0399810693926197,-0.0239211047411506,0.00820965556338904,0.03213076030453964,-0.0131573696535616,0.00017779422566053453,0.013335163879222133,0.0090625141668884,0.010511307531021623,0.0014487933641332239,0.0111098186237813,0.01048998534961087,-0.0006198332741704296,-0.12980687465542,-0.03295733428125443,0.09684954037416559,0.0114540473433611,0.018247542627834814,0.006793495284473714,,0.024572771500980608,,0.004680632525113,0.02330850678703301,0.018627874261920013,0.0471970381034866,0.00798731555454493,-0.039209722548941665,0.0614212880614774,0.013811312058131865,-0.04760997600334553,0.024160719836262,0.01526805872625623,-0.008892661110005771,0.0342169846157944,0.01579137007288658,-0.01842561454290782,-0.0513715103010017,-0.009806955310822969,0.04156455499017873,,0.01469887585038856,,-0.0332689092723013,0.01651374081235792,0.04978265008465922,0.0009598875774043,0.015253646392043083,0.014293758814638784,0.0066214111446548,0.016619185607932734,0.009997774463277934,-0.0485180206373145,0.004456515270256106,0.052974535907570605,0.0179294821350811,0.014315097625238296,-0.0036143845098428034,0.0290300246742505,0.012949698882808294,-0.016080325791442206,-0.0949484650005228,-0.0032358418994825095,0.0917126231010403,0.0169317744640429,0.011459472259488413,-0.005472302204554488,0.0200758714855932,0.012007748797620869,-0.00806812268797233,0.0436432875402372,0.0026809130081018352,-0.04096237453213536,0.0190417933218181,0.011743314073266328,-0.007298479248551773,0.0343757972057764,0.012443974581194953,-0.02193182262458145,0.0360916087000624,-0.009091308716126716,-0.045182917416189114
2017-07-01,,-0.0016578838086205297,,0.0036603448986313,0.01437675335603811,0.01071640845740681,0.0082806079274964,0.00911389454198486,0.0008332866144884609,0.1062535729840969,0.010201196664241389,-0.09605237631985551,0.0337704250024229,0.027821942575510596,-0.005948482426912306,0.0667812335081103,0.011772767684242326,-0.05500846582386797,0.0670735364967255,0.012090143665183517,-0.05498339283154198,0.0149139519670944,0.0035590096778809347,-0.011354942289213465,-0.007968892204987,0.011802046557700566,0.019770938762687568,-0.0094165635199603,0.01239483523915124,0.02181139875911154,-0.0097207660567986,-0.013504052683525574,-0.0037832866267269744,0.0191370055943598,0.004620393829248028,-0.014516611765111771,0.0236642679858179,0.009826104646049494,-0.013838163339768405,0.0288140394234075,0.003077802158258564,-0.025736237265148936,-0.0050611084294589,-0.004900460637193912,0.00016064779226498786,-0.028022388258068,0.00804277747971947,0.036065165737787466,-0.0022257380723627,-0.006794593692715277,-0.004568855620352577,-0.0327606051288186,0.011309770826171161,0.04407037595498976,0.0572814490477441,0.018920088729041114,-0.038361360318702985,0.0224995489993168,0.017204984238230185,-0.0052945647610866155,-0.0016702050794692,0.008490466329005299,0.010160671408474499,,0.021307477198527477,,0.0289161769108549,0.01588284062985541,-0.01303333628099949,,-0.04787963067775764,,-0.0444269995715485,0.01634477688248858,0.06077177645403708,-0.0470723690088238,0.016615229856973918,0.06368759886579772,0.0198653359658184,-0.013948975128773683,-0.033814311094592084,-0.0015983729472588,0.017223140977142264,0.018821513924401064,,0.024080619351801693,,-0.0340432488561544,0.004617081285687618,0.03866033014184202,0.0561760853974547,0.015051903759623344,-0.04112418163783136,0.0396362807175414,0.012284601627028869,-0.02735167909051253,0.0442259016607669,0.013253240855705721,-0.030972660805061177,0.0413289029484711,0.006221331117857482,-0.03510757183061362,0.0036860577925285,0.015304058456628333,0.011618000664099834,-0.0002172698210948,0.016533763836059704,0.016751033657154503,-0.0177154833166023,-0.007635073478932036,0.010080409837670265,-0.0068279449513228,0.00950162996888438,0.01632957492020718,,0.0077368427616470534,,,-0.014499016451805149,,0.0421811377342168,0.006750928686832187,-0.035430209047384614,0.03898805329544,0.008850999920444807,-0.03013705337499519,-0.0514555244013839,0.012744823024539217,0.06420034742592312,-0.0079112068200756,0.022732460551119788,0.030643667371195386,,0.005547878873564096,,0.0281449247387039,0.007384718910521125,-0.020760205828182773,-0.0055654113388147,0.0041751078190175395,0.00974051915783224,-0.0031863360045779,0.0046548964763919575,0.007841232480969858,-0.0511395624264815,-0.004240412426796373,0.04689914999968513,0.0431524198939657,0.005599654851512908,-0.03755276504245279,0.0419908218105222,0.0060265871865447665,-0.03596423462397744,0.0670229385833661,-0.03881311489126705,-0.10583605347463315,-0.0262187266839031,0.013911419175585107,0.04013014585948821,,0.02874417474200095,,0.0239003669386222,0.019990742006088438,-0.0039096249325337624,0.0177225600557603,-0.0005195618538730017,-0.018242121909633303,-0.020905009822693,0.005927386031171525,0.026832395853864523,-0.0310839674933093,0.01311349739982669,0.04419746489313599,-0.0358187523436716,0.013291089389589231,0.04910984173326083,0.054652386147169,-0.005215371732481734,-0.059867757879650735,,0.01083484972475521,,0.0446749568914238,0.013759737700560685,-0.03091521919086311,0.0381655177089553,0.01118130893071588,-0.02698420877823942,0.0413736675378498,0.011940108886539942,-0.02943355865130986,0.0138341311310081,0.0013715913574898517,-0.012462539773518248,0.0318950297526887,0.008440289655019426,-0.023454740097669277,0.0275122572742682,0.006197407051169907,-0.021314850223098293,0.0156918832780705,-0.00358516651599508,-0.01927704979406558,-0.0047827348516908,0.00735604014219168,0.01213877499388248,-0.0053314022723601,0.00784176346497393,0.013173165737334031,0.0349681826308426,-0.0013922999640310074,-0.03636048259487361,0.0050625884235879,0.011459359992930348,0.006396771569342448,0.0008713371547925,0.011950303628729756,0.011078966473937257,0.0147070417532175,-0.008924041232198362,-0.02363108298541586
2017-08-01,,0.002006386218566452,,0.0265725714987883,0.005676637299799656,-0.020895934198988643,0.0136989263468685,0.011937053746000983,-0.0017618726008675166,0.0080481099833875,0.005875937996316359,-0.0021721719870711406,0.003161729091847,0.01818997977651639,0.01502825068466939,0.0199698813130214,0.0058366707903795625,-0.014133210522641836,0.020896634386707,0.006251857644969699,-0.014644776741737302,0.0145272946235992,0.0002490758070912767,-0.014278218816507923,0.040277196712582,0.011440036565301154,-0.028837160147280848,0.0435574416125174,0.012187038677629467,-0.031370402934887937,-0.0324002995080047,-0.01591370580078373,0.01648659370722097,,0.00447834263493738,,0.0216115484973008,0.004518635515697745,-0.017092912981603054,0.0216171451215983,0.004073551882254485,-0.01754359323934382,-0.0558038536869726,-0.010358249516772508,0.04544560417020009,0.0521493203087238,0.008004557364857869,-0.044144762943865934,-0.0440076265419902,-0.012182877847321258,0.03182474869466894,0.02141958031061,0.0038427774197316014,-0.017576802890878398,-0.0001211305859406,0.01711933887304483,0.017240469458985427,0.0093219483797999,0.008953351537357565,-0.0003685968424423352,0.0195302658320538,0.004592409654956713,-0.014937856177097086,,0.005249755716879178,,0.0110867215900953,0.008610850723162363,-0.0024758708669329367,,-0.051251983886327256,,0.03771148316481,0.012576893417239091,-0.025134589747570914,0.0369012948354782,0.01300441485886628,-0.02389687997661192,0.0345325194364412,-0.014857524639237533,-0.049390044075678735,0.0670649774850209,0.012319846352599749,-0.054745131132421146,,0.009702473291979118,,0.0156588986243889,0.0010857143752316704,-0.014573184249157229,-0.02106606757031,0.007860985297217281,0.02892705286752728,0.0361594761590562,0.007804879618280577,-0.028354596540775625,0.0334351665578014,0.008760911518604387,-0.024674255039197013,-0.0194948144713312,0.012052134100690299,0.0315469485720215,0.0163883485034363,0.008178090333649895,-0.008210258169786405,0.0197263868682629,0.008857703515207486,-0.010868683353055415,-0.0216690261783798,-0.01067144101591782,0.010997585162461982,0.00851204757487,0.006758189570612821,-0.0017538580042571793,,0.011117809907814247,,,0.008660371986589435,,-0.005860778868561,0.006977254357474417,0.012838033226035417,-0.0054701995227741,0.010147184406910875,0.015617383929684975,-0.0746918251134692,0.02617141860941301,0.1008632437228822,0.1471367996707919,0.010128631856566985,-0.13700816781422492,,-0.012776059231478856,,0.0262220936711285,0.004884517676174584,-0.021337575994953915,0.0334164044359477,0.005530730363599341,-0.027885674072348356,0.0323010417382181,0.008595392245122338,-0.02370564949309576,0.0435918945711678,-0.005001241581747215,-0.048593136152915016,0.0098947820859602,0.0065716610572979,-0.0033231210286623,0.0101136673347971,0.0069309765390263055,-0.003182690795770794,-0.0397617826566067,-0.02903115167603255,0.010730630980574151,0.0579656434771145,0.010705018070645786,-0.04726062540646871,,-0.00274242623916004,,0.0260507187916664,0.01247876796002951,-0.013571950831636889,-0.0493350398397215,0.0005455289008492105,0.04988056874057071,-0.034284586481487,0.006073637210265247,0.04035822369175225,0.0106423634856166,0.013772484877279884,0.0031301213916632847,0.0120047056976377,0.014042017059997117,0.0020373113623594168,-0.0242944511688533,-0.012068834087945112,0.01222561708090819,,-0.0005792887306231822,,0.0032096806502686,7.696825058722844e-05,-0.0031327123996813715,0.0171500418033417,0.00656956414238602,-0.01058047766095568,0.0150829009092247,0.00738505670428913,-0.007697844204935571,0.0010512469003456,-0.004817213377626364,-0.005868460277971964,-0.0133373695489894,0.005277823329688221,0.018615192878677623,-0.015803664563258,0.005407825141830128,0.02121148970508813,-0.0434737866981435,0.0050128812384026555,0.04848666793654616,0.0295738718225714,0.0056775232461214655,-0.023896348576449934,0.0318791865684307,0.007198484293801396,-0.024680702274629304,0.0361803390822793,-0.0028442589944114903,-0.03902459807669079,-0.0082881712038871,0.00840382028588545,0.016691991489772552,-0.004107380790919,0.008962979557512804,0.013070360348431804,-0.0584295071186213,-0.004798418926621472,0.053631088191999826
2017-09-01,,0.049736823326442345,,-0.0100388451765713,0.01903850155217416,0.02907734672874546,0.0187176484379511,0.012077781170060694,-0.006639867267890405,-0.0616759814128093,0.012679691360281275,0.07435567277309058,0.0237256849186842,0.029599660748842484,0.005873975830158286,-0.0079021211670542,0.019984610558620327,0.027886731725674525,-0.0062199200433214,0.021333377282445942,0.02755329732576734,-0.0056789983719192,-0.0006707094954450411,0.0050082888764741585,0.0191641377712938,0.02156312597330385,0.0023989882020100488,0.0200388316905129,0.02220965496383437,0.0021708232733214684,-0.0616329628125296,-0.007572600104529755,0.05406036270799984,,-0.0041256182085434735,,0.0027589260314662,0.016540374098915085,0.013781448067448885,0.0126198192237518,0.005561272442601716,-0.007058546781150084,-0.1259307461549177,-0.015019608162195974,0.11091113799272173,-0.0161266032428007,0.011365170192047993,0.027491773434848692,0.0976345778137246,-0.031024804706997495,-0.1286593825207221,0.0177591767078701,0.020597498661085557,0.0028383219532154558,-0.0017229980952697,0.015146208670816775,0.016869206766086477,-0.0188473868914465,0.019961894259223296,0.0388092811506698,-0.0003284520401241,0.004765216841166568,0.005093668881290668,,0.01245442459301577,,-0.042966314751167,0.01696832513488037,0.05993463988604737,,-0.061748537127083794,,0.0591369915375419,0.029682758885784692,-0.029454232651757208,0.0655246028161788,0.030577752112636285,-0.03494685070354252,-0.0826863280922068,-0.001958025879308432,0.08072830221289837,-0.0011043404041226,0.019554137949622394,0.020658478353744993,,-0.005009122454003694,,-0.0357655525714204,0.007932508686000346,0.04369806125742075,-0.0290461031157837,0.0058006608279075,0.0348467639436912,-0.0058104465265731,0.011328030023178585,0.017138476549751685,-2.5256554544049112e-05,0.011198069535625417,0.011223326090169466,-0.00969028044085,-0.01608540343983245,-0.00639512299898245,-0.0149875289134915,0.01928411553055845,0.03427164444404995,-0.0030782735342488,0.020685922839713593,0.023764196373962394,-0.2120642220629752,-0.027457644679941703,0.1846065773830335,0.0392747142002234,0.019678009716019556,-0.019596704484203847,,0.016948859355479413,,,-0.021436698207986857,,-0.0013407741010825,0.010820666641741231,0.01216144074282373,-0.0048317623290827,0.011785638507507575,0.016617400836590274,-0.0848636063791116,0.04062006276750056,0.12548366914661216,0.0666279668423193,0.0376732334966324,-0.028954733345686892,,-0.016045466747608508,,-0.0004197522308288,0.008697332439435743,0.009117084670264543,-0.0397903972493455,0.009775097587917628,0.04956549483726313,-0.0338519220126475,0.00875626535107999,0.04260818736372749,-0.0937949231674504,-0.002036911505928579,0.09175801166152182,0.023475763578894,0.014184091822426421,-0.009291671756467577,0.0228073207789185,0.014547174517935827,-0.008260146260982674,-0.0338320922568279,-0.041919258158160104,-0.008087165901332204,0.0609887226350036,0.01888184575169012,-0.04210687688331348,,0.01447580796994369,,-0.0217220338835403,0.016883395009320873,0.03860542889286117,-0.0972418618156005,0.01574091100570507,0.11298277282130557,0.014063679844451,0.018131080846539725,0.004067401002088725,-0.0152987011081034,0.016365476428503296,0.0316641775366067,-0.0132122720853683,0.017567090320302382,0.030779362405670682,-0.0916260715641153,-0.018274151684039997,0.0733519198800753,,0.02024543622465314,,0.0144145588267286,0.02111543023216386,0.006700871405435259,0.0051082444537781,0.015425056462110596,0.010316812008332496,0.0098180167427527,0.017356568361561894,0.007538551618809194,-0.0124145664490802,0.0019100492366091856,0.014324615685689386,0.0128104107355946,0.017985104016659655,0.005174693281065054,0.0171223542940769,0.016025861520238098,-0.001096492773838803,0.0210809106402127,-0.026026617639848242,-0.04710752828006094,0.0171277266640949,0.011521685555920659,-0.005606041108174241,0.0153495565017077,0.011721860863772771,-0.003627695637934929,-0.0173192337556768,0.005165530949609229,0.02248476470528603,-0.062129430073816,0.010910158711735495,0.0730395887855515,-0.0654494654117698,0.012031895644868298,0.0774813610566381,-0.0141990798023252,-0.009757353817561352,0.004441725984763847
2017-10-01,,0.001340053837322455,,0.0150910550006908,0.004316232797337074,-0.010774822203353726,0.0269035495329379,0.009067908557699539,-0.017835640975238362,0.0076563050598821,0.0026388491260615227,-0.005017455933820577,0.0657904634279882,0.021059043280637624,-0.04473142014735057,0.0545464588713076,0.007617964761688081,-0.04692849410961952,0.0527770232478144,0.00838015845268883,-0.04439686479512557,0.0348760110827005,0.0011492916636696993,-0.0337267194190308,0.0126554989768771,0.009850132121568964,-0.002805366855308135,0.0092161805711971,0.010804086421983812,0.0015879058507867125,0.0677823018323935,-0.016352357592194722,-0.08413465942458823,,-0.0015861962052194647,,0.0670709603599144,0.004012798807556271,-0.06305816155235813,0.0707097622264376,-0.003086983105131582,-0.07379674533156919,0.0344513188314785,-0.015099553205913796,-0.04955087203739229,-0.0089565480813053,0.006108068878325593,0.015064616959630892,-0.0088382410757759,-0.027888919972295104,-0.019050678896519204,0.0392261645801064,0.006760396781789177,-0.032465767798317224,0.0635619709474529,0.02274823650011574,-0.040813734447337165,0.0780428887919819,0.014197729556432424,-0.06384515923554948,-0.0072743246315016,0.006364297831273553,0.013638622462775153,,-0.023724104655385197,,0.0728952198411442,0.006591220081305229,-0.06630399975983896,,-0.052144201399762606,,-0.005132804403178,0.012448218354314531,0.017581022757492532,-0.007661478951602,0.01281218142718126,0.02047366037878326,0.1030828106295353,-0.011256900569456272,-0.11433971119899157,0.0439571858095321,0.00847115146565211,-0.03548603434387999,,0.028920693926178298,,0.0261204903585298,-0.0020336918828829514,-0.02815418224141275,0.0150237683712513,0.007171127178878847,-0.007852641192372454,0.0224487269947628,0.011700037701017333,-0.010748689293745466,0.018838794631482,0.012739047417811017,-0.0060997472136709845,0.0449392264309684,0.01618822031254688,-0.028751006118421518,0.0808723161679854,0.011767601793163975,-0.06910471437482144,0.0779064402639479,0.01273378906319742,-0.06517265120075048,0.15259753891904,-0.016655968480937738,-0.16925350739997772,0.0327340599883476,0.010454231150601612,-0.02227982883774599,,0.009697451900399634,,,0.0018165352857118886,,0.0103921204566624,0.004364000579328524,-0.006028119877333876,0.0117957369920583,0.011979429258806205,0.00018369226674790594,0.0335567124214502,0.04476385306386781,0.011207140642417616,-0.0715707741860869,0.017043083886144728,0.08861385807223163,,-0.040518222186257405,,0.0380034424511481,0.002730161825720517,-0.03527328062542759,0.1055337439892556,0.0085002493766921,-0.0970334946125635,0.0964453916182125,0.00630625564160169,-0.09013913597661082,0.1581205219642542,0.005429529968120909,-0.15269099199613329,0.0228803393760156,0.007235372528606469,-0.015644966847409132,0.0210159776865482,0.008050991929223103,-0.012964985757325095,0.1106914658760661,-0.04480091109067508,-0.15549237696674117,-0.0613638999343335,0.0016271398180669092,0.0629910397524004,,-0.0366221973574541,,0.0200461486004718,0.015158202878471609,-0.004887945722000192,-0.0034140196694866,-0.0050430097193760485,-0.0016289900498894483,-0.0097773875513431,0.0032157339758963803,0.012993121527239481,0.0317548878691283,0.019340563006702886,-0.012414324862425413,0.0266332758822744,0.019203998803200336,-0.007429277079074065,0.0284055060012355,-0.005634909588664338,-0.034040415589899835,,-0.017038247629539708,,0.0311395418837752,-0.001977289288704078,-0.03311683117247928,0.0256383691127034,0.00668347194566635,-0.01895489716703705,0.0283705440335691,0.007636657895066408,-0.020733886138502692,0.0601427077563655,-0.003454987324282603,-0.06359769508064811,0.0405612013369401,0.005739053027046124,-0.034822148309893976,0.037320825649923,-0.0029718790770269475,-0.04029270472694994,0.0625922755077707,0.006155647648340435,-0.056436627859430266,-0.0126044752488799,0.004059305524567653,0.016663780773447552,-0.0076978767848534,0.005792180138649277,0.013490056923502677,-0.0080764394154442,-0.004761075059310696,0.0033153643561335032,0.038205016242897,0.007519932318320385,-0.03068508392457662,0.0293536085200727,0.007607941009565621,-0.021745667510507077,0.0086530237153879,-0.004141129593289932,-0.012794153308677832
2017-11-01,,0.024871629901498746,,-0.0476319052134234,-0.004144439355970083,0.04348746585745332,0.0131122119843496,0.01087942561064427,-0.002232786373705331,0.0353342185924579,0.009912870352044467,-0.025421348240413436,0.0202013868820511,0.0016317249835649172,-0.018569661898486182,0.0278176882761409,-0.00033084990457421103,-0.02814853818071511,0.0296998687918317,0.00010943381017469191,-0.02959043498165701,0.024626218499003,-0.010265377628794148,-0.034891596127797145,0.0653909685181378,0.008641453066096835,-0.05674951545204097,0.0696012701379001,0.009638254443369876,-0.059963015694530226,0.0022240219989912,-0.022634309599227947,-0.024858331598219145,,-0.0008695685553433806,,0.0490176170968847,0.0013989250084241265,-0.047618692088460576,0.0466855275168745,0.010132608702684556,-0.03655291881418994,-0.0064113721577267,-0.02095367173081356,-0.014542299573086859,-0.0458117855399607,-0.0012432506847896733,0.04456853485517103,-0.0452949921706373,-0.017489771916710615,0.027805220253926687,0.017639816223845,0.0032642730841020173,-0.014375543139742984,0.0822718401267099,0.00561786737499897,-0.07665397275171093,0.0268083001349535,0.0033794353636783076,-0.023428864771275194,-0.0280296109552516,0.00516279196858846,0.03319240292384006,,0.029173974115977535,,0.0678063587461655,0.0076112732753323715,-0.06019508547083313,,-0.043891825169684894,,0.0937771127652798,0.018105609472425736,-0.07567150329285406,0.0973055438325599,0.018956753733834625,-0.07834879009872528,-0.0517003300617993,-0.01684788929007008,0.03485244077172922,0.0192857107176884,0.0025798451030010156,-0.016705865614687385,,0.048338806142793636,,0.0081674615506376,0.00898644308067052,0.0008189815300329202,-0.0847827491971838,-0.0045730138198341415,0.08020973537734966,0.0342711038704343,0.0021196335471794486,-0.03215147032325485,0.0364941185044974,0.0014797694840683819,-0.03501434902042902,0.0236664073193058,-0.0019874507900644735,-0.025653858109370275,0.0519973984519878,0.007577135324480184,-0.04442026312750762,0.062030428505488,0.0088135315996965,-0.0532168969057915,0.0529807443557926,-0.028273902005732033,-0.08125464636152463,0.0479287872980779,0.009854862875442285,-0.038073924422635616,0.043621837458437,0.018956405675496675,-0.024665431782940325,0.9922965764662116,0.0181707653793665,-0.9741258110868452,0.0365855888661908,0.005673583187807252,-0.03091200567838355,0.040228798085593,0.007214818965736137,-0.033013979119856866,0.0893492157161331,0.006474338118258961,-0.08287487759787415,0.0093635091239315,-0.0027704767872573192,-0.012133985911188819,,-0.05883246618674125,,0.010752359995672,0.012231763865142235,0.001479403869470236,-0.005144144454627,0.005785149670498172,0.010929294125125171,-0.0020207238387894,0.010152663568926556,0.012173387407715956,-0.0031678754949003,-0.01203522507109663,-0.00886734957619633,-0.0268133988456905,0.010645642474124056,0.037459041319814555,-0.0260953787956694,0.012167409452572182,0.038262788248241586,-0.0878112668467497,-0.0515602950352275,0.0362509718115222,-0.0538162110222577,0.0041464101077095935,0.05796262112996729,,-0.037352075093947154,,0.040552013303146,-0.00509715393905055,-0.04564916724219655,-0.0484690918196332,0.009881720962366737,0.05835081278199994,0.0329344508369302,0.009130725278582448,-0.023803725558347755,0.0584604672402548,0.01495105999088503,-0.04350940724936977,0.0684881208046966,0.016309112680858582,-0.05217900812383802,-0.1376624629220706,-0.02886585589561626,0.10879660702645434,,0.0009501799089026562,,0.0373359184849938,0.001544390255070297,-0.0357915282299235,0.0102967794127896,0.00212094214565445,-0.008175837267135149,0.0143769248885346,0.003540053501511226,-0.010836871387023373,0.0251055455257966,-0.014442471955386548,-0.03954801748118315,-0.0051423047086301,0.007298391104519863,0.012440695813149962,-0.0060814430544007,0.0062603797058361724,0.012341822760236872,-0.0225820426004956,-0.03874410908743431,-0.016162066486938707,0.0139661661746591,0.002146052153912936,-0.011820114020746165,0.0033829316868624,0.0032193066428847714,-0.00016362504397762854,0.0155534110820125,-0.0011439092218067225,-0.01669732030381922,-0.0183984644238128,0.005174667877728634,0.023573132301541434,-0.0259563445646639,0.006463452837238888,0.03241979740190279,-0.0470007877945606,-0.007277075646454426,0.039723712148106174
2017-12-01,,0.013568255977378053,,9.67841676513141e-06,0.009394812741814376,0.009385134325049244,-0.0017830366719868,0.013284622250223048,0.015067658922209848,0.0874439260348911,0.014882614733457448,-0.07256131130143365,-0.0069020974044194,0.01551082567774521,0.02241292308216461,0.0242931502601096,0.008020754299584092,-0.01627239596052551,0.0244984380180694,0.00844185678132331,-0.016056581236746092,0.0324728426896492,-0.0014326800561698003,-0.033905522745819004,0.0043061914730289,0.01091900681278316,0.0066128153397542605,0.0037006486400484,0.011605753498646324,0.007905104858597923,-0.0275093159879938,-0.019069634347227422,0.008439681640766378,0.0333411770855921,0.007719010389557759,-0.025622166696034343,0.0122774447705521,0.008495329676832558,-0.0037821150937195416,0.0105716049342537,0.014167743374273458,0.003596138440019757,-0.0342748154873559,-0.005999254191299057,0.028275561296056843,0.0453075936783559,0.004384497700044669,-0.04092309597831123,0.1531834620192279,-0.0001654235512548953,-0.1533488855704828,0.0458214190852952,0.010853994652549296,-0.0349674244327459,0.1020257060223049,0.011146170847743412,-0.09087953517456149,0.0375313320854968,0.012711414846235603,-0.024819917239261195,0.0399164599454359,0.009186345619825693,-0.030730114325610205,,0.04759949373230109,,-0.0143612707365046,0.015708305500065748,0.030069576236570347,,-0.04477676579588881,,0.0221780306158098,0.018026451979670607,-0.004151578636139193,0.0237571847226111,0.018534561179228182,-0.005222623543382918,-0.0378347017088404,-0.019602962856823482,0.01823173885201692,0.0343600245510114,0.013129586559637479,-0.02123043799137392,,0.024391452022008497,,0.0722602277411531,0.011597114946597771,-0.06066311279455532,0.0658148265575238,0.009939645550719599,-0.0558751810068042,0.0432641661569201,0.007646417289983583,-0.03561774886693652,0.0473947789662343,0.008004105342116761,-0.039390673624117536,-0.0215321989918264,-0.0021079265598564594,0.019424272431969942,0.0156824064587197,0.013525079419832902,-0.002157327038886799,0.0103580111317733,0.014892965156122444,0.004534954024349145,-0.0153837860781173,-0.014149666064900354,0.0012341200132169466,0.019113388707869,0.009630798669886422,-0.00948259003798258,0.0165942096960884,0.015130363108577297,-0.0014638465875111036,-0.1776842371424011,-0.003577796131819867,0.17410644101058126,0.0394081009155756,0.00871586328016117,-0.030692237635414434,0.0348089451973425,0.007274923294466443,-0.027534021902876054,-0.0416290909737149,-0.01762030956829413,0.02400878140542077,0.0568515774063546,0.011420513395995488,-0.045431064010359117,,-0.004189754542693609,,0.0283574215849458,0.014302413281456742,-0.01405500830348906,0.0201152354583119,0.005423629031035554,-0.014691606427276347,0.0184533939722696,0.010985211883171747,-0.007468182089097853,0.0726897073629299,-0.013957656779015159,-0.08664736414194506,0.0277761604861704,0.00840870391029439,-0.01936745657587601,0.0277152924702658,0.009333885419737476,-0.018381407050528327,-0.0291591279623694,-0.04442385251473543,-0.015264724552366028,-0.0153237826427875,0.012946937521418131,0.02827072016420563,,0.0276683029780236,,0.0451943978050873,0.009554765275924398,-0.0356396325291629,0.0737559725441047,0.009342371088349025,-0.06441360145575567,0.0508275322300772,0.010815142206169949,-0.04001239002390725,0.0879856033938126,0.01126465252226256,-0.07672095087155004,0.086577345552999,0.012276075228745721,-0.07430127032425327,0.1330034878099656,-0.01904821933362974,-0.15205170714359534,,0.021599953805343613,,-0.0038433045072745,0.016192959770309063,0.020036264277583562,0.038961001354496,0.009387962166081685,-0.029573039188414314,0.0399545807170227,0.01016663405290008,-0.02978794666412262,0.0576267073267646,-0.004117969336806111,-0.06174467666357071,0.0273558447410444,0.01032995167518844,-0.01702589306585596,0.0223297315552295,0.013897483907858877,-0.008432247647370623,0.0806190085092759,-0.029707048002750484,-0.11032605651202639,0.0179495830457121,0.007595512862993963,-0.010354070182718136,0.0181898252399617,0.007537041297024024,-0.010652783942937675,0.0323706205133456,0.0025259225353980123,-0.029844697977947587,0.0336916325103931,0.011383904818913828,-0.022307727691479276,0.0411507415244928,0.012663994904051462,-0.028486746620441337,0.0470902374465332,-0.013471470861787115,-0.06056170830832031
2018-01-01,,-0.022888354435390036,,0.0177580850326988,0.01488708350103037,-0.002871001531668428,0.0384308835028499,0.0007770133894160151,-0.037653870113433886,0.051955519213669,0.009058343150020017,-0.042897176063648984,-0.0013176539752059,0.03296828486158664,0.03428593883679254,0.0219932324898415,0.009498023217997125,-0.012495209271844374,0.0252109006853377,0.008891650091216872,-0.01631925059412083,0.0090657244032542,0.003214979123084276,-0.005850745280169924,0.0018415729813692,0.009406762147575892,0.007565189166206692,0.0028910086549579,0.009866680881425352,0.006975672226467452,0.0456621390535014,-0.009967416469366594,-0.055629555522867996,0.0194437118666823,0.0008341687626137872,-0.018609543104068513,0.0110368704855626,0.00879344544980025,-0.00224342503576235,0.014126867814448,-0.006793473044616527,-0.020920340859064527,0.0083517756371068,-0.006105584384483718,-0.014457360021590518,0.0473828065018438,0.005960813434755907,-0.041421993067087895,0.0111179134841176,-0.0026280247280944724,-0.013745938212212074,0.0182275973484965,0.0076730914562815515,-0.01055450589221495,0.0071883419379605,0.018453864972304085,0.011265523034343585,0.0101247715358442,0.016223802698916757,0.006099031163072557,0.0241185343210241,0.008919894889056323,-0.015198639431967777,,0.028963615056498856,,0.0221209492820605,0.018819744599512665,-0.0033012046825478362,,-0.037836105057790885,,-0.012462550988578,0.01691934751408263,0.02938189850266063,-0.0113333812310563,0.017028580618178493,0.02836196184923479,-0.0106056397740468,-0.010391003171611667,0.00021463660243513372,0.0119985357247391,0.018531429626230424,0.006532893901491324,,0.06854404715460971,,0.0024244019649616,0.00282647460984745,0.0004020726448858503,-0.0069834879357363,0.016420497462714602,0.023403985398450903,-0.0179468652469355,0.013535107486388266,0.03148197273332377,-0.0213209745121691,0.014093322562482124,0.03541429707465122,-0.0514442833853599,0.01047773944101367,0.06192202282637357,0.0223698809666011,0.015765035767733745,-0.006604845198867355,0.0272487337438183,0.017155160219415672,-0.010093573524402627,0.0377318654455236,-0.0015617734972530513,-0.039293638942776654,-0.0139778963708695,0.0075359950894443644,0.021513891460313864,-0.0068310354498006,8.085200848738567e-05,0.006911887458287985,0.0415359782416724,-0.019959242022070868,-0.06149522026374327,-0.0264248525450391,0.0028266213917404184,0.02925147393677952,-0.0264310777280957,0.0065826603082122116,0.03301373803630791,-0.0477178265350781,0.02600844972251957,0.07372627625759767,0.1088055674644335,0.022245514977549997,-0.0865600524868835,,0.0062135155965915055,,0.0072399644299004,0.004592216009123346,-0.002647748420777054,0.0498217766946908,-0.0023539260481257075,-0.05217570274281651,0.0492168077824939,-0.006270301088748179,-0.05548710887124208,0.0452085946099294,-0.0015071641787095535,-0.046715758788638956,0.0094934387026609,0.001864867275582188,-0.007628571427078712,0.0087286031584459,0.002273693507772991,-0.00645490965067291,0.0223649018537837,-0.03942020400411384,-0.06178510585789754,0.0451315119224713,0.016340683451388983,-0.028790828471082316,,0.030503451455068453,,0.0056909981650342,0.02115126570924659,0.01546026754421239,-0.0583891171203681,-0.009746770350428868,0.04864234676993923,0.0007053303650946,-0.001468833308360773,-0.002174163673455373,0.0275765852223639,0.013128664449385395,-0.014447920772978504,0.0259459253426065,0.012883922987692194,-0.013062002354914306,0.0302389176083441,0.004286929173174373,-0.02595198843516973,,0.0045111563350083116,,0.0732247373636982,0.012896558493045584,-0.06032817887065261,0.0108213357018676,0.009591927475430735,-0.0012294082264368653,0.0106822425854271,0.010539204661960578,-0.00014303792346652237,0.0234679182937274,0.001632594859599368,-0.021835323434128032,0.0266732083085601,0.004599036408546091,-0.02207417190001401,0.0273448510224942,-0.003957007032892748,-0.03130185805538695,-0.0383328804668464,0.004366118789466145,0.04269899925631255,-0.03064527255832,0.003675479822477448,0.034320752380797445,-0.0247752045953123,0.004526713259723145,0.029301917855035445,-0.0574653855579595,-0.007079892354572563,0.050385493203386936,0.0430468281862402,0.010031357262346682,-0.033015470923893515,0.0500375610353106,0.009936698154124336,-0.040100862881186264,0.0384950664004184,-0.0018572527980952995,-0.0403523191985137
2018-02-01,,0.02986828315700831,,0.0784389653430418,0.002799315255959626,-0.07563965008708218,0.0230628650391688,0.02133719557983423,-0.0017256694593345695,0.0739371892557213,0.005414298128222878,-0.06852289112749843,0.0400410904832121,0.011032337851709968,-0.029008752631502127,0.063738552920132,0.007567995478531641,-0.05617055744160036,0.0656144610558802,0.009081385997783976,-0.056533075058096224,0.0051003588911575,-0.00042159830857244106,-0.005521957199729942,0.0931382697474558,0.015061265776797046,-0.07807700397065875,0.0983575160172795,0.01603015212327256,-0.08232736389400694,-0.0238308423631094,-0.018922046934227804,0.004908795428881597,0.0024093222809011,0.006499704916954031,0.004090382636052931,0.0363858957948772,0.004696413981820692,-0.03168948181305651,0.0442419564500322,0.01328807297181878,-0.030953883478213418,0.0067271916254948,-0.012724264814408283,-0.01945145643990308,0.0219263492116695,0.010736435622017905,-0.011189913589651594,-0.0728324632716868,-0.023280944270065995,0.0495515190016208,0.1107083826215241,0.006458009402265026,-0.10425037321925908,-0.0145100292610355,0.018012332243748524,0.03252236150478402,0.0293088537472927,0.008413163874602596,-0.020895689872690103,-0.0237009719722596,0.0029258537738350576,0.026626825746094658,,-0.014230747094491302,,0.0195995816624737,0.0032568780205098615,-0.016342703641963836,,-0.06365986908005986,,0.035387434509283,0.012552017417088328,-0.022835417092194672,0.0362636592625363,0.013253164894638254,-0.023010494367898048,0.0449967268548254,-0.015972136144144545,-0.06096886299896995,0.183723770433738,0.009487972696360737,-0.17423579773737727,,-0.03891050162961204,,0.0016817876326116,0.0015923127404552692,-8.947489215633078e-05,0.0771964899977348,0.003185827766452834,-0.07401066223128197,0.0405219560453138,0.00596070497642099,-0.03456125106889281,0.0447124286179597,0.00720965484796325,-0.03750277376999645,0.0348799451705122,0.008977596054148284,-0.025902349116363913,0.0430430176393164,0.006495666532525395,-0.036547351106791005,0.0445721703852225,0.006862534276874506,-0.037709636108347995,0.0459007294410928,-0.020236643144035418,-0.06613737258512822,0.0905112001886218,0.009820992365307027,-0.08069020782331478,0.095933025476135,0.02092584624577316,-0.07500717923036183,-0.0277921967467657,0.021261469566871746,0.049053666313637445,0.0929979177339038,0.011362853825701598,-0.0816350639082022,0.0966125542733423,0.01400836781378012,-0.08260418645956218,-0.0044942229159895,0.026371592267977462,0.030865815183966964,0.054659213194381,0.009360931968667425,-0.045298281225713576,,-0.026440712277702155,,0.0380576160097691,0.006664440494791335,-0.031393175514977764,0.027858382125635,0.013897940151184486,-0.013960441974450514,0.0327277514890477,0.021067270055744013,-0.011660481433303685,-0.021675349696587,-0.005283009073479349,0.01639234062310765,0.0508682484927648,0.012060569010016961,-0.03880767948274784,0.0492070481157375,0.012451906358920966,-0.03675514175681653,-0.0242086437088223,-0.026601310143114704,-0.0023926664342924023,0.0172954335032895,0.006892828810147531,-0.010402604693141968,,-0.022974764891608775,,0.035996847730242,0.009306417603381719,-0.02669043012686028,0.0372951866802401,0.011096336980955999,-0.026198849699284103,0.0228140448441842,0.014600255142149354,-0.008213789702034846,0.1254504343401908,0.015784142410096128,-0.10966629193009467,0.1330225446310864,0.016528491312765677,-0.11649405331832072,-0.0807582086682924,-0.02352457303333034,0.05723363563496207,,-0.00017999203777983885,,0.0151537034791783,-0.0034884722790874062,-0.018642175758265708,0.0109611305377594,0.007368349361398,-0.003592781176361401,0.0222236067363777,0.008184933230248421,-0.014038673506129277,-0.009247091513175,-0.006542982692101384,0.0027041088210736156,0.0332123014421488,0.009363998161470027,-0.023848303280678777,0.0321474978152998,0.015019510505484807,-0.01712798730981499,-0.0463264869096517,-0.00033133374501750933,0.04599515316463419,-0.0306470267294702,0.009301693945396405,0.03994872067486661,-0.0358109008683478,0.010894681015722808,0.04670558188407061,-0.0649650791082503,0.002907565437068202,0.06787264454531851,0.0574662576790131,0.008873844571555453,-0.04859241310745765,0.0687206542226726,0.010000509567920084,-0.05872014465475251,0.0852505641997637,-0.009323231981613514,-0.09457379618137722
2018-03-01,,0.05233164364684787,,-0.0282432622860432,0.008744281061987595,0.036987543348030796,-0.0277405879539814,0.020631341584704217,0.04837192953868562,-0.0231595998271034,0.010998474329683271,0.03415807415678667,-0.0416592873959616,0.013484048305531843,0.05514333570149344,-0.0361532065591218,0.01151959758247935,0.04767280414160115,-0.0370038648884524,0.012973745228464294,0.04997761011691669,-0.0171912097717008,-0.003633441186195182,0.013557768585505618,-0.0169335045854578,0.02039688957140069,0.03733039415685849,-0.0194687988455205,0.02116708047621834,0.040635879321738844,-0.0546058547262234,-0.014047272174628308,0.0405585825515951,-0.0499016564333589,0.003995985245031618,0.05389764167839052,-0.0617354661326139,0.010090735999349077,0.07182620213196297,-0.0633851407634718,0.016606263053232775,0.07999140381670458,0.0047752884134697,-0.014504551233413661,-0.01927983964688336,-0.0849895391161539,0.0118635983458847,0.0968531374620386,-0.0377045234112734,-0.022202262491248567,0.015502260920024834,0.0471503455262034,0.011085492659242394,-0.036064852866961004,-0.0984150736159385,0.010817645192083579,0.10923271880802207,-0.0803073836029159,0.008386644409579112,0.08869402801249501,-0.059732537873773,0.0014042470643424465,0.061136784938115446,,0.014593833059214982,,-0.0544113304221047,0.009215892130787981,0.06362722255289269,,-0.06460443005966705,,0.0280323710444243,0.022427103975590567,-0.0056052670688337344,0.0333220680383345,0.023450288416324433,-0.009871779622010066,-0.0730777056194005,-0.010673829856010938,0.06240387576338956,0.0090624857995533,0.014676859955033202,0.005614374155479902,,-0.041379735255652604,,-0.0473204227761469,0.007513029410239319,0.05483345218638622,-0.0789788468870788,0.0003520488165623843,0.07933089570364119,-0.0474740235618015,0.004100829515688852,0.05157485307749035,-0.0506887929584916,0.004325704092329753,0.05501449705082136,-0.0607233003260986,-0.009097295936948321,0.05162600438915028,-0.044668761236451,0.00907308504872498,0.053741846285175976,-0.0368152041524279,0.00969050351313831,0.04650570766556621,-0.086449923128616,-0.025756638433012718,0.06069328469560328,-0.0375503679180659,0.013513184736702254,0.051063552654768155,-0.0358857694903836,0.02382601904956958,0.05971178853995318,-0.08985662768775,0.01202940353673042,0.10188603122448042,-0.040051762635249,0.01372781997984519,0.05377958261509419,-0.0434330545215988,0.012465188800502371,0.055898243322101165,-0.0180067839317427,0.024634683347022037,0.042641467278764736,-0.020260106478941,0.015785538955106954,0.03604564543404795,,-0.016668312711891,,-0.0295491315241612,0.00992044628462023,0.03946957780878143,-0.1073262992276001,0.011855749456095471,0.11918204868369557,-0.1017531430422652,0.01951724642559,0.12127038946785519,-0.0354236158487372,-0.011341216793022933,0.024082399055714264,-0.0374818490547614,0.015019830546883592,0.05250167960164499,-0.0375668571863015,0.01522674800596047,0.052793605192261964,-0.1045169840677557,-0.02432654551915312,0.08019043854860258,-0.1161509300615708,0.01744886909911491,0.1335997991606857,,0.0027038998501293307,,-0.0154695655985125,0.006750585480628205,0.022220151079140705,0.0094668836786666,0.021473690280581603,0.012006806601915004,-0.0438897051086764,0.020966425522305092,0.0648561306309815,-0.0375092118943518,0.013367835140713744,0.05087704703506554,-0.0363947933998735,0.01492443261338504,0.051319226013258536,-0.0430347250741556,-0.03138660758258361,0.011648117491571991,,0.019502784219855736,,-0.0426638866182052,0.007558976907835134,0.050222863526040336,-0.0332781584068938,0.01028704957619568,0.04356520798308948,-0.0251340350217387,0.011773558748144461,0.03690759376988316,-0.0532151950751816,-0.005937275963945621,0.04727791911123597,-0.0513172731649096,0.014398738698210425,0.06571601186312002,-0.0565958871899995,0.02316971600377932,0.07976560319377882,-0.0427862821601983,-0.02019741103359912,0.022588871126599182,-0.0568027655345381,0.011575761571185738,0.06837852710572384,-0.0554886287932066,0.012498854980239931,0.06798748377344653,-0.0648473464510865,0.006601559808254617,0.07144890625934112,-0.0474066140832123,0.00946787650238578,0.05687449058559808,-0.0451960521369649,0.011140011192300306,0.056336063329265204,-0.0383828888847481,-0.009806515375076692,0.028576373509671404
2018-04-01,,0.016767197632665397,,-0.0568914972906573,0.022809982688818772,0.07970147997947608,-0.0021849743239713,0.013334014146218971,0.015518988470190271,0.0075428128853022,0.01396174457957248,0.00641893169427028,-0.038782975111422,0.034397814918552136,0.07318079002997413,-0.044077380232854,0.01904006916914301,0.06311744940199701,-0.0476337215044912,0.01977725517126385,0.06741097667575505,0.0182580697888928,0.006185375717386334,-0.012072694071506466,-0.0313059369475217,0.018293816473279316,0.049599753420801015,-0.0357889477694882,0.01873704804820278,0.05452599581769098,-0.0173148490502805,-0.008587663114590279,0.00872718593569022,-0.0464677857212019,0.006747128409951314,0.053214914131153215,-0.0394092191411539,0.01619478144426352,0.055604000585417424,-0.0421008385193357,0.008057076786590636,0.05015791530592634,0.0098159283708696,-0.0012697338108990412,-0.011085662181768641,-0.0233262499633812,0.013633592990301235,0.03695984295368244,-0.084112666667761,-0.006637996885762868,0.07747466978199813,-0.0242258711747059,0.017961633431325605,0.0421875046060315,0.0266732088850983,0.01954913110017155,-0.0071240777849267516,-0.0122190331364962,0.021341405104479193,0.03356043824097539,0.0228413246839584,0.00821152663276805,-0.01462979805119035,,0.0283184342187039,,-0.0145356476393439,0.01997584205673173,0.034511489696075634,,-0.05498405291207252,,-0.0356221771471497,0.022031710262120682,0.05765388740927038,-0.0369499441514397,0.022442396713571316,0.059392340865011016,-0.026903926298965,-0.010070676288149422,0.01683325001081558,0.0067336684115037,0.02427027440312004,0.017536605991616338,,-0.008775618841267431,,-0.0146075942588705,0.007554407483471777,0.02216200174234228,-0.0369601971774325,0.017844057121726004,0.0548042542991585,-0.019941985535046,0.013778258943336563,0.033720244478382566,-0.0297688546048639,0.014789682434749242,0.04455853703961314,-0.0117245406288686,-0.0026723807822246898,0.00905215984664391,-0.0152332564628684,0.01862456807841692,0.03385782454128532,-0.0233362892575689,0.019817807708206202,0.0431540969657751,0.1639212709764027,-0.007919181488245067,-0.17184045246464774,-0.0099308325261556,0.01325114748881949,0.02318198001497509,-0.0101050120372455,0.011180717921697338,0.021285729958942838,-0.0111454984512095,-0.022745072479564237,-0.011599574028354737,-0.0026131998295936,0.011254715543068927,0.013867915372662527,-0.0100855176114124,0.010778221729028965,0.020863739340441365,-0.0019075138915862,0.013881244445644871,0.01578875833723107,-0.0387357605390801,0.034059903829654826,0.07279566436873493,,0.027050546736579258,,0.0165668641172364,0.009172900840189603,-0.007393963277046799,0.024906268148194,0.006796336777458933,-0.018109931370735067,0.0207831021739474,0.008615096211033185,-0.012168005962914214,0.0071452423684394,-0.005480589458526085,-0.012625831826965486,-0.0270075958763435,0.008847253231441858,0.03585484910778536,-0.0269421750054463,0.00880078941191128,0.03574296441735758,-0.0597505997350792,-0.030426479632238837,0.029324120102840363,0.0556020297950479,0.022460963062455847,-0.03314106673259205,,0.05697317131076701,,0.0329964085798911,0.025198831192598085,-0.007797577387293014,-0.0929934855647522,0.008087683623462497,0.1010811691882147,-0.000830185870658,0.013351288706267358,0.014181474576925358,-0.0311470977888878,0.012319783810593643,0.04346688159948144,-0.0321545023921891,0.01284431987445177,0.04499882226664087,0.0049548962616995,-0.007628764516217917,-0.012583660777917418,,0.026859342197531985,,-0.0550894927523694,0.022708133410254218,0.07779762616262362,0.0058077405072175,0.01657257911041704,0.010764838603199541,0.0017616797163632,0.017509860829543342,0.015748181113180142,0.0097930020002719,0.006264040872038723,-0.003528961128233178,-0.0074045271545468,0.014100773799577727,0.021505300954124527,-0.0070956311006995,0.01645681547653324,0.02355244657723274,0.0040461284199205,-0.0056654286764395035,-0.009711557096360002,0.0190955287193084,0.012651023991222688,-0.0064445047280857135,0.016968153156567,0.012614152132233216,-0.004354001024333783,0.0063092679874904,0.004001375008579157,-0.0023078929789112426,-0.0091590359483261,0.014550010035273916,0.023709045983600015,-0.0167166893306769,0.015398987529526337,0.03211567686020324,-0.04695870337262,-0.011143777381295525,0.03581492599132448
2018-05-01,,0.04146061458890391,,-0.0053957096576888,0.01234700090326408,0.01774271056095288,-0.0093272875496187,0.008354285228245778,0.017681572777864477,0.0441323859982766,0.009074146447524316,-0.03505823955075229,0.0171130160056754,0.022733678604495235,0.005620662598819836,0.0098833418875637,0.009709065904738043,-0.00017427598282565744,0.010200945175061,0.009771849645510713,-0.00042909552955028643,0.0040399082998608,-0.007679923275861651,-0.011719831575722452,0.0126573440853237,0.023689080230531564,0.011031736145207863,0.0125718596277212,0.024058228409414153,0.011486368781692954,-0.0002956980383061,-0.0019680216671477263,-0.0016723236288416262,-0.0439127040774471,-0.005175000446195392,0.03873770363125171,0.0008883059890538,0.010980967176812411,0.010092661187758612,-0.0049030223424514,0.0013508326052614672,0.006253854947712867,-0.0607643987461177,-0.021258935461440892,0.03950546328467681,-0.0192581541634725,0.0131582332794723,0.0324163874429448,-0.0144358200093991,-0.02114057177696274,-0.006704751767563641,0.0105949953439495,0.004108698763616864,-0.006486296580332636,-0.0314979699836625,0.00408060854711957,0.03557857853078207,-0.0282875087104373,0.0012633451314926648,0.029550853841929965,-0.0502379848563679,-0.004681586186427996,0.04555639866993991,,0.032051059104812804,,-0.0590399840336456,0.013898925821062535,0.07293890985470813,,-0.05778890501604261,,-0.0303661493867268,0.029623479474570738,0.059989628861297536,-0.0300208064517291,0.030780631263808995,0.060801437715538094,-0.0022920025872842,0.002167625294237757,0.004459627881521957,0.0313770625944925,0.021819008153351423,-0.009558054441141078,,-0.0035475425943810104,,-0.0254862042624683,0.004048838160893558,0.029535042423361857,0.0487103580109671,-0.0038247727127680205,-0.05253513072373512,0.0270704996826516,0.0016185003320721568,-0.025451999350579443,0.0425750319939819,0.000535294131151956,-0.04203973786282995,0.053528150043055,-0.014611294093483577,-0.06813944413653858,-0.051588839298269,0.00629723334089379,0.05788607263916279,-0.0581207219822314,0.0067538560420501255,0.06487457802428152,-0.0965184514692728,-0.020592191903331742,0.07592625956594107,-0.0216272968378571,0.011154306424212628,0.032781603262069726,-0.0113130362458204,0.014290556337320749,0.025603592583141148,-0.0501639220881236,0.007546918826469789,0.057710840914593386,0.0207143859805379,0.010207264057377218,-0.010507121923160681,0.018793311027083,0.008979126389244887,-0.009814184637838112,0.0195411602277708,0.06915417811847234,0.049613017890701536,-0.0089345985126754,0.01762897314623434,0.02656357165890974,,-0.005864746709125408,,0.0015771139807516,0.0027137067489093926,0.0011365927681577927,0.0999633251082602,-0.00028175810468167154,-0.10024508321294187,0.0963042467352583,0.0020015570374346185,-0.09430268969782368,0.0582195503350918,-0.011474160354239723,-0.06969371068933153,-0.0026996792045111,0.011537711581120198,0.014237390785631299,-0.0022143862042196,0.010946102574824337,0.013160488779043937,-0.0915269843034057,-0.0057973934521642085,0.08572959085124149,0.02992230840801,0.032896897701512696,0.0029745892935026975,,0.017087588169904577,,-0.0171196468012915,0.0053863702717553115,0.02250601707304681,0.0617212274779516,0.01578322742228056,-0.04593800005567104,0.0536020488734092,0.0152444338702468,-0.0383576150031624,0.0372850971261961,0.010519400441232759,-0.02676569668496334,0.0410300668714069,0.012020247022843794,-0.029009819848563108,0.0307913094682929,-0.025682418288706977,-0.05647372775699988,,0.019921947050108926,,0.0274603701983244,0.0055068758161916425,-0.021953494382132756,-0.008337684906904,0.008351891745671873,0.016689576652575873,-0.0154536208460407,0.010860762401838451,0.02631438324787915,0.0285162031596997,-0.007031975255941191,-0.03554817841564089,0.0256843341069169,0.010309790951504683,-0.015374543155412215,0.032246233193953,0.01445132042452115,-0.017794912769431848,0.010159861849636,-0.006240955763641481,-0.016400817613277482,0.0180643115878149,0.007626886969435947,-0.010437424618378953,0.0124958539429,0.009516395133859558,-0.002979458809040443,0.0346739768258439,-0.0008630622157775709,-0.03553703904162148,0.0279077663450907,0.0054099292675786545,-0.022497837077512045,0.039278813157023,0.0065308967988674665,-0.032747916358155535,0.0170541245938918,0.005425536581937722,-0.011628588011954079
2018-06-01,,0.02808932809835662,,0.0345201631024788,0.004052029848460815,-0.03046813325401799,0.0411756264081214,0.014305234988748403,-0.026870391419372995,0.0358051209274158,0.012708268885501956,-0.02309685204191384,0.0285141073894098,0.008343807270146778,-0.02017030011926302,0.0057797558603503,0.0035507287109142567,-0.002229027149436043,0.0032200729519945,0.0038021488554392975,0.0005820759034447973,0.0135514151481666,-0.007167494675812621,-0.02071890982397922,0.0612601247925359,0.014582339826552554,-0.04667778496598334,0.0614374728240833,0.015245414003731072,-0.04619205882035223,0.0836391378124371,-0.01633141899006192,-0.09997055680249903,-0.0044026116830025,0.00501706866002605,0.00941968034302855,0.0353949813113585,0.005940716491595669,-0.02945426481976283,0.0371363009510853,0.014516774915443285,-0.02261952603564201,0.0520087654808432,-0.013822795930427779,-0.06583156141127097,-0.0151017678772487,0.005977678974738716,0.021079446851987416,-0.0879114850139688,-0.005025314643609989,0.08288617037035881,-0.0188962076699041,0.003720267376447676,0.022616475046351774,-0.0196833643697507,0.004362246070050369,0.02404561043980107,0.0416373639929771,0.0021406956395497645,-0.039496668353427335,-0.0033778484878612,0.002723084864850749,0.006100933352711949,,0.04786673847748858,,0.066904101302776,0.011726336358489338,-0.05517776494428667,,-0.0483886058871707,,0.1141462051927871,0.020525939210511105,-0.093620265982276,0.1168314689970228,0.021409040197609867,-0.09542242879941294,0.0400558494985059,-0.01504213029381569,-0.05509797979232159,0.0881804234220786,0.012467108536693399,-0.0757133148853852,,0.010204675581297906,,-0.0259205080156018,0.01005489093526766,0.03597539895086946,-6.798358039739657e-05,-3.987814410457563e-05,2.810543629282094e-05,-0.0103638602875779,0.0012794307707170327,0.011643291058294933,-0.0095260246386992,0.0008808527193975514,0.010406877358096752,-0.0090023862357613,-0.0059449732341720195,0.003057413001589281,0.0246694668387867,0.006309980649363952,-0.01835948618942275,0.0261264232566074,0.007111810402071027,-0.019014612854536372,0.0600840276837334,-0.018801464953728943,-0.07888549263746235,0.0335669149986492,0.00809826824259314,-0.025468646756056063,0.0252569880362813,0.018874205812366533,-0.006382782223914765,0.0630506046440745,0.01717505824707996,-0.04587554639699454,0.0548722437878055,0.010039935611615524,-0.04483230817618998,0.0444535117010635,0.00759612187041519,-0.03685738983064831,-0.078195137394089,0.006136608968138045,0.08433174636222704,0.0335809853198857,0.0015298214346094407,-0.03205116388527626,,-0.014857456229911378,,0.0101061349697154,0.011762934067737386,0.0016567990980219868,0.0312831850504848,0.003794729596898835,-0.027488455453585966,0.0316135322803195,0.011740270530961588,-0.019873261749357916,0.1187960568872017,-0.01800869327840507,-0.13680475016560678,0.0131978590053852,0.010608204614277209,-0.0025896543911079917,0.0101553282998778,0.011128599323200965,0.0009732710233231658,0.0777638095746536,-0.026565737713372773,-0.10432954728802638,0.0095071982414659,0.018797825865755274,0.009290627624289373,,0.01090346065041002,,-0.0003924516853756,0.00012313768520754386,0.0005155893705831439,0.002532340667466,0.015418638601521987,0.012886297934055987,-0.0282149798408256,0.013769387610118372,0.04198436745094397,0.0168708943942802,0.010135489720088346,-0.006735404674191854,0.0166510699606471,0.011666329359797561,-0.00498474060084954,0.0533252337545944,-0.029698031327789146,-0.08302326508238354,,0.02013527484668772,,0.0459592876272157,0.006328610356547906,-0.03963067727066779,0.0171426617278491,0.005764105211188891,-0.01137855651666021,0.0108446197660702,0.0071481059335113135,-0.0036965138325588866,0.0336941454929382,-0.010529774798082531,-0.04422392029102073,0.0385738953496314,0.00889871320961931,-0.029675182140012087,0.0349717876981484,0.016478056291196783,-0.018493731406951614,0.0481195203544672,-0.026095917370941954,-0.07421543772540914,0.0026063943313154,0.006664175715964786,0.004057781384649386,0.0030333123150702,0.0076247291073602095,0.004591416792290009,0.0041657334322096,0.0017748077320940874,-0.0023909257001155128,0.0032218118638254,0.007785592807544996,0.004563780943719596,-0.0084741367034355,0.009334444549744244,0.017808581253179745,-0.0405396803873663,-0.005909293806646744,0.034630386580719555
2018-07-01,,0.0056306204355904945,,-0.0313968097859742,0.006442491866795586,0.03783930165276979,-0.0012766671215578,0.009745847097702617,0.011022514219260418,0.0884000706875896,0.01162540066952693,-0.07677467001806267,0.0016730709978832,0.016668173096919443,0.014995102099036242,-0.008724230624706,0.0068322472065251326,0.015556477831231132,-0.0086828795981976,0.007148106936466452,0.01583098653466405,0.0210070425114095,-0.0013437350310796876,-0.022350777542489188,0.0139632471702716,0.009064461670930028,-0.0048987854993415725,0.0140778571830647,0.009884022831093676,-0.004193834351971024,-0.008282505645322,-0.018612162406386558,-0.010329656761064558,,0.0032436134906090926,,0.0181987001914932,0.006522802696002858,-0.011675897495490344,0.0231783677907288,0.006898253875245359,-0.01628011391548344,-0.0256845491926692,-0.01024295868592121,0.01544159050674799,0.0351829859253296,0.00271168894063413,-0.03247129698469547,0.0239672631613892,-0.009036375468726862,-0.03300363863011606,0.005248995408261,0.009517591557703273,0.004268596149442273,-0.0096906148619178,0.014656958004445969,0.02434757286636377,-0.0179876235096886,0.013773646899809507,0.03176127040949811,0.0380839820468759,0.010041128936010097,-0.028042853110865802,,0.028022647187712302,,-0.0214069548516674,0.013805927161919501,0.035212882013586896,,-0.04171999578547573,,-0.0309703804686263,0.01712497549036191,0.048095355958988215,-0.0316746781317117,0.017561306004921395,0.0492359841366331,-0.0487725123569186,-0.016279269818375765,0.03249324253854284,0.0462837795216215,0.010009938301935872,-0.03627384121968563,,0.05013394614158589,,0.050534829889922,0.008428476202554084,-0.04210635368736792,0.0210927336910772,0.008660295217184708,-0.012432438473892493,-0.0044404382620084,0.009817513256384478,0.014257951518392879,-0.0020838311085999,0.010109530280638298,0.012193361389238197,0.0360159784268855,0.004924054307865449,-0.031091924119020054,-0.0457843513142062,0.014337886382797125,0.060122237697003325,-0.0588474226227755,0.015789797677643203,0.07463722030041871,-0.0645520008306985,-0.01570461672528475,0.04884738410541374,-0.0035288178810068,0.01072108503058987,0.01424990291159667,-0.0008525420300611,0.01277673530811736,0.013629277338178461,0.0135381762154036,-0.002423211037279371,-0.015961387252682972,0.0183301695729928,0.006077819269627782,-0.012252350303365018,0.0193355736615972,0.008417403471029764,-0.010918170190567435,0.4495029232479063,0.002014091848440541,-0.44748883139946577,-0.0361213757017622,0.011942663546690218,0.04806403924845242,,-0.026288315255026538,,0.0048280206214545,0.011779305623387122,0.006951285001932621,0.0080360762229644,0.005784639309461679,-0.0022514369135027213,0.007276804815918,0.007233233817819867,-4.3570998098133376e-05,0.1839645693395366,-0.00612358620480571,-0.1900881555443423,0.0122819372009847,0.008053677043082831,-0.00422826015790187,0.0153171264366742,0.009264324720938086,-0.0060528017157361145,-0.0100865170935362,-0.05168351782350558,-0.041597000729969386,-0.009937118908638,0.007238734138719975,0.017175853047357977,,-0.0019297135641903075,,0.0178664876016309,0.009999398451237292,-0.00786708915039361,0.057843286352314,0.0028308481815441525,-0.055012438170769846,-0.0358578705926241,0.006531424025975378,0.04238929461859948,0.0443282885439221,0.015465199851277872,-0.02886308869264423,0.0425914371010109,0.01606625371394893,-0.026525183387061967,0.0318916364292836,-0.012716364400981709,-0.04460800083026531,,0.005681467967499669,,-0.039106600483037,0.010921880322350905,0.0500284808053879,0.0109920643837559,0.0079048924929554,-0.003087171890800499,0.0086421909601039,0.008814580102751813,0.0001723891426479128,0.0053633776804484,-0.004515580281181716,-0.009878957961630117,-0.0392623984645761,0.00857272011067997,0.04783511857525607,-0.0412671807006024,0.004889636149880489,0.046156816850482896,0.0170322553085426,-0.022877949389167835,-0.039910204697710436,0.0379187124445766,0.0051168175706140994,-0.0328018948739625,0.0536403669861247,0.005621707722073622,-0.04801865926405108,-0.005179677320647,-0.0008085071638206851,0.004371170156826315,0.0007916344453261,0.009952389614881308,0.009160755169555208,0.0002062921643619,0.010728452683690564,0.010522160519328664,-0.0671206752110388,-0.008922232374341605,0.0581984428366972
2018-08-01,,0.013151994092184089,,0.0579452184393214,0.005901830480625616,-0.052043387958695786,0.0546787279568955,0.006004295515132812,-0.048674432441762686,-0.013624747468679,0.007053713638844487,0.020678461107523485,0.0022162600288232,0.018199031913928097,0.0159827718851049,0.0485968623929141,0.003596130023957936,-0.045000732368956166,0.0513704418837885,0.0032042739508726294,-0.048166167932915865,-0.014763850316638,-0.006556109729175526,0.008207740587462476,0.0245059950157332,0.015946169193268675,-0.008559825822464524,0.0246739158344596,0.01646042166911457,-0.008213494165345031,-0.0061188619890614,-0.008121108689812669,-0.0020022467007512687,,-0.002454446575080614,,0.0385157044746093,0.005467781264826678,-0.03304792320978262,0.0375926556842281,-0.0009177434261930576,-0.03851039911042116,0.0041912738735024,-0.018735217952288195,-0.022926491825790596,0.0505208392166395,0.008222248253204988,-0.04229859096343452,-0.0065593353499094,-0.013204502083225706,-0.006645166733316305,0.0018677359080333,-0.0007687392826691371,-0.002636475190702437,-0.0097697574937891,0.007019521664728926,0.016789279158518026,0.0284914261931599,0.0005978638624261701,-0.027893562330733732,0.0162511664263956,-0.0008721982899738132,-0.017123364716369414,,0.02897657050256062,,0.0981964200614168,0.011651474252903755,-0.08654494580851305,,-0.04739779977842662,,0.014535472431666,0.02163506810113432,0.0070995956694683195,0.0147081207822396,0.022447507823377982,0.007739387041138383,-0.0116860086040519,-0.005082612084678173,0.006603396519373727,-0.0722656403761284,0.01593184686358757,0.08819748723971596,,0.03097313421020504,,0.0052248784388878,0.002548865743978469,-0.0026760126949093308,0.0263247129439968,-0.0007511807158977486,-0.02707589365989455,0.0528973563303643,0.0028453207376886707,-0.050052035592675626,0.0460822793162848,0.0022300942129577146,-0.043852185103327085,0.0237363661454151,-2.8662485102990158e-05,-0.02376502863051809,0.0715515195354303,0.005087874632793387,-0.06646364490263691,0.0802818907816216,0.005656092194064871,-0.07462579858755672,0.0183090600198528,-0.014170338720435799,-0.0324793987402886,0.0805958988880991,0.006978357415236541,-0.07361754147286255,0.0859188899867805,0.010363351241480462,-0.07555553874530004,-0.1102263222345157,0.013539782728045267,0.12376610496256096,0.0411336121375287,0.0065539600848225086,-0.03457965205270619,0.0436387451633905,0.007765721540776872,-0.03587302362261363,-0.037748005905722,0.053239541085457275,0.09098754699117928,-0.0023102961317621,0.007084950017299409,0.009395246149061509,,-0.015916297877636428,,0.0767309597481221,0.0031182609804926925,-0.0736126987676294,0.0150431088849789,-0.0015981933858519733,-0.016641302270830875,0.0177193552517588,9.44417996849166e-05,-0.017624913452073884,0.0328369261188732,-0.009622427176494034,-0.042459353295367236,0.0675498053765923,0.007617257580748224,-0.05993254779584408,0.0716631718402103,0.007577307120974694,-0.06408586471923561,-0.1350659666078982,-0.015878009188237684,0.11918795741966053,-0.0697882043606935,0.023346153085233735,0.09313435744592723,,0.0009480339043629147,,0.0425716390229699,0.004485919829719908,-0.03808571919324999,0.0421032194202866,0.005262447870675327,-0.036840771549611274,0.0172467841382282,0.007143333698877466,-0.010103450439350735,0.033657975699459,0.011638836265459085,-0.022019139433999912,0.0378410682275268,0.012533490844784594,-0.025307577382742207,-0.0211486734193784,-0.01835967240333518,0.002789001016043218,,0.0061589682253058746,,0.0922740808551399,-0.000496873764223352,-0.09277095461936324,0.0142970825534298,0.004653579691189254,-0.009643502862240545,0.0161404969705314,0.006530232927168279,-0.009610264043363119,0.0192157089905594,-0.009041346652407965,-0.028257055642967363,0.0680895247580961,0.004921343749608342,-0.06316818100848776,0.0806136061383618,0.005052036288112961,-0.07556156985024884,-0.0708165764555333,-0.0005861800521755548,0.07023039640335774,0.0214151602187972,0.003725294742645692,-0.01768986547615151,0.0177565408412602,0.005820470142568626,-0.011936070698691577,0.0704250854602709,-0.00509600786773431,-0.07552109332800522,0.0268500686361173,0.004978523556005695,-0.021871545080111604,0.0258648865409798,0.005667841453558159,-0.02019704508742164,-0.0656386195407027,0.005579789561409782,0.07121840910211248
2018-09-01,,0.0026089563795505845,,-0.0277159974462205,0.009050884426755886,0.03676688187297639,0.0240383295836368,0.014375878816199238,-0.009662450767437561,0.0779862315391614,0.015440013886685599,-0.0625462176524758,-0.028169573365729,0.014686125936682849,0.04285569930241185,0.0213711160214155,0.006025048964128759,-0.015346067057286741,0.0211358806568359,0.0061180251261799025,-0.015017855530655998,0.0160097328314911,-6.887598579388807e-05,-0.016078608817284987,0.0568533914968975,0.009973159460962023,-0.04688023203593548,0.0534708371003127,0.010587698642267511,-0.04288313845804519,0.0075440776776072,-0.019535128376808802,-0.027079206054416,,0.012262277477583869,,0.013560164923983,0.007475965148429596,-0.006084199775553405,0.0181209358535642,0.01625741572887131,-0.0018635201246928884,-0.0277107729228451,-0.0018084166110411692,0.02590235631180393,0.0242568386410074,0.0051941472409372455,-0.019062691400070154,0.041994218998513,0.010297399691145615,-0.03169681930736738,0.0959894189352774,0.007932021793963013,-0.08805739714131439,-0.0029909044417821,0.011119934526631473,0.014110838968413572,0.0085730242773421,0.01062067553443486,0.0020476512570927613,0.0224732308134887,0.009719032278952657,-0.012754198534536043,,0.056853329545283396,,0.0031171355125483,0.016152029709371234,0.013034894196822935,,-0.04137724045361532,,0.1116717050810641,0.015278042800412504,-0.09639366228065159,0.1137805360693382,0.015667243840149683,-0.09811329222918852,0.0590990135422304,-0.022670304888053383,-0.08176931843028379,0.0213418090469109,0.01437976336406447,-0.006962045682846429,,0.023013915315559155,,0.0219694537842759,0.011858328060768005,-0.010111125723507896,0.0820823437045362,0.012631593600617368,-0.06945075010391882,0.0235486076358535,0.007112048741837072,-0.016436558894016427,0.027862027364823,0.007737436540202768,-0.02012459082462023,-0.0241018316182184,0.0031068970574047125,0.027208728675623114,-0.0127711264734562,0.011599367354987369,0.02437049382844357,-0.0261299167041535,0.012775568525169123,0.03890548522932262,-0.0500615704938504,-0.006969139082324272,0.043092431411526126,0.0370749498953899,0.006551913554619858,-0.03052303634077004,0.0271063112747363,0.01414637951687219,-0.012959931757864111,-0.0137886611959756,0.0022332805305012773,0.016021941726476877,0.0539034364061537,0.009303345924326507,-0.04460009048182719,0.0434652922046806,0.006900736241152063,-0.03656455596352854,0.006750571531183,-0.02681575446309354,-0.03356632599427654,-0.0785250369088518,0.006080891333538421,0.08460592824239023,,0.009788684084384857,,0.0216773001598368,0.014802438203387565,-0.006874861956449235,-0.0257195485255321,0.003985196875288522,0.02970474540082062,-0.0273533048600128,0.0116350906793308,0.0389883955393436,-0.0528064802198357,-0.016813564877689015,0.035992915342146686,0.049927272005543,0.00687648496614459,-0.04305078703939841,0.0471071413561494,0.007626435286238067,-0.03948070606991133,0.0003436220070331,-0.03662255336818113,-0.036966175375214225,-0.1349984783021339,0.015267808800654054,0.15026628710278797,,0.040417172649309496,,-0.0107388896726767,0.010040440329290554,0.020779330001967255,0.0314988073418939,0.007853776569436158,-0.02364503077245774,0.0452478901209407,0.009528842278396123,-0.03571904784254458,0.0920476084287021,0.009480064521290726,-0.08256754390741138,0.0954257915145037,0.01035993322806969,-0.08506585828643401,0.0640735046436521,-0.01748704404573862,-0.08156054868939072,,0.02418534529152818,,-0.0146340138259404,0.01463270424339576,0.02926671806933616,0.0197475495665571,0.008817637929141793,-0.010929911637415307,0.0194862533872334,0.009283657155726283,-0.010202596231507117,0.0222233281909047,-0.004202343578548264,-0.026425671769452964,0.0186006380151801,0.008376350552196822,-0.010224287462983277,0.0179883978297742,0.014810354740368984,-0.003178043089405216,-0.0373678686598761,-0.02219125401139789,0.015176614648478207,-0.0009738116171101,0.0077779455120307005,0.008751757129140801,-0.0113974116236828,0.007822539534069623,0.01921995115775242,0.0164477120640953,0.002097038360224392,-0.01435067370387091,0.0458943974261409,0.012246574509235395,-0.033647822916905504,0.0490386868691374,0.013510540126773376,-0.03552814674236402,-0.00224062039655,-0.012390556291645543,-0.010149935895095543
2018-10-01,,0.009145309665668282,,0.0297642530136031,0.014064229021093725,-0.015700023992509374,0.0070533306546272,0.03228218610882551,0.02522885545419831,0.023228621663615,0.0185962030721423,-0.0046324185914727,-0.0338704447316125,0.015975264730443396,0.049845709462055895,-0.0156897013551189,0.01674146727793347,0.03243116863305237,-0.0138683643532513,0.019008632115343857,0.032876996468595154,-0.0294538407814172,0.013916472908126292,0.04337031368954349,0.0031212213530405,0.007793596526554627,0.004672375173514127,0.0055353454952201,0.008847045904549359,0.0033117004093292587,-0.0678245073486424,-0.03181196306406558,0.03601254428457682,,0.027780261136286115,,-0.0294103240157961,0.011599171585198362,0.04100949560099446,-0.0346666837659939,0.03482508052462327,0.06949176429061717,0.0119938263283834,0.01575742257576143,0.0037635962473780323,0.0057574271267288,0.008763583237035247,0.0030061561103064474,0.0452972615403584,0.009931273201472761,-0.03536598833888564,-0.0023563970123951,0.024525904216453048,0.026882301228848146,-0.0672282045306409,0.029945789174492005,0.09717399370513291,-0.0269822378715258,0.03052507795728352,0.057507315828809316,0.0134061265996723,0.021381185539921025,0.007975058940248725,,0.019969279234073906,,0.023771522341768,0.01372263645123505,-0.01004888589053295,,-0.05426749986299505,,-0.0079777921127063,0.005091177624861488,0.013068969737567788,-0.0037782207919681,0.005004635905339693,0.008782856697307793,-0.034414113621218,-0.03808311217189147,-0.003668998550673472,-0.0102332026054285,0.011410963888018018,0.02164416649344652,,-0.04434716441380478,,-0.0101338846852291,0.014950451967272028,0.025084336652501128,0.0040892705215163,0.029109233091883537,0.02501996257036724,0.0085660633734765,0.01763895883019,0.0090728954567135,0.0094477846849449,0.021025396276749795,0.011577611591804895,0.005135225881657,0.01593826442274757,0.010803038541090569,0.0065584513978193,0.021487326484183326,0.014928875086364026,0.0076493298199562,0.022960807713369343,0.015311477893413142,-0.0734661734900547,-0.005756734490640822,0.06770943899941388,0.0107231635579737,0.012082870585866603,0.0013597070278929032,0.0202264960366737,0.023664431381452307,0.003437935344778608,-0.1087612509349274,-0.009070862860057075,0.09969038807487032,0.0457800963074431,0.01563896289683118,-0.030141133410611917,0.0507089408378718,0.014375002430743508,-0.03633393840712829,0.0575276640654738,-0.08332946346428083,-0.14085712752975463,0.0297497331514648,0.019851160801025242,-0.009898572350439557,,0.02069254013585778,,-0.0335480901478356,0.023350625985991646,0.05689871613382724,0.0178449712569383,0.02315813210994959,0.005313160853011287,0.0196376629827912,0.03565425593801666,0.01601659295522546,0.0716620349174276,-0.0093680442026038,-0.0810300791200314,0.0239670865629049,0.010929462923169913,-0.013037623639734985,0.0258356947281796,0.01238637148678648,-0.01344932324139312,-0.0041491659725437,-0.06025843967971301,-0.05610927370716931,0.0001695229190611,-0.003658676432189812,-0.003828199351250912,,0.04573898242382301,,-0.0522984316818638,0.026350613001382885,0.07864904468324668,0.0380981832996577,0.011588014678936706,-0.026510168620720996,0.0208760803408681,0.017415056644506974,-0.0034610236963611256,0.0014057273048667,0.014947381226235975,0.013541653921369275,0.00171102786449,0.015270759650189019,0.013559731785699018,-0.0619619466601864,-0.012452293090189796,0.049509653569996606,,0.026433753186538282,,0.0167434506823102,0.024697788772460347,0.007954338090150146,-0.0215152612849109,0.01749588683108378,0.03901114811599468,-0.0211982776820779,0.01618862422791223,0.037386901909990125,-0.0230340843422055,0.006774165333992313,0.029808249676197815,0.0109888079225001,0.01655844319937076,0.005569635276870658,0.0109109030229308,0.027502408806669536,0.016591505783738737,-0.027758502038259,-0.024822575534374558,0.002935926503884443,-0.0142378943117829,0.01712933365010866,0.031367227961891564,-0.0204131576311659,0.015460268174148651,0.03587342580531455,-0.0202078246190659,0.013933333499026073,0.03414115811809197,-0.0142518583965621,0.022120318995625228,0.03637217739218733,-0.0068210824869805,0.02373337977857971,0.03055446226556021,-0.0522775430087914,-0.03522815917938669,0.017049383829404713
2018-11-01,,0.00803759554817595,,-0.09594684756818,0.015345478689445921,0.11129232625762593,-0.0170915083009963,0.011450623992744248,0.028542132293740547,-0.1097359626686526,0.01227827350293694,0.12201423617158953,-0.0318205694243304,0.027323702715506878,0.05914427213983728,-0.0620352166823503,0.013505560888484308,0.0755407775708346,-0.0604318297894598,0.014011976135869332,0.07444380592532913,-0.0508624657856612,0.0036352519456619775,0.05449771773132318,-0.093960070035821,0.013833414365864757,0.10779348440168576,-0.0911341882668707,0.01445788832090173,0.10559207658777242,-0.1156900843930475,-0.012822403632259014,0.10286768076078848,,0.005288911531611945,,-0.1084463609251775,0.011575532871489923,0.12002189379666742,-0.1028525877085241,0.006356802169245139,0.10920938987776924,-0.0858570051499792,-0.004953625250005506,0.08090337989997369,0.0057647928363586,0.008983124342646627,0.0032183315062880267,0.0175082055156456,-0.007911568499186481,-0.025419774014832083,-0.0767937744979897,0.013806068894801323,0.09059984339279102,-0.097047570959963,0.01878900069647073,0.11583657165643373,-0.1537288377736051,0.018399191648966955,0.17212802942257205,-0.0127477221337329,0.009448821152529749,0.022196543286262648,,0.02414268178810178,,-0.1451376931183552,0.016975121538798984,0.1621128146571542,,-0.04832435795270828,,-0.0795554511483033,0.01906692391071719,0.0986223750590205,-0.0766918389464504,0.019438266222379725,0.09613010516883012,-0.0834368703643182,-0.012556405555678688,0.0708804648086395,-0.1582679734197235,0.017836243214551406,0.17610421663427492,,0.020573991341126977,,0.0208753099673833,0.007138872147500216,-0.013736437819883084,-0.0727068231685995,0.014539563109451214,0.08724638627805072,-0.0507890971585866,0.012786919124912617,0.06357601628349922,-0.0471480245166077,0.013586425055315094,0.06073444957192279,-0.0321422645393552,0.003584628350029799,0.035726892889385,-0.1291980189085121,0.016828657311369753,0.14602667621988186,-0.1256995731386219,0.018111592552756028,0.14381116569137792,-0.0976492212810311,-0.010035013561669706,0.08761420771936139,-0.097160767060123,0.011967642337679914,0.10912840939780291,-0.0915215435572585,0.011168026754566775,0.10268957031182527,-0.122574678313565,-0.013058280431037893,0.10951639788252711,-0.1096981573280428,0.008671400880858696,0.1183695582089015,-0.106829614109155,0.010179968375650904,0.11700958248480589,-0.1115042334637719,0.011693271349891579,0.12319750481366348,-0.1101087305280803,0.024300953546231317,0.13440968407431161,,0.002403131199325837,,-0.0539933138845806,0.009771852156995497,0.06376516604157609,-0.1150184151499478,0.0065018702700290025,0.12152028541997681,-0.1089492181860978,0.007580838040574429,0.11653005622667223,-0.126797584254544,-0.0041024642814170495,0.12269511997312693,-0.0596892164528094,0.008192219982633274,0.06788143643544267,-0.0522245161121478,0.008706582221240756,0.060931098333388556,-0.1815842767631926,-0.03970923020473686,0.14187504655845576,0.0319323451759809,0.01492150259265904,-0.017010842583321858,,0.027641206340188757,,-0.1185792742663796,0.019470185278220697,0.1380494595446003,-0.1305359415584332,0.003977256935787616,0.13451319849422083,0.0068592043170186,0.009305612563698374,0.0024464082466797736,-0.1151638855849751,0.014451592362279714,0.1296154779472548,-0.1191625825181807,0.014862281131425816,0.1340248636496065,-0.0995892846982171,-0.007636275986389163,0.09195300871182793,,0.014498967935056525,,-0.1129104791980251,0.01627766385042523,0.12918814304845033,-0.0203669176800749,0.012657484698088889,0.033024402378163786,-0.0114082041733687,0.013528284448105412,0.02493648862147411,-0.0341832190089139,0.0019091735274265973,0.036092392536340494,-0.0881084782687082,0.01110514031926636,0.09921361858797456,-0.0818602246871248,0.009734391500705082,0.09159461618782988,-0.0694280908010079,-0.009267129475272463,0.06016096132573544,-0.0068993271202971,0.009108900422997218,0.01600822754329432,-0.0113968230232167,0.009443322428314364,0.020840145451531063,-0.0456367670833266,0.0012492496936914663,0.046886016777018064,-0.0786864688111003,0.012615153335740977,0.09130162214684127,-0.0753509700220454,0.013301921927694424,0.08865289194973983,-0.0295497403887819,-0.009131652694919223,0.020418087693862677
2018-12-01,,0.015318049976875482,,-0.0376252136556781,0.008751361876542125,0.04637657553222022,0.0450957759995648,0.03256612603423862,-0.012529649965326177,-0.0061101846389343,0.013321174644922521,0.019431359283856822,0.0202806669662355,0.010318960522844258,-0.009961706443391243,0.0194900331367105,0.010029444071406967,-0.009460589065303534,0.0185966538781511,0.011737925760882931,-0.006858728117268171,-0.0230612324418453,0.00825185436997323,0.03131308681181853,0.0174129246677099,0.012880753922448078,-0.004532170745261823,0.0175714141605271,0.013735156406212545,-0.0038362577543145544,-0.1266308533683253,-0.02578078594517859,0.10085006742314671,,0.026205009497786348,,0.0327957033103311,0.007491986823715249,-0.02530371648661585,0.0390392357339382,0.032222470076423294,-0.006816765657514906,-0.110002808297765,0.008494633029407377,0.11849744132717238,0.0308945720119966,0.013648829876956748,-0.017245742135039852,-0.0405748431873089,0.009516367637802031,0.05009121082511093,0.0104433514278282,0.011143571536352063,0.0007002201085238632,0.0302067082953696,0.02192770491877821,-0.00827900337659139,0.048802701060134,0.014082448609595682,-0.034720252450538315,0.0639142826591705,0.010388654025552795,-0.053525628633617706,,0.018997797695454666,,0.0667402750897266,0.007990691063555915,-0.058749584026170684,,-0.06065272695250523,,-0.0886442841924811,0.005186697829185888,0.093830982021667,-0.0946597512240816,0.005461611842977325,0.10012136306705893,-0.0588670328482914,-0.03235680709544451,0.026510225752846894,0.0005864986410382,0.014057329070905589,0.01347083042986739,,-0.0767141417909684,,0.0129879942927125,0.009027491619873776,-0.003960502672838723,0.0519617423609495,0.01864868341399944,-0.03331305894695005,0.045464184685732,0.008556293134855439,-0.03690789155087656,0.0524710828694626,0.011376039116217644,-0.04109504375324496,-0.0020765995450754,0.01571557419483729,0.01779217373991269,0.0732181803583279,0.008830425822054087,-0.06438775453627382,0.0909085366371703,0.009181420773287556,-0.08172711586388275,-0.0842342065097763,-0.0035234259444773593,0.08071078056529894,0.0655960036594071,0.005902541947529574,-0.059693461711877525,0.0734576701057096,0.02414739510567912,-0.049310275000030476,-0.0028069629872934,0.019448263921665997,0.022255226908959397,0.0604095104294559,0.0170060793473494,-0.0434034310821065,0.0722499611072115,0.014140958267950702,-0.05810900283926081,-0.0281792975686444,-0.04480056336770338,-0.016621265799058982,-0.0033674590966379,0.005992050978391872,0.009359510075029772,,0.028489399045082603,,0.0377534151900535,0.015883396515563482,-0.021870018674490017,-0.0285267385588551,0.017681973599180025,0.046208712158035126,-0.0151766160968048,0.03396427098573555,0.049140887082540344,-0.1636101909174182,-0.015891907081977203,0.147718283835441,0.0699652984723938,0.010613272982396501,-0.059352025489997295,0.0711044706842784,0.010921257299237106,-0.0601832133850413,-0.0126251365857368,-0.02183098406617942,-0.009205847480442621,0.0027933397390895,0.008913111068205073,0.006119771329115573,,0.04102800129215182,,0.0462081813234682,0.017402269941746283,-0.028805911381721915,-0.0237864432175571,0.015281697146737121,0.03906814036429422,0.0714142979455641,0.018613637268467344,-0.05280066067709675,0.0156250540984035,0.010458042401705735,-0.005167011696697765,0.0178368609993064,0.011127010885461277,-0.006709850113845124,-0.0132801068894374,-0.022434011812691047,-0.009153904923253646,,0.02488130959269047,,-0.0260084339023761,0.008067687677014629,0.03407612157939073,0.0317057958522194,0.012199482596127548,-0.019506313256091853,0.0323746024247231,0.011507143672620719,-0.02086745875210238,0.0054385325081288,-0.0006028261145447726,-0.006041358622673573,0.047709377350357,0.011422584722331269,-0.03628679262802573,0.0480725540000856,0.02994430712621436,-0.018128246873871243,-0.1374715010321034,-0.0014438279107816582,0.13602767312132175,0.0380166034013854,0.01568395917033195,-0.02233264423105345,0.053848398929489,0.01576313659116693,-0.03808526233832207,0.0229705212558106,0.010423399679128835,-0.012547121576681764,0.0402719752906384,0.017000205202415273,-0.023271770088223124,0.0511931510383707,0.01872696634338217,-0.032466184694988534,-0.0556945621629797,-0.022640989873014897,0.033053572289964805
2019-01-01,,0.023232736368777134,,-0.0871068945807903,0.012526580229941308,0.0996334748107316,-0.0604956606257922,-0.0009314305206163938,0.05956423010517581,-0.0610851898221904,0.007767677934873131,0.06885286775706354,-0.1016969964614052,0.029793616997022015,0.13149061345842722,-0.1190610255472888,0.010934397197815035,0.12999542274510384,-0.1188054998976143,0.010667700236870319,0.12947320013448463,-0.0795726207243072,-0.006171657930452018,0.07340096279385518,-0.0771036367754294,0.018746291647550973,0.09584992842298037,-0.0742089565253361,0.019262760094710066,0.09347171662004616,-0.1798959033091186,-0.001597697142866299,0.17829820616625228,,-0.013032152527006015,,-0.0696303964520194,0.010888857366811775,0.08051925381883118,-0.0650106463094885,-0.011189700550361543,0.05382094575912695,-0.0977640828805217,-0.02464376391195072,0.07312031896857098,-0.0842455360185675,0.007692580846772474,0.09193811686533998,-0.1053309543672475,-0.03050964091778773,0.07482131344945978,-0.1010973823595478,0.007734708318113789,0.10883209067766159,-0.0911473364627907,0.01004918648014368,0.10119652294293438,-0.1296034104749797,0.009565265513510784,0.13916867598849048,-0.0595747061878393,0.0009838354263802726,0.06055854161421957,,0.01754727452249011,,-0.1146570421953835,0.0166751353927499,0.1313321775881334,,-0.04680041159968173,,-0.08888501935291,0.03074703038278716,0.11963204973569716,-0.0884724941203271,0.03164167346612584,0.12011416758645294,-0.1705526055426887,0.006446295926246234,0.17699890146893493,-0.078489916159193,0.018214308425582134,0.09670422458477514,,0.06464955967538015,,-0.0967687843245804,0.0028872934278468053,0.0996560777524272,-0.1713636027047217,-0.0008852486289169588,0.17047835407580475,-0.0973165889199105,0.00847784467156995,0.10579443359148046,-0.1027290614452703,0.007137202117075329,0.10986626356234563,-0.0266223513132663,-0.008292680072139976,0.018329671241126326,-0.0990640143877149,0.013787252205471263,0.11285126659318616,-0.091977712782324,0.015015552744630576,0.10699326552695458,-0.1410982184858614,-0.022372385266052376,0.11872583321980903,-0.0914188297943523,0.015031074810044327,0.10644990460439663,-0.0909104273870098,0.007582743135437999,0.0984931705224478,-0.1350796009305558,-0.009956159856709017,0.12512344107384676,-0.0688720330640113,0.0044827533707547185,0.07335478643476602,-0.0660096480106429,0.008701464007769385,0.07471111201841228,-0.0985698141072602,0.08213502054882836,0.18070483465608855,-0.0263961696701462,0.02602447215218933,0.05242064182233553,,-0.035078914728906195,,-0.0996158501421755,0.001953761642588937,0.10156961178476444,-0.1157838553675723,-0.0013070214796438722,0.11447683388792843,-0.1089666252519922,-0.008120081419248538,0.10084654383274366,-0.1633412744371276,0.0011460742431910757,0.16448734868031867,-0.0762749262817679,0.009732008173587709,0.08600693445535561,-0.0727447386711943,0.009978884631511793,0.08272362330270609,-0.2254145815881529,-0.033118464986616296,0.1922961166015366,0.1130279135618885,0.02314718273033968,-0.08988073083154882,,-0.011447903134928826,,-0.122909177488581,0.009888225756611066,0.13279740324519207,-0.1484445845759848,0.0033495844378877673,0.15179416901387258,-0.061702990509364,0.006790148631126371,0.06849313914049038,-0.0843621543542901,0.01701209442652518,0.10137424878081529,-0.0810494171328385,0.01781304498285367,0.09886246211569218,-0.1196156773323334,-0.01047958206075611,0.10913609527157729,,0.0016924008247740968,,-0.1206472433136852,0.008531680438733756,0.12917892375241896,-0.0689498245598413,0.008564231782572644,0.07751405634241396,-0.064742339632082,0.011208267946168629,0.07595060757825062,-0.0813269506488098,-0.004079632383373296,0.07724731826543652,-0.143875495837955,0.009476629352069492,0.1533521251900245,-0.1437039875606081,-0.00152668870260369,0.1421772988580044,-0.2326175280294235,-0.009600238537820922,0.2230172894916026,-0.0561997562921526,0.0035576441349260426,0.05975740042707864,-0.0574937794991297,0.005359194692549897,0.0628529741916796,-0.1056732924984931,-0.005728492818605855,0.09994479967988724,-0.1031720670004102,0.005063100735259406,0.10823516773566962,-0.1034576868905929,0.005330064306777519,0.10878775119737041,-0.0618820286078704,0.008238425948067476,0.07012045455593788
2019-02-01,,0.025861995797106352,,0.1804697939522428,0.005538266288870796,-0.174931527663372,0.1000028296879111,0.007985575714993531,-0.09201725397291757,0.1231044484565305,0.009004153845544113,-0.11410029461098639,0.1125812730222053,0.015504552249310221,-0.09707672077289509,0.1104354665301482,0.004687822382963885,-0.10574764414718431,0.1120570868713153,0.004610036672970526,-0.10744705019834477,0.0580205573164244,-0.007899197900547394,-0.0659197552169718,0.107152156307179,0.016876924332213918,-0.09027523197496509,0.1036516107070875,0.01746914384656754,-0.08618246686051996,0.1559169654221396,-0.009401036154080557,-0.16531800157622015,,-0.002945613074014405,,0.054969981628344,0.006522820817454514,-0.04844716081088949,0.0446376420161761,0.0028194702860967398,-0.04181817173007936,0.2570750424278322,-0.02022448944687451,-0.2772995318747067,0.0539610186624577,0.007408967025188132,-0.04655205163726957,0.0819877459446912,-0.016507743892424955,-0.09849548983711616,0.1092288541962804,0.002092378803980115,-0.10713647539230028,0.1531322784034672,0.00561223951427676,-0.14752003888919044,0.1424788878771128,0.0016641285927455865,-0.1408147592843672,0.0640542000096176,-0.00012265092649392842,-0.06417685093611153,,0.03189844618950869,,0.1145488032964263,0.011925118391703387,-0.10262368490472291,,-0.048671639198523776,,0.0634621276436265,0.024115813596046632,-0.03934631404757988,0.0587731258958875,0.025062940035554333,-0.03371018586033317,0.190040445454161,-0.005090053219975622,-0.19513049867413662,0.1945555973320383,0.014599678449659967,-0.17995591888237833,,0.02835179940223972,,0.0731793239217146,0.005366342822374148,-0.06781298109934045,0.0619898059126128,-0.0027735098413967933,-0.06476331575400959,0.085415569982521,0.002516410884838364,-0.08289915909768264,0.0910467746855504,0.001647923216635039,-0.08939885146891537,0.0013516069916502,-0.005295519342317805,-0.006647126333968005,0.1128305916541324,0.006555960275768973,-0.10627463137836342,0.1115558526351954,0.00728769425872393,-0.10426815837647146,0.0934870338032623,-0.019875151719809386,-0.11336218552307169,0.0928555283470773,0.009573239084219441,-0.08328228926285786,0.0836968373958768,0.01423504235196349,-0.06946179504391331,0.2294991713026508,0.01333795844286239,-0.2161612128597884,0.0608194026362901,0.007732308424631228,-0.05308709421165887,0.0568062772965455,0.008237326355796788,-0.048568950940748715,0.1427759600764234,0.047052129151277496,-0.09572383092514591,0.0929586591577153,0.007942883281213137,-0.08501577587650216,,-0.02499480548595044,,0.0764373968162305,0.005903830484177421,-0.07053356633205309,0.1088452719831928,0.0008265587933021167,-0.10801871318989067,0.1023494947615431,0.003217675123138861,-0.09913181963840424,0.2158823782240691,-0.010553917395858474,-0.2264362956199276,0.034751097849381,0.010120386394893509,-0.02463071145448749,0.0331694661288409,0.010341419514488,-0.0228280466143529,0.2243635033801065,-0.022093279012688573,-0.24645678239279506,0.0324464767238619,0.021953737162060477,-0.010492739561801426,,-0.004413004331567449,,0.161674976558873,0.0020959400083252148,-0.15957903655054778,0.1331483981555148,0.010298169849256293,-0.1228502283062585,0.0538620488429983,0.010531901650222858,-0.04333014719277544,0.0968755173569682,0.012611812552716083,-0.08426370480425212,0.0968393225741295,0.013850274178239912,-0.08298904839588958,0.1073613369506303,-0.023238781052793093,-0.1306001180034234,,0.009570185064758863,,0.1536179798307157,0.0024557223212700392,-0.15116225750944567,0.083809264878003,0.005407398577146484,-0.07840186630085652,0.0739493439063551,0.007415289763297807,-0.0665340541430573,0.0790731922480947,-0.009704545246150598,-0.08877773749424529,0.1205386581399293,0.007644168569346684,-0.11289448957058261,0.1219475180936367,0.008427906242379978,-0.11351961185125672,0.1679455794466203,-0.013126408727935641,-0.18107198817455594,0.0817456201334401,0.004721964424160001,-0.0770236557092801,0.1013981761777033,0.00649265762455088,-0.09490551855315242,0.1572101070927134,-0.0024692710266170695,-0.15967937811933047,0.0920820683220151,0.005399465183136639,-0.08668260313887846,0.0876970735153674,0.006384505915213324,-0.08131256760015408,-0.0123049396549258,0.003006729217864203,0.015311668872790004
2019-03-01,,-0.009657145504344598,,0.0926125287692248,0.004594489258327095,-0.0880180395108977,0.031657825601791,0.01071755070580446,-0.02094027489598654,0.0450249245332279,0.01169736428492309,-0.03332756024830481,0.0164426613716239,0.012871636752173834,-0.003571024619450065,0.0363824533823451,0.0008141054956439717,-0.03556834788670113,0.0342784294096903,0.0002833324616891607,-0.03399509694800114,0.0255362324575814,-0.0022070481536007915,-0.02774328061118219,0.0506663404192196,0.0089862603181373,-0.041680080101082304,0.0500500007001468,0.009556817744264957,-0.04049318295588184,0.1263131955875185,-0.017529125385065077,-0.14384232097258356,,0.01008389454714246,,0.0339953729776899,0.0036395644842692207,-0.030355808493420677,0.0267706725597847,0.010096844265534016,-0.016673828294250684,0.0764869001063884,-0.005631032703307801,-0.08211793280969619,0.0351838657641797,0.004905530493121367,-0.030278335271058332,0.0989114367303012,0.01092700227981234,-0.08798443445048885,0.0726973583639182,-5.330488330683469e-05,-0.07275066324722504,0.01111004901065,0.009339909228882151,-0.0017701397817678488,0.0477674477256316,0.0037643999138326136,-0.044003047811798986,0.0457008506927025,0.006596328174099294,-0.039104522518603205,,0.05288440670237432,,0.0489519030361951,0.013602256600259799,-0.0353496464359353,,-0.0376806198483413,,0.0680214758992581,0.01333789662566705,-0.05468357927359105,0.066879978330502,0.01372847893935008,-0.053151499391151914,0.0529576588890043,-0.020257434261221535,-0.07321509315022584,0.0370057737431074,0.013485456674205474,-0.023520317068901925,,0.03792130503691272,,0.0232465560483106,0.007861727673201802,-0.015384828375108798,-0.0420131549636002,0.009118797069585034,0.05113195203318523,-0.0015121296834895,0.004638613039770544,0.006150742723260045,-0.0179386479841547,0.005005645614864098,0.022944293599018797,0.0258079321703488,0.009635252728148684,-0.016172679442200116,0.0409862234684973,0.006526097256421205,-0.03446012621207609,0.0330953890616129,0.0073438695175504776,-0.02575151954406242,0.0551405369678553,-0.003289406114432035,-0.058429943082287335,0.0849360321971704,0.0028145023920800967,-0.0821215298050903,0.0852570037202053,0.0107541675648646,-0.0745028361553407,0.0052348982724822,0.014310724422735805,0.009075826150253605,0.0428554148694073,0.007210404205313463,-0.03564501066409383,0.0412418653532559,0.006208019003626538,-0.03503384634962936,0.0558949726630809,-0.006370981705683144,-0.06226595436876404,0.0047159387915771,-0.002272047903040612,-0.006987986694617712,,0.00442793065926378,,0.0765947988369167,0.010543799465591858,-0.06605099937132483,0.034506540892231,-0.00022213033667378072,-0.03472867122890478,0.0347929622111806,0.0065374488233624585,-0.028255513387818138,0.1136274911393509,-0.016192693067387468,-0.12982018420673838,0.0373248200318647,0.004734251534345088,-0.03259056849751961,0.0366677523815479,0.005234946581898772,-0.03143280579964913,-0.0423743284274076,-0.02571286653800256,0.016661461889405038,-0.0150458764497017,0.0171547513513471,0.0322006278010488,,0.026847994675433317,,0.0607412242238643,0.006500259320740873,-0.054240964903123426,0.0444745564100087,0.0025982159812516815,-0.041876340428757014,0.048237306966115,0.004899656614945376,-0.043337650351169626,0.0032578918650202,0.009111291211385384,0.0058533993463651835,0.0018006748623199,0.009765005521426107,0.007964330659106207,0.0619424559636691,-0.015525805681868234,-0.07746826164553734,,0.01421789076109249,,0.0317325579849635,0.0047811953076684205,-0.02695136267729508,0.0129815544838878,0.004915809670922003,-0.008065744812965799,0.0129789189272144,0.005565970048503589,-0.007412948878710811,0.0567113716580573,-0.0077790015495016835,-0.06449037320755899,0.0271194613743387,0.003481674728223254,-0.023637786646115447,0.0268861179335893,0.008334085419070663,-0.01855203251451864,0.0699389461677486,-0.007579719681514898,-0.0775186658492635,0.0361002719862139,0.004564988340437892,-0.031535283645776006,0.0393520086892757,0.005619772641211729,-0.03373223604806397,0.0590378079885523,-0.002772937687543624,-0.06181074567609592,0.047946947553294,0.009305069361321475,-0.038641878191972526,0.0499209891742582,0.01021916397127502,-0.039701825202983175,0.0446899694619151,-0.004036751727476779,-0.04872672118939188
2019-04-01,,0.0104961678016979,,-0.0606667997526692,0.005177734786369806,0.065844534539039,0.0422984302142995,0.008913635575817608,-0.03338479463848189,4.503388343669124e-05,0.004978238373338417,0.004933204489901726,-0.0482372949569671,0.02171320588036517,0.06995050083733227,-0.0278743162427305,0.010099155843426239,0.037973472086156736,-0.0251472453767237,0.011065066883394915,0.03621231226011862,-0.0121285149796595,0.0009043073923302759,0.013032822371989775,0.0357205853252555,0.010593994546246908,-0.025126590779008594,0.0406798455554133,0.011652308825345575,-0.02902753673006772,-0.0972836974806973,-0.01609074320903555,0.08119295427166176,,-0.003975039515991988,,-0.0100984974156215,0.006096178180608524,0.016194675596230022,0.0032822721344372,-0.002593447303269269,-0.005875719437706469,-0.0673297775315259,-0.01711290712475914,0.050216870406766756,0.0116253759179615,0.00479406139780819,-0.006831314520153311,-0.0639216052548582,-0.03359622527779537,0.030325379977062826,0.0220731216167202,0.011482045184766095,-0.010591076431954106,0.0295610005068811,0.023626068536511894,-0.005934931970369206,0.0003960132390946,0.01831568657854366,0.01791967333944906,0.0413776594175715,0.009195648397041909,-0.032182011020529595,,-0.024014890111605666,,-0.0115582584309975,0.008647383108869618,0.02020564153986712,,-0.0497789324726142,,0.055434802395256,0.016582175007849885,-0.038852627387406115,0.0621105078696568,0.01702325175385204,-0.04508725611580476,-0.0323655642299585,-0.008491327759269566,0.02387423647068894,-0.0005995879091771,0.007342662850759634,0.007942250759936735,,0.046270245231351016,,0.073035847883022,0.0011378114420444708,-0.07189803644097753,-0.0409156798169354,0.006537618532595324,0.04745329834953072,-0.0083410520471542,0.014060212775078566,0.022401264822232765,-0.0079222435406314,0.014719435225912724,0.022641678766544125,-0.0563843422800702,0.012846593246656601,0.0692309355267268,0.0066285187258103,0.016173503576996373,0.009544984851186072,0.0125257344734574,0.01751414986356528,0.004988415390107881,-0.0128101973341854,-0.022231236477123027,-0.009421039142937626,0.0291613739559312,0.015102097133464845,-0.014059276822466354,0.0333720488261918,0.012313102370753183,-0.021058946455438612,-0.0215392789347295,-0.0030201419109509918,0.01851913702377851,0.0269741902828065,0.004735063879246621,-0.022239126403559878,0.0315094104582487,0.013162375857634502,-0.018347034600614195,-0.1665195463486353,0.0454591619229333,0.21197870827156862,0.060567555834181,0.0217082630490631,-0.0388592927851179,,-0.056669539868691214,,-0.0045753345310954,0.005808734814060287,0.010384069345155688,0.0082159230369915,0.011177050116874874,0.0029611270798833734,0.0061671544262797,0.006884310263532433,0.000717155837252733,0.0285888137553465,0.008979877254694487,-0.019608936500652013,0.0022358631682247,0.01009294339994592,0.007857080231721221,0.0020650162375999,0.011363461330484173,0.009298445092884272,-0.0265547077617756,-0.057135050958308134,-0.030580343196532533,0.0477655108271335,-0.0009854748041738088,-0.04875098563130731,,-0.04865443273054002,,-0.0158128379974842,0.014921322695311426,0.030734160692795623,-0.0045716241624733,-0.002565078152478403,0.0020065460099948974,0.0518924002121419,0.00512976778259005,-0.04676263242955185,0.0499499495366553,0.022910235508041738,-0.02703971402861356,0.055599383305874,0.022933868942182824,-0.03266551436369118,-0.1017313001603252,-0.005405711162550238,0.09632558899777496,,-0.017682446155492464,,-0.0495439916338481,0.0027639184283145307,0.052307910062162635,0.0100773783416152,0.008404549706296892,-0.0016728286353183078,0.0074894830651652,0.009585629446652576,0.0020961463814873757,0.0186816209270339,-0.002389639284479598,-0.0210712602115135,0.0013431160600052,0.009130017921832346,0.007786901861827146,0.0047480620722792,-0.0033217448305312178,-0.008069806902810417,-0.0314901812406001,-0.006192727478762065,0.025297453761838035,0.0260595772160465,0.00473362164435876,-0.02132595557168774,0.0238023290831459,0.006144306095755904,-0.01765802298739,0.0334854038420702,-0.002793405147014276,-0.03627880898908448,-0.0147469704611769,0.008530532985670133,0.023277503446847033,-0.0153150807804837,0.00866453494317715,0.02397961572366085,0.0119324276646358,-0.004634458281984862,-0.01656688594662066
2019-05-01,,0.0193182300583549,,0.0369037771214625,0.011972988167995004,-0.024930788953467495,0.0299269066518042,0.028005597130087122,-0.0019213095217170788,0.0484005670298477,0.017575653409606967,-0.030824913620240733,0.0645814004527399,0.011952632321561449,-0.05262876813117845,0.078316263110022,0.009819315210907361,-0.06849694789911465,0.0792699033963478,0.010848993139097363,-0.06842091025725044,0.0377375149476638,0.004575356954503115,-0.03316215799316069,0.0659468166203983,0.014783991545217923,-0.05116282507518037,0.068268646981173,0.015403256764791994,-0.05286539021638101,0.0134300819455802,-0.021541321193880532,-0.03497140313946073,0.035948790494208,0.023783020906212954,-0.012165769587995048,0.042776971590816,0.009955059995663035,-0.032821911595152964,0.0498240277259334,0.031490340428515305,-0.01833368729741809,0.0364493911029071,0.0070541596016766815,-0.029395231501230416,0.0559043494708875,0.012528040705556175,-0.04337630876533133,0.0645755728015545,0.017076039155061843,-0.04749953364649266,0.041846698585213,0.010911820216348974,-0.03093487836886402,0.07772491352054,0.014115565799646282,-0.06360934772089373,0.061687821166581,0.011262331229691367,-0.05042548993688964,0.035287740996191,0.009258857305412071,-0.02602888369077893,,0.053250250265251896,,0.0493657347936139,0.013878182260742142,-0.03548755253287175,,-0.05422247317241115,,0.0670946846017585,0.012138037688773728,-0.054956646912984776,0.0656294005865416,0.012580193482528724,-0.053049207104012876,0.0244710442565827,-0.02862359190421454,-0.05309463616079724,0.0574709749463045,0.018004884328487358,-0.03946609061781714,,-0.05377939226858009,,0.0331192521001151,0.013525511684852077,-0.019593740415263024,0.0141020441065202,0.016566496794750828,0.0024644526882306277,0.0289155568210926,0.006253445466859851,-0.022662111354232746,0.0127974895799631,0.008005404530327725,-0.004792085049635375,-0.0146524925488914,0.0041208775906942455,0.018773370139585646,0.0605972583426736,0.009506970799614302,-0.0510902875430593,0.0634729237682592,0.010089373466474306,-0.053383550301784904,0.0308867694053726,-0.003523893385927617,-0.03441066279130022,0.0127128394254886,0.006148705572610609,-0.00656413385287799,0.0163473297302359,0.022731197093973827,0.006383867363737927,0.0001618802103215,0.013520781393280636,0.013358901182959137,-0.0323312463593085,0.01676500531319449,0.04909625167250299,-0.0294562806450134,0.010856211371607834,0.04031249201662124,-0.1789548591001219,-0.04710148569224703,0.13185337340787487,0.0080398313447861,0.005962858426496475,-0.0020769729182896247,,0.03844339088048206,,0.0436046067968742,0.017812083614829714,-0.02579252318204449,-0.0082205253345013,0.011671240332394322,0.01989176566689562,-0.0096662955733781,0.02751674593298353,0.03718304150636163,-0.0024185555640826,-0.0222262654438396,-0.019807709879757,-0.032017002051678,0.010411829228107359,0.042428831279785355,-0.032138901320898,0.010596482019429287,0.04273538334032729,0.0525654815295954,-0.018813391643465398,-0.0713788731730608,-0.0795909866731491,0.0187400995393598,0.0983310862125089,,0.06482132810511256,,0.030513661903309,0.01364662624811494,-0.01686703565519406,0.1156534951517422,0.01900632767992079,-0.09664716747182141,0.0320291434209579,0.019372065589313432,-0.012657077831644471,0.0571421505728682,0.00727737582415554,-0.04986477474871266,0.0577546239498318,0.008449626866520055,-0.04930499708331175,-0.0077281934341238,-0.025686725850105025,-0.017958532415981224,,0.03871214444784688,,-0.0230502153374486,0.015280850609457412,0.03833106594690601,0.0401231272969679,0.012487389487609924,-0.027635737809357977,0.0483919435222002,0.012329665864403197,-0.036062277657797,-0.0067395079197365,-0.0016257234080570369,0.005113784511679463,0.0369471882304258,0.012317501173840669,-0.024629687056585133,0.0368874423532663,0.031724169893601835,-0.005163272459664463,0.0292839001993685,-0.01473826983802467,-0.04402217003739317,0.0122440355322264,0.014982732868801927,0.002738697336575526,0.0164008933533315,0.014722230769638318,-0.0016786625836931815,-0.0237861893596279,0.010146661654562,0.0339328510141899,0.0281729114481939,0.01643179275035669,-0.01174111869783721,0.02267775998029,0.01838696263575625,-0.004290797344533751,-0.1545608110677644,-0.01956489602678844,0.13499591504097597
2019-06-01,,0.009416654265157356,,-0.0838090225347523,0.0092076111226179,0.0930166336573702,0.0079142011231136,0.00164761172121759,-0.00626658940189601,-0.1166848781557004,0.010344490375877294,0.1270293685315777,-0.1371591939306014,0.023042801573827133,0.1602019955044285,-0.0710730655767409,0.007118112103702754,0.07819117768044365,-0.0712073573889979,0.006726574195455271,0.07793393158445318,-0.0185987505085602,-0.00528358080916711,0.013315169699393092,-0.0498919660723371,0.013176098344328107,0.06306806441666521,-0.0491170911338948,0.013762445589924167,0.06287953672381896,-0.0589930491806553,-0.009241146850747338,0.04975190232990796,,-0.0057220261396899955,,-0.103245685680678,0.008207758481901124,0.11145344416257913,-0.0969303895093414,-0.0037895901247671196,0.09314079938457427,-0.0320234822797053,-0.018016612932756228,0.014006869346949072,-0.0316977669595286,0.003943151207798671,0.03564091816732727,-0.0630841382107352,-0.01543534038542221,0.04764879782531299,-0.0883345380441112,0.006595311645906708,0.09492984969001791,-0.0517968538767878,0.009507835537260189,0.061304689414047986,-0.1049405257874895,0.009499891690451779,0.11444041747794127,-0.0390378685997329,0.005062537269058101,0.044100405868791,,0.03486057346304968,,-0.0977040175556008,0.016727115099488262,0.11443113265508907,,-0.04000522524449363,,-0.1390893408061252,0.024857783767903485,0.16394712457402869,-0.1383255659575915,0.025526766295607642,0.16385233225319912,-0.1237928594055721,-0.004508732202433715,0.11928412720313838,-0.0943946424660931,0.01465128027798561,0.1090459227440787,,0.07245725558981767,,-0.0220795477709788,0.006374277710747642,0.028453825481726442,-0.0395009595671536,0.003186427295083294,0.042687386862236894,-0.0032475959766664,0.00801365839251874,0.011261254369185139,0.0001057186729116,0.007144409543977565,0.007038690871065965,-0.0236156382384903,-0.0031299852713569816,0.02048565296713332,-0.1070950069208732,0.013307099123841627,0.12040210604471482,-0.1067975460988273,0.01469947840630442,0.12149702450513172,-0.1366725988828108,-0.017388557297402855,0.11928404158540795,-0.0665020583435942,0.011565600787348359,0.07806765913094256,,0.00824563264945933,,,-0.006484475106453953,,-0.018686912595292,0.004201261832068679,0.02288817442736068,-0.0193671225455795,0.006827938782725506,0.026195061328305007,-0.2537921994567319,0.0411033206896507,0.29489552014638265,-0.1014311820301367,0.016308401027618023,0.11773958305775471,,-0.028019370637199625,,0.004884099093475,0.006844926867146843,0.0019608277736718437,-0.1083786816133478,-0.0010717468878785157,0.10730693472546927,-0.099460130279916,-0.004103663970220238,0.09535646630969577,-0.1705792997128422,-0.00477374851998762,0.16580555119285456,-0.0353708161139564,0.007643053512786461,0.04301386962674286,-0.0326423250429609,0.008353216191260893,0.04099554123422179,-0.0209952551225443,-0.04112488250801078,-0.020129627385466482,0.0158532747502753,0.01777720987710758,0.001923935126832279,,-0.000694012621771324,,-0.0944995069204532,0.00802842363734475,0.10252793055779795,-0.117059905055566,0.001922835218681751,0.11898274027424775,-0.0188336539001035,0.004886135969870373,0.023719789869973876,-0.0668841535116288,0.014837817207277202,0.081721970718906,-0.0608690353176187,0.015595798913627005,0.0764648342312457,-0.2057355047021703,-0.011415606385706656,0.19431989831646365,,0.005678398157524845,,-0.1329848256305962,0.010227054251499033,0.14321187988209522,-0.0135520525629832,0.0071814021321223425,0.02073345469510554,-0.0076963539250218,0.009077012905114099,0.0167733668301359,-0.0550768309766677,-0.00546730574811621,0.049609525228551485,-0.0711455842730616,0.0076915924553593255,0.07883717672842093,-0.0698351486379499,-2.1145135383224788e-05,0.06981400350256668,-0.0903383691264021,-0.01817533311857077,0.07216303600783133,-0.0071329797337378,0.002941670645152881,0.01007465037889068,-0.0072496921098894,0.004120653717602523,0.011370345827491923,-0.0128408541519552,-0.004849116911288125,0.007991737240667075,-0.0503924915824617,0.006731498336140661,0.05712398991860236,-0.0378369521751452,0.007222674780150417,0.04505962695529561,-0.0159018425911143,0.001716114547589446,0.017617957138703746
2019-07-01,,0.003084278047913989,,0.0797675518880801,0.0138958913656073,-0.0658716605224728,0.0386248277882828,0.012560566027803598,-0.026064261760479202,0.0906426194702474,0.012223345707208419,-0.07841927376303899,0.134979622592135,0.02561839066539702,-0.10936123192673798,0.0721995920064965,0.012634875467392828,-0.059564716539103675,0.0729847226929128,0.013205032082660067,-0.059779690610252734,0.0059390624156771,0.004616735460380853,-0.001322326955296247,0.0555788850351708,0.011953190620344134,-0.043625694414826666,0.0564270105301512,0.012647476946035005,-0.043779533584116195,0.0241495787077117,-0.015372438952154963,-0.03952201765986666,,0.007256154913319407,,0.1178612055205064,0.01049946727799326,-0.10736173824251313,0.1131326632069724,0.007849556707338555,-0.10528310649963385,0.130467412250098,-0.0032096873112820523,-0.13367709956138005,0.0465540121863892,0.008033467037501633,-0.03852054514888757,-0.0222219582919279,-0.005826238487197275,0.016395719804730625,0.0742993481948435,0.013738242133966948,-0.06056110606087656,0.033288299467802,0.020383317695393508,-0.01290498177240849,0.1203052889005359,0.019275575073899136,-0.10102971382663677,0.0719175764401103,0.01107766285901563,-0.060839913581094675,,0.021882487366071002,,0.1108808765718443,0.01615450735618351,-0.09472636921566079,,-0.046913229603542946,,0.1266801445369305,0.016554400369722208,-0.11012574416720829,0.1263539308352795,0.01682988818558377,-0.10952404264969572,0.0217488702807031,-0.015596170122757673,-0.037345040403460775,0.0635674275258575,0.01608002572794286,-0.04748740179791465,,0.022626509263223044,,0.0343248179152946,0.007313875593334014,-0.027010942321960583,0.072785514827239,0.016054213307827844,-0.05673130151941115,0.0469287216025221,0.01348642501468829,-0.03344229658783381,0.0416496329302963,0.014564651514883573,-0.027084981415412726,0.0325843492126178,0.007473525861829329,-0.02511082335078847,0.1179131844349525,0.017012288496044723,-0.10090089593890778,0.1215007920069815,0.01833116364296961,-0.10316962836401189,0.0320967325371174,-0.008812037660874319,-0.04090877019799172,0.1151629279171281,0.011366199846523302,-0.10379672807060479,0.1158617461225769,0.011449964899660025,-0.10441178122291687,0.0898782321740813,-0.011435061934327384,-0.10131329410840868,0.0945224118812681,0.008474193912631661,-0.08604821796863645,0.0922135243414201,0.010417983364093402,-0.0817955409773267,-0.042084037887828,0.0027707546364647926,0.044854792524292794,0.1183861024403481,0.022121791980458227,-0.09626431045988987,,0.0004700729303656894,,0.054213044970332,0.010779980612055165,-0.04343306435827683,0.0793785582305329,0.007696664413264612,-0.07168189381726829,0.0805250863342413,0.009356858357867998,-0.0711682279763733,-0.0391483971570291,-0.0037088818370042687,0.03543951532002483,0.057055606797369,0.007783445122111483,-0.04927216167525752,0.0570737905610465,0.008486504561910137,-0.048587285999136365,-0.2099423004489055,-0.043485839237948,0.1664564612109575,0.2034396604643179,0.011422208392746888,-0.19201745207157103,,0.024098059516535854,,0.1010421169343807,0.019812873983216916,-0.08122924295116378,0.1254473517741908,0.002485513750956271,-0.12296183802323454,0.0759142380190898,0.00837638747085574,-0.06753785054823405,0.0723253550937849,0.014981420252228012,-0.05734393484155689,0.0746849678975243,0.01526190773113993,-0.059423060166384364,0.0377598941331766,-0.006500595391291448,-0.044260489524468045,,0.012053924449580214,,0.1610811462473613,0.01551738936703994,-0.14556375688032136,0.0335637211223086,0.012306360481269854,-0.021257360641038746,0.0340738558967154,0.01290749004361154,-0.021166365853103865,0.05365725115336,0.0018816072386050717,-0.05177564391475493,0.0564594700990535,0.010540641648130976,-0.04591882845092252,0.0524173357319531,0.009044712280642886,-0.04337262345131021,-0.023884625720443,-0.009175817290214106,0.014708808430228894,0.0316955870805513,0.008945325481453941,-0.022750261599097356,0.0230324181674646,0.00919636767809991,-0.01383605048936469,0.0220168578386646,0.0013697593169355409,-0.02064709852172906,0.0701818812539989,0.013197129666137798,-0.05698475158786111,0.0645698122842113,0.013857321363645076,-0.05071249092056622,-0.0106478219674956,-0.010886135317784726,-0.00023831335028912624
2019-08-01,0.0095507645873773,-0.00225458899022653,-0.01180535357760383,-0.0191571709282191,0.004430641696137994,0.023587812624357093,-0.000936821249653,0.01730060234882883,0.01823742359848183,0.0199460149564057,0.01247408524491162,-0.007471929711494079,-8.234870167695904e-05,0.00911046591204525,0.009192814613722209,0.0258931499555626,0.0010905597436691125,-0.024802590211893485,0.0263624955552714,0.0009858034697705388,-0.025376692085500863,-0.0197929642829219,-0.00105644194621387,0.01873652233670803,0.0365583912041838,0.010290263931128543,-0.026268127273055254,0.0378133641397483,0.01087129471572658,-0.02694206942402172,-0.0635823275168371,-0.0200306358940855,0.04355169162275159,,0.01594431144405989,,-0.0005635479567431,0.0036692905924624025,0.004232838549205502,-0.0036771672676391,0.018279038932612273,0.021956206200251373,-0.0586418901599121,-0.0016934593220641503,0.05694843083784795,0.0150465593730818,0.007414553709724462,-0.0076320056633573385,-0.0237917518399259,0.015499429250212965,0.03929118109013886,0.0137818393027744,5.6471613911545726e-05,-0.013725367688862854,-0.0034033083573663,0.00929497255653344,0.01269828091389974,-0.0121811462012225,0.0024546345895410104,0.014635780790763511,0.0436531380141863,0.0057937749456975305,-0.03785936306848877,,0.05386308777074465,,-0.0108863237845392,0.011610383390211476,0.022496707174750677,,-0.04382794777126345,,0.0589872301577918,0.010723679539808906,-0.048263550617982896,0.0597393170055179,0.011148987631618432,-0.04859032937389947,-0.0130252561549786,-0.02498979291374826,-0.011964536758769661,-0.0410258131373001,0.014046473041679799,0.0550722861789799,,-0.00022808080044588023,,0.0280869336984884,0.008649109892981814,-0.019437823805506585,0.0408657669005597,0.010007473022185865,-0.030858293878373834,0.0203617380238903,0.00288373517679913,-0.01747800284709117,0.0218195186267338,0.003777473451260599,-0.0180420451754732,-0.0234039040610837,0.009570470192259808,0.03297437425334351,0.0055951035454622,0.00420132213621297,-0.0013937814092492302,0.0081237175978994,0.004709639100578836,-0.0034140784973205633,-0.0879577097752798,-0.0021088022582661575,0.08584890751701364,-0.0445184702397129,0.0014357355822817047,0.0459542058219946,-0.0502665082257567,0.014951226752157277,0.06521773497791397,-0.0434360641732764,0.02165629061455014,0.06509235478782655,0.0245163824634855,0.010388412892145123,-0.014127969571340377,0.0235071687639436,0.007249676803160901,-0.016257491960782702,-0.0374395949748761,-0.021306080147785653,0.01613351482709045,-0.0595469568552963,-0.005352076256553146,0.05419488059874315,,0.017729646218957475,,0.0283938635569374,0.012071494199895916,-0.016322369357041483,-0.021437642028323,0.002827008174974599,0.0242646502032976,-0.019091200151001,0.01443954839478257,0.03353074854578357,-0.0887937647858483,-0.02089122295930877,0.06790254182653953,-0.0372220662663881,0.005845006055061636,0.04306707232144973,-0.0364594040242048,0.0061105445055060605,0.04256994852971086,-0.0836260013161552,-0.01733400117579671,0.06629200014035849,0.024605440673101,0.018068866813928365,-0.006536573859172636,,0.03841932895005059,,0.0374570639612284,0.006319664696325395,-0.031137399264903005,0.1423577400338453,0.008077858288633773,-0.13427988174521152,0.0477571420906161,0.009253747379746357,-0.03850339471086974,0.0053147176421178,0.006971147110314001,0.0016564294681962006,0.0039744423670652,0.007832662570833416,0.0038582202037682157,0.0395067430782774,-0.02155981970859506,-0.06106656278687246,,0.021560264817606922,,-0.0375226121629693,0.004044476522874311,0.04156708868584361,0.0195900449045873,0.005583233517944653,-0.014006811386642646,0.0212342353595454,0.005882743343889029,-0.015351492015656372,-0.0314422771937266,-0.007991456398366717,0.023450820795359886,0.0209266853317051,0.004517905025644157,-0.016408780306060945,0.0220170191431374,0.016662461642813892,-0.005354557500323508,0.0483386892642519,-0.006229296989899169,-0.054567986254151074,-0.0140746554353608,0.007335755187058528,0.02141041062241933,-0.0248907321747399,0.008223258151647388,0.03311399032638729,-0.0380481905216425,0.0007336313286393809,0.03878182185028188,0.0016595071736163,0.010674305583836651,0.009014798410220352,0.0029822040154238,0.01200310472127318,0.00902090070584938,-0.0213437105015024,-0.00850799538401258,0.012835715117489821
2019-09-01,-0.0201152538166356,0.035018530809389915,0.055133784626025514,-0.0035346119147273,0.012495383112516746,0.016029995027244046,0.0089884930124692,0.01818884975278356,0.009200356740314362,-0.0478780179818104,0.01573807109508413,0.06361608907689453,-0.0550521426702996,0.020185625778886246,0.07523776844918584,-0.0515312464904849,0.018313013029453745,0.06984425951993864,-0.0504046765125857,0.02036165581499381,0.0707663323275795,-0.0301091210354189,0.003973965285728345,0.034083086321147246,-0.0106555278329967,0.01134173423811571,0.02199726207111241,-0.0053109533008061,0.01248406880299032,0.01779502210379642,-0.0992658017668433,-0.022919642149834416,0.07634615961700889,,0.004264456489419519,,-0.0539966715262699,0.013210566537365173,0.06720723806363507,-0.0450212325227025,0.01590175793581388,0.06092299045851638,-0.1286294220955808,-0.007005853116688301,0.12162356897889248,0.0092288470850645,0.003673487065557734,-0.0055553600195067665,-0.1004013918627035,-0.025130649843972383,0.07527074201873112,-0.0890839020274777,0.026764469940275978,0.11584837196775367,0.0355468596101175,0.02380255882949942,-0.01174430078061808,-0.0278705809406258,0.030117450365636757,0.05798803130626255,0.0230118103630637,0.017008917428625345,-0.006002892934438356,,0.004129345476695804,,-0.0361779688284664,0.015049731657191557,0.05122770048565795,,-0.052498697811954986,,-0.0169732670809513,0.020291917457102838,0.037265184538054136,-0.015133658403604,0.020746978003677967,0.035880636407281966,-0.0554512382491426,-0.017673010535624516,0.03777822771351809,-0.0804732080503943,0.008192433154246628,0.08866564120464093,,0.02154523512034159,,0.0284939922327516,0.013327978509382629,-0.01516601372336897,0.0175535781649124,0.013664426566456452,-0.0038891515984559484,-0.0459205286461921,0.01733248340081143,0.06325301204700354,-0.0533790935456914,0.018341326849669954,0.07172042039536135,-0.0391002661768381,-0.0018091404030673992,0.0372911257737707,-0.05192537864342,0.02569399034651709,0.07761936898993708,-0.0441572476800971,0.02782861136036794,0.07198585904046503,-0.1771123466620352,-0.028448042792432692,0.14866430386960253,-0.0102888559503927,0.021473629064497502,0.0317624850148902,-0.004326493926997,0.02157211300674084,0.02589860693373784,-0.0665077682738868,-0.02216246604893144,0.044345302224955356,0.0131023523177735,0.009962494375085127,-0.003139857942688373,0.0177112312136966,0.013375857678441674,-0.0043353735352549255,-0.1390636817529208,-0.0176156993584069,0.1214479823945139,-0.0844441335613032,0.03163357325530524,0.11607770681660845,,-0.0420961044998775,,-0.0225574102020388,0.018532012107351142,0.041089422309389945,-0.0808994229940096,0.019237130256849214,0.10013655325085881,-0.0722746097174737,0.019718764063567297,0.091993373781041,-0.1543693922292136,0.0019231006784055462,0.15629249290761912,-0.0009011013467121,0.014745316195731226,0.015646417542443326,0.0028104387794988,0.016729561684622928,0.013919122905124127,-0.1758163289643647,-0.08020205849154247,0.09561427047282223,0.1483259055532965,-0.0040701588500339,-0.1523960644033304,,-0.012155066159267505,,-0.0488871160307444,0.018190586993487478,0.06707770302423188,-0.1097038203641521,0.011357790297209461,0.12106161066136156,0.0290793877029832,0.015703939385549037,-0.013375448317434164,-0.0046037445850367,0.021985325993923156,0.026589070578959855,5.43069883760061e-05,0.022762105996627376,0.02270779900825137,-0.000695540430898,-0.013757074051179562,-0.013061533620281562,,0.00979338200899632,,-0.107652024217125,0.024829050926073713,0.1324810751431987,0.0292682923703852,0.01561018901865286,-0.013658103351732339,0.0399104836563132,0.016247135196837733,-0.02366334845947547,-0.0645944889770141,0.002906096202873373,0.06750058517988747,-0.0435010917573238,0.019170144636818716,0.06267123639414252,-0.0449203363264849,0.013380144717932993,0.058300481044417894,-0.1156512170519529,-0.04584843093717304,0.06980278611477986,0.0359822313930612,0.01142294095467317,-0.024559290438388028,0.0473507958966144,0.01044760190264193,-0.036903193993972475,0.0325901317085904,0.008687990015744263,-0.02390214169284614,-0.0238533827158994,0.015309168302477468,0.03916255101837687,-0.01291635555837,0.0164841885356425,0.0294005440940125,-0.0458010516117341,-0.02346195279816714,0.022339098813566962
2019-10-01,-0.0295889945207437,0.01820509983993996,0.04779409436068366,0.0317491237391818,0.00589344768450566,-0.025855676054676143,-0.0053498485653653,0.01043496440714007,0.01578481297250537,0.094942027383587,0.009586683754503734,-0.08535534362908326,0.0598898357246511,0.015386298639206106,-0.044503537085444994,0.0470556893680845,0.005442799853071497,-0.041612889515013005,0.0470908905516651,0.005614894870086406,-0.04147599568157869,0.0572014129394277,-0.004711950010035359,-0.06191336294946306,-0.0165198240395346,0.014208940306953174,0.030728764346487775,-0.0141804076758183,0.01487736214487959,0.02905776982069789,-0.0287734280727499,-0.013414668026761974,0.015358760045987926,,0.0012788931283283515,,0.0565564287810299,0.006273285489466722,-0.05028314329156318,0.0540017640240683,0.006066935868834857,-0.047934828155233436,0.1219328616726086,-0.014979989509359573,-0.13691285118196816,0.0123894255961917,0.0067398134131169025,-0.005649612183074797,0.0569504844726645,-0.012123187239548592,-0.0690736717122131,0.046214614465293,0.004331635764901934,-0.041882978700391066,0.0807518427203621,0.009497180414840347,-0.07125466230552174,0.0631866918333299,0.005623295948727961,-0.05756339588460194,0.0175567932477834,0.0031359281950911672,-0.014420865052692232,,0.02864188498236405,,0.0463393589062494,0.011691936160999705,-0.03464742274524969,,-0.04833121454019735,,0.047561111493492,0.01996427858447616,-0.02759683290901584,0.0484264149434087,0.020702033247496938,-0.02772438169591176,-0.073925246241956,-0.010787280359048235,0.06313796588290777,-0.0389587216664729,0.013296432364537114,0.05225515403101001,,0.023167833657214768,,0.0034877443661222,0.005890412633307243,0.002402668267185043,0.0265161527888549,0.0021982486360273795,-0.02431790415282752,0.0110077487000054,0.00477797341305828,-0.0062297752869471205,0.0049800467062247,0.004600508361235179,-0.00037953834498952177,0.0750359484156691,-0.00025707466268829653,-0.0752930230783574,0.054815870549318,0.008346820357123322,-0.04646905019219468,0.0553167968095316,0.00920119899286826,-0.04611559781666334,0.0224909454783593,-0.01686852777829783,-0.03935947325665713,0.036952894386932,0.00901033031181081,-0.02794256407512119,0.0402518523482854,0.014202363990980309,-0.02604948835730509,0.0054020778584938,0.009766505991845545,0.004364428133351745,-0.0136139780715802,0.007876909240521613,0.021490887312101813,-0.0111806293160531,0.00862478649205314,0.01980541580810624,-0.0047506848419853,0.027396527114155623,0.032147211956140925,0.0334609945393745,0.008521417885498195,-0.024939576653876302,,-0.01940350030666728,,-0.0013801660537385,0.007776456562654438,0.009156622616392938,0.0519987759362811,0.003299797347066964,-0.04869897858921413,0.0514604106861989,0.0067274886415918216,-0.044732922044607076,-0.0009963471681501,-0.009998992971172955,-0.009002645803022855,-0.0105367352306749,0.009161282611632836,0.019698017842307736,-0.008513974452135,0.009608825578528121,0.01812280003066312,-0.1093932432199777,-0.029043904282176434,0.08034933893780127,-0.0943409796158579,0.016830353253695536,0.11117133286955344,,0.000783788635545114,,0.035025570967822,0.0056795406329418485,-0.029346030334880154,0.0605094188919044,0.008113880571011905,-0.0523955383208925,-0.0271138339864869,0.009736041107362587,0.03684987509384949,0.0032622246632146,0.012819164354292735,0.009556939691078134,0.0011957422505596,0.013799568951057635,0.012603826700498035,-0.0109633956495036,-0.020183609719951562,-0.009220214070447963,,0.009359097656731845,,0.0503649625153424,0.004518618638809086,-0.045846343876533316,0.0113383522996866,0.006404393409163772,-0.004933958890522828,0.0038864561153068,0.007855441514361745,0.003968985399054945,0.0322104061008154,-0.007635682511747262,-0.03984608861256266,-0.0034804828707416,0.007732329842723507,0.011212812713465107,-0.0083282817668273,0.009046252695317248,0.01737453446214455,0.0226644153126833,-0.013120864846568825,-0.03578528015925213,0.0372007476538113,0.0055780114486052405,-0.03162273620520606,0.0376412516614686,0.0069048093635142044,-0.0307364422979544,0.0337407300822277,-0.0012954681014146398,-0.03503619818364234,0.0467690157807153,0.007406262892897286,-0.039362752887818014,0.0445622378728442,0.008376585426497354,-0.03618565244634685,-0.0262033966864419,-0.0024777724422540624,0.023725624244187837
2019-11-01,-0.0491691797466017,0.005684394967118309,0.05485357471372001,-0.0147603016550452,0.015386679124567142,0.030146980779612344,0.0021296095103411,0.004716549275327318,0.002586939764986218,-0.0322321094709025,0.009249725066902293,0.041481834537804796,0.0706689919476953,0.030285123338571807,-0.04038386860912349,0.0311247968359003,0.010930296213499708,-0.020194500622400594,0.0315104117804171,0.010698152918295399,-0.0208122588621217,-0.000898202253204,-0.00043080184995880383,0.0004674004032451962,0.0197969055753074,0.01631010023822373,-0.003486805337083669,0.0210165431874364,0.01670666018126537,-0.004309883006171029,0.0092937644917884,-0.005875947840155377,-0.015169712331943776,,-0.0011170088325171401,,-0.0034871867128609,0.010668201624497354,0.014155388337358254,-2.2333552544830885e-06,-0.0029076445694986262,-0.0029054112142441434,0.0704218411916643,-0.011418671944182656,-0.08184051313584695,0.0103731957414291,0.010148887271085425,-0.00022430847034367492,0.022004524634152,-0.010472768101456115,-0.032477292735608114,-0.0021402343812508,0.007228638136541057,0.009368872517791857,0.0294927891082631,0.013227117948741382,-0.016265671159521718,0.05206997026821,0.010931277931805778,-0.04113869233640423,-0.011976680702185,0.003135976594467381,0.015112657296652381,,0.02905346925539507,,0.0439812680636498,0.017152508429570053,-0.026828759634079744,,-0.047970058082226257,,0.0760272166484279,0.022513735403591417,-0.053513481244836486,0.0788191369576224,0.02305719072053592,-0.055761946237086475,-0.0041680231078936,-0.004757222340493146,-0.0005891992325995458,0.0571445368945435,0.02117136903066056,-0.03597316786388294,,0.030593818213646023,,-0.0426403390775647,0.0032191791436827887,0.04585951822124749,0.0207632452673038,0.00895119255486208,-0.01181205271244172,0.0349733133707862,0.00903211390223923,-0.02594119946854697,0.0547822912605676,0.009022759548534322,-0.04575953171203328,-0.025043722278904,-0.0005572622421096405,0.02448646003679436,0.053741119833756,0.01227501235224809,-0.041466107481507905,0.0606977018134538,0.01324262513878644,-0.047455076674667356,-0.0429485823845765,-0.008938406590627312,0.03401017579394919,0.0062741831017993,0.009402209981183409,0.003128026879384109,,0.006162767598783576,,,-0.010263767758432706,,0.0117398859657795,0.006569201687047129,-0.005170684278732371,0.0119191094410066,0.00800379950196429,-0.00391530993904231,-0.0414455813330608,0.044702036073919135,0.08614761740697993,-0.012071697706317,0.022620811992329983,0.034692509698646984,,0.0061420494221541035,,-0.0132966263075545,0.0036301511981656287,0.01692677750572013,-0.0307556727427634,-0.0009602506111149889,0.029795422131648413,-0.0254011168908497,-0.0021122009285596396,0.02328891596229006,-0.1006580366601158,-0.005467714170048087,0.09519032249006772,0.0493765558428917,0.006130423337523215,-0.04324613250536849,0.0512685692923764,0.006005376430181696,-0.045263192862194705,-0.1778743573104678,-0.02348593283683495,0.15438842447363285,0.0513166129996481,0.024368427278261863,-0.026948185721386235,,0.03005034989593469,,-0.0205773588412133,0.016204391239915322,0.03678175008112862,-0.0631281497260073,0.001637467553156543,0.06476561727916384,-0.0600971338100076,0.006424239295806081,0.06652137310581369,0.011185170200441,0.011852120447771808,0.0006669502473308081,0.0123236894286073,0.012326949202364861,3.259773757561743e-06,-0.0228388277272173,-0.007886860802200706,0.014951966925016593,,0.012888039543333663,,0.0375388042526703,0.010894855040937991,-0.026643949211732312,0.0117845598115349,0.010020288716875178,-0.0017642710946597223,0.0095952408690256,0.01159874569290038,0.0020035048238747806,-0.0218500549718412,-0.0008443383080855725,0.021005716663755628,0.007097049746961,0.00767523914423511,0.0005781893972741101,0.0038236184283716,0.005170582102047835,0.0013469636736762355,0.0469482970213961,0.00167587773168614,-0.04527241928970996,-0.0108600688142271,0.006238709186206246,0.017098778000433346,-0.0008556656113736,0.0074596174186779395,0.008315283030051539,-0.0473649684700205,-0.0037785558273498773,0.04358641264267062,0.0108912860741594,0.008658210966264405,-0.002233075107894996,0.0173932803265118,0.009090790453625874,-0.008302489872885926,-0.0071342588952011,0.0006007082216379727,0.007734967116839073
2019-12-01,-0.0090074487923407,0.024867228029948313,0.033874676822289014,0.071510490592059,0.013055543576505313,-0.058454947015553683,0.009300054703683,0.01113735045631117,0.0018372957526281708,0.0586255601858763,0.012912571560276202,-0.045712988625600096,0.039761011584737,0.023115784273888055,-0.016645227310848946,0.03793551418527,0.013277243383748078,-0.02465827080152192,0.0385801890862085,0.014043070452716196,-0.024537118633492304,0.0267224752227791,-0.0004781142441041585,-0.02720058946688326,0.0552544313506369,0.014772258101288877,-0.040482173249348025,0.0544512727313654,0.015492632844708018,-0.03895863988665738,-0.0076569121884961,-0.013608263225795725,-0.005951351037299625,,0.0008794173493492823,,0.0352626309110552,0.011616184151005885,-0.023646446760049317,0.0400512247926882,0.007207843309168731,-0.03284338148351947,-0.0732605968925846,-0.011057679381914296,0.06220291751067031,0.0233081345460039,0.0068215984972009825,-0.016486536048802916,0.0054889909541749,-0.01679934195513754,-0.02228833290931244,-0.0042282831400014,0.015203603540004966,0.019431886680006366,0.0190993084324219,0.015004836632433299,-0.0040944717999886,0.0327784257798514,0.01725892987236977,-0.01551949590748163,-0.0076784250730493,0.00825763468187118,0.015936059754920483,,0.02453211270456248,,0.0878861242367526,0.0160986211243198,-0.0717875031124328,,-0.05018234377364853,,0.0604392690112579,0.022932081146374052,-0.03750718786488385,0.0617003834321859,0.023552129231110653,-0.038148254201075246,0.0381389847237337,-0.010347310858871509,-0.048486295582605206,0.0654211779372197,0.015008048584422508,-0.050413129352797195,,0.024875289762607333,,0.0389483798491167,0.00895573656047251,-0.02999264328864419,0.0981550503332181,0.008504042362103403,-0.0896510079711147,0.0582281524567363,0.010866280471337008,-0.04736187198539929,0.0700157098803876,0.011011834182799487,-0.059003875697588117,0.0475497647790959,-0.004812319802041998,-0.0523620845811379,0.0308033022200539,0.01714936621414573,-0.013653936005908168,0.02917249523212,0.018612333184292007,-0.010560162047827993,-0.0419199004480093,-0.019959552595462313,0.021960347852546986,0.0562243553816588,0.014805902660362904,-0.04141845272129589,0.0505459830734943,0.014676152439574448,-0.03586983063391985,0.104798811869135,-0.01238926395846433,-0.11718807582759934,0.0387540709601802,0.008557578232013953,-0.030196492728166248,0.0307908944276283,0.00986210396350342,-0.02092879046412488,0.0831746299608787,0.015390071275545543,-0.06778455868533315,0.0147008782436734,0.024141960878144852,0.009441082634471453,,-0.01764450617526836,,-0.0170470936781297,0.011091026230787318,0.02813811990891702,0.0267570092447502,0.007594253482694305,-0.019162755762055894,0.032600516090028,0.008220841247461969,-0.024379674842566035,-0.115745963400238,-0.004859583108913989,0.11088638029132401,0.0451398251333424,0.010777207608081416,-0.034362617525260986,0.0417889891456247,0.011599011497937574,-0.030189977647687126,0.0021005207562623,-0.04733318707351166,-0.04943370782977396,-0.0208664520341803,0.013159308222557007,0.03402576025673731,,0.011025414504158655,,0.0609978299928118,0.013861735802837356,-0.04713609418997444,0.0205178543814261,0.009004050055956574,-0.011513804325469527,0.0163153719177272,0.012063344045162998,-0.0042520278725642,0.0157629038957794,0.015562483329300438,-0.00020042056647896246,0.0143033871742179,0.016441487657787197,0.002138100483569298,-0.0260853859276518,-0.014833981757197209,0.011251404170454593,,0.014564143914377095,,0.0368845428249682,0.017084308587931737,-0.01980023423703646,0.0141234582092431,0.01186506773500686,-0.0022583904742362413,0.0153170465930049,0.013177361107582155,-0.002139685485422744,0.02107883101683,-0.0009531526642747011,-0.0220319836811047,0.0261953195426548,0.013194031984801556,-0.013001287557853245,0.0244896799443893,0.010819328286562591,-0.013670351657826709,-0.0688604109917778,-0.025080739432716256,0.04377967155906154,-0.0080859818022538,0.008467409070974843,0.016553390873228643,-0.0029966311743638,0.008699163780095375,0.011695794954459174,0.0739388011354994,0.0023984420104794756,-0.07154035912501992,0.0214066232870086,0.010997952902471962,-0.010408670384536639,0.0230426362837166,0.01196218428003636,-0.011080452003680241,-0.0195603172260528,-0.00996823868123309,0.009592078544819709
2020-01-01,0.1051467468906913,-0.026746236769246055,-0.13189298365993735,-0.0417966291065159,0.010512050064675878,0.05230867917119178,0.0154507463101655,0.009009578404506101,-0.006441167905659399,0.073349306441303,0.009321038202036412,-0.06402826823926658,0.0594942660110621,0.022688102707352758,-0.03680616330370934,0.0213626693197882,0.002911952326827445,-0.018450716992960754,0.0211486102803607,0.00202947226764533,-0.01911913801271537,0.0302725831223744,0.0024557520287298755,-0.027816831093644526,0.0189410904117222,0.010349284976468233,-0.008591805435253966,0.0214004033282449,0.010664846386310208,-0.01073555694193469,-0.0047418193846043,-0.012584862196410158,-0.007843042811805857,,0.012525653336135846,,0.0201880263822752,0.004979549118440685,-0.015208477263834515,0.0136688209487165,0.005005835917481654,-0.008662985031234846,0.0270086133870489,0.00017225262723145852,-0.02683636075981744,0.0112126460059123,0.00980816654007027,-0.00140447946584203,0.0476344056792142,0.017870235844705377,-0.029764169834508827,0.0401254647335298,-0.0020442194490115145,-0.042169684182541314,-0.037107644893022,0.013037733337669812,0.05014537823069181,0.0260723778766712,0.0043253913993225295,-0.02174698647734867,0.0280497196319267,0.004656090722688024,-0.023393628909238677,,0.04905224696607806,,0.0269668960466984,0.01501973505164085,-0.011947160995057549,,-0.04040736663769971,,0.0745788980143605,0.010476971326405054,-0.06410192668795545,0.0757180577103048,0.01063465647970675,-0.06508340123059805,0.0934316850695697,-0.01896309071501371,-0.1123947757845834,0.0503086932984693,0.020306415858730754,-0.030002277439738545,,0.01990757330479575,,0.0327863751884624,0.003008018594235071,-0.029778356594227326,0.0084347311134705,0.015569564202726455,0.007134833089255955,0.0218070876003811,0.006202939351221625,-0.015604148249159473,0.028207699353913,0.007270280344268087,-0.020937419009644912,-0.0032949548426393,0.015525260744638263,0.018820215587277565,0.0330913520157191,0.005261041839850979,-0.02783031017586812,0.0297800941458295,0.0057117735923431865,-0.024068320553486316,0.1035664412108009,0.008761633355075793,-0.0948048078557251,0.0397569795078615,-0.0009416235764517812,-0.04069860308431328,,0.003994596306597011,,,0.008048994499295942,,0.0146241405903502,0.007074351872056168,-0.007549788718294032,0.0192579382433955,0.006037892679634203,-0.013220045563761298,0.0931604850015584,0.005141042224997013,-0.08801944277656137,0.0781031695361988,0.0031714039878892857,-0.0749317655483095,,0.03852043522644165,,0.0450732429396725,0.005223600212155007,-0.039849642727517495,0.0668286822803972,-0.0038606552568977654,-0.07068933753729498,0.0560663634052423,0.0023304124734222576,-0.05373595093182004,0.1434101021670967,-0.015205158274801352,-0.15861526044189805,0.0488488162579516,0.000738874384579318,-0.04810994187337228,0.0487113519424068,0.0003840779186547443,-0.04832727402375205,0.1364117915064163,-0.008199030429238103,-0.14461082193565442,0.1146764159787832,0.024415302888040915,-0.09026111309074228,,0.0569324134759863,,0.0488620360312,0.015310580566507637,-0.03355145546469236,0.0667366733868365,-0.0036602594428590566,-0.07039693282969556,0.0185767143226936,0.0017461378739326142,-0.016830576448760983,0.0129038232083621,0.006024538618408092,-0.006879284589954008,0.0135622182138377,0.006107646368992114,-0.007454571844845586,-0.016055806792535,-0.006453020370271676,0.009602786422263324,,0.016469142322283407,,0.0087451095710529,0.003903009339109681,-0.004842100231943219,0.0128424876699677,0.006471115811553416,-0.006371371858414285,0.0122884761499719,0.006871987345204366,-0.005416488804767534,-0.0166726938828946,-0.003257959632356473,0.013414734250538126,0.0225783808558145,0.0007648545381475596,-0.02181352631766694,0.021965451955411,0.0072142553189399735,-0.014751196636471026,0.0288695376481867,0.01824452128162408,-0.010625016366562618,0.0416714501870507,0.005489628508917526,-0.03618182167813318,0.038836800332038,0.006851872203583499,-0.0319849281284545,0.0411770237199894,-0.00533470013200108,-0.04651172385199048,0.0224485463598867,0.010157984655629112,-0.012290561704257588,0.0182830289234732,0.010651455014871254,-0.007631573908601946,0.0690002447220843,-0.0012709514673392435,-0.07027119618942354
2020-02-01,-0.039071815917567,0.02593490887435779,0.06500672479192479,0.0238840270331518,0.008162763991249999,-0.0157212630419018,0.0573454868729552,0.027389847495625428,-0.029955639377329774,-0.0540134277595232,0.006843760689925235,0.06085718844944843,0.0845620843016316,0.014203051806841107,-0.0703590324947905,-0.0281549477901286,0.009377517564684938,0.03753246535481354,-0.0257293812560446,0.010857267172830297,0.0365866484288749,-0.0348639964683758,0.003951760471290115,0.038815756939665914,0.0565882905240209,0.018452136890050888,-0.038136153633970014,0.0601784311884633,0.019170387304958483,-0.04100804388350482,-0.0062112183189497,-0.016718287269686376,-0.010507068950736675,,0.016091527465189576,,-0.0867755642964029,0.0067803307305288885,0.09355589502693179,-0.0909553384976969,0.020392116107228617,0.11134745460492551,-0.0520646699278279,-0.0028757655099625806,0.04918890441786532,-0.0211012894730235,0.017452503630802516,0.03855379310382602,,-0.007506500760667596,,-0.0322527658186621,0.00509580334021852,0.03734856915888062,0.0996079231705893,0.018700768986378975,-0.08090715418421032,-0.0154203770767227,0.006546469356062708,0.02196684643278541,-7.758221520036812e-05,0.0011582153747680603,0.0012357975899684283,,-0.001978036921008147,,-0.0107214796422638,0.004485932801093395,0.015207412443357195,,-0.06912633639513967,,0.0247141050006288,0.0096242755046749,-0.015089829495953899,0.0282117277781107,0.010227488032605926,-0.017984239745504775,-0.0260618416894984,-0.019681293087176095,0.006380548602322306,0.0099672247929966,0.016916814743679585,0.006949589950682986,,-0.08811750749350838,,-0.0118142091995986,0.0013639545594911096,0.013178163759089711,-0.0227363603807538,0.009327007201685826,0.03206336758243963,-0.0225004235183616,0.004787757352338076,0.027288180870699674,-0.0300112798456525,0.006867630815803603,0.036878910661456106,-0.070393600685752,0.011302483217361712,0.08169608390311371,-0.0463139266457141,0.003319415912528832,0.04963334255824293,-0.0465073501079173,0.0031033447853523865,0.04961069489326969,-0.0944383065786761,-0.008205099189659277,0.08623320738901682,-0.0313561988620197,0.005600905755806675,0.03695710461782638,,0.02120624200751488,,,0.025828354069263655,,0.0009664177144681,0.01569390913625438,0.014727491421786282,0.0009939338727837,0.014630523817892368,0.013636589945108668,-0.0380798711704094,0.013978190429247757,0.05205806159965716,-0.1250472556326062,0.008707014233579485,0.1337542698661857,,0.01947285183551536,,-0.0135829249309166,0.006262334201826405,0.019845259132743005,-0.1136120016384363,0.013427127151026643,0.12703912878946294,-0.1050665938590243,0.02628506185173235,0.13135165571075663,-0.131805143216312,-0.01216040019248044,0.11964474302383157,-0.0272795245975748,0.010832088092998382,0.038111612690573185,-0.0264323307914514,0.01029271645273969,0.036725047244191095,0.0002380994198959,-0.0015491507680326204,-0.0017872501879285204,0.0069258200404454,0.01708657826360625,0.01016075822316085,,0.022231130940287183,,-0.0171415364755349,0.014678653882450156,0.031820190357985056,-0.0112990611636736,0.014655255712850826,0.025954316876524428,0.0266986377734542,0.018084727890355746,-0.008613909883098455,0.0228168988355294,0.010400108556667988,-0.012416790278861414,0.0274526516127795,0.01112182886057065,-0.01633082275220885,-0.1423695201285148,-0.024370331915754773,0.11799918821276004,,0.015525884674171358,,-0.1334393016860813,-0.0024091669102074267,0.13103013477587389,0.0327205924518512,0.009794288493719423,-0.022926303958131777,0.0407916878192263,0.010112618535466416,-0.03067906928375988,-0.0142028906539801,-0.0034127166539992156,0.010790173999980885,-0.0208363018406757,0.009161054712591054,0.029997356553266755,-0.0166483944136272,0.025412929791538974,0.04206132420516617,-0.1591514680846142,0.01705792006047211,0.1762093881450863,0.0480542294310888,0.013635591314787107,-0.03441863811630169,0.0539003310328638,0.015154202337094986,-0.03874612869576881,0.012215997593838,0.005730048375005067,-0.006485949218832934,-0.0260747826481846,0.01176052021610777,0.037835302864292375,-0.015577209448206,0.013154123478332287,0.02873133292653829,-0.0719312246423819,-0.010871530776939791,0.061059693865442105
2020-03-01,-0.0693568945083423,-0.035746184807238804,0.0336107097011035,-0.1224389863433322,0.007712624287426143,0.13015161063075834,-0.0561423191618676,0.03134864192215293,0.08749096108402052,-0.0915151774960704,0.022148743521659152,0.11366392101772954,-0.0670947741430747,-0.0012477844146466064,0.06584698972842809,-0.1048738116105683,-0.007528152755781559,0.09734565885478674,-0.1047143005156662,-0.008846908090668267,0.09586739242499794,-0.0563443731430659,0.0037946460370848964,0.0601390191801508,-0.0588012112436239,0.008339844977562395,0.0671410562211863,-0.0581023151043489,0.0082791609151775,0.0663814760195264,-0.1036488533271425,-0.02653968811901149,0.07710916520813102,,0.04887053176413142,,-0.0851074957988414,0.0017321638254360766,0.08683965962427748,-0.0800240374403021,0.047234856155609926,0.12725889359591203,-0.1420097627178947,0.02832375439314118,0.1703335171110359,-0.0781391029731462,0.013634517089393354,0.09177362006253956,,0.08768141870647597,,-0.1037196102020858,-0.012099702147141081,0.09161990805494472,-0.0983513731854952,-0.001147065173950632,0.09720430801154456,-0.0884314637647713,-0.011887576288631763,0.07654388747613954,-0.0849931566543061,0.0051804672529936705,0.09017362390729977,,0.14646811401930124,,-0.0565740627399529,0.016371115070625716,0.07294517781057862,,-0.036870402524973415,,-0.0875917391696834,-0.002719750967625354,0.08487198820205805,-0.0890955165899601,-0.002691816041534575,0.08640370054842551,-0.0956597871368404,-0.051486159494052455,0.04417362764278794,-0.0314173786686704,0.025394548314774758,0.05681192698344516,,-0.07669863152243142,,-0.0946387335270159,0.016949708424416614,0.11158844195143253,-0.0736126765515299,0.024722674477956723,0.09833535102948662,-0.0885199902376095,-0.006937253230581482,0.081582737007028,-0.0835303320068715,-0.004487432345457806,0.0790428996614137,-0.0411407001622826,0.016059877128446753,0.05720057729072935,-0.0527281595632508,-0.008897557927350625,0.04383060163590017,-0.043732433683146,-0.009529212227622014,0.034203221455523986,0.2149703497931333,0.03449384313310012,-0.18047650666003318,-0.0814700110837355,-0.01783846292963396,0.06363154815410155,-0.0809010073120265,0.015818819581836813,0.09671982689386331,0.048227971324472,0.04729724251636997,-0.0009307288081020285,-0.0834096895467325,0.01872901999126902,0.10213870953800153,-0.0869006494329246,0.0012003338595893978,0.08810098329251399,-0.1257123153069181,-0.12280976994662747,0.002902545360290623,-0.1347669008499025,-0.03562004088707073,0.09914685996283178,,0.13808570445212903,,-0.0669256202561879,0.0202812682033086,0.08720688845949649,-0.1456445862001291,-0.005534969181603788,0.1401096170185253,-0.1412390876400745,0.027485138712920226,0.16872422635299472,-0.1968646574510504,-0.05673692435647224,0.14012773309457816,-0.048496956605925,-0.001867389915489206,0.04662956669043579,-0.0483739220424003,-0.00307489230872652,0.04529902973367378,-0.1090128112346844,0.03573780474684707,0.14475061598153147,-0.0381742662538878,0.0406463115808479,0.0788205778347357,,0.17146050019388304,,-0.083433237410188,0.005291905739559869,0.08872514314974787,-0.2131604248705386,0.01664071355450346,0.22980113842504207,-0.0947090908031066,0.012898214859123614,0.10760730566223022,-0.0582329141333072,-0.01374470031881228,0.04448821381449492,-0.0560996508309597,-0.01244145192688876,0.04365819890407094,-0.1051885483946322,-0.03288061464828195,0.07230793374635025,,0.07290940007658006,,-0.0989585922465388,0.008031107595610234,0.10698969984214904,-0.079825026773091,0.004863082622999835,0.08468810939609084,-0.075977541018223,0.0032110867748547395,0.07918862779307774,-0.0911570733230009,-0.009388741956997461,0.08176833136600344,-0.1029031786787817,-0.0018467415281283245,0.10105643715065338,-0.0965921553288565,0.04335445608143139,0.13994661141028789,-0.1523847806443842,0.009246964479827475,0.1616317451242117,-0.0883963119291306,0.013176197853788912,0.10157250978291951,-0.081328569639126,0.013060673454313942,0.09438924309343995,-0.0847427976006521,0.006269497632973013,0.09101229523362511,-0.1000389172276807,0.017191936038805644,0.11723085326648634,-0.0942766264152819,0.019804427899359673,0.11408105431464156,-0.0514312064679043,-0.017744810768973274,0.033686395698931025
2020-04-01,-0.1074608769451145,0.024137287394022256,0.13159816433913676,-0.3387378001229166,-0.004340826993914427,0.3343969731290022,-0.1699875253507745,-0.010563242209824556,0.15942428314094995,-0.1476465069855735,0.007448208561652781,0.1550947155472263,-0.2192560717886464,0.008224004787625524,0.22748007657627192,-0.22452124627312,-0.004773244947722089,0.21974800132539793,-0.2218780739362444,-0.006087898436788761,0.21579017549945564,-0.2919126422479879,-0.022416358894914182,0.26949628335307374,-0.1133570113906666,0.010838670890797876,0.12419568228146448,-0.1025989105967316,0.011485453906671451,0.11408436450340305,-0.2628220031895351,-0.009107757280526348,0.2537142459090087,-0.0803881883483611,-0.022482335004656778,0.05790585334370432,-0.1692048088468388,0.0010946401031532763,0.17029944894999208,-0.1532112377218832,-0.013831289924882214,0.13937994779700097,-0.3968796061247027,-0.04045284317841382,0.3564267629462889,-0.1271371407485313,-0.0063722461122919655,0.12076489463623934,,-0.029998876558725285,,-0.0997271781094568,-0.004595558886612733,0.09513161922284408,-0.3517616023751059,-0.008554557187173725,0.34320704518793216,-0.2570107916607129,-0.006601755595906298,0.2504090360648066,-0.075998658021852,-0.00308974338009667,0.07290891464175533,,0.05267573413692824,,-0.1957473645855691,0.013051309483813703,0.2087986740693828,,-0.031890222390992776,,-0.0853925233135406,0.032414110120038156,0.11780663343357875,-0.0804987382631645,0.03368975621803418,0.1141884944811987,-0.2203394566648461,0.003011212515073016,0.22335066917991914,-0.1487077468103122,0.005358898729157486,0.1540666455394697,,0.13537375694375692,,-0.0449866120289415,0.00644846967593834,0.051435081704879836,-0.1036889338115197,-0.018667067546806488,0.08502186626471321,-0.1480006291177751,-0.0028463695785181545,0.14515425953925692,-0.1251984055838307,-0.006342736400145965,0.11885566918368473,-0.1081428500452299,-0.01948917461543303,0.08865367542979688,-0.1771323394108076,0.0057326453390237056,0.18286498474983132,-0.1559448103625265,0.007317570110027379,0.16326238047255387,-0.5014509349101486,-0.03620596313067432,0.46524497177947427,-0.0771972828774139,0.010545217756838908,0.0877425006342528,-0.0697609502239325,0.007792585063519659,0.07755353528745215,-0.2742505872090715,0.007571860056714632,0.2818224472657861,-0.090078727081051,-0.002415932526030639,0.08766279455502035,-0.0771091363640892,0.0005102747253872944,0.0776194110894765,-0.2699633138404224,0.07015799062463852,0.3401213044650609,-0.1746100743543805,-0.0010510674505967174,0.17355900690378379,,-0.08448694179030118,,-0.2537558144807462,0.004111426403911064,0.25786724088465723,-0.3606927773406656,-0.010925614671025185,0.3497671626696404,-0.3272532737664319,-0.017246903703868645,0.3100063700625632,-0.5717497550487423,-0.010968653741007112,0.5607811013077352,-0.0261680861625879,0.00775861817368929,0.03392670433627719,-0.0195664695549519,0.009032213911938576,0.028598683466890477,-0.2930888468194612,-0.049032349353223426,0.24405649746623775,-0.0561234820099776,0.017836092581786513,0.07395957459176411,,-0.05197330233523988,,-0.3509505031228273,-0.015487166610744474,0.3354633365120828,-0.1687159994514093,0.003800429335119048,0.17251642878652834,-0.1907799676914471,0.0008326805647661749,0.19161264825621327,-0.0460075290175063,0.013754439428481844,0.05976196844598815,-0.0308355699775193,0.015483681522603796,0.046319251500123095,-0.4154629640074222,-0.02728224984636487,0.38818071416105737,,-0.005239291917123359,,-0.2073876036854312,0.00010404873873995357,0.20749165242417114,-0.1816259306235229,-0.003039311871767309,0.17858661875175558,-0.1442222468707887,0.00038326012282749114,0.14460550699361618,-0.3653867508299039,-0.020624464583377345,0.34476228624652655,-0.1637548385601072,0.003028665917950695,0.1667835044780579,-0.1318165615411722,-0.010846392424416429,0.12097016911675576,-0.3049296964562155,-0.046674574778142325,0.2582551216780732,-0.1465067258474723,-0.006930649009292411,0.13957607683817988,-0.1160221058760166,-0.004773247125489981,0.11124885875052662,-0.3819084837340786,-0.012425582365873418,0.36948290136820516,-0.1961522643832597,-0.0036368106479356733,0.19251545373532403,-0.173956144364073,-0.002970094545150285,0.1709860498189227,-0.266673551352825,0.01220824924184848,0.2788818005946735
2020-05-01,0.0942889677235869,0.022634961849092087,-0.07165400587449482,-0.012848415713682,-0.003366646833257205,0.009481768880424795,0.0774724100221693,0.00131384322586945,-0.07615856679629986,0.0884276434587024,0.004535489052614438,-0.08389215440608795,0.2739463405361582,0.006983496145883758,-0.2669628443902744,0.0864662525504873,-0.00442798544996375,-0.09089423800045106,0.085873561537102,-0.005220472276985445,-0.09109403381408746,0.0205600109849845,-0.016512923659486773,-0.03707293464447127,0.1628622513454286,0.01455303413527045,-0.14830921721015813,0.160938932099861,0.015113835925196892,-0.1458250961746641,0.1593947819847647,-0.009532350495147083,-0.16892713247991178,0.0914203438915255,-0.010005554721840164,-0.10142589861336565,0.1391706913432024,0.0001957309424030818,-0.13897496040079932,0.1401136888046889,-0.004183454857345509,-0.14429714366203442,0.171087286240619,-0.030840903490481675,-0.2019281897311007,0.0792372122640076,0.0030327435692880478,-0.07620446869471954,,-0.02015565471583719,,0.0915445712710219,-0.008902886730223353,-0.10044745800124526,0.2778206309976924,-0.003764647274743635,-0.281585278272436,0.1542486110780212,-0.010746460148159971,-0.16499507122618118,0.1045100672675535,-0.00680293002858332,-0.11131299729613682,,0.03699368092185562,,0.1676534557616551,0.007454370015970794,-0.1601990857456843,,-0.045671238034277375,,0.1482518790584458,0.02371825946152471,-0.1245336195969211,0.1458404447466652,0.0248915005334928,-0.12094894421317239,0.1621408469171014,-0.0031591154741683193,-0.1652999623912697,0.1414305841509032,0.010032094446626555,-0.13139848970427664,,0.05039479505709693,,0.0682416873330447,0.0017192123234370308,-0.06652247500960767,0.105195705583165,-0.013890030254071492,-0.1190857358372365,0.1009108177379526,-0.00496630299959096,-0.10587712073754356,0.1179018827209775,-0.0068458736409947605,-0.12474775636197226,0.0180369976617339,-0.008240645822021886,-0.026277643483755785,0.0943980360257941,-0.0016658709934182522,-0.09606390701921234,0.0817712538062149,-0.0012029976833987514,-0.08297425148961365,0.1299613653027701,-0.024339050875179045,-0.15430041617794915,0.1651085847023391,0.004732022208561224,-0.16037656249377788,0.163488975419645,0.011265195030623731,-0.15222378038902126,0.1658203250815268,0.02719488554122123,-0.13862543954030557,0.1269552054230812,0.0035131920396079073,-0.12344201338347328,0.1227750503322672,0.00427603328224028,-0.11849901705002691,0.2711164963302941,0.06604313389901388,-0.20507336243128022,0.1526263426261077,-0.006273760453249612,-0.1589001030793573,,-0.04433125407344055,,0.134477082555511,0.0011074767915261643,-0.13336960576398482,0.3058249740252313,-0.0066099490150763225,-0.3124349230403076,0.2698603430638521,-0.0046364199054022325,-0.27449676296925435,0.0720054671651337,-0.015401371101575799,-0.0874068382667095,0.1154258764844085,0.0075083163500238494,-0.10791756013438465,0.1121184361547645,0.007653769962812438,-0.10446466619195206,0.1412603224713906,-0.015295329300076883,-0.15655565177146746,0.3928028993709518,0.023192489577405682,-0.36961040979354615,,-0.02735567480204339,,0.1132892791756553,-0.010066388168801607,-0.12335566734445691,0.0866967591686787,0.0075360610875531255,-0.07916069808112557,0.1977649123790016,0.0056838450487497775,-0.19208106733025182,0.2007926336837249,0.009738967728781574,-0.19105366595494333,0.1984642143513034,0.011234535020818424,-0.18722967933048498,0.2180556907121671,-0.030356785139488605,-0.2484124758516557,,0.0005341794950234353,,0.107241596036379,-0.009119023845569245,-0.11636061988194825,0.1072938834416529,-0.0020140133020768616,-0.10930789674372976,0.1052050316276141,0.0005848166246196112,-0.1046202150029945,0.0658409503894872,-0.018884129885351163,-0.08472508027483837,0.0960817195466448,0.0014778815558168857,-0.09460383799082792,0.0872879135567891,0.0011829353330981708,-0.08610497822369093,0.1842558877060703,-0.013858753856241322,-0.19811464156231162,0.0555485045607262,-0.0015681589592261307,-0.05711666351995233,0.0439041926196487,0.0011999186417595358,-0.042704273977889166,0.0588718335999362,-0.008986332269752106,-0.0678581658696883,0.1459348156746759,-0.0012252261297435105,-0.1471600418044194,0.1363485426489849,-0.00030505051261632625,-0.13665359316160125,0.2527392173583229,0.010384859258377191,-0.2423543580999457
2020-06-01,0.0518474084143534,0.029773027417327444,-0.02207438099702596,0.0371778601003805,0.006176597706749457,-0.031001262393631046,0.0713657542073627,0.009216421083443711,-0.06214933312391899,0.1413583025914713,0.01219684946352189,-0.1291614531279494,0.0818986427152257,0.0118518608079069,-0.0700467819073188,0.0293686341023139,0.004106631472302947,-0.025262002630010955,0.0325579885463132,0.004090130948928712,-0.02846785759738449,-0.0122873256613806,-0.009521284056583984,0.002766041604796616,0.0829619185085868,0.015392034669467963,-0.06756988383911883,0.0792441946114667,0.0159236303222458,-0.0633205642892209,0.1345907199450552,-0.013143695140832449,-0.14773441508588764,0.0208672876397744,-0.00013223412504560528,-0.020999521764820003,0.0803473664353331,0.006904874252609111,-0.073442492182724,0.0762816178689081,0.00901861814034643,-0.06726299972856166,0.0594037769224395,-0.01727479749114921,-0.0766785744135887,0.0423789949767167,0.005226519713501644,-0.03715247526321505,,-0.008268494804425966,,0.075058393570076,0.003480723500760365,-0.07157767006931563,0.1789694264825794,0.0010498100969098295,-0.17791961638566958,0.0704734995760573,0.001185409225908967,-0.06928809035014832,0.0320040891924884,0.0002282930431700776,-0.031775796149318324,,0.05385738043122658,,0.0709463853791758,0.013497590215935213,-0.05744879516324059,,-0.0486781460539637,,0.0782888836253754,0.02385457098272519,-0.0544343126426502,0.0801927492220987,0.024821975809094732,-0.05537077341300396,0.1003215296585182,-0.011067333511249774,-0.11138886316976798,0.0284933639648311,0.01431111870132309,-0.014182245263508012,,0.020144825514811317,,0.0396877007636818,0.00910698858585258,-0.03058071217782922,0.0651972200622792,-0.002204262191592956,-0.06740148225387216,0.0444523692782215,0.0001991245842475651,-0.04425324469397394,0.0480808162058344,-0.0007214740950802537,-0.04880229030091465,0.0132367240956639,-0.013162238525873194,-0.026398962621537094,0.0692392438484482,0.006488397307215672,-0.06275084654123253,0.0634597922805181,0.007415287719362569,-0.05604450456115553,0.2558876083983737,-0.020930313679029592,-0.2768179220774033,0.066506537882364,0.008194100310040794,-0.05831243757232321,0.0604277737777753,0.015384225317075288,-0.04504354846070001,0.0094059660092832,0.00822104898992284,-0.0011849170193603594,0.0457942105609762,0.008121070121715077,-0.03767314043926112,0.0471412687531504,0.005354775341602377,-0.041786493411548026,-0.0618577034745815,0.017412682661845095,0.07927038613642659,0.0782041264512367,0.005525326204978046,-0.07267880024625865,,-0.01297976508477169,,0.0971809383205503,0.00929732168787983,-0.08788361663267047,0.0198268940367177,-0.00042275306732350804,-0.02024964710404121,0.0198254641284022,0.005146067566051308,-0.014679396562350892,0.0941537648452294,-0.018815581194420738,-0.11296934603965014,0.0361298071097054,0.009257908091774113,-0.026871899017931286,0.032572923341925,0.0095972630949646,-0.0229756602469604,0.0838861239418023,-0.026270793453248356,-0.11015691739505065,0.017861018132843,0.02279758957506463,0.0049365714422216316,,0.01790758717886284,,0.0122805861611077,-0.0004337830989679066,-0.012714369260075607,0.0709479491562509,0.014366250589580135,-0.056581698566670766,0.0338176407063679,0.01236323527372106,-0.021454405432646838,0.0452337279613353,0.008415550773438783,-0.03681817718789651,0.0411889733587911,0.010048925699307834,-0.031140047659483264,-0.0321569508015638,-0.029629680730321125,0.002527270071242673,,0.02250803273457936,,0.0586251304902195,0.00861437927074919,-0.05001075121947031,0.0366743880601678,0.005462721954547656,-0.03121166610562014,0.0406310924495446,0.0072761201797169614,-0.033354972269827636,0.0473180751796486,-0.010755804210827573,-0.058073879390476174,0.0750438815831356,0.00845016034242635,-0.06659372124070925,0.079259705536676,0.014013185839088832,-0.06524651969758716,-0.136205369500187,-0.029228610886675267,0.10697675861351173,0.0416997788060799,0.005076836727380552,-0.036622942078699344,0.0441948534835037,0.0060163303003464095,-0.038178523183157294,0.0234047840569084,-0.0004452166259846907,-0.02385000068289309,0.0874866812710363,0.005923360646278917,-0.08156332062475738,0.0939698242056226,0.007386731082227625,-0.08658309312339497,0.2007192329791524,-0.004171554302162859,-0.20489078728131527
2020-07-01,-0.0263680451980823,-0.017501761738447915,0.008866283459634385,0.0645075798477479,0.01071824083889739,-0.05378933900885051,-0.0058736311197117,0.0009432308975480903,0.00681686201725979,0.0183904592231539,0.01302362597187471,-0.00536683325127919,0.1605193026203854,0.02285139656729052,-0.1376679060530949,0.0112667426850214,0.00468151052370522,-0.006585232161316181,0.0107872976655008,0.003822765399852602,-0.006964532265648198,0.0128614632621644,-0.0022797489280413897,-0.01514121219020579,0.0550755115735774,0.006738288680815436,-0.04833722289276197,0.0564940725393628,0.007190465733591242,-0.04930360680577155,0.015233294910387,-0.015080262840298654,-0.030313557750685654,0.0209560097217483,0.0025063547072236487,-0.01844965501452465,0.0170472711698521,0.00684865237926086,-0.010198618790591241,0.0204721362715468,0.0003661480651514961,-0.020105988206395305,0.074084639679231,-0.006878602973979448,-0.08096324265321045,-0.0176355754775708,0.0009110175572580881,0.018546593034828886,0.2338023210393403,0.007230527060891626,-0.22657179397844865,-0.0162378644294994,0.005629552100197144,0.021867416529696544,0.0220867281243426,0.009358229065541318,-0.01272849905880128,0.0548047508788252,0.011083288659429648,-0.04372146221939555,0.0158180631341617,0.008921748828645326,-0.006896314305516373,,0.06165396421882213,,0.0474381398775594,0.019752206613985454,-0.027685933263573943,,-0.03236715564428908,,0.0882018323710311,0.0177812577266881,-0.07042057464434301,0.0918327939748931,0.01803637845070037,-0.07379641552419273,0.1362693752007102,-0.016561578765188222,-0.1528309539658984,0.0202313800156439,0.015176387450777212,-0.005054992564866688,,0.08034272477500401,,-0.0117439148456884,0.008586173915207657,0.020330088760896058,-0.0209632507350677,0.012304660886447216,0.03326791162151492,-0.0054520960566272,0.008511706848884417,0.013963802905511618,-0.0113321662566177,0.008396574792555248,0.019728741049172948,0.0272497974616121,0.0014818073573777061,-0.025767990104234393,0.0493959155346257,0.013590526227835194,-0.03580538930679051,0.0581057810740222,0.015204174172628515,-0.042901606901393684,0.0146966585802213,-0.005382323387706562,-0.020078981967927862,0.029967787766935,0.005559633320957618,-0.02440815444597738,0.0373171624778581,0.0030098965769246298,-0.03430726590093347,0.0978923761498779,-0.015394942237831803,-0.11328731838770971,-0.0341977160744447,0.0025591492707172153,0.03675686534516192,-0.0341690311428025,0.0026559255857449174,0.036824956728547416,0.0804884818752135,-0.0055486647510455634,-0.08603714662625907,0.0881654778699845,0.011120307709959565,-0.07704517016002493,,0.0037391648271179133,,0.0005638374792729,0.00973406215147305,0.009170224672200149,-0.010445756976592,-0.005071782942205207,0.005373974034386794,-0.0134458047565287,-0.005115341564586903,0.008330463191941796,0.0684812611896141,-0.012531763241027408,-0.08101302443064151,-0.0115728265714811,0.001733781643397012,0.013306608214878113,-0.0125240904379329,0.002549158126539792,0.015073248564472692,0.0302911824859659,-0.04540112304254866,-0.07569230552851455,0.0795274067420474,0.01664603323658419,-0.06288137350546322,,0.03945577365860796,,0.0460236561179389,0.011431170370273027,-0.03459248574766587,0.0957306517832563,-0.004087254021745084,-0.09981790580500138,-0.0126737905416798,-0.00010165085648338491,0.012572139685196417,0.0627586525529403,0.00914276540745662,-0.05361588714548368,0.0624492085635174,0.009581004038284971,-0.05286820452523243,0.1173822425321256,-0.006719932411595107,-0.12410217494372071,,0.015730406699859045,,0.0793179311811023,0.01617907030774885,-0.06313886087335344,0.0093127985007874,0.00689890619416661,-0.0024138923066207903,0.0014203163803758,0.007862999596634357,0.006442683216258557,0.0135755385905483,-0.003828385385633975,-0.017403923976182276,0.0130282293379163,0.004302541004039889,-0.008725688333876411,0.0142463036022636,0.0002875332678570778,-0.013958770334406522,0.0661850309671996,-0.0202575755989769,-0.0864426065661765,-0.0460227544502194,0.0020444031342311793,0.048067157584450584,-0.0504290045103662,0.0022856803889785243,0.05271468489934472,-0.0103709249424617,-0.005882082628063774,0.004488842314397927,0.0030638294156715,0.0089682878017712,0.0059044583860997,-0.000688518375519,0.009490892488588747,0.010179410864107747,-0.0616379570261429,-0.0061739641771154175,0.055463992849027484
2020-08-01,0.056474490505011,0.013267680428576605,-0.0432068100764344,-0.0817415457398233,-0.012561370128759151,0.06918017561106415,0.0700634723111639,0.00037893053707288457,-0.06968454177409102,0.0076518826273346,0.007303604806218719,-0.0003482778211158803,0.1908284283625397,-0.0056095508377643,-0.19643797920030398,0.0049036489237216,-0.010861550270428415,-0.015765199194150016,0.0069788149210984,-0.011747865353948091,-0.01872668027504649,-0.0271402367333718,-0.01981629200458298,0.00732394472878882,0.0503161457393745,0.005504105211483526,-0.04481204052789097,0.0498464650011617,0.006379750393398243,-0.04346671460776346,0.0291748505010322,-0.02085365981813071,-0.05002851031916291,0.0384475539096976,-0.008807182226301068,-0.04725473613599866,0.0765120714349642,-0.004716079771009921,-0.08122815120597413,0.083765266093193,0.0006559548221251675,-0.08310931127106783,0.2042114488034369,-0.031596616728494266,-0.23580806553193115,0.0476923082372287,-0.00720717544624136,-0.05489948368347006,-0.0870209109276974,-0.014865455952962217,0.07215545497473518,0.033292784789043,-0.00907282327297081,-0.04236560806201381,0.1577071883110556,-0.006015735775482439,-0.16372292408653805,0.0952269041567066,-0.009990988795286057,-0.10521789295199264,0.0784062614791548,-0.0002829574636082967,-0.0786892189427631,,0.05081717142592444,,0.0553272155408141,0.006527019628338333,-0.048800195912475766,,-0.032451289552412506,,0.1014823110480351,0.019952688460814636,-0.08152962258722046,0.1019669904296697,0.020997527156410515,-0.08096946327325918,0.0648618199747934,-0.013235573139548358,-0.07809739311434176,0.0420245739361419,-0.0008730466586760026,-0.04289762059481791,,0.10084927157212523,,0.0596767956888088,0.007367501634148039,-0.05230929405466076,0.0782795588422529,-0.015215320258332225,-0.09349487910058513,0.0360792363655322,-0.005118756140886095,-0.0411979925064183,0.0282316133179623,-0.007267252962422323,-0.03549886628038462,-0.0415205349724945,-0.00509603996814302,0.03642449500435148,0.0923666798961066,0.00024336230992729222,-0.09212331758617931,0.1045584597229018,0.0013885819219448686,-0.10316987780095693,0.0408952328762554,-0.02966076392373679,-0.0705559967999922,0.105193573544834,0.004610833122373938,-0.10058274042246006,0.0985683857044938,0.013597044143297033,-0.08497134156119678,0.103977762282123,0.03057887554345064,-0.07339888673867237,0.0899503740288384,0.00026097316265146327,-0.08968940086618694,0.0926904924586299,0.001761026678686832,-0.09092946577994307,0.0370310652598567,0.025083114034115967,-0.011947951225740733,0.039760508296415,-0.01899562497956678,-0.05875613327598178,,-0.07712786916770206,,0.07968548417642,0.008546071755541979,-0.07113941242087803,-0.0462671695091942,-0.005289913626674791,0.04097725588251941,-0.0581418538232403,-0.002794709879815079,0.05534714394342522,-0.0327725472443991,-0.017722193580709093,0.015050353663690005,0.0223013067196789,0.007060110916564938,-0.015241195803113962,0.0282279675054255,0.00860835857219849,-0.01961960893322701,-0.0127257574365268,-0.0458496221676828,-0.033123864731156,0.1516276633587339,0.008494087836902722,-0.14313357552183117,,-0.05435455121245912,,0.0091150376881173,-0.01849396248913653,-0.02760900017725383,0.0540675263307879,0.005028195394946303,-0.0490393309358416,0.0536110518565886,0.0017867671644642346,-0.05182428469212436,0.1133193711236311,0.011884931342974123,-0.10143443978065697,0.1128331330634534,0.013499113229837193,-0.0993340198336162,-0.077819688053768,-0.03302132472694854,0.04479836332681946,,-0.006393318356605966,,0.0829650343798646,-0.007852887759626937,-0.09081792213949154,0.0304242875930983,-0.0057765591542035515,-0.036200846747301854,0.0338845837898239,-0.003609648962029389,-0.03749423275185328,-0.0404954167090881,-0.023956658579481652,0.016538758129606448,0.0909091660909591,0.00017688203498745207,-0.09073228405597165,0.1061295812221597,-0.004192983927178832,-0.11032256514933853,-0.1054773059114516,-0.04220503067368778,0.06327227523776383,0.0636407594930491,-0.005587754576657886,-0.069228514069707,0.0804025734363883,-0.0035224275038071716,-0.08392500094019548,0.0215649224480987,-0.00936252351896751,-0.03092744596706621,0.0435428239196574,-0.0015087825025017414,-0.04505160642215914,0.0433157199152597,-0.0004170557052050918,-0.04373277562046479,0.0562455620704482,0.003980163680603158,-0.05226539838984504
2020-09-01,-0.0044077269404669,0.01644005988966838,0.02084778683013528,0.0829838259981865,0.009802026430393285,-0.07318179956779322,0.0145167035405611,0.01799918745181896,0.0034824839112578606,0.1342764139541478,0.006600205611879975,-0.12767620834226784,0.4254142475923479,0.019407489728855552,-0.4060067578634924,0.0713987060222399,0.009297692071627282,-0.06210101395061261,0.0731433754484572,0.010221935591993293,-0.06292143985646391,0.0052726724474606,0.0018330971781921118,-0.003439575269268488,0.0980835202011503,0.016027295748284653,-0.08205622445286564,0.1016257497731689,0.01665969503569809,-0.08496605473747082,0.0248080970148235,-0.014454557805756364,-0.03926265482057986,0.0336667311981982,0.00866092169055952,-0.025005809507638678,0.0512374078026812,0.007183273310751283,-0.044054134491929915,0.0482008890974572,0.010580405823056083,-0.037620483274401116,0.1571347869458503,-0.006748456513798725,-0.16388324345964903,0.0522946612492326,0.013310167475840046,-0.03898449377339255,0.0610860677234183,-0.010564611381973395,-0.07165067910539169,-0.0482481841882342,0.005687884371664102,0.0539360685598983,0.063939100193343,0.016731697773191178,-0.04720740242015181,0.0729280272476781,0.008426681942686193,-0.06450134530499191,0.0561412368903251,0.0016323774006360833,-0.05450885948968902,,0.0055593252091814685,,0.0994061494276489,0.008031730310171181,-0.09137441911747772,,-0.06227394820401575,,0.1646595300576002,0.012847749019190322,-0.15181178103840987,0.1732697146706165,0.01339184341179956,-0.15987787125881694,-0.0564840538950345,-0.015728074049429705,0.04075597984560479,0.1266173182196878,0.01684457765574854,-0.10977274056393926,,-0.0434872736206072,,0.045038843361614,0.0009483956666694489,-0.04409044769494455,-0.0224992024826677,0.008864005533189265,0.031363208015856965,0.0262221428375204,0.0061062619987812105,-0.020115880838739192,0.0231080625368542,0.007512641354077368,-0.01559542118277683,0.0791196057355985,0.006748038914597969,-0.07237156682100053,0.0495173324438653,0.006404874095331079,-0.04311245834853422,0.0495555878265127,0.006694659540561616,-0.04286092828595108,0.0290413686488853,-0.009844905958235624,-0.03888627460712092,0.020511830939414,0.0063755926312336455,-0.014136238308180355,0.0257700861904347,0.014491738721984613,-0.011278347468450087,-0.0501239400017218,0.009732373193388807,0.05985631319511061,0.0390027278040301,0.011023696429138773,-0.027979031374891328,0.0347313574829239,0.011331500284436273,-0.023399857198487625,-0.0469434789759559,0.022577276383629375,0.06952075535958528,0.0938628603570457,0.013786490156968463,-0.08007637020007724,,0.011380497861570506,,0.0677227590960175,0.0044690004174650156,-0.06325375867855249,0.0004658784742333,0.007756443688371623,0.007290565214138323,0.0040298666875997,0.015017813368723563,0.010987946681123864,0.0200188434206565,-0.009632686370623434,-0.029651529791279933,0.0225775493928814,0.008012619892766139,-0.01456492950011526,0.0229166776552809,0.007724240954814192,-0.015192436700466706,-0.0911263760611801,-0.013926071692108685,0.07720030436907141,0.0014436054823506,0.016987809966089038,0.015544204483738439,,0.021713083608820002,,0.1088605574625332,0.0150069260292652,-0.093853631433268,0.0264519250192896,0.00800673750691722,-0.01844518751237238,0.117443343709399,0.012377623355147097,-0.1050657203542519,0.0837840806379125,0.010502392697578019,-0.07328168794033448,0.083554461429202,0.011063229689390044,-0.07249123173981196,0.078375217053336,-0.018252120415570245,-0.09662733746890624,,0.012089277073012402,,0.0680339312550706,0.0019312214464180814,-0.06610270980865252,0.0205307092214029,0.00906995862928247,-0.011460750592120431,0.0210510142838186,0.009787513098451349,-0.011263501185367251,0.1007715836606439,-0.0030058909738400184,-0.10377747463448392,0.1168417771898704,0.007750885819800207,-0.10909089137007019,0.1244503688852694,0.016185668019204107,-0.1082647008660653,0.0559673168301737,0.009680780520138994,-0.0462865363100347,-0.0115921728526064,0.009838283553587464,0.021430456406193864,-0.0114366794181653,0.01116763026887731,0.02260430968704261,-0.0023023082533572,0.0012352092045450245,0.0035375174579022244,0.045593417077224,0.009830925964025102,-0.0357624911131989,0.048111694178338,0.01082753820741605,-0.03728415597092195,0.0455101146314157,-0.008619871162539313,-0.05412998579395502
2020-10-01,-0.0033586072231953,0.05988365424808814,0.06324226147128344,-0.0475335720236052,0.012224171054482348,0.059757743078087545,0.0294717449928833,0.020652766290065384,-0.008818978702817917,0.0655228574516613,0.005735074116273889,-0.05978778333538741,-0.1038894532499851,0.023206088856546417,0.1270955421065315,-0.0588618331290593,0.020013820976085568,0.07887565410514487,-0.0582452272142194,0.022704984031497333,0.08095021124571673,-0.0144638075453327,0.0018100942542631255,0.016273901799595824,-0.0496551829447622,0.020784160421356983,0.07043934336611918,-0.0499898516452762,0.02183759918358747,0.07182745082886367,-0.0863377633789505,-0.014052438906559769,0.07228532447239072,-0.0051309012845314,-0.002773863075868277,0.0023570382086631233,0.0071976748305083,0.012588438066641961,0.005390763236133661,0.013770823916416,0.008549671948919452,-0.005221151967496548,0.0962226218348856,-0.017424458676975518,-0.11364708051186112,-0.0152190858405385,0.013292717231246509,0.02851180307178501,,-0.04971143324300593,,-0.0469367380746151,0.020719998018924286,0.06765673609353938,0.0568881207677397,0.023880724006823194,-0.033007396760916505,-0.0297860571086776,0.021467817992959395,0.051253875101636995,-0.0066114483936746,0.003685378692141563,0.010296827085816163,,-0.043003089514064737,,-0.0177538079449136,0.0058439224535603435,0.023597730398473942,,-0.0767947176367078,,-0.060163248026821,0.02133012095387504,0.08149336898069603,-0.0608790144552879,0.02221226627791927,0.08309128073320717,0.064922649337459,-0.005895046450055609,-0.07081769578751461,-0.0218049197958871,0.012252430200166213,0.03405734999605331,,-0.05471836303782249,,-0.0237725498685402,0.0012325420929861243,0.025005091961526324,-0.0159936230745437,0.0034974847312802793,0.019491107805823978,-0.0243294832881351,0.012083343070134533,0.03641282635826963,-0.0165904059864738,0.013223349371329615,0.029813755357803416,-0.0910010515483873,-0.004721575099379774,0.08627947644900752,0.0060601334985668,0.0164183603025161,0.010358226803949298,0.0124385728130967,0.017353131798164712,0.004914558985068013,-0.0415278002707959,-0.034525843033701674,0.007001957237094229,-0.0021595984580351,0.020546360969087435,0.022705959427122537,0.0027461474068345,0.022744713289004334,0.019998565882169833,-0.1084075668215766,-0.0073240908568528275,0.10108347596472377,-0.0132969584487107,0.012183416982251368,0.025480375430962068,-0.0155191860538443,0.017116615812564014,0.03263580186640831,-0.0185388586032733,0.05103124879453836,0.06957010739781166,0.0538906293366716,0.036533805613922124,-0.01735682372274948,,-0.04129999601681449,,-0.0393135355911511,0.005559766942134831,0.044873302533285926,-0.1560276647777965,0.020198230095553747,0.17622589487335025,-0.1499394065164774,0.020973174165210592,0.17091258068168802,-0.0809128976571768,0.005829230131228833,0.08674212778840563,-0.0230690655088613,0.01674910879487288,0.03981817430373418,-0.0215352962191019,0.017264311159702783,0.03879960737880468,-0.0966793594807026,-0.04451728371702585,0.05216207576367674,-0.0586099867070224,0.004449052849802817,0.06305903955682522,-0.0878563437211914,-0.03223439422763769,0.05562194949355371,-0.0076281354536744,0.018109342518817233,0.025737477972491634,0.0080755061521947,0.015594363160545353,0.007518857008350654,-0.0037311510330686,0.020511756517149076,0.024242907550217678,-0.047041561063532,0.0211049640316915,0.06814652509522351,-0.049045408171647,0.02195095224736035,0.07099636041900735,-0.0301176595412011,-0.02109325292781499,0.009024406613386108,,0.00032626195339225506,,-0.0236246189044346,0.008255165223852869,0.03187978412828747,-0.033753559680108,0.014205884748063514,0.047959444428171516,-0.0320284640060424,0.01565455931793254,0.04768302332397494,-0.0668973523818584,0.0008296438441371158,0.06772699622599551,0.0020576176536666,0.01798951859483816,0.01593190094117156,0.0145118889609537,0.0166196749186736,0.002107785957719899,-0.0342172102769254,-0.012483773883075248,0.02173343639385015,-0.0051120314729171,0.012891763542935553,0.018003795015852652,-0.0070673917806855,0.013745362775971841,0.02081275455665734,-0.0288214623040003,0.006941685597300233,0.03576314790130053,-0.0268154643978148,0.010273326450588168,0.03708879084840297,-0.017542723711824,0.011345877471708834,0.028888601183532835,-0.0541588549074794,-0.014669328485221922,0.03948952642225748
2020-11-01,0.1158694516597491,0.044385123089971945,-0.07148432856977716,-0.023320029841805,0.02119682620538101,0.04451685604718601,-0.0318116662327166,-0.008586948553575039,0.02322471767914156,-0.0264832385720985,0.01157249887715,0.0380557374492485,-0.0515803143108242,0.03832760738915639,0.08990792169998059,-0.009973658320872,0.016927323448718022,0.02690098176959002,-0.0170298680743612,0.016526015710457996,0.0335558837848192,0.0474297289521246,-0.01066474821880492,-0.05809447717092952,-0.0248288132324296,0.023242464308230033,0.04807127754065964,-0.0252810642527074,0.02349913913040886,0.048780203383116255,-0.0542579420084493,0.005431755811751419,0.05968969782020072,-0.035078049032262,-0.02308203067261526,0.01199601835964674,-0.0159708694633811,0.017365431475685783,0.03333630093906688,-0.0250926232996251,-0.01673918822731617,0.008353435072308929,-0.1579516260746558,-0.03047851643819494,0.12747310963646086,-0.0408577007105752,0.006696321953198225,0.047554022663773426,,-0.03840459026604038,,-0.0436267377379502,0.014531871946330063,0.058158609684280264,-0.0827223002007837,0.0025149874719625274,0.08523728767274621,-0.0084093999078683,0.012482804268041915,0.020892204175910215,-0.0048727552387029,-0.0017316863462650313,0.0031410688924378687,,0.040891374946500365,,0.023830006547784,0.02410351093343971,0.00027350438565570956,,-0.048829671103690624,,-0.0440509044866065,0.043068415225040436,0.08711931971164694,-0.0483081993287408,0.04427200850106439,0.0925802078298052,-0.0131013873196878,0.01576441646777178,0.02886580378745958,-0.0711103222582668,0.023771975421489924,0.09488229767975673,,0.07968148308123182,,-0.0353571880898134,0.0064114111877662805,0.04176859927757968,-0.0093046575518829,-0.004472797651374466,0.004831859900508433,-0.0083392421415522,0.007823916097775392,0.016163158239327593,-0.0184626697854106,0.005134719581364292,0.02359738936677489,-0.0171639345341865,-0.032536649486798276,-0.015372714952611777,0.0293201385359411,0.019015145398264915,-0.010304993137676185,0.0290547486289475,0.020849471150953022,-0.008205277477994478,0.005058220458024,-0.03198206480043447,-0.037040285258458476,0.0433007075664885,0.020100225353762595,-0.023200482212725908,0.0386282152777728,0.005026529689450926,-0.03360168558832187,0.004641325749794,-0.03681172317839923,-0.04145304892819323,-0.0252869009898366,0.003191499528129421,0.028478400517966018,-0.0325978952499812,0.004940146583451057,0.037538041833432255,1.9992001483439088,0.09340484347369972,-1.905795304870209,0.0534858074408455,0.0414757542273782,-0.012010053213467299,,-0.030737704213359144,,-0.0132695364199187,0.0017767858556360023,0.015046322275554703,-0.0408115153433275,-0.006698338031560562,0.03411317731176693,-0.0441162346726319,-0.01791095475021282,0.02620527992241908,-0.0580439167054929,-0.0015881883768365144,0.056455728328656384,-0.0575605674947623,0.010570694338682384,0.06813126183344469,-0.0608514113571375,0.01067302948972211,0.0715244408468596,-0.094595525721415,-0.0405099336314628,0.0540855920899522,-0.0322605241183962,0.03292596757249547,0.06518649169089166,,0.013382459405263194,,0.0536561454692326,0.009593616692909116,-0.04406252877632348,0.0326877562596503,0.0089861879135047,-0.023701568346145598,-0.0130565132776277,0.009744086168606376,0.022800599446234075,-0.0292614768351635,0.014457442527049363,0.043718919362212866,-0.0318275100022343,0.015922606684663144,0.047750116686897444,0.0318490052649864,-0.01424538395823689,-0.04609438922322329,,0.0181342026243887,,0.0406658781843489,0.023150613999620092,-0.017515264184728808,-0.0294044073847191,0.011685514768999176,0.041089922153718275,-0.0331750211491192,0.015368009629431995,0.0485430307785512,0.0170876000366595,-0.0021086669695716703,-0.01919626700623117,-0.0418012747444967,0.014198567419968227,0.05599984216446493,-0.0431398850274594,0.00028713935906446024,0.043427024386523856,-0.0253334974353019,-0.033594088711766806,-0.008260591276464908,0.024077497566988,0.003454888974510397,-0.020622608592477606,0.0243805581498694,0.0043927278326094344,-0.019987830317259966,0.0077239883849392,-0.0052378321074212164,-0.012961820492360415,-0.0086713798484438,0.0037128021257829954,0.012384181974226794,-0.0115023281208556,0.004217424936284367,0.01571975305713997,0.0263071766733488,0.007296448725714549,-0.01901072794763425
2020-12-01,0.1973441310892206,0.03996825623440814,-0.15737587485481247,0.3316289832059272,0.014293327726357143,-0.31733565547957004,0.1053540554068719,0.004258192924483024,-0.10109586248238887,0.145848201041318,0.01047432844663199,-0.135373872594686,0.3524535017343283,0.024968425987892885,-0.32748507574643543,0.192518383788909,0.010713692497273775,-0.18180469129163523,0.1949995836665587,0.010661307476357813,-0.18433827619020088,0.1954313819409653,-0.00879031214594239,-0.20422169408690768,0.1139819350087105,0.021920054545288864,-0.09206188046342163,0.1067846883257963,0.022247556072006427,-0.08453713225378987,0.2399806658776777,-0.002510463374726662,-0.24249112925240435,0.0881417558793063,-0.00821577325400715,-0.09635752913331344,0.1503136596929246,0.012064732775559785,-0.13824892691736482,0.1503598818061282,-0.0011572702069615136,-0.1515171520130897,0.0716570386993483,-0.021850070592188454,-0.09350710929153674,0.1534995229469826,0.010122484486793766,-0.14337703846018884,0.14456297471057,-0.02138186989354416,-0.16594484460411416,0.2106524951932343,0.006786212340989244,-0.20386628285224506,0.097421616975571,0.0023763898154854023,-0.0950452271600856,0.1391225201074762,0.003997494658056166,-0.13512502544942004,0.0641993841403555,-0.003538900746928506,-0.067738284887284,,0.04174725204238932,,0.1870769211908816,0.01665714508938117,-0.17041977610150041,,-0.05507911940509221,,0.1177172688093186,0.03153993471470489,-0.0861773340946137,0.1159918528218721,0.032662350224650416,-0.08332950259722169,0.082188199787988,0.0019699518873531646,-0.08021824790063484,0.1356318929095867,0.021570194107416948,-0.11406169880216974,,0.015606456260204649,,0.0695436234747464,0.005576920140515137,-0.06396670333423125,0.1673110960714681,-0.003121096382766323,-0.17043219245423444,0.1280859364468173,0.00238489438065584,-0.12570104206616145,0.1302702312954679,0.0010012546012183568,-0.12926897669424953,0.1090337123872618,-0.02066505496021833,-0.12969876734748012,0.1618136238347595,0.009253658333301214,-0.15255996550145828,0.1586126511141642,0.01014267997492676,-0.14846997113923743,0.1805391940558007,-0.022991566707970038,-0.20353076076377075,0.0703159766825326,0.01211448009784308,-0.058201496584689524,0.0606411441062657,0.01157879703042332,-0.04906234707584238,0.1488008168860143,-0.006046001166678335,-0.15484681805269263,0.0826867885156048,0.008028869520770263,-0.07465791899483454,0.0777533741338847,0.006507284199547218,-0.07124608993433748,0.0469655568729502,0.06088661207246241,0.013921055199512214,0.1208309122631637,0.02190137846235727,-0.09892953380080644,,-0.006931547061506292,,0.1360509802485698,0.0035340211570212047,-0.1325169590915486,0.3106109805407372,-0.002645181652446633,-0.31325616219318386,0.3063990262321632,-0.0025237366306369653,-0.3089227628628002,0.2485207086354891,-0.012194900302570514,-0.2607156089380596,0.1108524480681788,0.010156504942985842,-0.10069594312519296,0.1043795663601472,0.00982197205440109,-0.0945575943057461,0.1368479573226581,-0.01735085414508313,-0.15419881146774123,-0.092167162771413,0.0319558986155322,0.1241230613869452,,0.024706903242045473,,0.1835800533481696,0.00577298000854315,-0.17780707333962645,0.1841343317198968,0.014123066563056582,-0.1700112651568402,0.0917058962922204,0.013476369944075117,-0.07822952634814528,0.0752272395444818,0.009627320903535089,-0.0655999186409467,0.0696299107817575,0.011180697278760138,-0.05844921350299736,0.2200195855372337,-0.024368790639580345,-0.24438837617681403,,0.023161725285887922,,0.1876672984848544,0.011777239754445196,-0.1758900587304092,0.1434141298707033,0.00880424361080812,-0.13460988625989517,0.1372299879765306,0.011425115131031989,-0.12580487284549863,0.2321316217143637,-0.006270818763681185,-0.23840244047804487,0.1607751864374148,0.01083352200135866,-0.14994166443605617,0.1530421348193953,0.01203602515865692,-0.14100610966073837,0.1589192068046455,-0.01835732162581992,-0.17727652843046543,0.0549445743989655,0.006242417078004235,-0.04870215732096127,0.034408637511724,0.007553794813262658,-0.026854842698461345,0.1001382982430013,-0.0017667445295749566,-0.10190504277257625,0.1584545779559952,0.0050900090170147815,-0.15336456893898043,0.1477727806788907,0.006190465331787085,-0.1415823153471036,0.115602046453988,0.0024231003509477106,-0.11317894610304029
2021-01-01,0.0063534268205723,0.06354046443969749,0.05718703761912519,0.0314577255460864,0.029380139009768203,-0.002077586536318194,0.0209905265716767,0.016420659061578788,-0.004569867510097914,0.03902796083333,0.020129431110279518,-0.018898529723050485,0.182657009394148,0.03414766749726308,-0.14850934189688492,0.0648420395714273,0.02585500717715485,-0.03898703239427245,0.0637655687156003,0.027319556495191067,-0.03644601222040923,0.04081390593974,0.0010066664867609612,-0.03980723945297904,0.0366323360501083,0.026305356287980607,-0.010326979762127694,0.0314706601319872,0.02662394128314619,-0.004846718848841015,0.1305485270674946,-0.005186848332161236,-0.13573537539965583,-0.0040050271348145,0.002621885758637572,0.006626912893452072,0.0323851743644284,0.023299495268848405,-0.009085679095579995,0.0253320677847389,0.01619667305636354,-0.009135394728375358,0.0795559133404359,-0.005884783708297484,-0.08544069704873337,0.0493801766944869,0.015398469565992404,-0.0339817071284945,,-0.015215400556276903,,0.0694155286996022,0.026776641684988535,-0.042638887014613665,0.0084268893409105,0.010402541576919725,0.0019756522360092257,0.0605909387669691,0.0222965237142173,-0.0382944150527518,0.0162406004307453,0.00464572319012318,-0.011594877240622121,,0.051319440900840396,,0.0265809844629073,0.0241640718896464,-0.0024169125732609008,-0.0330069482997836,-0.06609804774950481,-0.03309109944972121,0.0794987643667691,0.03442267886232192,-0.04507608550444718,0.0788740655229061,0.035399818353562956,-0.043474247169343144,0.0847218787802223,-0.004729108347503985,-0.08945098712772628,0.0892556891186551,0.02851970904576777,-0.06073598007288733,,-0.04294968569897259,,0.0164017663868747,0.014598716574494651,-0.0018030498123800497,0.0343961052872724,0.01118051050023026,-0.02321559478704214,0.0418893192232927,0.010164402526243253,-0.031724916697049445,0.0357801891121876,0.010067165405065212,-0.02571302370712239,0.024901298408976,-0.031346992703040616,-0.05624829111201662,0.0282273134606216,0.021618352460761475,-0.006608960999860126,0.0253714490769787,0.023096153999644684,-0.0022752950773340143,0.0435690848660725,-0.023376702882005003,-0.0669457877480775,0.0373068292006604,0.01989237255422128,-0.01741445664643912,0.0219575955526365,0.019229265484440445,-0.002728330068196054,0.0744272403614765,-0.03490433533571684,-0.10933157569719333,0.058998372659052,0.015557932085903151,-0.04344044057314885,0.0579675979357624,0.009806405505866356,-0.04816119242989604,0.0810615791096222,0.009083563952107201,-0.071978015157515,0.1358537504814575,0.04493665326887645,-0.09091709721258107,,0.03087680932254832,,0.032933632354554,0.01344313086884347,-0.01949050148571053,0.0505045585444263,0.00847521969717278,-0.04202933884725352,0.0409648263272821,0.012513653341835127,-0.02845117298544697,-0.0102134214844096,-0.013720658346619254,-0.0035072368622096547,0.0356205625728764,0.014849666645664904,-0.020770895927211496,0.037854181614781,0.01463753286979298,-0.023216648744988015,-0.150786086015985,-0.031551009823857,0.119235076192128,0.0472832197196936,0.03196110762775871,-0.015322112091934889,,0.07983203210024115,,0.0483372891550039,0.020580009605539663,-0.027757279549464234,0.0590638940333939,0.026684303602200234,-0.032379590431193664,0.0435375988448878,0.025863611125032014,-0.017673987719855788,0.0118067960188304,0.009431492713436193,-0.002375303305394207,0.0086186381298232,0.011281891046582695,0.0026632529167594943,-0.0510956416315981,-0.024972805950110696,0.0261228356814874,,0.05268923288112072,,0.0361960067084408,0.0366439776002636,0.0004479708918227951,0.0472305929178396,0.020746517799330316,-0.02648407511850928,0.0443198281009829,0.022565774561185224,-0.021754053539797678,0.0578709235110388,0.006224569335372972,-0.05164635417566583,0.0177889684061042,0.022988162342955493,0.005199193936851292,0.0155841318588995,0.03171966511582683,0.016135533256927327,0.105270265779234,-0.03898509530697633,-0.14425536108621034,0.0085635282892743,0.016967807429411248,0.008404279140136948,0.0040151321245395,0.015844544646393278,0.011829412521853778,0.0573156499242704,0.011547055572335516,-0.04576859435193488,0.0247108672636927,0.014830754455641262,-0.009880112808051438,0.0147071267117169,0.016722350364083944,0.002015223652367044,-0.0247314287261622,-0.017666022084822874,0.007065406641339325
2021-02-01,0.0310157698733156,0.05444210037802533,0.023426330504709728,-0.0610363669694474,0.009794184290613173,0.07083055126006058,-0.033313848723717,0.012441511648769306,0.04575536037248631,-0.0516917650397191,0.0003351780253008649,0.05202694306501996,0.0979184364941693,0.02853562150413668,-0.06938281499003263,-0.0280803386343841,0.021309747647706292,0.04939008628209039,-0.0301473519325718,0.024138208280269406,0.054285560212841207,0.0223833668943536,0.0014972546190482714,-0.02088611227530533,-0.0098805327828265,0.017930403495045297,0.027810936277871796,-0.0130841326840498,0.01923355476588741,0.03231768744993721,0.0969185721806653,-0.012921423701226713,-0.10983999588189201,-0.0144330101288668,-0.014826306388688485,-0.0003932962598216846,-0.0196240769782297,0.011270562052865803,0.030894639031095503,-0.0297427914518502,-0.006465679733525324,0.023277111718324875,0.215404759415627,-0.026980619577717274,-0.24238537899334428,-0.0251753155911171,0.009246179968195036,0.034421495559312135,,-0.07340518921168088,,0.0118569751806258,0.023124764763292425,0.011267789582666625,0.0790594707382494,0.030320169321209345,-0.048739301417040054,-0.0070171632166989,0.027577525386940804,0.034594688603639706,-0.0597880341454617,0.0054012012170622375,0.06518923536252394,,-0.08169457968239278,,0.0025931284253394,0.003737199964368657,0.001144071539029257,0.1372704808000138,-0.07474977000431436,-0.21202025080432818,0.0075555968261358,0.022524954313735,0.0149693574875992,0.0066402483909352,0.023329566325187595,0.016689317934252396,0.1037058227544009,0.001911124357018122,-0.10179469839738278,-0.0243963978120388,0.0067230172004251925,0.031119415012463993,,-0.007844515288650994,,-0.0090057107722467,-0.004052856538307149,0.004952854233939551,0.0883677060967644,0.0009159620207750932,-0.08745174407598931,-0.031428935760514,0.01728273039264004,0.04871166615315404,-0.0299340419918236,0.018149214118568652,0.048083256110392256,-0.0244400265796431,0.0004181323206444952,0.024858158900287596,0.0201935249722483,0.02131874271150425,0.0011252177392559494,0.0171433848596866,0.022741483326619218,0.005598098466932617,0.1958720633104023,-0.043239170187317454,-0.23911123349771976,0.0514775763701957,0.025475460530005663,-0.026002115840190035,0.0590597560679046,0.01798109244270454,-0.04107866362520006,0.081302891129947,-0.018985286890397336,-0.10028817802034434,0.0024461677299858,0.006546042909386596,0.004099875179400796,-0.0004021830786887,0.018517888051353907,0.018920071130042605,0.3983172995700356,0.08725297439429247,-0.3110643251757431,0.0155475978005291,0.046070027220381504,0.030522429419852407,,-0.08585151182581198,,-0.019369820914297,0.000951585141439718,0.020321406055736718,0.0329942609420018,0.021420318223332464,-0.011573942718669336,0.0242287638504991,0.012541822303104036,-0.011686941547395063,0.1564764420615902,0.021614042724137486,-0.1348623993374527,0.037541864007061,0.0165906046487131,-0.0209512593583479,0.0373957546023409,0.0177701360838055,-0.019625618518535403,0.1513976158046399,-0.06791736156886428,-0.2193149773735042,-0.0253275524352271,-0.007375907385833929,0.017951645049393172,,-0.08462135442350063,,0.0317035822453841,0.020678224463044757,-0.011025357782339346,0.0337142928343753,0.004799141577510765,-0.028915151256864533,-0.0264197650014629,0.013791033183665837,0.04021079818512874,0.0685494572651407,0.02910421759224895,-0.03944523967289175,0.0666877614006705,0.029316089917832192,-0.037371671482838306,0.1142361133566732,-0.009944992199020758,-0.12418110555569396,,-0.026269577536801057,,-0.0266724744237706,0.004471503015889057,0.03114397743965966,-0.0079145713166474,0.013203785740730256,0.021118357057377656,-0.0092757700445341,0.015100957786070037,0.024376727830604135,0.0689691155520235,0.001845217903150344,-0.06712389764887315,-0.0485832395621285,0.017234679625964172,0.06581791918809267,-0.0620152962624536,0.00025190063543107863,0.06226719689788468,0.114985244121926,-0.01051090804595298,-0.125496152167879,0.0019063618955232,0.008588118050532749,0.006681756155009549,0.0141838270223535,0.009956147041718818,-0.004227679980634683,-0.0094284411498696,0.0016425899599135678,0.011071031109783167,-0.0174955968798146,0.007556744460968723,0.02505234134078332,-0.0313317220477357,0.007760666732518286,0.039092388780253985,0.1165005360509666,-0.010315329896691459,-0.12681586594765806
2021-03-01,0.1346828935548543,0.04202823336489522,-0.09265466018995908,0.1045810521453957,-0.008328949498153247,-0.11291000164354895,0.0070026699681186,0.01677266617076291,0.00976999620264431,0.0306325243620767,0.013565395373429432,-0.01706712898864727,-0.0801118158088154,-0.006742241155584357,0.07336957465323105,0.1242908586733496,0.0035577451606015813,-0.12073311351274803,0.1238459398408993,0.005583976013496825,-0.11826196382740248,0.0777057729251687,-0.00891902979676448,-0.08662480272193318,0.0430225867871641,0.0018906709946882537,-0.04113191579247585,0.0439207433998549,0.0034950686848139855,-0.04042567471504091,0.2002424951030022,-0.03721478496659745,-0.23745728006959965,0.0120790380336913,-0.0007490874003798715,-0.01282812543407117,0.039102400681239,0.0016822340285788037,-0.037420166652660194,0.0333198951898929,0.01997552186665878,-0.013344373323234123,0.2187587501134022,-0.020688416269654723,-0.23944716638305694,0.0342667499933565,-0.009850183011665533,-0.044116933005022035,0.0629025625848903,-0.03211899460558819,-0.09502155719047849,0.0433585481596854,0.017398628475502585,-0.025959919684182816,0.0255761111699052,0.012491659812960904,-0.013084451356944296,0.0767333974193946,0.01805374075648048,-0.058679656662914116,0.0160542305364643,0.01576306980400498,-0.00029116073245931753,,0.00900120251417319,,0.0529025300202359,0.005585973452857847,-0.04731655656737805,-0.0637617396347127,-0.04470388865272988,0.019057850981982816,-0.0242789885884285,0.015929257711886264,0.04020824630031476,-0.0282718386232723,0.016676619616847632,0.044948458240119935,0.1540897243665817,-0.02702562825456145,-0.18111535262114314,0.1047195493572956,-0.010170465116848364,-0.11489001447414397,,0.0628780048935905,,-0.0010821363729304,0.015711325448214738,0.016793461821145137,-0.0496313763916338,-0.002586389584341514,0.047044986807292286,0.0524356175171696,0.008238684353324732,-0.04419693316384487,0.0434875301001796,0.008132783999813365,-0.035354746100366236,0.0809042747801384,-0.004141458766097245,-0.08504573354623564,0.1135175322845575,0.018234035888580528,-0.09528349639597698,0.1213326916105639,0.02061311408736992,-0.10071957752319398,0.091609610172584,-0.046002505716655116,-0.1376121158892391,-0.0212786498969998,0.018691183145492576,0.03996983304249238,-0.0330692125278597,0.027770519188581148,0.060839731716440845,0.0477914994187948,0.0034988105932584335,-0.044292688825536365,0.0148217448021064,0.00510959754384821,-0.00971214725825819,0.0096338692317014,0.00930657074929113,-0.0003272984824102699,-0.015637712209634,-0.0407298744236764,-0.0250921622140424,0.1422580063890488,0.0036754713610505723,-0.13858253502799825,,-0.10710603604382704,,0.07206650840006,0.022523925386040686,-0.049542583014019315,0.2298129251387834,0.018942241108984206,-0.2108706840297992,0.2283466651253431,0.022218964947659504,-0.2061277001776836,0.3092197671805445,-0.005465575720410332,-0.31468534290095485,-0.0268732999308396,0.015419316375888852,0.04229261630672845,-0.0312154807264227,0.018842054489227544,0.05005753521565025,0.043979084022346,-0.10468854984189294,-0.14866763386423892,-0.1132570584633803,-0.021390122894702403,0.0918669355686779,,-0.07927492160175867,,0.1624234018483422,-0.0053333159221846844,-0.1677567177705269,0.0678802556715338,0.013190682173429107,-0.054689573498104695,0.0542158629833526,0.01257175578638825,-0.04164410719696435,-0.0336589303888812,0.022758967977897587,0.05641789836677879,-0.0330190605626315,0.024257154480745672,0.05727621504337717,0.0193442094698823,-0.03197849938935284,-0.05132270885923514,,-0.0068551469383785375,,0.1374119224905328,0.011912021254970057,-0.12549990123556273,0.0597330652588874,0.004596314979442392,-0.05513675027944501,0.0534487582367184,0.005399341155774082,-0.04804941708094432,0.1005930670411364,-0.013045633140384231,-0.11363870018152063,0.0913645591958227,0.014413697357150548,-0.07695086183867215,0.0917504968397707,0.006821383234374779,-0.08492911360539591,0.09315031093439,-0.08084494204204773,-0.17399525297643773,-0.0369489475194812,0.003183735126400522,0.04013268264588172,-0.0468879471161939,0.0025194717759537137,0.049407418892147614,-0.046155653148833,0.005581164386189784,0.05173681753502278,0.0283053205441724,0.008410906569478654,-0.019894413974693746,0.0260956563681855,0.010094483562080215,-0.016001172806105288,0.119002826742589,-0.02618586238173833,-0.14518868912432734
2021-04-01,0.0237471343495647,-0.008596959203945424,-0.032344093553510124,0.1001447140144322,-0.002627938160683054,-0.10277265217511526,0.1064228984517257,0.0032838735022138526,-0.10313902494951185,-0.0062619399961931,0.0033437728418841545,0.009605712838077254,0.0146131253191896,0.01224973075253445,-0.0023633945666551495,0.0551036054448161,-0.000572532786715397,-0.055676138231531495,0.0546059907064166,-0.000637436662751243,-0.05524342736916784,0.0661324951752997,-0.005491521811901665,-0.07162401698720137,0.0010095134137442,0.00479826828427063,0.00378875487052643,0.0054880337389306,0.00573282382441822,0.0002447900854876204,-0.0351756376072763,-0.01986633961740628,0.015309297989870022,0.0877367147861418,-0.004025754229058522,-0.09176246901520033,0.077438085244654,-0.0007209946631110292,-0.07815907990776502,0.0778840082971003,-0.0046240118153435365,-0.08250802011244383,-0.0836940844316435,-0.01945444504264617,0.06423963938899734,0.0249182197912357,-0.0008760487185571985,-0.025794268509792898,,-0.01995176185105637,,0.0871717079774102,-7.203675900308145e-05,-0.08724374473641328,0.1529011372678856,0.013872100708348867,-0.13902903655953672,0.0886960297665051,0.00654285872045625,-0.08215317104604886,0.067791602062301,0.005480032659963918,-0.062311569402337084,,0.002689422469487772,,0.0317946623825998,0.006637724065306083,-0.025156938317293716,-0.0050099809510063,-0.04106520258262804,-0.03605522163162174,0.0087274268003127,0.01204172105693821,0.0033142942566255097,0.0088484287145845,0.01246135946460308,0.0036129307500185805,-0.0397114317572349,-0.014652176007388105,0.02505925574984679,-0.0311821396799933,0.003680859950364109,0.03486299963035741,,0.07099307459471306,,0.0718374072293946,0.0001784022681615696,-0.07165900496123304,0.0316952829112364,0.0016242970875391385,-0.030070985823697258,0.0791355764441956,0.0067710380796588854,-0.07236453836453671,0.0894109360520379,0.006892351710004785,-0.08251858434203312,0.0774142495091517,0.013163180683211314,-0.06425106882594038,0.0750176224750572,0.008044216159229076,-0.06697340631582811,0.0860254506216145,0.009212121136812914,-0.07681332948480159,-0.0130855643030697,-0.018010329427421576,-0.004924765124351875,0.0118083455193811,0.006518347632598248,-0.005289997886782852,0.0146687496057017,0.007405201131449084,-0.007263548474252616,-0.0138106143751639,0.008176002177660478,0.021986616552824377,-0.0013817724080039,0.0005622627158147614,0.0019440351238186615,0.0041219685463359,0.006998190989358547,0.0028762224430226467,-0.087927675206745,0.03115025446702997,0.11907792967377498,-0.0318576839086452,0.002827635327542781,0.03468531923618798,,-0.05306495043270751,,0.0561156374719299,0.004141631859832532,-0.05197400561209737,0.0281175373121346,0.0017823452532105303,-0.02633519205892407,0.0318932137224059,3.875091073805804e-05,-0.031854462811667844,0.0207927824756132,-0.0018777958532000955,-0.022670578328813296,0.0008276380755512,0.004456255838438093,0.003628617762886893,0.0080691710921517,0.005703733144507853,-0.002365437947643847,-0.1356784837487277,-0.050805209471119446,0.08487327427760827,0.0593423180874521,0.0007534749527701948,-0.058588843134681906,,-0.04278886650743449,,-0.0415040819034094,0.004535550156508649,0.046039632059918054,0.0120309810216868,-0.007384559004143016,-0.019415540025829816,0.0280909022799732,-0.0016803297784201577,-0.029771232058393354,0.052199330501702,0.016387420021776494,-0.035811910479925504,0.0488388747651002,0.01654672724092337,-0.032292147524176834,0.1090441379780069,-0.010511157014255494,-0.11955529499226239,,-0.017744876318673622,,0.2073419668419164,-0.004537396436736498,-0.2118793632786529,0.0539687557613293,0.00118502077832244,-0.052783734983006855,0.0570221159055148,0.002320828243517044,-0.054701287661997756,0.0066983810234413,-0.010507290689895091,-0.017205671713336392,0.0617215597540056,0.0013681340734387616,-0.06035342568056684,0.0606239862804183,-0.008338545125687918,-0.06896253140610621,0.0235154213774262,-0.008731735576307475,-0.032247156953733674,0.096282021943504,-0.0013017351014743,-0.0975837570449783,0.0959993047991688,0.0004815717589373012,-0.09551773304023149,0.0386119079841658,-0.008876996482470515,-0.04748890446663631,0.0822860599689551,0.004060840698812409,-0.0782252192701427,0.0824800893171922,0.004249193288948001,-0.07823089602824419,0.0187805972760183,-0.002017919055661741,-0.02079851633168004
2021-05-01,0.0304654323628388,0.045864025156008195,0.015398592793169394,0.0108475902499776,0.007170825516995749,-0.0036767647329818513,0.0588891899835297,0.01949281609602176,-0.03939637388750794,0.0386558527376794,0.012769599939900393,-0.025886252797779008,0.0432707486237487,0.013173679118832026,-0.030097069504916675,0.056353907898613,0.015597330855905228,-0.04075657704270777,0.0588923870752068,0.01805786868056936,-0.040834518394637434,0.0007053656470736,0.0002542095178402113,-0.0004511561292333887,0.0782688200473367,0.010585418576440816,-0.0676834014708959,0.0820466209917921,0.011860891840193642,-0.07018572915159846,-0.0629411507488411,-0.02639537274834672,0.03654577800049438,0.0232523437820915,0.0016615618579887649,-0.021590781924102735,0.0351159139841133,0.010160149680615896,-0.024955764303497406,0.035641549686285,0.016800817733893622,-0.01884073195239138,0.0373641166553161,-0.012452766792376464,-0.04981688344769257,0.0319212537343555,0.001993960847252643,-0.029927292887102854,,-0.034207216927558744,,0.0228036278396082,0.02439357339330894,0.0015899455537007404,0.0652947878365535,0.02119661394574856,-0.04409817389080494,0.0588360190983477,0.02618693013861204,-0.03264908895973566,0.0226816893643164,0.013628837196848733,-0.009052852167467668,,-0.00829474236504378,,-0.0106562721343174,0.009689305248988492,0.02034557738330589,-0.1252975961029079,-0.05906139981904711,0.06623619628386078,0.0382765128744854,0.01847167516245241,-0.01980483771203299,0.0414581603311548,0.01909648699417185,-0.02236167333698295,-0.1423924279002734,-0.01934938187589173,0.12304304602438167,-0.0025117107953946,0.0035280183753198034,0.006039729170714403,,0.00467329012434535,,0.0278326177806668,0.01111517836331052,-0.01671743941735628,0.029570647326317,0.0073655023378016,-0.022205144988515398,0.0656667762702917,0.013675624225378161,-0.051991152044913544,0.0682198874676003,0.014613749866274214,-0.053606137601326084,-0.0050549652242357,-0.004868143721522308,0.00018682150271339196,0.0251808876756135,0.021973533957768656,-0.0032073537178448457,0.0218913596458675,0.0239475874681659,0.0020562278222984003,-0.0668986230928712,-0.036332466797194485,0.030566156295676716,0.0460860819462117,0.02072824206478853,-0.02535783988142317,0.0499619601974971,0.024104533054198806,-0.025857427143298296,-0.1280951504908181,-0.015074558469143379,0.11302059202167472,0.0697950818217521,0.009282542791016557,-0.06051253903073555,0.07619799320201,0.01297392411765515,-0.06322406908435485,-0.1287459268222808,-0.014527689206826094,0.11421823761545472,0.0470031175143569,0.02687588444463823,-0.02012723306971867,0.018158908112017,-0.05830667591804828,-0.07646558403006529,0.0240402387119135,0.016860379226787795,-0.007179859485125704,0.00382128473763,0.020524645955073768,0.016703361217443768,0.0041078227348835,0.022419097365234474,0.018311274630350975,-0.1134247737650292,0.0001791912786917975,0.113603965043721,0.0098006358093826,0.015359412485281871,0.005558776675899272,0.0138435042454879,0.01743581291138569,0.0035923086658977907,-0.1117119804388231,-0.08166563648133437,0.03004634395748873,0.0559515314885001,-0.008626949525581303,-0.0645784810140814,,-0.032825423920144,,0.0391598835467657,0.012484412625836177,-0.026675470920929527,0.0758882323681202,0.013688240056932076,-0.062199992311188126,0.0492268185664699,0.01683893481434984,-0.03238788375212005,0.0775939302793525,0.021442694600148735,-0.05615123567920377,0.0810219624858116,0.022466359656284192,-0.05855560282952741,-0.0068022283866016,-0.021823496525836608,-0.015021268139235008,,0.004572362616204952,,0.0156776990111623,0.018854175962445343,0.003176476951283043,0.0641073502496783,0.012738755979585554,-0.05136859427009274,0.0643167547541876,0.013498755734118413,-0.05081799902006919,0.0366095853453951,-0.0014843523686147,-0.038093937714009804,0.0467801894570467,0.018276197383062232,-0.028503992073984467,0.0499053535861247,0.013930885187479555,-0.03597446839864514,0.0057111805104905,-0.05088397963309536,-0.05659516014358586,0.0405515206436367,0.009997454719014164,-0.030554065924622537,0.0474419307546119,0.009272321468991037,-0.03816960928562087,0.0185749558550577,0.008336766883724858,-0.010238188971332841,0.0493040248931382,0.01248201811196056,-0.03682200678117764,0.0560759881640135,0.013876596385285447,-0.04219939177872805,0.0349752095308877,-0.025758122993025778,-0.06073333252391348
2021-06-01,-0.0561517930569309,-0.004549081453109182,0.051602711603821724,0.0540163639914625,0.011295920114042074,-0.042720443877420425,0.0043392050370798,0.0028117712627919317,-0.0015274337742878681,0.0041971671445069,0.011986385400613484,0.0077892182561065835,-0.0500628368354094,0.019899630187675647,0.06996246702308505,0.0461002641255966,0.00020537577423575414,-0.045894888351360845,0.0472505622027781,-0.0014355587360722183,-0.04868612093885032,0.0386678227773899,-0.007928497264248572,-0.046596320041638474,-0.0077485455217812,0.01562510773178917,0.02337365325357037,-0.0050899612512328,0.015607846645646236,0.020697807896879035,-0.0777730865264465,-0.005550159541273034,0.07222292698517346,0.0281451894612108,0.004612766277722457,-0.023532423183488343,0.0588224628039049,0.006436694111056571,-0.05238576869284833,0.0636550583354258,0.0029289304495321755,-0.06072612788589362,0.1125987948577899,-0.009632198691418572,-0.12223099354920847,0.0064408543478137,0.008964159832398027,0.0025233054845843267,,0.018435708064531754,,0.0112414684436697,-0.006625902978469781,-0.01786737142213948,-0.0238987624014373,-0.0033795225282146945,0.020519239873222607,-0.0005772593315492,-0.006935082742917535,-0.0063578234113683355,0.0016406071168265,-0.0036447789997497474,-0.005285386116576247,,0.08907634359972517,,-0.0179024714952531,0.01863717291506618,0.036539644410319275,-0.0848028390203719,-0.03994247121574149,0.044860367804630416,-0.0117650195126122,0.02162935845112687,0.03339437796373907,-0.0132669971452295,0.02234583424882115,0.03561283139405065,-0.0391483398852987,-0.010657338158649433,0.028491001726649267,0.0088368853533123,0.024487416257369075,0.015650530904056777,,0.02811495570260073,,0.033845901594723,0.0062792509928446625,-0.027566650601878337,0.0427005823604285,0.0037164774367889207,-0.03898410492363958,0.0209606799245636,-0.0025873554845669677,-0.023548035409130565,0.0276488862680367,-0.0034883989440502466,-0.03113728521208695,0.0133900577480224,-0.007882656529038546,-0.021272714277060945,0.0295880591021228,0.000542107285733262,-0.029045951816389536,0.0349441812595464,0.0009253996253742019,-0.0340187816341722,0.0057417714580153,0.0010957364587199704,-0.004646034999295329,0.008779109189686,-0.0015966130701205279,-0.010375722259806527,0.0151866624004689,0.004183683496050118,-0.011002978904418781,-0.0223746164448279,0.009382143197395422,0.031756759642223326,-0.0322824740751448,0.00683715792238436,0.03911963199752916,-0.0297261861795152,0.0008913870979469087,0.030617573277462107,-0.0150559144237095,0.02145374678997624,0.03650966121368574,0.0831896195103626,-0.00090566891584912,-0.08409528842621172,,0.042818023995300034,,-0.0139605148883394,0.004127297103418335,0.018087811991757734,0.0717953026938408,-0.013369330245834976,-0.08516463293967577,0.0695803249848075,-0.006402815198664682,-0.07598314018347219,0.1563220904102125,-0.027304783371331035,-0.18362687378154352,0.0109528936175565,0.0015387423462115888,-0.009414151271344913,0.0157008649632873,0.0006545827643372273,-0.015046282198950071,-0.0727638478873462,0.006485349083298168,0.07924919697064436,0.1617956022377775,0.04077484157008358,-0.12102076066769393,,0.07641264746749803,,-0.0025518306673632,0.0032206112069265006,0.005772441874289701,0.0410037889926697,0.006271835507971092,-0.03473195348469861,-0.0218201520137646,0.005340522510553924,0.027160674524318522,-0.0318670849782851,-0.00031716418304009327,0.03154992079524501,-0.0364395379850565,0.0009064814532205125,0.03734601943827701,0.1148982413309974,-0.02119159083957611,-0.1360898321705735,,0.034351575264939774,,0.0960830080206171,0.006877605020033635,-0.08920540300058347,0.040713986055639,0.003989655250588295,-0.036724330805050706,0.0484898060343585,0.005659774787268181,-0.04283003124709032,-0.0055182001804549,-0.009667734115451718,-0.004149533934996818,0.0331060208781462,0.0011255760854805372,-0.031980444792665666,0.0313426226309182,0.011829131063765815,-0.019513491567152385,0.0159486222923873,-0.0005216650698191671,-0.016470287362206466,-0.0040919483343206,0.0034082243940920095,0.007500172728412609,-0.0052982910907088,0.004912985260841881,0.010211276351550681,-0.0204038997962799,-0.006573156828360471,0.013830742967919429,0.012889065736127,0.005477142410239596,-0.007411923325887404,0.0087671062780771,0.00654650188114426,-0.00222060439693284,0.0552258877358734,0.005313678775512493,-0.0499122089603609
2021-07-01,-0.0189555758114424,0.0026445564637604673,0.02160013227520287,-0.0302087723583551,-0.01536187189450658,0.01484690046384852,-0.0050373298355978,0.013042762117419646,0.018080091953017446,0.1034166509482174,0.008831711959647642,-0.09458493898856976,0.0423995095071083,-0.01295313664635609,-0.05535264615346439,-0.0311802106677612,-0.010602573386745301,0.0205776372810159,-0.0297457418141506,-0.0104612987402842,0.0192844430738664,0.0056909326058693,-0.012017445767902753,-0.017708378373772052,0.065657486594123,-0.0004601854448734025,-0.0661176720389964,0.0660772688615331,0.0007281862190393137,-0.06534908264249378,0.0097345649308177,-0.03416849106130266,-0.04390305599212036,-0.005279801898485,0.006269390742043285,0.011549192640528285,-0.0423049615214798,-0.006903874726518356,0.03540108679496144,-0.0414872747343111,0.016354873983970394,0.0578421487182815,-0.0532166880691517,-0.01761021042782937,0.03560647764132233,0.0033149484401267,-0.007623771377097699,-0.010938719817224399,0.0831565235174223,-0.002934700081398775,-0.08609122359882107,0.004653034017296,-0.0048170058840763036,-0.009470039901372303,-0.0344485992088733,0.0036337225156130525,0.03808232172448635,-0.0326065022875173,-0.002798905444428599,0.029807596843088698,-0.0020892284692968,0.00745757353769091,0.00954680200698771,,0.0381336484544901,,0.0551983052478814,0.002377833614015461,-0.05282047163386594,0.0371685513551319,-0.035434521435842095,-0.072603072790974,0.0863035002802287,0.007088544883467766,-0.07921495539676093,0.0881486996241106,0.007699418196653604,-0.08044928142745698,-0.1196312172037026,-0.031191916337604795,0.0884393008660978,0.0374659162492421,-0.0063591263721944815,-0.043825042621436584,,0.06192525612760488,,-0.0295682240245211,0.009490704532811636,0.039058928557332735,0.016683405861339,-0.004617807854169387,-0.021301213715508385,-0.0355042952795807,-0.0014697356628063966,0.0340345596167743,-0.0375223592951282,-0.0015855350206277845,0.035936824274500415,-0.0338150653785946,0.01009718821604507,0.04391225359463967,-0.0082897524070479,0.0017973453934446914,0.010087097800492592,-0.01190560155043,0.0029348277537598623,0.014840429304189863,-0.0732590681903125,-0.023535795315082625,0.049723272875229874,0.0556014795802827,0.002593859190458942,-0.053007620389823755,0.0570993360742344,0.019299667987825352,-0.03779966808640904,0.0847194439102654,0.036206752625352376,-0.04851269128491302,0.0297028274094258,0.00342675009534485,-0.02627607731408095,0.0264513394218577,0.004653329279886205,-0.021798010141971493,0.0727380973146579,-0.03274254901810469,-0.10548064633276258,-0.0543972610831313,-0.02440811798977181,0.029989143093359493,,-0.06632009433054421,,0.046817515875927,0.01518432194196025,-0.031633193933966755,0.0582125375544173,0.005033400499304071,-0.05317913705511323,0.0547236893138824,0.014374180771572983,-0.04034950854230941,0.0977837214463711,-0.018935037000053778,-0.11671875844642488,0.0493115587968449,0.006980846361567723,-0.042330712435277175,0.0535071106329373,0.009112978854967608,-0.04439413177796969,-0.0100594617660899,-0.057867350579909084,-0.047807888813819185,-0.1360264729601582,-0.006360205280977471,0.12966626767918074,,-0.049907360388528166,,0.0032730949218604,-0.012798242858206627,-0.016071337780067026,-0.0245576186979487,0.004846727562985676,0.029404346260934376,0.0096260554643574,0.0036918787465657077,-0.005934176717791692,0.0423006173995211,0.012605816806052151,-0.02969480059346895,0.0447262231629354,0.013800249503072884,-0.030925973659862514,0.0225911381187122,-0.03215838314426012,-0.05474952126297232,,-0.006396976921297746,,-0.0484236087437136,-0.007128651560294567,0.04129495718341903,0.0193833414900192,-0.004032508042972921,-0.02341584953299212,0.021347375549817,-0.003497160583003905,-0.024844536132820904,0.0239386154616719,-0.021036855876195387,-0.044975471337867286,-0.0414594125695873,0.001046030281441046,0.04250544285102835,-0.0446773462013513,0.0032223033479557477,0.047899649549307054,0.0588284365676061,-0.04204302769822668,-0.10087146426583278,-0.0090172065703956,-0.0016934039679014266,0.007323802602494173,-0.0060536432564707,-0.0005764648163041738,0.005477178440166526,0.0338371339049959,-0.003456471085343608,-0.03729360499033951,-0.0073655523667576,0.004069206963996301,0.011434759330753901,-0.0045552635445114,0.00548044173394791,0.01003570527845931,0.0107966573251544,-0.011608561572616895,-0.022405218897771292
2021-08-01,-0.0343270427026212,0.004701450416514561,0.03902849311913576,-0.0166023514411166,0.009355109587504563,0.025957461028621162,0.0534420213762643,0.006612127245898191,-0.046829894130366104,0.0596408719053084,0.0055197270738979905,-0.05412114483141041,-0.00629698681446,0.024813402251045332,0.031110389065505333,-0.0099538650140783,0.00928278833470429,0.019236653348782592,-0.0089718980437213,0.009709820638317036,0.018681718682038335,-0.0042498779433846,-0.00013444895068126083,0.004115428992703339,0.0404597105228601,0.011933489489759336,-0.028526221033100763,0.0471131252214633,0.012644556628148706,-0.03446856859331459,-0.1098476627327944,-0.012938065946943036,0.09690959678585136,-0.0188797661865379,-0.0021254362104509423,0.016754329976086956,0.0110056377371879,0.006917784351333837,-0.004087853385854063,0.0199372304382275,-0.002948487667579133,-0.022885718105806634,-0.0262191116531329,-0.01372221688580498,0.012496894767327918,0.0028987082006428,0.006860433752267225,0.003961725551624425,-0.0902611764505924,-0.021231868917416123,0.06902930753317627,0.0262398955112715,0.007803715707709203,-0.018436179803562297,0.0405608699764436,0.01782414512703972,-0.02273672484940388,0.0018206929650998,0.013356609140906585,0.011535916175806786,0.0357234399944274,0.004715814768368828,-0.031007625226058568,,0.0003560601010692034,,0.0199596753339562,0.011117078090774179,-0.00884259724318202,-0.179579260762777,-0.05163757405424994,0.12794168670852707,0.0320719316272931,0.016623699884189373,-0.015448231743103724,0.0343954391261555,0.017066834744814848,-0.017328604381340654,-0.0921174063196114,-0.009630065741285457,0.08248734057832595,-0.0875876978453797,0.013404762196647718,0.10099246004202742,,0.0276005098218574,,-0.0221308543673464,0.0003044733133320855,0.022435327680678487,-0.0062272959528405,0.007756797232104752,0.013984093184945253,0.0046803037322054,0.010161107277650724,0.0054808035454453246,0.0091695131555658,0.010751413104550035,0.0015818999489842344,0.0070783051566529,0.006132044618242663,-0.0009462605384102365,0.0132324639469245,0.012307269132643978,-0.0009251948142805222,0.0157057628130111,0.0133748537631416,-0.0023309090498695017,-0.0422427798549808,-0.015021909131578592,0.02722087072340221,0.06479461708325,0.009921766759994025,-0.05487285032325598,0.0733274474704934,0.007696904248603383,-0.06563054322189002,-0.1984632664358296,-0.007716226804140648,0.19074703963168896,0.0472410484563539,0.00470125145287872,-0.04253979700347518,0.0547117009289314,0.009289386885813855,-0.04542231404311754,-0.1496856658341607,0.03962331916675578,0.18930898500091647,0.0069919701449064,0.020570500782499054,0.013578530637592654,,-0.019861212956667287,,0.0011478256838913,0.0031155019931831977,0.0019676763092918974,-0.0920963743977103,0.004025362164817754,0.09612173656252807,-0.085192150184693,0.0022722488680830873,0.08746439905277609,-0.1022259235764314,-0.00043322936070096674,0.10179269421573044,0.022578359203905,0.006194908749698472,-0.016383450454206527,0.0324915943649395,0.0066586264616175445,-0.025832967903321957,-0.1323531986366328,-0.039114314762712245,0.09323888387392057,0.0131131541245712,0.010476568265256243,-0.002636585859314958,,-0.00485243333990381,,0.0416595422594681,0.0154180263988349,-0.0262415158606332,0.0093477429410231,-0.0020559017540599045,-0.011403644695083006,0.0649557178789624,0.004520959247949993,-0.06043475863101241,-0.0064589997743805,0.01516344336653816,0.02162244314091866,-0.0049377491953736,0.015347799630794766,0.020285548826168367,-0.0737598488252044,-0.007791631536053514,0.06596821728915088,,-0.0025012547600620893,,0.0569745063319474,0.005201333354849879,-0.05177317297709752,0.03074681351628,0.00806406652230021,-0.02268274699397979,0.0355569807438629,0.009275784790356722,-0.026281195953506177,-0.0351888718294658,-0.0024461103707153443,0.032742761458750456,-0.0393384057107796,0.006704070166761134,0.046042475877540734,-0.040575717541592,0.0007952717549376855,0.04137098929652969,-0.0907123406726572,-0.0004124399121587779,0.09029990076049842,0.0191423672037566,0.004651196874311814,-0.014491170329444785,0.0250981947559448,0.005926230284209438,-0.019171964471735362,0.0379207173573979,-0.0043526102611939526,-0.04227332761859186,0.0167741739448525,0.00766992009593688,-0.009104253848915621,0.0249711618817266,0.007974944956963569,-0.01699621692476303,-0.048557262858018,-0.004642550079114123,0.04391471277890388
2021-09-01,0.0270763081005262,0.03220061979070522,0.0051243116901790245,-0.0102530845090402,0.022849030504764906,0.033102115013805104,0.0296719430438976,0.02382513259017376,-0.005846810453723841,-0.0058462433424587,0.011776580318790687,0.017622823661249388,0.0347673233706294,0.0333647467023344,-0.0014025766682949983,0.014291340283986,0.02595275299885213,0.01166141271486613,0.0130973721683313,0.028605784780293648,0.015508412611962348,0.0115616725773747,0.012678118543267078,0.0011164459658923771,0.0427530598459129,0.016911200060074915,-0.025841859785837983,0.0441239734588979,0.017792925248500395,-0.026331048210397508,-0.0144051849026453,-0.017542960371840315,-0.003137775469195015,0.028144202141539,0.010386414566531473,-0.017757787575007525,0.0104267197882633,0.017222595843608655,0.006795876055345356,0.0141625979605268,0.015786050487245865,0.0016234525267190651,-0.0458432787723224,0.002690670631297,0.0485339494036194,0.0078553668685641,0.0147525727740314,0.0068972059054673,0.0278302642245333,-0.023918676007928588,-0.05174894023246189,0.0324470720421245,0.028796793827313902,-0.0036502782148105963,0.0144424651562494,0.03219361465577427,0.01775114949952487,0.0482936423430574,0.03385982887304568,-0.01443381347001172,0.0027249843523168,0.012829983554582584,0.010104999202265784,,-0.02080206389806673,,0.0325184086466849,0.01368790601085049,-0.01883050263583441,-0.0368357300063199,-0.07094008877103306,-0.034104358764713155,0.0440877993705912,0.015372658830591723,-0.028715140539999476,0.0450505649094162,0.015621556261971689,-0.029429008647444514,-0.0240619246603499,-0.01741529690287464,0.006646627757475262,0.1098306656696975,0.018352007070003187,-0.09147865859969431,,-0.06074284229148143,,0.0052835583720573,0.005606925242462287,0.0003233668704049871,0.0047825706039322,0.022832768167502182,0.018050197563569983,0.023582113376504,0.019598625181559366,-0.003983488194944634,0.0218581170834977,0.02229886103734389,0.0004407439538461899,-0.0602453905976108,0.0029237731016664974,0.06316916369927729,0.0089127949587676,0.02402694707783025,0.015114152119062649,0.0102368353265575,0.025395818720533463,0.015158983393975964,-0.0876336566925461,-0.016815096742277286,0.07081855995026881,0.0392809911212519,0.018552958541686388,-0.02072803257956551,0.0435730102787923,0.018030215456666367,-0.02554279482212593,-0.0270388624620725,-0.030590825625224045,-0.003551963163151546,0.0250016533886662,0.01365372465093576,-0.01134792873773044,0.024757880084564,0.01621115155923167,-0.00854672852533233,-0.0416369251943731,-0.00393323912320008,0.03770368607117302,0.004938639992324,0.045595419487417535,0.04065677949509353,,0.01072489531818423,,0.0068106173046716,0.011156893774209607,0.004346276469538007,-0.0160420773787206,0.021094334851444907,0.037136412230165505,-0.0181485646452451,0.023942222281604416,0.04209078692684952,-0.0418609266953011,0.003496227106752274,0.04535715380205337,0.0310580701877086,0.012379123022460645,-0.018678947165247956,0.028844718986511,0.012912979520351722,-0.015931739466159278,0.0315710331241764,-0.051927147417950785,-0.08349818054212718,-0.0682779438944728,0.0044068353647136824,0.07268477925918648,,0.031092992057856098,,0.0527291828858625,0.03353036992794595,-0.019198812957916554,-0.0114531264530358,0.010111857467568292,0.021564983920604092,-0.0022923533927191,0.01850165684550783,0.02079401023822693,0.0365457051255207,0.01783959155198965,-0.018706113573531052,0.0377062671559716,0.01802663597658413,-0.01967963117938747,0.0098598814725479,-0.007463486334226615,-0.017323367806774514,,0.017484260954890314,,0.020889369651046,0.024234997716896543,0.0033456280658505436,0.0327709456230688,0.020586834173640836,-0.012184111449427965,0.0369099751303424,0.020695329993796936,-0.016214645136545466,-0.0858866692739592,0.011274351350565828,0.09716102062452503,0.0112529192795447,0.019385974162632835,0.008133054883088135,0.0124371985076369,0.02138017058843767,0.008942972080800771,0.0509982490833465,-0.009134121397938268,-0.060132370481284766,0.0269934755507675,0.017113117360351794,-0.009880358190415706,0.02933645620738,0.01630996851562533,-0.013026487691754667,0.0157619509885606,0.010346596434576175,-0.005415354553984427,0.0033338334345809,0.018030906041099172,0.014697072606518272,0.0024547237721368,0.019026899612305904,0.016572175840169102,-0.0192568895146715,-0.026625374170486688,-0.007368484655815188
2021-10-01,-0.0441848624363812,-0.010296741404022116,0.03388812103235908,-0.0031480252643506,0.0025510969588319284,0.005699122223182529,-0.0207648048729911,0.00014826725550602085,0.02091307212849712,-0.0898762021655745,0.0060361371539556785,0.09591233931953018,0.0372471670651938,0.0180543364300912,-0.0191928306351026,0.0027740288482446,0.002135321239914617,-0.0006387076083299828,0.0026110029973634,0.0017773268663855266,-0.0008336761309778735,-0.0010799223119478,-0.004892398760588372,-0.003812476448640572,-0.0599967841327183,0.0057961022193057385,0.06579288635202404,-0.061145492480221,0.006573451151666174,0.06771894363188717,-0.0844026959469844,-0.016703828233836808,0.06769886771314759,-0.0466941430258318,-0.005107371830516203,0.0415867711953156,-0.0460842251589939,0.002422549331303437,0.04850677449029734,-0.057409650798751,-0.006481156048607842,0.05092849475014316,-0.0442687888074418,-0.01763989712314718,0.026628891684294616,-0.052103209559836,-0.0007451842320893699,0.05135802532774663,-0.0273238641060608,-0.0157999435587737,0.011523920547287098,-0.0668291793574298,0.002805381760753069,0.06963456111818286,-0.0963129799784299,0.01269643170439765,0.10900941168282755,-0.0513033856285275,0.009252478834892058,0.06055586446341956,-0.0490901611378519,0.006502213054567391,0.05559237419241929,,0.018242231807588213,,-0.0733678361684869,0.011620516254818938,0.08498835242330584,-0.0964851853303324,-0.03785321359528338,0.05863197173504902,-0.0581621009168099,0.015818414531909585,0.07398051544871949,-0.0587744276232896,0.016209743670370744,0.07498417129366033,-0.0594911626514456,-0.012283442627020427,0.04720772002442517,0.0174525611459271,0.007567525244233775,-0.009885035901693325,,0.0843175229985964,,-0.0238583834772968,0.0023691868949688877,0.02622757037226569,-0.0656413542304553,0.004316491025964982,0.06995784525642029,-0.034640408113375,0.008230395431646243,0.04287080354502124,-0.0321687370535984,0.00804979223161995,0.04021852928521835,-0.054779475563295,0.007738488056645877,0.06251796361994089,-0.079228594137128,0.01124963470183332,0.09047822883896132,-0.0809341915178645,0.012691894921342425,0.09362608643920693,-0.0432497804375506,-0.015969433226930795,0.027280347210619806,-0.0550363540147225,0.007654084820783174,0.06269043883550567,-0.0480155324083103,0.004765948322499903,0.0527814807308102,-0.0932305917263567,-0.004111721679613206,0.08911887004674349,-0.0433480225958957,0.00022788578593177945,0.04357590838182748,-0.044407258971,0.005538145707741617,0.04994540467874162,-0.0295168288903443,0.02866674035082707,0.058183569241171365,0.0005874423985235,0.009046821448264568,0.008459379049741068,,-0.04087789401411543,,-0.0301701114397054,0.005013398283120086,0.03518350972282549,0.1149160270628022,-0.0010190971674257194,-0.11593512423022792,0.1027254636544888,-0.004465990855999587,-0.1071914545104884,0.1305069890526817,-0.0027520986019909316,-0.13325908765467265,-0.0628933893001151,0.0037073751811618136,0.06660076448127691,-0.0614956042376531,0.004869919257103725,0.06636552349475683,-0.1461832144992744,-0.05259259806351267,0.09359061643576173,-0.0908506995749835,0.005761545415803844,0.09661224499078734,,-0.021559462579304932,,-0.0047884511821881,0.00737580107341539,0.01216425225560349,-0.112641072603791,-0.007533017220824243,0.10510805538296676,-0.0176856650198595,-0.0019638903099669187,0.01572177470989258,-0.0475315190836276,0.015191035102682658,0.06272255418631026,-0.0461962583340943,0.015399258806683016,0.061595517140777316,-0.0607261008061889,-0.007411966431545738,0.05331413437464316,-0.0450122376663028,-0.009454562091851502,0.0355576755744513,-0.0978742446250318,0.0030953145545012184,0.10096955917953303,-0.0575638121679252,0.0033315655041250077,0.06089537767205021,-0.0624123131176496,0.0046327959610321726,0.06704510907868177,0.0031537102864837,-0.007789174324314407,-0.010942884610798106,-0.0291975310218,0.0027261330056850158,0.03192366402748502,-0.0363319622555244,-0.008167222916992886,0.028164739338531516,0.0889634486546669,-0.013616235428304275,-0.10257968408297118,-0.036768192603669,-0.0008644563050077703,0.03590373629866123,-0.0347587798443736,0.0004602887992757966,0.0352190686436494,-0.0768455515077862,-0.008816123121903389,0.06802942838588281,-0.0363523931296986,0.005095143421117797,0.0414475365508164,-0.0408016363211049,0.00524987990292675,0.046051516224031655,0.0029824018376154,-0.0019549986184199653,-0.0049374004560353655
2021-11-01,0.0226204608116478,0.04240155438644405,0.019781093574796252,0.0040349822388146,-0.02220798317893598,-0.02624296541775058,0.0815098053755179,0.02289472541367421,-0.05861507996184369,0.1328335560993722,0.013412889529410974,-0.11942066656996123,0.3283435089911105,-0.030419732951577724,-0.3587632419426882,0.0449870703269646,-0.012827750511325267,-0.057814820838289864,0.0456218940446324,-0.011784178180638417,-0.05740607222527082,0.0098590514024381,-0.018829443562295392,-0.028688494964733493,0.0790705583995673,0.0017488329770988206,-0.07732172542246847,0.0823712683706917,0.003180501342475055,-0.07919076702821665,-0.012588749597511,-0.04132581935537359,-0.02873706975786259,-0.0132710750451786,0.008823634396595958,0.02209470944177456,0.0803698933928347,-0.007689214305484563,-0.08805910769831926,0.0842988188514637,0.033275195600619395,-0.05102362325084431,0.0488505152915893,-0.02233672688063553,-0.07118724217222483,-0.0326167280723144,-0.009897311447473082,0.02271941662484132,0.0904867573093136,-0.006800070875478995,-0.0972868281847926,0.0519710620212802,-0.00285646855163175,-0.054827530572911946,0.0771730687351325,-0.005042484217020022,-0.08221555295215252,0.06031415624065,-0.007920966709950898,-0.0682351229506009,0.0390783097529375,0.0062626322916251274,-0.03281567746131238,,0.05239612151581114,,0.122535936140991,-0.0012551245523577804,-0.12379106069334878,-0.0260988935834998,-0.04174188977285327,-0.015642996189353473,0.072602678227957,0.010505097773692724,-0.06209758045426428,0.0732211389661274,0.011624804551206866,-0.06159633441492054,-0.0702915475944603,-0.03628178229302836,0.03400976530143194,0.0841937760595575,-0.012561275426201678,-0.09675505148575918,,0.030122810868801232,,0.0271536431230889,0.017232875280747094,-0.009920767842341804,0.015559688725392,-0.014742295376362687,-0.030301984101754685,0.1080711837993259,-0.008000520167839502,-0.1160717039671654,0.1169582039757403,-0.008776453380655257,-0.12573465735639555,0.029355220846098,-0.0041558458832318445,-0.033511066729329846,0.0498922783274354,-0.0008825999709692596,-0.050774878298404665,0.0492807498734855,0.0002472479764266879,-0.04903350189705881,0.0392887494582143,-0.039603410512668705,-0.078892159970883,0.0592210684834741,0.0057154493392275576,-0.05350561914424654,0.0629430062684868,0.03386584224985309,-0.029077164018633708,-0.0224415838612574,0.05395651398131089,0.07639809784256829,0.0287099030522084,0.00820974152289615,-0.02050016152931225,0.0304902076953984,0.005316670388341452,-0.02517353730705695,-0.0679022599575867,-0.06029031241307568,0.0076119475445110135,0.1250831856043215,-0.03511504016572804,-0.16019822577004955,,-0.08939427365191473,,0.1097741373240904,0.02331357339087258,-0.08646056393321783,0.1181562085899859,0.011705301860677754,-0.10645090672930815,0.123274403558328,0.028488961354139516,-0.09478544220418848,-0.0202820669666083,-0.029260304858782664,-0.008978237892174362,0.0315729345910467,0.014102982169818605,-0.017469952421228098,0.0380384433801154,0.01678689514624622,-0.021251548233869183,-0.1110211687060306,-0.06352145706105841,0.04749971164497219,0.0414959958983276,-0.009442419481268477,-0.05093841537959608,,-0.06675416689384452,,0.082424135816008,-0.026732838772928876,-0.10915697458893689,0.0716163199155309,0.02341031002130543,-0.048206009894225466,-0.0040163228362133,0.015202005901889642,0.019218328738102943,0.0521984661646522,0.012068861760496593,-0.04012960440415561,0.0542406141498027,0.014575637494156898,-0.0396649766556458,0.0391404182906159,-0.05583486217929758,-0.09497528046991349,0.0435684384597848,0.00573782381836265,-0.03783061464142215,0.059032205935722,-0.006146613251953825,-0.06517881918767582,0.0956314222532262,-0.005317441568640487,-0.10094886382186669,0.1029377851417608,-0.004570937124127881,-0.10750872226588869,0.0400336646113209,-0.02828924826678459,-0.06832291287810549,0.1094817833192153,0.006432762599054518,-0.10304902072016078,0.12676110018275,0.017810927569380193,-0.10895017261336981,-0.0265444243767807,-0.07665259470809901,-0.050108170331318314,0.0548133917182209,0.0008055567422009344,-0.05400783497601997,0.0608309371617889,0.0013679758930919721,-0.059462961268696934,0.0491793954956586,0.00455177141795271,-0.04462762407770589,0.0661075189083709,0.0037004011859800333,-0.06240711772239086,0.068829542997547,0.006364169935438415,-0.06246537306210858,-0.0114456218750888,-0.019391742082311817,-0.007946120207223017
2021-12-01,0.0161464775406982,0.03377564599902082,0.017629168458322617,-0.0688304546752153,-0.004543432652640095,0.0642870220225752,-0.0242605292421559,0.014089720562826471,0.03835024980498237,0.0105444090586974,0.018046073788947445,0.007501664730250044,0.0335550329828243,-0.006133923226291142,-0.039688956209115445,-0.0619212264205133,0.00014962640691257328,0.062070852827425874,-0.0645967787788938,0.0009562758149488282,0.06555305459384263,-0.0091679642472837,-0.011728288151443242,-0.002560323904159542,-0.0392267470331394,0.0042550203321188975,0.0434817673652583,-0.0324660971225764,0.00539238164342368,0.03785847876600008,-0.1083743099952198,-0.03193972242090494,0.07643458757431486,-0.0147722681300166,0.0036910503891015626,0.01846331851911816,-0.0091184221473184,0.002850244328663356,0.011968666475981757,-0.0093010768037842,0.022733520905288455,0.03203459770907266,-0.0886715976621115,-0.016181529568138675,0.07249006809397282,-0.0634199136921363,-0.007952624952712666,0.05546728873942364,-0.1107133698835535,-0.007520291002151547,0.10319307888140196,0.0103231513237053,0.01089646564123833,0.0005733143175330312,0.0416399619007522,0.0017735750049446334,-0.039866386895807564,0.0349551724914682,0.008823110186858512,-0.02613206230460969,0.008004773229175,0.012030432958320889,0.004025659729145889,,0.0617994379227547,,-0.0259994270692931,0.011705192754911853,0.037704619824204956,0.0086116202600398,-0.037397187020416965,-0.04600880728045677,0.1173673444405411,0.019230490715923823,-0.09813685372461728,0.1230918214580709,0.02006118599505388,-0.10303063546301702,-0.1109751579009925,-0.02726322081712371,0.08371193708386879,-0.0806781208302293,-0.002005299867438826,0.07867282096279046,,0.06465849035048025,,-0.0229993961457281,0.019463995498812888,0.04246339164454099,-0.0618446752572886,-0.0021881136691140296,0.059656561588174575,-0.0560374761160376,0.002523967969169843,0.05856144408520744,-0.0534720559619673,0.0016887659607155126,0.05516082192268282,-0.0717813209219588,-0.012045835527202366,0.05973548539475643,0.0112155586909956,0.013268418630141788,0.0020528599391461885,0.0203899361760331,0.015343672642519127,-0.005046263533513971,-0.0989937452395415,-0.03455950139989912,0.06443424383964239,-0.0028064205561509,0.012544404422637696,0.015350824978788596,0.0042907510076965,0.024464516614645115,0.020173765606948613,-0.0671032237826733,0.007594685599387425,0.07469790938206072,-0.0776950332567704,0.006419274325684835,0.08411430758245522,-0.0751938604106892,0.004516855728313528,0.07971071613900274,-0.1928227674862004,-0.05289626246885272,0.13992650501734766,-0.0051049402331088,-0.004919912424631595,0.00018502780847720526,,-0.0638829379714498,,-0.0248130738433155,0.023276641751977804,0.048089715595293306,-0.0534438134885679,0.008746834093326846,0.06219064758189475,-0.0475791039912204,0.016307066850180765,0.06388617084140116,-0.1329768237977741,-0.019989262881588366,0.11298756091618573,-0.0259349441007081,0.012286989469197778,0.03822193356990588,-0.0209290403137254,0.014881956066046665,0.035810996379772066,-0.1285524273948897,-0.07927765862266135,0.04927476877222835,0.0149627600032412,-0.0029084429919305154,-0.017871202995171715,,-0.023367960732224757,,-0.0903245142919619,-0.009243244303527094,0.0810812699884348,0.011782139140825,0.016941710539297463,0.005159571398472463,-0.0181996445953971,0.012735687422493473,0.030935332017890574,0.0211289405278221,0.013823132680035098,-0.007305807847787003,0.0235915750409935,0.015804252585694848,-0.007787322455298652,-0.0600345138225826,-0.03658773515311284,0.02344677866946976,-0.0483431994090429,0.01654392938067722,0.06488712878972012,-0.0321483907765923,0.015874888380216483,0.04802327915680879,-0.0352354593745814,0.0036790162392921666,0.03891447561387357,-0.0354298266113323,0.004676819196629857,0.04010664580796216,-0.0627521219176646,-0.014998504489153852,0.04775361742851075,-0.0664519344150967,0.011806080943805069,0.07825801535890177,-0.0666816957210306,0.013162449695162915,0.07984414541619352,-0.1128188126532505,-0.07946846698373966,0.03335034566951084,-0.0360939170236399,0.0031456278154460625,0.03923954483908596,-0.0399062731375671,0.0024157462397335857,0.042322019377300686,-0.0561851520661519,0.0045464263644041155,0.060731578430556016,-0.0147255389191662,0.008196320233605274,0.022921859152771472,-0.0107253442689714,0.01023922718391694,0.02096457145288834,-0.1464008748674013,-0.02108454018641318,0.12531633468098813
2022-01-01,0.0479657540446365,0.014776637679995323,-0.03318911636464118,0.0466889229368659,0.026934103817228428,-0.01975481911963747,0.0355031627040613,0.03248588780523644,-0.003017274898824862,-0.0348613882575365,0.021539479429145636,0.056400867686682135,-0.0566214990234054,0.03304338099216936,0.08966488001557477,0.0422464780959544,0.033532550812136075,-0.008713927283818326,0.0428195225959377,0.037495966320970395,-0.005323556274967306,-0.00855156327602,0.02476107170171561,0.03331263497773561,0.0041782360334018,0.00473853722556035,0.0005603011921585504,0.0079085412514265,0.006097043688064524,-0.0018114975633619756,-0.126946784424441,-0.036591174192713884,0.09035561023172711,0.0749151878719869,0.024641380794232566,-0.05027380707775433,0.0785358480314162,0.02061447063523952,-0.05792137739617667,0.0773865599364973,0.03278471735329212,-0.04460184258320518,-0.0800238867304049,0.023251055678711136,0.10327494240911604,0.040524045450183,0.006425508173173573,-0.03409853727700943,-0.0311992958477477,-0.009532806092226218,0.021666489755521483,0.1063989336788662,0.04899124228501466,-0.05740769139385154,0.0914254824446065,0.047507485724338765,-0.04391799672026774,0.0856108242165733,0.05971715979364299,-0.025893664422930313,0.1109370254964143,0.03379141328263641,-0.07714561221377789,,-0.016403366434366767,,-0.0086274460513055,0.01927794785782133,0.02790539390912683,-0.1754690746346774,-0.0611686953669808,0.1143003792676966,0.0355397072719952,0.006039169221925434,-0.029500538050069768,0.0344798436665378,0.005496674657299079,-0.02898316900923872,-0.0450233289695833,-0.04011500823493576,0.004908320734647538,-0.0247435081165342,0.01021184984743315,0.03495535796396735,-0.034766877769593,-0.03775642431426744,-0.00298954654467444,0.100117931281626,0.017160235247679262,-0.08295769603394673,0.1114891080108913,0.044215894672876364,-0.06727321333801495,0.0895553936647433,0.03331427950997038,-0.05624111415477292,0.0990556262342889,0.038060759839051383,-0.06099486639523752,-0.0098801110201131,0.01286723465526831,0.02274734567538141,0.0533801801933068,0.041697916015367695,-0.011682264177939106,0.056901026897348,0.04464198036723542,-0.012259046530112581,-0.0338451072410294,-0.014844394388574305,0.019000712852455092,0.0477438062913058,0.02453688388979627,-0.02320692240150953,0.0512866069078135,0.02198097422047955,-0.029305632687333952,-0.1030781606100946,-0.06308674653022235,0.03999141407987225,0.0762202909381161,0.014049397755615731,-0.06217089318250037,0.0813750986809214,0.017447988408741705,-0.06392711027217969,-0.1049078976522163,-0.10828904746594246,-0.0033811498137261697,0.0359992844177832,0.05642421591652179,0.020424931498738585,,0.009357072579472783,,-0.0049823909480884,0.027869911956556824,0.03285230290464523,0.0331872215630045,0.0347704455355726,0.0015832239725680972,0.0352640032783143,0.03862077982146628,0.0033567765431519805,-0.0560201527198576,0.008124059445595317,0.06414421216545292,0.0535469823346445,0.012468415072045321,-0.041078567262599175,0.0633490580531015,0.015093386715439163,-0.04825567133766233,-0.1746309806066682,-0.11350811944902774,0.06112286115764047,0.0520276703889188,-0.02267662963717865,-0.07470430002609744,,0.04552584433362021,,0.0795038043571254,0.04719581120810747,-0.03230799314901792,-0.006747193832325,0.006042674859124181,0.012789868691449182,0.0700915481263526,0.01817552149670577,-0.051916026629646825,-0.0081554376269732,0.02325308602143858,0.031408523648411776,-0.0048417458330943,0.02282567124970251,0.02766741708279681,0.0010869332182466,0.00451596054696109,0.0034290273287144904,0.0519127919894348,0.023147994851654613,-0.028764797137780185,0.0739745076237996,0.04831898291252376,-0.025655524711275843,0.0572051446425904,0.02825212553551121,-0.028953019107079186,0.0604436292264713,0.02631121255605112,-0.034132416670420176,0.0385396710164278,0.021968859910716256,-0.016570811105711545,0.0642370385805496,0.026580268894193723,-0.03765676968635588,0.0667480117211112,0.024356765644391095,-0.042391246076720096,-0.0862384781341214,-0.04654404611762266,0.03969443201649874,0.0748274938747289,0.02139144073753107,-0.05343605313719783,0.0739234905799578,0.01737670257819034,-0.05654678800176746,0.0594464299971988,0.019542715458818583,-0.039903714538380215,0.0874475084865429,0.028986851861778698,-0.0584606566247642,0.0959971715001791,0.030205131373141188,-0.0657920401270379,-0.0479927555636606,-0.055458378512069334,-0.007465622948408732
2022-02-01,,0.04137880371402758,,0.0032761028576599,0.021834115500287306,0.018558012642627405,-0.0845980519684749,0.01982054352937288,0.10441859549784778,-0.1174555846755223,0.015434380852047317,0.13288996552756963,-0.1108299148005006,0.028508690236683475,0.13933860503718407,0.0335266687611561,0.02159798988664669,-0.011928678874509407,0.0367133119067199,0.023382998874739318,-0.013330313031980581,-0.0133488081605754,0.005020483523101043,0.018369291683676445,-0.0923402576203692,0.019270923083707616,0.11161118070407682,-0.0886517508329618,0.019901451599637927,0.10855320243259972,-0.1394723137877691,-0.013824110919082904,0.1256482028686862,-0.0298269480017296,0.007729191570688229,0.03755613957241783,-0.0705650365216818,0.017243636723787703,0.08780867324546951,-0.0719188859160892,0.016923852730220557,0.08884273864630976,-0.1362537615945203,-0.0021817797679321077,0.1340719818265882,-0.0091558308899898,0.01304495837452432,0.02220078926451412,-0.1391784318256208,-0.014898915154823625,0.12427951667079719,-0.091118143527108,0.023575992427421498,0.11469413595452949,-0.1423680085398995,0.01897883244034695,0.16134684098024646,-0.100046940939877,0.023994854214444864,0.12404179515432186,-0.0710918070092886,0.008397365663222597,0.0794891726725112,0.0521338175712454,0.021159264936490303,-0.030974552634755095,-0.1367372316947265,0.017306025310222205,0.15404325700494872,-0.1532921448584464,-0.0647545084970956,0.08853763636135079,-0.0690359304527826,0.02245011618037946,0.09148604663316207,-0.0650202768433305,0.02304782092028041,0.08806809776361091,-0.1471109924567293,-0.014065069355884757,0.13304592310084454,-0.1995658184816402,0.020859676208996883,0.2204254946906371,-0.2163937308728883,-0.042965692351420406,0.17342803852146788,0.0186576718865073,0.010170069907140072,-0.008487601979367227,-0.079644212930321,0.015229009103995559,0.09487322203431657,-0.0241716907359792,0.012679520918129874,0.036851211654109074,-0.0259363640500165,0.013888930329235894,0.0398252943792524,-0.0764034515251646,-0.011182337871249365,0.06522111365391524,-0.0729311100735351,0.019878031561309302,0.09280914163484441,-0.0716373363686807,0.021204668577583092,0.0928420049462638,-0.0755652027428527,-0.018759919788752046,0.056805282954100644,-0.1277223247367534,0.016553664117601848,0.14427598885435525,-0.116070859499758,0.018577244628293795,0.13464810412805178,0.0009299213215911,-0.024067081316701548,-0.02499700263829265,-0.0974700547223272,0.013727679802553119,0.11119773452488031,-0.0947991292153495,0.01188479778419101,0.1066839269995405,-0.1488128452130147,-0.0040772663122268515,0.14473557890078784,-0.0276358190166854,0.03655049663044452,0.06418631564712991,,0.01673397027786997,,-0.1154483955314409,0.012700704735907774,0.1281491002673487,0.1867194815029492,0.013245114961288416,-0.1734743665416608,0.1929265244248023,0.018137610959481958,-0.17478891346532033,0.0684947652408144,-0.007974031753295514,-0.07646879699410991,-0.0654684657955136,0.012525669111910042,0.07799413490742364,-0.0582864777400278,0.012809130722577668,0.07109560846260547,-0.2079085336649541,-0.04053967691115524,0.16736885675379887,-0.0334470626032513,0.01676008622307124,0.050207148826322545,,0.04963827594400434,,-0.1009710592580451,0.022796095060651892,0.12376715431869699,-0.1299382951407291,0.017148564823410147,0.14708685996413925,-0.0899258572167415,0.02025461939811234,0.11018047661485383,-0.0973602843787052,0.012646262305107844,0.11000654668381304,-0.0972363287801341,0.013691272859881375,0.11092760164001547,-0.1764381551452207,-0.018237722560135877,0.15820043258508484,-0.031932084510812,0.03253354791078903,0.06446563242160103,-0.0436963112512373,0.026287399385974772,0.06998371063721208,-0.0542603451800014,0.01794260577206993,0.07220295095207133,-0.0514362827382492,0.01879325896904526,0.07022954170729445,-0.036413053603682,0.005492702046520668,0.04190575565020267,-0.0414006261355787,0.01864474762796168,0.060045373763540376,-0.0401111932647684,0.025000665109821976,0.06511185837459038,0.0053860143040366,-0.02446497789366541,-0.02985099219770201,-0.0029988593766299,0.015235296319739598,0.0182341556963695,0.0091761313644377,0.01449420395753808,0.005318072593100381,-0.0996224847713975,0.009481408786399895,0.1091038935577974,-0.0503411055515851,0.015295340892192436,0.06563644644377753,-0.0515677604188146,0.016772717766184973,0.06834047818499957,-0.0991285024156738,-0.0210340768003167,0.0780944256153571
2022-03-01,,-0.01058190505209704,,0.0773096107924808,0.01975368447495153,-0.057555926317529274,-0.0338273972341292,0.00566681985155773,0.03949421708568693,-0.0619253651490593,0.018870273685349367,0.08079563883440867,-0.0637844874190123,0.027782513798084735,0.09156700121709703,-0.0172727889587572,0.009815015807391326,0.027087804766148527,-0.0181271039188963,0.009031232486132539,0.027158336405028842,0.0045595629462132,0.0009483785722768613,-0.0036111843739363393,-0.0712480684680521,0.010831825497267872,0.08207989396531996,-0.073680710820755,0.011008664843910011,0.08468937566466501,-0.0867809812314742,-0.012689906248053908,0.07409107498342028,-0.0624906824967492,0.010061561503632365,0.07255224400038157,-0.0060095119791546,0.012461323684805943,0.018470835663960544,-0.0128811300466497,0.009459171114102041,0.02234030116075174,0.0065588307762642,0.002755741387996783,-0.0038030893882674173,-0.0009507234230219,0.005603841233641769,0.006554564656663669,-0.0128418959630016,0.022471274569247843,0.035313170532249444,-0.0240495229621683,0.010359692980776925,0.03440921594294523,-0.0462827391185958,0.007585989698359793,0.0538687288169556,-0.0087998844023794,0.013532256501473567,0.022332140903852965,-0.0436763374724149,0.009455583168524542,0.05313192064093944,0.1065914617035032,0.09036902659008027,-0.01622243511342293,-0.0008586266429927,0.025573690341844472,0.02643231698483717,-0.039463446997442,-0.03571686879859758,0.0037465781988444205,-0.0254946923410179,0.020344937745322235,0.045839630086340136,-0.0258793922052676,0.020592857865151228,0.04647225007041883,-0.0804733496874078,-0.019195459052063837,0.06127789063534396,-0.0066040274018797,0.02345288401727225,0.030056911419151948,-0.0228143342849406,0.045114495705407945,0.06792882999034855,-0.0018797957509715,0.013433603703762152,0.015313399454733652,0.0097400365526497,0.018765748879071894,0.009025712326422193,0.0069523461571821,0.008529858504595882,0.0015775123474137823,0.0083916322236088,0.008717702637853809,0.0003260704142450093,-0.0773946383431345,-0.006867368936184344,0.07052726940695014,-0.0533172721797633,0.015406081637410212,0.06872335381717351,-0.0601381529299473,0.016967788275310664,0.07710594120525796,-0.1195698433621151,0.0013362193560356932,0.12090606271815078,-0.0432626230188209,0.005216161142508412,0.048478784161329315,-0.0509295106516052,0.0046593503853610795,0.05558886103696628,-0.091183272076397,-0.024267714161814627,0.06691555791458237,0.0149222519920557,0.007090361945623767,-0.007831890046431934,0.011770127170281,0.0019980239957528593,-0.00977210317452814,-0.0869104312269024,-0.030590571593028526,0.05631985963387387,0.112893808798556,0.017007966889973945,-0.09588584190858206,,0.04738231544166217,,-0.029487127146375,0.013382083509463596,0.0428692106558386,0.0790706068661554,-0.005433387618687474,-0.08450399448484287,0.0740516905834001,-0.0009810929969759857,-0.07503278358037609,0.0845537198373469,-0.0209667674794102,-0.1055204873167571,-0.0268393274346507,0.0021159664525453705,0.02895529388719607,-0.0250816367524941,0.0023536284026363006,0.0274352651551304,-0.1064365754324748,-0.03328109819463321,0.07315547723784159,0.1093105736562385,0.027717763967585907,-0.0815928096886526,,0.09532386559656439,,-0.0355458402764983,0.01656282423005068,0.05210866450654898,0.0465262342879298,0.0037757058259195527,-0.042750528462010245,-0.0169477346460439,0.005967985439681736,0.022915720085725635,-0.0149627517258652,0.003871576014272954,0.018834327740138154,-0.0149303935353693,0.004672074702195462,0.01960246823756476,-0.0623879272788378,-0.00973951031475364,0.05264841696408416,0.0592734182966514,0.04129222372222366,-0.01798119457442774,0.1672834848208382,0.027823079187938075,-0.13946040563290013,-0.0333058467467772,0.011767072168563087,0.04507291891534029,-0.037035227300989,0.01247631144433595,0.04951153874532495,0.0119211193808009,0.0008378621573299393,-0.011083257223470961,0.0034989631336709,0.008067708791217265,0.004568745657546365,-0.0010843928878728,0.013298459181463846,0.014382852069336646,0.0929511436357553,-0.0238170177296557,-0.11676816136541099,0.0012945105381455,0.0072362659734666645,0.0059417554353211645,0.0097407118257446,0.006518285960258733,-0.003222425865485867,0.0328999153259005,-0.0005141370107364829,-0.03341405233663699,0.0184655052042429,0.013051834571395308,-0.005413670632847593,0.0200636230410859,0.014111468650703332,-0.0059521543903825695,0.0301842340320998,-0.011797800529443845,-0.041982034561543646
2022-04-01,0.1027598505734068,0.05849543277245072,-0.04426441780095607,-0.0263408548116008,0.002957882934288306,0.029298737745889106,0.1211665250789362,0.03962701237095806,-0.08153951270797814,-0.0001569082160495,0.020447047221230627,0.020603955437280125,0.1238081858477252,-0.005694192488644437,-0.12950237833636963,-0.0331488407716168,0.012795831718468247,0.04594467249008505,-0.0323190955375305,0.016251026290855536,0.048570121828386034,-0.0081244870523258,0.00276910933684804,0.01089359638917384,0.0228151799507958,0.00857948032775946,-0.01423569962303634,0.0252351984292706,0.010012496334711008,-0.01522270209455959,-0.00521108265301,-0.041294304440949316,-0.03608322178793932,-0.0232644904395068,0.02383729985357,0.0471017902930768,0.0672798598323903,0.008592934323271278,-0.058686925509119026,0.0837976077757009,0.04837059432520119,-0.035427013450499714,0.1032525598377659,0.0033683424023480107,-0.0998842174354179,-0.0013964607709585,0.0029937617185213485,0.004390222489479848,-0.0261778360381082,-0.00693013052459765,0.01924770551351055,0.0237350007917352,0.02591933043419648,0.002184329642461281,-0.0657118921245355,0.018755976274751108,0.0844678683992866,-0.0599900283862142,0.023819551415139875,0.08380957980135408,-0.0352863922172597,0.017807131142375823,0.053093523359635526,0.0090324385802604,0.021990407480465726,0.012957968900205325,0.0108228778786247,0.006548903193149182,-0.004273974685475518,0.0174651429823702,-0.06425298759874562,-0.08171813058111582,0.0439239857977167,0.009046283631380943,-0.034877702166335754,0.0461819520144757,0.00962850925884352,-0.03655344275563217,0.014868449010625,-0.042148824717010674,-0.057017273727635674,-0.0440053924755758,0.00021993109271715734,0.04422532356829296,-0.047571842171617,-0.0710923085625603,-0.023520466390943295,0.0188991689469239,0.020796116316606016,0.0018969473696821143,0.0004017889665954,0.01248784155392227,0.012086052587326871,0.0598455482464989,0.008983009045648523,-0.050862539200850376,0.0644714317849813,0.011308641314890632,-0.05316279047009066,-0.0158026752152943,-0.003655116405652664,0.012147558809641634,0.0264410076275053,0.01775801885693449,-0.008682988770570811,0.0355920804195473,0.019366508636859518,-0.01622557178268778,0.0122074529291912,-0.03203057460005506,-0.04423802752924626,0.0395333859689108,0.01628916784309138,-0.02324421812581942,0.0504580775544289,0.03867863150824487,-0.011779446046184035,0.0661821868995365,0.007478015483332755,-0.05870417141620375,0.0126476994311598,0.017934656803081404,0.005286957371921603,0.0140398320724849,0.013905569175216119,-0.00013426289726878142,-0.0614289623231969,-0.10219876412928736,-0.04076980180609045,0.1158010061405085,0.008549863948054758,-0.10725114219245374,0.0739202312035126,-0.027036450174066765,-0.10095668137757936,0.1036033461723344,0.029622472054448033,-0.07398087411788637,0.0963097704934269,0.02989521214868123,-0.06641455834474566,0.0883289381746992,0.048114987705727676,-0.04021395046897152,0.087272795709758,-0.01860543625595407,-0.10587823196571207,0.0660289619526374,0.018380261653952273,-0.04764870029868512,0.0708841652252443,0.020701166609969766,-0.05018299861527453,0.0141201310677792,-0.07600254080241133,-0.09012267187019052,0.1499795884700886,-0.012429244978249467,-0.16240883344833806,0.0881227295678084,0.003189836888460737,-0.08493289267934766,-0.0069838774377112,0.007349259749305496,0.014333137187016697,-0.097016689662987,0.030146935347613812,0.1271636250106008,0.0023724040771717,0.028231856648769746,0.025859452571598045,0.0379785748264238,0.015246357127904498,-0.0227322176985193,0.0438498811532403,0.017066852649061624,-0.02678302850417868,-0.0999136275887712,-0.04106672013518744,0.058846907453583765,0.0252916411936562,0.030794693950427166,0.005503052756770967,0.091734013680133,0.022553550080358965,-0.06918046359977403,0.0364362498585695,0.013682357636733419,-0.02275389222183608,0.0360747096156575,0.012932724468014191,-0.02314198514764331,0.0179681029454591,-0.004093871325405331,-0.02206197427086443,0.0625962616241508,0.021499532306405986,-0.041096729317744815,0.0679701669693678,0.03849834489265487,-0.029471822076712936,0.1463038642607338,-0.06971544370649628,-0.21601930796723007,0.0923260630581698,0.016936755739107225,-0.07538930731906257,0.0903886554830399,0.014826831327459516,-0.07556182415558038,0.0516557852603577,0.020277456487839428,-0.031378328772518276,0.0221177966025247,0.018459060480454897,-0.0036587361220698014,0.0238159377909413,0.02136006359995246,-0.0024558741909888396,0.0392029745115058,-0.04446676214750381,-0.0836697366590096
2022-05-01,,0.034517945157920234,,-0.1103841631688155,0.014203175997588285,0.12458733916640378,-0.0216072683725955,0.020630734379527362,0.04223800275212286,-0.0681945613336295,0.014734987636157694,0.08292954896978719,-0.1775946202431265,0.022141300391889086,0.19973592063501558,-0.0895668737261198,0.021288016681794666,0.11085489040791446,-0.089852516446145,0.023953167487810213,0.11380568393395521,-0.0759561797451898,0.0072425210823457145,0.08319870082753551,-0.1220555569970817,0.009778510150348236,0.13183406714742993,-0.1204779729959582,0.011014257927444324,0.1314922309234025,-0.1681507631407376,-0.02639730046745384,0.14175346267328376,0.062155927597583,0.00598085288909569,-0.05617507470848731,-0.0238966646185518,0.013814178056984082,0.037710842675535886,-0.023334006788488,0.017451559461856062,0.04078556625034406,-0.1676682401544374,-0.003532093651022716,0.16413614650341468,-0.0997570364082611,0.0038416393247908934,0.103598675733052,-0.1273263611814876,-0.02863196828811032,0.09869439289337728,-0.0969750698193845,0.030993294166376324,0.12796836398576084,-0.0613653117471591,0.02879493866680455,0.09016025041396365,-0.007320783140246,0.0357603499144943,0.043081133054740296,0.019171947911817,0.018756684771172445,-0.0004152631406445541,-0.0370010872151914,-0.011153013905599975,0.025848073309591428,-0.1074163906601479,0.013592594727775234,0.12100898538792312,-0.1429099512672317,-0.05840719925098841,0.08450275201624327,-0.1327459967425954,0.016606103213566877,0.14935209995616228,-0.1325065873751872,0.016901463244295742,0.14940805061948292,-0.1246685702531787,-0.02183228962939158,0.10283628062378714,-0.2872318301388072,0.00706063319176798,0.2942924633305752,,0.0018441235920762626,,0.0234923826545402,0.011873259362144157,-0.011619123292396042,-0.0998911527043881,0.017780691527320064,0.11767184423170816,-0.0436421904048149,0.019885148384266735,0.06352733878908164,-0.0370338860773253,0.02170823322454283,0.05874211930186813,-0.1658277623100298,5.802916057817865e-05,0.16588579147060797,-0.1019291101522417,0.028055574220073515,0.1299846843723152,-0.1002762082857936,0.030312699167719784,0.1305889074535134,-0.1587454925606281,-0.029198594647075592,0.1295468979135525,-0.1024249282794635,0.02215695163359946,0.12458187991306297,-0.0998569864059539,0.02140088280626324,0.12125786921221715,-0.4337803487160447,-0.031350726398019765,0.4024296223180249,-0.1056876216028629,0.00992304185115254,0.11561066345401544,-0.1040644127554367,0.014147728210304727,0.11821214096574142,-0.1381578304422409,-0.02934184388652825,0.10881598655571265,-0.1079443387303524,0.037746818887535054,0.14569115761788745,,-0.03844963733212264,,-0.0596942022804617,0.018402135063040413,0.0780963373435021,-0.0003154306622863,0.022849605316465557,0.023165035978751858,-0.0015039337939687,0.02340945768179424,0.02491339147576294,-0.0229275690210416,0.0043457120086887145,0.027273281029730315,-0.0313336323477177,0.014096443655485211,0.04543007600320291,-0.0229786885886684,0.016197579126480996,0.0391762677151494,-0.3358163058258741,-0.0885432846687598,0.24727302115711428,-0.0838446056721004,-0.010213013889103709,0.07363159178299669,-0.1112517479193873,-0.009969163761045919,0.10128258415834138,-0.1167558534449961,0.023510524766025012,0.14026637821102111,-0.0152725080126818,0.009672728768426408,0.02494523678110821,-0.062045353793519,0.015949659975521245,0.07799501376904025,-0.1222225302829253,0.022371851638288694,0.144594381921214,-0.1261837168655624,0.022884896104422875,0.14906861296998528,-0.1199199469025434,-0.011400889866479526,0.10851905703606388,-0.0501971125314536,0.008358374067589271,0.05855548659904287,-0.0598476311106598,0.027250053948257327,0.08709768505891713,-0.08656412804882,0.017369465177257376,0.10393359322607737,-0.0852932239839624,0.017565042720606355,0.10285826670456875,-0.1117637662845843,0.005934107537451775,0.11769787382203607,-0.11332961058468,0.020255879076948126,0.13358548966162812,-0.1135522534363813,0.01438742814971383,0.12793968158609512,-0.1007879957425406,-0.04547486862128489,0.05531312712125571,-0.0424818233259086,0.012707004645485845,0.05518882797139445,-0.0454430045478444,0.011243776023051646,0.056686780570896045,-0.0844223883922618,0.010100992115178179,0.09452338050743997,-0.0238738602558348,0.016727128215832183,0.04060098847166699,-0.0199858106534053,0.01787828362349825,0.03786409427690355,-0.1229706594136128,-0.030932309766377637,0.09203834964723517
2022-06-01,0.0668392753230057,0.04821183932567465,-0.018627435997331042,-0.0166093352665376,-0.012411789024582443,0.004197546241955157,-0.0302234212597521,0.02910550329213803,0.05932892455189013,-0.0698741626142068,0.0020456501499253044,0.0719198127641321,-0.0802395340673346,-0.012377880146257085,0.06786165392107751,0.041923860204175,-0.005244626783883825,-0.047168486988058825,0.0423399854190795,-0.003773366180897632,-0.04611335159997713,-0.0506429378659207,-0.010387500760364895,0.040255437105555805,-0.031013561422168,0.016367176485128938,0.04738073790729694,-0.0286495428779919,0.01742126961369693,0.04607081249168883,-0.151759458811826,-0.02388535098171486,0.12787410783011116,-0.016405713757965,0.010262350720420846,0.026668064478385843,0.0400511764575359,-0.004157012534050479,-0.04420818899158638,0.0382892434481468,0.024119362165312425,-0.014169881282834373,-0.1332755633623217,-0.020734797679228135,0.11254076568309355,0.0607379424440017,0.010850700758615,-0.0498872416853867,0.0286394466136261,-0.01995191096874095,-0.048591357582367045,-0.0272783073727525,-0.009016433045434336,0.018261874327318163,0.0591882418435122,0.0051290666481833514,-0.05405917519532885,0.0191396029121991,-0.012963380393086877,-0.03210298330528598,-0.0491433302441045,-0.006964592732114619,0.04217873751198988,0.0075770277437208,-0.006603920198185734,-0.014180947941906535,-0.0324137181101176,-0.007770187146015848,0.024643530964101747,-0.0869912694248348,-0.0701987176799701,0.0167925517448647,-0.0078142217636197,0.0083215719255075,0.016135793689127202,-0.0094113519575552,0.00953233811812575,0.01894369007568095,-0.0087455384533195,-0.02126382332805675,-0.012518284874737249,-0.0388879855983869,0.0031993802693542368,0.04208736586774114,,-0.08474274495579835,,-0.02373065349931,0.00028505400633278323,0.024015707505642785,0.0036348813342354,-0.012680373749034544,-0.016315255083269944,0.0122647039211964,-0.008114032612525041,-0.020378736533721444,0.0068924189660404,-0.007408861923890418,-0.014301280889930818,-0.0055689790533222,0.007494436126003817,0.013063415179326018,0.0215429641305645,-0.010072613982111452,-0.03161557811267596,0.0222805463158888,-0.01084500641658057,-0.033125552732469365,-0.0747296283645854,-0.02565455326516695,0.04907507509941844,0.0244784547492638,0.0022047225395670144,-0.022273732209696785,0.0249848147903953,0.030465340461679303,0.005480525671284004,-0.1072012965618982,0.06847214835096627,0.17567344491286446,-0.0170888453098634,0.014367512874431915,0.03145635818429532,-0.013243208569447,0.013260986252466104,0.026504194821913102,-0.133886703122431,0.026984669008192057,0.16087137213062305,-0.0023140031781537,-0.020949559003905747,-0.018635555825752048,,-0.03832696670121566,,-0.0351934256272474,0.0056709197584092885,0.04086434538565669,0.1491004060782809,0.013085709142183276,-0.13601469693609763,0.1482863345728193,0.030813002654173024,-0.11747333191864628,0.0616535370369843,-0.02032949865867346,-0.08198303569565776,0.0183863012228282,0.01421595301542534,-0.004170348207402861,0.0242982417375835,0.014178710673754676,-0.010119531063828823,-0.1495538316916213,0.0025361684565656795,0.15209000014818697,-0.0818565099695028,0.010321581292622721,0.09217809126212553,-0.0797659712120534,-0.047158845513642945,0.03260712569841045,-0.0117705956532016,-0.010999957685331784,0.0007706379678698166,-0.0030803636463093,0.022757831626224318,0.02583819527253362,-0.020001394544374,0.019818016725823406,0.039819411270197405,-0.0617388548000238,0.01041912705249487,0.07215798185251868,-0.0601703307858799,0.012138945836207404,0.0723092766220873,-0.0933913508210698,-0.04855708691262619,0.044834263908443604,0.0214048737651729,0.00014774155695421534,-0.021257132208218683,-0.0573099556498044,-0.023873928098295888,0.03343602755150851,-0.0103802400172108,-0.0015732884818920262,0.008806951535318772,-0.0102470662188193,-0.0005503880115955913,0.009696678207223709,0.0018447899149586,-0.021113374656330113,-0.022958164571288714,-0.0274393185398729,0.004498455506617684,0.031937774046490584,-0.0246570549444642,0.02429247934242339,0.048949534286887586,0.0366227640226031,0.0006865064027517348,-0.035936257619851364,0.0485093016832342,0.007542520050038103,-0.0409667816331961,0.0562676744404934,0.010515097414637044,-0.04575257702585636,0.0780818867706318,0.0032411341051365623,-0.07484075266549524,0.0080231203112305,0.0032513536964178477,-0.004771766614812652,0.005645510402379,0.005273194942230147,-0.00037231546014885285,-0.0407518609394573,-0.004755168439563889,0.03599669249989341
2022-07-01,,0.011096821254926965,,-0.0457832036846639,-0.003686401006315142,0.04209680267834876,-0.0423186434909023,-0.007032241256775566,0.03528640223412673,-0.1199314080785802,-0.004371410656073497,0.11555999742250671,-0.1187886141346804,0.018113963138682392,0.1369025772733628,-0.1165674394152434,-0.0021922016939619833,0.11437523772128141,-0.1192058462819312,-0.0030244646760718328,0.11618138160585938,-0.0699324435798778,-0.014262111950040972,0.055670331629836825,-0.0681792668228516,0.014874126328709405,0.083053393151561,-0.0675455983509736,0.015565945754636235,0.08311154410560984,-0.1996236322746566,-0.0027800454824392826,0.1968435867922173,-0.0422527710145636,-0.022010942567236385,0.020241828447327217,-0.1473541207061406,-0.0008447755997503815,0.14650934510639022,-0.1453180785990116,-0.024166566824422694,0.12115151177458891,-0.1840424902299771,-0.04001298206182171,0.14402950816815538,-0.085738096062973,0.004221797636748811,0.08995989369972181,-0.1608819458886679,-0.04552742907577278,0.1153545168128951,-0.0844104309737462,-0.009784829287447472,0.07462560168629873,-0.1073659718963971,0.005945888202344185,0.11331186009874128,-0.1219362006609278,-0.006562897039925489,0.1153733036210023,-0.0269367346430943,-0.008142542726079054,0.018794191917015247,-0.0323266838257035,-0.016875939372203077,0.015450744453500424,-0.0928247168789979,0.004094663765267868,0.09691938064426578,-0.126721520945492,-0.047554552263329795,0.07916696868216219,-0.1150287333601721,0.023969468893799337,0.13899820225397144,-0.1152511256997415,0.025027556893604638,0.14027868259334614,-0.0852509841345705,0.009614062965985644,0.09486504710055614,-0.1109770929071446,0.008856185392753612,0.1198332782998982,,0.08028551841222706,,-0.0378262135139008,-0.008700975148047825,0.029125238365852978,-0.0771611564109703,-0.015328804748557643,0.06183235166241265,-0.0270381354084584,0.0007807162692861606,0.02781885167774456,-0.0222767932135166,-0.0010389388227220017,0.0212378543907946,-0.0633453898153837,0.0035424952080462305,0.06688788502342992,-0.1342295781772294,0.0006154037242206125,0.13484498190145003,-0.141357355642898,0.001048311382546551,0.14240566702544455,-0.1983394308880798,-0.026628993711517623,0.17171043717656218,-0.0746070967482616,0.008021648054736739,0.08262874480299834,-0.0678466074478517,0.0037946884869255724,0.07164129593477728,-0.1813256301655828,0.020877701394356706,0.20220333155993953,-0.0866462743235129,-0.0013347085120618968,0.08531156581145101,-0.0855773989287927,0.007716924003286246,0.09329432293207894,-0.0890793994274792,0.1304294496317561,0.2195088490592353,-0.2047348697413889,0.005612998129871763,0.21034786787126067,,-0.07625573140566211,,-0.0549902642381418,-0.008871429697101215,0.046118834541040585,-0.1674179716418707,-0.0063953112371072495,0.16102266040476346,-0.1608663877781925,-0.014895677830359015,0.14597070994783348,-0.1948023764803998,0.004197050176401413,0.1989994266568012,0.0025249935385688,0.0065400074350263114,0.004015013896457512,0.0021921395993145,0.0066291443852310025,0.0044370047859165025,-0.0916215215418142,-0.02006579504472062,0.07155572649709357,-0.1282411423413018,0.016989643392341026,0.14523078573364281,-0.133535004574081,-0.07710210652609455,0.05643289804798644,-0.140975896198578,-0.0029932081556126654,0.13798268804296535,-0.0895057450728055,-0.006389366077516554,0.08311637899528894,-0.0657179482432034,-0.002054412607579739,0.06366353563562366,-0.0912321311204242,0.017901686529454234,0.10913381764987844,-0.0888678464219774,0.018380440784227004,0.1072482872062044,-0.1604898654665441,-0.013925801056492236,0.14656406441005185,-0.0774323079233145,-0.030975183859927296,0.0464571240633872,-0.1930047107988012,-0.019189134038331748,0.17381557676046944,-0.0770141716955167,-0.0026290838522763965,0.07438508784324031,-0.0676878674351987,0.000498540347086044,0.06818640778228474,-0.1042571731846131,-0.015984397846048472,0.08827277533856462,-0.0674164051532879,-0.0011411252729102211,0.06627527988037768,-0.050084525324515,-0.01663998626448224,0.033444539060032766,-0.1453959092039181,0.01352640517726563,0.15892231438118373,-0.0643387845024104,-0.005028105437308481,0.05931067906510192,-0.0603992981347569,-0.0008720859435021564,0.059527212191254744,-0.045219298524681,-0.01625997757341915,0.028959320951261847,-0.0714228420384285,-0.004265832240182894,0.0671570097982456,-0.0641541509565832,-0.004589942730726328,0.05956420822585687,-0.0564410881709187,0.02164800337005592,0.07808909154097463
2022-08-01,0.0616058476810492,0.01914075924013353,-0.04246508844091567,0.0781506179406525,0.032478086516664124,-0.04567253142398838,0.0707521923398153,0.0199209651277551,-0.05083122721206021,0.1227906946392801,0.015060902994422152,-0.10772979164485795,0.2742465484424377,0.04446513851790702,-0.22978140992453067,0.0652069450102569,0.026865434922391133,-0.038341510087865766,0.0636203465075218,0.028118010491956204,-0.03550233601556559,0.0181385195764602,0.014085067405042643,-0.004053452171417558,0.0907156806717514,0.023421457404949504,-0.0672942232668019,0.0915526256103581,0.02370143331127403,-0.06785119229908407,0.089137447798385,-0.004625067182882134,-0.09376251498126714,0.0339621362193203,0.013966130811510087,-0.019996005407810213,0.0661637368963274,0.0216180599304937,-0.0445456769658337,0.0659124519144729,0.012664169703283408,-0.05324828221118949,0.201159930504288,0.00873350746515018,-0.19242642303913782,0.0059953698163164,0.022092671517161804,0.016097301700845404,-0.0234502430653255,-0.0016583039368191748,0.021791939128506327,0.0992064362610585,0.023389791381285614,-0.07581664487977288,0.1654416978267141,0.026615803437781735,-0.1388258943889324,0.1583209172396471,0.027444027027133496,-0.1308768902125136,0.010417778166323,0.008738220427136048,-0.0016795577391869512,-0.0178227784324679,0.020293861462508382,0.03811663989497628,0.2135567642962219,0.02215705981416667,-0.19139970448205523,0.01436009615176,-0.06483065345269123,-0.07919074960445123,0.172542627750832,0.02104309726054266,-0.15149953049028936,0.1719673441249871,0.021304884403961957,-0.15066245972102515,0.0789670035132247,-0.010011281007778084,-0.08897828452100279,0.1749029549642967,0.0327373994954496,-0.1421655554688471,,-0.06193159530716871,,0.0379024630090927,0.006453391396893319,-0.031449071612199384,0.084212165786199,0.02700759564737223,-0.057204570138826766,0.0317536888178268,0.01755614409438079,-0.014197544723446011,0.0391178117224501,0.01971580731033486,-0.01940200441211524,-0.0840365212042321,-9.472569887823148e-05,0.08394179550535387,0.1314901453654939,0.02091087004310224,-0.11057927532239165,0.1349649438016196,0.02176072202298543,-0.11320422177863418,-0.0872281989584461,0.0008791488703792762,0.08810734782882537,0.1303220149478521,0.013900443130817333,-0.11642157181703476,0.131506058580571,0.011767367427568535,-0.11973869115300245,-0.0063700966355796,-0.030074735681264078,-0.023704639045684477,0.0577220852194991,0.016050409503024565,-0.04167167571647454,0.0536405475494783,0.014126809425893882,-0.03951373812358442,0.0275470784608977,0.012508746303022915,-0.015038332157874786,0.0735807009580102,0.04614919159415932,-0.02743150936385088,,0.06627292675883195,,0.1133885046401781,0.008360718830177177,-0.10502778581000093,0.0891805789979483,0.010681041401819254,-0.07849953759612904,0.0818463731578105,0.014788101390923488,-0.06705827176688701,0.0817440327160888,-0.00415766889716831,-0.08590170161325711,0.0027793001260284,0.009518129994738767,0.0067388298687103675,-4.697506292471686e-05,0.00866569847797189,0.008712673540896608,0.0022718294603008,-0.014579872307979911,-0.01685170176828071,-0.1129857726042653,0.029213521453644666,0.14219929405790996,0.0030631904582721,0.09415287583970734,0.09108968538143525,0.1388204670715249,0.037426865492263504,-0.10139360157926139,0.0648421305352021,0.010871542617306973,-0.05397058791789513,0.1170497085097534,0.01823619692237689,-0.0988135115873765,0.170316279447224,0.011027498576219385,-0.15928878087100462,0.1747476045615067,0.011278713533082659,-0.16346889102842405,-0.0429577675232665,-0.002804956471102034,0.040152811052164464,0.0829819917318965,0.038366626807328684,-0.04461536492456782,0.1893508403289406,0.02797837738897702,-0.16137246293996357,0.0842443871748183,0.022637948566735813,-0.06160643860808249,0.0796670940415167,0.023120706430490297,-0.0565463876110264,0.0820779398578301,0.014298648145067549,-0.06777929171276255,0.1006063443529794,0.017412168199426245,-0.08319417615355315,0.0966939267695791,0.025811159046545178,-0.07088276772303392,0.0564217238610314,0.013047568674045794,-0.043374155186985605,0.059085392695567,0.018997089691129558,-0.04008830300443744,0.0573103687612033,0.018648103245294513,-0.03866226551590879,0.0787007669206803,0.008503660683725198,-0.0701971062369551,0.0901135921672956,0.01920179157183509,-0.07091180059546051,0.0856422103745659,0.020094394569525078,-0.06554781580504082,0.0394436606686006,-0.014602484001462445,-0.054046144670063044
2022-09-01,,0.024205383403801534,,-0.0140196891326282,0.014532807712379062,0.028552496845007262,0.0382249758611066,0.032161514284179064,-0.006063461576927533,-0.0588773523981098,0.00975419975996492,0.06863155215807472,-0.0668861907828904,0.021413554418148902,0.08829974520103931,-0.0340575100553501,0.017682797125024026,0.051740307180374125,-0.034218965815838,0.020054774609959053,0.05427374042579705,-0.0240533282755945,0.01239433411882865,0.03644766239442315,-0.0519862433563343,0.01707642134495048,0.06906266470128478,-0.0519096812227447,0.01797463680873357,0.06988431803147827,-0.0160551801277066,-0.020337772955663413,-0.0042825928279568125,-0.0269577485612052,0.02084093101894849,0.047798679580153686,-0.0172242248566053,0.01131885892888864,0.02854308378549394,-0.0161148844024147,0.02484514066903466,0.04096002507144936,0.0272104589411673,0.006162343733932746,-0.021048115207234555,-0.0345185595606247,0.018287434523411254,0.052805994084035954,0.0330178327345331,-0.009256531925604638,-0.04227436466013774,-0.0416105937056017,0.017160422783537976,0.05877101648913968,-0.0638913049826392,0.03018287944433002,0.09407418442696922,-0.0726464031882203,0.02163777822136467,0.09428418140958497,-0.0257483818088181,0.00964776070634784,0.03539614251516594,0.0232286875008058,-0.018127536972119895,-0.041356224472925696,-0.0675171693451426,0.007289778930835108,0.07480694827597771,0.0189011671599414,-0.07099073259751658,-0.08989189975745798,-0.0564980107633693,0.007586637453168327,0.06408464821653763,-0.0564926843658305,0.007857538975516444,0.06435022334134695,-0.0517080103771402,-0.023924376370120775,0.027783634007019425,-0.0171921823871686,0.017086133952924052,0.03427831634009265,,-0.09510252017119389,,-0.0089903185935214,0.003908148303766522,0.012898466897287922,-0.0353509359459294,0.020518793058221015,0.05586972900415041,-0.0105388153571774,0.013705800722264311,0.024244616079441714,-0.0139353135970198,0.01695256748305115,0.03088788108007095,-0.0428250057805126,0.016624585041214328,0.059449590821726926,-0.0444645184909686,0.013153017373568353,0.05761753586453695,-0.0452618005197642,0.013488402326366226,0.05875020284613043,-0.004477652228523,-0.0071200897465156536,-0.002642437517992653,-0.0851169072339249,0.011005673166539722,0.09612258040046462,-0.0780248933173032,0.02279141981156775,0.10081631312887095,-9.718094426148984e-05,0.006867486818423558,0.006964667762685048,-0.0530952672437043,0.017345582125942886,0.07044084936964719,-0.0531042099601392,0.018058838716046004,0.0711630486761852,0.0770379707449837,-0.009727447450133491,-0.08676541819511718,0.0699904399496405,0.023517834626177587,-0.04647260532346292,,0.023013257912066504,,-0.040073953269109,0.01092454302128783,0.05099849629039683,0.0292989275251041,0.021874505318976837,-0.0074244222061272645,0.0270702040868214,0.033109365885006896,0.006039161798185495,0.0986199984680646,-0.003999781610019479,-0.10261978007808407,-0.0579218077817269,0.012413231106600002,0.0703350388883269,-0.0616705417756419,0.012422918765256648,0.07409346054089855,-0.0197347114262433,-0.022871039520691448,-0.003136328094448148,-0.0781934124661446,0.007655299987104995,0.0858487124532496,-0.1167472073413495,0.028128972695232804,0.1448761800365823,-0.0676499988988862,0.02688300806180147,0.09453300696068767,-0.0836463598200596,0.013047701581805134,0.09669406140186473,-0.0130460945774562,0.019891563790028093,0.032937658367484295,-0.0318460049430116,0.01506902270401062,0.04691502764702222,-0.0359267384398926,0.01530943310970752,0.05123617154960012,-0.0237098520793709,-0.014758934477563214,0.008950917601807684,-0.0239098418561044,0.01588897511081959,0.039798816966923986,-0.0180599833121514,0.0085914974477788,0.0266514807599302,-0.0329370315509191,0.016141495458752788,0.049078527009671885,-0.0263317962137197,0.015723104672921713,0.04205490088664141,-0.0294170401515536,0.005355690904942395,0.034772731056496,-0.0184706271880449,0.014487452406773356,0.03295807959481825,-0.0192804653992138,0.027393635242219397,0.046674100641433194,-0.0090862433683076,0.012607490476268626,0.021693733844576228,-0.0098118636471049,0.01790598784953821,0.02771785149664311,-0.0170487421966347,0.018261720253266996,0.0353104624499017,-0.0484460461787125,0.010724877315066599,0.0591709234937791,-0.005607776261037,0.017630294933237402,0.0232380711942744,-0.0013335602990376,0.0189035743494607,0.0202371346484983,0.0254906680751064,-0.021321072895293995,-0.046811740970400396
2022-10-01,,0.044994350083332926,,-0.1307752123563299,0.011331811026410496,0.1421070233827404,-0.0612881527486329,0.009396097382533414,0.0706842501311663,-0.1730479661348173,0.0228972403615032,0.1959452064963205,-0.0638122016086434,0.015539113556402855,0.07935131516504626,-0.0808434984572163,0.015074658776729173,0.09591815723394548,-0.0821064562126859,0.01618347043599689,0.0982899266486828,-0.0669215296055052,-0.005312975321841125,0.06160855428366407,-0.1149108442691204,0.010417085432930205,0.12532792970205062,-0.1160410898309167,0.011448000916615936,0.12748909074753262,-0.1660434524251566,-0.02144116506879516,0.14460228735636146,-0.1410169769570796,-0.0032955054948719496,0.13772147146220765,-0.0961808278458125,0.014505763573754087,0.11068659141956659,-0.0840605703969027,0.014775709203576147,0.09883627960047886,-0.1999020655769357,-0.014708724331141707,0.185193341245794,-0.1298903759351163,-0.004304240229541782,0.1255861357055745,-0.0588226270254209,-0.02026893883735036,0.038553688188070534,-0.1048191040694976,0.027275052752324145,0.13209415682182174,-0.0715304364263584,0.010205804137368628,0.08173624056372703,-0.0919171073165428,0.026425152291016992,0.1183422596075598,-0.1107787920561,0.018044082443509087,0.12882287449960908,-0.0809244935508649,0.055356292529926535,0.13628078608079142,-0.0761838677193919,0.02274626709210299,0.09893013481149489,-0.0973208873267778,-0.03677187955079905,0.06054900777597874,-0.1258614499045437,0.03170649088129349,0.1575679407858372,-0.1263840774866778,0.032486514513792794,0.1588705920004706,-0.1531722686252931,-0.01341324523519703,0.13975902339009608,-0.0344950066941604,0.0067959964360765285,0.041291003130236925,,0.09158545486686435,,-0.0823225006859739,0.022871506723876743,0.10519400740985063,-0.0495508997353628,0.006021369979032162,0.05557226971439496,-0.0473422709880983,0.01377659819463864,0.06111886918273694,-0.0476378788947114,0.01260476171762709,0.060242640612338486,-0.1214955814180642,-0.020786586614167154,0.10070899480389704,-0.0950675824564138,0.028585136030932233,0.12365271848734602,-0.0944487228648237,0.03153897087505336,0.12598769373987706,-0.1480094157904252,-0.037520094650185715,0.11048932114023949,-0.0788816396500851,0.024398597088176766,0.10328023673826187,-0.0677006204868505,0.021873192837958005,0.0895738133248085,-0.1171931306781901,-0.029608884504957366,0.08758424617323272,-0.0658013819501671,0.007284150407019403,0.07308553235718651,-0.0651764378628891,0.0077086798121451024,0.0728851176750342,-0.1418827563043055,-0.029135032346583257,0.11274772395772224,-0.0815941240486225,0.0269650667509802,0.1085591907996027,,-0.06192627411096577,,-0.0566406742602637,0.02484953808045905,0.08149021234072275,-0.0952892844664009,0.011731220369537564,0.10702050483593847,-0.0888040707766592,0.009769240859229866,0.09857331163588906,-0.0599582648060987,-0.005859120834717336,0.05409914397138137,0.0007819013196902,0.015958608188457263,0.015176706868767063,0.0050354612582528,0.018677711002208018,0.013642249743955219,-0.0941525272116033,-0.09689902083061634,-0.002746493619013038,0.041013027849867,0.001383722636954545,-0.039629305212912455,-0.0660701296036598,-0.00866759206480355,0.05740253753885624,-0.1342236850363236,0.005920534352509951,0.14014421938883354,-0.1411710122822876,0.016812583838018886,0.1579835961203065,-0.0573617590908625,0.015502622313045087,0.0728643814039076,-0.0777900026452348,0.02063942237184339,0.09842942501707819,-0.074341026990512,0.022370295545614805,0.0967113225361268,-0.1827351266830084,-0.021567595765739977,0.16116753091726843,-0.0762562238042829,0.022249534825984033,0.09850575863026693,-0.1712965971887661,0.035558883727139265,0.2068554809159054,-0.1092806231322515,0.013732114096193994,0.1230127372284455,-0.1047878030959778,0.015326894947676584,0.12011469804365438,-0.1478346806069179,-0.002379339754734211,0.1454553408521837,-0.1444381477165685,0.020987256759018,0.16542540447558648,-0.1349235984487783,0.011193923187809993,0.14611752163658828,-0.8878669082719844,-0.08604988092383123,0.8018170273481532,-0.1156350856260335,0.007521306324520015,0.12315639195055351,-0.1114939687105183,0.005834580628636001,0.11732854933915429,-0.1191898700950249,0.007831047914705338,0.12702091800973023,-0.0895439366340091,0.013049749717743496,0.10259368635175259,-0.0843827715752843,0.014626622624105745,0.09900939419939005,-0.1973704107103477,-0.020357619231091577,0.1770127914792561
2022-11-01,,0.022175767081373133,,0.1771493251951936,-0.00944939758151377,-0.1865987227767074,0.0064813444879798,0.013354555920887473,0.006873211432907673,0.1201546727614082,0.018979477946261654,-0.10117519481514656,-0.0657056019932464,-0.010873126549737908,0.0548324754435085,0.1167033349139511,-0.004859475814112358,-0.12156281072806346,0.116965591529049,-0.004703098460207859,-0.12166868998925687,0.0246846582659165,-0.012766773108999527,-0.03745143137491602,0.0377009394684672,0.00250600974691666,-0.03519492972155054,0.0351161774283594,0.0036945006653002106,-0.031421676763059195,-0.0311690366610672,-0.03216600055046127,-0.0009969638893940654,0.1088291833591445,0.005622908932801242,-0.10320627442634325,0.0778044278419253,9.661887053329663e-05,-0.07770780897139201,0.0700292308338908,0.022955205944036647,-0.047074024889854155,0.103653029807456,-0.016706816461728138,-0.12035984626918414,0.0948557657894708,-0.009628542296581794,-0.1044843080860526,0.2512595843484407,0.00025549976198680976,-0.2510040845864539,0.113548310553715,0.005828166414984924,-0.10772014413873007,0.1122538119139611,0.0006071368457897103,-0.11164667506817139,0.0883327548541121,0.004635930367821438,-0.08369682448629066,0.0444965817487566,0.014050437220826393,-0.030446144527930208,0.2565295805849115,0.07188618497687457,-0.18464339560803691,0.0826805480973551,0.011991322790598627,-0.07068922530675648,0.0609203249644071,-0.026126819479254007,-0.0870471444436611,0.0923110719790146,0.01868187224594949,-0.07362919973306511,0.0920255580415418,0.019479710003859712,-0.07254584803768209,-0.0340942735907479,-0.027269384599612853,0.00682488899113505,0.1569598186416815,-0.00406595503361533,-0.16102577367529683,,0.0978229779242674,,0.1075344841369988,0.02134313976982143,-0.08619134436717737,0.039632063562355,-0.0033627222077108974,-0.042994785770065894,0.1251165643270533,0.0020252650693753788,-0.12309129925767791,0.1217236206189844,0.0008106914815190743,-0.12091292913746532,-0.0341015734943159,-0.003663868887705024,0.030437704606610872,0.1587604253900942,0.011473996914502654,-0.14728642847559154,0.1601252563569521,0.01347092821636422,-0.14665432814058788,0.1220114369942869,-0.03019584762660154,-0.15220728462088845,0.0505840801261301,0.011111444448823067,-0.039472635677307036,0.0522520746099458,0.025160728595132346,-0.02709134601481345,0.0273250163621057,0.02301789444876695,-0.004307121913338749,0.0800728003355054,0.006159378631790843,-0.07391342170371455,0.0835472437491361,0.004972634859697926,-0.07857460888943817,-0.0542202752313114,-0.052221855377318854,0.0019984198539925446,0.0268401000982667,-0.016072728297023116,-0.042912828395289815,,-0.07485174161568509,,0.1110715907202673,0.02543128610658695,-0.08564030461368036,0.246481922505517,0.007459337935767894,-0.23902258456974912,0.2500901268878548,0.01531746858179562,-0.2347726583060592,0.1656119070768435,-0.019812692476027308,-0.18542459955287083,0.1039417684608368,0.01261194902819275,-0.09132981943264405,0.1072933150895625,0.015481983827405734,-0.09181133126215676,-0.0876502400875407,-0.07705591382304892,0.010594326264491777,0.0028437149448111,-0.003064534517968523,-0.005908249462779623,-0.0254655575159685,-0.037821808454631275,-0.012356250938662775,0.058982256666656,-0.013901771179643304,-0.0728840278462993,0.0206678502575368,0.014874165191034927,-0.0057936850665018715,0.093337020833128,0.010103763601504398,-0.0832332572316236,0.0177886317316083,0.01584460638164297,-0.0019440253499653296,0.0125582148986393,0.017761101570041966,0.005202886671402666,0.039761856438924,-0.03475223073997224,-0.07451408717889624,0.1708223667941244,0.010506679012010876,-0.16031568778211353,0.1750733124957754,0.0107217144411306,-0.1643515980546448,0.0544351630799513,0.0011737881483559745,-0.05326137493159532,0.0466991852927946,0.002152263272301372,-0.04454692202049323,0.0518579615798626,-0.01801615280930215,-0.06987411438916476,0.0834637231978767,0.009427011753711526,-0.07403671144416518,0.0777711184345449,0.009236056644498482,-0.06853506179004643,0.0823588354262633,-0.07639506276925821,-0.1587538981955215,0.0381418438547804,0.0014124424764396695,-0.03672940137834073,0.0367584030257992,0.0012381041421424069,-0.03552029888365679,0.0977276321842552,0.0029236537200544267,-0.09480397846420077,0.1335658872617957,0.008074220318473895,-0.12549166694332178,0.1347089683382606,0.009968313956000006,-0.12474065438226059,0.0038034269913476,-0.013980835990624586,-0.017784262981972186
2022-12-01,,0.03858894873526168,,0.0896624716882648,0.014934407466676316,-0.07472806422158848,0.0497068897290844,0.031783931784570375,-0.017922957944514026,0.1700712055200074,0.022724932745909206,-0.1473462727740982,-0.0780765919703807,0.012145535486628032,0.09022212745700872,0.0535551679290453,0.015558747139894732,-0.03799642078915057,0.0558608151359694,0.01731886210236493,-0.03854195303360447,0.0321877288552278,0.005829913111567149,-0.026357815743660647,0.0593062174395247,0.016095729115392306,-0.04321048832413239,0.0658606287808871,0.01689430501127334,-0.048966323769613754,-0.1675184268469335,-0.02369045091380736,0.14382797593312613,0.095236975085355,0.023864041895242234,-0.07137293319011277,0.0940256482732254,0.01434184127103895,-0.07968380700218645,0.0995876187091255,0.0379997507911915,-0.061587867917934,-0.0518567007406961,0.007875252576388533,0.059731953317084634,0.0345047416340585,0.011343297097523276,-0.023161444536535222,-0.1182412302347682,0.011025625009477492,0.1292668552442457,0.0930926352945008,0.021189661744292154,-0.07190297355020865,0.0825181495996496,0.01644417537286401,-0.0660739742267856,0.0606054914303012,0.01996765882509045,-0.040637832605210755,0.1006985503832414,0.014664773213127789,-0.08603377717011361,0.0173017106712223,0.05469136573591987,0.037389655064697574,0.0681586721030365,0.017043783268590885,-0.051114888834445614,-0.0985936430964818,-0.054572678526196704,0.0440209645702851,0.042754726281274,0.017118348466914346,-0.02563637781435965,0.0418919186711986,0.017648120910190655,-0.02424379776100794,-0.0118979849384592,-0.028471172193186126,-0.016573187254726927,0.0764645662536311,0.016632513727199837,-0.05983205252643126,,-0.049422640027859885,,0.0371182951215507,0.01996009809660575,-0.017158197024944952,0.0456100079683429,0.018089838576708504,-0.027520169391634396,0.0256095616026996,0.010191456181120237,-0.015418105421579365,0.0288874872649783,0.01179803395182702,-0.01708945331315128,0.0779654581013308,-0.002882322309199923,-0.08084778041053073,0.1028754762517229,0.01720557531946518,-0.08566990093225772,0.1174510751200357,0.018386177188971665,-0.09906489793106404,0.0149573995552196,-0.012221885308458254,-0.027179284863677853,0.0963745397349381,0.013547929948730806,-0.0828266097862073,0.0972544014435657,0.029118526617734015,-0.0681358748258317,-0.0334799838783216,0.0032788253298942647,0.036758809208215865,0.0447903708118473,0.019117429257600738,-0.025672941554246563,0.0474728044420592,0.0130165853038152,-0.034456219138244,-0.0861880182404887,-0.06352570427446608,0.022662313966022626,0.1620259280959787,0.01491050301759144,-0.14711542507838726,,0.023377041337089715,,0.0425873616287634,0.024672887331243062,-0.017914474297520338,0.0032949777163187,0.018438081937246185,0.015143104220927486,0.0043942897892833,0.03354920217668389,0.02915491238740059,0.0348982789369524,-0.019289798362959812,-0.054188077299912214,0.0577579741108579,0.015399253396352088,-0.04235872071450582,0.0622067593993434,0.016288603078237932,-0.04591815632110546,-0.1673728752436403,-0.039280740830631176,0.12809213441300912,0.1339504816185956,0.013662626170623422,-0.12028785544797219,0.0231025136584522,0.05859822855832193,0.03549571489986973,0.0753739431269038,0.015098778132831076,-0.06027516499407273,0.0094353946451025,0.026141897625209253,0.01670650298010675,0.0637097280547647,0.025240191477689057,-0.03846953657707564,0.0268876751882207,0.011546346013427335,-0.015341329174793365,0.0254513011493852,0.013077279142364923,-0.012374022007020279,-0.0350905180653079,-0.028004149373885606,0.0070863686914222936,0.0305363936250098,0.044555926564427834,0.014019532939418034,0.1130906059185205,0.026169202928548418,-0.08692140298997209,0.0782023631001143,0.016789094710650328,-0.061413268389463975,0.0835436683147764,0.016667727690344615,-0.06687594062443178,-0.0825684316027833,0.001464116234852994,0.08403254783763629,0.1070017800119209,0.0193864706186553,-0.0876153093932656,0.1107336857915228,0.03680613803224662,-0.07392754775927618,0.0005217614260253,-0.0383124980121891,-0.0388342594382144,0.0621083414517831,0.01820608689498746,-0.04390225455679564,0.0589496018559798,0.016924645007231027,-0.04202495684874877,-0.0098421380181681,0.016218668880360748,0.026060806898528847,0.0469431986243145,0.019730467913996446,-0.027212730710318055,0.0549346870600573,0.022043820211915196,-0.0328908668481421,0.0454044943986077,-0.02640233685244477,-0.07180683125105247
2023-01-01,,0.028306065005065707,,0.0106618312352914,0.013919721307287952,0.003257890071996552,-0.060857714427552,0.0007594785768276022,0.0616171930043796,0.0054210039996532,0.004397341062090378,-0.0010236629375628224,-0.2765252306198521,0.03311743766049119,0.3096426682803433,-0.0637162739771547,0.01090807158902679,0.07462434556618149,-0.0630760097759419,0.010397750793161424,0.07347376056910332,-0.0121732741557362,-0.0059907397472800045,0.006182534408456195,-0.0654634763847485,0.02555426431610082,0.09101774070084932,-0.0672573536345042,0.025878427536735485,0.09313578117123969,-0.0683044690403357,0.006826490930059881,0.07513095997039558,-0.0268704496781351,-0.013043436682417902,0.0138270129957172,-0.0546665244532944,0.011332795073150832,0.06599931952644524,-0.0499274594017982,-0.014073004579180898,0.0358544548226173,-0.2342011479927275,-0.026840955924075004,0.2073601920686525,-0.0612430841309079,0.015378886630143428,0.07662197076105133,,-0.03242119153308217,,-0.0574320254006806,0.0017148214820972936,0.05914684688277789,0.0063054488389532,0.009373224347316798,0.0030677755083635978,-0.0495233492985845,0.002352359081881452,0.05187570838046595,0.0125905687931941,-0.005625974884941167,-0.01821654367813527,-0.0108866532170349,0.007745334216512059,0.018631987433546958,-0.0649871742080641,0.014609769290787354,0.07959694349885146,-0.1696855226368558,-0.05368696278653042,0.11599855985032537,-0.1077203230573955,0.03243314537113445,0.14015346842852994,-0.1091925727405972,0.03352048860342238,0.14271306134401957,-0.025596947966077,0.01441744605471523,0.04001439402079223,-0.0526850437740627,0.024411783607965448,0.07709682738202814,,0.03155854645194203,,-0.0239184257444674,-0.0019976047861959252,0.021920820958271477,-0.0473828299881322,-0.004112261942661714,0.04327056804547049,-0.0309554345214006,0.005670870849776813,0.03662630537117741,-0.0270441343530996,0.004265409910808069,0.03130954426390767,0.0112444828822657,-0.00562701254382855,-0.01687149542609425,-0.0406111051931676,0.007704206312358721,0.04831531150552632,-0.0387820071163497,0.008064757119778419,0.046846764236128116,-0.131569056647994,-0.017275776960626887,0.11429327968736712,-0.0301962190062806,0.012966959211600092,0.043163178217880696,-0.0260696538097523,0.007743960258136743,0.03381361406788905,-0.1004856377073446,0.005745992993653542,0.10623163070099814,0.0032233055960667,0.0073536897441256206,0.00413038414805892,0.004329874416533,0.01123756953508678,0.00690769511855378,0.2434169330673712,0.1213943917873026,-0.12202254128006859,-0.0361380335823733,0.02474277343553391,0.06088080701790721,,-0.01965840622056267,,-0.0717825682305041,-0.004064590174220788,0.06771797805628332,-0.0371552005110609,-0.002965057243258324,0.03419014326780258,-0.0312260675601817,-0.008455143918437609,0.02277092364174409,-0.0166483254360915,0.001487664846348856,0.018135990282440357,-0.0173989412537104,0.010750288546932902,0.028149229800643303,-0.015767966076544,0.009895612298713797,0.025663578375257796,-0.1415358518735696,-0.0008394359876764367,0.14069641588589316,0.0220930953231084,0.035061353822309474,0.012968258499201073,-0.0025230067791704,-0.007229037026699226,-0.0047060302475288255,-0.0524172136920118,0.010404599423048272,0.06282181311506008,-0.0398125514729493,0.005865214808217827,0.045677766281167126,-0.0625555806590484,0.00924543385302997,0.07180101451207838,-0.0901779992694537,0.01586755090390618,0.10604555017335988,-0.0891292715846529,0.01666875526825198,0.10579802685290489,-0.1624036410576337,-0.011719443872080033,0.15068419718555365,-0.0186449556489602,0.001394058856691774,0.020039014505651973,-0.0737567513237737,-0.000823040900981716,0.07293371042279198,-0.0611504126709444,0.00827476357659692,0.06942517624754133,-0.0590624758113488,0.011337854423193777,0.07040033023454258,-0.0806985686029978,-0.004547819985873503,0.0761507486171243,-0.0758342283126448,0.008022812578945882,0.08385704089159068,-0.0716942748274747,0.0015492760515588852,0.07324355087903359,-0.0702916996398781,0.017893836904659365,0.08818553654453745,-0.0241079514806202,0.005329518008327717,0.029437469488947918,-0.0178187435339776,0.008427807849815519,0.02624655138379312,-0.0579698131400996,-0.006699344756521101,0.0512704683835785,-0.0538298922143622,0.0037386271325326632,0.05756851934689486,-0.0519668947347778,0.0038902747634005546,0.05585716949817836,-0.0418326499116729,0.018982448755493087,0.06081509866716599
2023-02-01,0.0946608626352831,0.034884035998984535,-0.05977682663629857,0.0618138782764411,0.004365416493524455,-0.05744846178291665,0.0013126305217101,0.02242171016350506,0.02110907964179496,0.0824991198316299,0.009596520495284819,-0.07290259933634508,0.293664533090056,0.011109453974057654,-0.28255507911599836,0.0978076193839809,0.00881922779996676,-0.08898839158401414,0.1020639388262888,0.01017024255515475,-0.09189369627113404,0.0440684343695992,-0.00028754774458118054,-0.04435598211418038,0.0933454530662501,0.016803225742775704,-0.07654222732347439,0.0907640723331231,0.01776179347290988,-0.07300227886021322,0.2950930445049336,-0.017268304098782283,-0.3123613486037159,0.0289166211400971,0.007926045911528989,-0.020990575228568113,0.0822242987762279,0.0070315286476471395,-0.07519277012858076,0.0781819087468557,0.01669052000813045,-0.06149138873872524,0.0106383710097338,-0.011650107535907516,-0.022288478545641317,0.1468499359923655,0.010975317949545052,-0.13587461804282047,0.1696417547995224,-0.01887831621314909,-0.1885200710126715,0.0500039138548696,0.008879047640583613,-0.04112486621428599,0.1383007699846139,0.01700854756536601,-0.12129222241924789,0.1267239623109836,0.009721447793581795,-0.1170025145174018,0.0061815905869561,0.005654604296677921,-0.0005269862902781792,-0.0195292435094441,0.0008755565076428436,0.020404800017086944,0.0929394776634819,0.007006308603529798,-0.0859331690599521,0.0542317149765538,-0.057972709534764445,-0.11220442451131825,0.1209439880664802,0.016863759667824215,-0.10408022839865598,0.1205413345677799,0.017635731664295752,-0.10290560290348416,0.104953161155025,-0.013971006836920992,-0.118924167991946,0.19830459184961,0.010984230264046008,-0.18732036158556398,,-0.023370048803827707,,-0.0234926365626892,0.006460686055094415,0.029953322617783617,0.0184969244628843,0.003813465986750089,-0.014683458476134212,0.0127512379169741,0.007155239284254444,-0.005595998632719656,0.0010169499589971,0.007966579425455289,0.006949629466458189,0.1966270212909993,0.006949198723100998,-0.1896778225678983,0.0850949825803333,0.009219107459683993,-0.0758758751206493,0.0723775755594633,0.009769605587152001,-0.0626079699723113,0.297272536002618,-0.020120564028068035,-0.31739310003068605,0.0368210662184287,0.012528998656439139,-0.02429206756198956,0.0174215992305778,0.023905453166989284,0.006483853936411484,0.3324567422915193,0.022779545398587203,-0.30967719689293205,0.0266799545195361,0.013270069744297208,-0.013409884775238893,0.0248466707750186,0.014936886626129364,-0.009909784148889236,0.1958607525149298,0.021486866547859012,-0.1743738859670708,0.1632683535241112,0.009533145900733281,-0.15373520762337792,,-0.02822388640847144,,0.0728219544209424,0.01097807187617257,-0.06184388254476983,0.0373502898671873,0.014882635339226886,-0.022467654527960415,0.037903001612574,0.02220267037743697,-0.015700331235137026,0.0646645596809677,-0.005655549351289851,-0.07032010903225755,-0.0215079590902003,0.014685399848713839,0.036193358938914136,-0.0262742852552091,0.015282910001823743,0.041557195257032845,0.1825296100279725,-0.028623593832786377,-0.21115320386075886,0.1223623735761489,0.009811345777635353,-0.11255102779851354,0.1177445319354238,-0.01920091941299311,-0.1369454513484169,0.1411351881917966,0.008343059454352137,-0.13279212873744448,0.0978466162085824,0.01522628704013715,-0.08262032916844525,0.0973653651563817,0.017205659832852827,-0.08015970532352887,0.1202111178318254,0.01748196725443742,-0.10272915057738799,0.1171678624863754,0.018480356485621713,-0.09868750600075368,0.1093373230871902,-0.02401890256487572,-0.13335622565206592,0.0139504986083152,0.005775191821558414,-0.008175306786756787,0.1989214781378361,0.0013152752593329543,-0.19760620287850314,0.0988202136048479,0.00911845793939441,-0.08970175566545349,0.0924938405313503,0.010080232060636626,-0.08241360847071368,0.1664038030152086,-0.005750724325533479,-0.17215452734074208,0.0758683914927063,0.012118847850351023,-0.06374954364235527,0.067128881799894,0.017693170118610234,-0.049435711681283766,0.0150368496323748,-0.008661250063137576,-0.023698099695512377,0.0087501088489612,0.010848697697796773,0.002098588848835573,-0.0012943251927766,0.012206538052154933,0.013500863244931532,0.0506367332391483,0.005441525793760284,-0.04519520744538802,0.0610614859953127,0.010805416762488874,-0.05025606923282382,0.0498936927039584,0.012092643518582148,-0.03780104918537625,0.1164069830860528,-0.007397234656007773,-0.12380421774206057
2023-03-01,-0.0283918544976284,-0.03580977094346407,-0.007417916445835667,-0.0062708998300975,-0.003375459908392598,0.002895439921704902,-0.0086009905735652,0.007124978287731468,0.015725968861296666,-0.0574341982153504,0.01323503722989592,0.07066923544524632,0.1032408094041614,0.002841321455428387,-0.10039948794873302,-0.0228038912004509,-0.011112468188804996,0.011691423011645902,-0.0238975752384775,-0.013192940696668917,0.010704634541808582,-0.0026892745590612,-0.006861055056944266,-0.004171780497883066,-0.0232336566910189,0.004524954485737503,0.027758611176756404,-0.0231278868318746,0.004938300786160545,0.028066187618035147,-0.0830528193432084,-0.018899482988962477,0.06415333635424593,-0.0499324352221423,0.014902620483402917,0.06483505570554522,-0.0246959066463041,-0.0026065400585743035,0.022089366587729798,-0.0241529713421399,0.011329999321846602,0.0354829706639865,-0.0666050459380644,-0.004564175676158854,0.06204087026190555,-0.0544109134179129,0.0010449572140278037,0.0554558706319407,-0.1434448623247997,0.03567363226200107,0.17911849458680076,-0.0006700925929862,-0.013462659912298204,-0.012792567319312003,-0.0187073025817891,0.00017900528187279365,0.018886307863661897,0.0028808210960307,-0.009494168772940004,-0.012374989868970704,-0.0352601044830771,0.005812677575790264,0.041072782058867364,0.0260352150175604,0.09388424147948045,0.06784902646192005,0.0481301890088135,0.01446501942322995,-0.03366516958558355,0.0150419117388268,-0.019665523368386992,-0.03470743510721379,0.0295316929172766,0.010223738952641833,-0.019307953964634767,0.0322164681527156,0.010557043884908615,-0.02165942426780699,-0.0096572862861177,-0.02509325305928097,-0.015435966773163268,-0.0436704769733257,0.012008903922242572,0.05567938089556827,,0.08051497076155285,,-0.0078153400540153,0.010420261972978483,0.018235602026993782,-0.0372569520680837,0.006435635277416628,0.04369258734550033,-0.0324360379137696,-0.0014693635409567295,0.030966674372812874,-0.0385336495775405,-0.0018224919101379024,0.03671115766740259,-0.0197064206689503,0.017141184106667172,0.03684760477561747,-0.0126233015969318,-0.001433665383698035,0.011189636213233767,-0.0166969222745183,-0.0009229149337520535,0.015774007340766248,-0.0056159860481977,0.008247445398817454,0.013863431447015153,-0.0519363096161693,-0.005720103989661613,0.04621620562650769,-0.0554431587266678,0.007982345304185574,0.06342550403085337,0.017659550345847,0.037986798030689876,0.020327247684842877,-0.026987033087904,0.005455951458054233,0.03244298454595823,-0.0267250807324882,0.0019969867807898526,0.028722067513278052,-0.0987084112074393,-0.02152358518298469,0.0771848260244546,-0.034053642771073,-0.027039378741754282,0.007014264029318717,0.0027831625335286,0.012220442997231403,0.009437280463702803,-0.0196068119868137,0.01234637643200093,0.03195318841881463,-0.0696569644469798,-0.00929843447952174,0.060358529967458066,-0.0715453915287618,0.0012239191431402882,0.0727693106719021,-0.1008226315237324,-0.02691331321587358,0.07390931830785882,-0.0474859141956233,0.0008295356819182694,0.04831544987754157,-0.0457232826238575,0.0013170254593268533,0.04704030808318435,-0.1022614824964785,-0.011288458834731833,0.09097302366174667,-0.1544962537383037,0.0233235704019673,0.177819824140271,-0.0815966789808295,0.035697802488643994,0.1172944814694735,-0.0200136823280078,-0.004401727436417475,0.015611954891590323,-0.0739771198369679,-0.0009789746995444507,0.07299814513742345,-0.028405750232892,-0.0012675501986049355,0.027138200034287067,-0.0541547295817541,0.004515588777982047,0.05867031835973615,-0.0538319121219579,0.005287791031089483,0.05911970315304738,-0.0775210594995314,-0.017730800715414163,0.05979025878411724,-0.0002229433926542,0.016053806481470752,0.016276749874124953,0.0087926994153461,-0.0032332584852708783,-0.012025957900616979,-0.0399533591617922,-0.0016624688853178983,0.0382908902764743,-0.036349322814542,-0.001133761413464874,0.03521556140107712,-0.0688267416411776,-0.015527698318309878,0.053299043322867716,-0.0027264458821247,-0.0040598835767073444,-0.0013334376945826443,-0.007322720902579,0.0044918636135866455,0.011814584516165644,0.0335537268790374,-0.004031551345367608,-0.03758527822440501,-0.0570365074343999,-7.086528034379487e-05,0.056965642154056105,-0.0587439656018781,0.0016776671854055987,0.0604216327872837,-0.0907173391156248,-0.007642285138750962,0.08307505397687383,-0.0049783728348287,0.007155637167846056,0.012134010002674757,-0.0062189060076909,0.008085277883969403,0.014304183891660303,0.0050542087077759,0.0051730625656825485,0.00011885385790664886
2023-04-01,-0.0276660490203987,0.0130731902323801,0.0407392392527788,0.0343340456429084,0.006062224254458845,-0.028271821388449556,0.0656400645520616,0.01788780790825299,-0.04775225664380861,0.05635037946791,0.02011241405529094,-0.03623796541261906,0.0016805774673476,0.007649654188305333,0.005969076720957733,-0.0913753065609605,0.005356417655676068,0.09673172421663657,-0.086052936877865,0.005643035097841094,0.09169597197570609,-0.1532710447249975,-0.0015499081305638002,0.1517211365944337,0.0941814679020596,0.009185206908333955,-0.08499626099372565,0.1020530005967193,0.009985379166009997,-0.0920676214307093,-0.1025402548032852,-0.023459746988321067,0.07908050781496413,0.0271069884061476,0.014377223551684123,-0.012729764854463477,-0.0208901642924042,0.007805323260209179,0.02869548755261338,-0.0106110802906228,0.0240476235541521,0.0346587038447749,-0.1895938871093216,-0.0020840291148724877,0.1875098579944491,0.0040687582423357,0.0022010336455739144,-0.0018677245967617852,-0.0554408856068575,0.01220322459209525,0.06764411019895275,0.0617153263078148,0.011120477428951704,-0.0505948488788631,0.0495078786617056,0.009556499082731287,-0.03995137957897431,-0.0330143715414039,0.012089849171615923,0.045104220713019824,0.0438104821972324,0.014112824789813499,-0.029697657407418903,0.0081114084607406,0.06930161284383403,0.06119020438309343,-0.0247304377677948,0.01745042727072982,0.042180865038524626,-0.002591265656512,-0.03541802491560931,-0.03282675925909731,0.113140868914117,0.01781475126064764,-0.09532611765346935,0.1185016756435739,0.018310943680639215,-0.10019073196293468,-0.0406973196022643,-0.025092048108338542,0.015605271493925755,0.0311669905110012,0.010519073834343189,-0.02064791667665801,,0.04074741055947515,,0.0427746291733497,0.018583548173046933,-0.024191081000302764,-0.0422506581941859,0.01106879030632037,0.05331944850050627,-0.0484369265869764,0.007532808125463446,0.05596973471243985,-0.041585980979407,0.0077431285491548684,0.04932910952856187,0.0097980490526145,0.0009662786785399335,-0.008831770374074566,0.0019560402274706,0.014384665814552076,0.012428625587081476,0.0073842215477575,0.015909228277541963,0.008525006729784464,-0.079230820424593,-0.012466154203701237,0.06676466622089175,0.0375365617441133,0.010059559647078253,-0.027477002097035047,0.0433288385471636,0.020854310360083183,-0.022474528187080418,-0.0021402028999576,0.00817225733901774,0.01031246023897534,0.0382442496001874,0.011081835712905651,-0.02716241388728175,0.0418936343052109,0.00791657656691614,-0.03397705773829476,-0.0426891925254732,-0.04708667023011429,-0.004397477704641092,-0.0349291234629478,0.0014760117614959984,0.036405135224443795,,-0.009344762836899525,,0.0156961785063852,0.02210491113214482,0.0064087326257596215,-0.0137786941649814,0.008080257209426105,0.021858951374407506,-0.0078983983231301,0.01728162393173871,0.02518002225486881,-0.0639905719964218,-0.018125341535776444,0.04586523046064536,0.0189817438363302,0.010831767098283509,-0.00814997673804669,0.0242429228141709,0.012331483831665293,-0.011911438982505608,-0.0812962097361475,-0.05017107802014135,0.03112513171600615,0.1519316449209732,0.010816602113197672,-0.1411150428077755,0.1502139417168227,0.02676161464423198,-0.12345232707259073,-0.0857623027662085,0.004888951865999238,0.09065125463220773,0.0005109207567128,0.014059623228667335,0.013548702471954535,0.0493751430327923,0.013153123761084618,-0.03622201927170768,0.0413346198479813,0.012458362491794203,-0.028876257356187096,0.0466402707299237,0.013776244178961863,-0.032864026550961836,-0.0835641029549062,-0.02280329484948291,0.06076080810542329,-0.0401529393882996,0.027089484791572603,0.0672424241798722,-0.0553229042896207,0.018576193794878165,0.07389909808449886,-0.0352043652667563,0.009230774194191264,0.04443513946094756,-0.0317840853627544,0.009673977902375275,0.04145806326512967,-0.053923400225958,-0.005988293077946099,0.0479351071480119,0.011495058266561,0.011772476374754485,0.0002774181081934852,0.0205034640321018,0.018213733654400772,-0.002289730377701027,-0.1256984794649709,-0.043158656084193815,0.08253982338077709,0.0378388308982995,0.008743304728861173,-0.029095526169438328,0.038530498533258,0.00829665277976012,-0.030233845753497877,0.0349120832529879,0.006097086520253843,-0.028814996732734056,-0.0005664934263215,0.01396086876712679,0.01452736219344829,0.007517201341826,0.015624916311971899,0.0081077149701459,-0.0563700832201559,-0.014897940181229901,0.041472143038926004
2023-05-01,,-0.0001359237299095109,,0.0020649232247019,0.006248906432445935,0.004183983207744035,0.024161236612391,0.009347536925490136,-0.014813699686900866,0.0247825293584656,0.000279068342585319,-0.02450346101588028,-0.1411438331618006,0.024052337823320058,0.16519617098512066,0.0217791114333215,0.0035741274124764808,-0.01820498402084502,0.0265140796772135,0.0030892120154741498,-0.02342486766173935,-0.0390360182027303,-0.0009410981243583158,0.03809492007837198,0.0219207235345564,0.019914275317270823,-0.002006448217285576,0.0278316427967897,0.020357114965419018,-0.007474527831370682,-0.0636414798329934,-0.001845587907111845,0.06179589192588155,0.0181526131374637,0.0010459612609317248,-0.017106651876531976,0.0021330643367265,0.00396359590725581,0.0018305315705293098,0.0093200644209016,-0.006001199928034911,-0.01532126434893651,-0.1145828424326148,-0.016447239649000012,0.09813560278361479,0.0249332663690084,0.017125244610742746,-0.0078080217582656535,0.0134562121584298,-0.014901564101107267,-0.028357776259537067,-0.050558746438913,-0.007530827453877629,0.04302791898503537,0.0665206904615405,0.015060739473177133,-0.05145995098836336,0.0070379742579629,-0.0030227390443479957,-0.010060713302310896,0.04018413898605,-0.0047712331550376795,-0.04495537214108768,-0.0233801060204228,-0.005485978625950467,0.017894127394472333,-0.0344593750475283,0.006755168496134843,0.04121454354366314,-0.1562593119094031,-0.054294263617023365,0.10196504829237973,-0.0125464398645857,0.01622602000064227,0.028772459865227973,-0.0078837912746943,0.016904038371312848,0.024787829646007148,-0.0188750854130441,-0.00026941689747316065,0.01860566851557094,0.0075355893351945,0.020667754611092742,0.013132165275898243,,-0.005540263980551606,,0.0410719792488886,-0.0065963888229558535,-0.04766836807184445,0.0274588677371853,0.001889215354576053,-0.025569652382609248,0.0385401474050833,0.004004032873744261,-0.034536114531339035,0.0419092258439032,0.004397890695445654,-0.037511335148457545,-0.0847383902001696,0.01812467799670515,0.10286306819687475,-0.0367714492916584,-0.0006084035210537674,0.03616304577060463,-0.0390340236576952,-0.001070496451442778,0.03796352720625242,-0.0553923994365688,-0.0020926021691761625,0.05329979726739263,-0.0531760278358956,0.0033423296975421614,0.056518357533437764,-0.0498332901347205,0.008053865421275876,0.05788715555599638,-0.0252165262564912,0.0315968357256901,0.0568133619821813,0.0724188548850901,0.008720221419088243,-0.06369863346600185,0.0763939535293997,0.012774416996963214,-0.06361953653243649,0.4263315818839038,0.0942403795004368,-0.332091202383467,0.0942411099218078,0.00619742241357277,-0.08804368750823503,0.0484928744182026,0.0004934686227663293,-0.047999405795436274,-0.0129981100966434,-0.005016430692463472,0.007981679404179928,0.0274400829071287,-0.000271191450557969,-0.02771127435768667,0.0313258425786621,0.0018376059938004824,-0.029488236584861615,-0.0475312122817294,-0.002320939632824609,0.045210272648904794,0.035237734218776,0.006783701255187695,-0.028454032963588304,0.0365437099834855,0.0056771269212923135,-0.030866583062193188,-0.0043010528652771,0.015490217994875748,0.019791270860152848,0.0164751268252603,0.028351294002904426,0.011876167177644125,-0.0146430063821739,-0.005803909909589434,0.008839096472584466,0.0020160509592973,0.011634100185585371,0.009618049226288072,0.0327878500247256,-0.0004108590282700499,-0.03319870905299565,0.071593724001441,0.005553792860557469,-0.06603993114088352,0.0159185898402633,0.013210926673109556,-0.0027076631671537447,0.0191243901234536,0.013324786162972349,-0.0057996039604812505,-0.0617184380157998,-0.009728790898377467,0.051989647117422336,-0.0319980449343651,-0.0071621038243739185,0.024835941109991183,-0.0599841496696943,-0.015320843384426755,0.044663306285267546,0.0017043583196521,0.004508456264942158,0.002804097945290058,0.00538839095257,0.00617177558770369,0.0007833846351336902,-0.0318622106855575,-0.006671348859703534,0.025190861825853967,-0.0169146907910769,0.0010726778939816575,0.01798736868505856,-0.0166962927973008,0.003121039246809271,0.01981733204411007,-0.0373135808414881,0.04660449112353454,0.08391807196502264,0.0219033019704968,0.005573615356408275,-0.016329686614088526,0.0292514869625054,0.00931959531069419,-0.01993189165181121,-0.0138588690161109,-0.0076419594256660174,0.006216909590444883,0.0133753660463081,0.0050787585720225865,-0.008296607474285513,0.0169323899640325,0.00514890018547887,-0.011783489778553629,-0.0736442211965312,0.01620615504651362,0.08985037624304482
2023-06-01,,0.02994467116687011,,-0.0269915816560847,0.0012773548158422758,0.028268936471926978,-0.027069705982106,0.006890154540002582,0.03395986052210858,-0.1460669474834992,0.009574481566694078,0.15564142905019326,0.1355450650622925,0.01260243023643666,-0.12294263482585584,-0.0450899969220404,0.004598286850727315,0.04968828377276772,-0.0446428544302962,0.004726605593229556,0.049369460023525755,-0.0710356623399718,-0.008742905307719989,0.06229275703225181,0.0727614429942101,0.01486112912415022,-0.05790031387005988,0.0752817666856928,0.015759997643759634,-0.05952176904193316,0.0238387685143495,-0.011654403208679779,-0.03549317172302928,-0.0761868788094801,-0.007257667819072975,0.06892921099040712,-0.0836253303975327,0.005809249332192095,0.0894345797297248,-0.0812749752161521,0.000894862255244184,0.08216983747139628,0.0031763873251209,-0.025520889299655635,-0.028697276624776537,-0.0868061837565112,0.00329207024325378,0.09009825399976498,-0.0872080257278171,-0.02780104650958565,0.05940697921823146,0.0455506500602565,0.005430822614241399,-0.0401198274460151,-0.019674597455463,0.008802117141607266,0.028476714597070265,-0.0103603024567576,0.0059907429926251065,0.016351045449382706,-0.1021898422659439,0.004680925744101916,0.10687076801004582,-0.0402425480114529,0.018114624023610103,0.058357172035063,0.0199368640470308,0.01147787975204475,-0.008458984294986052,-0.0333207630683011,-0.042052398241586283,-0.008731635173285186,0.1065416615024744,0.02646908398311136,-0.08007257751936304,0.1071679146213576,0.027447422177763827,-0.07972049244359376,0.1251930115033601,-0.0023625080002294173,-0.1275555195035895,0.043711183859844,0.008388999173910595,-0.03532218468593341,,0.06933139130838623,,-0.0549618968559123,0.007659875990163379,0.06262177284607569,-0.0613423706795929,-0.005260660604198565,0.056081710075394337,-0.0415252132310129,0.006076850032054577,0.04760206326306748,-0.0410984591826283,0.004774834981180048,0.045873294163808344,0.0945474757499828,-0.001678541830574868,-0.09622601758055767,-0.0137229125077454,0.011266675535665783,0.024989588043411184,-0.0117953910746649,0.01248061025324702,0.02427600132791192,-0.0439676061319943,-0.028101768669707674,0.015865837462286623,-0.028802567328273,0.015132918232357507,0.04393548556063051,-0.035703011592367,0.01742811593635287,0.053131127528719874,0.0053466405467749,0.014884039552117811,0.009537399005342912,-0.054084983168332,0.006405983659690452,0.06049096682802245,-0.0554591511812931,0.010584449938929801,0.0660436011202229,-0.0503382962380117,0.0534278975413016,0.1037661937793133,-0.0641889201710005,0.008527542415521524,0.07271646258652202,-0.1211576747019679,-0.06638186869605159,0.054775806005916305,-0.0089542249995634,0.009253810012992431,0.01820803501255583,-0.0931590034797639,0.005389554741197454,0.09854855822096135,-0.0949763748391382,0.0037550849074661687,0.09873145974660437,-0.1290514750897465,-0.0018735223617664656,0.12717795272798002,-0.027204670163681,0.013575540014601564,0.04078021017828257,-0.0289661795225554,0.014761073711031088,0.04372725323358649,0.0317287945093899,-0.04428813547952817,-0.07601692998891807,-0.1040605276487284,0.011689626883101042,0.11575015453182945,-0.1008755708702782,-0.04797554778480462,0.05290002308547358,-0.0160619719775628,-0.00046669953678774197,0.015595272440775057,-0.0903973185206709,0.009028112439953065,0.09942543096062396,-0.0507525003422633,0.009683257279066403,0.0604357576213297,0.0246810234839822,0.020224635327545298,-0.004456388156436904,0.0287587982054897,0.021404281256129015,-0.007354516949360686,-0.0729961858035107,-0.020497485077321725,0.052498700726188965,-0.0367409854718619,-0.004675314378954472,0.03206567109290743,-0.0870750990555299,0.0021015436041176335,0.08917664265964753,-0.0450664699748051,0.005133134971501696,0.0501996049463068,-0.0472123606853188,0.007340621421835744,0.05455298210715454,-0.308909196409578,-0.010552377870468234,0.2983568185391097,-0.0177796616179076,0.009794524958857478,0.027574186576765077,-0.0200252476606941,0.001793346462299048,0.021818594122993147,-0.1055656258824533,-0.025672574207655067,0.07989305167479824,-0.0541596358099367,0.0033138318174268672,0.057473467627363564,-0.0631299830266672,0.005133316758743593,0.06826329978541079,0.0280279611837317,-0.0021600823167377808,-0.030188043500469483,-0.001176631267828,0.0055174382707963415,0.006694069538624342,-0.002267784480065,0.006292559760657027,0.008560344240722027,0.0032011536846746,0.004753208160119239,0.0015520544754446391
2023-07-01,,0.040474186667646475,,0.07535840932073,0.01960585173713873,-0.05575255758359127,0.0639283491297696,0.01430725503489659,-0.049621094094873,0.0763820996234413,0.013350399383207225,-0.06303170024023406,0.2387889561268331,0.0333050496273194,-0.2054839064995137,0.0703026659913312,0.022554656093639703,-0.0477480098976915,0.0704510717549719,0.024021646139910063,-0.04642942561506183,0.0346945138582468,0.004977537171752993,-0.029716976686493812,0.0480294262704274,0.02109337982672879,-0.026936046443698614,0.0466204395340716,0.021923512472832432,-0.024696927061239167,-0.0161509497157671,-0.007217688375882675,0.008933261339884424,0.0529018789733449,-0.001513243243037761,-0.05441512221638266,0.0985592178961972,0.017648929058260578,-0.08091028883793663,0.1032996302007855,0.005095305250652003,-0.0982043249501335,0.1653196111800647,-0.011644040103286984,-0.17696365128335168,0.0439112303762033,0.01261088059777686,-0.03130034977842644,0.0590034442718558,-0.03245011087094959,-0.09145355514280538,0.0663097126782753,0.02416025206943508,-0.04214946060884023,0.1619649132072731,0.02439871035496634,-0.13756620285230675,0.1928488697022204,0.02689946239742079,-0.16594940730479962,0.0703410991120143,0.011119864899594607,-0.0592212342124197,0.0390533706002678,-0.004726774891419501,-0.0437801454916873,0.1618329786054139,0.018026876037568165,-0.14380610256784573,0.2061056425439116,-0.055836465933319555,-0.26194210847723115,0.0856871442292027,0.02873957242467917,-0.056947571804523534,0.0857415502874274,0.029417020192728096,-0.0563245300946993,0.0401760621277178,-0.0003357289337765903,-0.04051179106149439,0.0943736617601306,0.01881169561185125,-0.07556196614827934,0.108203113312043,0.01568943996900432,-0.09251367334303869,-0.0050876198109998,0.008676912216913097,0.013764532027912897,0.0657993197041742,0.011468139663871814,-0.054331180040302386,0.0416306310991073,0.018025557371825155,-0.023605073727282145,0.038474367469367,0.018379012700934647,-0.020095354768432352,0.0623072023078236,-0.002633262411118476,-0.06494046471894208,0.1408336624917296,0.024341902405745307,-0.11649176008598429,0.1381362024764952,0.02589122211703911,-0.11224498035945608,0.1060702193267896,-0.023479545219073666,-0.12954976454586326,0.0565859563842883,0.02334532686098918,-0.03324062952329912,0.0541781996407304,0.018308414084836893,-0.03586978555589351,-0.0044082019286263,-0.019057942771206843,-0.014649740842580543,0.0828304367320604,0.011893611334280053,-0.07093682539778035,0.0861762394606757,0.016383093665133342,-0.06979314579554236,-0.006065500913539,0.0460869972105237,0.0521524981240627,0.1029353099628921,0.041335967372133596,-0.061599342590758506,0.0726838641519213,-0.02861156601588,-0.10129543016780129,0.0547633365553071,0.011108299466989005,-0.0436550370883181,0.066035874620528,0.015372057571698905,-0.05066381704882909,0.0608277826331285,0.01170185113877248,-0.04912593149435602,0.0858522371063862,0.008421747311433487,-0.07743048979495272,0.0314656430336346,0.016433842446375135,-0.015031800587259461,0.0335810138949677,0.017222715305892634,-0.016358298589075063,-0.1027300236253368,-0.050142495037437194,0.052587528587899605,-0.0003521395251168,0.012943698820365866,0.013295838345482666,-0.0764817487541824,-0.005467855066584455,0.07101389368759795,0.0924909269522756,0.02297248492412447,-0.06951844202815113,0.1155506325785494,0.011713640797083456,-0.10383699178146595,0.0498556699243571,0.017076155462389154,-0.032779514461967946,0.0795738446734435,0.02345846936476772,-0.05611537530867578,0.0766819782746113,0.024109085958423156,-0.05257289231618815,0.0428096901048078,-0.007514880675242347,-0.05032457078005015,0.1783865632190889,0.00898801189718143,-0.16939855132190748,0.1921764786552736,0.02082220701461509,-0.1713542716406585,0.0573498972901826,0.017964669129948894,-0.0393852281602337,0.0542338018244723,0.019578274387326396,-0.03465552743714591,0.054168925160343,0.006149125353663323,-0.04801979980667968,0.1084442518979368,0.019666884872447884,-0.08877736702548891,0.1060309765524879,0.01192261478445748,-0.09410836176803042,0.0230357247017176,-0.016644430433147835,-0.03968015513486543,0.0247340177881389,0.013213291328247237,-0.011520726459891661,0.0295401795820397,0.01359531094697624,-0.01594486863506346,-0.0013104905797389,0.0063932850183731895,0.00770377559811209,0.1071144834518423,0.014335664262264153,-0.09277881918957814,0.1095835794505303,0.015014417481020916,-0.09456916196950937,-0.051546412832221,-0.006759322159348115,0.044787090672872884
2023-08-01,,0.010910056155263248,,0.0221733248308505,-0.003836147066038809,-0.02600947189688931,-0.031407637353242,0.02296778526643157,0.05437542261967357,0.0055680109091075,0.008625065017318937,0.0030570541082114372,0.0392476467968854,0.003274719004291758,-0.035972927792593645,0.0651853028161597,0.002454650898528334,-0.06273065191763136,0.059997414321345,0.003562483863577254,-0.05643493045776774,0.0798639109390467,0.001004339687768844,-0.07885957125127785,0.0422610640139126,0.008916213029036843,-0.03334485098487576,0.0412391579329478,0.010127343377413695,-0.031111814555534106,0.059840897136924,-0.025453494224970223,-0.08529439136189422,0.0064645776174439,0.012468068523225177,0.0060034909057812775,0.0532479251187051,0.0012349469450544963,-0.05201297817365061,0.050388205301702,0.01825169849832045,-0.03213650680338155,0.1405893639294408,-0.008771268399704265,-0.14936063232914507,0.0053094741048627,0.00568605997449628,0.00037658586963358,,-0.011122037588999004,,0.0231099108843552,0.004954324349062501,-0.0181555865352927,0.0311057670547255,0.02066632140043505,-0.01043944565429045,0.0260024033185301,0.009592771747618196,-0.016409631570911902,0.0001799298929791,0.011048468298577876,0.010868538405598777,-0.0252954381527379,-0.0035597708369918,0.0217356673157461,0.0239467051099961,0.003986559317414137,-0.019960145792581964,0.0083434390747766,-0.04703730393708894,-0.05538074301186553,0.0357100905751577,0.008579352990252757,-0.027130737584904942,0.0362557548235959,0.009034327659781778,-0.02722142716381412,-0.0663763438824265,-0.022757953192223405,0.043618390690203096,0.0150990824050452,0.0032376002534564136,-0.011861482151588786,,0.009666487640685062,,0.019182507304022,0.006725479067762193,-0.012457028236259807,0.0210273280043643,0.006513205310346575,-0.014514122694017723,0.0356024785893656,0.008672528387272003,-0.026929950202093593,0.0325597976692853,0.010006859283471033,-0.02255293838581427,0.004823579208939,0.02300690839853988,0.01818332918960088,0.0557114201745565,0.008476150124909711,-0.04723527004964679,0.0588324084320252,0.009161176849409883,-0.04967123158261532,0.0734209426839284,-0.01545535193971172,-0.08887629462364012,0.0329796378221174,0.009510577363812067,-0.023469060458305335,0.0365270968870066,0.02334967074056298,-0.013177426146443624,0.0236841581239874,0.03400106949674212,0.010316911372754721,-0.017097827220933,0.010837357004468483,0.027935184225401484,-0.017894544860586,0.014988769414466627,0.03288331427505263,-0.0494271597873921,-0.0011296301843621301,0.04829752960302997,0.0770213553572039,-0.003325445523921426,-0.08034680088112534,-0.0284934993659934,-0.04594601888566669,-0.01745251951967329,0.0339454526386035,0.013835659121102396,-0.020109793517501102,0.0842632306983078,0.01646244689015601,-0.06780078380815178,0.0761803353040836,0.024380397852597963,-0.05179993745148563,0.0941609765961921,-0.003547927832012133,-0.09770890442820424,0.0033151057307739,0.01259338564623673,0.00927827991546283,0.0031332439498805,0.013988694308642018,0.010855450358761518,-0.0586509763563566,-0.042101099807669275,0.016549876548687323,0.0316187341406959,-0.0024910717103778573,-0.03410980585107376,0.0162524991482701,-0.044089825264922264,-0.060342324413192365,0.0523937409042424,0.005994654063766093,-0.046399086840476306,0.0462429517717873,0.007168438195109419,-0.03907451357667788,0.0057281950516668,0.01094027114673933,0.00521207609507253,0.0318045396888473,0.020188768087572345,-0.011615771601274954,0.0305261626243381,0.020686107507339114,-0.009840055116998987,0.0641527435769856,-0.01880007536497789,-0.08295281894196349,0.0529359498498052,-0.008730156899122966,-0.06166610674892817,0.0247909214040338,-0.005018995144951876,-0.029809916548985675,0.0523171476220007,0.005569058677743655,-0.04674808894425705,0.0513498894574939,0.005790305337400253,-0.045559584120093644,0.0431893490857811,-0.008362970534828033,-0.05155231962060913,0.0571662329322291,0.007948855927051577,-0.04921737700517752,0.0538312086909492,0.010203451314177287,-0.04362775737677191,-0.0252771697916928,-0.007374706960156731,0.01790246283153607,0.01543638749714,0.007800864222848076,-0.007635523274291924,0.009410247793047,0.009295087802326945,-0.0001151599907200547,0.0005961630747477,0.003121491070167591,0.002525327995419891,-0.0027984507076357,0.011231451062335248,0.014029901769970949,-0.0094970933599032,0.012234531826401837,0.02173162518630504,-0.0608447812037432,-0.008420589173268076,0.05242419203047513
2023-09-01,,0.027718793013808946,,-0.0142525807518533,0.004991633964099795,0.019244214715953094,-0.0469064697359785,0.029531433135177594,0.0764379028711561,-0.0561406492752119,0.01104641249606085,0.06718706177127276,-0.0463977572155284,0.011072627016834372,0.05747038423236277,-0.0598944890051714,0.012230219180801393,0.07212470818597279,-0.0581014676124261,0.014379436737173982,0.07248090434960008,-0.0469062163809334,0.006969633484466067,0.05387584986539947,-0.013339293873035,0.013307228714046115,0.026646522587081115,-0.0104902839751097,0.014527442869195262,0.025017726844304963,-0.133437942198686,-0.024432720005743598,0.1090052221929424,-0.0043229348807975,0.01580274280726756,0.020125677688065058,-0.0314910860191064,0.007635891883039288,0.039126977902145685,-0.0272876362684115,0.024118496406648447,0.051406132675059946,-0.3243841171188932,-0.002582178064363133,0.3218019390545301,0.0026130946089115,0.01085177388255797,0.008238679273646469,,-0.01632650323975708,,0.0505784655216871,0.015729432179657526,-0.03484903334202957,-0.0259574498132232,0.0273427871844032,0.0533002369976264,-0.0125181549535482,0.01977214476313558,0.03229029971668378,-0.0227906069769362,0.013387989404638827,0.03617859638157503,0.0207183770920757,-0.016280883903257506,-0.03699926099533321,-0.0089343108085243,0.00610066169547085,0.01503497250399515,-0.1666395500978469,-0.05850152628805887,0.10813802380978803,-0.0256037559405491,0.010396518355451728,0.03600027429600083,-0.0233805671034978,0.010820525933677817,0.03420109303717561,-0.1521471787287663,-0.022578111628031944,0.12956906710073435,-0.0433455897530461,0.007825861648678394,0.051171451401724494,-0.034692214802388,-0.03491181348734401,-0.00021959868495600998,-0.0547745656173834,0.008147936188343622,0.06292250180572702,-0.0607065844172482,0.013037269018902465,0.07374385343615067,-0.0149078221892021,0.013420796905900048,0.028328619095102148,-0.0230670916433917,0.0155857345349996,0.0386528261783913,-0.0201633777668858,0.01839682029612265,0.03856019806300845,-0.0229091812953576,0.014587416411418287,0.03749659770677589,-0.0216564917269411,0.015395222507958717,0.03705171423489982,-0.0997253225700604,-0.017205397099445553,0.08251992547061485,-0.0010152628032426,0.014606597102791155,0.015621859906033755,0.0038848840288704,0.027063790937909164,0.023178906909038764,0.3851988881671482,0.018725176916997717,-0.3664737112501505,-0.0676302634561509,0.015015112470748807,0.08264537592689972,-0.0634626381901186,0.01837092826629773,0.08183356645641633,-0.0626270730273105,-0.008916923303226647,0.05371014972408386,-0.0403223860316916,0.013305370481428276,0.05362775651311988,-0.1189027539623915,-0.02894501414170142,0.08995773982069008,-0.0255501320341057,0.015783555597039395,0.041333687631145095,0.0239362463266593,0.023591266683456034,-0.00034497964320326716,0.0246142713598351,0.03220422488935384,0.007589953529518738,-0.0694140442861749,-0.0002834041427728952,0.069130640143402,0.0265700235619825,0.01570018915474508,-0.01086983440723742,0.0314224225737044,0.016900614573413592,-0.01452180800029081,-0.1176709201490395,-0.045001326339071404,0.0726695938099681,-0.0578957531822746,-0.002246620133975007,0.05564913304829959,-0.1085920872172127,-0.023885305552380068,0.08470678166483263,-0.0245545208142325,0.016097665266243393,0.0406521860804759,0.025151469642131,0.013156345583341002,-0.011995124058789998,-0.0540865361704937,0.01801242763417528,0.07209896380466899,0.0099835636457126,0.02142880951659131,0.011445245870878711,0.014105043904659,0.02193819462494033,0.00783315072028133,-0.1141077270174093,-0.017718517799377366,0.09638920921803193,-0.0558570458060044,0.0016270626550264553,0.05748410846103086,-0.027366029736392,0.0049959259797650625,0.03236195571615706,-0.027629301331881,0.012385396105992996,0.040014697437873996,-0.0264808861452079,0.01234815345776922,0.03882903960297712,-0.0590027735791294,-0.0007441439535547855,0.05825862962557461,-0.0537640760361243,0.014617368367492776,0.06838144440361707,-0.053451531522081,0.019648441413577918,0.07309997293565892,-0.0673162969541788,-0.008823120607571606,0.058493176346607195,-0.051319584849801,0.013985059247496262,0.06530464409729726,-0.0399562521574906,0.014595058756050284,0.05455131091354089,-0.1431153318231094,0.009651241269377102,0.1527665730924865,-0.0153525917601004,0.015701330317301913,0.03105392207740231,-0.0186785111112443,0.01695044660666955,0.03562895771791385,-0.0651828712193489,-0.017027495981598577,0.04815537523775033
2023-10-01,,0.007245333541003282,,-0.0891977904825289,0.003876861257411579,0.09307465173994048,-0.0320227628567032,0.02485105626997179,0.05687381912667499,-0.0407408369094697,0.01242567887128276,0.05316651578075246,-0.0278672972678829,0.010794251231690493,0.038661548499573394,-0.0350533094534911,0.008304879259482909,0.043358188712974005,-0.0335940956762145,0.009608652408377782,0.04320274808459228,-0.0467440213803216,0.0064073782951145465,0.053151399675436146,-0.0462487059941705,0.009473893384172868,0.05572259937834337,-0.045421699191315,0.010592168735015069,0.05601386792633007,-0.1438636365023481,-0.02500454200614955,0.11885909449619855,-0.0288015966059849,0.017054123477373662,0.04585572008335856,-0.0486073665030024,0.005842461106832784,0.05444982760983519,-0.040384787934562,0.021652893203539175,0.06203768113810118,-0.0609542708608138,-0.0002170238178218339,0.060737247042991965,-0.0484787074200652,0.007655703463110574,0.05613441088317578,,-0.0035541797017745866,,-0.0481970354862081,0.012003253131539025,0.06020028861774712,-0.0875785937905545,0.02501449112595485,0.11259308491650935,-0.0738336252540895,0.017743248406943586,0.09157687366103309,-0.0678551702776635,0.01532958808331459,0.08318475836097808,-0.0880666094427996,0.004962815045342887,0.0930294244881425,-0.0726854114153989,0.009020480406479204,0.08170589182187811,-0.1225723569247907,-0.04689834467671167,0.07567401224807903,-0.0821817449165144,0.009010509809968906,0.0911922547264833,-0.081826161317747,0.0092555385476838,0.0910816998654308,-0.1184450802488782,-0.02506196018309312,0.09338312006578509,-0.1112892805420977,0.007750697742822378,0.11903997828492008,-0.1180732718957483,0.001871760497440771,0.11994503239318907,-0.0576285728194075,0.009635235973982933,0.06726380879339043,-0.0316445603424209,0.015366048291623111,0.04701060863404401,0.0228344241020115,0.013232057325854186,-0.009602366776157313,0.0270439969834674,0.015149223753970702,-0.011894773229496697,-0.0666652430512527,0.022263995622003964,0.08892923867325667,-0.0659321042995508,0.014191340466710955,0.08012344476626176,-0.0668587978413964,0.015171814983881756,0.08203061282527815,-0.0616116689722767,-0.010063674443057107,0.05154799452921959,-0.0733877689236133,0.011276950452207671,0.08466471937582097,-0.0729049379646222,0.02240231178331298,0.09530724974793518,0.0256752438806863,0.01814725215027087,-0.007527991730415427,-0.0652592050481403,0.012518957673726738,0.07777816272186704,-0.061462625073102,0.015446894073909166,0.07690951914701116,0.030955630218485,-0.020836110718935305,-0.051791740937420304,-0.0087399013371696,0.006787751386504985,0.015527652723674585,-0.0151456822764058,-0.02241503538282095,-0.0072693531064151485,-0.0444602300261061,0.016832170214534998,0.0612924002406411,0.0293138500189142,0.018198365545704753,-0.011115484473209446,0.0321164398069227,0.02615499918981913,-0.005961440617103568,0.0312184426109716,-0.0030861745102553914,-0.03430461712122699,-0.0408649480611116,0.012260815721685258,0.05312576378279686,-0.0377475664407424,0.013623113157443075,0.051370679598185476,-0.1546400206022622,-0.04682166462802192,0.10781835597424028,-0.0823626508793414,-0.0008893096275428619,0.08147334125179855,,-0.012840864097461838,,-0.1053166993354497,0.014721451266896092,0.1200381506023458,-0.0693396769758645,0.00738319877012233,0.07672287574598684,-0.0503223442784103,0.012471680702294723,0.06279402498070502,-0.0590142618672406,0.019649795187513783,0.07866405705475438,-0.0588952169798783,0.019970322055128133,0.07886553903500643,-0.1080467766127676,-0.01294000174473476,0.09510677486803285,-0.0548604202119827,0.002204641809115407,0.05706506202109811,-0.0577760973902734,0.005832839149617923,0.06360893653989133,-0.0496863318197761,0.01047843046112935,0.06016476228090545,-0.0486735464773073,0.010286053766242725,0.05895960024355003,-0.0485619473277922,-0.0018156869053310935,0.046746260422461106,-0.0433454315695918,0.011140896833479533,0.054486328403071334,-0.0442848713213967,0.014405940605677132,0.05869081192707383,-0.0186425212981771,-0.009202610188814873,0.009439911109362226,-0.0503862304453658,0.01118513157387678,0.06157136201924258,-0.0448951771889188,0.01174117633168963,0.05663635352060843,-0.0868027669652559,0.006325445948651181,0.09312821291390709,-0.0186669467383977,0.015486496693411712,0.03415344343180941,-0.0125694857066736,0.01652093593822402,0.02909042164489762,-0.0812753803962168,-0.014342487021760594,0.06693289337445621
2023-11-01,,-0.013514843709362154,,0.0238152215286458,0.03361870363703539,0.009803482108389591,-0.0002093639610215,-0.0026643644545454696,-0.0024550004935239697,0.0458551699301164,0.010730306396030526,-0.03512486353408588,-0.1642531184451009,0.06092867979319956,0.22518179823830048,-0.0317648963487752,0.02666162396995363,0.05842652031872883,-0.0315467272370129,0.026359811932675746,0.057906539169688645,-0.0556726996937121,0.012835653258326741,0.06850835295203885,-0.0093654992521855,0.019737536253759843,0.02910303550594534,-0.0045666003806714,0.01999574849887444,0.02456234887954584,-0.1209407638468284,0.006424173814859379,0.12736493766168777,-0.0254325210423934,-0.00577458422806246,0.01965793681433094,-0.0434848988096859,0.021570500293965577,0.06505539910365148,-0.0359251252306731,-0.01858533837046764,0.017339786860205462,-0.0875149528642319,-0.004014107912615194,0.0835008449516167,-0.0113680381644691,0.015732361633081213,0.027100399797550315,,-0.018859886083957385,,-0.0288506556248712,0.022215488090628926,0.051066143715500126,-0.0548615695784937,0.03113141502497104,0.08599298460346474,-0.0594164205666479,0.03306131314437564,0.09247773371102354,-0.0090629452324009,0.012180526144905692,0.021243471377306592,0.0993785986416281,0.004092934883954238,-0.09528566375767386,-0.0892475708116082,0.028594428499197397,0.11784199931080559,-0.1407549611274659,-0.042845214463043416,0.0979097466644225,-0.0307234281715806,0.029068556488463584,0.059791984660044185,-0.0263456383826977,0.029114945160042864,0.05546058354274057,-0.0688310647556053,0.009001351982587603,0.0778324167381929,0.0263543358212392,0.032039580138044706,0.0056852443168055045,0.0386598431205055,0.07212070848567728,0.03346086536517178,-0.0513342351576331,0.0014307342620500487,0.05276496941968315,-0.0273666554229499,0.02601574934713744,0.05338240477008734,0.0257818463039025,0.025939404520828963,0.00015755821692646152,0.0335284665527889,0.026561902704709022,-0.006966563848079876,-0.026333909724936,0.007957315476219497,0.0342912252011555,-0.0709382601542841,0.02921547923241485,0.10015373938669896,-0.0689067240615743,0.030959622766356755,0.09986634682793105,-0.0920296872720743,0.000910650359574449,0.09294033763164876,-0.1078213267050812,0.01889073864417732,0.12671206534925852,-0.0986646898765756,-0.003874488114389801,0.0947902017621858,-0.0119320820304394,-0.05196833945913301,-0.040036257428693614,-0.0688126101409426,0.005369427631709239,0.07418203777265184,-0.0617564376194614,0.012747091961473656,0.07450352958093506,-0.1897942616715038,0.07899982796548129,0.2687940896369851,-0.0759922874760786,0.05836634047086107,0.13435862794693967,-0.0201377751938202,0.020132938425076,0.0402707136188962,-0.0075149804046556,0.0012529317444675953,0.008767912149123196,-0.0573843282874592,0.0012004728269078449,0.05858480111436704,-0.062576096418792,-0.012914154170795663,0.04966194224799633,-0.0358634279829924,0.017344773783417505,0.053208201766409904,-0.0389725664515775,0.005786771289808269,0.04475933774138577,-0.0355656811287165,0.005595364676322696,0.041161045805039195,-0.1430040003476691,-0.038551387943599504,0.10445261240406961,0.0517830984365592,0.026114962788875748,-0.02566813564768345,-0.0014971397964049,0.04675371974864751,0.04825085954505241,-0.07402452652229,0.04166162608743684,0.11568615260972684,-0.171018729736696,-0.011476723788750396,0.1595420059479456,-0.0078927834087227,0.0017809165845207105,0.00967369999324341,0.0049705234885779,0.02086755386862477,0.01589703038004687,0.0094084396595566,0.020025171704373918,0.010616732044817319,-0.1112347456585061,0.024165734596848364,0.13540048025535448,-0.005375970140315,0.005915102602217161,0.01129107274253216,-0.0624962239798389,0.027019760893101336,0.08951598487294024,-0.0383457567750357,0.02093210710570294,0.059277863880738635,-0.0327725388287816,0.022562758831221476,0.05533529766000308,-0.0813008632906421,0.016902336173901186,0.09820319946454328,-0.0568690163105091,0.013122606616307552,0.06999162292681665,-0.0553961822137291,-0.005858221808907772,0.04953796040482133,-0.1297773150207694,0.022894673581021017,0.1526719886017904,-0.0036946743724998,0.009902836108347473,0.013597510480847274,0.0068236413180161,0.010624149390088052,0.003800508072071952,-0.0294857037167497,-0.004578472009950323,0.024907231706799378,-0.0047028089328695,0.015156386716730225,0.019859195649599724,0.004399390879218,0.014270076941464462,0.009870686062246462,-0.0204031259080866,0.005204292900248376,0.025607418808334975
2023-12-01,,0.0632073195512993,,0.1147749445219914,0.029260483975601263,-0.08551446054639014,0.0635588942585678,0.01114936939494262,-0.05240952486362518,0.1010319111085521,0.0142701331949265,-0.0867617779136256,0.1657270971836111,0.044925085028423926,-0.12080201215518716,0.1223753478379655,0.030345791833307566,-0.09202955600465793,0.1236288676388525,0.0319113303825194,-0.09171753725633311,0.0516130720915793,0.00412288729391732,-0.04749018479766198,0.1266311044463363,0.02974474685299231,-0.09688635759334399,0.128382932158804,0.03031720722387979,-0.09806572493492421,0.04288717973763,0.003770983702593865,-0.03911619603503614,0.0624142927870427,-0.008999554086382673,-0.07141384687342538,0.0704249814518708,0.024628199105797867,-0.045796782346072935,0.0670491318490535,-0.000659174635830798,-0.06770830648488431,-0.0641403082032868,-0.016271825967608594,0.0478684822356782,0.0717662148357673,0.01799571116626294,-0.05377050366950436,,-0.044045178425342786,,0.0489474239609634,0.02932257865800108,-0.019624845302962324,0.1778995642910983,0.022157992819121695,-0.1557415714719766,0.1452266550762335,0.028993447343071792,-0.1162332077331617,0.0485412334134356,0.006558829809336781,-0.04198240360409882,0.0069149660319478,-0.00389740147907122,-0.01081236751101902,0.0876775183315011,0.022688915954904236,-0.06498860237659687,,-0.06427473564859756,,0.1272818296032358,0.03957362979576882,-0.087708199807467,0.1286362878211946,0.040565311477390245,-0.08807097634380436,0.0414382515708573,0.012768927427144238,-0.028669324143713065,0.1109882031741378,0.027454861105251027,-0.08353334206888677,0.115463511972449,-7.876888756469091e-05,-0.1155422808600137,0.0284081999153118,0.008188793641065156,-0.020219406274246645,0.0495019725578383,0.008963659803578732,-0.04053831275425957,0.0518762534442898,0.018514974079642192,-0.033361279364647604,0.0482767682254924,0.018094296839071624,-0.030182471386420776,0.1429310752060344,-0.018197613301062766,-0.16112868850709716,0.1010396859891168,0.027318014717560228,-0.07372167127155657,0.1021523288785139,0.028872786042299987,-0.0732795428362139,-0.1483477218778943,-0.028596641052672997,0.1197510808252213,0.1212610317949643,0.028384778887410998,-0.0928762529075533,0.1211858990508168,0.01745944425846349,-0.1037264547923533,-0.0704823235248048,-0.034270000324881075,0.03621232319992372,0.0986607484997449,0.013578526921455697,-0.08508222157828921,0.0996395546559282,0.01698080714428013,-0.08265874751164808,0.0281868608036912,0.08172991327448759,0.05354305247079638,0.0752044380036492,0.05835081863023662,-0.016853619373412586,-0.0494766765235901,-0.017496074271496166,0.03198060225209393,0.1181330447088424,0.00759965567249044,-0.11053338903635196,-0.0127080048981676,0.013385151406174243,0.026093156304341843,-0.0067032832541978,0.006165118083446361,0.01286840133764416,-0.0183290095914035,0.010581061590624392,0.028910071182027892,0.0422637273954104,0.019006985827343476,-0.023256741568066924,0.0404751973082433,0.019063562701551517,-0.021411634606691786,-0.0046099234577971,-0.039639030811363454,-0.035029107353566354,0.1160091027143011,0.025745562577810133,-0.09026354013649096,0.0914858605551374,0.012887431321902372,-0.07859842923323503,0.1134971207400752,0.02696692504711478,-0.08653019569296042,0.049531677816944,0.017810340852084508,-0.031721336964859494,0.0788761017359419,0.022210934366600002,-0.05666516736934189,0.0739971320490616,0.02301429331966872,-0.050982838729392875,0.0724375987971073,0.024037640549273653,-0.04839995824783365,0.0111503326328825,-0.008472721174092465,-0.019623053806974967,0.0960300326233718,0.01977643721609905,-0.07625359540727275,0.1111078300853914,0.028211470152984627,-0.08289635993240678,0.1183817342319303,0.022319087441343095,-0.09606264679058721,0.1220052110508666,0.02490882275702356,-0.09709638829384304,0.0877921021139305,0.010136447640368952,-0.07765565447356154,0.1027899555126916,0.024435383247579018,-0.07835457226511258,0.1066263796001522,0.015864407876416374,-0.09076197172373582,0.1571987209764761,-0.01635712118863887,-0.173555842165115,0.0646353569299036,0.01587382504840068,-0.04876153188150292,0.0596303265102683,0.016255729556716808,-0.04337459695355149,0.0992213894595473,0.007747237523643904,-0.09147415193590339,0.0885549607375725,0.013937701679035588,-0.07461725905853692,0.0919100657036616,0.014654310831948646,-0.07725575487171296,0.0446760822373816,-0.002375086064974141,-0.04705116830235574
2024-01-01,,-0.0242628459497163,,0.0612961097344969,0.01141457669407564,-0.04988153304042126,0.0770140342287966,0.013785702272726803,-0.0632283319560698,0.037200412467042,0.013439036687310578,-0.02376137577973142,0.0538116972154008,0.023746675602710175,-0.030065021612690625,0.0950637804672464,0.00801937902664238,-0.08704440144060402,0.0899274659535129,0.00781800696085681,-0.08210945899265609,0.1250752157783078,0.008060623034205319,-0.11701459274410247,0.0362794132536953,0.008694662743211543,-0.027584750510483754,0.0314649947558755,0.009355823271751107,-0.02210917148412439,0.1709821438540736,-0.016689316995638772,-0.18767146084971237,0.00978646366469,0.015590694770508843,0.005804231105818843,0.0507203316349626,0.0078044613385199295,-0.04291587029644267,0.0412566057549188,0.010237884976116874,-0.03101872077880193,0.0949196281301762,0.004283469838293384,-0.09063615829188282,0.0324433579591541,0.00822991208721455,-0.024213445871939552,,0.013436790554362539,,0.0467511676743818,0.008201526822564795,-0.038549640851817,0.1626924313353411,0.022836795814357748,-0.13985563552098335,0.1208393554824028,0.016852909537635935,-0.10398644594476686,0.0109300806650549,0.014944199410310995,0.004014118745256095,0.0311876684566501,0.03514920969957653,0.003961541242926428,0.1022825234313652,0.017318606255514152,-0.08496391717585104,0.12179751615013,-0.034598354938724894,-0.1563958710888549,0.0641185670301859,0.011138095473183798,-0.0529804715570021,0.0618771018898382,0.011108898964936411,-0.05076820292490179,0.0726796475285996,-0.02058958406022913,-0.09326923158882872,0.042055136887761,0.016493469553597772,-0.025561667334163225,0.0407670623215836,0.04409772404604733,0.0033306617244637307,0.0414892364195064,0.008445865120041009,-0.03304337129946539,0.1021633336003058,0.0219431671919948,-0.080220166408311,-0.0037399086641343,0.014697150417786582,0.018437059081920882,-0.0101793570445455,0.01622256355996091,0.02640192060450641,0.1693353908508845,0.02340338298008352,-0.145932007870801,0.1037191361932224,0.015067403804326272,-0.08865173238889612,0.1039461790767349,0.016162563015937957,-0.08778361606079693,0.0777009743731638,0.005558923590225076,-0.07214205078293873,0.0867371912408188,0.0067668705444609584,-0.07997032069635784,0.079082677624176,0.009634514075218023,-0.06944816354895798,-0.0555380408396954,0.0025275285150458864,0.05806556935474129,0.071688985407509,0.008891814709981037,-0.06279717069752797,0.0665182108975071,0.01090678323167027,-0.055611427665836835,0.0980274263161627,-0.011727814956368439,-0.10975524127253114,0.0914741529711331,0.010521107714418127,-0.08095304525671497,0.0095911166387545,0.013701815663064127,0.004110699024309628,0.0818510492528873,0.012977727479182459,-0.06887332177370484,-0.0049028591366238,0.00613654779386726,0.01103940693049106,-0.0032563837557409,0.009958688243182589,0.01321507199892349,-0.0732286355982495,-0.00478646849793577,0.06844216710031374,0.0646295271494626,0.00549842087969121,-0.05913110626977139,0.0596495620243516,0.006226592206652673,-0.05342296981769893,0.0117949929944886,-0.03525471532586582,-0.04704970832035442,0.0149763933767681,0.01215049935801776,-0.0028258940187503405,-0.0322618142971823,0.03225639152686027,0.06451820582404258,0.1589966976686601,0.02081390984464112,-0.13818278782401897,0.1043402032296533,-0.0032683503153005675,-0.10760855354495387,0.0407493612624978,0.003941152533466211,-0.03680820872903159,0.0605723456613673,0.014989137929392035,-0.045583207731975266,0.0565567995648922,0.014807903495483464,-0.041748896069408736,-0.0568718279847742,0.0008748721647156461,0.05774670014948985,0.0971581477743136,0.009366246578930055,-0.08779190119538355,0.0735077581262474,0.011204317875967335,-0.06230344025028006,0.0925767971597344,0.010935232508558358,-0.08164156465117603,0.0900905163059112,0.01089833890843253,-0.07919217739747866,0.057201799845116,0.001867550251536139,-0.05533424959357986,0.0838077134906006,0.0065663522610501755,-0.07724136122955041,0.0818334019238269,0.006418197297404031,-0.07541520462642287,-0.1169446434218029,0.0060102221698403,0.1229548655916432,0.0252684629013977,0.00849230865652307,-0.01677615424487463,0.0189666792705676,0.009118744234653076,-0.009847935035914523,0.0521286470151995,-0.00018693984928211914,-0.05231558686448162,0.0290264017301878,0.015371206011516467,-0.013655195718671333,0.0156612227010301,0.015760918838304768,9.969613727466714e-05,0.0349641046960773,-0.006080873330805076,-0.04104497802688238
2024-02-01,,-0.007255830325033617,,-0.0110478611775298,0.01905169442576193,0.03009955560329173,0.0183517816619929,0.00353389922328466,-0.014817882438708239,-0.0612170676521395,0.010604293433585972,0.07182136108572547,-0.1757666807443281,0.03703376766621473,0.21280044841054285,0.0076340605763424,0.012369653252792462,0.004735592676450062,0.0120909952169841,0.011572035948199043,-0.0005189592687850561,-0.0264183275331926,0.0033232282521287806,0.02974155578532138,0.0363816076788868,0.01812366326318692,-0.01825794441569988,0.0414846187839698,0.018400384289571338,-0.023084234494398462,-0.0598732630001805,-0.00043796488371482863,0.05943529811646567,-0.0097478388354138,0.001123068977837979,0.01087090781325178,-0.0503907415614914,0.01268924825956064,0.06307998982105203,-0.0434476113365372,-0.005731533326914035,0.037716078009623163,-0.0768531203826003,-0.007635913455071481,0.06921720692752882,0.0404220993356234,0.013285194794436388,-0.027136904541187012,,-0.0030212660979864287,,0.0295573655002454,0.006750486514244282,-0.022806878986001117,-0.0223779909419546,0.016683952591467037,0.03906194353342164,0.0019103514655824,0.012452212000570475,0.010541860534988075,0.0310348365359028,0.005474340886196849,-0.02556049564970595,-0.0499652592234794,0.03413999505194615,0.08410525427542555,-0.0540713553243495,0.02112207190479459,0.07519342722914409,-0.0637018508104614,-0.04076542810454757,0.022936422705913825,0.0246695446625565,0.024141985448672156,-0.0005275592138843446,0.0275062243237474,0.024545215434977213,-0.002961008888770187,0.0110793034025757,-0.00041355936995865657,-0.011492862772534357,0.0768918719662353,0.025993891448508444,-0.05089798051772686,0.0946246326722072,0.049113729951453945,-0.04551090272075326,-0.0105472806078372,0.0036845278793074324,0.014231808487144632,-0.0330343835422615,0.013796920201824495,0.04683130374408599,0.022108489666237,0.012432615429646396,-0.009675874236590606,0.0162604243265523,0.01244197476782392,-0.003818449558728381,-0.0525289312712251,0.007202669360590671,0.05973160063181577,-0.0035938003497251,0.01413712521379052,0.01773092556351562,-4.556502256095941e-05,0.015016274157206456,0.015061839179767415,-0.0703163669648978,0.0005299165553462057,0.07084628352024401,-0.002719535735478,0.00970612108235967,0.01242565681783767,0.0059398097798028,0.0038115899066207795,-0.002128219873182021,-0.0679025447130081,-0.008657980061451166,0.05924456465155694,0.0369575381526141,0.007568510163504207,-0.029389027989109893,0.0432810160654856,0.009807892228666236,-0.033473123836819364,-0.1141897852145924,0.056754238288428974,0.17094402350302138,-0.01591461680952,0.024682569389185657,0.040597186198705656,-0.1711644286548764,0.017738301738189164,0.18890273039306557,-0.0228489592311742,0.003651915309218135,0.026500874540392336,-0.0067540330682013,-0.0021864602098347714,0.004567572858366529,-0.004092396877957,-0.005102798107194026,-0.0010104012292370254,-0.1065037366421371,-0.0014212108814741975,0.1050825257606629,0.0407501351357252,0.0060607355925371585,-0.034689399543188046,0.0429306283968609,0.005691808551461182,-0.037238819845399715,-0.0626128632741471,-0.014797299117263265,0.04781556415688383,-0.1268858471555354,0.030065401304557326,0.1569512484600927,-0.1683132210527606,0.039691845464240316,0.2080050665170009,-0.038922378513871,0.021202193626342066,0.060124572140213065,-0.0681770535418394,-0.0017087603956752913,0.0664682931461641,0.0015897283525487,0.0047115145180554735,0.0031217861655067737,0.0166966240256841,0.013816972325675154,-0.002879651700008947,0.0211765969133309,0.013930091975440147,-0.007246504937890752,-0.085093070441597,0.0014640725615400465,0.08655714300313705,,0.012345683574526239,,0.0191997795195755,0.011583732454191906,-0.007616047065383595,-0.0376041754876899,0.011974651985186265,0.04957882747287616,-0.0365782241116589,0.01353923814275839,0.05011746225441729,-0.0434266175996827,0.002678378782395611,0.04610499638207831,-0.0149992345580762,0.007422277527080247,0.02242151208515645,-0.0145022191018665,0.002807878726548841,0.01731009782841534,0.0091356726977627,0.016640757919571814,0.007505085221809114,-0.0249779985573348,0.007394421240372019,0.03237241979770682,-0.016232023964907,0.00897907488891582,0.02521109885382282,-0.0793780529601883,-0.004518101499825713,0.07485995146036258,0.0332296213054831,0.01087241942195492,-0.022357201883528178,0.0461735326672415,0.0109172829682186,-0.0352562496990229,-0.0696334697405946,0.0080534861626319,0.0776869559032265
2024-03-01,,0.01682750253234066,,0.0578451541897606,0.013852738257781128,-0.04399241593197947,0.0725802179114369,0.015010629551437726,-0.057569588359999174,0.0494214120977958,0.014279738648662893,-0.0351416734491329,0.0857314721387975,0.026138635766019283,-0.05959283637277822,0.0269215665357666,0.017226605518860596,-0.009694961016906003,0.0301047303510395,0.01848987880933104,-0.011614851541708458,-0.059824522533322,0.0064503483284735555,0.06627487086179557,0.0463528812650168,0.01257902194840018,-0.03377385931661662,0.0477762921971343,0.01357978569826547,-0.03419650649886883,0.0116460552006233,-0.016739051134849595,-0.028385106335472893,0.0360844069052571,0.00472875800539671,-0.03135564889986039,0.0632466371778704,0.013034781206995086,-0.05021185597087531,0.0643628031848849,0.00930436589659974,-0.055058437288285154,0.0082168947206555,-0.005701633344627536,-0.013918528065283035,-0.0309299724325982,0.006717633378930832,0.03764760581152903,,-0.01934638452600735,,0.0501123293874836,0.022141617125466286,-0.027970712262017312,0.0994299208186427,0.02639075859269053,-0.07303916222595216,0.1072374044775412,0.02804503457060014,-0.07919236990694106,0.0350744000896428,0.016886509321770604,-0.018187890767872195,0.040196130245187,0.0033678401011044013,-0.0368282901440826,0.1170148427371288,0.01686549212260907,-0.10014935061451972,-0.0531592392753714,-0.04567334034737253,0.00748589892799887,0.0839548417182204,0.02034236960090844,-0.06361247211731197,0.0851142964592729,0.020663448753517416,-0.06445084770575549,0.0043717664738718,-0.012318829752885096,-0.016690596226756896,0.0636041343125317,0.01233872524935308,-0.05126540906317862,0.0700476352544544,0.04153749732049675,-0.028510137933957652,0.0019812330179476,0.010689023896044694,0.008707790878097093,0.0374655411778793,0.01629894836295289,-0.02116659281492641,0.0319206976718911,0.019102905080198997,-0.012817792591692106,0.0270480336654085,0.020079663346979408,-0.006968370318429094,0.1394182198136198,0.008518233194449477,-0.13089998661917032,0.0871694427831361,0.02449455484544312,-0.06267488793769298,0.094961320909154,0.02632650511645305,-0.06863481579270095,0.0766447130598477,-0.017988141656438375,-0.09463285471628607,0.0797137747628559,0.019565203226139378,-0.06014857153671653,0.0762482361107953,0.01705892275947512,-0.05918931335132018,0.0739111590919434,-0.01570220285598141,-0.08961336194792481,0.025072291658809,0.009572889594435322,-0.015499402064373679,0.0275294226021466,0.014603127843816755,-0.012926294758329846,0.0085455370219184,0.0063022742969408,-0.0022432627249776,-0.0081698878745707,0.03024302146692382,0.03841290934149452,-0.0176812792858254,-0.0328480408446642,-0.015166761558838802,0.0351912855671695,0.01536190583603492,-0.01982937973113458,0.0337455637076654,0.015812222985712755,-0.017933340721952643,0.0322469175874369,0.014045392198334356,-0.01820152538910254,-0.0304194759833303,0.006244145754228325,0.036663621737558626,0.0548248403199164,0.013188992463157682,-0.041635847856758716,0.0522608214460976,0.014742092859352275,-0.03751872858674533,-0.0022292529034081,-0.06573987530218839,-0.06351062239878029,-0.0740502675977314,0.0020746627923318483,0.07612493039006324,-0.0426639386156022,-0.009780308312584153,0.032883630303018045,0.0247724133321997,0.021614880189512263,-0.0031575331426874353,0.0500339553530836,0.005028755367750338,-0.04500519998533326,0.0619086767776183,0.011531143048555152,-0.050377533729063145,0.1059231788713025,0.023275785361683426,-0.08264739350961907,0.1055653309080484,0.023559637835330473,-0.08200569307271793,0.0191072163048769,-0.003943420098393409,-0.023050636403270312,,0.003548530161478016,,0.0396581931452306,0.019896099907384654,-0.019762093237845946,0.036061375496065,0.015374301982074479,-0.020687073513990524,0.0403681604176357,0.01609251445567179,-0.024275645961963906,-0.0442897773915719,0.0045067958727536515,0.04879657326432556,0.0585006735061497,0.01616549756124548,-0.04233517594490422,0.0606279779735696,0.00765022526502823,-0.05297775270854137,-0.0427325416323467,-0.022648787873469016,0.020083753758877686,0.011288443083876,0.010762583613797075,-0.0005258594700789255,0.0155831780955214,0.010674723537051563,-0.004908454558469836,-0.0283502807645176,0.00515961242035006,0.03350989318486766,0.0556281937427923,0.015539029256260637,-0.04008916448653166,0.0560476032701003,0.01614610188529779,-0.03990150138480251,-0.1085690677449254,-0.012669332283756581,0.09589973546116883
2024-04-01,,0.016084154747704603,,0.0533491499104925,0.00812925277709008,-0.04521989713340242,0.0414402905592241,0.027183724397543955,-0.014256566161680147,-0.0772445827821189,0.013796204204087937,0.09104078698620684,-0.0559973424646585,0.013710191797038924,0.06970753426169743,0.0479734398629237,0.011059541395427249,-0.036913898467496445,0.0489579558652326,0.012458832568885664,-0.036499123296346934,-0.0203469611242607,0.007186312829834252,0.027533273954094953,0.0172022274955892,0.013470221422353622,-0.003732006073235577,0.0187843187259464,0.014439685108014584,-0.004344633617931817,-0.051736291597584,-0.021677459953934008,0.030058831643649992,0.0509716744762869,0.018858163814666148,-0.032113510661620756,0.0490679573007262,0.008635789253162478,-0.04043216804756372,0.0477388090704764,0.02441320850964323,-0.023325600560833173,0.2588600894539374,0.001846032621211336,-0.25701405683272605,0.01371055376401,0.01152581338449304,-0.0021847403795169605,,-0.0010103725941218557,,0.050913523563107,0.013233391698510375,-0.03768013186459662,0.0933431218542274,0.023748624838221093,-0.06959449701600631,0.0546991733814394,0.01719962460956043,-0.03749954877187897,0.0318612835944547,0.013301527607915899,-0.0185597559865388,0.0532555582289246,0.011852503125915556,-0.04140305510300905,0.0629219662923577,0.010611815336911246,-0.05231015095544646,-0.1153624924070986,-0.051864482342355474,0.06349801006474312,0.0281656895115364,0.011417007994188526,-0.016748681517347874,0.0290372379752535,0.01176322886372081,-0.01727400911153269,-0.0519676200590352,-0.023218956054422812,0.028748664004612387,0.0010720467427532,0.012534891214903372,0.011462844472150173,0.0007572501741096,-0.024100849675718884,-0.024858099849828483,0.0443422506728917,0.010279418268324993,-0.03406283240456671,0.0564830242734061,0.016091494365498685,-0.04039152990790742,0.0410327473450806,0.012324305059910792,-0.028708442285169805,0.0374084665915792,0.014264920715687184,-0.023143545875892013,0.0015166541898091,0.017189882393446234,0.015673228203637132,0.0595971734287226,0.013659780713842558,-0.045937392714880045,0.0621931477121703,0.014426891418293245,-0.047766256293877055,0.002554175035365,-0.008433569416221535,-0.010987744451586534,0.0219604431843203,0.011443946643839934,-0.010516496540480367,0.0179438519419274,0.023669099397403026,0.005725247455475625,-0.0706784831865496,0.01704057419606249,0.08771905738261208,0.0337799187627288,0.015134849731775184,-0.01864506903095362,0.0352118138506557,0.015887510774322034,-0.019324303076333666,-0.1056332544978815,-0.01840164971463326,0.08723160478324823,0.1525482325952093,0.010444682533959238,-0.14210355006125006,-0.0172149124256026,-0.003657070984025789,0.013557841441576811,0.0429024617137951,0.016557415693282108,-0.026345046020512995,0.1057566873294523,0.01805466265281206,-0.08770202467664023,0.1074841194859985,0.027884692096244033,-0.07959942738975447,0.0181787003578332,-0.006164181348549304,-0.024342881706382505,0.0134104606920655,0.013222884978457434,-0.0001875757136080656,0.0136833179364413,0.014076568031616842,0.0003932500951755423,-0.0160485052695109,-0.034898538163781245,-0.018850032894270344,0.1842432492216934,0.0064743585074437515,-0.17776889071424967,0.2566191277980981,0.008599200988469113,-0.24801992680962898,0.0262044583962727,0.01659602755176924,-0.009608430844503458,0.0392624875264222,0.01233690342281571,-0.026925584103606494,0.0124327309163529,0.01641046577201682,0.003977734855663922,0.0256705891979472,0.01738966841765121,-0.008280920780295992,0.0247692108289256,0.017940111079440706,-0.006829099749484896,-0.0672964004238348,-0.015801831720774224,0.051494568703060586,,0.012744957089401383,,0.0640583409118901,0.008678679794265409,-0.055379661117624684,0.0344833519624197,0.012582357780456077,-0.021900994181963625,0.0327422205408741,0.012500387883202808,-0.02024183265767129,0.0287094273566719,-0.00012910437843148114,-0.02883853173510338,0.0185442134651803,0.013002754700234688,-0.005541458764945613,0.0145631619065837,0.02097569991390342,0.006412538007319718,-0.0399933675373915,-0.006100458576805784,0.033892908960585715,0.0597335212454571,0.01386948591326373,-0.04586403533219337,0.0647653987203262,0.014326855452526047,-0.05043854326780016,-0.0005513450728241,0.008607779560289141,0.00915912463311324,0.0416316541933999,0.016489892135228106,-0.025141762058171792,0.0416749886847983,0.017762078013032184,-0.023912910671766114,0.035212539887869,-0.014462292307195274,-0.04967483219506427
2024-05-01,,0.031208053129704552,,0.0236055586721127,-0.004870530026136715,-0.028476088698249417,-0.0334628069043002,0.011079076299506267,0.04454188320380647,-0.0596211846428635,0.0073510049127764624,0.06697218955563997,-0.0233314114782258,0.00486916144665567,0.02820057292488147,-0.0340107743706878,0.0006871338898080731,0.034697908260495874,-0.0324119640519796,0.0010166432030634322,0.033428607255043034,-0.0461559812395317,-0.009704016339719002,0.0364519648998127,-0.0541597741644473,0.013966094496320108,0.0681258686607674,-0.0525224908214229,0.015011406692657388,0.06753389751408029,-0.1261075243141596,-0.015132691047181204,0.1109748332669784,0.0023171562185131,-0.0045778773447605154,-0.006895033563273615,-0.0599409158963717,0.002107417231833431,0.06204833312820513,-0.0570682621716902,0.00460403380090096,0.061672295972591155,-0.0818947573655098,-0.026731196486530506,0.05516356087897929,-0.064052718376457,0.0033984351166156954,0.0674511534930727,-0.1084701696981523,-0.028649152484653773,0.07982101721349853,-0.0623158428299548,0.0011239237425527764,0.06343976657250758,-0.0806772868414121,0.008923143348155412,0.08960043018956751,-0.0817854176694422,0.0014550651447623741,0.08324048281420457,-0.0162882322632745,0.00345214154185481,0.01974037380512931,0.0145745432175704,0.00728146991829371,-0.00729307329927669,-0.043469484281289,0.006281480394572789,0.04975096467586179,-0.0965679695179369,-0.044265803900607914,0.05230216561732899,-0.0326937497782633,0.022282909058074236,0.05497665883633754,-0.0321690789509814,0.02330791180805568,0.05547699075903708,-0.0807318415042204,-0.0056543432281117795,0.07507749827610861,-0.0946478468694744,0.004521482790676641,0.09916932966015105,-0.0967429222035168,0.05399759405685404,0.15074051626037083,-0.0072183099795019,0.0061153031233299885,0.013333613102831888,-0.0795075228938179,-0.00835869681733967,0.07114882607647824,-0.045806092365386,0.0036320869352051283,0.04943817930059113,-0.0372333411588567,0.00260530374676943,0.03983864490562613,-0.0392336515906073,0.004563884644655773,0.04379753623526307,-0.0499365486376157,0.0067838183326475055,0.056720366970263204,-0.0445322921712068,0.007620666712178409,0.05215295888338521,-0.0573883001006098,-0.028867320044343114,0.028520980056266687,-0.0379395745069864,0.013093851246463,0.0510334257534494,-0.0311582455320881,0.020990657015727398,0.0521489025478155,0.0008145893994926,0.03215076473746658,0.031336175337973976,-0.06163179547471,0.007385371235941199,0.0690171667106512,-0.0606531598121051,0.012039022320417248,0.07269218213252235,0.0576940851955733,0.05280591321597901,-0.004888171979594291,0.0412241604720517,-0.0011085203673508017,-0.0423326808394025,-0.033364118659541,-0.07630729317382991,-0.042943174514288904,-0.0505600249057755,0.009049350936346755,0.05960937584212225,-0.0084291265623041,0.007994024544364996,0.016423151106669094,-0.0069612355410615,0.009390337661642614,0.016351573202704115,0.0051990396591527,-0.00285230708282059,-0.00805134674197329,-0.0546359791024823,0.014492595339668422,0.06912857444215073,-0.0517709019970915,0.01572038113937404,0.06749128313646555,-0.1608309172425763,-0.0388880329142585,0.12194288432831782,0.0766714078030782,0.007811772931374009,-0.06885963487170418,0.1340735511029172,-0.067357471483752,-0.20143102258666917,-0.1133400784289958,-0.004780279121763248,0.10855979930723254,-0.0300569367725884,0.010297049581860717,0.04035398635444912,-0.0050934789571274,0.010452966049227103,0.015546445006354503,-0.0485533950877128,0.020828012597720564,0.06938140768543337,-0.0458786608088298,0.022035290628365553,0.06791395143719536,-0.1157063487211683,-0.0251846164371389,0.0905217322840294,,-0.01144507962975895,,-0.0781090861806488,-0.006687148963415151,0.07142193721723364,-0.0587453386600494,0.0024613493737969854,0.061206688033846386,-0.0590139279138829,0.004458287481587153,0.06347221539547006,-0.0557431586866731,-0.01422769036917625,0.04151546831749685,-0.0746155594577186,0.008029992436099608,0.0826455518938182,-0.0731670899898442,0.002972030277744532,0.07613912026758873,-0.0204431094095739,-0.02017871567584611,0.0002643937337277885,-0.0029327724122765,0.0030373334167014656,0.005970105828977966,0.0021536928014888,0.005399005811694295,0.0032453130102054954,-0.008626320799255,-0.001896667594327983,0.006729653204927018,-0.0522882247076153,0.004564626432131235,0.05685285113974654,-0.0521633472600042,0.00546206905221743,0.05762541631222163,-0.0287363845735452,0.005409609523763205,0.0341459940973084
2024-06-01,,-0.01915128758364033,,0.0634660089451138,0.009095132336910684,-0.05437087660820311,0.0176138676224321,0.00891896958774894,-0.00869489803468316,0.0396292187173147,0.011287496212299708,-0.028341722505014995,-0.0117370471720561,0.02253771521306323,0.03427476238511933,0.03263489612979,0.005276543987733221,-0.027358352142056782,0.0321433720172839,0.0046828327932532795,-0.02746053922403062,0.0241839883409392,0.0029852074664445893,-0.021198780874494613,0.0253283922178173,0.010090563506435852,-0.015237828711381449,0.0284840258151934,0.010674871481954363,-0.017809154333239034,-0.035598925331606,-0.013150101588191868,0.022448823743414136,0.0462423863628616,0.00899175535607916,-0.03725063100678244,0.0361905181912507,0.006402223462726181,-0.02978829472852452,0.0325982423020008,0.0041682419346808375,-0.028430000367319963,-0.0421093227467065,-0.003557038422213071,0.03855228432449343,0.0418227386409748,0.007307942798167758,-0.03451479584280704,0.0115793910946196,0.007099634654424212,-0.004479756440195388,0.0504493700012961,0.003709950374336326,-0.04673941962695978,0.0614046691895918,0.017241580736266974,-0.044163088453324825,0.0132258664266929,0.010757294808800229,-0.002468571617892672,-0.0016122308161265,0.010213588065972664,0.011825818882099165,-0.0059850517320571,0.0372465293369158,0.0432315810689729,0.0418412312996081,0.01635051423425746,-0.02549071706535064,,-0.03453985585061714,,0.1522369796726386,0.01464124218905775,-0.13759573748358087,0.1535329779986056,0.014839377756515053,-0.13869360024209054,-0.092314025932993,-0.014797579114227244,0.07751644681876575,0.095363874704062,0.01631651214374367,-0.07904736256031833,0.1041017396863396,0.05621125720404559,-0.04789048248229401,-0.012444594905577,0.00643764231478176,0.018882237220358762,-0.0050787261526783,0.014754432005279927,0.019833158157958226,0.0435015881059663,0.011038288074629893,-0.032463300031336406,0.0415847743864314,0.011699791299116725,-0.029884983087314673,0.0468865339358764,0.017715284280499635,-0.029171249655376763,0.0263417935126111,0.011736734731944483,-0.014605058780666619,0.0336552507037383,0.012705812833334704,-0.020949437870403598,0.1059646490109101,0.0012105371210499299,-0.10475411188986017,0.0288421456851712,0.006100996220849119,-0.022741149464322083,0.0310308312407152,0.007946859414362191,-0.02308397182635301,0.0163724133248337,0.006425702894934956,-0.009946710429898744,0.0134305274824892,0.00702160579363828,-0.0064089216888509205,0.0111412127705024,0.009221160989187138,-0.0019200517813152632,-0.0316521690934818,0.011996836794341378,0.04364900588782318,0.0580995715013402,0.007724464129037517,-0.050375107372302684,0.1823928333894311,0.002892612558172642,-0.17950022083125847,0.0075186510632963,0.009438353498530056,0.0019197024352337558,-0.0035563539550127,0.0016584220084855977,0.005214775963498298,-0.0077699233034244,0.0037211172095418625,0.011491040512966262,0.0355637030741645,-0.005857786973608853,-0.04142149004777335,0.0347726883889806,0.005202149636616398,-0.029570538752364203,0.0360661787113558,0.00572433779603132,-0.030341840915324478,-0.0346018146653104,-0.029204167542923664,0.005397647122386735,0.0749682227609886,0.016361646370858563,-0.05860657639013005,0.0225512654172396,0.02113069629401967,-0.0014205691232199308,0.0680866540126147,0.015069350894807026,-0.05301730311780767,0.0162446142345752,-0.003123253846832561,-0.019367868081407762,-0.0361961059445524,0.002689191230192141,0.038885297174744544,0.0419455233361038,0.014054028358004431,-0.02789149497809937,0.0375924605522497,0.01411551181352699,-0.02347694873872271,0.1800333895819078,-0.002818230290596191,-0.18285161987250398,,0.0061922064224535405,,0.0623862594030735,0.0067189606048695645,-0.05566729879820393,0.0468746457958722,0.008119877171982698,-0.038754768623889504,0.0496341461987399,0.008749232221353697,-0.0408849139773862,0.0250879763581153,-0.0020688569263067093,-0.02715683328442201,0.0165840947652152,0.00471939143505052,-0.011864703330164681,0.0063730958209044,0.0028571931331561216,-0.003515902687748278,0.1777144652539206,0.005647404105705674,-0.17206706114821493,0.0743967736360932,0.005704268364121605,-0.0686925052719716,0.0831394649683193,0.00694772325327158,-0.07619174171504772,0.0680783137667117,-0.0034693803001942195,-0.07154769406690592,0.0018845154724022,0.011590352952561916,0.009705837480159716,-0.0003446815110507,0.01191658705137753,0.01226126856242823,0.0534514642726739,0.0002718874376339761,-0.053179576835039925
2024-07-01,,0.0942253477704178,,-0.0358503508693058,0.012385550090140293,0.04823590095944609,0.0440525311651003,0.021834209679259888,-0.022218321485840412,-0.1292133468420521,0.011198576260160239,0.14041192310221234,0.0486610789785865,0.020800947636981502,-0.027860131341604998,-0.0128902815086692,0.02274966335755662,0.03563994486622582,-0.0147349724807526,0.025485093883770852,0.04022006636452345,-0.0119725339466223,-0.0030729345549936823,0.008899599391628618,0.0643955140349684,0.028341634904747583,-0.03605387913022082,0.0675726995029918,0.029475967632461037,-0.03809673187053077,-0.0411807771080636,-0.007557847682368979,0.03362292942569462,0.0001661587152601,-0.008614644934637462,-0.008780803649897563,-0.0360156410316624,0.017047929155998242,0.05306357018766064,-0.027213766209455,0.011404488334330165,0.03861825454378516,-0.0981762842999006,-0.02676025189095797,0.07141603240894263,-0.018778015208308,0.014226808021196587,0.033004823229504585,-0.0712406282274359,-0.06078674036096556,0.010453887866470342,0.0668608662229903,0.024971733414530458,-0.041889132808459836,-0.0536383318664994,0.01868537019496163,0.07232370206146102,-0.0592376297323761,0.020508841622483433,0.07974647135485953,-0.0066440102851896,0.004155395735180031,0.01079940602036963,0.0067568303406944,-0.03101366226696926,-0.03777049260766366,-0.0416947620228639,0.009760758126381854,0.05145552014924576,-0.0846314132057947,-0.07290954418907733,0.011721869016717373,0.0889600125984344,0.0354426542859475,-0.053517358312486905,0.0919761798482275,0.03687017695588841,-0.055106002892339086,0.0149113104929678,0.006603683945680549,-0.008307626547287252,0.0388482361842155,0.013155532626356166,-0.025692703557859332,0.0365290451301032,-0.030405582951001094,-0.0669346280811043,-0.0320195299447671,0.00875022569302494,0.040769755637792046,-0.013834211237636,-0.00549036239568582,0.00834384884195018,-0.0023607047278704,0.011693123685401088,0.014053828413271487,0.0020473306811059,0.011131178581616578,0.009083847900510679,-0.0500909126669258,-0.01695704313543053,0.033133869531495275,0.0145534732611848,0.020016264173684354,0.005462790912499554,0.0213092741870938,0.021180243455153833,-0.0001290307319399657,-0.1101196952840955,-0.04726592976892266,0.06285376551517284,-0.0060440723121827,0.029679783395991123,0.035723855708173824,-0.0050139833116893,0.03232452555529755,0.03733850886698685,-0.0201808826864898,0.0017255395808154876,0.021906422267305287,0.0082272202586706,0.01600562577860822,0.007778405519937619,0.0122404344976669,0.02039856813197292,0.00815813363430602,-0.0485955146352348,0.075792254443086,0.1243877690783208,-0.0835259975233401,0.03886583407184362,0.12239183159518371,-0.1387621510952094,-0.07376184332225406,0.06500030777295533,0.0269458540637013,0.01109458258566377,-0.01585127147803753,-0.0240352254992489,0.02358562990497488,0.04762085540422378,-0.0193647952403424,0.022600164810616292,0.04196496005095869,-0.0634328787856448,0.008355086299381026,0.07178796508502583,0.0329138053164622,0.02580126535490665,-0.0071125399615555515,0.0378246926471893,0.026683988018655517,-0.011140704628533785,-0.2265433321356028,-0.04720468839731064,0.17933864373829217,-0.0317357044103682,0.010511979319222698,0.042247683729590896,-0.1197379644903345,-0.05806643875777045,0.06167152573256405,-0.0465627515314502,0.010168597228819562,0.056731348760269765,-0.0449555163215256,0.029076731505545857,0.07403224782707146,-0.0038307515792779,0.02917209253187412,0.03300284411115202,0.0508910948722949,0.027203044348580983,-0.023688050523713918,0.0558556088471118,0.028989438515370065,-0.026866170331741733,-0.1468410926088963,-0.029782966008652375,0.11705812660024392,,0.004945065271080861,,-0.0409659132141421,0.01247669121916294,0.053442604433305035,0.0047866344591965,0.01626924042230274,0.011482605963106239,0.0034634048490276,0.01887188112734315,0.01540847627831555,-0.0164559343509855,-0.001243123192706047,0.015212811158279452,0.0221333369709507,0.02525831889500084,0.003124981924050141,0.0239661654674154,0.021316096772332205,-0.0026500686950831943,-0.2071748697436626,-0.03386552239610119,0.1733093473475614,-0.0352919202231231,0.015161732350513775,0.050453652573636876,-0.0388987455034398,0.01622145383378883,0.05512019933722863,-0.0344455181136586,0.01180635358062121,0.04625187169427981,-0.0246985954362641,0.010549153518065953,0.035247748954330055,-0.0195209946986944,0.012040154747225622,0.03156114944592002,0.0171630542694799,-0.006159326712938516,-0.023322380982418418
2024-08-01,,-0.005506020212357272,,0.0838368397613361,0.012930403184270939,-0.07090643657706516,-0.0038117599882406,0.014267830384291767,0.018079590372532366,-0.0199508047064037,0.017140899345727205,0.0370917040521309,0.1024219435039811,0.022029462073160436,-0.08039248143082066,0.0618902015684245,0.00981750587819473,-0.05207269569022977,0.0550414806289245,0.009764572617454607,-0.04527690801146989,0.1225333598485189,0.004946714413322656,-0.11758664543519624,-0.0210905925040118,0.011282462214215475,0.032373054718227275,-0.0257679906657359,0.011922526798276996,0.0376905174640129,0.0575639677090404,-0.015759129014665973,-0.07332309672370638,0.0132327523724898,0.01346773483472007,0.00023498246223026958,0.049826421235924,0.010435172716641988,-0.03939124851928201,0.0508906085929996,0.013902198580408386,-0.03698841001259121,0.0088760477616396,0.0015193936919008061,-0.0073566540697387935,0.0400172522571759,0.007431058811036774,-0.032586193446139125,0.0640357177972629,0.011126503229674518,-0.05290921456758838,0.0113052366382862,0.011714165937050623,0.0004089292987644235,0.1573491710902349,0.017959101757020174,-0.13939006933321474,0.1348780373309453,0.0169539248980593,-0.117924112432886,-0.01365229870828,0.014649764380238108,0.02830206308851811,0.1339606158558451,0.05069099468451444,-0.08326962117133066,0.027660059370511,0.01991564287866644,-0.007744416491844562,,-0.03516432277960634,,-0.0034948305516662,0.017332103161654133,0.020826933713320332,-0.003694148314653,0.017555726546111063,0.021249874860764063,0.0171199428374211,-0.018247648347287017,-0.035367591184708114,-0.0365579001978777,0.017130615205726576,0.053688515403604274,-0.0482057773722509,0.045417933170081526,0.09362371054233243,0.0460276507243348,0.013089447430771065,-0.03293820329356373,0.0712563676628517,0.01838954402533067,-0.052866823637521036,0.081713350211232,0.01323024444930046,-0.06848310576193153,0.0771682410034453,0.014021001488779498,-0.0631472395146658,0.0765517345220954,0.011369247674591411,-0.065182486847504,0.0036814493855013,0.016952812615467223,0.013271363229965923,-0.0080559844368238,0.018298143950395623,0.02635412838721942,0.0517922667625473,-0.0016911967001940111,-0.05348346346274131,0.0717187787172162,0.010112637483626072,-0.06160614123359013,0.0704342405880602,0.013561855343441648,-0.05687238524461856,-0.0042584626439829,-0.0010225729013980007,0.0032358897425848994,-0.0143419058317809,0.010336302474210239,0.02467820830599114,-0.0167315559194583,0.010224203561845748,0.026955759481304048,0.0514669306397494,-0.016583768968425866,-0.06805069960817527,0.0130466464447434,0.012866360248781919,-0.0001802861959614814,0.0032388948632468,0.008371527626082089,0.0051326327628352895,0.0661524820425991,0.016377398673652302,-0.0497750833689468,0.0171361275734532,0.0065338399076755906,-0.010602287665777609,0.0171977199251158,0.010892123879193805,-0.0063055960459219955,0.0344567973782789,-0.008330513398037892,-0.04278731077631679,0.0047687963115096,0.00847913933994894,0.003710343028439341,0.0002069672174172,0.009370616351344008,0.009163649133926808,-0.0017434344037739,-0.03979701643218579,-0.03805358202841189,0.1433659800258784,0.015333924753096025,-0.12803205527278236,0.066354941788523,0.03674942289458339,-0.029605518893939607,0.1920674812309769,0.01687694645166386,-0.17519053477931304,0.106968647571698,0.004646327934222446,-0.10232231963747555,-0.0323982186959576,0.008718190710413059,0.04111640940637065,-0.0007380901284837,0.014639064347926625,0.015377154476410325,-0.0022177877040053,0.015086869175680535,0.017304656879685836,-0.1033585613178936,-0.006563786321722287,0.09679477499617131,,0.019530358073342812,,0.0561437231661371,0.01764309710999987,-0.03850062605613723,0.0701254909341573,0.012189036862927613,-0.057936454071229694,0.0679055466961704,0.012584877584776964,-0.05532066911139343,0.0618022535170991,0.0009164853009501696,-0.06088576821614893,0.0036980390541727,0.01038209968818821,0.006684060634015511,0.0021791867339212,0.011611850487766591,0.009432663753845391,-0.0038606378176442,-0.013177304958328112,-0.009316667140683913,0.0691120000255321,0.00962433658303721,-0.059487663442494884,0.0616365181435004,0.009758535487165248,-0.051877982656335156,0.11417615474991,0.0028699874844055383,-0.11130616726550446,0.0716890990350241,0.01547232696074859,-0.056216772074275514,0.0683239349690382,0.016310332487397345,-0.05201360248164086,0.0701639495317657,-0.007795597820156684,-0.07795954735192238
2024-09-01,,0.01072290623454773,,0.0183007386528537,0.01016244514644964,-0.008138293506404059,0.0500270268391618,0.012827376744749194,-0.037199650094412604,0.0682777856805378,0.014472741914188946,-0.053805043766348856,-0.0398269319871056,0.01847994786940086,0.05830687985650646,0.0324688405769058,0.0072045190520796665,-0.025264321524826133,0.0342953539659824,0.007025244852447475,-0.027270109113534925,0.0013652846578187,-0.0010343814942441153,-0.0023996661520628154,0.0199090118532339,0.015347540961878504,-0.004561470891355397,0.0224154144557154,0.015897330852400922,-0.006518083603314479,-0.0805443659151961,-0.01164619545705789,0.06889817045813822,0.0487469428707519,0.007938649947611683,-0.04080829292314022,0.0220339749718558,0.009139385177031327,-0.012894589794824472,0.0324318292372438,0.01116057691566284,-0.02127125232158096,-0.034819612188608,-0.00723548417959936,0.027584128009008637,0.0102853917768512,0.00893168954367066,-0.0013537022331805391,-0.1373279750931426,0.0028493693969638524,0.14017734449010644,-0.0070004067087273,0.006257068415177326,0.013257475123904626,0.0174927139354442,0.010799261003409074,-0.006693452932035127,0.0062593940280446,0.00798623633779701,0.0017268423097524096,0.0629730916139398,0.007132845387976836,-0.05584024622596296,0.072793017921742,0.049979857660143165,-0.02281316026159884,-0.0112517084772483,0.016934323849826634,0.028186032327074936,,-0.04125695413405628,,0.0184226477434844,0.021188317284340067,0.0027656695408556677,0.018992172913227,0.021793687249125376,0.0028015143358983766,-0.0256831264819846,-0.012048007818203674,0.013635118663780924,0.0621246517689454,0.017798865172659047,-0.04432578659628636,0.0714567560323724,0.030016177281753535,-0.04144057875061887,0.0330143950061788,0.010534448087263618,-0.022479946918915184,0.0411050824020009,0.008599630424897843,-0.032505451977103056,0.0448626466904546,0.007200424963524211,-0.037662221726930394,0.0462941981171238,0.007161995808286277,-0.03913220230883752,0.0020510254374114,0.002964440981445527,0.0009134155440341271,0.0014322462173089,0.010931555349232121,0.009499309131923222,0.0067007713160186,0.011837036903457021,0.005136265587438422,0.0003331071374587,-0.007923724303575847,-0.008256831441034547,-0.0083058685194715,0.00913239373846312,0.01743826225793462,-0.0094454018044532,0.014983458143185604,0.024428859947638805,-0.0756610491279842,0.00995952052933854,0.08562056965732275,0.0747072266940538,0.010579796488472248,-0.06412743020558155,0.0782773714124768,0.00944561550254646,-0.06883175590993035,-0.0848621223901071,0.011395243733297441,0.09625736612340453,-0.0564600570802134,0.008557327329562894,0.0650173844097763,-0.0567537879275119,0.0014069926461568248,0.058160780573668726,0.0319296396226027,0.012179651134516935,-0.019749988488085766,-0.0213747274298756,0.003412849975246692,0.02478757740512229,-0.0162545484362303,0.008537252600612267,0.024791801036842566,-0.0465096653676241,-0.011968307060161706,0.0345413583074624,0.0606265985733144,0.009717174828908434,-0.05090942374440596,0.0645131705373896,0.010092847648337615,-0.054420322889051985,-0.1139721990557034,-0.024099917211092496,0.08987228184461091,0.0600212144658863,0.02231481583462284,-0.03770639863126346,-0.0504341378948546,0.026947409683107347,0.07738154757796195,0.0128083923827048,0.009323611393862247,-0.003484780988842553,-0.0358051272025027,0.009767082786740561,0.04557220998924326,0.0597834841923547,0.01113939914333236,-0.04864408504902234,0.0106382901193568,0.012523995767136455,0.0018857056477796542,0.0130025004201686,0.013477413839104505,0.0004749134189359055,-0.1238257948001931,-0.016215401597521235,0.10761039320267186,,0.01989455599320392,,-0.0432062445716076,0.010657982471498559,0.05386422704310616,0.0369358216301553,0.009307139476473197,-0.0276286821536821,0.0393117385887347,0.0104612120496087,-0.028850526539126,-0.0259781042086446,-0.004244724681775624,0.021733379526868976,0.0156680480910109,0.00932919021085632,-0.006338857880154581,0.0233673437264478,0.013282412362619362,-0.010084931363828438,-0.0400569731977909,-0.01133467621948361,0.028722296978307287,0.0509312918666416,0.008351984062965122,-0.04257930780367648,0.0594038097458132,0.009304960058357499,-0.0500988496874557,-0.0898940775588314,0.0013482676944603532,0.09124234525329175,-0.0189496020617141,0.01129837177331328,0.030247973835027378,-0.0215241269090346,0.012344659298940837,0.03386878620797543,0.0033554421120015,-0.0015625939439307904,-0.004918036055932291
2024-10-01,,0.011542981161061172,,0.0078400407890856,0.02188853024174653,0.014048489452660929,-0.0265489468748575,0.018503876048488088,0.04505282292334559,0.0608428641946204,0.015619315785637605,-0.045223548408982794,0.1217493552950636,0.03299664502365464,-0.08875271027140896,-0.0016554621232072,0.01980019986646518,0.02145566198967238,-0.0001472343944459,0.020772068404170053,0.020919302798615952,0.0201657419662985,0.010436615976268653,-0.009729125990029848,0.0345987384084195,0.01729354930410028,-0.017305189104319215,0.0360461282807956,0.017899096708161477,-0.01814703157263412,-0.051100516363308,-0.011338156801681765,0.039762359561626236,0.0043352054571915,0.012724454912981242,0.008389249455789742,0.0171985663913483,0.016263461957604496,-0.0009351044337438039,0.0160993542880886,0.013432321331040897,-0.0026670329570477047,0.0040309338756247,0.003879686910454082,-0.00015124696517061775,0.0543444456944094,0.01448627104801874,-0.03985817464639066,-0.0954581011601521,-0.0022967873827324957,0.09316131377741961,0.049965539893512,0.02015672828849516,-0.029808811605016836,0.045169251181989,0.025440584754462422,-0.01972866642752658,0.0588837207411386,0.02527822551506982,-0.03360549522606878,0.0146209050057504,0.013332890323642363,-0.0012880146821080372,0.0542371035188943,0.021765054126028725,-0.032472049392865576,0.0395514167087712,0.019837438031585556,-0.019713978677185644,-0.028385702503958,-0.051466539741621325,-0.023080837237663326,0.0199552570968702,0.01923320551985152,-0.0007220515770186807,0.0202360541344775,0.019478286963578242,-0.000757767170899256,0.0600099780885947,-0.013425443839059269,-0.07343542192765397,0.0464557682409994,0.022814274908529063,-0.02364149333247034,0.0537485586774906,-0.0073145404440583565,-0.061063099121548954,0.0066454743890526,0.009669725688706072,0.0030242512996534717,0.0187508005991621,0.022552713183552876,0.0038019125843907764,0.0002376516575725,0.01737859157727325,0.01714093991970075,-0.001423967074324,0.018987124928725032,0.020411092003049032,-0.0888279898062064,0.007569971923951378,0.09639796173015779,0.0587204195115443,0.020989565714234194,-0.03773085379731011,0.0651752656455594,0.02219981125017023,-0.04297545439538916,0.0045612632338434,-0.004125159520749718,-0.008686422754593118,0.0112546674567116,0.01464116177407647,0.003386494317364869,0.0113228593800783,0.014690078095596911,0.0033672187155186113,0.118125680135845,-0.015877570035308253,-0.13400325017115325,0.0175088499221169,0.013433712550648791,-0.004075137371468109,0.0110731648045858,0.014068531788492884,0.0029953669839070836,-0.0650610588828524,0.0014544191889313577,0.06651547807178375,0.1042028909402384,0.03227850457033894,-0.07192438636989945,0.0467666087447175,0.023393828233476785,-0.023372780511240712,0.0271178217423745,0.01308436169039083,-0.014033460051983668,-0.0418771818174583,0.012251961525108115,0.05412914334256642,-0.0413915515276593,0.015315481216866697,0.056707032744525994,-0.0222687421016922,-0.0017672253121513931,0.02050151678954081,-0.0284519334363729,0.010788694696639345,0.03924062813301224,-0.0280694481661066,0.011092658644522482,0.03916210681062908,-0.0695598995425113,-0.03488423682321758,0.03467566271929371,0.0095919305239024,0.01734180864265538,0.007749878118752981,0.0557425279179015,0.04847857069400314,-0.00726395722389836,0.0426886087954942,0.02811790738830732,-0.01457070140718688,0.0287444678515577,0.00793323414756639,-0.020811233703991308,0.0514904194788031,0.014360254781527793,-0.0371301646972753,0.0407673215692703,0.016071387487769172,-0.024695934081501128,0.0415120135257358,0.01634323948869733,-0.02516877403703847,0.0806584289801546,-0.0036882471843357025,-0.0843466761644903,,0.02309147506560468,,0.0410901971263934,0.022466615657530678,-0.01862358146886272,0.0306453084211532,0.01816448948347279,-0.01248081893768041,0.0309024982720228,0.018586220003622433,-0.012316278268400368,0.0070039587076944,0.008386332047165868,0.0013823733394714684,0.0246735443465619,0.01548033737877887,-0.00919320696778303,0.0231395750609621,0.01772578025735303,-0.005413794803609068,-0.0305748476373926,-0.002046290955443008,0.02852855668194959,0.0444525015784501,0.01485298314162448,-0.02959951843682562,0.0449208587821049,0.014736015557910643,-0.03018484322419426,-0.0076262135028658,0.006775349086630933,0.014401562589496732,-0.011754579943733,0.017865950568911458,0.02962053051264446,-0.0184642654660486,0.01867069386852244,0.03713495933457104,0.0581325337381668,-0.012262873813743067,-0.07039540755190987
2024-11-01,,0.03535345514647152,,-0.0357503399707854,0.020163079114519974,0.05591341908530538,-0.0033111127079914,0.004058933240999511,0.007370045948990911,-0.059950553654291,0.008446799256347708,0.06839735291063871,-0.0366520270450178,0.03900894818057893,0.07566097522559673,0.0305797690307787,0.018923216795695266,-0.011656552235083432,0.031874643839334,0.01921390012402549,-0.012660743715308509,0.0171523835201518,-0.0005435460458562353,-0.017695929566008035,-0.0041238197712772,0.025411823435214333,0.029535643206491533,-0.0039964132584723,0.02587869001925565,0.02987510327772795,0.0065878204462714,0.0044324708056160825,-0.002155349640655318,-0.0162421468816981,-0.01107124946778408,0.005170897413914018,-0.0410608055135693,0.01648346582998876,0.05754427134355806,-0.0418869538421404,-0.009760859171457152,0.032126094670683246,0.0848002795148286,-0.02117040051353342,-0.10597068002836202,0.011940188852509,0.015274080846133218,0.003333891993624218,-0.0770110742971055,-0.0362000787870006,0.040810995510104905,-0.0024994502223589,0.01383181708876004,0.01633126731111894,-0.060067371809403,0.016762820064049958,0.07683019187345295,-0.0156000587027015,0.015557102649037246,0.031157161351738745,-0.0629313999215665,0.0014482330796767393,0.06437963300124325,-0.0401001451798716,0.0007984637736405467,0.04089860895351215,-0.0065790682573791,0.018431593372487308,0.02501066162986641,,-0.05516795926185347,,0.0095752339406786,0.03403297961194614,0.024457745671267538,0.010398760575997,0.034957284166718616,0.024558523590721616,0.0463057213949776,0.012535099153426946,-0.033770622241550655,0.0354490924817822,0.024707716145614813,-0.010741376336167386,0.0386635010844563,0.030599071656502625,-0.008064429427953674,-0.0480229890167421,0.0021782526982739047,0.050201241715016005,-0.0690775550401323,0.00348904715010442,0.07256660219023672,-0.035933375496271,0.012757533531337132,0.04869090902760813,-0.040853424439195,0.011924732832471066,0.052778157271666064,0.0432429605008793,-0.00735139618286358,-0.05059435668374288,-0.0340622939283574,0.017350757949335136,0.05141305187769253,-0.0380159061094377,0.01835478750407433,0.056370693613512025,-0.1590136836075819,-0.020410851341061974,0.13860283226651993,-0.0876917139803408,0.01941356873032389,0.10710528271066469,-0.0945864022968409,0.010330781966987378,0.10491718426382828,0.0636107981963115,-0.013868260493726067,-0.07747905869003757,-0.0142968875238385,0.008919409290262689,0.023216296814101187,-0.0108426303181382,0.013586731731074888,0.024429362049213088,0.002250652968605,0.10084553145665856,0.09859487848805357,-0.0024154526025173,0.03928847601431375,0.041703928616831046,0.0855281351596033,-0.0211906272246029,-0.10671876238420619,0.0059682112600501,0.0012052720792362468,-0.0047629391808138525,-0.0005744746385839,0.00399940811893253,0.00457388275751643,0.0016693093289526,-0.0033438929742087963,-0.005013202303161397,0.0052195586284824,0.007351321703101006,0.0021317630746186065,-0.0379991490520341,0.013320654554446764,0.05131980360648086,-0.0389726060365128,0.013045548002259958,0.05201815403877276,0.1471919370986062,-0.022815230611741243,-0.17000716771034743,-0.0160508980144312,0.028252432403979677,0.04430333041841088,0.027716427368734,-0.0015969577648266946,-0.029313385133560695,0.0082568378500814,0.01896766274707761,0.01071082489699621,-0.0461407704874551,0.0075621545550405445,0.053702925042495644,-0.0162460681251251,0.01250436020244454,0.02875042832756964,-0.0095208458548754,0.01987340914043061,0.02939425499530601,-0.0064514807919176,0.02054442310466853,0.02699590389658613,-0.0384583926308095,-0.006459199860182913,0.031999192770626586,,0.005634094718802463,,-0.008609359114505,0.011900837636292074,0.02051019675079707,0.0191544288895813,0.014200039451152807,-0.0049543894384284914,0.0242221150844431,0.016898360037232604,-0.007323755047210497,-0.0458159262355417,0.002501974296691103,0.048317900532232796,-0.0080418221805665,0.014296967405427392,0.02233878958599389,-0.006506148076957,0.004596189516696016,0.011102337593653016,-0.1025506124013929,0.004193980314080579,0.10674459271547349,0.0025238610305773,0.00908888403289336,0.00656502300231606,0.0113664560961149,0.01095763391761881,-0.0004088221784960891,-0.0584063695424279,-0.0014724833800536926,0.05693388616237421,-0.0089864284168692,0.00850602100790501,0.01749244942477421,0.0054750145477312,0.008719726419813119,0.0032447118720819188,-0.0523529165936079,0.009502760415148196,0.06185567700875609
2024-12-01,,0.0032002147052867086,,0.0408031336535433,0.0015394728968846825,-0.03926366075665862,0.0775529348720074,0.0220424624109002,-0.0555104724611072,0.078956044701684,0.012000231599588561,-0.06695581310209545,0.2766514987317343,0.006692813281390858,-0.2699586854503434,0.1025949366695789,0.0026801559118784825,-0.09991478075770042,0.1017031749924322,0.003219139439488028,-0.09848403555294417,0.1138936235491268,0.0016124570809758934,-0.11228116646815091,0.0746032016531649,0.009862569281564443,-0.06474063237160047,0.0720963888611599,0.010750495921720322,-0.06134589293943958,-0.0033703833831084,-0.02306276103774864,-0.01969237765464024,0.0492265563116046,0.017050220099447212,-0.03217633621215739,0.013855037147826,0.0033391734378529127,-0.010515863709973088,0.0198059799741576,0.021023961527726343,0.0012179815535687429,0.0869788863819816,-0.0021877888772963046,-0.0891666752592779,0.0644930251367911,0.007424342297043229,-0.05706868283974787,-0.183781701445155,0.006359404098288017,0.19014110554344302,0.070743095124955,0.003721732876821997,-0.067021362248133,0.0726219134880761,0.016151617575814015,-0.05647029591226209,0.0865365496919954,0.007401814441161759,-0.07913473525083364,0.0711570123348565,0.009930535120151728,-0.06122647721470477,0.1277525246637545,0.029034532203624404,-0.0987179924601301,0.1221513043982816,0.00886478094487901,-0.1132865234534026,-0.0736330112334169,-0.04458511874353451,0.029047892489882383,0.0349136499705531,0.009294442802663422,-0.02561920716788968,0.0333292282253418,0.009681742156419555,-0.02364748606892225,0.0260365957854225,-0.025263718868936497,-0.051300314654359,0.146525487707284,0.009651213268064892,-0.1368742744392191,0.1534730953202112,0.0008648934578914312,-0.15260820186231977,0.0140719593669978,0.009087697351418152,-0.004984262015579648,0.0584121270672542,0.010682103683084976,-0.04773002338416923,0.086517273282647,0.006735643717740023,-0.07978162956490698,0.0842847222557914,0.008046375153609155,-0.07623834710218225,0.173057873200263,0.017747302192351835,-0.15531057100791118,0.0760375583610021,0.007260997204557412,-0.06877656115644468,0.0709625094254894,0.007861737522386543,-0.06310077190310286,0.0474699455593514,-0.00636074038972818,-0.05383068594907958,0.0230944315943931,0.005646250753219526,-0.017448180841173572,0.0220134366014707,0.02010974832108904,-0.0019036882803816595,0.0830682927752106,0.028035155719398692,-0.05503313705581191,0.04508469798492,0.011816634396958795,-0.03326806358796121,0.0418127020663581,0.011746206412078039,-0.03006649565428006,0.0439518478337957,-0.0190178033198073,-0.062969651153603,0.0218708744307953,-0.0040359735450314635,-0.025906847975826763,-0.0943469879612268,-0.007511202318001092,0.08683578564322571,0.1078821447474404,0.014602290364982071,-0.09327985438245832,0.0573546382289629,0.0107714966527459,-0.046583141576217,0.0506891065709049,0.021552271086866033,-0.029136835484038864,0.0460745085458,-0.012730156855003243,-0.058804665400803244,-0.0264210638446046,0.009633083389863982,0.03605414723446858,-0.0273455907571755,0.010464767323978628,0.03781035808115413,-0.0957859404058672,-0.02896088598589338,0.06682505441997383,-0.0620211913355474,0.008352898491216044,0.07037408982676344,-0.1535764248466179,0.004716461749586077,0.15829288659620397,0.0756866567272158,0.007756468656903385,-0.06793018807031243,0.0243512999327619,0.008606680705144346,-0.01574461922761755,0.0595007044025257,0.011114350093666014,-0.04838635430885969,0.1041021482306904,0.013616436049467141,-0.09048571218122325,0.103436550301145,0.014279263279924116,-0.08915728702122089,0.1070563999649799,-0.019393329559500738,-0.12644972952448064,,0.009672789754411357,,0.0891070678712091,0.0014338555566969328,-0.08767321231451217,0.0859688027543524,0.006731253006223728,-0.07923754974812867,0.094153793109848,0.006808895130242113,-0.08734489797960589,0.0763293722413345,-0.006867378527754502,-0.083196750769089,0.066075822136222,0.0070709098101297595,-0.059004912326092236,0.0630287347325448,0.01566891436247079,-0.04735982037007402,-0.1456444412425859,-0.006406114295085552,0.13923832694750035,0.059415682628569,0.008884368222456168,-0.05053131440611283,0.060803301616402,0.009892958781847658,-0.05091034283455435,0.0902770120756707,0.0033876554688002385,-0.08688935660687046,0.125643234641665,0.012488336618164394,-0.1131548980235006,0.1300101601742503,0.01371979892331166,-0.11629036125093864,0.2438642066013756,-0.009566127744787097,-0.2534303343461627
2025-01-01,,-0.0058043771406964765,,-0.0362841538339338,0.02327645452193193,0.05956060835586573,-0.0925773613405481,0.008709687761696852,0.10128704910224495,0.0230163201243342,0.00461841370154201,-0.01839790642279219,0.1122194925834238,0.04808802032203695,-0.06413147226138685,-0.0442654031484053,0.023142562564930948,0.06740796571333624,-0.0418338890565563,0.0240964292379132,0.06593031829446949,-0.0454918175721529,0.014282463879197023,0.05977428145134992,-0.0056141510973752,0.01737413144608204,0.02298828254345724,-0.002551026872629,0.01806621496427735,0.02061724183690635,0.0215573585239707,-0.003530554249586664,-0.02508791277355736,-0.0585118304878596,-0.00017262804703695699,0.05833920244082264,-0.0982246202198505,0.015326862889784668,0.11355148310963517,-0.0956182944013611,-0.01021233603768608,0.08540595836367502,-0.0971590410728244,-0.004519282558872954,0.09263975851395145,-0.0834994532121692,0.016697460241904896,0.1001969134540741,-0.0550437044663563,-0.029670598521815826,0.025373105944540474,-0.0188501142245909,0.019225253718287226,0.03807536794287812,-0.1496358019294036,0.037496579410909156,0.18713238134031274,-0.1211770082339948,0.030798813581080428,0.15197582181507524,-0.0583881809856774,0.011158883600834037,0.06954706458651144,-0.0714033614640435,-0.0414775231605461,0.029925838303497397,-0.0808087740113758,0.015974771060580095,0.0967835450719559,0.0459427908505942,-0.055993512414403826,-0.10193630326499803,0.0345364400832082,0.017850971543485375,-0.016685468539722824,0.0355531332531297,0.017881602418999207,-0.01767153083413049,0.0439954745152496,-7.296518328259085e-05,-0.04406843969853219,-0.0206940808398089,0.022853102024707722,0.04354718286451662,-0.0190532979986993,0.01653703879668985,0.03559033679538915,-0.0658769560900882,-0.0037719691559308733,0.06210498693415733,-0.1418529808905659,0.023022217657207758,0.16487519854777366,-0.0985852405040013,0.024174614910976583,0.12275985541497789,-0.1055234800372524,0.026170681208528085,0.13169416124578048,0.0049420717633291,0.021435535219465313,0.016493463456136212,-0.0831436928921945,0.023313549775289558,0.10645724266748406,-0.0783148851807831,0.024430538824449177,0.10274542400523227,0.0640142123977208,-0.004202320147631009,-0.06821653254535182,-0.0316023034310926,0.017052343880583007,0.048654647311675604,-0.0383220106384983,0.004079539723006101,0.0424015503615044,0.0959163697718569,-0.027536479656823466,-0.12345284942868037,-0.0467432323515017,0.007576974252255568,0.05432020660375727,-0.0451299581347961,0.01741730859836918,0.06254726673316528,-0.0101551063404898,0.0728904371957638,0.0830455435362536,-0.1211104492444744,0.048029733922106084,0.16914018316658047,-0.0963844008825512,-0.0019861052116914666,0.09439829567085972,-0.1259817393665417,0.00017274741048953646,0.12615448677703123,-0.0839725572055171,0.01163816259926945,0.09561071980478655,-0.0875326915514093,0.0029321353284643007,0.0904648268798736,-0.0014599575013799,0.020024797986972577,0.021484755488352478,-0.0479651822827581,0.008074335164917647,0.05603951744767574,-0.0438274475620513,0.008101856549817814,0.051929304111869114,-0.1330335923795421,-0.03765866277872613,0.09537492960081598,-0.0903886808488868,0.011068683426879937,0.10145736427576674,-0.1385331190790678,0.002633073866971222,0.14116619294603902,-0.0909119221518112,0.038925390134276316,0.12983731228608753,-0.0620920730047715,-0.009730867061113608,0.052361205943657896,-0.0407657265754395,0.004669938812890597,0.04543566538833009,-0.0026811327364413,0.023765719795826513,0.026446852532267813,-0.0013440075567286,0.02272738447088366,0.02407139202761226,-0.1639584413890896,0.01678548250810448,0.18074392389719407,,-0.011256084201794223,,-0.1412309528441981,0.011568003359177043,0.15279895620337514,-0.063515414192435,0.017901582435521996,0.081416996627957,-0.0635443341538222,0.018774362892028246,0.08231869704585044,-0.0375654750306147,0.013025734920525226,0.05059120995113993,-0.082647500459172,0.01175148159296041,0.09439898205213242,-0.0827546820575853,-0.002372696353486978,0.08038198570409831,-0.0673393354792098,0.034142125055871705,0.1014814605350815,-0.06567982944423,0.011111114266884027,0.07679094371111403,-0.0691800282772359,0.012483723121387841,0.08166375139862375,-0.0424523533756235,-0.002072499619621514,0.04037985375600199,-0.0941627520162139,0.01455737246984913,0.10872012448606302,-0.0970736755797087,0.013880328392331711,0.1109540039720404,0.0190793168714816,-0.001107459321581592,-0.020186776193063194
2025-02-01,,-0.0034753847138189716,,0.090102440462473,0.017910090558290848,-0.07219234990418215,0.0547250496332969,0.023593621318737032,-0.031131428314559867,0.0404735417816924,0.017801624363370898,-0.022671917418321502,0.005674859676839,0.02691849130940561,0.021243631632566613,0.0766856662973959,0.01994111859265078,-0.056744547704745116,0.0792261585443101,0.021743075628351323,-0.05748308291595878,0.0015168788250361,0.015860563416691065,0.014343684591654965,0.0556009039111301,0.007186282154281798,-0.048414621756848304,0.0568690584559887,0.008223812202855365,-0.04864524625313334,-0.0052188977797052,-0.026207197281934453,-0.020988299502229253,-9.99950098649633e-06,0.020180663793911265,0.02019066329489776,0.0562771706761212,0.013860111539319271,-0.04241705913680193,0.0636158506996859,0.022019062653401023,-0.041596788046284874,0.0625697091848977,0.01275483346633367,-0.04981487571856402,0.0024032114683543,0.00738707452910679,0.00498386306075249,-0.0253158996567078,0.0019525941055122216,0.02726849376222002,0.0233906347473827,0.02770812791169838,0.004317493164315678,0.0251341808322691,0.03474406961770573,0.00960988878543663,0.0683802221028184,0.03710375593256581,-0.031276466170252586,0.0070734896152122,0.02455261481057386,0.01747912519536166,0.008335895682538,0.010201823331189349,0.0018659276486513495,-0.0026213112268496,0.01814924740278912,0.020770558629638718,-0.0721511750759685,-0.04611729863876702,0.026033876437201474,-0.0577358473837955,0.009356676793152514,0.06709252417694801,-0.0591977479499635,0.0091179102606751,0.06831565821063859,-0.0610308003433446,-0.02932093269001169,0.031709867653332904,0.0667213368847742,0.012891980217639723,-0.05382935666713448,0.0730353779241373,0.008466259467851803,-0.0645691184562855,-0.0302563386341849,0.013460659458189975,0.04371699809237488,0.1465251606892178,0.03185622556325582,-0.11466893512596199,0.0431069477860254,0.02373859153033032,-0.019368356255695076,0.0470959612531923,0.026703889928097423,-0.020392071325094876,-0.0115279505774153,0.019290366680914214,0.030818317258329515,0.0566098689041906,0.02794978555017996,-0.02866008335401064,0.0580485519756682,0.02992261392224853,-0.02812593805341967,-0.0769675295505637,-0.004959648109047099,0.0720078814415166,0.0715759836676773,0.016061703770518347,-0.05551427989715895,0.0754814340354638,0.017096484356662486,-0.05838494967880131,0.1142053763825881,-0.025099028553045313,-0.1393044049356334,0.0951097535934301,0.011938932669465035,-0.08317082092396506,0.0996674335421362,0.014831211387340799,-0.0848362221547954,-0.0836368678742227,-0.05657989581402655,0.027056972060196145,0.0133009043359251,0.031143228845757952,0.01784232450983285,-0.0444025396682101,0.006188213569485806,0.05059075323769591,0.0819241253965784,0.0210835880174645,-0.06084053737911389,0.0146392119169982,0.02086955749867164,0.0062303455816734386,0.0150701181900921,0.02484401662917738,0.00977389843908528,-0.0437163043834633,0.0020795379911544,0.0457958423746177,0.0377574964755817,0.009972572915395907,-0.027784923560185793,0.0409605757703069,0.01170703318595559,-0.02925354258435131,-0.0917381065145025,-0.07312515299395814,0.01861295352054436,0.1305728555566948,-0.004959335633568659,-0.13553219119026344,0.060507294323836,0.03223396317783611,-0.02827333114599989,0.0655036442902943,0.03235259993418718,-0.03315104435610712,0.0042664517611018,0.0023184515076505137,-0.001948000253451286,0.0282952958332036,0.011509601313964054,-0.016785694519239548,0.0726244548509029,0.020141308621598124,-0.05248314622930477,0.0759851108008067,0.019898312031398687,-0.056086798769408,-0.047986312353074,0.0019908978936810347,0.049977210246755034,,0.014805421447955536,,0.0686161802357603,0.02825209896984122,-0.040364081265919075,0.0510003505712885,0.01918251867882563,-0.03181783189246287,0.0569296713290201,0.018276218754019597,-0.038653452575000496,0.0082667254792352,0.011012498601264721,0.002745773122029522,0.0314993840138141,0.016668051236733088,-0.014831332777081013,0.0314673690953005,0.015271982867805203,-0.016195386227495296,-0.0361035095258078,-0.020197174151666768,0.01590633537414103,0.0186439492934479,0.014921587949806463,-0.0037223613436414386,0.0349396387202099,0.013419935772862643,-0.021519702947347258,-0.0412572073131588,0.009863876564543617,0.05112108387770242,0.0501052977330904,0.022121743298208835,-0.027983554434881566,0.0504468322571455,0.02293681642751003,-0.027510015829635474,-0.2329501139432474,-0.028542728905209733,0.20440738503803768
2025-03-01,,0.03369284798293622,,0.0129454043140042,0.004126151282435105,-0.008819253031569095,0.0508926187467414,0.03192201058134635,-0.018970608165395052,-0.041053251655752,0.010051972476628066,0.05110522413238007,-0.2210629110922717,0.00961941649560214,0.23068232758787383,0.0037117216788615,0.013531220189400147,0.009819498510538647,0.0048072619432919,0.016236050497456942,0.011428788554165042,-0.0022571621001383,0.007682122703315936,0.009939284803454237,-0.0553103749308316,0.012561621695547937,0.06787199662637954,-0.0528323068596643,0.013915553409189646,0.06674786026885395,-0.1292220485804034,-0.027504354539709067,0.10171769404069433,0.0243995553821643,0.015778411734493236,-0.008621143647671064,-0.0056260327385056,0.007390307069227031,0.01301633980773263,0.0100560561963855,0.0259336314805205,0.015877575284134998,-0.1679163079277897,-0.0028066142224058327,0.16510969370538386,0.0851063061968147,0.010379009896022848,-0.07472729630079185,-0.0795954726355184,-0.022634936950253752,0.05696053568526465,-0.0452871949749523,0.018315740970386508,0.0636029359453388,-0.0982582594486728,0.029770124918208272,0.12802838436688108,-0.0474382414090004,0.022465679244645275,0.06990392065364567,0.0306674770364253,0.013998557085898361,-0.01666891995052694,-0.0974757120591654,-0.030050259196568244,0.06742545286259716,-0.0726729605940836,0.0037411514423392853,0.07641411203642288,-0.1511058838444316,-0.06354901967938277,0.08755686416504883,0.0025254075182447,0.008576930201859824,0.006051522683615124,0.0052511900344715,0.00899108953786201,0.0037398995033905112,-0.1320821359636914,-0.0248166583745114,0.10726547758918,0.0021106071166716,0.005307515252300375,0.0031969081356287747,0.0039315481406652,-0.049047671880298245,-0.05297922002096345,0.0501507084192734,0.0073912256732147925,-0.04275948274605861,-0.0002463313876744,0.013063370079060763,0.013309701466735163,-0.0042446739178032,0.014224080480093559,0.018468754397896758,-0.0093618160941435,0.016761645245385613,0.026123461339529114,0.0117613783803562,0.0183898594694089,0.006628481089052698,-0.0359749325918354,0.015556508675466029,0.05153144126730143,-0.0337556880031889,0.01643162809827699,0.05018731610146589,-0.1457751096814258,-0.021427045343428028,0.12434806433799776,-0.0910943096881326,0.015915365542660414,0.10700967523079302,-0.0755374587462769,0.028975435751257855,0.10451289449753476,-0.143278841827941,0.016472240664689653,0.15975108249263067,-0.0031169598034799,0.015191687146378629,0.01830864694985853,0.0031101479594025,0.019337818409225247,0.016227670449822748,-0.0399279172174812,-0.013857655969884003,0.026070261247597197,-0.0609694264540828,0.01576596343979797,0.07673538989388076,-0.1137699115903495,-0.03665701060341063,0.07711290098693888,-0.0005408363081076,0.016043978362105048,0.01658481467021265,0.0196665289133169,0.027169771756461694,0.007503242843144794,0.0265711563742743,0.03605655920850026,0.00948540283422596,-0.079302941548056,0.0015291936640022894,0.0808321352120583,0.0454370515721347,0.016542320312295654,-0.028894731259839046,0.0513151456616145,0.017943374546397613,-0.033371771115216886,-0.1014462422297508,-0.05226909867831051,0.04917714355144028,0.0320456823293036,-0.00790345570957677,-0.039949138038880366,-0.0354027599348818,-0.03382300111439897,0.001579758820482835,-0.030404530802672,0.01704795133723208,0.04745248213990408,0.0384941426060934,0.013936109757958297,-0.024558032848135104,0.022460506818373,0.01931740226506098,-0.0031431045533120185,-0.0512005421524594,0.022598818017407256,0.07379936016986666,-0.0496554680397948,0.023081435389025115,0.07273690342881992,-0.1704260604499722,-0.01919906534027992,0.15122699510969226,,-0.0014354368490879289,,0.0136935597779597,0.00493695889146823,-0.00875660088649147,-0.0031043290551737,0.012851322047099819,0.015955651102273517,-0.0022472691887157,0.0126448444435116,0.0148921136322273,0.008981879689287,-0.0003059836948680109,-0.009287863384155012,-0.0033609527095969,0.015831088873095662,0.01919204158269256,0.0113014606586603,0.020684636260966133,0.009383175602305834,-0.112778911181837,-0.012346543844773471,0.10043236733706352,0.0215291029311812,0.01462880618821505,-0.006900296742966149,0.005787474368724,0.015022634911666157,0.009235160542942157,0.0257127552737887,0.011061158710068849,-0.014651596563719851,0.0043277682328743,0.01594415262365062,0.011616384390776321,0.0139535120031323,0.01727367330001683,0.003320161296884531,-0.0954184128533247,-0.02181292288469758,0.07360548996862712
2025-04-01,,-0.008807245452753,,-0.0108114285095863,0.020638627701704198,0.031450056211290496,0.0208142652282392,0.01323088827091029,-0.00758337695732891,-0.1828201164401031,0.008773639343719119,0.1915937557838222,-0.1014810413675441,0.03742711493630414,0.13890815630384823,-0.0624542344746194,0.015536187511067334,0.07799042198568673,-0.0621476877057028,0.015676888746359512,0.07782457645206231,-0.0370105291523632,0.0102707171881218,0.047281246340485,-0.0807502473856077,0.018135316649517553,0.09888556403512525,-0.0801369257333792,0.01851710540103519,0.0986540311344144,-0.1131613939464232,-0.004986654972923992,0.1081747389734992,-0.0479749862594639,0.010371158814650418,0.058346145074114314,-0.0354779788821486,0.012798895737511251,0.04827687461965985,-0.0346800250786025,0.002233701738393353,0.036913726816995854,-0.158535072378624,0.0014960042238349224,0.1600310766024589,-0.0131783458901275,0.018063542443299396,0.031241888333426896,0.0788551102335589,-0.0008466462839681497,-0.07970175651752705,-0.085857581012999,0.009439052884858457,0.09529663389785746,-0.0373828329765614,0.025242465924448745,0.06262529890101015,-0.0729557182677971,0.016898836497990375,0.08985455476578748,-0.0274192610093439,0.006793913853020663,0.03421317486236457,-0.0162975247977351,0.01004019959916877,0.02633772439690387,-0.0839118766012408,0.016844635334320165,0.10075651193556097,-0.095290328239327,-0.052232972579223456,0.04305735566010354,-0.1029142407312189,0.015737891278843754,0.11865213201006265,-0.1027437695851342,0.015906270997438198,0.1186500405825724,-0.202003066632628,-0.008400832140332472,0.19360223449229552,-0.0781427589032567,0.02645978416937322,0.10460254307262992,-0.0748634450726171,-0.01057121107027148,0.06429223400234561,0.0175914496939554,0.0007776899871132338,-0.016813759706842166,-0.0054877562371303,0.021019221269132006,0.026506977506262304,0.0274135855734366,0.01473422702910852,-0.01267935854432808,0.0327188184317275,0.016446984864188226,-0.016271833567539272,-0.0427199261586646,0.016910362867191803,0.0596302890258564,-0.0620304462398115,0.013486651967570071,0.07551709820738157,-0.0588766829589077,0.013955683060861469,0.07283236601976917,-0.0758501552109662,0.0059650518835561465,0.08181520709452235,-0.0640948675036275,0.008105957461621075,0.07220082496524857,-0.0534870612146874,0.0066827802795870325,0.060169841494274436,-0.1208735968193509,-0.005725508541900035,0.11514808827745088,-0.0512629258878906,0.01105527293163067,0.062318198819521275,-0.0487062136148995,0.013310010110693361,0.06201622372559286,-0.2191526747635738,0.039559736361701084,0.2587124111252749,-0.0256109658119539,0.027306347262041092,0.05291731307399499,0.0405587810220178,0.038197594084854125,-0.0023611869371636743,-0.0358485478528633,0.0033753222420821894,0.03922387009494549,0.0394661834848828,0.005104339490272385,-0.03436184399461042,0.0450581418389404,0.006708274487945733,-0.03834986735099467,-0.0442083899500169,-0.0003110942357323161,0.043897295714284586,-0.0420291876117921,0.006068556645178514,0.04809774425697061,-0.0389210182966345,0.005395345972569045,0.044316364269203545,-0.1689320711500404,-0.00836344233906353,0.1605686288109769,0.1319303226455789,0.025026907763931218,-0.1069034148816477,0.0207834261597451,0.05001738125967222,0.02923395509992712,-0.0814022984918092,0.0293242707084014,0.1107265692002106,-0.058405852479698,-0.0011566556862086137,0.05724919679348939,-0.0584925438157807,0.00781546434622132,0.06630800816200202,-0.0875868898507564,0.013390657352379008,0.1009775472031354,-0.0872876279479043,0.013099307552616329,0.10038693550052064,-0.0966625151464864,0.0027613524939927685,0.09942386764047917,,0.012700516540018966,,-0.0894998140787547,0.009381832998312752,0.09888164707706745,-0.0483397840784213,0.014538365951030564,0.06287815002945187,-0.0497491610173858,0.015149364037533045,0.06489852505491885,-0.088826171084601,0.00679490978410252,0.09562108086870352,-0.0673050243847319,0.008251128777954413,0.07555615316268632,-0.0647874731321053,0.01013845768478041,0.0749259308168857,-0.0718988177061837,0.032711938202679314,0.10461075590886301,0.0110785607701764,0.011832287835847319,0.0007537270656709193,0.0094521312041204,0.013207879819880645,0.0037557486157602446,-0.0118551171639558,-0.000559061110844806,0.011296056053110994,-0.0081424613324305,0.014271507570452355,0.022413968902882855,0.0002567884575572,0.014430456397190084,0.014173667939632885,-0.0466753635292124,-0.0005150178404692033,0.0461603456887432
2025-05-01,,0.010667303407007207,,0.0136423592121731,0.008782667127008257,-0.004859692085164843,0.0181941121515501,0.006021337279440297,-0.012172774872109804,-0.0632705194547444,0.02116395111420266,0.08443447056894707,0.0607213563742253,0.012764557207351776,-0.04795679916687352,0.0015847676644817,0.0024007463927117187,0.0008159787282300186,0.0028059598710282,0.0012017689117325187,-0.0016041909592956812,-0.0032707700674184,-0.008569096728427048,-0.005298326661008648,0.027278370021563,0.012855724235086012,-0.014422645786476989,0.0285646639408298,0.013235282694468341,-0.015329381246361459,0.0046191117524986,-0.012295149069494598,-0.016914260821993196,-0.0831988350706322,0.005362318625915165,0.08856115369654735,-0.0314519322743525,0.009069694470958768,0.04052162674531127,-0.0283464559071507,0.012814492285394866,0.041160948192545566,-0.0623428031881732,-0.009986003942555803,0.0523567992456174,-0.0496276162083741,0.0018010003456262213,0.05142861655400032,-0.0813091368939565,0.016748968476304388,0.09805810537026088,0.0002159294750897,0.004376978376566251,0.004161048901476551,0.0262382460039919,-0.0022037740994483523,-0.02844202010344025,-0.0020307705250303,0.002823557737840268,0.004854328262870568,-0.0362287686829796,0.007983710635498296,0.044212479318477896,0.1022403165307184,0.10513893536211591,0.002898618831397512,0.0260597225626893,0.023663557556327517,-0.0023961650063617813,-0.007968548316959,-0.026160119666127506,-0.018191571349168507,-0.0079652081794972,0.027895431468315607,0.0358606396478128,-0.00747359598117,0.02867622586496261,0.036149821846132614,0.0027198150913077,-0.013075914518881284,-0.015795729610188984,0.1398875445183412,0.01710717430762061,-0.1227803702107206,0.1542166931689861,0.08435569715786549,-0.0698609960111206,-0.0135566550366564,0.019072510197216053,0.03262916523387245,0.0034670468351495,0.004162131901838286,0.0006950850666887858,-0.0727353641434119,0.002761712621105888,0.07549707676451779,-0.0796568566092736,0.0011201311310559937,0.0807769877403296,-0.0450265167769025,-0.011511854656790535,0.03351466212011197,0.0006310278249762,0.011399459558630035,0.010768431733653836,0.0102019631080857,0.012899384746084586,0.0026974216379988866,-0.038907044022409,-0.010584701607317941,0.02832234241509106,-0.0522757424302939,0.008238263342121781,0.06051400577241568,-0.0564714080516762,0.014012479085291346,0.07048388713696754,-0.0219943155958143,0.0056009043879555066,0.027595219983769806,-0.0100441444948164,0.008298923838195638,0.01834306833301204,-0.0072326503879936,0.0030510495472006755,0.010283699935194276,0.0243594242145571,-0.014067183651608318,-0.03842660786616542,0.0203713563138257,-0.0002862193337006386,-0.02065757564752634,0.0051293269448421,-0.0008182484252862734,-0.005947575370128374,0.0398406348111346,0.018112260118988262,-0.021728374692146335,-0.13697110366067,-0.004915146794947615,0.13205595686572238,-0.1321713317868879,0.000569804062797431,0.13274113584968533,-0.1242515959704634,-0.023389752590781746,0.10086184337968165,-0.0116475244518748,0.00863094215149222,0.02027846660336702,-0.0140534438001051,0.009506368670858089,0.02355981247096319,-0.0525217362658326,-0.03376725484673866,0.018754481419093937,0.0693234105125193,0.028362638411145932,-0.040960772101373374,0.065361933339136,0.04613750993433517,-0.019224423404800822,-0.048578346391484,-0.0014455042432423384,0.04713284214824166,-0.0814787782820771,0.013507563998156882,0.09498634228023398,-0.0295767640141222,0.00981804352798791,0.03939480754211011,0.0139216083069172,0.008260501934254188,-0.005661106372663012,0.0151280600048077,0.009998488866460561,-0.005129571138347139,-0.1226883063503729,-0.023506266318192876,0.09918204003218002,,0.03535589046769219,,-0.0120111166421335,0.019734969190059175,0.031746085832192676,0.0050939528569558,0.006858111977585494,0.0017641591206296941,0.0138385433292738,0.008506186391328902,-0.005332356937944897,-0.0637061860111007,-0.009359462466667712,0.05434672354443299,-0.0206767090994955,0.008989860223829495,0.029666569323324996,-0.0183926687299196,0.013061136963017373,0.03145380569293697,0.0912548805151934,-0.043712393972443725,-0.13496727448763712,-0.0036593982856351,0.004801486015857772,0.008460884301492872,-0.0070816194823407,0.0049968369368472085,0.012078456419187908,-0.0488298397423856,0.00025404852759858265,0.04908388826998418,0.014647180979655,0.009718943936028356,-0.004928237043626644,0.023105541666978,0.011206826940927476,-0.011898714726050525,0.0079879584521696,-0.0007895081177253702,-0.008777466569894971
2025-06-01,,-0.002583958967244233,,0.1379518153392936,0.028466491189497727,-0.10948532414979587,0.0194099627660456,0.004428274612058055,-0.014981688153987547,0.1180437099862039,0.017787483968523823,-0.10025622601768008,0.1846370677065388,0.04308129989082879,-0.14155576781571,0.0724175918460378,0.018413470664554704,-0.054004121181483095,0.0746440602279881,0.01769696201424418,-0.05694709821374392,-0.014787429332889,0.005861427061264239,0.020648856394153238,0.1093411087962536,0.01922061058627355,-0.09012049820998005,0.1120644820184263,0.01929664625701092,-0.09276783576141537,0.063291441513583,-0.0001828895199030259,-0.06347433103348603,0.0585800204064179,0.0052084235228387465,-0.053371596883579155,0.0255835291373749,0.0188448779744575,-0.0067386511629174,0.0229046955839237,0.0007668445974564511,-0.02213785098646725,0.1278542041163638,0.000730712249539702,-0.12712349186682412,0.0398562141272067,0.01363094057307156,-0.026225273554135137,0.0446358571052604,0.009098641213914781,-0.03553721589134562,0.0706574963637283,0.015268004240400156,-0.05538949212332814,0.0600345403785056,0.015166190068344944,-0.044868350310160655,0.0163301658341884,0.019505842588616984,0.0031756767544285844,0.0459910891962104,0.009114665613903188,-0.036876423582307215,0.0862464025143603,0.06604880563285213,-0.02019759688150817,0.1278713596503177,0.029110356881258195,-0.09876100276905951,0.0085900872048504,-0.03958410661010044,-0.04817419381495085,0.1032020730918488,0.028120123429034034,-0.07508194966281476,0.102517547912729,0.02844499624712329,-0.07407255166560571,0.0735019520893819,-0.0036324645746893653,-0.07713441666407127,0.0625460498603075,0.03167405125731055,-0.03087199860299695,0.0636505988734713,0.04348614131904541,-0.02016445755442589,-0.025167245899021,0.010487470329017054,0.03565471622803806,0.0181842943964611,0.021083679632568544,0.0028993852361074435,-0.0208526705067629,0.014683869691912476,0.03553654019867537,-0.0359340231667677,0.014738500774914991,0.05067252394168269,0.0332422445437914,-0.004396805336386731,-0.03763904988017813,0.1052003945689818,0.020390561702127163,-0.08480983286685463,0.1088510023696149,0.02178996935597899,-0.08706103301363591,0.064107519442262,0.003059516228607905,-0.0610480032136541,0.0222722988585018,0.01171159097928249,-0.010560707879219311,0.0122198754482994,0.003689450739489124,-0.008530424708810276,0.0037574084790982,-0.03047520445858782,-0.03423261293768602,0.0156559623517631,0.009506059967148437,-0.0061499023846146635,0.0141241258236524,0.0075852603596697,-0.006538865463982699,-0.0152226256824818,0.02241411163163017,0.03763673731411197,0.0944694515832394,0.03473811167288597,-0.059731339910353426,-0.0071929861115614,0.04830882440167726,0.05550181051323866,0.0975288737295838,0.009235844910105229,-0.08829302881947856,0.0214160847872904,-0.002930803374951318,-0.02434688816224172,0.0153033980153585,-0.004486572224876112,-0.019789970240234614,0.0509172375107321,-0.007610397009911065,-0.05852763452064316,-0.0658592979167416,0.005858495364376815,0.07171779328111841,-0.0668843246887595,0.005495913100505182,0.07238023778926468,-0.0903642300461738,-0.02185150189481652,0.06851272815135728,0.0186674051588077,0.03575775158722751,0.017090346428419806,0.1245777152888472,0.08945968788955182,-0.035118027399295385,0.008710635903841,0.026621330871328758,0.017910694967487758,0.089513521887907,0.003391740162333443,-0.08612178172557355,0.0223347087252656,0.008439530226074786,-0.013895178499190813,0.065373099386724,0.010086670980324026,-0.05528642840639998,0.0651520184691699,0.01052004155644868,-0.054631976912721224,0.0370797188154677,0.0012796986036615432,-0.03580002021180616,,0.03585449412128522,,0.0544424140244,0.029029621164441115,-0.025412792859958882,0.0501933696611436,0.017224680164877163,-0.03296868949626644,0.0540114407773567,0.018581491905915012,-0.035429948871441685,0.0491418102411553,0.008119728421395519,-0.041022081819759776,0.0812084553633933,0.012146251349973962,-0.06906220401341934,0.0792714738979714,0.011275268497124586,-0.06799620540084682,-0.0319688597655687,-0.001651591059151265,0.030317268706417436,0.0226589010758665,0.010864283400010333,-0.011794617675856166,0.0302224361337715,0.010897035206697553,-0.019325400927073945,-0.0003983650015672,0.00011451470182448744,0.0005128797033916875,0.0190482931497463,0.014959270052229598,-0.004089023097516702,0.0148015800980267,0.015436048598007164,0.0006344684999804642,-0.0432506942042811,-0.000949143716600005,0.04230155048768109
2025-07-01,,0.013132794803097942,,0.0575352801897537,0.011003697394106138,-0.046531582795647564,-0.0337738034219353,0.011580200312513986,0.04535400373444928,0.0301467323075489,0.008627592550325613,-0.021519139757223284,-0.0572060161299625,0.024878729497340008,0.0820847456273025,0.0528189944938105,0.010972557818852218,-0.041846436674958284,0.0532288469999497,0.011378281982632894,-0.04185056501731681,0.0019434365852854,0.0015530876639618595,-0.00039034892132354046,0.0615422705400332,0.01651230755658239,-0.045029962983450814,0.0629742566176894,0.017201797701349594,-0.04577245891633981,0.075154965733388,-0.009391693803057603,-0.08454665953644559,-0.0400221453016619,0.0020346624949849953,0.042056807796646896,0.0041307418470538,0.009390274903972559,0.005259533056918759,-0.0010386299630567,0.0025786998583521496,0.0036173298214088496,0.0321609025146126,-0.011564455321760373,-0.04372535783637298,0.0419880048007423,0.011092114689753269,-0.030895890110989033,0.0329973920035404,-0.016833770973008044,-0.04983116297654844,0.1089027705148353,0.00862849167706896,-0.10027427883776634,0.0821186821795139,0.018550549828717563,-0.06356813235079634,0.0212173035449662,0.012753138945019317,-0.008464164599946884,-0.0306521412217675,0.005889280135655473,0.03654142135742297,0.0399716263575533,0.006928387685707402,-0.0330432386718459,0.0960891946882027,0.013059910672761115,-0.08302928401544159,0.0308152319156017,-0.05009526426546923,-0.08091049618107093,0.1140339566159742,0.02008361640179132,-0.09395034021418287,0.1136605495840464,0.020644285622597115,-0.09301626396144928,0.0682008444871889,-0.006338911797419456,-0.07453975628460835,0.1010818401056092,0.016815379885402347,-0.08426646022020684,0.1083634446535807,0.019197168620508714,-0.08916627603307199,-0.0070977331300577,0.0036218560358777132,0.010719589165935413,0.0384981527605264,0.008346867087838016,-0.030151285672688384,0.001991832681923,0.01089025850594392,0.00889842582402092,-0.0007230011658856,0.011341455286103502,0.012064456451989102,0.0286783469306645,0.00810425764695025,-0.02057408928371425,0.0726024229176537,0.012699364383190479,-0.059903058534463226,0.07674565820532,0.013524387000416695,-0.06322127120490331,0.083889732116405,-0.012241071523342442,-0.09613080363974745,0.0694070620728783,0.012090280051733213,-0.057316782021145096,0.0564960744537257,0.012925260014896373,-0.04357081443882933,0.23515824315153,0.0038130490526604066,-0.23134519409886958,0.0178035548706143,0.009117196801039666,-0.008686358069574632,0.0180223599532197,0.012634211081062255,-0.005388148872157444,0.0881800709729871,0.04497019838404943,-0.04320987258893768,0.1168825401476732,0.01943682577886897,-0.09744571436880423,-0.0299151002123203,-0.015069623365666203,0.014845476846654097,-0.022529821150805,0.006207163670151299,0.028736984820956296,0.0514418844498013,0.00704520344422632,-0.04439668100557498,0.0484093636284503,0.0073555927692029975,-0.0410537708592473,0.014941963072866,-0.00019088011995202448,-0.015132843192818025,0.0204275481950058,0.01020528076775277,-0.01022226742725303,0.0192532924981266,0.01048227906048949,-0.00877101343763711,-0.0283713662524487,-0.027884447195739515,0.0004869190567091848,0.0690154966047273,0.016329686354958767,-0.05268581024976854,0.0019329614962214,-0.001582932137753627,-0.003515893633975027,0.078710969092336,0.015526302007386677,-0.06318466708494933,0.0837381237374633,0.004368663979964682,-0.07936945975749861,0.0259855595765141,0.009573077945029759,-0.01641248163148434,0.0271569578229977,0.01723052898857083,-0.009926428834426869,0.0272271733600624,0.017637764861925434,-0.009589408498136966,-0.0664568406306664,-0.009248622352178885,0.057208218278487516,,0.003022376737845222,,0.0977072376223543,0.005573866204959423,-0.09213337141739487,0.0395727114258367,0.010300615316689719,-0.029272096109146984,0.041048295203235,0.01160556761061104,-0.02944272759262396,-0.0022124180553916,-0.001300088875903284,0.0009123291794883161,0.0502181850863096,0.009614226621810901,-0.0406039584644987,0.052409565980187,0.006941961157742279,-0.04546760482244472,0.0264395894945273,0.003921283817309499,-0.0225183056772178,0.000170947945945,0.008216093414632052,0.008045145468687051,0.0047219434903324,0.009741209042840267,0.005019265552507867,0.0255091468919231,-0.0005535767671305271,-0.026062723659053627,0.0284300370464124,0.010213302469301072,-0.01821673457711133,0.0278582674321506,0.010711512052335883,-0.017146755379814714,-0.1337124959826823,2.7910499857778347e-05,0.1337404064825401
2025-08-01,,0.05999748673482002,,0.0470562708681656,0.019383344309316302,-0.027672926558849297,-0.0073364815910605,0.01771452475271437,0.02505100634377487,0.0126820536630519,0.015884676556487214,0.003202622893435314,-0.0217856549053433,0.028258606008752143,0.050044260914095445,0.0069790688201363,0.02282194795109946,0.015842879130963158,0.0074994617051854,0.024602738109245743,0.01710327640406034,0.0094404961026304,0.001776622879758498,-0.007663873222871902,0.0375487938396014,0.02349943187846179,-0.014049361961139609,0.0401414868067947,0.02431328286876957,-0.01582820393802513,-0.0026978148756352,-0.008306188740704516,-0.005608373865069316,-0.0101048126697447,-0.0008289936913276302,0.00927581897841707,-0.0108375485031796,0.01873490115162659,0.02957244965480619,-0.0115160408659533,0.011972321207854733,0.023488362073808035,0.0160894641794478,-0.013116553261946601,-0.0292060174413944,-0.0032434496671718,0.012768846648775607,0.016012296315947406,-0.0365207883616229,-0.032505550901841956,0.00401523745978094,0.0304135414630751,0.02542564660104415,-0.00498789486203095,0.0695939068466481,0.018929426143619497,-0.0506644807030286,0.0525341462515385,0.02428984762738015,-0.02824429862415835,-0.0228092838950831,0.009091922599212028,0.03190120649429513,-0.055825928410995,0.008371077394734848,0.06419700580572985,0.087076121699884,0.01793886732744211,-0.06913725437244189,-0.0526151034641647,-0.0604620016919028,-0.007846898227738097,0.0643654956202503,0.03177120757578147,-0.03259428804446884,0.0655888748951827,0.03270756999063078,-0.03288130490455192,-0.028125119656099,-0.0014123948523360945,0.026712724803762904,-0.0781300285858893,0.01885881372639859,0.09698884231228788,-0.0862301293789836,-0.005895961327499618,0.08033416805148398,-0.0009298946389446,0.012054372538900576,0.012984267177845177,-0.0890623336281993,0.007382672198885514,0.09644500582708482,-0.0853461592694773,0.014442124496261546,0.09978828376573885,-0.0888746354790651,0.014411017488767566,0.10328565296783267,-0.0019824845751861,-0.013301280736986143,-0.011318796161800043,0.0510545002253024,0.023024180377445407,-0.02803031984785699,0.0512351703699393,0.024541153925522755,-0.026694016444416543,0.0016446643764487,-0.029608530608875364,-0.03125319498532406,0.0361198224637491,0.024281171947891794,-0.011838650515857304,0.0449778879335125,0.023440309605316508,-0.02153757832819599,0.0647192702198708,-0.016062533916448466,-0.08078180413631926,-0.0427490369973545,0.014238858316031833,0.056987895313386334,-0.0415763601690199,0.01568262617507421,0.05725898634409411,0.0190645673901135,0.035244053118069794,0.016179485727956293,-0.0253983753365135,0.03941912824863103,0.06481750358514453,-0.0921459481229668,-0.027081595301636365,0.06506435282133043,-0.0324303263453792,0.013785272246060565,0.04621559859143977,0.0379649043817455,0.016384035929617263,-0.021580868452128234,0.0416367887049393,0.016151645117612377,-0.025485143587326925,-0.0861360370749218,0.0016728685528864706,0.08780890562780827,0.008224545559664,0.01891137505439284,0.010686829494728838,0.0055362706959688,0.019660095154811295,0.014123824458842495,0.0381261152108194,-0.047803320526689876,-0.08592943573750927,0.0254854510292035,0.01601202008029731,-0.009473430948906191,0.0392093606608231,0.0024239752008952072,-0.0367853854599279,0.1196417855161668,0.017896500324800987,-0.10174528519136582,0.0139034238522947,0.020989026883752693,0.0070856030314579935,-0.045116992038523,0.022845662319650697,0.0679626543581737,0.031366567486621,0.021100247882221968,-0.01026631960439903,0.0336995359814118,0.02242644134416452,-0.01127309463724728,-0.0309272142047354,-0.01864749938826846,0.01227971481646694,,0.02046638140222001,,0.0817121001155157,0.023795595008609245,-0.05791650510690646,0.0247009480945675,0.018186232908887226,-0.006514715185680274,0.0279646444825583,0.02001033828315965,-0.007954306199398648,-0.0277060206451892,0.0038102827934749454,0.03151630343866414,-0.0268160679871475,0.02235565371134267,0.04917172169849017,-0.0361905127043806,0.02024809252708049,0.05643860523146109,0.0126333031855798,-0.03160903290391228,-0.04424233608949208,0.0299708194200121,0.014808453908047305,-0.015162365511964796,0.0264217337867871,0.014813217081641773,-0.011608516705145327,-0.0142438432953055,0.009961527517510397,0.024205370812815895,0.0008649713871134,0.01409813797003353,0.01323316658292013,-0.0017903410513909,0.015395866186799055,0.017186207238189956,0.0485649195115467,-0.010421042411532747,-0.05898596192307945
2025-09-01,,-0.014666754219654795,,0.0023242438567938,0.020869549233133843,0.018545305376340044,-0.0034659346988538,0.006293332793162061,0.00975926749201586,0.035690811181273,0.008286230868078764,-0.027404580313194236,0.081022850763949,0.04144525121771624,-0.03957759954623275,0.0564044398188613,0.01660934958376459,-0.03979509023509671,0.0543541698798634,0.01659695459302545,-0.03775721528683795,0.0761174614284797,0.009575624718074948,-0.06654183671040474,-0.0045190251046836,0.015292835789141711,0.019811860893825313,-0.0064032145069725,0.015763656237138376,0.022166870744110875,0.002900049728322,-0.004692577420261602,-0.007592627148583602,0.0496628332311753,0.0032272065002716998,-0.046435626730903595,0.0447734802531321,0.013139717940449755,-0.03163376231268235,0.0367094171172306,-0.006141979351996354,-0.042851396469226956,0.1430423321822253,-0.002732236934787141,-0.14577456911701245,0.0354186205056955,0.013645351007621528,-0.02177326949807397,0.0586024763235618,-0.00963700040500327,-0.06823947672856508,0.0437274167206486,0.012577851590204716,-0.031149565130443885,0.0843406061653078,0.027083225489330565,-0.05725738067597723,0.0700785848114617,0.022014100748136138,-0.048064484063325565,0.0313488282677004,0.009630483435215793,-0.021718344832484606,0.0394055323808233,0.0034783935538097678,-0.03592713882701353,-0.0263173854947478,0.01891118429129169,0.045228569786039494,0.0146883460747245,-0.04621702355527405,-0.060905369629998554,0.0356478835402332,0.01820735679646471,-0.017440526743768486,0.0346392560701347,0.018293546708595617,-0.01634570936153908,-0.1086566554540204,-0.0048041500742688524,0.10385250537975155,0.0481156522867174,0.023773674766437478,-0.024341977520279924,0.0504836550385597,0.03446880923787087,-0.016014845800688828,0.0154275004617382,0.0006345264285433313,-0.014792974033194869,0.1469476802284774,0.020982853447633835,-0.12596482678084356,0.0610870565733396,0.01828780234505964,-0.04279925422827996,0.0668937562088157,0.01956585784893261,-0.04732789835988309,0.0773987827021772,0.016111976833869824,-0.061286805868307384,-0.0259125592076778,0.018608135831185625,0.044520695038863425,-0.0321461963366667,0.01967829779693802,0.05182449413360472,0.0625030415476138,0.0013152007120057537,-0.06118784083560804,0.016084839170273,0.011405815115713432,-0.004679024054559569,0.019541621933272,0.0027127606420767315,-0.01682886129119527,-0.0912880131792871,-0.01998184007757718,0.07130617310170992,0.0228637380807588,0.006994022937387623,-0.015869715143371176,0.0207034151425042,0.012323562728655615,-0.008379852413848584,-0.0166333375584429,0.048268885528756175,0.06490222308719908,0.0735294663214134,0.033882051257058496,-0.0396474150643549,0.0630946795275603,0.015700168026974284,-0.04739451150058602,-0.0048468786009264,0.0030168162497093568,0.007863694850635757,0.0432526862635153,0.003900168447573768,-0.03935251781594153,0.0457392747769591,-0.000714159974003625,-0.046453434750962724,-0.00371290926435,0.006754884210454002,0.010467793474804003,0.0506950013244574,0.005270230056045844,-0.04542477126841156,0.0481933409635074,0.00519230911692716,-0.04300103184658024,0.0037197860394005,-0.028772806658022374,-0.03249259269742288,0.219513977488299,0.01904892573999647,-0.20046505174830254,0.229239341415648,0.031102587830177487,-0.1981367535854705,0.0811999743148018,0.030613374756052813,-0.05058659955874899,0.0512356671819815,-0.00753886202075585,-0.05877452920273735,0.0034895046347536,0.003139842500816793,-0.0003496621339368071,0.0085236043053963,0.017106768121476504,0.008583163816080203,0.0057990734475747,0.01655115487608483,0.010752081428510132,0.1374663283835752,0.009982127655409668,-0.12748420072816552,,0.002896554746959555,,0.0492060656545793,0.012921870369492567,-0.03628419528508674,0.0094799770299998,0.014558635133770047,0.005078658103770247,0.003783647689326,0.015444615917091054,0.011660968227765054,0.0204517613597985,0.007959246676918767,-0.012492514682879732,0.0368438435020813,0.008431006942899433,-0.028412836559181868,0.034328263437278,0.0003247421230534392,-0.034003521314224565,0.0401777510985094,0.02378110998929455,-0.01639664110921485,0.0062793549167661,0.008843074694926813,0.0025637197781607137,0.005096720718717,0.0100167769939528,0.0049200562752358,0.0173024308756936,-0.003530809379069703,-0.020833240254763304,0.0174582332808997,0.013317983458297638,-0.0041402498226020615,0.0137973854708902,0.01303578030771384,-0.0007616051631763598,0.0127633663952444,0.00035066843255334313,-0.012412697962691056
2025-10-01,,-0.02142458664862945,,0.0496404647305345,0.030999070781289093,-0.01864139394924541,-0.0342705594121688,0.0056731454585816875,0.03994370487075048,-0.0689405816285569,0.005631018670974845,0.07457160029953175,0.2460134653177031,0.05695471481161815,-0.18905875050608495,0.0094375867433627,0.02293006590715091,0.013492479163788209,0.0119416646205581,0.0227619752589611,0.010820310638402999,-0.0239344108768228,0.015762660151139387,0.03969707102796219,0.0444710726851418,0.02162861600240558,-0.02284245668273622,0.046296988196907,0.02177728313260583,-0.02451970506430117,-0.089635237427018,0.005754300627081757,0.09538953805409975,-0.0507707349779504,0.004057802020954183,0.05482853699890458,-0.0332887922224325,0.01771201773771667,0.05100080996014917,-0.0278833015654451,-0.012872249537954102,0.015011052027490998,-0.1044391390063718,0.0020417206531320627,0.10648085965950387,0.02171232376192,0.023037435488340682,0.001325111726420681,-0.036289412246123,-0.009079128287390086,0.02721028395873291,0.0620265086535537,0.012936492680391128,-0.04909001597316257,0.0306743998793678,0.03274917332873501,0.002074773449367212,-0.0101007558212252,0.02414059363544882,0.03424134945667402,-0.036322199420083,0.006122796612267506,0.04244499603235051,0.0559007886424763,-0.009720558206094807,-0.06562134684857111,0.0728998312748471,0.02131033797071736,-0.05158949330412974,-0.0134986095563135,-0.05420523000778331,-0.040706620451469805,0.0878958437481674,0.019222446017133958,-0.06867339773103345,0.0884626118434246,0.019192524232535802,-0.0692700876108888,-0.0996248141721105,0.0030197351325989153,0.10264454930470941,-0.0273828219914204,0.03484041769243442,0.06222323968385482,-0.0307213728870142,0.00030368295544989585,0.031025055842464094,-0.0226722319016124,-0.005329390715142782,0.01734284118646962,0.0276488144640463,0.02732734740827493,-0.00032146705577136905,0.0144265392643851,0.021206266499294912,0.006779727234909813,0.0166161580049297,0.023128766925732527,0.006512608920802826,0.0122485417394,0.01984182448895233,0.0075932827495523315,0.0685823635211931,0.01851638401357178,-0.05006597950762132,0.0788301386581471,0.019044034463920674,-0.059786104194226426,-0.0485465850328888,0.012674489117511902,0.0612210741504007,0.0344426016460636,0.010403904262436453,-0.02403869738362715,0.0329040436200227,-0.0029741212541763828,-0.035878164874199085,0.0159199218848388,-0.027814428132875067,-0.04373435001771386,-0.0294939024421212,0.008955496210752083,0.03844939865287328,-0.0296079314996486,0.014585073315224734,0.044193004814873336,0.0221515961006936,0.08167577898182717,0.059524182881133564,0.1782406815742455,0.04715594090567459,-0.1310847406685709,0.2047060987729754,0.05426586405685919,-0.15044023471611623,0.0119444010097869,-0.004135879594501872,-0.016080280604288774,-0.0072473192721187,0.0018096421288254358,0.009056961400944136,-0.0099295174006716,-0.004568027824334875,0.005361489576336725,-0.0188844642537603,0.011356093591265637,0.03024055784502594,0.0350677407391571,0.0035418982148691554,-0.031525842524287945,0.0338917904047449,0.002194461197860399,-0.031697329206884506,-0.0521789478487926,-0.0025200815742531125,0.04965886627453949,0.1826684253108167,0.03149183007297546,-0.15117659523784124,0.3514467834263112,0.0634291064572263,-0.28801767696908487,-0.0206248723692797,0.04299304262412638,0.06361791499340608,-0.0388751648909501,-0.01089209938326297,0.02798306550768713,-0.0482717174895025,0.0032436527187797576,0.05151537020828226,-0.009638086282742,0.015527036091974632,0.02516512237471663,-0.0091433160778464,0.01442823967653334,0.02357155575437974,0.0729283760073238,0.02017983655273408,-0.05274853945458972,,0.006738068902421434,,0.0780524070059738,0.012819184124600655,-0.06523322288137313,0.02222186438284,0.018728596533025162,-0.003493267849814838,0.026475162814662,0.01969319709107728,-0.006781965723584721,-0.0377522611724581,0.015230483877766975,0.05298274505022507,-0.0052471979926829,0.0082386283726785,0.0134858263653614,-0.0031056461498908,0.001724400381610293,0.0048300465315010924,0.0523414273565478,0.0577269067133496,0.005385479356801802,0.0398017487030019,0.012231408838456949,-0.02757033986454495,0.0426031865322414,0.01398248977032185,-0.02862069676191955,-0.0563945438982438,-0.004626064492179531,0.051768479406064265,0.0064274406477774,0.014887230632819423,0.008459789985042022,0.0088827820007869,0.014126888597962689,0.005244106597175788,-0.1749265185748784,0.00652910358482354,0.18145562215970193
2025-11-01,,0.04338311452182061,,0.020696308168868,0.00858856598044164,-0.012107742188426359,-0.0674047202510113,0.020507375618004635,0.08791209586901594,-0.0645304676008397,0.011942753718754296,0.076473221319594,0.0139126713393144,0.016592820150516153,0.0026801488112017536,0.002383529380579,0.015192844510314732,0.012809315129735733,0.0044665723104411,0.017132401191557543,0.012665828881116442,-0.0327442264902632,0.0015127429667276138,0.03425696945699081,0.0151972175181963,0.015807083186462567,0.0006098656682662663,0.016725940650594,0.016918797508858392,0.00019285685826439178,-0.0842406658625212,-0.01863916359924243,0.06560150226327877,-0.0736076524296401,0.0033590695917193472,0.07696672202135944,-0.0626199936733604,0.010970430318168276,0.07359042399152867,-0.0651465437425428,0.014846486546336104,0.07999303028887891,-0.0925563794113267,-0.01237923605462643,0.08017714335670027,-0.0348942105514169,0.008070356108009422,0.04296456665942632,-0.015128384550555,-0.030152141014251285,-0.015023756463696284,0.0621287402339475,0.019436068865896702,-0.0426926713680508,0.0010165888282342,0.02146745006875273,0.020450861240518533,-0.0059034546343116,0.021049819397430416,0.026953274031742015,-0.029153007629907,0.01084237225366192,0.039995379883568924,0.0348449582284024,-0.008065320340963477,-0.042910278569365884,0.0891646561467844,0.010332958840817995,-0.0788316973059664,-0.0516225627861917,-0.0579580378107846,-0.006335475024592904,0.0932687510431737,0.020720840874577283,-0.07254791016859641,0.0931413040442643,0.02143422299254116,-0.07170708105172313,-0.0418260084198461,-0.012280711014186489,0.02954529740565961,-0.0656144992643569,0.009262766551560647,0.07487726581591755,-0.0629053558993214,-0.002782512044028417,0.060122843855292984,-0.0533312381263179,0.00927950885666721,0.0626107469829851,0.0246021079437448,0.006753150345134033,-0.017848957598610767,-0.0529983292296809,0.012965238547725123,0.06596356777740603,-0.0562062931977927,0.013724140768843995,0.0699304339666367,-0.0149216868456348,0.0010991398199545165,0.016020826665589315,0.0675700093799678,0.0184706584030702,-0.04909935097689759,0.0750058152604778,0.01982756550492776,-0.05517824975555004,-0.0245070579598704,-0.028514968024931486,-0.004007910065061085,0.1103269664838493,0.019515876924248686,-0.09081108955960063,0.1194105582517267,0.024226031686578765,-0.09518452656514793,0.0887392578228229,9.48200956794416e-05,-0.08864443772714345,-0.0003488437149022,0.011982675557136988,0.012331519272039187,-0.0012238372127045,0.015606228031237922,0.01683006524394242,-0.0538453406414577,0.014909025808090597,0.0687543664495483,0.0779111159667242,0.024140852653720287,-0.05377026331300391,-0.0568757474421922,-0.0458695173725307,0.011006230069661498,-0.1199068002662387,0.014085031217533302,0.133991831483772,-0.0093851693290574,0.01894780693306634,0.028332976262123742,-0.009328635062604,0.021426167287861463,0.030754802350465463,-0.1124152669761321,0.0015511051458933444,0.11396637212202546,0.0532917131483138,0.01658848464653836,-0.036703228501775445,0.0529602286881279,0.017918248124151447,-0.03504198056397645,-0.0687520593568644,-0.05621601539616257,0.012536043960701834,-0.0514208316272127,0.0020046527178145283,0.053425484345027224,-0.1187073761284903,-0.028474729830818796,0.09023264629767151,-0.0345547675973121,0.013355295307410777,0.04791006290472288,0.0237564676735522,0.014726985145388938,-0.009029482528163262,-0.0514777602668705,0.017955855030386807,0.0694336152972573,0.0283745471758901,0.021975529019777194,-0.006399018156112907,0.0328463130201549,0.022913784184892216,-0.009932528835262685,-0.1721138640224998,-0.01934994328324765,0.15276392073925216,,0.004270613033987117,,0.1019114308109542,0.012446410500460275,-0.08946502031049393,-0.0244089418829052,0.012999407500583926,0.03740834938348912,-0.0208054549036997,0.01404624714035169,0.034851702044051386,-0.0664486906396483,-0.001118640341295097,0.0653300502983532,-0.003765762686159,0.01719244500429719,0.020958207690456192,-0.0066423447684805,0.015149928286912306,0.021792273055392806,-0.0759732438305366,-0.027776046530834927,0.04819719729970166,0.0008105915884359,0.011598453488099975,0.010787861899664075,-0.0038556794378499,0.011952630944132885,0.015808310381982785,-0.0177261092681412,0.007643483838198539,0.02536959310633974,0.0027101333305403,0.012719980731957011,0.010009847401416711,0.0106808026694088,0.013914722530085692,0.003233919860676891,-0.1568187943202928,-0.014144872325770639,0.14267392199452217
2025-12-01,,0.024525238753733143,,-0.0237773828696784,0.013227640308411719,0.03700502317809012,0.0623325007982335,0.019099333995267528,-0.043233166802965975,0.0441091022640907,0.01250979150018183,-0.03159931076390887,-0.039703279714659,0.023520851450301455,0.06322413116496045,0.0167047294565995,0.016378299781698486,-0.00032642967490101316,0.0154987702970666,0.017861940472398145,0.002363170175331544,0.0297244001017488,0.005839379669089999,-0.023885020432658798,-0.0228770309679967,0.015234588253466285,0.038111619221462986,-0.0214471147807661,0.016163793694006997,0.037610908474773094,-0.1147304648848547,-0.016244478286720473,0.09848598659813422,-0.0286235667325145,0.007358796811120038,0.03598236354363454,0.0203513433148757,0.012241691425152417,-0.008109651889723282,0.0276586189068957,0.012901480919813732,-0.014757137987081968,-0.2553338200864871,-0.005328283092332613,0.25000553699415445,-0.0085360273103333,0.010282030152995768,0.01881805746332907,-0.0216905689836084,-0.018509942851215554,0.0031806261323928456,-0.0334126950966219,0.01890474844785422,0.05231744354447612,0.0383401720476923,0.024472822699267496,-0.013867349348424804,0.0205304312457108,0.023045419001110967,0.002514987755400166,0.0133173892294003,0.012377353230051229,-0.000940035999349071,-0.1672449486549587,-8.024884734214284e-05,0.16716469980761656,-0.0583808632346097,0.01360213716494134,0.07198300039955104,-0.1499819640800628,-0.054160553581729595,0.09582141049833322,-0.0316736058130532,0.018485047914962166,0.05015865372801537,-0.0316252796666994,0.01892988783727551,0.050555167503974915,-0.2232456060274745,-0.013429774661167893,0.2098158313663066,-0.0233360929180963,0.014050769111052233,0.03738686202914853,-0.0209276038297976,0.00010272755373754404,0.021030331383535147,0.0415935625462653,0.008386192840375681,-0.03320736970588962,0.0627312826754323,0.014080665991086113,-0.04865061668434619,0.0362333617206131,0.015399577646473431,-0.02083378407413967,0.0349691703109297,0.016660462604450157,-0.018308707706479542,-0.0093788884155476,0.007234517240571691,0.016613405656119292,0.0061910874395509,0.019362051314352716,0.013170963874801815,0.0093531614882883,0.020649743279163104,0.011296581790874805,-0.1028138081905749,-0.017028799917963276,0.08578500827261162,0.024691926632898,0.016843112463798684,-0.007848814169099317,0.027601543296236,0.01914566598160398,-0.008455877314632019,-0.1553299826991528,-0.005921949537887123,0.14940803316126566,0.0681747418672262,0.011832296864600507,-0.056342445002625696,0.0670145459575311,0.01506746030552577,-0.051947085652005336,-0.2168952288216481,0.010164854096905693,0.22706008291855379,-0.0237187397200967,0.026665622048879813,0.05038436176897651,0.0051172540900055,-0.019039551967187242,-0.024156806057192743,-0.0220602895468387,0.013016221202697383,0.035076510749536084,0.0304155091916355,0.016100400450272334,-0.014315108741363165,0.0246533992002909,0.018282672126842425,-0.006370727073448476,-0.043887811982131,0.0016055963207744568,0.04549340830290546,0.1277923544352045,0.013394354553430108,-0.1143979998817744,0.1332814556192987,0.014351042832816071,-0.11893041278648261,-0.1756563531873008,-0.04854515275765749,0.1271112004296433,0.1706788120223187,0.006517305938215052,-0.16416150608410363,0.1337487292647448,-0.0008821559976391453,-0.13463088526238393,0.0365518285025171,0.02017929112756128,-0.01637253737495582,0.1144107622499325,0.009307794691231478,-0.10510296755870102,0.0506794826909188,0.01475023780079601,-0.03592924489012279,-0.0046824681607009,0.02005685784833531,0.024739326009036208,-0.0068823269126281,0.02053829905446304,0.02742062596709114,-0.0913292795303351,-0.010526435966408215,0.08080284356392688,,0.008160857667609354,,0.0129549591510064,0.014939212801024913,0.001984253650018513,0.0163183217221463,0.014615285085686198,-0.0017030366364601032,0.0160877625853453,0.015295136396104546,-0.0007926261892407527,-0.022406940606351,0.002882772925685322,0.025289713532036323,-0.0079831833106615,0.01541286385042656,0.02339604716108806,-0.0048167899506015,0.01392132107474773,0.01873811102534923,-0.0579899740641928,-0.01347487023843508,0.04451510382575771,0.0317096114548379,0.012284224192455083,-0.01942538726238282,0.0394315685563452,0.012558014592669609,-0.026873553963675592,0.0200052583929458,0.006248521084254088,-0.01375673730869171,0.0265193683109057,0.014727855986504394,-0.011791512324401305,0.033576014159365,0.015615733037522658,-0.017960281121842343,-0.2401342028502414,-0.012901456273230243,0.22723274657701115
2026-01-01,,0.058580622921316904,,0.0373769526387623,0.00688283658855269,-0.03049411605020961,-0.005306761180753,0.019725949542106776,0.025032710722859775,0.0359134491441389,0.014658228059856289,-0.021255221084282613,0.039273088845152,0.011298558110357793,-0.02797453073479421,0.0608072090969472,0.013322949466784952,-0.04748425963016225,0.0629813094947264,0.015086732779628742,-0.047894576715097656,0.0281133859981751,-0.003985282606774514,-0.032098668604949615,-0.0013933128558163,0.017543974798355427,0.018937287654171728,-0.0011224024761821,0.018610727385856264,0.019733129862038363,-0.113656670363854,-0.017970787876328408,0.0956858824875256,-0.001995065369681,0.0008013025111637821,0.0027963678808447822,0.0041916794142583,0.011249772153993209,0.007058092739734909,0.004952787690245,0.01766390571673429,0.01271111802648929,-0.0744144225753993,-0.017184209442759345,0.05723021313263996,0.0546587635727844,0.006235386349476809,-0.04842337722330759,,-0.02997540212361287,,-0.002987730486377,0.018455603493625832,0.02144333398000283,-0.0765267208795787,0.013462957348971166,0.08998967822854986,0.0062739367028644,0.016284884948713694,0.010010948245849294,-0.0162525765585472,0.008706761259724836,0.024959337818272035,0.1373498009649517,0.012723598299910596,-0.1246262026650411,-0.0433053678350617,0.01160617210929725,0.05491153994435895,-0.1464217620409786,-0.05626335751235029,0.0901584045286283,-0.0069211143269949,0.02606694195606576,0.03298805628306066,-0.0074717693540184,0.02708217702898595,0.03455394638300435,-0.1077325335117643,-0.01032893117479683,0.09740360233696747,-0.0749733077446005,0.008745153189771666,0.08371846093437216,-0.0848117161006026,0.004756699102102233,0.08956841520270484,-0.0295716011175513,0.013221142572592767,0.04279274369014407,-0.0512931590505677,0.0002953122130440614,0.05158847126361176,0.0204519032116168,0.008831946792944714,-0.011619956418672087,0.0207787899360661,0.008596696064009944,-0.012182093872056154,0.0073566013883039,-0.01007939815418481,-0.01743599954248871,0.0176812678231633,0.017021382911662872,-0.0006598849115004267,0.0205677918715677,0.018465970372733637,-0.002101821498834061,-0.1117576711424393,-0.03501493602464631,0.07674273511779299,-0.0005790592870445,0.020471532665118825,0.021050591952163324,0.0020728998393246,0.027545158558141273,0.025472258718816674,-0.1659427978111247,0.004337212161298829,0.17028000997242354,-0.0316941325808425,0.012597232480015985,0.044291365060858484,-0.0324247754175638,0.013766123736515118,0.04619089915407892,0.0165820085168306,0.012692392587096521,-0.0038896159297340804,0.0484967872573114,0.019581516267088178,-0.028915270990223223,0.0135329782801051,-0.0536687732612179,-0.06720175154132299,0.0132366756770121,0.016529469127625172,0.0032927934506130716,-0.0018616887892413,0.01685463610088575,0.01871632489012705,0.0025738905084678,0.02070467109408465,0.01813078058561685,-0.0226741049034759,-0.004628071012574262,0.018046033890901637,-0.0042553106582595,0.018628586996703986,0.022883897654963486,-0.0040521614513189,0.020057603134419053,0.024109764585737953,-0.160410087881227,-0.05569887771045831,0.10471121017076868,0.0539318148205552,0.006410151434173965,-0.04752166338638124,0.0325446832797208,-0.028144081050412106,-0.060688764330132906,-0.0183018787168706,0.005256748113924716,0.023558626830795317,-0.0324610278271973,0.021952322215351223,0.05441335004254852,0.0123850324982851,0.021215741512397492,0.008830709014112393,-0.0130095239466384,0.020322583156073534,0.033332107102711936,-0.0128339389164932,0.02196570679685186,0.03479964571334506,-0.0584782238009573,-0.029118893565512675,0.02935933023544463,,0.012632422587587556,,0.0506025207375269,0.014525369116515977,-0.036077151621010925,0.0022929603504036,0.011705455526123138,0.009412495175719538,0.0053594471200671,0.013275519983382257,0.007916072863315157,-0.0254776230720962,-0.005224309314659211,0.020253313757436987,0.0320929668959258,0.018613583914975036,-0.013479382980950763,0.0310238259453107,0.018848844220346515,-0.012174981724964184,-0.0404704775982434,-0.0452453180462064,-0.0047748404479630024,-0.0363033692944925,0.010974076801635951,0.04727744609612845,-0.035490115582277,0.011203383911835948,0.046693499494112944,-0.0374233268299101,0.00882750707976361,0.04625083390967371,-0.0325419635860664,0.011109692618623782,0.04365165620469018,-0.0365993132861056,0.012760702947437662,0.04936001623354326,-0.1212413728368305,-0.012960515854411686,0.10828085698241881
