date,Aircraft,Almost Nothing,Apparel,Automobiles and Trucks,Banking,Banking - Large Cap,Banking - Small Cap,Beer & Liquor,Business Services,Business Services - Large Cap,Business Services - Small Cap,Business Supplies,Chemicals,Chemicals - Large Cap,Chemicals - Small Cap,Communication,Communication - Large Cap,Communication - Small Cap,Computers,Construction,Construction Materials,Construction Materials - Large Cap,Construction Materials - Small Cap,Consumer Goods,Electrical Equipment,Electronic Equipment,Electronic Equipment - Large Cap,Electronic Equipment - Small Cap,Entertainment,Fabricated Products,Food Products,Healthcare,Insurance,Insurance - Large Cap,Insurance - Small Cap,Machinery,Machinery - Large Cap,Machinery - Small Cap,Measuring and Control Equipment,Measuring and Control Equipment - Large Cap,Measuring and Control Equipment - Small Cap,Medical Equipment,Medical Equipment - Large Cap,Medical Equipment - Small Cap,Non-Metallic and Industrial Metal Mining,Non-Metallic and Industrial Metal Mining - Large Cap,Non-Metallic and Industrial Metal Mining - Small Cap,Personal Services,Petroleum and Natural Gas,Petroleum and Natural Gas - Large Cap,Petroleum and Natural Gas - Small Cap,Pharmaceutical Products,Pharmaceutical Products - Large Cap,Pharmaceutical Products - Small Cap,Precious Metals,Precious Metals - Large Cap,Precious Metals - Small Cap,Printing and Publishing,Real Estate,Real Estate - Large Cap,Real Estate - Small Cap,Recreation,"Restaurants, Hotels, Motels",Retail,Retail - Large Cap,Retail - Small Cap,Rubber and Plastic Products,Steel Works Etc,Trading,Trading - Large Cap,Trading - Small Cap,Transportation,Transportation - Large Cap,Transportation - Small Cap,Utilities,Utilities - Large Cap,Utilities - Small Cap,Wholesale,Wholesale - Large Cap,Wholesale - Small Cap
2008-02-01,0.0,0.0,0.0,0.0,0.0,0.0,0.0,0.0,0.0,0.0,0.0,0.0,0.0,0.0,0.0,0.0,0.0,0.0,0.0,0.0,0.0,0.0,0.0,0.0,0.0,0.0,0.0,0.0,0.0,0.0,0.0,0.0,0.0,0.0,0.0,0.0,0.0,0.0,0.0,0.0,0.0,0.0,0.0,0.0,0.0,0.0,0.0,0.0,0.0,0.0,0.0,0.0,0.0,0.0,0.0,0.0,0.0,0.0,0.0,0.0,0.0,0.0,0.0,0.0,0.0,0.0,0.0,0.0,0.0,0.0,0.0,0.0,0.0,0.0,0.0,0.0,0.0,0.0,0.0,0.0
2008-03-01,-0.06502604290170247,-0.026813225533581675,-0.05683833638575488,-0.02175214296738867,-0.11459319412959854,-0.11665716611464501,-0.05097745445734674,0.012600360881947447,-0.04755576974223068,-0.05701009347288025,-0.07281847967784455,-0.039304223775756306,0.017933594217879958,-0.004518466861833647,-0.09718507429622138,-0.051385402975758956,-0.05093277694748276,-0.475584983831334,0.0008963430576327492,-0.06618893268352904,-0.0972610674604642,-0.09673553157838526,-0.15164794072994048,-0.013752913450167562,-0.04982721003483568,-0.06611255654171885,-0.06888360691594736,0.01610001851322767,-0.09209460761908202,-0.049132162670347514,0.007324241974754203,-0.002832994220980988,-0.07864928878127803,-0.0792392516728161,-0.07643770436032996,-0.004158713834434944,-0.014118435316892955,-0.1592828175663503,-0.010687980348115203,-0.016875965081647286,-0.15303975173700968,-0.034365652134632246,-0.03212300905148852,-0.02074408242358395,0.06248140917819911,0.06027870622061748,0.11452333817569872,-0.09595873845503557,0.06927479456068975,0.06663522125471828,0.05850569250201296,-0.03649802439491018,-0.03676014872941795,-0.015705878133211938,0.04038832724564863,0.040703377260312416,-0.039358817412005635,-0.07089157068046871,-0.021974328725765404,-0.025519493936258318,0.0974958207808556,-0.06928654259422651,-0.031019189206417618,-0.07402399584368366,-0.06567060947256351,-0.09505996869636216,-0.04175662453889858,0.02984762739822829,-0.10426004674834069,-0.11773090166144302,0.018658787249533963,-0.05825073254380965,-0.055628053227025735,-0.059288687132515144,-0.0680020386542235,-0.04154152561470698,-0.010230048392407305,-0.031864053605730885,-0.03823444199040479,0.17674363005626154
2008-04-01,0.08959083644792425,-0.0015936526876241589,0.06306724928551678,-0.03252937027296653,0.043775248354863995,0.044483916549402376,0.0056618384666798915,0.03605572853795715,0.047114729389457786,0.048339949973889684,-0.056053362012611144,-0.03015012576588699,0.0032726111039352926,0.021920219347354015,-0.0005967691998850771,0.04216070839668484,0.059824143655645805,-0.07667890315816826,0.012786364870000106,0.10516753026121715,0.07225606110183037,0.08634498733165563,0.024429460341682314,0.059119756564878105,0.01256004604970875,0.057448826783452776,0.06605051426803332,0.004825576446406182,-0.006510195057052914,-0.04656078086647381,0.033192576957341825,0.017835703836814158,-0.013486010866345152,-0.015252671270842058,0.05467421278367615,0.02790858971946464,0.03773043777203596,0.30003372292109715,0.04028860447701233,0.03928994002001502,-0.04702639665161806,0.022642725621294782,0.02743358519790031,-0.138017805945891,-0.08238015916602172,-0.07877750139781095,-0.12796307007223356,0.022950736378575226,-0.009617109098755438,-0.011094945206186566,-0.07351171198034001,-0.0037566280770185635,-0.0036191707552826477,-0.03442743649461408,-0.1495791940719384,-0.14929786108302467,-0.14540261617621839,0.015420331458874698,0.02131416891541629,0.02390972647330928,-0.004307483116796401,0.07800491193573064,0.0662695928391868,0.07967148141628055,0.08761544761120377,0.1164222971623588,0.0916361692890298,0.021946781738566297,0.059117362509014955,0.059361392242444556,-0.051527917456519585,0.05307615544245618,0.04916888921468516,0.061184147562729836,0.027887026592213978,0.04113205065193247,0.06225805149065122,0.004054275618068419,-0.00456091144584597,-0.2310230119027681
2008-05-01,-0.061799585955431884,0.05922228593772055,-0.014987032984887676,0.011728570392550304,0.03224870010920401,0.03284522582172746,-0.007780348414478156,-0.04326170807810726,0.07028783946383733,0.07153694614932762,-0.012962089562492103,-0.02451719528347659,0.09202976611995284,0.07834692651467061,-0.13476210584409046,0.042202173315671665,0.040829145720860265,0.03590553777900166,0.027968040938067894,-0.013020865301315014,0.006059956363290709,0.009542169647304543,0.07070754287198508,-0.052550978930397126,0.04580359489604122,0.09025579783329851,0.09353879412155365,-0.042527457905013125,-0.08286251427904255,0.016316825064151844,-0.015078391789830944,0.010059320875148691,0.011466090494961086,0.011042468948639497,-0.008651727437516007,0.05643104233855197,0.05625788520889123,-0.12113120576382977,0.018472334246881748,0.015335352337194862,-0.12799440406867418,-0.017721270238236234,-0.030589008504829797,-0.058914454003713514,0.10964444012481499,0.11457811321765951,-0.01667516596068,0.09243255443372779,0.06905402374255648,0.069101735679672,0.041769339112692996,0.0012767613910785408,0.001685078449027796,0.012409788752314908,-0.091354657426279,-0.09333256453763153,-0.07023568169195792,0.03332262965851703,0.026136478853677415,0.027805152817157997,0.13134916984316825,0.0330893566349231,0.0282660628395597,0.03755240568656402,0.042055259702461066,-0.04772694951096023,0.027918808716375972,0.050211435563159344,0.030278379796020445,0.03609112546417481,0.03176791268061793,0.042653909474948806,0.03706234842391462,0.11723557993634987,0.031116639498878836,0.020702146161044387,0.030951958782718336,0.0038813058613881455,0.01956201964607122,-0.055389668560139514
2008-06-01,-0.04718477215173192,0.054766398482769846,0.018954667250436118,-0.02217389898124646,-0.07808658420118142,-0.08214082253585844,0.03383523300112737,0.0049776082954828315,0.01728582879545902,0.011584122327703313,0.04219607956922935,0.0017541748499038596,0.04259970406145967,0.047375749514115224,0.048011351100856664,0.002765617076318833,-0.003206610815112449,-0.0014495287664201511,0.02478449454256759,0.03655078167443997,0.025096970888317433,0.03113828722464601,0.03921330208326872,-0.00959423382897274,0.09324527415290386,0.04343611193251865,0.0407393827694873,0.12775473574486493,-0.023984068614699205,0.15207659342149277,0.021020667667444624,0.017799637664586206,-0.04496841692197488,-0.06050065854405174,-0.053455170407081434,0.03331601188481665,8.290677878081154e-05,-0.07600334752268158,0.045175614954227575,0.05032043032555486,0.19761672725077808,0.006732217281432953,0.010800263753643758,0.1622972289905125,0.11172921386311625,0.11520571626661759,0.04931832865783734,-0.017288711674592613,0.03742248518791224,0.022687644846195783,0.05756655125886186,-0.01148335167005211,-0.011414447150091347,-0.10043264510413843,0.08810740586160215,0.09121374733026108,-0.16610896363521996,-0.0631500173545728,-0.06375953304589836,-0.0786020059194914,0.07399633539804477,0.022415222081156094,-0.027489039652686193,-0.026243741027942673,-0.025790292246573348,0.09190359707322351,-0.019860541950891587,0.014074726322805847,-0.054435058002619635,-0.0743466346671236,0.03730208895190645,-0.05047394259599795,-0.0651448992075855,0.06387023442547324,0.016166317149561855,0.016187259550741958,-0.06135144338455239,0.025663892374883084,0.02679353934141887,1.1540302135152813
2008-07-01,-0.13398083323402718,-0.0312998353618882,-0.1224145225195721,-0.1414910265093506,-0.18002402198362638,-0.1842204725207323,-0.00034080096425014234,-0.05702948178570296,-0.07500761359576794,-0.07220732066283254,-0.2086842444421724,-0.11111104214035357,-0.01917297406321404,-0.019033725111947057,-0.03483313106487866,-0.12749856579308322,-0.1229889278896866,-0.14077324969551386,-0.09254001128297776,-0.05811255683646778,-0.1495323876920779,-0.15404036383322273,-0.002188848688151503,-0.06850082149233579,-0.1330454066192178,-0.09146425077949698,-0.08978888454615538,0.005417014023809463,-0.2808268632647471,0.05287320877126229,-0.5027535901105644,-0.07610444199362162,-0.13594233994339686,-0.14128314041580906,-0.09171117646009391,-0.07787009841154233,-0.0912566975633444,-0.33195350362208126,-0.06404280776530027,-0.07437432484956005,-0.16873850415060104,-0.023936317440704714,-0.03224330810480105,-0.05711220115773954,-0.0417153129899761,-0.04238481637669593,-0.06155255396274263,-0.11818899008304834,0.018784629588469253,0.012759482834561716,0.036243068198756105,-0.04630379249786858,-0.046540257505681665,-0.1461403553710822,0.08209719565195808,0.09130075949829958,-0.10392437966243602,-0.11711715872969407,-0.08672294869416274,-0.08497192539407689,-0.10909639058166577,-0.11033146258279954,-0.08677109853530657,-0.0705690180151758,-0.04955539455063159,-0.1326783438335164,-0.13994514331175054,-0.08014242435447241,-0.11223172240267965,-0.12014247225675163,-0.01958601463355853,-0.1267431206398926,-0.1371135239765723,-0.1541622215665472,-0.020932174927165675,-0.030580089572686257,-0.07948739448224974,-0.08217791121975974,-0.07660651808987276,-0.15700272782778493
2008-08-01,0.029249531400435517,-0.052979561003294096,-0.04424259092639342,-0.06526025373499457,0.09832809225231723,0.10153551266658233,0.021496084305906788,0.028060509122168342,-0.02493599516125366,-0.0271561561391941,-0.028506063327378362,0.03289703123798642,-0.04717766239610014,-0.02864684555672554,-0.10727776627143706,-0.04592672985666487,-0.04715780262265093,-0.0013256934712165072,-0.014161236077350729,-0.1850595989243869,0.014178295137063302,0.01097828557343215,-0.19598411310349162,0.049588907549068945,-0.06956206978400266,-0.01594903468146911,-0.014080799526167892,-0.11758142131814017,0.026083197207559423,0.0012378554612775955,-0.0013096217271938548,-0.04038885945783123,0.011772632255355906,0.01205169056518981,0.008514540878159964,-0.045165179796707686,-0.03414079667817862,0.04144079149455354,0.0013315642307035885,0.007337293578963159,-0.09474941833518233,0.028513792055139903,0.018993240290556948,-0.007078245968723106,-0.2048924373320149,-0.20368801844755993,-0.12148965974114943,0.057914304507691666,-0.14560192578076653,-0.1422978223587377,0.02988275021623998,0.042882048440354946,0.040458193662542816,0.04397473225725824,-0.14962292747580636,-0.15010768304011482,-0.06973669995376733,-0.01962557393170674,-0.07096012525320664,-0.09136237171272014,0.0783724898853046,0.13989497358959227,0.017228479494320287,-0.011140172067639391,-0.012064502286659465,-0.013072810208273283,0.04547159622079078,-0.14377777089050373,0.032375036866015346,0.04010645713642362,-0.11019187717530775,0.05728790508171144,0.0723622105386706,0.024373716636345872,-0.075435703804065,-0.07280673156852673,0.0169185567286119,0.031488100071725124,0.026451649829372637,0.06436550634955665
2008-10-01,-0.06997337366564903,-0.09038302794647958,0.01293848504102875,-0.04582977089624745,0.027010497233793306,0.0297664194024672,0.00213902135070923,0.02660907297671904,-0.06304942742238986,-0.046501266363382664,-0.14739986412590156,0.012581118023498867,-0.1465921431016753,-0.12323001558777204,-0.13687036602771868,-0.05201077432026455,-0.035564678207046646,0.003882687110082597,-0.04370978668158221,-0.056776997251453805,-0.02176372510678067,-0.029352306934298793,-0.10750122887676927,0.040159409391666845,-0.1236108679808209,-0.12171930807361482,-0.12336286846142526,-0.16290425886536583,-0.09183002489546144,-0.22389431121856415,-0.019581991161534643,-0.022065829511039876,-0.1008000473500883,-0.13475794988155546,0.037058807004238206,-0.1328812813876762,-0.10315874453432289,-0.05046793040095568,-0.08676444442537681,-0.08352745738039631,-0.176892931149807,-0.01075398842597516,-0.010291824743888452,-0.040057239855977686,-0.22882522232687058,-0.2273272139484606,-0.2694603378543843,-0.039829762438980065,-0.07563235792164036,-0.06724470344904415,-0.21889689713252147,-0.01747621187984061,-0.016344205388890715,-0.08943988918127545,-0.09175226608333106,-0.08342690610669065,-0.3801336887645461,0.00017938110466313536,-0.07373210811052763,-0.0734178842285439,-0.1232744910720089,-0.05182288614368155,0.01449375923704142,0.0034652893822097637,-0.003821691454627431,-0.031144801173381757,0.013173835624370397,-0.22746115963619967,-0.05664548152968597,-0.06910877264936066,-0.10284810478488292,-0.04891130958233298,-0.04136319712696015,-0.1507543660333261,-0.051841363567640686,-0.059717082506583384,-0.045318194452151205,-0.04238797941068948,-0.03422162649188983,-0.11970103974347274
2008-11-01,-0.16763195305738993,-0.11207738658962135,-0.180914084469068,-0.185172439174058,-0.21258552517670543,-0.2215140172728261,-0.04467971348841503,-0.21041280942060234,-0.16673620432143588,-0.15818450291275285,-0.2737970449900462,-0.15401631291642465,-0.232822916145472,-0.21203303442176438,-0.0027734841880557425,-0.1193772558529204,-0.097696174477101,-0.3712564780724901,-0.19067031845604068,-0.2593647111914408,-0.3114713895988264,-0.3270398793258381,-0.4148756089870357,-0.1376774419739474,-0.21528185574238684,-0.1309647224085526,-0.12414225777474391,-0.2918901143948364,-0.34167632777618984,-0.30378204178893453,-0.10830199280879295,-0.11491953716683224,-0.2549370250407131,-0.2645660612726531,-0.08015949916501582,-0.27897265081832995,-0.25883629879720155,-0.24353211183182236,-0.21418143801571482,-0.1965212481146684,-0.13109384493184106,-0.13971626166751444,-0.14380403840639183,-0.2545898592288054,-0.29821708430408217,-0.2971065263343342,-0.15090463943875843,-0.12590978560100233,-0.16725599049153264,-0.15827282162235246,-0.1645285929849843,-0.07942158817827735,-0.07669558918554847,-0.19075505925233277,-0.40466299760645597,-0.4053472798796992,-0.3470771451951138,-0.1608836705004901,-0.2322539719258654,-0.23079385131840674,-0.1607610321422803,-0.19223073304611063,-0.1273614321551617,-0.12128698151048552,-0.08896797866723394,-0.40927981495268506,-0.23222222746154253,-0.22660008327357054,-0.2473721633843078,-0.24318311032808637,-0.20379036807148254,-0.14605976044091631,-0.13789268953556502,-0.31854642951567097,-0.13050046465207463,-0.13753816077742842,-0.08954815030077708,-0.1809529368861001,-0.1719073197532027,-0.10219032522165028
2008-12-01,-0.19568143781778455,-0.12470674683401671,-0.2113298488931536,-0.19257625323737568,-0.30234723848611217,-0.31220606744292734,-0.056439925118858286,-0.045084064920966366,-0.16124297633535092,-0.15751775947043867,-0.2169873997422699,-0.17593775113338528,-0.22774329670229712,-0.20733299280175221,-0.20367433752371775,-0.052769698963409245,-0.0435827872508839,-0.09752178155823425,-0.15219040562892977,-0.16214027477534182,-0.13237613209913937,-0.11803062747039447,-0.3490996086086614,-0.07895785532348293,-0.15087766413983136,-0.2241183766244861,-0.2193734609277516,-0.3453062230186629,-0.3937737275315773,-0.2719620433111408,-0.0928084422031404,-0.14508816425040538,-0.1653544271575466,-0.16181359348296312,-0.15436570519398085,-0.17561953097913263,-0.15329646304978523,-0.38016061400743895,-0.1458830973393381,-0.1376123857792673,-0.15444716170814585,-0.18246613049491595,-0.1881091421901056,-0.3621750823672323,-0.12293848218215336,-0.12180718042547675,-0.10527754170622432,-0.14694570279909266,-0.10240821244130201,-0.09345831736300939,-0.27063674604031623,-0.10844600064797025,-0.10703824857976615,-0.2295715637902895,0.13305275878584472,0.14380651407695885,-0.3676436371813258,-0.2018438076114148,-0.254419081292547,-0.26897401407932897,-0.20166443708566087,-0.16533379687944888,-0.10772387465751154,-0.12064649475476096,-0.10258645658380856,-0.3623846526176691,-0.1430800309969879,-0.2298600938372461,-0.29754839094433283,-0.29366447196309503,-0.25222017996110163,-0.18688808352348105,-0.18526608631402028,-0.3955930022893849,-0.058979565590243255,-0.07157498793863391,-0.1635924015888859,-0.17418178364924858,-0.16527233552981693,-0.10288445480156046
2009-01-01,0.08283353599039749,0.17957615700400417,0.107235745264563,0.12446680922569506,0.11077494366917029,0.11133478053768465,0.0013131489360946327,0.038483215641062454,0.09757484431478919,0.09630342594842607,0.0929847964235461,0.006813057859647023,0.12594900553595964,0.12037725012277133,-0.5391804595116423,0.08683107901057247,0.08043016262455188,0.12359825444322377,0.09290238073647551,0.23337248641945255,0.1494688363640532,0.12420507768361633,0.08998568666803246,0.03728210867575112,0.012030124875689526,0.10597232595790412,0.1031381985723194,0.002847402274279062,0.26928291954120886,0.14952500652179715,0.09444324332813732,0.09441057395284477,0.2072062382308428,0.20475393749949547,0.2055602700861497,0.18557329116198995,0.18807858671502103,0.025352785056183658,0.10951357499836005,0.09244231142974386,0.1286687699960691,0.09130442935658302,0.09417668231909082,0.006454296185767898,0.1693316818302537,0.1770634047225685,0.20951769876255652,0.13324707929589294,0.06525758192270072,0.06658908051223363,0.11173312662884884,0.15215232533948359,0.1525424459895193,0.09473550806659352,0.42648022442983935,0.4293687458317374,0.12488569040085092,0.04214381501487018,0.11599823388392434,0.11632479533884205,0.05874458677775197,0.1920555616177469,0.165048799184404,0.10919502570783213,0.09304031331045506,0.17712793450822473,0.13718049169344423,0.2875259383990798,0.26884362337050616,0.26245888791391186,-0.056821662125041014,0.0977290558796444,0.07540086800230751,0.2835753949119926,0.06045180703050466,0.08322916476272973,0.11590073810992614,0.13868149684301084,0.12420575387393432,0.04091447900393859
2009-02-01,-0.1735424684017892,-0.0327229768457596,-0.12430963095253598,-0.14402607611087492,-0.2601386859883563,-0.27143429091662913,-0.03094231193535995,-0.0905907763387505,-0.02348639038313516,-0.032293253825808145,0.004869215523189421,-0.08385576392390365,-0.04862006302410115,-0.04513673943592557,-0.06603164063413569,-0.10691660671329443,-0.1094807874509685,-0.08762700464433013,-0.06460577412719692,-0.10513662170957412,-0.14859671843940866,-0.16769573831225337,-0.0027421097857408777,-0.11289453430909549,-0.12708669418035284,-0.021839488405277867,-0.021031065735336172,0.028289926040559684,-0.17150691564637213,-0.14322917082056208,-0.07081923184161766,-0.04968597505775291,-0.14172702779395593,-0.14209018411475294,-0.10789929536472678,-0.1280327912450507,-0.1477170088954903,0.01777493374632077,-0.03091062481793281,-0.020677336434020647,0.07154477698718255,0.040988614113671565,0.040654795937500016,0.14116766557781246,-0.039691386123320294,-0.04196943481839447,-0.059929122847553536,-0.053344596056565614,-0.0393329311442283,-0.039151145957774726,0.13377424434263344,-0.0679044443272492,-0.0706632378489669,0.11984663990152819,0.02561465635434521,0.019164074351913828,0.023557071884337144,-0.08884076439942327,0.05861910101533242,-0.12374716405712727,-0.24515939434317208,-0.14517973876035253,-0.06197598825658256,-0.10345033058388182,-0.11496645682566561,-0.04430615295018828,-0.11602660178533966,-0.06368709066082183,-0.134772080782217,-0.12712352149148032,-0.011939166378851129,-0.16156737410204972,-0.1748246600107564,0.029564704753785406,-0.008607898522223361,-0.022582948701725385,0.006492142993098093,0.0029751389455827592,0.01682408288884726,0.026247964154817647
2009-03-01,-0.24115678984731528,-0.17290747370721213,-0.08843313747050552,-0.04811657058438709,-0.17583626721748158,-0.17935755750570076,-0.009202797650908028,-0.048357862218756695,-0.04912196750016338,-0.036277331045504325,-0.11864072211708279,-0.13105716483490254,-0.05961507957341146,-0.07666683939803115,-0.06823415636319384,-0.07145614471256446,-0.06926761124333096,-0.042878184092377904,-0.09325164317703839,-0.11082724343419226,-0.15615821048533418,-0.16340323692478279,-0.2765583705213291,-0.11055971736605108,-0.14338777478946957,-0.058918494759165926,-0.056306120019657346,-0.20637665364081026,-0.259983136324992,0.03604971796787046,-0.06979426052698685,-0.057001424543145746,-0.2101738417448035,-0.23264798224183303,-0.12522922541346784,-0.13241218153582007,-0.14108702412315693,-0.1794700064561623,-0.10607916416369303,-0.11857318372686428,-0.08760738498513045,-0.13602737139573556,-0.1386168791186258,-0.10310785106164397,0.03297033098244804,0.04003170783826195,0.006104460008626903,-0.11413319685389796,-0.11495420042067393,-0.11451736570522099,-0.1433669313637328,-0.13766326596508632,-0.13790243930639634,-0.09322795919412477,-0.08329468743469852,-0.08826386648580466,-0.05127946081531233,-0.13231122182827834,-0.18010748422650533,-0.18871719021488417,-0.07094146930259437,-0.12001650485346847,-0.09221439265500911,0.0005976451195188713,0.0022992940079824306,-0.015808830024730942,-0.12994866626159396,-0.07833544603634403,-0.10763544291331781,-0.09197545620422354,-0.1950307593122516,-0.10474912680386023,-0.09117351432142169,-0.12631936869876798,-0.12208038734969351,-0.11787999827855626,-0.10855650710756365,-0.08136497856099725,-0.0741321269553655,-0.10487878420891136
2009-04-01,0.12486106257917216,-0.06824545847449424,0.16604824242078814,0.07968399721531348,0.20238695351094504,0.21523165628293087,0.01582029121333124,0.07175944644708424,0.11502008564984934,0.11500090548866562,0.09239077481574168,0.048205097316429135,0.08735269300219443,0.08339128368561576,0.007110168289243289,0.09216757424581126,0.09502825847184264,0.028412831491205104,0.15726791245609123,0.16204612621342293,0.12307840605920503,0.12256271518780465,-0.08816737075770513,0.020615294545469995,0.17191224930699342,0.19000272693243447,0.19019927418205487,0.14369130090525814,0.15079074789170377,0.1531422758387732,0.038912934286912275,0.05999298188250729,0.13331921668361865,0.14349011510771095,0.0016876455033558646,0.13963549794865482,0.14763811369536775,0.13061906728393535,0.06885890333238126,0.05808293661082808,-0.27102703167923237,0.015228069717663212,0.01644756054619767,-0.005193623494790949,0.1581417774269096,0.15985459337589855,0.17777166581966244,0.02828962000937478,0.06486907808190415,0.06360977760895586,-0.053810019597988874,0.08278404560997629,0.08629638526062913,0.08330800754761351,0.1438323027857361,0.14901475178906745,-0.027818350107483552,0.0489091883258672,0.10879151485484646,0.12355776904660258,0.2163008355250059,0.06130829838460679,0.08825916659466582,0.11349797992329577,0.09561295805840983,0.08073382517769373,0.16228632826951953,0.24785196570189366,0.13331235719715684,0.16367884600409388,0.08797255507398166,0.10627208295636273,0.11781319034957394,0.08829472198854277,0.022738771022070614,0.028492795381448107,-0.01578844053538312,0.028532591920751776,0.010061074419132265,-0.023320667588693507
2009-05-01,0.20243383373663992,0.14364543018809134,0.20836789922876658,0.2593383373265804,0.16606822633413892,0.1765494563739209,0.010448516760303528,-0.015621422567358333,0.10021540253307942,0.07943164550207592,0.20102342234055479,0.16321617275592712,0.11348362370001266,0.11670907093301709,-0.0031707752979902373,0.03267276902675704,0.025888727921115497,0.2520063127166945,0.1377454076638227,0.12352417683017942,0.2725068628861695,0.3194039441894522,0.3723095576167897,0.06036362009529742,0.25806420248419,0.13883048096183856,0.13235381890722947,0.24318123098299582,0.4845004788446091,0.27780136710199443,-0.03125158192178411,0.14241113345109305,0.1271054931474972,0.14876015671950668,0.012638002441600824,0.2089626795682495,0.21709507353119675,0.21053018494087433,0.14911901061918476,0.1612889227614594,-0.7257361886686979,0.0019026707250032937,0.0028739497090173025,0.42489975227089044,0.147459203201216,0.14030505744197713,0.03412469058786808,0.02003386824189339,0.06410677612579457,0.05493638570945802,0.18300508104578447,-0.030372236765406666,-0.031753901002953604,-0.001690822381425888,-0.13037201989724506,-0.13203645730180544,0.026181048151023,0.08921245827669502,0.22405325062262527,0.2466534997177373,-0.15460332892225356,0.19568044476324858,0.032274678924615385,0.04538507715078421,0.0339796760130298,0.33262276746448344,0.13939040671904565,0.11157587922705044,0.1744543149995947,0.16385509082018562,0.17971018080655596,0.14145260319039393,0.14293874116451655,0.1547557714006214,0.03526207889200629,0.03584571358782039,0.06712508498961055,0.11866924202597058,0.10222528007369548,-0.13687647905606792
2009-06-01,0.1068581458071326,0.12784469101073367,0.10441376841765593,0.060062966706837105,0.16081227391941688,0.169364703690402,0.012894243830635026,0.06997104000356996,0.05791115549716402,0.051713037843437594,0.10507873385168268,0.07663335297152148,0.14310478520076278,0.1284541322381623,0.08125503330060355,-0.006934143716013177,-0.01868649311283968,0.0717825915739214,0.006517554635223906,0.04409100545153388,0.015861350984585815,0.02933571574139665,-0.0611731862636711,0.0688364783548256,0.05135912966498143,0.06538892766933498,0.06479741049106627,0.3411314286950948,0.11517726135624588,0.09287171798767464,0.12401260282786644,0.006043969107907854,0.13404020646943612,0.1459442793479309,-0.05611103399344966,0.07144916862664988,0.047868292909612094,-0.1302723304869703,0.025650323437412484,0.025499887053656845,0.13147719158683946,0.06357007666466181,0.0742908380645007,0.21212834292840055,0.1751364531656643,0.17898003546127808,0.016456181209474417,0.040185916158972476,0.12640085557801384,0.11997053040408337,0.2594299844939599,0.06242516111139082,0.05899099869059111,0.40417614240258226,0.3855888439457978,0.39108253565517087,0.19693857934788894,0.030741459189136948,0.1085345551110976,0.10954755692712675,0.3283401782134006,0.06889651767842057,0.09817637217546872,0.027163541835831435,0.017047326144978472,0.14658995681073628,0.06309398070077303,0.1381464959079734,0.12752629615277727,0.14317951061659423,0.19490606551461537,0.058484578723446055,0.05241455452786193,0.09757266144272267,0.0627942222846742,0.08299472553338828,0.05224967133168823,0.056177558713366826,0.04940958909619211,-0.07905652018133658
2009-07-01,-0.10958624809372132,0.014486717328341319,-0.06309565546319491,-0.04404508634844468,-0.022974328152195356,-0.024465336682404523,-0.0766997277365205,0.04530292464388197,0.015606642395077199,0.025185928990041278,-0.02157163854491328,0.0051764005716041835,-0.10326710165831621,-0.09412579411890246,-0.0031459873583875994,0.002670776788460721,0.005541510218431279,-0.12734973953557283,0.016469736680242257,-0.040378767553661474,-0.07600146520081072,-0.09672790738342972,0.07268524064645383,-0.009042467216784148,-0.012285824985140597,0.010258503815447274,0.009805866670460387,-0.04501279765612543,-0.15218601500438583,-0.01029766617936938,0.029764702254785766,0.03172324972257734,0.05738427934748235,0.09228052738969154,-0.002332903006407628,-0.060526968828735164,-0.040287256494117435,-0.017431000917814906,0.0034579458221015965,-0.004376308306564021,0.0219765101990594,0.030906686806723305,0.023344868934261655,0.029139400359947012,-0.03696501194825795,-0.03826858433028456,0.02880465887972542,0.07493188340745643,-0.08205686668294933,-0.07892461141244941,-0.15492248670753614,0.02372900524631215,0.023995423249392692,0.0542848414877118,-0.08531214156037556,-0.08490770828330625,0.19111942912678956,-0.04360492187815097,0.04352352031268343,0.05575383938529576,0.015865057390684563,-0.05017081320131242,-0.04055156637285434,-0.04001035444962142,-0.03254295268150397,-0.11534408359747761,-0.006676875605901149,-0.04685351991263228,-0.041722587828860624,-0.04915209551392673,-0.029343288435329944,-0.02383031938069375,-0.022404844926384546,-0.2662621692002203,0.010628786441965457,-0.005676526147339193,0.02502309608532905,-0.06318866005201434,-0.08475975743878576,-0.0270707389111382
2009-08-01,0.0875884056944216,0.05127232208294236,0.10722385216502113,0.15904131733421417,0.10445592390844274,0.1097107073504362,0.0158415546273452,0.01102232517255262,0.045636742585867765,0.042632982229947027,0.02052386707279023,0.10855562274905417,0.14205062387375123,0.13357409187457772,0.1711647304670116,0.060442822864625316,0.05723982252407019,0.04747154427279846,0.1240708254189813,0.11085286995304854,0.18644778649959687,0.1811253147947886,0.21277086012773402,0.07134252651962426,0.14755353024915022,0.10181246448592571,0.10350300059826559,-0.032536343266400015,0.17501689598368667,0.020043672978829898,0.05254214293224242,0.04291045006522412,0.12666843917440268,0.14214704239670883,0.0319585197526292,0.1535635820945768,0.16740614094789558,-0.02755498929971492,0.06772555536857473,0.0767147615445096,0.06686755554599197,0.019168790165973646,0.006925474123560337,-0.05321313092381455,0.11502696878244971,0.1158838135643885,0.030448756957125248,0.05630113221254,0.04161835110398603,0.04027574659933614,0.16615524319545355,0.07537219746534946,0.07606886052474951,-0.0411447841474824,0.02772317903264141,0.02833632549451438,0.0726056175168788,0.03852385357595156,0.10057857614654969,0.11502849486413684,-0.06576001530245629,0.06221759829506758,-5.701998499346494e-05,0.07711405533462518,0.07530875088797313,0.18444421587227786,0.0007592527779570319,0.052467149011120956,0.08615151371492018,0.07911700567264741,0.029842559903562323,0.09730531323559918,0.11173645460122411,0.059921559074666064,0.026780619080316318,0.029523833575781293,0.05090400929826454,0.08151318847920844,0.07528704040142722,0.02142255520324359
2009-09-01,0.04171124260385608,0.022550276130472773,0.010799454552402214,-0.019914157572127198,0.05773930345480552,0.06311041507054849,0.004771760491096124,-0.008201513967895738,0.0047083952067170755,0.00807435238283547,-0.005467697775706118,0.050734554518026734,-0.026527632585021617,-0.030780991615737545,0.20656062864876562,-0.013560241196789483,-0.019480795587325933,0.05208834646145587,0.008001383779743639,0.02905897612459868,0.04919854836844143,0.05669460662267195,0.2170864871850272,-0.026418664161538707,0.013591661093017989,0.01646895252754341,0.012901825783116171,0.002349396116531531,0.09845175690045381,0.09631769532030841,-0.0039432057864035586,0.07276406713451297,0.01538216031124373,0.0020842110693676833,0.038167593107542384,-0.003879542083286818,-0.008131711607337373,0.12449780133639791,0.002203539066689293,-0.0007240836777856956,0.35576241044304163,0.021148167100562828,0.029275304567326948,0.13432696431113922,0.0026500696824019883,0.0031675727130372395,-0.027946203934634088,0.016646344153459454,-0.015829788056927533,-0.018468507010465825,-0.03119922222667903,-0.007264467850750323,-0.008031136009833042,-0.09623393709591353,-0.016008877551589105,-0.01743879275728671,0.020594929948597896,-0.011238191020669955,0.020810342549677185,0.021031442685522712,0.0093050735155298,0.00040015706186006367,0.005206318544553489,0.007018115589946183,-0.00400390023236281,0.1936528077231398,0.027519435512646184,-0.03169472865200279,0.015920707890953248,0.007280990341528658,0.5322251455184768,0.011217633426260504,0.018919157641854194,-0.039038717095987815,-0.0011462924256249413,-0.0008228439815760697,0.009847151570462963,-0.007032038805542423,-0.006601100781815657,0.026762173127006295
2009-10-01,0.12706904523554347,0.0016582993187293767,0.09825973475103429,-0.016167366071385733,0.02136251827101957,0.021937750766051263,-0.01743001461770728,0.046218057824574055,0.01700274853458906,0.01904825088975892,0.0033842006588055288,0.00902774363314802,0.08438034016738458,0.0936883793168089,0.2110754791614948,0.03414818602170274,0.03080639578905023,0.2194428421140552,0.05957373495461727,-0.06052531550232111,0.013029280656927327,0.008252100715810508,0.12927271620237096,0.057632171212343666,0.03693877854735811,0.026984541787304767,0.026148993344573906,0.11754509365558946,0.14749513707416048,0.07765504375917878,0.016602315690572602,-0.005431031491324908,0.020418810257811733,0.015309960464191884,-0.06464300839216626,0.0507659190236189,0.029644108971272475,0.18637744726840272,0.0562031249220632,0.05613764720411733,0.08722762962424171,0.03065872757702726,0.03654233806180609,0.08126150985980443,0.03587979913351492,0.033903103817215556,0.027615424430740818,0.05516256901069182,0.03989992507220392,0.03412747289248888,0.07273184945473421,-0.0023974399830255107,-0.005038333687454759,0.14078915495034644,0.09097622485880515,0.08992753956115525,0.20438824694574229,0.07618084015129324,0.0670608404177192,0.06358344797293951,0.03549737074807496,0.02731875953350969,0.026754780416261954,0.014979314260062524,0.003383231667920969,0.09409897855966551,0.037915361229826604,0.044314719692807314,0.06665061320430009,0.06668374062932975,0.08952499867786091,0.045656799661100186,0.04103944996017535,0.09092923992057507,0.00997261085360515,0.01502747000128563,-0.004226935584166254,0.023806677389489737,0.020634769427740875,0.00856953423334233
2009-11-01,-0.07055441501198419,0.014141415625059921,0.009987320978009463,0.025789196154319793,-0.023392212850153898,-0.024626052264528346,0.04525766919406757,0.030358265338407936,0.04377423048448755,0.05920331792410789,-0.11803268205151721,0.03924586414069246,0.007953477300369154,0.007218321467674492,1.7903454991377556,-0.025173505946960478,-0.02323208950867462,-0.004292175214960885,0.03247845856497117,-0.05390161980416011,-0.006837173610271809,0.013623072166465506,0.13446916693929786,0.029556394056134958,0.02499243898599331,-0.002101848083327206,0.0017286875221014237,-0.053974157829673595,-0.05722308066927517,-0.011672751558208252,0.07402640425641167,-0.005945380746211099,-0.026404050100758147,-0.0191204154912854,-0.0032223772397167666,0.033330805274037686,0.046125049860379616,-0.00045198868082220716,-0.012673389904287267,0.0025423954686570405,0.05740320770574116,-0.006672324049313498,-0.002458130860146313,-0.18034499938341553,0.06416735176642668,0.06650695733378624,-0.05163075562102847,-0.03707136585907715,0.05040781765259732,0.05221739223319815,0.09016813298680583,-0.009548031300360582,-0.007422533576799271,-0.06330682434818555,-0.016819182050162584,-0.01854379141152723,0.020916398101862396,-0.005450305716546626,0.04096757437328253,0.04809976307656709,-0.049941909736940106,0.030623622980107162,-0.013514579250580017,0.023124353167649978,0.026884383930389732,0.018663282139786342,-0.009312734580837588,-0.036314629439916875,-0.012964663352078293,-0.014563388548487136,-0.011020599610817864,-0.032309566102351646,-0.030698236581331046,-0.042165925471479425,-0.00961035306585076,-0.006960479053939789,0.019678688650657625,0.005564652008266844,0.020504438015292052,0.03593400775068227
2009-12-01,0.10474832483192871,0.0709565623563779,0.05269197556694411,0.054369661121918746,0.0562828950968946,0.058622348449074255,-0.02827427864573547,0.04638463559988072,0.06926805219954006,0.07382649450540332,-0.07456375159322723,0.21497211470485036,0.13113765082353046,0.13380065283827122,0.03127158044059469,0.07994476538315695,0.07808738025677729,0.09947938873607408,0.043215234184497305,0.0002870549290638434,0.08269863601498968,0.08462347725933732,0.40640670473513624,0.08345039358870898,0.0061472488112207435,0.06399176748140947,0.06049664490219023,0.012867443783165886,0.11914975074897725,0.00895287426858404,0.03145385242881589,-0.04537193294128884,0.03795643582388749,0.04059535965223224,-0.04012321257584964,0.08790734499880996,0.09503211699340708,-0.19945153853355188,0.06969141958818587,0.08094009138502076,-0.18096175468478937,0.09081163996304982,0.10817409466809079,-0.016444123346215752,0.1499031955400567,0.15160217644221516,0.12779399565721125,0.054393526904727006,0.045687618091240334,0.04682977110609296,0.026063212186440116,0.10526781938060562,0.10376256442617407,0.003252866202504474,0.28175093885027747,0.2795083260429595,-0.01341951522870539,0.0035580541422026452,0.027201197912660048,0.020678324606591074,0.12602325771047454,0.05359662316894397,0.07993953721954854,0.07621999568705853,0.090056908139415,0.006519224934354754,0.07406394427710497,0.1385575119087846,0.041102521743290495,0.03405322908660398,0.053859689397946345,0.11881864121189151,0.1356685065055181,0.0700412144694882,0.06806058243049926,0.0721154434625013,0.020792613582346107,0.05820981472209399,0.07334548486643361,0.0843172101698343
2010-01-01,-0.019881432389566082,0.017302873600522975,0.029576017872124452,0.026993766460357015,-0.033026700657014976,-0.03566802078267851,0.01873936045909128,-0.03061649322491968,0.0383968349930232,0.03312185864259335,0.04405650609579579,-0.010082808755767347,0.00798538220368012,-0.008809296747610313,0.12639160461989188,0.03862791537822412,0.03786942091887037,0.0670989969113304,0.03351324387776281,0.04789742051632659,0.032779787672200064,0.025418456387057798,0.0903100841974538,-0.02942657782229712,0.06277520308996386,0.06450504779191814,0.061266238169327206,0.08498013444400858,-0.06405099376735607,0.04753582108418201,0.008185726820219211,0.02617027889103605,0.022902646118882087,0.02117658478959603,0.09392931638845277,0.005364125911010469,-0.0009643300464673197,-0.11269512534147944,0.03898181661566253,0.03331693436452909,-0.002099686235796835,0.022595197513724876,0.014191138410118124,-0.004771168018266705,-0.021793058145921744,-0.024285764426735107,0.018291891347552547,0.05454608521500093,-0.039538042365058125,-0.04526756577711151,0.12435787366557381,-0.0061678801156682455,-0.005749902288979687,-0.04111555634435247,-0.12926927699430144,-0.13684901303257396,0.26511214284126083,0.1397400836579364,0.019474902510537635,0.015459030444205582,-0.09965682007998414,0.027954576652661475,0.07894067611993304,-0.00962685286725759,-0.015135785120751848,-0.00721604701298662,-0.0017404037466398738,0.08051335557651476,0.017865248470788218,0.00809660885080386,0.10292701406262182,0.024757698774830663,0.020381785622328397,-0.09249793168044139,0.033239678213620574,0.025079370414472155,0.06765530451081184,0.032626582629998166,0.02745757336644545,0.036237550867359254
2010-02-01,0.05263133292258697,-0.04330436813794188,-0.031248720199328277,-0.03365706010876726,0.002027645184092461,0.002234388544586873,0.03770091058152326,-0.007822652236969879,-0.0582762009281938,-0.060358020424919924,-0.05829442819766867,-0.06662633147680318,-0.01862567068949287,-0.013502665711081361,-0.06399236196428666,-0.07414298449708956,-0.08534121443392519,-0.06627930206306921,-0.05876497027016427,0.0011701582410792723,-0.024663530217886375,-0.007133871628192214,-0.02820734011575673,0.007945844901896872,-0.014239633821522758,-0.07754570743501293,-0.08096465883345523,-0.06893400826716668,0.11416781082784958,-0.04031788907129437,-0.008672540330149437,-0.00323801598102895,0.01609512860548385,0.01618764311817843,-0.0005303817279444165,-0.04377370811687209,-0.04864855318924466,-0.0009432039753099093,-0.03538959193262012,-0.04167643931262747,0.09402028465903409,-0.011425932548849771,-0.009612211264463528,-0.041213642029343404,-0.05791569954030881,-0.059532138371321514,0.03238626637539558,-0.03822623496321283,-0.024893463560606198,-0.028237628862503625,0.07463560407408239,0.015029091377125442,0.015229871590653093,0.06367648047223111,-0.05907355996222692,-0.06022219137054481,0.0015330181392480867,0.02476180315199952,-0.03555283330410267,-0.037614702046697326,0.07148946439526692,-0.010428111729335192,0.013458125764265213,-0.018789556334135052,-0.012771732407113875,-0.009794613084089705,-0.05788957186583305,-0.05940911897035714,-0.05629181086362175,-0.06783488059796203,0.04246655749722221,-0.02628651833064359,-0.023794139751293412,-0.060571279224360154,-0.0418988521352074,-0.04228387633415942,-0.015201038533164471,-0.0016475729826834341,0.004456148384156602,0.03185419083513124
2010-03-01,0.009710309541629093,0.005946258864024018,0.0638751132134061,-0.04492556067728323,0.0262052377968243,0.026132629238182877,0.03660555260863916,0.0365516846577356,0.029793791546955568,0.02559703504538996,0.09878779881336777,0.021987239786797202,0.0014971242390277573,-0.011883385577624823,0.0419938507135973,0.01834914986829098,0.01510750178756142,0.011390200062344685,0.07426771561610371,0.01407872837130647,0.0351808704381485,0.021101176606995183,0.17957731909289004,0.03589714575599175,0.06932333989936211,0.04450712911000862,0.039611885878402614,0.0018690542764348973,0.009362001083684764,0.0467916586850359,0.04126246825884006,0.0353591025703353,0.02872681951681779,0.025249989827924462,0.013343884301143276,0.0789986480858926,0.08454353734596,-0.058067886275505666,0.07311207452545404,0.07453744622959706,0.1610531539321607,0.02304714910985812,0.02711495736174266,-0.00996178969555555,0.06560713762881093,0.06638088096272789,0.018744221801963726,-0.012440598907284672,-0.0033599045874234375,-0.007826130338832149,-0.041156971616749756,-0.013490346997075455,-0.016382503297023322,-0.0037906673620953695,0.06039735312423152,0.06316625682237799,-0.01303702605400567,0.020469081329222476,0.0261299327465372,0.029335899257112816,0.18857102217820482,0.11390492051919142,0.014794091806568899,0.04412175271993387,0.03789309787783017,0.15060943834567972,0.07632435058419859,0.003693004396429787,0.032105557837179985,0.03281184825506156,0.021212809283378566,0.06052098723420079,0.06647230112341157,-0.02199355580519407,-0.012096402963600227,-0.01666011503442546,0.012275941196917784,0.04375157836848217,0.04145311674369316,-0.004661441917051366
2010-04-01,0.11227232171838719,0.018974280901967934,0.09911719379985402,0.09461431204344166,0.1095336811999584,0.11263573628897454,0.0033953239519580914,0.05781044304819527,0.027128997304142928,0.02860144219288606,-0.11505049173282046,0.050171953438189545,0.04354376478357349,0.04667906220584785,0.060476724195920345,0.06817636003940894,0.07262385571545812,0.10898703440504458,0.0369674461597285,0.04014282000979435,0.08555103707680736,0.08690169670115125,0.18133283984693901,0.016712576477483688,0.07963095923920457,0.08928414338007426,0.09523476322640452,0.22273310354384832,0.16160528075443856,0.05544438082064436,0.023399417482375725,0.05615669675766764,0.07407471315752084,0.0699973024126981,0.030956270027247573,0.05802205411100062,0.05934937350050189,0.17836580750063283,0.06627593796138889,0.07107059493722713,-0.039870025123446395,0.010330700424531583,0.007582807434041659,-0.09436402861500442,0.08498052274147445,0.084707969776495,-0.03577016522533575,0.0630939548138773,0.03890842487065073,0.04074289099834047,0.019990905090194005,0.022312366744848128,0.019820464933486753,0.11287672069229288,0.016037269713010237,0.015760088148023068,-0.04582239747450764,0.0012025357571592275,0.10034109103007668,0.10155597780272399,0.018746881883345393,0.04429890640250794,0.07269567843967886,0.050493737768854435,0.035661214313615096,0.16060562012872995,0.030579358999131195,0.11775601466967547,0.07823756303464051,0.07418538111212916,0.03270214818814506,0.08199509782672984,0.08926718281060164,0.10215206347415742,0.037345814824754575,0.043596995420095264,-0.0002840532593409821,0.043609577739614935,0.04765676310613324,0.16054094033534705
2010-05-01,0.009771393609664305,0.029738748795016062,0.02824836835247647,-0.0025868635550770416,0.016326389341586638,0.014783909140865253,0.028617359548441156,-0.026254891265420414,0.009053659273418144,0.009557442478217906,0.020284579666265044,0.01819869536556058,-0.008688295384178634,-0.012416281309137018,0.05476386211249326,0.0010409469963587094,-0.0021358567542813147,0.07552469784287452,0.020160417983568622,0.10314398008978976,0.08569083914971329,0.08150594197169186,0.20867361278144073,0.005063882397321534,0.024576034108764817,0.04221047295902402,0.042570920944000175,0.07518476431953863,0.1645016577678208,0.052649310169513706,-0.02618476396969405,0.009262580502584846,-0.030353085688958413,-0.03947667826059138,-0.014782630263062181,0.05592769813594893,0.05022332156418179,-0.1476343437932597,0.05142313634171512,0.050288761947332276,-0.011395189178948236,-0.04047697640878481,-0.022930720419868912,-0.030030225873571233,-0.07461209554926568,-0.0767499067336301,-0.03571797942720637,0.06274564036117372,0.028897877979425775,0.030284219878299712,0.058755725634653755,-0.0374433121161449,-0.04015489467267688,0.03377633763216712,0.10403663659569204,0.10568257502175642,0.07887629469142336,0.021048551661703496,0.009895157067174577,0.0007079994841699171,0.7044623001910749,0.014837049997597822,0.05828291684426159,0.01234799957591584,0.008292716792634169,0.004635226128452105,0.03713696271684261,-0.044682491889610175,-0.0012102110815573992,-0.02167518870159817,0.096824610673611,0.027782144814323048,0.025965423073369017,0.026220346878986757,-0.005467739668066313,-0.012612220044461967,-0.008538792330113572,0.025948918292406347,0.017969240445210317,-0.0859883793035022
2010-06-01,-0.13914096253076944,-0.08803486822160685,-0.07934765021450775,-0.08388947829819561,-0.11822225000560907,-0.11993034527115161,-0.04170845252229428,-0.05765934670861612,-0.10532081950263769,-0.10525961977167891,-0.02312660364720642,-0.07428571278174854,-0.12673869804137178,-0.12260699224338004,-0.061086353170450025,-0.0687480243492762,-0.06606838923113326,-0.09556635820216176,-0.1324824781246464,-0.14588081875029993,-0.13117092566026214,-0.13751707016221087,-0.04755359368360852,-0.040163867161739725,-0.1075006196166254,-0.06376218974160629,-0.059535316262647825,-0.10526351489033885,-0.10047293420893182,-0.1169292953244529,-0.048365253333223855,-0.06425866242674447,-0.08207527832156944,-0.08444558689011433,-0.12511616836478945,-0.1264551619089902,-0.10436491531007076,-0.12648241061608942,-0.10292368936273316,-0.09884069541860482,-0.227294948427057,-0.10941065727720216,-0.10812186591123245,-0.08981230218778095,-0.13257226592920557,-0.13090282596753228,-0.1355941731469488,-0.10510341009895394,-0.15696315492890245,-0.1589580129152879,-0.16710930847924121,-0.09243445074669292,-0.0917690755880008,0.2152916531242156,-0.03610157864012849,-0.03301663176873129,-0.10233715243936123,-0.0870708433315659,-0.12111877984653831,-0.1340872520730916,-0.17431310212909942,-0.05807874493007551,-0.06010005184967982,-0.06278562950689918,-0.057643598698187776,-0.12399004713592837,-0.07486862944558569,-0.12660796479728725,-0.09510459636216635,-0.09214543979126484,-0.12478974516164106,-0.09163675318129388,-0.0934895721844086,-0.18740156318475992,-0.09154422113539158,-0.10428595015809182,-0.041422930708274235,-0.05838397996240377,-0.033483677179968155,-0.044675410716853485
2010-07-01,-0.08037123632327839,-0.008326690296393161,-0.056010511856376184,-0.02911905011173446,-0.06355319275373772,-0.06552107184276636,0.02291603968659821,-0.009189616311107502,-0.05540328889053112,-0.05194005483830179,-0.12072132211765332,-0.005933885487412978,-0.05430235239585574,-0.0412148164679825,-0.07863666994562739,-0.009346429015974765,-0.007945341705104594,-0.08232689481269748,-0.0627660947116043,-0.10494518070049574,-0.10863286253225793,-0.10795089594588529,-0.01622614018240568,-0.034596987211930885,-0.0645280090097916,-0.06496965052824957,-0.064013951020925,-0.001078567663589997,-0.06791645163477765,-0.01699050332945957,-0.023721860512327053,-0.10133216950013867,-0.04007496524188437,-0.04029562751193594,-0.041026326308859794,-0.04283825920246706,-0.03775428304338298,0.05198118235295234,-0.1393566788990912,-0.1629037819149677,-0.16050240250072415,-0.0262212586571917,-0.02745643153741696,-0.022076269219484537,-0.0789734506063321,-0.07829031175328748,-0.06880896305524996,-0.08464045884662227,-0.01539532692598182,-0.023373916620211196,0.07837921260810705,-0.0009698722849281508,-0.0007310133406039275,-0.13467875983757607,0.01005034271128197,0.007707658789576211,-0.08293989338243148,-0.03446240305575867,-0.07321047636215747,-0.08158193488433053,-0.0386177554150107,0.0014159063758731783,-0.032046906412867844,-0.0973952413514818,-0.09964369329394651,-0.10923216045843788,-0.04249556267003272,-0.07085544623019167,-0.05078862739338771,-0.05144863531540061,-0.023211692180875543,-0.053869541936437004,-0.05564364820878746,-0.20305716101754798,-0.0030712285197867623,-0.008629548248351179,-0.03524373594570206,-0.026311170060700464,-0.02130389508801983,-0.013662031310027587
2010-08-01,0.11652538504568535,0.08037441204484166,0.05834758285661249,0.07212897425242688,0.08411214762058185,0.08572125035387342,0.023062283924825386,0.06011253522438248,0.08246884370179244,0.08327783814413918,0.0649795567846048,0.06795952846232285,0.1269413596047105,0.1134592057355997,0.013494173613761443,0.06477629479926511,0.06103242640715542,0.06185622069080819,0.0817882659772102,0.07756146117760737,-0.012933956676854534,-0.05080929268116922,-0.03842378293918654,0.03410214944582296,0.08356438575366223,0.06527210105312306,0.06181998115238524,0.012326845905260383,0.12176072768065099,0.06658825146694544,0.030891712246615213,0.01101612589035484,0.07131534084151173,0.06994550348536922,0.18696917480138447,0.13056657525704157,0.11966085020891261,0.09090722438075567,0.05280921440097094,0.05537992844409197,0.13145815190367682,0.030570093420060448,0.025213316530485672,0.15650115297507725,0.16097842100507506,0.1656132281845139,-0.010526524272887153,0.09956076737501007,0.07039947246010875,0.07280997722187789,0.18066907560054926,0.02330990870844211,0.021242362718473073,0.06630211895459057,-0.03306282120689122,-0.03409348040616421,-0.03606755502155066,0.004784517492685252,0.12973749149620542,0.16324481309116898,0.016345128568594512,0.014413941290075036,0.05080101727450022,0.045551733504042735,0.048496763809570305,0.04997278377609082,0.09573382618603456,0.09715941010287502,0.11476512039991472,0.12419109807486148,0.09638257805453022,0.10412268480730964,0.10939203083382791,0.28095238577996057,0.07525592563016985,0.07547493736938189,0.04538999164140119,0.03226956444671629,0.021459128538844522,0.029374087357879285
2010-09-01,-0.06553262297784772,-0.00701459260058974,-0.031078849880416183,-0.023748257759864607,-0.06389001203853156,-0.06413433435141684,-0.009851056717836858,-0.001972533507364868,-0.038340885541859104,-0.03190499746759909,-0.0823611814038124,-0.024798824108290488,0.09064022941434365,0.09365355798940052,-0.05276371460744168,0.015273873202355097,0.019261632133205794,-0.041880989561678184,-0.11002516997893756,-0.04472539296304322,-0.015348075087680973,-0.013230840196095522,-0.0061803238095250205,-0.027458985315187773,-0.04994691192659279,-0.04394740892830148,-0.04095763090809072,-0.0709789657773498,0.03887018708790209,-0.00691777142854741,0.05082448560058484,-0.05352541237652838,-0.026071995573284015,-0.02394905457563671,0.029026415341097036,-0.03369103927564946,-0.032801016952763135,-0.11687881643969543,-0.020015465647365966,-0.019042967995349946,-0.018131749508864835,-0.046172840090129855,-0.050682008708489386,-0.011275630006066783,0.041721763820105916,0.0414169717296888,0.009981377259943457,-0.14973331321968725,-0.010487056091499993,-0.00842389731929052,-0.04079107686979575,0.01890814966811433,0.018154767625408186,-0.07417967749523721,0.10842375634299546,0.11002555928217338,0.04626348390380078,-0.08983870793888724,0.012831901139629946,0.013075183379445278,0.07560611302295506,-0.004633315162749537,0.03449941037869522,0.0205899551806012,0.030584527313271877,0.015046176334397726,-0.04259672415506033,-0.03755517284674818,-0.010657409907702847,-0.01731840930796836,-0.04224905914109288,-0.001851753415226896,0.005427867797532338,-0.132630529296606,0.030569393324733584,0.03235967748785437,-0.06173540492299779,-0.0365259682727606,-0.04588897267948544,0.0271547008340858
2010-10-01,0.08023144714208899,0.04743360114087503,0.13391440239006921,0.11432419367536761,0.03226382315959053,0.03299324513226413,0.013097790351785786,0.03380273939247329,0.09104695780747185,0.08725380358486287,0.017088258605185862,0.027889139797392312,0.05810573183333982,0.05272679677634802,-0.0014510046954007599,0.05442936710479998,0.05238793987480776,0.133810973242844,0.07988294265240395,0.05763690376385939,0.050405071515861107,0.05457465656994173,0.03497678556807844,0.02552608978974565,0.08507386908157702,0.11432612347374803,0.1147257511820709,-0.011251112050748299,0.13239857423656368,0.1019263145908117,0.01957493616348872,0.11596257279001836,0.043718964221295745,0.047693247451147724,0.011039972564076378,0.1072454536561444,0.09986097645632364,0.13082465074668928,0.10212700392878206,0.10621232252533867,0.011448853306057702,0.07690838419396927,0.07005845562835233,-0.027658110128697698,0.13795078581541798,0.13799486648793677,0.21305736508546197,0.10015178788938872,0.0634428626107382,0.06099994380048133,0.05935864344372908,0.06471766415243248,0.06205853263479191,0.5939730759814429,0.07773930645675325,0.07091886421968459,0.4612439229489988,0.08727255163207126,0.06523383042635159,0.07339354766137232,-0.06384868601694993,0.09028037791939023,0.04371083487690092,0.07285148591864049,0.06314057764726641,0.15825654796224858,0.07879814567338078,0.08343691898771896,0.0388966850200358,0.03530356873991733,0.06450936025624414,0.07812912941782489,0.06428204851756439,3.4449671446105277,0.019529019853081385,0.02416718199305463,0.020555358644184018,0.06292855685150438,0.05528583751623059,0.03150764971390747
2010-11-01,0.012488004723049291,-0.005278295842126312,0.03125770984975782,0.04896676980061948,-0.012403912856236087,-0.012942281047183467,0.01617727344713672,-0.01492824426535378,0.0764153595524357,0.07943307475128944,0.06807087343932355,0.0026020614616133783,0.06920286014233087,0.05491199167548261,0.1270771877303961,0.026257104821435177,0.021785346293586964,0.05038161022155448,0.05923011025070791,-0.018316368755335495,0.057925145359924525,0.055261656439075116,0.11932056767459025,0.03996898617451931,0.0729622058558255,0.05693487966234939,0.059039505934835895,0.025352197576768102,0.1965336699050677,0.04096176394035335,0.020456785135126415,-0.01347991486237264,0.02739952393887268,0.026434275644922005,0.026738375255041313,0.052410883994738804,0.04216577902855992,0.07068652543294231,0.053658559064991326,0.056503401299810144,-0.005243498919320407,-0.007614876130371902,-0.016317088324598873,0.027591019139270187,0.1002827231382078,0.10010631156356381,0.06909328306717763,-0.019079693132072514,0.031723009427235965,0.02832205663070538,0.049124666608941936,0.024025587219587537,0.02257323028827537,0.018444069811191344,0.021194467578384734,0.019039176428439903,0.11595236266939417,0.055214961795190795,0.020695854588333024,0.017471329507378553,-0.0005879190029857082,0.020556183202433038,0.05675002019147532,0.02141311822195306,0.01780480557907472,-0.004745850912634405,0.01803743899923274,0.016956587265020234,0.04377636609508358,0.04131302043759096,0.0671854025669106,0.06300175579453,0.0700342391610834,0.03553009796780086,0.012572505002912102,0.018549709172575795,0.01783319293014897,0.04321193507975592,0.04779593928132161,-0.059107214531662525
2010-12-01,0.013448373493101838,-0.05708397590064442,0.10003319065446677,0.12326380872321606,0.019843455267004564,0.019483610647583735,0.02246087671711675,0.010226439179481432,-0.011179825679168842,-0.018158110693414435,0.050774052561412805,0.02000145921712113,0.017573057371422323,0.01660267422416904,0.06360219848965526,0.005133416264319646,0.0016103506788783801,-0.037509930182167,-0.056721834706189994,0.05490912822758266,0.049222692895104676,0.05780682567770462,0.009378696917920032,-0.010378400877316037,0.08811492647472481,0.04636765631552283,0.04107860151935456,0.04587516002515783,0.0782140415514963,0.07952561581658874,-0.005625115741689151,0.04301991513817197,0.009224529311612543,0.012680362647945528,0.08745999859418062,0.07055187015550059,0.0656814851772398,0.113826903009198,0.032138326188747936,0.026017275690073026,-0.09536389566563525,-0.01494319742057665,-0.01611259804960355,-0.2570595281577425,0.058074637183777415,0.056446010162298506,0.16368307637026347,0.03402867849812431,0.07175710218537149,0.07126649711888257,0.024496230117444274,-0.03967735355881048,-0.041942327193099475,0.007515765626573724,0.08383451361697714,0.07712549075702438,0.05859159000246583,0.02758920591857688,0.020021097477742174,0.010526072163977024,0.015639070296593678,0.06354241907963318,0.04306491250378618,0.04838178297688131,0.036272982379411706,0.08031646803609067,0.04627425309467751,0.03563785533093294,-0.006328116954635943,-0.006064974520922864,-0.003456227269312176,0.029014846328066706,0.027980258977745007,-0.023807889321246375,-0.016517093098263436,-0.03205396863727877,-0.02735316598183625,0.02045239238216328,0.008902484012576973,-0.00016961368671798704
2011-01-01,0.0653501194989065,0.07291994563294363,-0.009405743822143238,0.01743571331282492,0.08043676767938403,0.08232774577098931,0.034062096691361794,-0.002160746561429058,0.047108347890726994,0.049226360837361226,0.04530181220492705,0.039646801297513995,0.04277472638019281,0.03813001188640035,0.03303763792230141,0.04807183053955377,0.04615579546090929,0.08468711339268982,0.017215226824659806,0.09849080764695947,0.06617303659134297,0.058535264484743485,-0.08020168203872494,0.043014817336081874,0.012230170821969527,0.024900808531490244,0.02116138128223282,-0.04710227032554018,-0.0466962918347319,0.061863420742042846,0.04719447403999409,0.08192322730663297,0.06007690362179267,0.07000583032255657,0.014214230449975565,0.0785427427148517,0.07587619421898287,0.13171861979009875,0.036651594979944926,0.03341918089512308,-0.052958406603672084,0.053075205950200745,0.0570638982983608,0.0638785563179385,0.1146097677869352,0.1147805691458028,0.16199168139534148,0.06418376750378207,0.05963641587666729,0.061425743061004005,0.06215838993110967,0.02372921749107109,0.021289368275397378,0.44838526161973197,0.02571669352099266,0.021594103470183805,0.0016602406399493519,0.04304652960357509,0.011044869036193325,0.00777032273957905,-0.0003754860273521392,-0.0011877910818980228,-0.02083571006530859,0.003032195878657366,0.00876022701202088,-0.00880903970394877,0.05066276312819257,0.09084311907295074,0.050109335247077474,0.06062801436504131,0.06885539213707809,0.01145770560465792,0.00847941264341011,0.004117383786358897,0.01824053818240641,0.02224067044672868,0.0029598123645413186,0.05478328159470983,0.054716437019302594,0.016170813956769524
2011-02-01,0.110287882006234,0.03403717789826287,-0.019374650888389362,0.03570923074251743,0.050525944334598866,0.05185504563890288,0.030647935168333827,-0.01217971723041227,0.04907375561173868,0.050634034899625764,-0.025700738766351434,0.030796417988903937,0.055629146838051924,0.0529496695517688,-0.021945719010470523,0.002517390873386113,0.004571716059533281,0.019715078230515486,0.04760779674675613,0.07374239864899297,0.07126886557285081,0.09628591753065534,0.02296183756535663,-0.012814190385464953,0.040934173276947504,0.16450474909033042,0.17585867927900478,-0.029386388420046983,0.080202789085684,0.09488258485919802,-0.030606419373035442,0.014965702727730987,0.026620785864592066,0.022901214527942457,-0.004586975747456192,0.05884243967026942,0.053145270283884674,-0.0407911916368058,0.04523304182465272,0.039489301464749084,0.07177100557739037,0.010802383301507313,0.014306961371157065,-0.08699559962594552,-0.025024435593565528,-0.02534489421959335,-0.010164578577156962,0.015663990824748394,0.08697378886252732,0.08931118372181675,0.1180715735760849,0.024324525623059617,0.021672793115582244,-0.002492655346731199,-0.09548062492311193,-0.09558901905226821,-0.11458004175918655,0.03055457012106455,0.030519607031099807,0.0357108234165862,-0.04425129778235094,-0.055814600493623294,-0.016304402901039804,0.00044907448473389494,0.011371896203877262,0.01578212553198815,0.044981108556585374,0.09617152054848767,0.04060127659970757,0.043406783410214825,0.023192634802546137,0.017869689724968194,0.021246180416042766,0.004809232701335582,0.03223151593334786,0.04021109704691134,0.03819009076140849,0.04759742570492824,0.042344121515610095,-0.0009728005430673461
2011-03-01,-0.014137367190950252,-0.02325268865916931,0.05328641396970204,-0.0017432644419896174,-0.009236334662327325,-0.009813153062507527,-0.016186852404717914,-0.017454255312348593,-0.021176049318937483,-0.02606617689977384,-0.04454170491521138,-0.012229105240003249,-0.0910924750311791,-0.13433661541479994,-0.04269641638940859,0.01627948399968207,0.022846554838710117,0.0028760606809710835,-0.06829663820042946,-0.03659855855638301,-0.01784762867704286,-0.015554326463499916,0.1760579624665645,0.0021528491761002226,-0.09349310468452039,0.009127506290462627,0.005576044270783297,0.06448431884161958,-0.04534336034790634,-0.003724802282555853,0.024962115401968882,-0.00017972285507377546,0.0019299089996699793,-0.004143140820977327,0.03777227612714167,-0.002425236459561268,-0.009760976558341487,0.04515777931486635,0.0030864113857441405,0.002562715733620669,-0.05183743894278213,0.02885864174424359,0.025350416320619927,-0.01985064918819336,-0.08360614763237148,-0.08733834555227722,0.020147410222953584,0.06130537542689199,0.041714207497846434,0.039496761019100365,0.05941624834852313,-0.008544120883189663,-0.009183857695569574,-0.037387512469999114,0.08318611303006314,0.08220625805331831,0.059715482319153114,-0.04003000737287925,0.03588255842523408,0.04052409929297602,-0.024516007722372415,0.028025260897402156,0.008069382475966884,-0.013244784020231439,-0.023950369037908,-0.019676136143339414,-0.03036886798231511,-0.000809106819816767,0.051402211822544494,-0.00119382772069822,12.96694532610063,-0.030959253951740283,-0.031523829924114934,-0.04059024749918139,-0.0050012405696592994,0.0025226830118196195,-0.04051995633456913,-0.0035813642022539532,-0.002850457495024068,-0.005361628583184425
2011-04-01,0.02555125391490708,0.03198363356170534,-0.01922396137730047,-0.03807472748216574,0.016787779734797947,0.016350408895162896,0.036047215118080005,0.05726057709488156,0.02078141654570254,0.023323637805524496,0.06276865193011273,-0.012802112904344545,0.03891946827059953,0.036663489620381164,-0.13118929470041324,0.044663485076590556,0.04980895910068664,-0.04728759220785216,-0.04035901766794968,0.03304492914791781,0.09440705826891438,0.08445312951974349,0.03850701060847266,0.01744103354298009,-0.006347289659348034,-0.02934856874871789,-0.03063246605661993,1.336624792795139,0.03276526755527332,0.09181451552202724,0.017958151724214895,0.05039748651067382,0.006711207137898747,-0.0012477367494939347,0.029431978492810373,0.07293089026107853,0.07803978025081423,0.05058622323713305,0.039267015712909734,0.03609237204375917,-0.006962148675663549,0.02254831973379977,0.02018115105105796,0.19631417074294444,0.01010074144952108,0.01318065952753465,-0.12402135248946769,0.09036543767537311,0.02295411092309994,0.02220124286661294,0.08299192833418134,0.03066554993247863,0.024981008490146284,0.03144777628375288,-0.0321707271100692,-0.03197855948247568,0.06247364747092799,0.023570365190022327,0.052546177381566604,0.05646136533768478,-0.005889780428703832,0.03649911995580704,0.03985743831599459,0.016802444279809498,0.015948289940278113,0.014710928713006567,0.034427915808895766,-0.0037709587155804144,0.0030395272720849013,-0.002281099795456441,0.04909071405146028,0.05134806746562546,0.0503368535056795,-0.019212180473149792,0.019675937792561334,0.0273645993245209,0.023500545925937092,0.035787043470837124,0.03228461574700256,0.02653080416592822
2011-05-01,0.017965619058257495,0.034537467592127405,0.07548176362069849,0.023469672787441238,-0.01112294525276805,-0.012205904956293716,0.010728101626842845,0.053740502390557214,0.015292415924498134,0.01853496378820883,-0.02082845296056246,0.003391955816831656,0.03333582789224596,0.03790613610673897,-0.14591540374736892,0.015380362369403728,0.012319602379087947,0.006277218045209234,0.019758493651790283,-0.01033514246018618,-0.030273021380080624,-0.023525980225793882,-0.05218138414649569,0.03675754435327304,-0.07186761592450147,0.04283091909594375,0.04572778243052023,0.019352700805698436,0.047537928085596474,-0.060878733304060954,0.060636040345201286,0.01244759320189805,0.01575274392972479,0.017664786960782664,0.1349831298585452,0.002292048575871841,0.009214660552625431,-0.004931231437878528,0.035851710155010166,0.04937618943188962,0.007737115143919004,0.042888372790886184,0.0399411265065018,0.017736512357964834,0.010756660958477672,0.012091399888390258,-0.04875158033444053,0.020561028257141643,0.009332012408235765,0.010003249775244888,0.04753380913666367,0.07366046023310782,0.07562803613907995,0.06184944841062197,0.019621325620140413,0.020419475182482445,-0.05201153574348942,-0.0650989739587004,-0.018305066130985516,-0.020129802006685075,0.10132495858991299,0.03250753419476997,0.011277322367820307,0.04567845061015335,0.04684349685092139,0.05150008661808479,0.008900560636866815,0.017215250666337823,0.018581801747981415,0.014371283981585058,0.01926553861520125,0.02381281350730217,0.025312903656383758,-0.006440933633411161,0.02755389116763998,0.02693592522559216,0.013961566172910781,0.0263229450515745,0.026476173423445166,-0.03459398573413408
2011-06-01,-0.052151595195965066,-0.021394023719439242,-0.013604032354916841,-0.053023869483399697,0.6009406878439533,0.6302261768605618,-0.03715444660873934,0.02693663627519794,-0.04471171189926197,-0.040771513761409264,-0.012163533302811978,-0.009865383520196044,-0.058410182722844706,-0.06117279466972598,-0.00998432471889604,-0.01772103297742255,-0.02259631383188096,-0.031722044311604906,-0.052099000485027996,-0.052219283806584575,-0.06117312125148578,-0.060665550666127326,0.0413967443556437,0.01780854100359441,-0.05765926001548619,-0.026830160209362155,-0.023659181072273282,-0.1379811861003916,-0.014233274805707807,-0.06839408112813795,0.011393180193768162,0.02170233480115007,-0.05161206556371754,-0.0514028337195411,-0.01994645239324581,-0.10112734263135166,-0.1032481787310723,-0.029887774254291614,-0.05756268710230976,-0.062365976265791837,0.10400017687998463,-0.006126511885841797,-0.008733358644782762,-0.11786529421577605,-0.08485437634909504,-0.08429483383113245,-0.07682575559356829,-0.03760657879898154,-0.07261407190141925,-0.07364414752520768,-0.07837844974050386,-0.00040969036535931766,0.00468129015889977,-0.04103692735221785,-0.0747406558208034,-0.07344315766410882,-0.12313454608532534,-0.08538561557309679,-0.03656057838578549,-0.04351568758432186,0.1520640891409364,-0.02291341650344606,0.026828447169679116,-0.017437803702195744,-0.01953604099794791,-0.005335451749864741,-0.03010376170571261,-0.05340960108100883,-0.04098780463840844,-0.045102136479061826,-0.05151761502989596,-0.034594428981777274,-0.03537554341261711,-0.05836196486244748,-0.02242255004656439,-0.04022651873302585,-0.013533077963442592,-0.04102831536187461,-0.0406052452713927,-0.015784207495366263
2011-07-01,0.022600288077841733,0.01496430503191376,0.08838023331042438,0.05852079217052663,0.023009796528077702,0.022777821937026366,0.026077692134608654,0.012573196728995562,0.020024244773684037,0.02587844860328985,0.0003184577823183974,0.014373045693108178,0.02363393725248553,0.021678126253652327,-0.026471160333098268,0.01136484102198194,0.020016292505885984,0.038268797303443215,0.012022093787628078,-0.007686697827754997,0.031734323303132965,0.04237982070709689,-0.06515739188025366,-0.013993140317354729,0.010981958801378682,-0.005461410424026918,-0.0026098612523698635,-0.1667046955383053,0.023856217758205216,0.09819520467775497,-0.01793993422323085,-0.0028377923641812013,0.026497530821470626,0.03624682921089337,-0.005484138905399796,0.05065151112816761,0.05205486597988031,0.01644483191845186,0.04294379180863412,0.04784925256589603,-0.014738847405916407,0.011636887382035319,0.011159114743785958,0.0197193726933739,0.017204806957428567,0.021475494819243466,-0.08357965307633686,0.04730536458064448,0.011870153463489954,0.010223334095124798,0.1036822164664204,0.010666449109003497,0.01107408373333709,-0.06285759199490826,-0.058952051078522916,-0.05547177647906572,-0.055566185198846825,-0.052935884414974696,0.010504650555599007,0.011933736447031294,0.10838065658616902,0.0326663589267882,0.06062325987227115,0.01546544799185716,0.014842606719029839,-0.0448916895470849,0.01418472761196227,0.010282047911366493,0.02143906616347828,0.027306638076089764,-0.03116555386610879,-0.003650328167615475,-0.012906693877985249,0.3569567436768224,0.015846922776264084,0.021319413326803944,-0.00311519103861604,0.02141262304368506,0.025736598801172864,0.03403128014568453
2011-08-01,-0.0651546272644442,-0.12387047129162435,-0.03326730342441284,-0.05283985063755363,-0.05079174231455349,-0.051684084753210874,0.0035120014309757376,-0.052345061060531065,-0.008239558966671568,-0.0014265085884106804,-0.05157810607241558,-0.05409479369512959,-0.018008869949918346,-0.024577869990186726,0.09592496854415912,-0.05467833481188701,-0.054506721375761395,-0.005740987948165823,-0.06146413361344045,-0.06083951840685558,-0.1059941097298591,-0.1250212208493142,-0.03600576686208017,-0.04619667598509876,-0.08117725495819121,0.019008076825167888,0.029536581796678184,-0.023993361268943848,0.043672337073317774,-0.06544002881362605,-0.00018520800042563047,-0.07293999498049658,-0.0820493986164518,-0.08161600812167773,-0.006003203895404688,-0.08577295115144656,-0.09470265492598505,-0.08751340754185688,-0.12821679440203315,-0.12719553271652592,-0.04688509537037921,-0.07114611733890412,-0.07408209964085166,-0.06235690031228173,-0.011955811166847942,-0.01175965774553581,0.00829645323996027,-0.06346071116497808,-0.00949659966774061,-0.012252933910389098,0.24092707593821716,-0.050933839812618086,-0.052604335885333704,-0.06943797184084266,0.06670735825751026,0.06806289120389027,-0.16771169780781692,-0.05784355772107287,-0.07302457365243141,-0.07959533083564917,-0.08688130169398077,-0.08069223048681612,-0.02302449443822679,-0.013457319633845648,-0.011863420131265293,-0.05176163941389583,-0.059149300131341634,-0.11365827294706976,-0.04421387608401844,-0.048510206834957784,-0.032254031624554355,-0.07506226571236845,-0.07752087757931907,-0.09192834239723452,-0.028326947542595682,-0.032042282439535955,-0.022280712038743718,-0.06995867664508387,-0.06561111811001583,0.11441076069332337
2011-09-01,-0.0955937707932133,-0.006260301288884141,-0.07112507812746424,-0.1686045189521612,-0.10718508611423637,-0.1084076022653514,-0.036660868502929676,-0.00621462532798209,-0.06704971080262943,-0.06707068509573882,-0.17083164592868924,-0.023560524610358527,-0.1054684975704464,-0.10409424616453704,-0.13713074064873168,-0.05158188263324999,-0.044313867729622695,-0.08572403259040501,-0.1243771220675524,-0.10119624350174444,-0.09805248466987168,-0.10253480203428252,-0.0406721560498291,0.008806745924815984,-0.12432782824276821,-0.06769824284133384,-0.06599552737541275,-0.004090849365033377,-0.06425034222522402,-0.11959956685256493,-0.02344745107237858,-0.05233538629212407,-0.0848435437709773,-0.09987607472197964,-0.07678139033767147,-0.11465155603060569,-0.10205211543537317,0.9277603398320567,-0.08050864419172282,-0.07663514646513354,-0.12260119059331365,-0.015587163474523213,-0.0070011298845349245,-0.12255467432801509,-0.10346583201845988,-0.10494300934154376,-0.07398438750665856,-0.1500478984879311,-0.09955535416866781,-0.09858194869547568,-0.0060430726422532315,-0.016174209099094006,-0.011241078809388802,-0.08360257652248468,0.07770027878819553,0.08295106374556578,-0.019665617837442587,-0.12997868157483775,-0.13962342766848312,-0.1489669839419711,-0.12970442007637648,-0.01778974579132698,-0.0007407615743751283,-0.03339449140154113,-0.02235810292671994,-0.03653534303931899,-0.09545195340197156,-0.1285401612015056,-0.08719958695802124,-0.09192428649143618,-0.10053529770863782,-0.06966187129553786,-0.06290275354488128,-0.06093293024846378,-0.0010555587856109785,-0.005486071768122144,-0.045068423560657066,-0.02866729544235473,-0.016665343282338298,-0.08670550506358961
2011-10-01,-0.0658566105061255,-0.03284692059778051,-0.04852282429063599,-0.10407614136976853,-0.10277888275833022,-0.10558628263906872,-0.05774174318282381,-0.047295275451887775,-0.03155528479868793,-0.02277683611567932,-0.06339240617141227,-0.038043672198583234,-0.15457153230475157,-0.1413321607661239,-0.04206746780770557,-0.029842020493648903,-0.019652554980735124,-0.0669454177203158,-0.06849242636651022,-0.12666059670543453,-0.12445882234515705,-0.13868117668055618,-0.19654327075461653,-0.028105542834342787,-0.13883425702804789,-0.011174485721549667,-0.005147229874795169,-0.0686026892060952,-0.22076370134909934,-0.07932066047834443,-0.07014717878077707,-0.07513898792618161,-0.08158530537324755,-0.08802478665201618,-0.04318767684574253,-0.14801087577184285,-0.13454786608424238,-0.11019379576204542,-0.0871100596862479,-0.07770240406559227,-0.10909280657380312,-0.036968920756978836,-0.03925226643536382,0.11715103325573535,-0.2671016029774965,-0.2697934712793785,-0.07798724341784867,-0.12061913220683582,-0.11911616370857507,-0.11146919205191452,-0.003577347281100597,-0.034601526547761725,-0.0326340147847761,-0.17805460801553122,-0.13478599564437876,-0.13009634371619225,-0.30396410331077744,-0.15929461809027615,-0.07244922403403457,-0.08178601776608162,0.012635990690645315,-0.06555221467264977,-0.039879071312182074,-0.008050634585506264,-0.0026906937075745693,-0.052296229994015606,-0.09426120928539335,-0.20467133433281987,-0.1049526222671313,-0.10826841847844054,-0.07037038855448836,-0.09008788635574766,-0.09469084406590261,-0.17122568114013867,-0.01760032975557587,-0.022297119603412303,-0.10819739629037363,-0.06196378946705758,-0.051322982816249876,-0.12690011210252902
2011-11-01,0.05931421587489503,0.0077694765129372005,0.13807078780286736,0.0747413513977824,0.06706217334408993,0.06725446079450022,0.06833361754762803,-0.029951785479266867,0.08060995039456428,0.07908315301426892,0.009879045020811526,0.033993371825224314,0.10247174795389793,0.10496393509975789,0.07748576743450748,0.034544709747383114,0.030868855945500456,0.012846216279505537,0.14144902598849277,0.15151514635977525,0.15448806798930712,0.1822935929319046,0.015598369406652986,0.020719605865031174,0.12757290996386816,0.06309786418323217,0.06043843389829182,-0.03519915196365036,0.1257055109003059,0.13205444919321097,0.03562890184019964,0.07171553460300772,0.08946942209959026,0.09588813030950866,0.07340978242768123,0.16909393135194883,0.1412585332777372,0.028975011154295148,0.08955347506344535,0.10731387702382472,0.07162204065609007,0.015527072829228716,0.0184767075542568,0.08101656105881912,0.18160484204115301,0.18573376518531312,-0.053546064558257285,0.1361170575097949,0.11984279288162923,0.114962376887649,0.010205723292133973,0.04113420504297814,0.041787904716555295,0.03338519953809305,0.05056074562119817,0.047344989436655154,-0.01514540516301275,0.09103614828742532,0.08671520490245299,0.10516896450283889,-0.08431105317080974,0.10331381569142231,0.06941634028169756,0.06209430303150739,0.04823059463774673,0.06527809858389047,0.04765836762714734,0.15585205990318757,0.07650032427203124,0.08108744901571366,0.06599656449501236,0.12486214113429371,0.1359851272645051,0.08296909614630314,0.02487327821680117,0.030297828683381663,-0.022293583982783846,0.09917166599833714,0.09297907734463587,0.061964533732147074
2011-12-01,0.02739328810050696,0.02573035496107321,-0.03774400080559787,-0.027842206495791777,-0.016567480053593975,-0.018407279614038444,0.024114074705871506,0.021356383873712734,0.013788702451983671,0.01582660008703579,-0.042890636747644525,0.01916597422319944,-0.009466346653043483,-0.017214275035169917,-0.10867515943812152,0.020164643294159134,0.018811354804540634,-0.007260325083154319,0.05195927780894299,0.06628590736336945,0.0385920684323147,0.04222111925221396,-0.1369509868906697,0.022041388957409456,0.003330543695616405,0.007735160147625648,0.009617823757163661,-0.0751291562857075,-0.03173436899732308,0.08697884143494256,0.010261266332373956,0.06950410623376008,-0.005676144393963728,-0.008771303622328544,0.13264317975956674,0.035642738786090575,0.025463727700206638,0.0037723838500986605,0.036243644221636784,0.041365808089341684,-0.018785740995197902,0.027969412731528417,0.034804900716883906,-0.0286033686026306,-0.01311209285729917,-0.011912503516935862,-0.12290441768662394,-0.01505827812546009,0.03527580002680266,0.03488692328278002,-0.04697632120761492,0.02314836577202046,0.02099592013039987,-0.005058250236296631,0.016472756366971507,0.019516684436024622,-0.08904739917325355,0.009481858679399291,0.009160114515382555,0.003612458399665631,0.15747819420896159,-0.01085400955836276,0.03888619637766106,0.019025234868830294,0.02420177611317963,0.023551458122402523,0.03666377152068889,-0.0022139756983845112,-0.0036756615567736604,-0.0006580370168760301,-0.03226039103917142,0.012527162019221655,0.021975060405409166,-0.09268852351253994,0.0175236546720757,0.021127252755665422,-0.02403154848472927,0.04088744979971248,0.03996127151258649,0.018393573658954183
2012-01-01,0.0565442984505444,0.019835020753900694,-0.023826747985469514,-0.02523490388656098,0.03305907405791759,0.0315723722283052,0.02671757864486556,0.022560477144301646,-0.02692511908402456,-0.026632960348592846,-0.03692729214920928,0.02721897860408475,-0.004483873512828072,0.0018283616726752106,-0.033140120133784166,0.042278456160688496,0.050690893257392705,0.09189361732670975,-0.04134601576703996,0.00579398944016733,0.022712624085147293,0.014575612071057432,0.15111459740554894,0.029851080762992567,-0.006844158757234653,0.009623485163337277,0.012522778618371068,0.0014914978939265591,-0.05316676272842515,-0.017238903477303703,0.01589445988620429,0.03377423570810307,0.01782322876283554,0.014863952355678344,0.04140667499892644,-0.03228209968897391,-0.03402328373960708,-0.030428855028239936,-0.043204633289416434,-0.055339813742311846,-0.12076430861967345,0.01640666689807229,0.027896922720258736,-0.15507356911465298,-0.050263004987092144,-0.04978262305804264,-0.015882726171068118,0.028828548652102368,0.000684528984302998,0.0025495188043966875,-0.0077279735594961655,0.04921032732268062,0.05300057778080051,-0.07623579919234093,-0.15493942344957767,-0.1564694253047674,-0.111666060002181,-0.000480400344356598,-0.0027047197335991983,-0.006882131452859666,0.10216125981883169,-0.0581131780765458,0.04199433784219895,-0.00854832382065766,-0.00895466590267531,-0.015343099298241026,0.0026959066140613826,-0.03632929485349761,0.017925319367072035,0.01184468782625858,-0.03292865692272689,0.06067228922659334,0.006041203631600554,16.443249961383735,0.022346884242897352,0.02421925746929129,0.027683578457681882,0.0118498747254146,0.011335795838694283,-0.011241231178567417
2012-02-01,0.06273125036081778,0.06757827018602347,0.11168407129436629,0.1955486488630676,0.09933563551000593,0.10163716148138277,0.0019574141001173447,0.011275551893840488,0.06467536445314963,0.06163130368052189,0.11328540012955247,0.023895723733876592,0.12357195094267467,0.11474822157575496,0.10977000502367755,0.002953275579764899,0.00024997068508123346,0.05280368523662084,0.12263441681282773,0.11904452677515014,0.09674091014875268,0.10880442888500969,0.07616085422034936,-0.028960758392074494,0.09430643049435657,0.12022560750231337,0.11496503857453078,0.08352472114963175,0.18353771633844881,0.10634878078187922,0.010681647625607131,0.05261310552328613,0.07221645195024945,0.08010922043889225,0.03342472391239181,0.1474373291592487,0.1556588284465898,0.050134100545741606,0.1658317450679522,0.1557591690530657,0.11561532026607414,0.0463607755183138,0.03147194761257521,0.16209432184565112,0.1914912886590166,0.1921405427039667,0.2116097479975036,0.13256195836287582,0.024967910019707988,0.02298351334176563,0.036852362722025266,0.022457275502605442,0.01914887573034547,0.17378817785722064,0.10510203484877176,0.10025832839359228,0.37362448162053197,0.050710065858581,0.1377794565201624,0.16031127399792014,-0.06893952505525806,0.11144303149620809,0.028542060698509654,0.03815166507704715,0.04278651484657691,0.04379512753929654,0.09772198238465936,0.1137629159533768,0.09395905651693506,0.1041791203891645,-0.0015584531137280912,0.06505703262743266,0.06483244706098162,0.12412463531983872,-0.029334039592923862,-0.03019330742305286,0.04770433199363506,0.07944979586248875,0.06052650454472052,0.16920546283469018
2012-03-01,0.027200907673401525,0.010478899938468459,0.08237913059698569,0.07353123644131956,0.051539522280484265,0.05444870596473897,0.02920783317393788,-0.029865983734162552,0.04931848696352038,0.05055761109885957,0.04165370436513994,0.03917268895312668,0.013637960290379619,0.016190797780171545,0.03142172061627233,0.043296362647094334,0.042658861579369524,0.0246203898642783,-0.009234770505615197,0.029922104822113077,0.025681495108144988,0.037616485742223045,0.08688330617359517,0.05020961957869013,0.0687142218520935,0.10513158922297564,0.1114890481154166,0.03698602517818561,0.06549485031710556,0.09532963117649114,0.0255310641480807,0.04166445323909004,0.03489852679579514,0.04002279791116237,-0.022868689211470995,0.04127597012409845,0.027177627973272618,-0.008667171399797174,0.0014437037530379531,-0.005171227505668045,0.06394408260041803,0.016379079107642892,0.013768909526593862,0.07029759637320848,-0.033288234301516284,-0.03462069403932731,0.07471205094241377,-0.006925626724675574,0.057928623578139556,0.05438654451561574,0.07952956878129443,9.146745815471585e-05,-0.004245023328217172,-0.031594832975368824,-0.004481865244593714,-0.00419914323286795,-0.0769837700492047,-0.03813282938631343,0.028546275420469183,0.034957353608777504,0.020822407971610703,0.04070659991679132,0.018325217688983837,0.01624772563496188,0.00025404927717988593,0.06515313091538315,-0.00919143614551285,-0.02019190834024753,0.018584333922430363,0.026737191674118956,-0.0036247770199843827,-0.0006315366975040605,-0.003020444340643704,0.04779874272898896,0.009235356153633429,0.00674705897550779,0.03474437512669487,0.01635106293808668,0.020828701734000657,0.024949075511264563
2012-04-01,0.02775608610394427,-0.004024374502142932,0.0033246508856836234,-0.0030454332621162586,0.0646883392792131,0.067055868608617,0.01549941181784365,0.025730505797696143,0.0222692534782073,0.022586599132876483,0.20827475805607648,-0.0170071533845688,-0.006270560112578061,-0.007333131752692204,-0.0491134319236144,0.011083544888712603,0.013766393355472563,0.07726219316839651,0.015943176761789846,0.01952830437835282,0.018459920346004847,0.016955842296358985,0.06431800719915415,0.020653672375975603,-0.03573006723725314,0.0691629055191392,0.07335684637678626,0.08884795115740518,0.015940137247931058,0.012004172128847492,0.020876509394410086,0.00042276753808326897,0.02950379702663536,0.03398204436641729,0.01464031635767976,-0.021797957653711703,-0.01785869589690221,-0.007050708252360177,0.03177995269170781,0.034548038715550025,0.051515454024207916,0.041741753816049436,0.04500976667260906,-0.028798809985074503,-0.06785829471330024,-0.06760193769017521,-0.025007568900397584,-0.0046523392245003976,-0.048803977120574535,-0.04356426495912891,-0.05446930176768338,0.027533565282147104,0.028429120507303635,0.06030080608789238,-0.12048038089519895,-0.12076407608945625,-0.06417951867951417,0.03014674172676264,0.034385756154356156,0.0339474243815567,0.03991836445960218,0.03252420575879137,0.038529278392767,0.046508773533428444,0.05323417951449517,-0.00556752094191431,0.017676104612305066,-0.013699359914322258,0.024153506731236177,0.025013211595145433,-0.01795578436828508,0.013731639680006066,0.020993229288024117,-0.017337362795517997,-0.001551844096923916,-0.004278662598551995,-0.02293317751887643,0.004109088721806047,0.00553438973717312,-0.14939346410612434
2012-05-01,-0.010348777089248449,-0.03535748037061198,0.0038901960435160756,-0.06389811114193913,-0.019346614617139348,-0.019777724948151904,0.010123668580960293,0.006141618905898507,-0.009252449431713201,-0.008326781433028325,-0.08679171431284562,0.0021799809769860352,0.00812046659524461,0.004530325962968906,-0.09887114751819474,0.02887878814471124,0.03647935050105918,0.04237687514500272,-0.013384304736162846,0.033018059372739654,-0.009640896744992616,-0.00466087336740563,-0.15439985322267716,-0.02874840474762264,-0.07082626036631065,-0.029345092364608923,-0.026980912674289235,0.046771127345418495,-0.02515170654645949,0.013136086027673322,0.00027019002300215624,-0.0036974511888689487,0.007408828184606266,0.011110828678616161,-0.013086373512973717,-0.013900513312176297,-0.017135218411040747,-0.04001135931137709,-0.028007891851235863,-0.03189082711079762,0.0039991699534421225,0.008520600795915656,0.017017096513452717,0.04857646826710021,0.0235363008101988,0.025747209722600122,-0.09517558477358573,-0.015858621122182708,-0.007675238349915967,-0.00783280543004235,-0.09634413922035659,0.008041120995425215,0.00989458443034573,-0.16510740893089565,-0.06367584444554186,-0.0596773308510789,-0.1334632949417257,-0.05671930126441667,0.024824637303308666,0.028253061298492844,-0.04119857434143706,0.0009663674869949874,0.010922231605584259,0.022589293439246975,0.022833502390289372,-0.02511761773818075,0.011846867479305273,-0.0359713491828655,-0.0046792255833108054,-0.01579352465952394,-0.03641973065912559,0.025843732226801332,0.034713408040409836,-0.06459265375781705,0.019767969645103245,0.015971287370134424,-0.017035077216001532,-0.012080444608335947,-0.015159274437277532,-0.02528800411820252
2012-06-01,-0.09013574864886612,-0.06763101635117393,-0.1054703410130783,-0.1234310662936262,-0.14078206725537623,-0.1453497290028048,-0.04835183355777222,-0.026616293991116056,-0.10646921821855997,-0.1056641818647813,0.7485878848303779,-0.06441482467759459,-0.14241815846938288,-0.11222380498742966,-0.0606593361760796,-0.01973068819554133,-0.004218713789713505,-0.1262192531107517,-0.20035874687772762,-0.11412074824466964,-0.09256045023886082,-0.10465065356855825,-0.20922619373498236,-0.05958837789114529,-0.14710962567450903,-0.08502232902407897,-0.0808923746911071,-0.0788492893870978,-0.19548348559890422,-0.12441563678569696,-0.06260549597207075,-0.06033568950271076,-0.12143163110491152,-0.13220583250708956,-0.05660514616901563,-0.13296967402028867,-0.12717701577205182,-0.09145211652234214,-0.10074616087795556,-0.09802301267973472,-0.037184340127160286,-0.0673365017653832,-0.060946655170494884,-0.1426759533977266,-0.18247371931407633,-0.1834947314174283,-0.10796892619536477,-0.12781590316064648,-0.138360147911122,-0.13546660561203613,-0.19424248392943608,-0.05207587699959044,-0.048171479965936334,-0.05456359325402204,-0.0428706071408762,-0.037038751355458546,-0.337190097774958,-0.0407172577917131,-0.10350077655253705,-0.10921578347577664,-0.11051528592076033,-0.08431310670881516,-0.09537845363976076,-0.04473594681974004,-0.028848807459227747,-0.09572490388168926,-0.10217003358114718,-0.17634593663637493,-0.10846562072788685,-0.1123551357854334,-0.18145031854564134,-0.07905670643652427,-0.07936905041354295,-0.0532312147520624,-0.03298745675224472,-0.04088848045320896,-0.06687412680192366,-0.07678941677599155,-0.06587451814198572,-0.06296081403010693
2012-07-01,0.10133211747729255,0.032473498504044226,-0.06425733453002483,0.013915760498389183,0.08856738194855855,0.08909836496671432,0.041207655703476447,0.05056684095542006,0.06319144906912855,0.06422547450063368,0.024422268251443186,0.07502885205068832,0.09118417916667457,0.09964731916177608,-0.009544342750919968,0.07255011615473704,0.07210502817666108,0.03571795100498232,0.04914380577230965,0.14056980879710917,0.0830273590776647,0.07472586152087612,0.047902112012220666,0.021567890103232328,0.02961928051547782,0.04367909376654197,0.041784376208322066,0.044213963751575186,0.04047218394271025,0.10164798818397389,0.0448196317140761,0.10253052651155471,0.06738085786981324,0.07493484256335035,0.06456279550838882,0.02745887979794695,0.022410579671604737,0.043923519665732116,0.034402256670432334,0.03755580807826832,-0.004520801526376975,0.07397244997399952,0.07578109947167158,0.10727555258588119,0.062368032616927395,0.0660934523074482,-0.10155983724449685,0.05340505488501898,0.0780749764662277,0.08424439949956933,-0.02104278017464996,0.07951639991811714,0.07973784776251333,0.10151425187036073,-0.05204995001631981,-0.05212846988161043,0.004303263065267059,0.11246712666481379,0.05785943793220982,0.0607205817317338,-0.10812779343791837,0.029899586323577837,0.017186510541537248,0.05849485139740468,0.07643045252996583,0.08970900993881886,0.022732866144786118,0.04962500540148433,0.07603792024284584,0.0784936360121705,0.028880968868078435,0.06792212289955064,0.0750243597306422,0.047150308573146074,0.033024874923010684,0.02742787288682735,0.03223871462138492,0.03880339693216642,0.03686541693781603,0.2323885578622485
2012-08-01,-0.010823593234613543,0.01886894937254621,-0.015280454889446522,-0.01872788203965565,-0.005441582542879363,-0.005357196137896031,0.02186459502289492,0.015248770081020862,0.0005934089966970031,0.0035245777793888587,0.06949581822387484,0.05102360889832173,-0.0029359353328867826,-0.001835017562549104,-0.087779184587777,0.03675005233345819,0.03586371071588097,-0.052683020680995084,-0.04787934863685031,-0.034658252882212005,-0.020880357886732565,-0.0035891796634183034,-0.10724860735142487,0.022646168240390594,-0.004969148969113843,0.022791268227148886,0.02553228436110695,-0.0867906675506454,-0.11167225354263724,-0.07710978153884405,0.0015178352337319632,-0.03984443153582646,-0.039923683984030275,-0.038826058261054314,-0.008173756927675364,-0.011599651423555107,-0.028800973534958748,0.02661771031148554,-0.006963986284964899,-0.004175582831058487,0.03870012850432384,-0.0021929619049265874,-0.01217325367982777,-0.0416347976792915,-0.004863405336325905,-0.004004569809314137,-0.06644336873951001,-0.07511332961895685,0.03969806599931,0.037710182388510184,0.07096828726043727,0.04544804333372781,0.04576544767789447,-0.04129519761641187,-0.06280011678209423,-0.0629577379249621,-0.02910576587497357,0.005805376027545505,-0.01213344903164511,-0.013956032572644427,-0.2841434755251647,0.05807216991070618,-0.04693343231315135,0.02299628898220172,0.022698062928254662,0.036085547677560954,-0.02461850665824315,-0.040237754888206266,-0.014242601842805038,-0.024718769258223923,-0.01561527106039762,-0.015255685178710333,-0.012270386231765398,-0.08468570310073588,0.10793702140628131,0.16798122800932935,0.04989522352606973,0.00701105789742891,0.01041861098993291,0.031842779490084135
2012-09-01,0.014720747721546665,-0.026429763023194944,0.09119732561324344,0.04509866062551793,0.04585195783642465,0.04612530660200465,0.012113152108546287,-0.010143105705387906,0.04059032590642358,0.03844697796553397,0.10609654146213553,0.002065616617246592,0.016031421685658586,0.00768632205254304,0.3590826594067635,-0.00707448561785684,-0.011985395373926955,0.05615601852698516,0.08106680730244008,0.09194575907764078,0.07125980728797347,0.06349247218218951,0.04788575173009209,0.03891717550310291,0.02116775923179764,0.06186667933910461,0.05966659532400765,-0.053001196571173755,0.09145234051327152,0.03566001918580501,0.028788690246955826,0.027239171374677715,0.061640701797657994,0.06965649078634098,0.04328908546055549,0.05113340132239167,0.05002292000538223,-0.0686980443846236,0.03666077404861446,0.03516612506977212,-0.0012034001715591908,0.01804898273271229,0.018343170442188732,0.052015502945346716,0.021401304147642963,0.02103160739627861,-0.011802309962369712,0.0709101765220494,0.014418951750768088,0.013092298133992512,0.1064189361155111,-0.0033861449215675365,-0.004950915822421462,0.14104549883903575,0.16705990143504054,0.16837801902113986,0.2080449784308698,0.06593802636512046,0.028163879125161217,0.020621684713404486,-0.0027903632451139315,0.02937091701047392,0.022986400775452834,0.04144107203043435,0.03441451118680388,-0.006732885707971453,-0.020547349276523245,0.007166236147914454,0.022301540457528593,0.026148571505716197,-0.023332668320763784,-0.0008309929451357858,-0.0021779631266168734,-0.004045489656925929,-0.02263274229905546,-0.017115572987697242,0.03606124558841382,0.0100399920191246,0.000180775907483469,0.00683365210385017
2012-10-01,0.05333334567009111,-0.051058722565479345,-0.02909158953344793,-0.00016620358183877916,0.04471067914709977,0.04583778665637403,0.01405498841687629,-0.021558009922922523,0.03701809558508672,0.037444841566069934,0.05616271744576475,0.03472191866233028,0.045956134219860445,0.058073148826815364,-0.03642335333912161,0.03896048420393673,0.04209273846670197,0.018999995831704832,-0.009676414011598338,0.0692192383123633,0.050140790279798786,0.043851857643144844,0.004114420115694743,0.02854817052327316,0.018995368355352277,-0.02113316450502515,-0.019333115658688813,0.016832020231829406,0.07191325646275942,0.12078191788970341,0.02576998190718519,0.07097835403061815,0.022750120228477454,0.02342063447206915,0.06874484927019106,0.010232684359398642,0.005209025952137358,-0.057533135580509154,0.015307782209437805,0.006076775781497255,-0.06196914376065271,0.05128326045491932,0.053286541877602886,-0.012720330339328869,0.05571670697183612,0.05581903211702326,0.0697517950116873,0.041061363382626864,0.03704071823514713,0.03602990350140652,0.002883519566939399,0.051440885648909015,0.04898925275685865,0.06057219216003159,0.127295205450558,0.13078890361268014,0.004473712708467714,0.0062378147868952264,0.034353183772567096,0.0320675751360477,0.05505657246680797,0.011679599593686406,0.03691904877274894,0.017351362112790453,0.0216841292827647,0.012611242206795518,0.06137714761864166,0.07939925425401646,0.012448972924015256,0.01783645359566583,0.01729890147879969,-0.009290928584687814,-0.014829903645680076,-0.010350727468539397,0.01878656716076909,0.02412726746145802,0.04620021674963492,-0.004347260862959805,0.012008408223019146,-0.009049270855545459
2012-11-01,-0.034044894117177066,0.045421653340686305,0.026267481616546542,0.03144802267813495,0.01907247757591857,0.018931131981574624,0.03870205991739469,-0.01002979175767749,-0.02470526129236886,-0.024799357304555444,-0.03596914361231201,0.004156567838135358,-0.0018809919143034965,-0.004986878631716863,-0.016256656459114335,-0.021609654390713377,-0.02526250055727101,-0.042862345280009845,-0.08941760246198577,0.0920590091961583,0.05259791621457237,0.04753336858259989,-0.04293352407169004,0.012334243476829002,0.03667339395856956,-0.061811777552055754,-0.06496048054909581,-0.06571449090113364,0.03816302272231638,-0.010897232256351228,-0.06285752974500515,0.035419175705310155,0.032590037460204065,0.03456189237635105,0.02443540036648042,0.019455925504178746,0.034926555572015745,0.004119066624471018,-3.533204261403026e-05,0.003896806366827457,-0.06134051966195745,-0.02821599952264959,-0.036092541121354176,-0.09050682887082934,0.03666322807340603,0.039536658164081376,-0.1166262119951958,0.02091722671298784,-0.01725498707033531,-0.017437847658365185,0.05490762518204393,0.004322429985571496,0.006483748294081569,0.0497036613566383,-0.04214775101882711,-0.042549166782600255,-0.13021355409031704,-0.010670715652450176,-0.007790982220940994,-0.010958688009526587,0.02139582747647607,0.017623608817714544,-0.04000193663349558,-0.00779159558065457,-0.01259515420059171,0.058980255597000056,0.027539930037672897,-0.018974130999442295,0.027993012111935087,0.04027817206030571,-0.011289545656545627,0.032490665528033195,0.02857764064371756,0.03520046859835597,0.01064974334145506,0.011039934070928428,0.021464564260306823,-0.014595291057525685,-0.026212204674362298,0.03120651935700091
2012-12-01,-0.0014800366492476737,-0.004281907168667031,0.01674762677779289,0.05947134725577074,-0.022663410884303035,-0.02233616956417979,-0.010339563369156929,0.025087961094327003,-0.01727708443804768,-0.020876414261853066,0.0050666562180928885,0.015051061278628887,-0.0009381313080531826,0.0012882274314444794,-0.06477630928910076,-0.019093844201952266,-0.018659372773562322,0.006127734235621808,0.022411965099315603,-0.03771833368989577,0.017499943569070187,0.002315144028453422,-0.08564675338731939,0.007965773878790283,-0.017046144195134928,-0.01490506742129492,-0.015726394777948675,-0.03386677877751895,-0.0022320528552994914,-0.004025053763683555,0.02578065209743699,-1.4853236850062498e-05,-0.01572932202909189,-0.02294245629123881,0.04623109537007709,-0.005838777677891933,-0.004808823462446876,-0.029208925917379606,0.02347909529782106,0.013324415082536957,-0.021477569423684638,0.0003613112213372764,-0.004434615750410797,-0.07762173520628293,-0.01756415091446329,-0.01765781101555373,-0.07026620714073305,0.019717876582343717,-0.033586068848216695,-0.03484295325645542,-0.08298275369250822,0.0007890000524879208,0.0033194176400553155,-0.047706116511060534,-0.08152674642037425,-0.08218119221457092,-0.10378316539990483,-0.08724457390512508,0.030193588568599883,0.03077309271596747,0.0358320167582999,0.025537150559651226,0.011257954595004597,0.016630802253462522,0.02449989066834397,-0.06138095236099727,-0.029251400891562664,-0.010298500787328644,-0.013646159666553864,-0.01459263599585515,-0.018510537078578092,0.0025910274591185124,0.003163941643260973,-0.0022275435391940286,-0.030335878741437484,-0.03027224779305435,0.0017938050712831685,-0.002894887509937409,-0.006168023667928782,-0.08194208841359661
2013-01-01,0.00888919412355189,0.02017282098126814,-0.14710971922342206,0.0924530081058825,0.05027746687054171,0.05209653938088748,0.006076188549141287,-0.017269534634673685,0.017936664218550877,0.01663192183047208,0.06342803295817138,0.021739510657929593,0.0512883158268169,0.05144889222474215,0.06968281970561165,-3.808012788840932e-05,-0.0034515808851817683,0.09052737249421283,0.057756252681195004,0.057523457451717,0.027187543974381837,0.019596986597609778,0.20265135085779717,-0.021361885918884507,0.054514861287069234,-0.03985020566558553,-0.04458394410340119,0.06695334434331478,0.011518021111679738,-0.022543224379723364,-0.005322448699109535,0.03317381226114712,0.011018449739051561,0.017648916206177173,0.06691946229062844,0.04061844279174994,0.040523082510601924,1.3378717968096303,0.03777813195119405,0.03811646990839882,0.002107543383533762,-0.0020424502874020934,-0.001205193609513545,0.047379569769417214,0.05988747691122256,0.06017322012186484,-0.01641367698491198,0.02595396464463349,0.001650993189838384,0.00010231395984570534,-0.04284961618286347,-0.005132749362563406,-0.005025243378980616,-0.14947928520191556,-0.01759370068112039,-0.01785714970180005,0.14093285355219531,0.5869068461734143,0.046026716636235726,0.047046211826590405,0.059565447923039395,-0.03316900222632988,0.014527547468272924,-0.0279532449137644,-0.02879066649380466,-0.0033268898868599843,0.02083268754876859,0.09158691402875317,0.032967476187185096,0.04026324255659941,0.011184163702395378,0.01401890393525064,0.014715259522580694,0.006593087657196607,0.014267823184613943,0.022234948149433442,0.018463308477780205,0.023327938952830855,0.023422421227995916,0.04367961502881397
2013-02-01,0.07283392072851032,0.06396074762123265,0.014633655907674526,0.052109119722620216,0.052074981740740794,0.05263640064967182,0.027749750372411956,0.06007682804934724,0.07365411684934961,0.07388176386060687,0.1654788309596321,0.07513265408234572,0.05467843231089003,0.04537474632302263,0.013563579500898183,0.05289012214639878,0.049254598292499174,0.05097696051814598,0.10823330491510437,0.10650987218690822,0.0885617208843192,0.09527590940252129,-0.022982703082974846,0.09429157613130906,0.12186443071898403,-0.051615931565062875,-0.059795984311863636,0.07186369952031728,0.19320921492754978,0.07833360788411277,0.0770842529559286,0.0768555942872268,0.0802635309363819,0.07520428339261968,-0.02067869440316198,0.0816183931952713,0.083154329894003,0.08017082835168444,0.09508759509055772,0.10512783527956021,0.08738895254401208,-0.08731710604563485,-0.11729660419098209,0.01905052972529304,0.03183981941235635,0.03179561905401119,0.035541611809076334,0.09844672322599508,0.0785752964609625,0.07878382308049095,0.06649449082733278,0.039314476478274164,0.03372639966306129,2.6141752769226603,-0.08135282208702177,-0.08356249682672408,-0.13276458998674084,0.060863412602552236,0.06735262330477816,0.07457493621677547,-0.0065118884176539465,0.044012459811019373,0.06229084424835319,0.058647899742459146,0.059058340032827096,0.08978428034630216,0.09178984926800976,0.023287520068112036,0.0803068274005793,0.08898839804998847,0.09342387219857774,0.08703632870594182,0.08843101627744868,0.13607869122744432,0.037461492597566405,0.029145685116493413,0.02776936350654629,0.08003051535715082,0.07949176479570452,0.037780788501034154
2013-03-01,0.022705881841620125,0.0021974110355581673,0.01815835171877634,-0.00804049249277382,-0.005018100582814621,-0.006172768389207649,-0.0036705110033634527,0.04291386922285401,0.00010249218558894372,-0.00012679597001158272,-0.055028849759202074,0.05424654875082812,-0.021901349434191378,-0.01982574099727278,-0.0732175107889732,0.011171989291499922,0.023171708632149124,0.003118922141169802,0.0191006715046968,-0.035536908554740725,0.004126392547667868,-0.0037708852059393544,0.07413662932119064,0.01684538121285681,0.025119342371461354,-0.024709525916266767,-0.024641147508232715,0.05767195657298716,-0.03086001512434149,0.01525700458632483,0.019736590969680765,0.004790098122513352,-0.007756277530788344,-0.01261995038297024,-0.10807837749660441,-0.02896299075648997,-0.029863149118254835,-0.046743260115660185,-0.010242030422644191,-0.012779615394880905,0.06280591227040551,-0.012609224887463142,-0.015325985963928753,-0.2789814938131674,-0.07510098417843315,-0.07419419183988281,-0.007875222052930553,0.030895070583358383,-0.019031480844919343,-0.018484368732472386,-0.11193185011926912,0.015406336802996884,0.015352993248378743,-0.01657916143810959,-0.11492411256986301,-0.11426789482169711,-0.1168655452056549,0.010828316509640282,0.037824747552432876,0.04148117537939838,-0.05820121317547755,0.055147896590355336,-0.006972542190762644,0.006251656091212886,0.008393095449256868,-0.018069608069614156,0.0724462922939017,-0.06022462316230151,-0.0045426301567990405,-0.011033072488790183,-0.019397641321727638,0.01641269888863598,0.022996450318021562,0.04001526277101071,0.005474672845305447,-0.0030563088541249845,0.008077286424337025,0.016088771918653693,0.0297505785793961,-0.019275212376560824
2013-04-01,0.01900832577410671,0.05208390953119496,0.012585140501693574,-0.002509999326919481,0.01847533769005046,0.018648238746563142,0.03160158354261137,0.054849398582110555,0.020358681096856623,0.011976301318341532,7.59895488174447,0.04375468582835271,0.0032000877081424842,0.005417000093120584,-0.005702777215489277,0.036459163231729035,0.039767689808610174,0.0244316370429411,0.04079920099244685,0.040037469325818704,0.020788399807963834,0.011587017731076985,0.004306132099254156,0.021108952299201,0.006439568370773215,0.005089983471630591,0.0033246561432002364,0.2508810547079369,0.05589552344000609,0.03049039873227815,0.05021077811993227,0.05234451535647646,0.04326698092454833,0.04430431757251348,0.010458273696707395,-0.0021196210351090913,-0.011673547950426832,0.049156899746598655,-0.0232163520541734,-0.00678649355030274,0.1673154472538035,0.024876463875876276,0.020253323765233703,-0.047566043358249856,-0.044361781831166985,-0.04400792485371598,-0.13847530099102323,0.0894419999343801,0.011458607028932623,0.013192521825307868,0.030610308671672873,0.06976363828855538,0.07004844125858102,-0.12388734240927156,0.0020049216250497925,0.0010467723501327276,-0.0558117782692735,0.013695566330171577,0.004061644255350379,0.001173556302954317,0.004106180073885059,0.0750872989533334,0.04748911647429239,0.027085900659148964,0.027064421284326914,-0.015568356478174247,0.0569669047251161,-0.004579060841569838,0.015668726787799514,0.00934412288178127,0.03567229183061254,0.016556558792922088,0.00980806609005639,0.08706577509632497,0.04599124118659259,0.050363869908446955,0.01602515110994502,0.015939150233677295,0.01212417784446447,0.014334827570864928
2013-05-01,-0.011644865576575469,0.04967932991230545,0.08729124964161321,0.06380128198863239,0.013266360413894658,0.014958783579731858,-0.042688935328415355,0.031156954276255613,0.0054856291454014935,0.009125388104380123,-0.1284104483045851,0.018912101493959194,0.023852009657606824,0.030120575071016904,-0.09213528566695181,0.020523460266128564,0.016152865033269067,-0.02694218047451598,-0.03125947263409543,-0.029022437612635316,-0.026917910451423416,-0.021830867217030522,-0.12742946285239437,0.002625198164421664,-0.034006314396759954,0.020687421821779017,0.023802490179274514,-0.003811946894170923,0.05150023039873761,-0.012036759577552264,-0.0008316040269996148,0.027451399589721943,0.02943053467194961,0.02156363229325226,-0.04358330615126698,-0.015470081163711562,0.00015701801203852435,-0.06146456581606345,-0.007829662204273755,-0.002791377589887608,5.109888936723082,-0.0149473080119822,-0.004814785121405159,-0.0061938915162092325,-0.06084006676727507,-0.05969668483148522,-0.1819506359161532,-0.013037741009664707,-0.01682333687347956,-0.014458859100113056,-0.1460062058444655,0.03147733438206902,0.03282256888835153,-0.07324493595361384,-0.24526908153808194,-0.251685210143585,-0.26282384333087144,-0.05194484714302336,0.004477035633294868,0.010926911659291421,0.10933415209527297,0.03935402828568644,0.02173548012691595,0.020626181339051093,0.013390889695245184,0.010778974182023851,-0.03529639777960702,-0.015084564653099593,0.03695803748761375,0.04018651897911678,-0.00457767111667845,-0.0032347097834618745,0.00048064953179952953,-0.07977712335874412,0.045531620757423195,0.04445882834145429,0.01640162030542979,-0.009999570816721329,0.00018269551994600994,-0.15492385330115854
2013-06-01,0.06122577300731226,-0.0014095798143080786,0.021794521736433807,0.07059490797090892,0.05229048953244168,0.05159249970422659,0.03815729851149405,-0.0001161018327495108,0.0443677629291966,0.04350646192249969,0.0023038062862307676,-0.017276322031479604,0.04286583039186829,0.03330845779949248,0.05137683779314722,-0.041262195285954574,-0.04785515842348244,-0.006209709764208798,0.13716787834364477,0.0388232388671419,0.042701014926035376,0.05921978541365254,-0.046009857032031316,-0.07343391794862818,0.12657791324947668,0.03533232033545345,0.030030269022890178,0.10322462776386432,0.01792589018128128,0.08890737829168069,-0.04963420098606073,0.017860734898961853,0.05199972032427319,0.060327780201640396,0.028346690904293214,0.07956397136028324,0.06573382822865988,0.010426465806729061,0.05966298649446222,0.06322648770895721,0.12725996244696944,0.04465761020356196,0.04718476199536435,0.1487448784411351,-0.008665071811109468,-0.009939591770921713,-0.08537381817306991,0.09426364607468223,0.02928545005702842,0.02759469982724666,-0.10464878463572491,0.017298242241915906,0.010916423392775725,0.06278633708897328,0.03648563810565258,0.04223492372005948,0.0416205957903735,0.08883962794498594,-0.019235579710823184,-0.025643202641280192,-0.025249224293930075,-0.012509668284852204,-0.005115691966387014,0.02851395772790874,0.02207107294731351,0.06321410093021369,0.056367004438433975,0.03611198274958761,0.004060827843934295,0.018137855595927385,0.03151935025502412,0.044229781741446206,0.048827050406399716,0.15167908491327756,-0.07148345302713979,-0.07127578753592262,0.006717312084729154,0.045141881842246684,0.04170943476509386,-0.12003667579744966
2013-07-01,0.0023157174352168067,-0.02178136076187987,-0.0008092535982981023,0.0024794100807122616,-0.01714081018498582,-0.019089454256692718,0.04585743543416915,0.015329116587398182,-0.030306407733704806,-0.03061459295563696,0.06195837173490878,-0.002302983186832637,-0.03579392857826443,-0.03096096133978489,-0.062464173700660056,0.003926163272506452,0.002740406042814018,0.0023902392762791564,0.007274652228171716,-0.07158523192410722,-0.02811028066714701,-0.041551575529982156,-0.053563443327530824,0.00837384009883276,0.00846100349935797,-0.04491351125624243,-0.04835044017286152,0.019005536959894667,-0.045435292959058786,-0.004137708077845732,0.009451419307681745,-0.003685083942599765,0.019222019534663775,0.024321888290510733,-0.01851519315347108,-0.04608195738895918,-0.03266045388016761,0.0021490768966682177,-0.0014493760088121305,-0.005790624345865213,0.19622294736770646,-0.007617078028701696,-0.011213581790454778,-0.06762917171289048,-0.11719749531740646,-0.11700228727511058,-0.11127751297703832,-0.024345789906953047,-0.015519179006378529,-0.014430251414053798,-0.04340747539101107,-0.007631214318332024,-0.0073669219160472236,-0.09571276960962512,-0.17244660244479548,-0.17343716700640108,-0.19484427512150154,0.012246817332472014,-0.031065177058149398,-0.029313068787388114,0.022938621698179992,0.023443978089492553,0.030922764706766828,0.004619196881587279,0.001776627286102949,0.03538397661065538,0.014034515365917738,-0.04454731330093321,-0.032896433559147516,-0.028579064220368045,-0.06188015048836191,-0.00438175123584429,-0.002158382764627287,0.04681813665405725,-0.017034574221669527,-0.014385300793666386,-0.017109981287907666,-0.001199980391697608,-0.008192177980010654,0.05327550700763831
2013-08-01,0.07068140847205323,0.044433662637308295,0.049693596013049623,0.06622275303187895,0.07386481983156623,0.07387792474315945,0.054073181396981446,0.03294093472365842,0.033859337402868256,0.02963723884915583,0.05783178861682323,0.04694477309188286,0.04772318205425855,0.041423124850050314,0.08320405470396645,0.03395646746699695,0.028132892978724514,0.06650822481013774,0.057994906156060094,0.0054257791703558695,0.04955809054771181,0.04633919497818875,0.048486871126036946,0.052246674385785126,0.06244894016225522,0.07809923496531367,0.07939580238181644,0.0437038486576061,0.07869482928288529,0.12417011407441836,0.04762072066018856,0.04051363937864746,0.07017331110507709,0.07288992766985351,0.1444491283788563,0.07057984124626199,0.07598235225320425,0.07335503219480553,0.07373064598440462,0.07443537104266461,-0.06706670007869303,0.050996530022718936,0.052333533196286086,0.03523026624536377,0.05241715551647764,0.05325383317186748,0.08047978685892394,0.04939512310379729,0.059102806249797996,0.0577854024587302,0.12002044370724102,0.06541051924950567,0.06161953879158336,0.11111799380810691,0.06248543076925857,0.06259457140491417,-0.007575294392649746,0.10982876618286656,0.016998604986887225,0.016880930409555146,-0.06857588577935135,-0.038442229303307804,0.0376625663225593,0.05424852694713126,0.05116090765794658,0.06547145462719986,0.10656339082796724,0.08189151484183427,0.023635162677482446,0.05175670024001053,-0.004057658917691531,0.054136366156898645,0.05335052021687596,0.01642335006949132,0.05313790674233513,0.05916443261628256,0.04106072402827271,0.05410913798238931,0.04821411958515566,0.02055653280145606
2013-09-01,-0.05425048228980628,-0.03697577200823242,-0.03983269657459978,-0.034718966008480054,-0.053101392144270405,-0.05262126280542903,-0.033199086695416324,-0.04093135758085489,-0.027396679199331003,-0.026723268340153577,-0.0761050171542279,-0.05529765883335172,-0.010387966294722778,-0.0068811182243009176,0.06940897751467036,-0.05393943616862243,-0.05460331263381297,0.018528133749725638,-0.07168810358412157,-0.06633167774822037,-0.05303306626575914,-0.05380514309606656,0.0379910969519387,-0.04092758860051875,-0.07038241942718548,0.013368346682354213,0.01910400199031641,0.008403524178313327,0.020711604557616673,-0.0417210011661898,-0.04274578450891083,-0.056247492625739255,-0.04737767116729267,-0.047662969493283545,-0.036009839664795554,-0.020259267664501965,-0.02914993216940395,0.05326303919590047,-0.03872169296703787,-0.03686062484702262,-0.030073450559857624,-0.055267134083155034,-0.06134428542171943,-0.09419424297144999,0.011820691660825335,0.011426237657659922,-0.003989237366128608,-0.06534436876369235,-0.03672795094013973,-0.03558679018235953,-0.10988299883836598,-0.04092337228897223,-0.04224548430070181,-0.015127931252429191,0.12127622179079546,0.12152636325084332,-0.07002372739148371,-0.05843170802071488,-0.03739961062130339,-0.041492885787713485,-0.004054403850800787,-0.04336798001117292,-0.04088508343982359,-0.054856725684994584,-0.05527093317008407,-0.06918946172842108,-0.007327237504109865,-0.05095830806177273,-0.05864681047575787,-0.05726293600579855,-0.020935114255193208,-0.04672453146312523,-0.043487615474224715,-0.06614678747898911,-0.05863477094370282,-0.04947654914454276,-0.07598300474702141,-0.051764412982281294,-0.056570396983975514,0.11755005760263434
2013-10-01,0.0639632722215202,0.03901937605257236,0.07313587013039326,0.08249624316535145,0.03062344464050203,0.029428800051070306,0.02956819879565529,-0.0012600897039090771,0.046047172934410165,0.044473523657066194,0.08534884193529531,0.00829450583161984,0.05360158645410333,0.04483122893609565,0.041846528791301615,0.03858742710048243,0.03557344948735833,0.0370175274722284,0.054914673635492225,0.09276083506378235,0.07102714280797809,0.07722915272433772,0.025083800568413767,0.03587451890183043,0.09166131160514136,0.030047880862665233,0.025699642910051966,-0.0030878937841844123,0.14310798136829672,0.06684903447824012,0.02859420268614631,-0.019972035161040083,0.044767229425361606,0.045554867061758396,0.09949631380796879,0.06792900531733946,0.05702511259616602,0.03379509007714854,0.06864203123740086,0.07108517463996653,-0.10515557816736562,0.02191758766453394,0.028893533108333914,0.06861541519843878,0.05269880046031089,0.0538321009595666,-0.005429867686528452,0.02534401896142111,0.026122444097230524,0.023731205456952245,0.04793597871161711,0.055482857788011576,0.05177711828031289,0.1334755686709585,-0.13279327413872044,-0.12925475321097704,-0.1670469756547561,0.07663524904949796,0.0512268472346018,0.05539482269695147,-0.0008364747249352792,0.04741795263821238,0.04514062856655546,0.053629368460114527,0.058566668836789196,0.04149654317944352,-0.07185048689804227,0.06445316481479631,0.04829403906327404,0.04547635739525364,0.02215982426329691,0.070069900541803,0.07008771478193558,0.10935974609924261,0.017355341231024134,0.019177984420313404,0.0265562499489375,0.07294838695096488,0.07001556846758404,-0.01199240396719721
2013-11-01,0.07081766989723424,0.032162785060538615,0.013733725092623014,0.012361331664088978,0.030013797281704818,0.030725667419829926,0.03957863579223393,0.0404960614534945,0.04125762247272508,0.04615268821100137,0.08404864599733844,0.08064296247842706,0.028143878500825573,0.028503802410650116,0.05576735452589566,0.054206277753095694,0.06270148629435035,0.03382259801643753,0.025981530216842286,0.018322723862125898,0.018110523709424568,0.02718547395032595,0.11640062212763994,0.06023135729783321,-0.027674168719692933,0.046516860980985654,0.052193059163606885,-0.08504281605336482,0.02397950372794848,-0.07341923764099159,0.0466815800471301,0.05640004331700031,0.021662217748270957,0.014207309703210397,0.043809227413088,0.014655199949765628,0.020883830511124322,0.06804760078632346,0.03796646010770349,0.03224968692610681,0.02603123140169497,0.046598658788873454,0.05243599180009101,0.06932464726781362,0.05452709608054151,0.056523632118461384,0.021091651601742638,0.02580043385448716,0.027152324963609822,0.026002485853542284,0.008479023362974803,0.03497224760746549,0.036863050883349964,-0.07858219854063798,-0.023295568104443706,-0.020839344279154324,-0.14998890644261215,0.06566516818180233,0.03552686587598862,0.0367308463250031,0.061971941669826745,0.07033216386616724,0.028646944236420727,0.03321021184869278,0.03602226823054079,0.08879007276694091,0.07966982969693354,0.09438564446402464,0.033965950429536304,0.03587720433878163,0.02783991626420297,0.058605870504044005,0.06365632261508294,-0.07678806217568249,0.04286493812515862,0.048431378034826944,0.018284127962149902,0.040422692549838886,0.056096489190398516,-0.017781322636218365
2013-12-01,0.01815116467508163,0.02221669650433276,0.04754692286931467,0.005665695937656808,0.03908632558242453,0.03834761780629781,0.02023128892615644,0.006324450318460333,0.03615730808185801,0.038002656118727156,0.02969621686067437,0.026643254093928256,0.02478988052503659,0.030286391359511732,-0.017187177034513938,-0.0014362623237788204,-0.002083364786364523,0.02921477905493182,0.010375509404206404,0.040136486149735535,0.02503843561961216,0.018595088948010097,-0.01331573633542719,0.034552205881044566,0.04819307061386158,0.0469524594071595,0.04898776607699175,0.15397105252134902,0.0006717297490309018,-0.03896433000589463,0.005513592116379734,0.04740888804762112,0.05448070009158544,0.05898530424863837,0.06173151697926258,0.025080814042044413,0.024972899023356348,0.11285316365155751,0.014776748228406493,0.0172241388884935,-0.05061115944743895,0.021491737766146417,0.014994632951316342,0.0822045492282595,-0.019877482414507184,-0.019307258488947016,-0.05982788183171613,0.04404598939752913,0.008210056739588299,0.012616321546849305,-0.08462075962860803,0.032690427882081624,0.032260101997910795,0.09512165510026245,-0.061962621362851855,-0.06308272021891496,0.017148760344712632,0.04806000056876671,0.018855810464834945,0.02201294977972721,0.04018987851717816,0.03179025690823904,0.02609993732148478,0.03352023524068745,0.03521498966395269,0.04861623206808553,0.03340614308061496,-0.012643088526372746,-0.008690690764527971,-0.0014460965409353187,-0.13237384146879347,0.048896014471255723,0.051714371076824014,0.003967249379731029,-0.022721584782935348,-0.013426434039360984,0.0036231584367463904,0.023244037077819336,0.024505498212208925,0.0154093468948374
2014-01-01,0.04137366606987446,-0.010273150489682395,-0.10970075366056886,-0.005071608624492826,0.014389929867581561,0.01543114525347639,0.0133441084360815,-0.002971791198365886,0.038268045558212775,0.038930623453082035,-0.052480891543240156,-0.016085950225298906,0.053144688850422936,0.05943975429981133,-0.010596600868583776,0.018765725283098285,0.01897971408722727,0.06594054435894435,0.04943316894178072,0.07026990396304224,0.04925900276526427,0.056473578322910147,-0.06308260394882916,-0.015030761891398969,0.018731322785206134,0.02484525339975737,0.023122115482965007,0.08647229685899777,0.08641777031046781,0.0035000044020887635,0.01936165185325154,-0.0023292780243607206,0.01443627507814261,0.015941537737765653,0.006862719955725306,0.0387207336941247,0.04221607401998368,-0.037528773644866384,0.055248618573271235,0.05078059364294068,0.3367224697146971,0.007450757547506604,0.007183991491751682,0.166950401301169,0.04058828399094095,0.04113454552121463,-0.02006629736367662,0.061927522355472456,0.03173453050797068,0.033474741025776515,0.053259353876787964,-0.008427157296606008,-0.011367288078957488,-0.030305164766825283,-0.01667298993962909,-0.01255953324752589,-0.08857933227902728,0.09042634139189212,0.036105729808565835,0.03741699677313416,0.1853844883492177,0.026141532984330182,-0.00914022516199202,0.00016732766248152742,0.0015796536151936476,0.023656194603144998,0.036547631120977093,0.03106687338179591,0.016578772068920576,0.018386982886709806,0.012022649216362893,-0.009199230293536845,-0.024779668464742714,0.10435785601649533,0.015153717839041875,0.021977784757138772,0.047777455528645776,0.018933326755086105,0.011660270122343363,-0.06024699978299651
2014-02-01,-0.06595083228264001,-0.05257948106736695,-0.06898986170577118,-0.05919981247738078,-0.04130808908398883,-0.04054653791262826,0.07486102848039465,-0.02630828917181764,-0.055706118197339546,-0.05885991474914732,0.00700205184120584,-0.0034576739588894133,-0.04277089630179803,-0.03689770231855431,0.027765337855302125,-0.029575869901375663,-0.02680191868861382,-0.09455555965156362,-0.013402946027479826,-0.00836469357581841,-0.07842388989730159,-0.0727791185907526,0.12879175077636207,-0.06928551842969084,-0.030249529621476215,-0.06034485427713574,-0.06384483864008841,-0.018525310626975978,0.0179477914271908,-0.09123266358439824,0.05142223603544073,-0.027241549630133095,-0.06726889720746666,-0.06789256507967213,0.004160594966325962,-0.049236455915793696,-0.049379763473302564,0.010641180672215922,0.003512625578835047,-0.017721386015935182,0.14781341048024244,-0.003285995922695704,-0.0006117876753715769,-0.0174430495344174,-0.05086422684001937,-0.05551434911279783,0.139286789197879,-0.043418067430223355,-0.0625734904165431,-0.06739385081489324,0.0386108140427711,0.023881712922626922,0.015684253441929964,0.09381902649064373,0.08541801458184321,0.08042732365493462,0.32731836194704267,-0.04355200405063234,-0.004231611849713227,0.0004705055284825797,-0.034890389677933294,-0.16431725176618864,-0.04696636964162264,-0.07297894814592433,-0.06735847390160796,-0.08075720020688945,-0.03887092628500238,-0.0436135904858261,-0.01358078495610405,-0.014904123806307451,0.05774444144679065,-0.01275410593001908,-0.01518186401500277,-0.03617029081337424,0.0007528257406495394,-0.008819331194015564,-0.046911055059899384,-0.026375014316637684,-0.015214191932134889,0.04646679102954799
2014-03-01,0.025059798795022764,0.001820258598694625,0.04343451067981875,0.03935360157093386,0.010221698211080238,0.009353914394808982,0.04068173337977674,0.0361163969431097,0.03470715611450879,0.037354450803338685,-0.052002913482057274,0.020734294002556854,0.07287003460071859,0.07653918754677436,0.09373253570796579,0.005808143811309645,3.164097575504042e-05,0.003025026151251513,0.010601780204568027,0.05735324924187348,0.056918522175738014,0.05962318558781329,0.06138826461654791,0.031767606430941245,0.05685457245860227,0.04517187829964932,0.04235377032941494,0.07417979448769696,0.0925001643039007,0.03940319122900473,0.03422771682507483,0.06343611502934436,0.03565029220883416,0.034678075012122854,-0.02472059824046432,0.058233369642852,0.06017602121402254,-0.018161987464738554,0.040619926832945276,0.03022740415000353,-0.08804350543294837,0.03891878897073349,0.049453860223432254,0.06369200767523803,0.05609907450784653,0.057052309102991985,-0.02615333546480327,0.07837287740319537,0.05045892671743735,0.04861911559006879,-0.0019792830487714574,0.060663055413391086,0.059383873283008114,0.15725178878348298,0.08950938364896958,0.0889094948785078,0.13878940608499918,0.0856229316445514,0.05196600118643043,0.05405132591568924,0.16068622240579605,0.03519022558542817,0.03563566048733279,0.05129986533720751,0.04505206811312244,0.07050584839446095,0.041116445590186144,0.05581701663618967,0.03792548478998519,0.03890348258224665,0.05936761909830511,0.04337222852283494,0.04718989619882176,0.06886123854161927,0.02842801805284064,0.02337036421853146,0.056995658062723456,0.04180214036694264,0.042847438524526084,-0.004264460672666632
2014-04-01,0.009491044330930579,0.024380838428900212,-0.005680360251731265,0.018961641306118066,0.03886996227234182,0.03923069926292371,-0.004839130156136324,0.032107432975625724,-0.002046128619390069,-0.0020117855360806693,0.0014284366355065787,0.0004330048289063735,-0.00993753679797616,-0.007621877077083528,0.06414915551280777,0.005526219213135654,0.019580676588073692,0.011855774034307555,0.04392708843847943,-0.02199509838141605,-0.004258913270927398,0.0002934612769153258,-0.09963090282608901,0.01827850974392865,0.02561294945625237,0.03772182840392199,0.0395614783690399,-0.042370110410230574,-0.05679331706209678,-0.010822276257267874,0.018290977865210507,0.026927822050702162,0.021851507136106965,0.023630584401000833,0.05215958284534671,0.0023984186667262986,0.008316725016326128,-0.05262674351742108,-0.009847443063800743,-0.0025106089179750225,-0.026493181769952658,0.025440620450828774,0.020209898363100068,-0.09091632189538797,-0.010911583715444277,-0.011689540952413499,0.07017880978413155,0.00843712793137518,0.018629855368960724,0.01570117147435614,-0.009053644172797772,-0.022306554687914266,-0.01796508136511117,-0.04299747355852795,-0.0970828683328184,-0.09678909127196259,0.023412604722811096,0.026230265382399344,-0.010967397449280073,-0.013600153952899579,-0.07212457204464998,0.05892704856846132,0.028810962953592353,-0.008129115732476343,-0.012979209108204654,0.002089239603652185,-0.012532855097115719,0.032918501480680526,0.00743310003005324,0.0030287096992492567,0.030329864678907994,0.015263650513384876,0.012649491420312136,-0.03448586877526731,0.027223460378129012,0.03096488725414311,0.015085182051642419,0.006431070627763779,0.0010477408127554308,-0.023959553079971715
2014-05-01,0.006865379497760537,0.0419083063735314,-0.059821734958052826,-0.02771153624228094,-0.038764376556028074,-0.03634174209865205,-0.029828941879503718,0.008368699475082847,-0.11409393316700407,-0.11942832012844477,-0.07668592690255181,0.0042500543210664725,0.0020463577110034115,0.006957388569101829,-0.01636758929268829,-0.0013064545578955582,-0.0011478376645274726,-0.026729034279558462,-0.022742792622565546,-0.03584151106696395,-0.010887377548073212,-0.0072247324282226,0.011341184349474443,0.01785912139244031,-0.05791165890343066,0.032872263196819594,0.04000077633610197,-0.08442752500581646,-0.05340397770678851,0.0064422873582866205,0.014629756920260526,-0.021414135405090254,-0.005340219209253075,-0.005666257186316348,-0.09570199436632798,-0.00022865130026994188,0.006434319217637699,0.22396830452925287,-0.03664145831409919,-0.03099995342492402,-0.034599765704524235,-0.03597235962488838,-0.04097553454246718,-0.06209074068143916,0.0011077751553318844,0.000865742142759401,-0.06448051497157392,0.0037231413768936904,0.04279470304450102,0.04392011128459794,0.055981204012103894,-0.0010771623885969376,-0.0001350855437017876,-0.1846824172503324,0.004005986301409645,0.0020418970703206087,-0.08396748367724025,-0.030038899618966334,0.002028690875188068,0.0011551706164713103,-0.24159336778532076,-0.021489628817040914,-0.015406868581330254,-0.02172552363204956,-0.02261747588707922,0.10449833795245536,-0.005854672972152564,0.018025075900844477,0.0035968303923214194,0.00042444584096918493,0.0047876247023677715,-0.004193818603034308,-0.005742620096017347,-0.015604964180304888,0.0371445174884741,0.0380045884561127,-0.0005968181362023099,-0.016178648282837636,-0.017031186714229287,-0.06939179053201387
2014-06-01,0.016736755509249322,0.001998552942622741,0.019759037167514662,0.015762711404049314,0.023750623932517423,0.025236061042450096,-0.025912340060855934,0.05072287277794199,0.019173933572958487,0.02076732530696746,-0.05365705919178624,0.021426757724383794,0.02907506164533826,0.030000808068645572,1.8748253773437835,0.03231292847392972,0.03231275958174759,0.0009868149533746994,0.044250214034560385,0.005633613705517184,0.006197697156835626,0.022879082620942817,-0.029262592973349932,-0.005620860251060643,0.003495858617987946,0.04725026414519963,0.04908817613771959,-0.07639979275925392,0.028417876283272955,0.04483960147685285,0.028663749504588554,0.05538066224749434,0.01409548976531973,0.01844891876974515,-0.05154425282390274,0.008358487046815676,0.012067332964139883,-0.016014725869023572,0.027443471782209114,0.023784794152348174,0.0784727906061845,0.03529881998471623,0.0402983501124565,0.04743641910688762,-0.007291473771895306,-0.007172136128295361,-0.07124931064240049,0.026351425896077058,0.011308546372572831,0.01161993612998775,0.05012065438108859,-0.0004360430301103362,0.002082482300981818,-0.03070579372691749,-0.06493019870095554,-0.06046201376603372,-0.10254182304563825,-0.031911800837975124,0.02818077609787545,0.011139401727023945,3.665989160374187,-0.015124843403067247,0.02155591232472642,-0.006875853818138015,-0.01422389785947301,0.01213349282558786,-0.005810509891728725,-0.0007754039394467197,0.0079756735221607,0.002376899216103662,0.016017402206289076,0.055863737682568755,0.060827729979180165,-0.032161643634339265,-0.0009828626215967616,0.004690651975407136,0.028962238363817932,0.03536313952697591,0.052934747438752004,0.03803398611299072
2014-07-01,-0.025278885785196836,0.05025034119155176,0.005306237254903753,0.04485872861529659,0.03245117438623356,0.031266894073898294,0.047664201327185136,0.028173630374245105,0.023015236749684587,0.020668664849444535,-0.01756983380677061,0.017819036258572094,0.01718419471837912,0.015517523904582367,0.14975685848759113,0.009432790707161957,0.008308120199014092,0.030137082413003988,0.03629928207754806,0.03553504386582088,0.032670675977154805,0.023753210441899753,0.06900127169802106,-0.005717828569641596,0.031091466609045357,-0.36919449131281723,-0.3993739127037964,-0.1619461886265932,0.041026229555614184,0.12310445487571513,-0.0008910953573759736,-0.005329967668866288,0.03641366629252631,0.03967166683132599,0.03602662760910198,0.0278607035052749,0.043132912913266715,0.11408627763588625,0.03679322738451159,0.020227723878584507,0.024842600940317663,0.0317379237074956,0.037175372429631974,-0.11189003445040732,0.030014498297175923,0.030321942344117284,0.06720752660224401,0.03547938290672686,0.05208334389131542,0.05125126775208852,0.02626506669252876,0.031381491074016096,0.029755362615758757,0.04840779060215429,0.22441336747166712,0.22686380275057413,0.08650072741308934,0.06346935403172238,0.0036058995157288234,-0.0013785282323326223,0.010329960902788319,0.01458708413348038,0.03251617328525365,0.017664013616159963,0.011277609261674633,0.016277008324571057,0.02005303630884929,0.01141898266434048,0.019321141641047278,0.01892080347990543,0.05072710608538838,-0.04204332158165993,-0.06507885507236522,0.10090057917778338,0.03917396326182064,0.04346839468081233,0.008773847678299059,0.011497300776268926,0.005741312587410663,-0.03184321089142986
2014-08-01,-0.05666072819571678,-0.02946443294134649,-0.02285950888752002,0.01726057063913498,-0.028721043837423566,-0.026966662599377186,-0.05079395002661165,-0.02373964549927344,-0.012698177623111371,-0.008661832870565569,-0.08443534290091768,-0.051689063142371865,-0.05407088145948066,-0.052585836454598224,-0.0019260387745607035,-0.004450056505864664,-0.004470753898640118,-0.1246118044072496,0.0020032081112001656,-0.10948781235163316,-0.06746469151740492,-0.06800866183132906,-0.14070594619173585,-0.023047226315705292,-0.07184626011286596,-0.002804326435634178,0.0010926062865096575,-0.09229949900565891,-0.051341686145473825,-0.11555580062615244,-0.04502601936017205,0.010959942595426698,-0.04266101147218365,-0.034489470892995075,-0.1689462603502369,-0.07245854689216374,-0.07191315536248875,-0.09660922882944666,-0.050573227604673525,-0.0376327044532041,-0.1084797386965189,-0.012917348734188332,-0.01168622149214333,0.2013539340508433,0.02850542922294313,0.025877887758642467,-0.11254555141829511,-0.03507710490553756,-0.05305592474681612,-0.04772263611466501,-0.08018164044469865,-0.021717780694719857,-0.01724720931024233,-0.0999468714869977,-0.010188993784314168,-0.01185631919669817,-0.0430359242780698,-0.07318571141054067,0.041707342412008366,0.04952120208081795,-0.10857432970711664,-0.09629777406690182,-0.04426893221175759,-0.020731102119965435,-0.015921563758330495,-0.055100029288309336,-0.07090281598753509,-0.024251445816165097,-0.01312443680698971,-0.008226442543000942,-0.02775579437513681,-0.02286161446494789,-0.014466274629520902,-0.12157153836316331,-0.04184395919736417,-0.030531613719906744,-0.013095987813429494,-0.029684540769343137,-0.020483547108470928,-0.00603945840107205
2014-10-01,0.004792224067050926,0.004603901342183552,0.024317093386985747,-0.028424041749411984,0.0025256476395307385,0.0030983590385294485,-0.005456054107827804,0.02225963789821126,0.0018523570015480696,0.0036574530860454665,-0.046639241756320976,-0.0023096111015478184,-0.0018529302488813303,0.0058809568624235,-0.046459002357179556,-0.012160732612538494,-0.011345387383719058,-0.05211054054224271,-0.0049541252439162815,-0.012462002758576748,0.005417444866976677,-0.0026606732873342845,0.027327521875995374,0.012964732207731911,-0.0216524873093774,0.007768025492024668,0.008928856079653812,-0.07127365047381636,-0.04071973481737839,-0.05568486330488623,-0.009740708847053801,0.009220699330315968,0.005806331873137754,0.00788721556829343,0.015342089430898306,-0.018475589187914875,-0.015045152071376149,-0.1122895744803531,-0.005462107180345134,-0.002023145640492937,-0.04536467657531037,-0.005105608671788109,-0.00029361450230611097,-0.04480670459315182,-0.08153372019551923,-0.08130491077779166,-0.046001837514594586,-0.016578948704704083,-0.0513534284618069,-0.05063759540658669,-0.032329543227925556,0.023992688398294187,0.02571105271193565,-0.010285354261883175,-0.10018852523563306,-0.10010958672008591,-0.18568410682788486,-0.025408251500933808,-0.021784457595169553,-0.021758051325681753,-0.003656132703981721,-0.02803257888891797,0.002716761603430251,0.024646018678414254,0.02918955292586081,0.0026359715831206936,0.009496482856751632,-0.025241209149521465,-0.0023813943309171394,0.0030033945425692473,-0.04167363449181506,0.004378446582484434,0.013386300253321737,-0.04295388177854011,0.003818792668424997,0.005831196392219003,0.006710387917270251,0.001017839666146562,0.006491420837891051,-0.02778933106424858
2014-11-01,0.034716843282204375,0.023110498367064875,0.030120266430679596,0.01810208481466419,0.027524909109680962,0.025359263172242935,0.04173225750583873,0.05461055113504171,0.02860508502324222,0.022674057027287045,4.235610206280162,0.07017909115561502,0.01297080767250447,0.013530284414973903,-0.055486779706380746,0.024925680613365895,0.023537406388237647,-0.10512627900469415,0.023484876331610526,0.057901322471229866,0.05687825561374688,0.060766566559460826,-0.03241673202089035,0.049638194569414706,0.07439302052700099,0.0518240254162434,0.05290717454917785,0.019243713492880336,0.020383811474591344,-0.009803623051824428,0.017979263391267444,0.07139221238779708,0.05296003756284553,0.047885162822954574,1.674529320807726,0.0466662245384032,0.06526756630784929,-0.09316860965835302,0.04600869928306785,0.03503602864321527,0.04406595092206976,0.07798378235519124,0.09029707622227577,0.1676979312385061,-0.02477301165170102,-0.03013504836641382,-0.0259294111985215,0.0360856313727812,-0.018173154495383495,-0.00978876001799954,-0.08552242333504396,0.03526408090086065,0.033398747636749694,0.7826129224509536,-0.19871690580364978,-0.19653451089408483,-0.05824093448747583,0.07961560474261546,0.07361889706878134,0.08036747907637283,-0.034254160758303294,0.03675298186415431,0.020272259396024353,0.0267341767519684,0.024529263780649034,-0.03885006398489905,0.07107577012290696,0.05232286619220927,0.05834309603498716,0.05321719202999834,0.03347683298750747,0.0696663135390987,0.06986366205516853,0.038537834818309705,0.04717691999405878,0.02768782298441981,-0.0020044774478584454,0.039844531321786045,0.041854387739717294,-0.0697342059167833
2014-12-01,0.021337139774586716,-0.014813113515153652,0.06190449661744345,0.04768308707116646,-0.00245853997231206,-0.0017505475847751154,-0.0031108556126088023,0.018514463232598994,0.022357933463189174,0.02556320014088952,-0.06495345171540848,0.023264977203615905,0.020960059392441836,0.034991898045868795,-0.1486541100647293,0.01777878194668716,0.015302561624680319,0.00880608389748551,0.07313274732901502,-0.005273546325403684,0.01737835880617285,0.021634150559837747,0.2201682986435871,0.025345495039780005,0.013893107531972535,0.04559204090638519,0.047761522871269106,-0.03652515560149398,-0.05108447528556896,-0.11432053491514119,0.04372988854577457,0.01541416480947071,0.01997502437720317,0.027128650696183972,-0.024203261041158313,-0.00848169984291951,0.011298536464397832,-0.06060218024987793,0.00010568455819780388,0.0007628780064840926,-0.01743017295097346,0.043194509430157214,0.045436472804376266,0.26373619587077746,-0.07532644206174455,-0.07597450496803675,0.039059835200974447,0.03262962470647165,-0.08553074761680704,-0.07666768547181457,-0.21230523916054306,0.014833027546040704,0.012539623919246576,-0.006854663046940482,0.1186827709347773,0.12333635809584703,-0.11636335356988803,0.008441635559560031,0.021842512621755062,0.032689244022754145,-0.014350680221624947,-0.008763296467186394,0.048888517419819436,0.07469239994183474,0.07905019265843656,0.0906617841812522,0.04004214162807321,-0.0018979277030495086,0.018400353780491336,0.022549037461855135,-0.0759452106453861,0.012208447060885285,0.010497849254055119,-0.06232294260079322,-0.002238759711384043,-0.003400606175961627,-0.0067963924219601795,0.007425457868700936,0.012723522686410112,-0.032682804864572916
2015-01-01,-0.02667046495147397,0.028274654201742272,0.006816508691458213,-0.010938512090868503,0.010761745950774554,0.009948571528659569,0.026030897479955784,-0.04665813496353559,-0.005114707820069173,-0.007794229697181832,0.00033249270390399476,0.008814199874443835,-0.018251547396621753,-0.02304527301690382,0.05342927036153232,-0.02582766213448203,-0.02663111423512418,0.0692335879244763,0.019388884122785537,0.0022131631733229976,0.02448913843608571,0.020586564545273113,0.04334324307536287,0.01173775824344269,-0.005748976565565188,-0.01515915639641736,-0.019876675346296165,-0.0038069288832540222,-0.04598727703852406,-0.02293860468136233,-0.02643762464643553,0.057280369294048304,0.01608016794122233,0.016973707207301496,0.02813254723441165,-0.005756990641996501,-0.01207625643725013,0.0026215680230716764,-0.0003679435291293534,0.0029670703374049517,-0.09955892123829026,0.020900756177566662,0.004824226990802162,-0.14266629387611676,-0.06791594533263397,-0.06901503301353556,-0.08387954618629358,0.0402145634908635,-0.012631085893145272,-0.007356840320542795,-0.15310622111034175,-0.01987224493407575,-0.021694757948484023,0.008812272605236494,-0.06390808562931222,-0.06088162164175386,-0.051260787514445384,0.020385884496411717,0.02328534658574628,0.026000044168086683,0.15993077253637983,-0.0013617820863731046,0.00383197669558496,0.020797635215453907,0.01476233978315979,-5.0970764149255166e-06,0.05669816773466559,-0.007893230747796083,0.008778929789486287,0.01116631550176447,-0.013011640027812034,0.033267716349075854,0.030564711491483623,0.008475643983319367,0.01496920233545337,0.009033731599003654,-0.045265588522089256,0.009586930816587833,0.010731575275648761,0.005035995342120898
2015-02-01,-0.005562746428492426,-0.024907397768868605,-0.034673824232275365,0.009831472968505402,-0.10864179016641667,-0.1104167375126572,-0.032963933013163325,-0.010136504640418886,-0.053313860929844664,-0.05606064211675389,-0.002245020380889346,-0.027981949769057338,0.007476630405002838,0.019372476099940503,0.12529151104347008,-0.0389499451420581,-0.036369947157085324,-0.1431661213489238,-0.05746177967742739,-0.06632198506278128,-0.021706859417452293,-0.02692893696197408,-0.14539990001947403,-0.04918470305583755,-0.010116737620568021,0.011999632030008495,-0.0014322925414928156,-0.03431974752394559,0.01242389553863258,-0.19531904171455827,0.0024356742580880393,0.008008491953995098,-0.05641449395838838,-0.05697357295925003,-0.14422842504850417,-0.06381646381662853,-0.05464491874547905,-0.0695171198768457,-0.03298667717479611,-0.041729918637361245,0.09178134704251523,-0.010999934793064532,-0.00364177439246918,-0.026906909400120832,-0.08689164238699736,-0.08604333584682596,0.14721160203901587,-0.05543906890469162,-0.060114280333588205,-0.055581673346770645,-0.2466556539361424,0.022618290857024614,0.022007728425370365,0.22267914821344043,0.17015991361201793,0.1714179601153056,0.1871300037521967,-0.003933788608834943,-0.02111605056753192,-0.010129178382064667,-0.34637683766703325,-0.0703470001337923,0.013812714848999203,-0.0005831037722195002,0.007528672227289021,-0.04221866972879747,-0.0537426288808162,-0.03642870942506404,-0.0035437620905047064,-0.009924090837141205,-0.015613107533283292,-0.052269827417117165,-0.05235767307220006,-0.10281431099278708,0.007465194519676987,0.001311974627535577,-0.009110214889801242,-0.02654707592500016,-0.017951098934739354,-0.09966794191196171
2015-03-01,0.0719292488725186,0.0595420592641382,0.05850645012682542,0.07796065788642162,0.0801823629415249,0.08212092527749704,0.03230506077989737,0.04321973372520798,0.07933433404232337,0.08001807694472739,0.029152567657191365,0.04009982390654365,0.05399041645168152,0.04456689821914347,0.04217211988240464,0.08172559452379251,0.0809402231056088,0.062834218971496,0.06522827487917351,0.10148098269770518,0.032934458572368645,0.035869308784453796,0.26794665537388235,0.03657422996567794,0.1163088800511584,0.08700056029862528,0.08713704364202951,0.02375548277928336,0.05648062659599931,0.11900217410504486,0.024637119191703725,0.05678943689944771,0.07072686758863653,0.08007575145440832,0.010694705998027755,0.05872084008175032,0.05861893917106244,-0.04223738754014833,0.04719768804084632,0.04902022553267552,0.17246108748629868,0.0606214687688585,0.06654132659390723,-0.03217676355159416,0.1627520992284661,0.16522392957433946,-0.05929097175174487,0.05846710954659738,0.03146332002928253,0.027751403126011303,0.12395719136911026,0.036529826829292095,0.02894269770451598,0.21983413322462514,-0.02352718905687552,-0.02459753122258586,0.1568558701518841,0.05131946674654693,0.06652681043125656,0.06369566380165029,0.5567850459310986,0.039205391563382,0.06638155825607336,0.04705709371662106,0.05007762572235695,0.06319823878501521,0.1223205657916311,0.04388975091753658,0.020287842808502595,0.03145616454821027,0.024790267059165264,0.038911079196698804,0.04102878978783084,0.048756333941064635,-0.04522786910629217,-0.03986363464081594,0.024603105107493355,0.0435844672390081,0.03746278354804217,0.025815220898303355
2015-04-01,-0.02853168850749899,-0.012014227298092879,-0.01905937851302564,-0.013735209343691839,-0.010198303057609763,-0.011783484298474228,0.03410671649544206,-0.041995439516502565,-0.025157189723296742,-0.026893898603694788,-0.02496542126438094,-0.011921780910998636,-0.021932955941542088,-0.02052002711585082,-0.009879008886386542,-0.01821799606729368,-0.01801120351162347,-0.21578382988263406,-0.07924985439267246,0.008363946589146243,-0.015795548878562136,-0.02320137670667584,-0.266170709732034,-0.022239769384874385,-0.016363894216306032,-0.032582755962584906,-0.03653400348938446,-0.016397189330020656,-0.04977652553593782,0.05690432864387801,-0.0180417040467481,0.00411094155143897,0.011755020358908352,0.006929251899815785,-0.0495128343697489,-0.041631874997502975,-0.04076102093031418,-0.046703625000867784,-0.020536313723871217,-0.01930185259147059,-0.010428807424848256,-0.009486436489990747,-0.007723233227877134,0.011849160667816579,-0.08958292217254975,-0.09007599145406657,0.19716703292774432,-0.01617012981257116,-0.023898163097272586,-0.02386642073573803,-0.0993303961321123,-0.00644015212154411,-0.007614125049783386,-0.06961163873277207,-0.09605891299345586,-0.09226425971994483,-0.17912766029977845,-0.007670496001405146,0.03440455908881445,0.02871236425991351,0.46347533817350145,-0.045393234289309296,-0.019417868624328916,-0.003527853091108715,-0.009117597603231815,-0.02159362767310057,-0.021172447155945687,-0.043020344615376294,0.004175772178251104,0.005730952035946821,-0.07364473018346793,-0.03410755902921052,-0.0425838666595937,-0.024414556125925503,-0.011483449028491901,-0.010958532871830963,0.08411440212019335,-0.00708464429634332,-0.0057623531482886795,-0.24214275135545427
2015-05-01,0.04470687606153825,-0.020962410991949818,-0.0032920293263720155,0.0033170469669725005,0.036128564088159947,0.03802251101629514,0.0698753963676944,0.005568470468534595,0.060570276053683036,0.06608723448853047,-0.04044581140420114,0.012269065328515603,0.007862117976445577,-0.002772136776729109,-0.01291252942576235,0.029313015884094726,0.032970093768484025,-0.05176948903109624,0.05426325139973857,-0.04176147562506831,0.015050825001010447,0.015471346856848239,0.3046259469505855,-0.020633109383867167,0.058360233939786316,0.023918829722267023,0.028027484390341053,0.07204450235087638,0.046739915332754706,0.027848983013046086,0.025759611186846706,-0.013807920901270228,0.004436742023497913,0.008314699411822061,0.01684245195932784,0.023702342578250744,0.021817882126335376,0.010991990112621685,0.009606885881273385,0.0034665233138784484,-0.04277002845686961,0.012546128049540525,-0.006113136345495886,6.990772656547632,0.13618688823734393,0.13734145655112676,-0.003699407083740094,-0.00504395392112322,0.07276248017477904,0.06815975391927269,0.20673965263110183,0.029089515713124174,0.02421028631072939,-0.02991459186425955,0.0668373751558517,0.06809269964221236,0.07056415884653498,-0.02732857740887199,-0.010049269003877342,-0.006495650209074449,-0.05835021940859657,0.14775343972127014,-0.09073117218550139,-0.002216037131124433,0.0029025588649505035,0.008713481939013308,0.003693066650481802,0.009264375618642033,0.0003849447670465495,-0.0031091478969511987,-0.02870911406377582,0.019365756866223917,0.02242011042776718,0.00570158207837093,0.012309382169941322,0.025964291874158905,-0.08251175488581634,0.011604054398021073,0.011644362576593615,-0.0615052287875328
2015-06-01,-0.0022453016760802646,0.08119374604881446,-0.015144637684926498,-0.006907024783595044,-0.006172724056527351,-0.006726250580069953,0.011390583584176089,-0.020150762014668044,-0.0033436224655347528,-0.003720552922791506,0.043869624273086064,-0.004948172862248294,-0.004233989597569267,0.0026879524450309695,0.1611702919830544,-0.006309852748307304,-0.005229361001105837,-0.0050931410332791804,-0.0054015691588787055,0.008193234169424983,0.009850831105638185,0.009381307809023251,0.03541657676144034,-0.0068858243990530844,0.01040740656498943,0.015510488167938784,0.012081413873817493,-0.07405562492985117,-0.0010275294436351,-0.011989307167560812,0.008668676608775305,0.03630190332083909,0.02359488579175697,0.02162714476543886,0.011633112367352014,-0.004970343634924791,0.005881214260882601,0.0650839233635859,0.027400052177604477,0.025125944541057734,-0.019434566331535674,0.021261708088142914,0.024769715757387723,0.015036262018362417,-0.10686199985478247,-0.10836481833138326,-0.029166446360003224,-0.01125825762448757,-0.05901496153692375,-0.05639299448532949,-0.12875539095998814,0.02943251284654207,0.023276820649053453,-0.03558542274034404,-0.017258363512259605,-0.01667188488736177,0.02224237784524071,0.021695904091349912,-0.011093720478589572,-0.00975093537197454,-0.19154215312735978,-0.034267840431720674,-9.021391768179835e-05,-0.006212820499672108,-0.0032809565547786976,-0.021513133925313434,0.027153220515169135,-0.02870556980808263,-0.0012467893673439475,0.00497282959363089,-0.036331934189676895,-0.047586733567744635,-0.05035768577625344,-0.0017224435801438788,-0.010954255889802183,-0.013380556360999864,0.043030921763310304,0.004711226666446688,0.0070116083327285755,-0.015352011850245617
2015-07-01,-0.01973474724956259,-0.04354398515283036,0.05186802486301331,-0.025525539118621963,0.018868109973334792,0.017530044102167103,0.04297165630647284,-0.020907074893503623,-0.030444896934124537,-0.03296271914149103,-0.007571752513835078,-0.01970898863361059,-0.06975827369444591,-0.0877521037560843,0.09181083089024202,0.004584446941922725,0.011174697276751919,-0.06137912744084708,-0.07248485027592202,0.029147159424291188,-0.03767475458541468,-0.024613510153834253,-0.01192354386195782,0.0030305481583117857,-0.036826203891753666,-0.05646598229418099,-0.05565532760586477,-0.045774211994803735,0.043619011005882995,-0.027740075446202845,-0.03217546568022975,0.022470072048945945,0.021270243139272945,0.027231558387674153,0.056242443911052625,-0.015678094878585753,-0.014440888741955147,-0.05468437822589631,-0.005111525223092372,-0.018175616122855953,0.025739946259551272,-0.03804373188179172,-0.009646778491275435,-0.18086660116798273,-0.06163314758539471,-0.062228792231130356,-0.09450351631547574,-0.06513701797162139,-0.05705097073272159,-0.056275406732267774,-0.07718076845788985,-0.006473410778465549,-0.005830973557270715,0.14921254826100278,-0.1149119398069195,-0.11852932106061954,-0.23209911644003073,-0.028834955521393046,-0.04330858442871957,-0.04832664042386067,-0.011170654834884235,0.02963934126553265,0.012977250906242861,-0.013681503715019656,-0.01833095433109295,-0.012492374081217622,0.038105049131235094,-0.05180408237413736,-0.02318237896254683,-0.017839179886921165,-0.02578868476947583,-0.038138290833526794,-0.035281697627292184,0.04681818850636169,-0.05275125061715915,-0.044005877720350306,-0.034790162282139075,-0.027280402287688226,-0.040961432937206686,-0.008753105417951669
2015-08-01,-0.016386175963103773,0.05500833656718678,0.035552884996718936,-0.03359113926715851,0.0018533063123919774,0.0030508763553196323,0.04471653787712561,0.01736044257420397,0.03670188279803335,0.041232972393350636,-0.07763652121594627,0.0303303467118011,-0.030523294434951498,-0.01843967251656927,-0.13540613157234666,0.0030057678828535384,0.004213775931285959,-0.16577065118718232,0.026574360794130246,0.0015303436233983178,-0.01676555204731284,0.003507803046051458,-0.19084397926515223,-0.00917143795703836,-0.04178581722689962,-0.03645260219675815,-0.0319167326733405,-0.0672717562171035,-0.2232909523568943,-0.09003099846948619,0.03264902021205732,0.03963855282974431,-0.001738146812230825,-0.0014535020142706259,0.0018547770522097514,-0.05820179739406555,-0.05955867637421751,-0.1384941917091598,0.013854339334727376,0.01942981777547714,-0.05381494628603134,0.0395347107226948,0.04223673112763031,-0.0639383850847262,-0.10130172538335488,-0.09971442606168107,-0.04535300589450573,0.02333383963987944,-0.06799874533126145,-0.061631352997921995,-0.11588946005321106,0.026986774532142512,0.022071830620642777,0.49105824069304854,-0.22539930605724154,-0.22950605093741525,-0.09948043126676433,-0.01777622473381663,-0.008358997394283798,0.014943942125615284,-0.359486543133093,-0.0343340237652043,0.045238988205502505,0.008440943301724561,0.0150262186423385,0.007994186877674182,0.01338781925749964,-0.06130300050422126,0.016625358285790925,0.02206489055237957,-0.03579417645103017,0.04061558514801617,0.044224172069733274,0.046526100249939556,-0.0034271493874052632,-0.015752158995480988,-0.11507207757845167,-0.015790183207346906,-0.012885324377924908,-0.03461714670495529
2015-09-01,-0.09440115979558329,-0.055087720916879454,-0.06856201093625888,-0.11618738668354689,-0.10517536793826665,-0.106978472705978,-0.07718616506909663,-0.07173900351259598,-0.08655797971002839,-0.08770921661296066,-0.08849430305600131,-0.08869749108652618,-0.10952255209838532,-0.10914843469933316,-0.05023539362068142,-0.09347195891560756,-0.09431227948610178,-0.06363826423120535,-0.09467410062254536,-0.04934696424442845,-0.06416443150445979,-0.06179117407664313,-0.05546880472431222,-0.09318806767143797,-0.09904780982913072,-0.09800469054981367,-0.09657534358045,-0.07046563619852855,-0.12322434980654647,-0.17067223161852432,-0.06352238984364444,-0.11236494724815173,-0.10037671906580663,-0.11322688808254507,-0.07229607796157791,-0.08932971909383226,-0.09684021219651565,-0.16114075157535618,-0.10788840469736682,-0.10179541927885037,-0.06567550736838698,-0.09698494475799614,-0.10084668437778264,-0.13109275234596157,-0.09508268583949028,-0.09565947973768156,0.035402351869777186,-0.03184578254467005,-0.07892192680588793,-0.08087631919855329,-0.11045338574817111,-0.10801075539679193,-0.10890580576959384,-0.2753320877770971,-0.006769978307461792,-0.0059270114066400145,-0.11080457149981253,-0.08890030963418175,-0.11801523176279412,-0.14518891416651636,-0.04335016000637465,-0.05859617837153731,-0.0761157317013407,-0.06645381275644276,-0.06702474179935475,-0.05921717841588694,-0.05489417335576493,-0.08104966302107001,-0.09222591090167279,-0.09202793578718015,-0.08728402430049198,-0.08411146428329884,-0.08564329994036253,-0.15643551694339586,-0.06928106739240104,-0.07406372539244778,0.05187553679726435,-0.06803143101411778,-0.06966624857121156,-0.04793637840095088
2015-10-01,0.021041386326481778,-0.00591295453504499,0.02849965169485614,0.004116118098274214,0.006201317868394178,0.004283637826559667,0.0499134060493552,0.036693066804789606,0.02989317111280523,0.03408901351945977,0.35649774901200265,0.023541265864197886,-0.05111528475619876,-0.04108446454780981,0.07111369794830268,0.0047018229930711605,0.0062630951766231135,-0.09967596516633,-0.011855624363496005,-0.016810738904346968,-0.06131192286263622,-0.04996732328468283,0.03301761438051388,0.0331664394668194,-0.06141950136526092,0.01742219445895459,0.02071280381843829,-0.04640524353270805,-0.06630025092859777,-0.01507136974525559,0.021948160877569012,-0.05120478443907641,0.006073679585988826,0.0066123210808462654,-0.0171539608039852,-0.06863567026420779,-0.05982141181348185,-0.052504067776972196,-0.031094212251558076,-0.009868543074111199,-0.025737341520143748,-0.02728694229133001,-0.02224548837688737,0.05493242866320051,-0.04200948555038969,-0.04163768442074574,0.08658276908746157,0.020683685909709603,-0.030764936848945674,-0.02529050522445927,-0.1618367394290239,-0.031453272276842185,-0.018743888842355,-0.019000455837339232,-0.0424482448673289,-0.04178534294552669,-0.04677284155065999,-0.031030390763653028,0.008877111398570645,0.010214916952089035,0.006315411450672027,-0.061055054348924775,0.04037848452844049,0.016210444987701418,0.026930540993020773,-0.029889456165853034,-0.04427314306578011,-0.07514946149811556,0.0054814936207647005,0.003972517430453634,-0.10968343277578449,0.02170846696219264,0.030323512577236648,-0.11400527184662627,0.013837105973427369,-0.008278902407720511,0.03577371618433432,-0.03379758721511304,-0.03944651538145514,-0.11396774970941523
2015-11-01,0.12985716224604335,0.0789568051809626,0.0072672217716510034,0.09524958794985275,0.047777571891797384,0.04746523368413193,0.04425791110686415,0.08018691309342034,0.09623969024466233,0.09826242854940319,0.6225615396855025,0.09076474832110022,0.10785574582516838,0.10283243160436856,0.002295212215168647,0.07467826082846188,0.07419144079876219,-0.11860859780386555,0.07006959256745829,0.023323283503933277,0.08726308986980623,0.08139795015903332,-0.12502704921137342,0.05300720700876822,0.13623641184918472,0.10132048602579143,0.10414848675315691,-0.022806017802949476,0.14192686699165982,0.07404935750374454,0.04602800128692977,0.016251988723312287,0.05677560542460281,0.060377823336283706,0.05343466386980696,0.10448022253165387,0.11317027399694493,-0.003098909129176361,0.08248097474328289,0.09915271113754158,0.028124934454834685,0.07780425291189774,0.07407062225105147,-0.012272454638365474,0.060408304682010874,0.06171361935480908,-0.0002486013940651635,0.06031700896043248,0.11786126074649325,0.11918421579416903,0.03213446142395979,0.053912119383438976,0.07709993948524259,0.1539691920839541,0.16566867947844846,0.16812464293224053,0.046494290300494276,0.08641829788056643,0.10737707881280771,0.12160274375605856,-0.11330912339602682,0.13770171787665367,0.050992134918198116,0.05145380052909472,0.0584552838090371,0.036323372208892014,0.0827696340066815,0.10470696421363758,0.06525383572813723,0.06793819466043748,0.07112245081294065,0.06826089381754993,0.07172393243131468,0.09161836933311447,0.03119440229908552,0.03631062760914435,-0.02690709910453095,0.04590134281664303,0.032253142498512334,0.14832557530032478
2015-12-01,0.022704908125217197,-0.007840453091197606,-0.00606092221287117,0.01862043678526642,0.02998741783136859,0.029880196312926165,0.03239668409637817,-0.003992772980984913,0.022448513491146255,0.025342144873373308,0.03502814281049107,0.021442324684839795,0.006649866679554003,0.008898765366017561,-0.13454134487738484,-0.005412536112806089,-0.006293772219946366,-0.1653749333268297,-0.09971465228860998,0.07841179396923803,0.04856094451368585,0.04237222730642907,0.30014027801920173,0.002077764103270359,0.000771698662603537,-0.0024779468730801086,-0.009106106867434575,-0.034658750007567414,0.021054887010080448,0.059854874767256094,-0.024380775553490087,-0.007305413978224819,0.01525469673422944,0.013550523606157846,0.026915000425333055,0.013215398013119394,0.013120087583141572,-0.03227503397641907,0.06769399643759501,0.04923237354169638,-0.14419948595250273,0.02867884766181928,0.029312651041959577,-0.002558981655324602,-0.11381317156800286,-0.11429483472896991,-0.010631163973569446,-0.030370830913374964,-0.0012197640159936137,-0.0012315693329074183,-0.2317514496857814,0.008919535473724184,0.0029188751239090233,2.400854438219528,-0.03687067955552478,-0.035265556130446955,-0.06748091276167563,0.016055689070451344,-0.023442284825532463,-0.011572484248339744,0.0010349382866687113,-0.017226283733514605,-0.010408610533707983,0.021689458184670486,0.03683460325637144,-0.026554401788679287,-0.01767990793351098,0.008673990987185349,0.01433429335675839,0.01599879003269354,-0.02834769566065873,-0.020594821800644064,-0.021338743654259175,-0.11852615645883048,-0.03003757295114551,-0.03930447568409568,0.013624573533802167,0.012506907389531167,0.016579312463265695,0.07455386497725655
2016-01-01,0.00424247218597082,-0.010945849615984691,-0.2668860037900851,-0.04417453851300213,-0.04569384311166362,-0.0452025690710553,-0.018301045429249072,0.017787806683416722,-0.022810191508688158,-0.021344324535550813,0.10567337282763466,-0.0074206583143102845,-0.06331972460244342,-0.05567051510769905,-0.07289565788670398,-0.03833128477404285,-0.03741805203415023,-0.029482685630986185,-0.03807422642589751,-0.072734323488396,-0.05639774396064925,-0.05576086157046204,-0.03534871066092728,0.009644528144586053,-0.04857117825022626,-0.06837032338711793,-0.06809627949366431,-0.005903619841909386,-0.04468490549855491,-0.08708559641828181,-6.123117548155601e-05,-0.011494540889219768,-0.02997670941119404,-0.02636177306872511,-0.0917209140257954,-0.06181143797506782,-0.057170972199115114,-0.05740062525396933,-0.00774863598504403,-0.012393022143289724,-0.04504008804661353,-0.030771541278110114,-0.03399283931533084,0.08079132209343638,-0.0629850724602229,-0.06440872986286511,-0.09343251415086319,-0.07002981058564203,-0.08275616297720555,-0.08030640022959773,-0.07813161768281959,-0.01406520737272169,-0.01491169411400121,-0.29015457642830383,0.00098897409105569,0.0025800683472634745,-0.09579154463176252,-0.10417642145329285,-0.04258655413788438,-0.05507372384460465,-0.28573582619669174,0.0017276132810322236,-0.007107955054659208,-0.00838144179724089,-0.0016370071937595754,-0.004708508848429196,-0.04223544475289374,-0.04386854749047921,-0.030265731713383197,-0.02960412319021319,0.18928025593433304,-0.04952542421334287,-0.04494520553090902,-0.08967069258933966,-0.014070089791788323,-0.02426642732290099,0.037083920506450756,-0.014135052909145502,0.002032316231348536,-0.160595315087656
2016-02-01,-0.09010858053292256,0.006897314912805719,0.02363201618641736,-0.11812935320269319,-0.11258725520746918,-0.11478331976294016,-0.05907020201953842,-0.014245075065844354,-0.04224602658541273,-0.04003811525392115,0.029228996918316506,-0.03999474362957384,-0.09138345678651182,-0.09046753520888956,0.08726030180370754,0.005074966402509744,0.013566360691117286,-0.12904695435608207,-0.12336467220498283,-0.09738622370828572,-0.09339728733888882,-0.06853086198342187,-0.24378653198486216,-0.00879810972984857,-0.06944054700878574,-0.08126375305725521,-0.08070514921614724,-0.024985319341192396,-0.08906291575465711,-0.05383592947925643,0.005033978319680436,-0.03209238831210691,-0.050134603711226425,-0.06427190688969474,-0.06062393196024422,-0.05850257058593908,-0.0534937487098595,-0.0009112407971089559,-0.08720735329790387,-0.07439842748280102,-0.08409234262995055,-0.0365699819711969,-0.034979293495628366,0.23185953341565757,-0.11275341631109466,-0.11446025243730058,0.006062689664684514,-0.09479872011681716,-0.04963532981943228,-0.045535631440512134,-0.07569633949503143,-0.08632242309011524,-0.08568570207004125,-0.14507986430890502,0.08818335326258399,0.08928341032895605,0.1561838011405512,-0.025846799318834622,-0.11049536948037628,-0.12000718792130137,-0.21011551869811387,0.025256612815041518,0.01646504205357284,-0.038349322126974665,-0.04016254061094614,-0.03254106932277961,-0.052815826419939184,-0.062001508399606144,-0.07042471828873717,-0.07380452069536078,-0.0712073110398863,-0.08767410767355918,-0.09507882674215651,0.022934969047050342,0.032739444362170696,0.018606974906903835,0.030625749860255475,-0.07889007643015102,-0.08992685293801894,-0.0540430373852231
2016-03-01,0.03867249701090244,0.0610008749846694,0.022534852205016713,-0.0075357361257474085,0.000507451252180628,0.0003302598689315262,-0.020275819893595996,-0.0018891630778933802,0.005681661906288322,0.005287098987844711,0.011242691530085233,0.03335850040655391,0.04652679632601882,0.04405969169985313,0.0416130308699196,0.03900744292554271,0.0345463931323463,0.13525804953306642,0.0895777853906,0.0384360494850632,0.06146149237479924,0.046753613345579176,0.15551513339136494,0.016481825753639847,0.05708909062419843,0.04000781767563377,0.0383508950195406,0.008986925568934843,0.06896058239598461,0.017362118804603126,-0.019303626043601835,0.003636791386644472,0.0252379102025966,0.02399381125551772,0.012464800603294572,0.07457999143836418,0.08608898042631373,-0.006268168439572393,0.0495671008804751,0.04788085654482921,0.06449309873923939,0.005392787276306377,0.0014964840336335417,-0.0024912967804106706,0.132787854398203,0.133487318998236,0.04330642895317892,-0.011075229796662289,0.018875978618746805,0.019441681773761016,-0.09221243927505625,-0.0058127568576060926,0.003398199783213461,0.35428614878010245,0.27005511917250496,0.2674610752140748,0.282805708809704,0.03467579805522493,0.0016356030175692755,-0.004773074910182409,0.1399801332747565,0.12163406720866819,-0.00023119849600758906,0.007724017028774368,0.002687570338909568,0.02490134404741559,0.10147464672195755,0.06798652180062718,0.015262162346480798,0.008341338976060292,0.00617871423218422,0.07791431034785264,0.08386936717475782,0.22233826748604885,-0.006054762138425173,-0.016841570687326987,-0.06993202138352936,0.05083372589968853,0.0484844432892777,-0.0068804467546482485
2016-04-01,0.047633513535839375,0.05152226237598736,0.006120916542387103,0.019796784154349722,0.03924242264457521,0.03954536886300623,0.004565245494708915,0.050400546815717776,0.06556028466118952,0.06678450190641275,0.021252854565655267,0.045111888103013295,0.06674448323433,0.06512233565172885,-0.06660564375212852,0.044423367725438714,0.045423902073386035,0.21096613959553528,0.0719223694463238,0.07848406827220883,0.10813056474057363,0.10711939474220944,0.007029511039462141,0.0471990381538811,0.0926754585245416,0.07090984592162428,0.07146717385791272,0.3371577988279402,0.05220005884469716,0.07910122054744673,0.03889622756045265,0.06722592205729726,0.0513190687167317,0.055115171254273926,0.04519089679182161,0.06262504076061741,0.06763108661413585,0.16817823851779348,0.0585945193516627,0.0625504712898866,0.17481796342072786,0.04876709451649834,0.048186846213083244,-0.012131543276056589,0.1254020828673267,0.12600663967389536,0.004073698315089216,0.00746221085987509,0.058040609137589315,0.05757484598934867,0.0426778465305029,0.00979060708769382,0.016976384882133218,-0.02990881547610861,0.09075838541314075,0.09058696007929547,0.0751452553304188,0.0778342958884184,0.06408100878202215,0.06579556644245806,0.022720410961544757,0.044806847998903075,0.035855038812900905,0.040623448789335354,0.04374912407890186,-0.0002806203667946386,0.06940548207610686,0.12408950505780572,0.05569139894393639,0.05215470868468022,0.10333014229533125,0.036880687286424366,0.039927669739243894,0.045022352805323136,0.07859381661102506,0.06779055271024775,0.11050507316858041,0.03853032886238492,0.025620607960665842,0.14229235820043337
2016-05-01,0.0010974216339584648,-0.007103254588355145,-0.06918037000517466,-0.005601690020518102,0.05773335703087002,0.058865162709689306,0.012326128577641648,-0.008765497824166343,-0.04525586686529196,-0.04751732426994579,-0.06394717932272921,-0.010592176450903148,0.024230381466609302,0.015066363839297221,-0.057656481467452544,-0.011374705111138158,-0.0121967912482462,0.06498356713286749,-0.05402615554485427,-0.010010764362903506,-0.0038305778834670503,0.010630141974230097,-0.11154126514882119,-0.022629114088417668,0.0005312609304677382,-0.09045116499144247,-0.09269458695137688,0.02352990040967326,-0.09688330137566796,0.052874406904892673,-0.0024891848981314505,-0.0044927936798088534,0.00520532388020663,0.0070582883050979515,0.029537511850139357,0.0339619644443468,0.020873561015210533,-0.01820251052346251,-0.019732608890358234,-0.0004556418703798319,-0.04017951257024159,0.026020327009980974,0.029308143957730334,0.07062653230199885,0.17910670967265427,0.17892936552642386,0.11768456729303764,-0.02636723816162765,0.10348851431787638,0.09972321693528088,0.13779509094285938,0.02618626989551115,0.02939420899348933,0.010254542554234596,0.357024356376682,0.35643398393376574,0.4813269406366849,0.002460927986503276,-0.012955410297589409,-0.01652203306517041,-0.02189596078868703,-0.012721842214933518,-0.031109749500671854,4.839339796475251e-05,0.007387911944269767,0.020448177055399256,-0.01603634085162645,0.007040133398334704,0.0002930987796280072,0.000223136925403097,0.014540374052933323,0.0027042961901856096,0.010843598900865638,0.03513778205216787,-0.00017354679759345188,0.016675086798132857,0.014790992009904786,8.913717272667745e-05,0.004792466877158171,-0.013471696686275977
2016-06-01,-0.019724666661801622,0.02307478147345951,-0.05126876951756775,-0.01915749228096126,0.007607190771067239,0.006915590078591613,-0.010545223625614403,-0.0035940098538202857,0.048432284013910414,0.046507456261022026,1.0012962419245355,0.012772310325534218,-0.05173804291689806,-0.06213909653392666,0.02865015820742097,-0.0055636023573252796,-0.003917918234109929,-0.03966112234612387,0.05155181678851644,0.02566752739580619,0.02212139964133817,0.015474905329360352,0.05376735919493611,0.016539134031368235,0.050505804234841696,0.05504221967938549,0.05497873617760121,0.007966843107722325,0.0706547091045738,0.01406426467767527,0.019615171232316687,-0.020037341170932612,0.01604493250960259,0.011119909276587372,0.018039613577154643,0.012528058366049147,0.023445320025678014,-0.14856075044094283,0.036355044459430046,0.029975834636071348,0.019907164043038602,0.019120426073657288,0.0200233048540493,0.10996529908661158,-0.12264374220215976,-0.1259984925278646,0.011715019595152042,0.045778082768455255,-0.020766774392643968,-0.017852443864021697,-0.09625560146873974,0.01944658187580271,0.0199970444568598,0.05010331279725419,-0.10991816316216847,-0.11091760966074714,-0.23206730440627635,0.028965353375419715,0.004119113369018452,0.0030278847565230887,0.0067002881564001485,0.024882753207629723,-0.011317481196838449,0.015566545211213778,0.025980119155820762,0.02183280429034617,0.0046323285748962224,0.0072988009780820375,0.014871737097249748,0.017142376309351153,-0.022280276833577826,-0.03314057810848327,-0.03055492672564703,-0.08721181535403612,0.012340059382849515,0.014776868983212874,0.05587853614886501,0.02407372606821417,0.024819493680622976,-0.06907256448557596
2016-07-01,0.021377920155815945,0.07827607667897629,0.02188019867308705,-0.06150652464883168,-0.06511673593399676,-0.06652070868226742,-0.0476896197522785,0.032203750520389214,-0.024855304439389086,-0.02370563502408652,0.02385933417617251,0.01692124659917555,-0.012430962839380928,-0.009699513053126083,-0.017342878059925092,0.05544521953832525,0.06294586164567545,0.01688898813007838,-0.01421229120906229,0.0036668979110597672,-0.02897726155502196,-0.03238029945819518,-0.04079620710295741,0.027201693334047487,0.002957371095379624,-0.014281212416952363,-0.012699012486836064,-0.0447443598360861,-0.04036673398067581,-0.03923556754853657,0.05092804598128341,-0.00946648922302825,-0.01080301102060205,-0.008815783671969675,-0.019906632156737426,-0.005098826859911806,-0.004394863435593924,0.021685424655112393,-0.0059513007617381245,0.0004204835481608476,0.01120865375607014,0.043381943494301925,0.04359911036962621,0.06690444346526292,0.08090996159529933,0.07838115381584482,0.11216162658471956,0.27062516231848155,0.03868529441757596,0.03762494391298062,0.11050754061703512,0.00797161379468604,0.011996120964153928,-0.12737227345217944,0.28436930362171914,0.28035228527673417,0.5471635885278531,-0.006533392446530676,-0.03509105193504649,-0.0397482523312243,-0.09326429911925756,-0.014418257231869564,0.004597338493509285,0.00668393897581572,0.007933373398515511,-0.033713989111649835,0.00019702180486178423,-0.004489942670329863,-0.0013705811925771908,-0.011041224976210729,0.10675360774339117,-0.020358943378847916,-0.015731476728602062,-0.09496085850134385,0.06087998283625041,0.056994829734549605,-0.00952942540592094,0.0210646432757379,0.02512669983274986,0.41656803013290156
2016-08-01,0.01249586491576429,0.0036936364852771034,0.01437473580228406,0.09529462405835554,0.03288721915520923,0.03290032490197949,-0.017990116530398777,0.025926868665521983,0.05940947197032418,0.059723318798696565,-0.020320046180871576,0.007257149780472304,0.04125594895125056,0.05001084456018619,0.04989985107903193,0.0001682183825678004,-0.0031893807804305604,0.0008693731666640964,0.07723056453486225,0.0411087971880869,0.06194664618981367,0.061104938798458845,-0.016949284700744305,0.027418131109778567,0.06828164097220342,0.10179459745305594,0.10212869409642185,0.005650340003506986,0.05449910760544429,0.028300703921057643,0.0065541139601259435,0.001754421479558055,0.005123445201845133,0.004203564812773577,0.04539875140672586,0.05074732143577312,0.05833789836694401,-0.004076170311310965,0.014272914279688463,-0.015067725060128377,0.029650840400778193,0.05330204742848248,0.05394887580453894,0.024235658982904723,0.03345111388043447,0.032636164668226934,-0.10695462422419841,0.052384829451174376,-0.06491892755993545,-0.06363645176187542,-0.05079003016329126,0.05371148874895969,0.053482339348871956,-0.08030641388323258,0.19349265239439004,0.19584492919690333,0.08786216093451658,0.055031677979763126,0.058461117671785794,0.06325222174639722,0.005518336497340891,0.007412263186137885,0.016304160989115024,0.05238552346538584,0.050499174333779484,0.033124705250684436,0.02197509688046827,0.09269631300670923,0.049174211660776124,0.044979665887291506,0.023419594662156408,0.05003056956573152,0.048095536336137286,0.11321513752522962,-0.007807651609067293,-0.004361354611783227,0.037440635435966825,0.018603090636123937,0.015967895742487585,0.07843969705388254
2016-09-01,0.0015958738393417069,-0.01311206074043821,0.015253433363672806,0.05004813845658592,0.05451896713421125,0.0554537885585744,0.006610214248085404,-0.03869905880679675,0.01066997915110205,0.010692811216955287,0.06261608107265135,0.01527119060282514,0.020203261225872876,0.008837229733927303,0.04925488334447123,-0.023124363050113714,-0.02044634668085432,-0.06056143080573283,0.02990281766470962,-0.0007960455607327844,0.009191992016432976,0.0075711703453075875,0.009800802288734416,0.008270236817231828,0.01829706696115933,0.020697278917459424,0.020082380451391105,-0.033391087186355334,0.03496399720735371,0.03891295049244764,-0.007964060628707685,-0.03611075191130472,0.01476281654779618,0.009655245782320037,0.04110094424371831,0.03792328290477924,0.039176322696703375,-0.04985821183698781,-0.02111282242087695,-0.028385237227836063,0.02209573751674256,-0.013657471500376026,-0.01685503658114772,-0.10399242491325246,-0.01685439336472989,-0.016851427375062913,-0.04164061249511446,-0.013413963535931191,0.0271325249380709,0.025729906897653875,-0.04818759295399142,-0.0557008807740102,-0.05843423646481851,0.1948542302799699,-0.13874752610704236,-0.1418692867737404,-0.11491092834630226,0.007627519350795464,-0.014597658166514139,-0.02571462516107032,0.04746838151291801,0.01219972775166885,-0.0084138869017884,-0.014746152662644141,-0.013343150912822586,-0.1382786523287026,0.014391153009780718,-0.0016017041090598501,-0.005033601254257725,0.0018520931678677474,0.04526963799526085,0.0187406355055846,0.021236618487048425,0.10816942440989662,-0.04300410407259304,-0.03416501689715384,-0.0018126236144354857,-0.008442227318224365,-0.006445400361532289,-0.014136561933456929
2016-10-01,-0.027838344535602216,-0.0012136813622756406,-0.0764014761659167,-0.023473573194998494,-0.024609548537567503,-0.026377523123628135,-0.011964405705513622,0.018500537925624845,-0.0020454733839581816,-0.0027748366472717017,-0.02356807552145756,-0.018199321616479715,-0.02747147835687862,-0.03247350351873743,-0.11324761536509793,-0.006014023657267183,-0.00717413733075372,0.006417159911130147,0.024711841268947193,-0.01895195901917806,-0.014764071302323229,-0.008719114169975123,-0.0071068078994867955,-0.016783535595257908,0.011677742106322709,0.04642908571286798,0.04873067134843557,0.010845911709111216,0.03638806968836968,0.017716222882281734,-0.010775885478545204,-0.011595060492317602,0.008580996493379109,0.011720767605571647,-0.019420843032089255,0.015985860285849165,0.022043274649897224,0.08377902772464177,0.02020228826078213,0.012818777689195607,-0.039372256139074725,0.001845253983891888,0.003502658795449911,-0.03907248040582479,0.06347830042545069,0.05994898005565428,-0.05277418837811622,-0.02567739654640234,0.02574303772937351,0.02290635829118172,-0.050401877535722964,-0.005562432657222615,-0.006154652701349887,0.08270388666593936,0.005694109270426504,0.0060218989923372344,-0.08442910008984848,-0.04627978793548288,-0.003427380588855214,-0.0028273428458089472,0.08187054465462594,-0.051846799996247694,-0.01873039142309356,-0.0008481963146669188,0.005419132231944347,-0.09126812928966972,-0.03816557266138787,0.028883265579177867,-0.01627661352443379,-0.01585335193811779,-0.04415876679839783,0.02622531669561952,0.02787715724132012,0.009598421826436465,0.015732398004156118,0.02152638589373396,-0.024086620988844207,-0.022935699183619433,-0.03434605446973028,-0.027121487745771927
2016-11-01,-0.0076091043953383525,-0.008434608637232525,-0.051777054630491974,-0.011196101221603758,0.02704576197845852,0.029046919823586793,0.01477696670050471,-0.022168711164137166,-0.003709831388706407,-0.0010034953558741943,-0.10273591005080134,-0.07151223306061505,-0.03196190352647171,-0.03939625497182763,0.08941832616960249,-0.0669729073317706,-0.06743720356467808,-0.003941316723042141,-0.04313173678795288,-0.05180269781239134,-0.048891590457649035,-0.05916024130489191,-0.23322864381401245,-0.046954881560439365,-0.057873040754747196,-0.019839630168820444,-0.01959738106070296,-0.03736484033745562,0.07974308788359037,-0.08084831481902685,-0.02667761412554673,-0.07761679284289304,-0.017253903627962197,-0.015350329082029962,-0.06401377555298611,-0.06150258449389146,-0.05671208339637148,-0.04890030138138322,-0.06958674035129203,-0.051045166158710596,-0.027192513093209712,-0.07898755058995646,-0.0852528249419451,-0.10483658698854845,0.03156075201701345,0.03412647200496744,-0.11963094751306007,-0.044006342560287966,-0.011771496827313327,-0.023613201879976387,0.07716378070727985,-0.06626502111977224,-0.06507726311646354,0.029252659638758095,-0.030254551710868993,-0.02906906380323585,0.02901674728066284,-0.04950409019448093,-0.0677218343992212,-0.065254803200866,0.045861001746271626,0.014481371744348838,-0.05739515065909225,-0.04987046399736087,-0.05232102197782729,-0.09838354064045726,-0.026759471690357813,-0.03480991441575904,-0.04360622176821174,-0.02951764424862258,-0.06474878176995352,-0.015485781908561806,-0.020423059215380845,-0.1241577400182707,-0.022293751389798624,-0.027103773986551775,0.09581918047501926,-0.09731068360719773,-0.11243351231188224,-0.04507651996508763
2016-12-01,0.08606347559541763,0.05539517317836688,0.025864032966781945,0.04064620426837992,0.15885061036107992,0.15784939604055803,0.15739326396620812,-0.06998630620534287,0.0017076205898971931,-0.0042366687411302326,-0.044829362989820126,0.03703601426056375,0.03832082119703517,0.012501799772749445,-0.0441614451703272,0.06016575247582093,0.06291356852684103,0.09394211201679768,0.010132227458615728,0.07294108539577995,0.09168736877545837,0.09371279265350052,-0.004900756777004155,-0.03894146761305967,0.04726144886524508,0.0037328403890088675,0.002515410841152645,-0.006082253680330239,0.010665319159028429,0.11117537854470035,-0.0796161743508838,-0.018520746882308533,0.11209160874012743,0.11459082199071223,0.16912121037325387,0.1281999890667117,0.11730296183833479,-0.04361319644838571,0.014318904877379685,0.012107452215298561,-0.08333581452157414,-0.05291827732011295,-0.06352465397418891,0.07713041644719328,0.12888036288919863,0.13196942291338923,-0.08850001477043266,0.07823201153373284,0.08926515933236871,0.07458689180377885,-0.10238367141613239,0.0030512894343485784,0.00691026873950785,0.013950367900481563,-0.1713082636871852,-0.16916991287766062,-0.014105734832043346,0.1025668709025248,0.04367651833368618,0.034774516118882666,-0.0010369001460636038,0.006863486189215122,0.09464310927140977,0.029783295568482207,0.016527910036808174,0.10925005705852198,0.03885954884802071,0.18911265967272128,0.03355062902014794,0.031187072609201966,0.13560458445080176,0.11027667041700613,0.10435161250643347,0.19924175032205732,-0.04200335418503506,-0.053937832726416626,0.05506684130620551,0.10329691947191459,0.11110120647550165,0.03915027878200818
2017-01-01,0.01106774173251492,0.02897118557313129,-0.01990365176708019,0.015734948182999,0.032976133237756576,0.03163775065153862,-0.005286476519159628,0.04787747751342706,0.02773837386722932,0.027576218672876077,-0.012897575375400386,0.0021429395661508306,0.028885867608225483,0.038719504927719424,-0.008781235163746867,0.05020292306118041,0.053297000098927516,0.04522005693009565,0.023816384146850177,0.018247862920110255,-0.01023579699302457,-0.008661980961111778,0.3081282803547334,0.018082350306755354,-0.019448991670768398,0.05729413721005556,0.05691211890115456,-0.0022242123040010124,-0.02178808458274709,0.044461851077930915,0.06813405328906218,0.01210975236795908,0.00833690077348012,0.004208062899634723,0.0019410524548709486,-0.013387872316835688,-0.015990440323995412,0.03129340208485179,0.01629162703712213,0.010584432789626572,1.7255488806403556,0.031254288011343785,0.03038835811027735,0.6137636851111453,-0.0365696160045635,-0.037394389279633164,0.06111923975563557,0.016101640258254116,0.04410144188878438,0.017203924280575413,0.12695652803834737,0.017426645210619585,0.018440829644039668,-0.02761534351009724,0.021783578600477266,0.020741513990802957,-0.05311552084279608,0.014130080931408622,0.03327245647222127,0.035945990252368235,-0.047347597362880224,-0.08098184655174391,-0.0043230161001132006,-0.0025081902240369847,0.005079350307653125,0.019631790445253067,0.022081780671044604,-0.013060022619829784,0.030245768441643808,0.029404788092059892,0.07328284241618951,3.6753712952322876e-05,-0.0009653131272892183,-0.0029037898583000456,0.049602247408012945,0.05523960024030169,-0.041423996417018674,0.006761945969212771,0.002875685233537366,0.01615653992593445
2017-02-01,-0.01776034639297794,-0.010943181586623333,0.011157508370338243,0.006894453298202435,0.00861820758124103,0.01090472824444731,0.02440753116156249,-0.013245205990023408,0.028264002451903168,0.03202881625958637,0.020575468295904353,0.06097271637252585,0.051833815841009795,0.048875704282692965,0.09215873869698385,0.022399704326885872,0.018631373996940103,0.04434026978906404,0.02212674426488961,0.052310626138376747,0.025403452665243378,0.034445259212737396,0.04257421601577352,0.020876408423246264,0.05169542633880026,0.05802248486828291,0.05446207564248941,0.0668643400808539,0.05208245922287444,0.0174722609987946,0.00887968155329461,0.007275909656828291,0.013189244165794948,0.014332583079601922,-0.0007639579073263902,0.0492679589472669,0.046650027272324944,0.06826793012451564,0.08222452331910349,0.07488226403607519,0.04283371026422272,0.06816246511148756,0.08015784752687052,0.06275132917655034,0.17063066443911898,0.17272883634291603,0.13275437538083126,0.005637945855206186,-0.044162094428466275,-0.04482413524201957,0.08473133461941099,0.006278074732732538,0.006893719070800868,0.06264523605128533,0.15672129000997692,0.15449441975335232,0.17121375389683263,-0.000978829482686548,0.018137442756998055,0.018831968658190687,-0.09718082109493739,-0.008987828863717092,-0.00030706530565125347,0.014017686867540836,0.024074279796448907,-0.0558889083867677,0.030161967273123876,0.051627835085572324,0.004671354176590653,0.00639626804232878,-0.008129204539886786,0.03434486282287954,0.0396867678844199,0.08417535511467246,-0.005123895646154937,-0.011476078059999133,0.042757086622170634,0.01880282317651618,0.017498611792739437,-0.0023740971089384094
2017-03-01,0.055136254276720816,0.07075287539457349,0.051554759306130515,0.02416823079731629,0.0676254918028988,0.06972661851802997,0.02619524736837766,0.06237635406026445,0.05092735405201229,0.05220349415283314,0.015336976946611,0.035727121423770235,0.026989162241579174,0.023972611585569438,-0.13204675855189651,-0.07810384784405129,-0.08764842501924795,-0.0038239231995033343,0.09945347762758845,0.05811064863885278,0.0629762936763214,0.06020121305253474,0.06705270940448368,0.06166516294498625,0.03620883022419003,0.052794734501732825,0.05385437185549023,-0.04483243225189351,0.0177589817832118,0.007477060596075389,0.018469750547880495,0.045497387691270375,0.04336708967845556,0.04182470263897956,-0.0006569212495769392,0.03909883322594527,0.039833253627884646,-0.05887591957550175,0.04730687986736579,0.050441327097537174,-0.0047309866385869415,0.05979234965048275,0.05492617127584544,0.0708497032880734,-0.059937888191482463,-0.06073243547561028,0.017520574112647232,0.017494627475191787,-0.004035877123518418,-0.0023004244881066928,-0.03928881270394756,0.0805533599310358,0.08249175824383553,0.048596202678551775,-0.05135065027802534,-0.050184149269445616,0.13963496585296378,0.011665055012268048,0.08432834663457504,0.08913336933749738,0.0072282738126636485,0.09364210740822886,0.046109417006629023,0.03558677485279301,0.042766583463288016,-0.004840903781056347,-0.007652885687261872,0.06768241373730673,0.051333560740659895,0.05501299206653143,-0.04873649599992702,0.04483690508975101,0.0459640343373646,0.004657661981089267,0.04382588873525536,0.03908203969227387,0.026575069986675533,0.034880507843199446,0.04142170317001053,-0.01718419188619486
2017-04-01,-0.019703282367321395,8.196886389511094e-06,-0.010566240562106385,-0.027405013678872624,-0.05347426162909595,-0.05391898385860416,-0.050714161583988254,0.008990949124153066,-0.000273149573374405,-0.00010918002970532241,-0.019654390844773717,-0.010926564212117329,0.00018454101848906475,8.077822455537369e-05,-0.0033892614013791914,-0.001562019752457327,0.00038227153118049987,0.03168390459435704,-0.008620187353867216,0.008505545678073018,-0.008706077542264186,-0.0025133483801648504,0.048995265932834285,-0.013538324723296493,0.018773332021193037,0.02221361419955711,0.022935182961693917,-0.013235479052736733,0.047279269051007135,-0.009294551972006328,0.0034362835581114148,-0.02034454508946149,-0.02426167076182515,-0.023637327009342173,-0.04477707812046014,-0.007688420262945264,-0.006381093021740237,-0.0331634353900725,-0.005571462951400367,-0.014305850940223581,-0.039145603542851654,-0.00369348738566633,-0.005999491118470261,-0.1459356449643997,-0.043613045279855385,-0.045170802832568836,0.040456756899560735,0.006011231187606394,-0.027005574948302042,-0.024660715691426152,-0.0984134845445694,-0.015168055916307778,-0.015683740195905238,-0.013711923099126848,-0.0059652060416671305,-0.003326553669353637,0.022682139005806616,-0.03213881992344279,-0.016728710984129754,-0.01673475919627333,-0.09372889242732238,0.01349562503973021,0.01986346617815186,0.006535935755726759,0.009132066071099489,0.054351708955508726,-0.031042407163778332,-0.06405445935613335,-0.025637427215199484,-0.023911769544027146,-0.01798720855472258,-0.02405337347812934,-0.019005562738755803,-0.05736940516997514,0.013888437085526837,0.014041085781735616,-0.006561553219783418,-0.024629037298597452,-0.024322764098129945,-0.07768449750683068
2017-05-01,0.012518360098266602,0.01340249095077742,-0.018925497590718085,-0.003033594440046286,-0.014509943437884837,-0.015366839286241695,-0.030947639717785372,0.003927623474552303,0.03265700926038764,0.03394111925368965,0.004957157985438228,0.017347071506243088,0.027237712478369973,0.03654028032618567,0.0013339205458283328,-0.011106471806389446,-0.011946965776729738,0.002026000492338778,0.01586327450095893,-0.0009175864985489042,0.015389635700416422,0.002478095837575113,0.005749620184794572,-0.01231966130437503,0.004992962038477653,0.005042007748297546,0.004865387009974338,-0.02699200915277991,0.05429100445889932,-0.04114023418282062,-0.005236198292705329,0.023098209370837706,0.019011305861721815,0.02172921305879506,0.01930684554474981,0.04186628467844431,0.05261809844901734,0.007902005011103923,0.048309589584077606,0.039037805368292926,-0.069892710518879,0.03811920029955289,0.030736279580394935,-0.006046011521741439,-0.03650940459413807,-0.03674618811541427,0.06486133284185377,0.00723119123005543,-0.030377182754025317,-0.027812849661149233,-0.048857907106070485,0.0030168939548787643,0.0028183436319213742,0.05500014811849019,-0.05846303604945667,-0.05764950547938737,0.010160466116103195,0.005493345309942139,0.05379251007250874,0.05407177342972418,-0.02398094286384176,-0.05336130589190606,0.04658934741992808,0.03448392190224957,0.037579549822241695,0.040082556705360206,0.053369823660695793,0.033050713812000136,0.009501856367332997,0.014605046717274306,0.012816586278345999,0.02188570057774461,0.030747655707886522,-0.0013903102819066986,-0.002665803911806441,0.0009261190751219904,0.00813606121499566,-0.06200975874203805,-0.08225158493619424,-0.03481336983436575
2017-06-01,0.003256723272468958,0.027233089697809798,-0.00031192378369715446,-0.002444764784192326,-0.024127597415569562,-0.023952219563464713,0.03673590087633448,0.044845401561908034,0.03187159206414783,0.03250886057704283,-0.06000267861364826,0.036678512277558147,0.010901506564552714,0.03736491811598594,0.14916901254821988,0.00508428387154713,0.006291897352491969,0.0024680477137310956,-0.013831372979044416,-0.020173389913817466,-0.014050103766583838,-0.002268719847588907,0.0332992366759134,0.028597830292496487,0.027162539580452477,0.05657519176501194,0.056111185585977816,0.28212563962323867,0.037404601996698164,-0.05960834416366925,0.051562835590387865,-0.026114897416580456,0.023720265419821807,0.030966869869824033,-0.007336367885904343,0.036111609568453266,0.04922245699797855,-0.019816724196949194,0.039533597693252015,0.04173792512266038,0.03334270189113334,0.04221237002122661,0.04353916251278744,-0.08790830247431342,-0.04228044601221018,-0.04270611230216737,-0.015895625633322117,0.006612400095439069,-0.02810531648031977,-0.026609477101335658,-0.05145932253799601,0.006873932879963978,0.005382236480076788,-0.0951676059234638,0.027506333967012346,0.03200593410375233,0.04777997045148906,0.015812142711684202,0.014042591761488176,0.0009250025849001997,-0.050762177273134035,0.051805333509955816,0.07933455344113706,0.02435173337813935,0.029361220982684396,0.08996788061616706,0.04043344761026108,-0.0324311556898115,0.00043948122859741766,0.003655098617860858,-0.026832042278584073,0.03712804788798718,0.040466193558306406,-0.04442451892301362,0.036894297182131004,0.03472842278568673,-0.013264799347615153,0.03748886585991545,0.045763994381265015,0.043646057864058965
2017-07-01,-0.0042942289931332395,-0.0759317945304531,0.08717768889386787,-0.0024168585568246914,0.061597556780342656,0.06357419156298692,-0.018711860501318185,-0.025863530850739426,-0.010029666929979803,-0.010996343017003942,0.07116831962954176,-0.0734182951081609,-0.006608920718396902,-0.013737646233803595,-0.10149847063470092,-0.031712640546976,-0.033555588158313714,0.03875082527110543,0.03372919604522697,0.046496793759002196,0.010734977144845566,0.004195288126746239,-0.009973098716731112,-0.007387280992502254,0.02879847253838789,-0.05054415698506679,-0.04993279941816699,0.011514725370750168,-0.020818841951839438,-0.03834282921260643,-0.02560448653138331,0.030086594506722054,0.01904817977060222,0.019861287036879827,0.02309137042001674,-0.01184758137015675,-0.013339859118603472,0.017449830076077803,-0.021484004311995954,-0.01755080610580751,-0.01594680270691097,0.024687005070688498,0.025268969410369522,0.0746068270433233,0.015883028947687425,0.016892737073083225,-0.01437624182674461,0.02623722622285851,-0.00851618238362435,-0.008823848219005764,-0.0729248449883039,0.03006364036157925,0.02866471181426596,-0.005827679493998,-0.01302826831856921,-0.017280057336997057,0.01357746216182883,0.009266426942731614,0.004568990098603913,-0.00023634619606671247,0.022255714604470324,0.011502261163834484,-0.038059915562749375,-0.041277747751938765,-0.04354568790232081,-0.004588836868715704,-0.006402673010663249,0.016859607595284737,0.025434791572419034,0.028490353060029353,-0.023294967171345132,0.015759619883235758,0.013107938459166354,-0.043184377222325224,-0.021585533491854464,-0.019406075170907595,-0.0024846673049752875,-0.007895415053495702,-0.010176812797221987,-0.010356312880330553
2017-08-01,0.021048458852928553,0.01847705106413468,0.020201720828110434,0.0280216245024269,0.017354576143006045,0.018163611133682415,-0.008526079100695243,0.008157836005126935,0.03470880913623925,0.03627312450959248,0.07118148092940325,-0.05219869941926827,0.009010495591765061,0.006252678038802552,0.21943660302422663,0.0734140498763095,0.059196706675878764,0.04903000907517401,0.01625733848739358,0.017657905176310367,0.013338991887733954,0.005049175992962346,-0.0313539821331684,0.011476049517593663,0.018574943089841714,0.04679110763547294,0.04520522602495186,-0.021978830149778805,0.06879873572422879,0.06356034850524929,-0.0016852232012868845,-0.025354495973473085,0.042665612801464026,0.04341927317468184,-0.00644483434675107,0.007539512855005825,0.009078007252576738,-0.07372279922161883,0.00714948315968351,-0.004482046988730748,-0.03672925248038643,-0.008788301577118827,-0.012237940691519377,-0.07536816130707825,0.13115156362335495,0.13041710717049887,-0.03596987706139763,0.037674952340221834,0.023341964652279924,0.025030453424930984,-0.008925200157559855,0.007095030948425574,0.007954158211283762,-0.04691057096738913,0.04075637609153463,0.041403315371598755,-0.02118290497260082,0.04206937189722259,0.017971520540792676,0.025214290277746625,-0.008080282124901157,-0.05489810058591473,-0.021442472083284824,0.017833451385756895,0.0194844001387635,0.011603481891328376,-0.038057843886101235,0.02992086572169966,0.02044101624402318,0.024746836211374103,0.020536786759191177,-0.017391485936947445,-0.02276651807088403,0.019044846541015445,0.02834052298045363,0.027268705501468867,0.009142575324010409,-0.009368880598428721,-0.012212664956673263,0.04933887043336903
2017-09-01,-0.00519823345610686,0.0132556190180262,-0.044910954128534075,0.019820277029183365,-0.02321247977619693,-0.022132771053714265,-0.03540059633309047,0.0034251951170507166,0.009592518204839482,0.01029317370103273,0.005400322023819227,0.020959337043975085,0.016927251825625978,0.01814555386990122,-0.13612253390036472,-0.0238094968332939,-0.022300789803588877,-0.0047607809161373405,0.014158744254996934,-0.008874170016582748,-0.007922669490833239,-0.017401888309050727,0.07396392282099337,0.003869281852260066,-0.03208971569447636,0.05120115795245269,0.05435576817964977,0.06436816534830375,-0.0016267609967210933,-0.018893183029757562,-0.03100987331980134,-0.02021533292590293,-0.01050756083201635,-0.011838382079759952,0.06053960683194085,-0.006399513458552193,0.0042791032868376,0.012132335795200129,0.040176274873772864,0.034331147955209015,-0.03784133688705657,-0.0036727025964203744,-0.005088504167524123,0.021003134821320456,0.05630746884735302,0.055624679268675314,0.052715426819341035,0.015362491806935,-0.03889990745888809,-0.03820483656088147,-0.035733126139912814,0.025977718965242345,0.024253181545399072,0.11568948361558402,0.06261316072644774,0.06485753935563537,0.09067250069158685,-0.02237467275138927,-0.021865940400167733,-0.027086592665780437,-0.01780760543921285,-0.09384150994889227,0.009529565515381793,-0.018873481565068437,-0.01689524830854618,-0.06755832702679589,0.01118882092678901,0.015392388264202033,-0.007079596367026528,-0.0014346276001098858,-0.030072660323370037,-0.0009903632096742792,-0.0003797142837360704,0.10064217944336404,0.009490287114776376,0.003270254159038981,-0.053536025373692744,-0.05054782788489013,-0.06142218153218254,-0.0023947401239201435
2017-10-01,0.01563896043318223,0.01964315076628511,-0.004473686681281788,0.07781967725371576,0.05014588208606807,0.048744988592246595,0.04669786324088032,-0.038036624243712513,0.011926034307681185,0.009593674713705121,0.11185134058183521,-0.010293674376085924,0.04966618462441647,0.04953781224227436,-0.005707165019392776,-0.0094114612971943,-0.008239513438959357,-0.04848315041271162,0.03298369594598649,0.06193775729390742,0.0657050957895905,0.06154079115385196,0.0037094880402378555,-0.011457996167461359,0.012108353044630312,-0.0031281774603849717,-0.005381990643861007,-0.015459885981551758,0.028490149229490565,0.012257742660300379,-0.0025847614570986836,0.00943369701162271,0.014162893917999459,0.015582192492345767,0.02312857139156163,0.07743127294270533,0.07551091727336748,0.03520054206401111,0.029143291532222584,0.03458720906711957,0.049150003885320336,0.01013359482504763,0.0019731968215865392,0.18124036601804153,-0.07026729753700299,-0.07122113066408926,0.04065284950874533,0.03553891206074297,0.08937822072931492,0.08662877405836478,0.11379859233552482,0.010739444625321433,0.008709189238384938,0.000933469912872549,-0.06664991592259831,-0.0660845748698886,-0.16603216206902532,0.017691383694313993,0.019305949642370673,0.017808555250112993,0.0265081216402767,-0.012244246820803719,-0.004153271596723296,0.02640138834195593,0.017444154508713165,0.03454486062501314,0.028464523049031444,0.017157224438154917,0.015382725178465232,0.017248100320333908,0.10883997632251526,0.039480529229721624,0.036689252815568354,0.0020655396192913703,-0.017976040156971552,-0.010420231712760143,0.027928171380607072,0.010129947480423207,0.03664204561306602,0.0010826835074087841
2017-11-01,-0.03677085063270596,0.002163054098906653,0.03509773128298512,0.03730572634883864,0.02868459140695306,0.0313250443710877,0.010170682258061238,-0.003827295412383702,0.06509307482790129,0.06826566415127994,-0.09242199852420645,-0.014383693089210885,0.03844265814521094,0.03692074924786304,-0.04608958649271272,-0.0568084487268185,-0.05981676867245853,-0.1267359469933003,0.02931370330628587,0.08920920664073183,0.035643578146432764,0.04226513011879244,0.07206008243413516,-0.024892386646274328,0.09586871457439167,0.09529488210700948,0.09750228317768882,0.0170279715302043,0.030860337807031943,0.029496395318749053,0.0021609359868334822,-0.08855339994148012,0.035477701840687444,0.04418792246893069,0.03408805522317875,0.044317223625377815,0.05654442512442659,0.012869155034854213,0.050210426905439025,0.050084978379685896,0.3655615079075116,-0.01891822444152115,-0.03277568447653497,-0.02526084485297614,0.03456120527138864,0.03347204618408683,-0.00045846318275337937,0.00733309895663437,-0.0005953841412711532,0.0010250552816674803,-0.01130451071850289,-0.02197801943831135,-0.02138865614412267,-0.17485201233636263,-0.06184189877815153,-0.062388564197850487,-0.11099292404983574,-0.03081637956147553,0.04054899271535084,0.04235839694469507,0.005582473966269851,-0.08004617529783772,0.036125358036686865,0.05535179811693826,0.06849147084239716,-0.03669889375665155,0.030889930979333742,0.028206495645048613,0.006487475233272454,0.008476534682017967,0.04028334150168221,-0.008632821535291718,-0.0072639314070910175,-0.011395539611374239,0.0143352018924735,0.01348570164683502,0.033779191343049804,-0.01804441009842245,-0.02510589467242364,-0.0004208789913466796
2017-12-01,-0.015662115669334783,0.004007197274105399,0.0611179103960145,0.002899498202614351,0.023338619660891805,0.023166124935531798,0.023879839839778337,0.052866076473571985,0.00494011014428127,0.00400060105213472,0.1691577657250745,0.042171511955734216,-0.006056941732539969,-0.015357551378864217,-0.05831218959091806,0.04943459698162753,0.06019666375253236,0.0125884390106092,0.046619877752326636,0.081297165140407,0.02053823805861621,0.037673143229270865,-0.0022843976200675005,0.023623192331101946,0.0019964955607709002,0.012196846560300416,0.013220164608126625,0.14255345303314929,0.022039096765141448,0.04499481418126722,0.04009823616461857,0.06285651662401139,0.03761658245281151,0.04451728748036595,-0.016483478839623894,0.019284759371355636,0.007106463193209612,0.022819501026568694,0.01003108876472036,-0.0023991533018686145,-0.07450693940620093,0.03723141797280301,0.03113756808996346,-0.031401278881303424,0.016780311152461473,0.017408324558673523,0.061786636785969275,0.028915281746631893,0.011769087229799767,0.010712548440296982,0.11640250855542959,0.009263963454698662,0.004104771324250528,0.017039755472061404,-0.011905910240755655,-0.011192048740189694,0.05533534076415945,0.035415045675810275,0.024063918604495485,0.025381648143338067,-0.006781716156779972,0.07005061926014682,0.044750483293125795,0.07476348779632615,0.07165960660782765,0.10396989899080913,0.026200915950895867,-0.0294011579108642,0.037313211913856816,0.03936429773017582,-0.03799401336788637,0.029229901538804264,0.02518317310643528,0.059722204191902654,0.014528319608493675,0.007069313330903024,-0.016761913269237268,0.03043113803305903,0.04631150950416584,0.06601293141942333
2018-02-01,0.04976563381639295,0.02941574735225464,0.05589699521682435,0.023035593052349625,0.04093544694150538,0.04306655787657997,0.014175099569717213,0.020789882866015297,0.04462076646251142,0.046336960810996426,-0.009131775089358302,0.01822637072751555,0.021943352868326618,0.023567982589523966,0.0028841175072678634,0.029159020627862606,0.028937721308037043,-0.12141980579944546,0.04660870863969366,-0.005996872223093034,0.017081399404562297,0.021534366593719212,-0.002741074699071897,-0.009634820548451228,0.03348595450582561,0.01601165426126219,0.016595040360520945,0.05983649147439699,0.08689558421479218,0.01989687933122148,-0.00015802824399343914,0.03326288194899427,0.0138945590168175,0.014631617977754804,-0.03169037985501798,0.02776674438309823,0.031015287995247387,0.0033530229043489523,0.030853235860944416,0.0513137263002843,0.027174573575235783,0.03063604959862305,0.035017185341180784,0.08520599695100428,0.07755532340782315,0.07940527034512648,-0.07123637109625505,0.031407355832191,0.03472382709526418,0.03566980924208957,-0.007870856982095482,0.015053015466595786,0.013306308779785638,-0.05556121236988566,0.026626694117112663,0.027024965095823996,0.026185497882242312,0.05220090473717108,0.04961167366211968,0.05825910831666519,-0.00025052874225391385,-0.006339180995955937,0.012500706605047648,0.05858264723820624,0.062202001932114684,0.05117533403820663,-0.0006707268589282968,0.047980530616416786,0.006166082413097771,0.01483342163173621,0.019021737510892974,0.02795858024829787,0.025826485123420496,0.029253432391119983,-0.04116792482787652,-0.030419533332248,-0.011143974803462828,0.03930424417501055,0.04825934541170253,0.03133851429333775
2018-03-01,-0.044344147356567054,-0.03186562448025971,-0.031203474913810283,-0.05240600984651952,-0.05298667255868313,-0.05332603697260504,-0.04879898247392963,-0.1018028940175879,-0.029621274638206505,-0.029367630359755783,-0.10812969589639054,-0.06105121906332995,-0.06465421655126515,-0.0659679991236838,-0.07295034275965029,-0.08941003899301606,-0.09365197782821087,-0.11514233237784233,0.017695600294663046,-0.09570857784666349,-0.07274739543025122,-0.0886589118071096,0.10871434413757562,-0.06630786476453111,-0.05759266310909941,0.008377941835941368,0.012431411395892433,-0.19469537021237357,-5.743283619001339e-05,-0.027670093784675626,-0.08224467128386836,-0.09519413271296255,-0.06350838649129933,-0.06327961596815952,-0.07155503533146107,-0.06642466219282533,-0.06116329903023305,-0.009395120838202245,-0.06350331949292651,-0.06338225780053112,0.02252653860088936,-0.056918654802342525,-0.05826952850932043,0.02327107595340091,-0.027376976658882262,-0.026435751091387558,-0.05247439735079594,-0.03753337074728152,-0.1296056158556636,-0.12892630918920975,-0.08537904921531173,-0.06868335056854953,-0.06974620156153785,-0.0966754491659336,-0.10221268839956102,-0.10345637375604032,-0.12910221235423947,-0.027777463710360457,-0.04846348024281077,-0.04997742692464409,-0.06728299254351236,0.005687570610769158,-0.05400480827650264,-0.03273751287550018,-0.03148353103886733,-0.029392045560696377,-0.09519340836282766,-0.054857828610093876,-0.05545661193056556,-0.05570797363269369,-0.05881791017912949,-0.039775429915046165,-0.04421304286177528,-0.14940374420911165,-0.0485945645926589,-0.053402738880476766,-0.03487702207820858,-0.04684292644530246,-0.04295736228249376,-0.0777599525340521
2018-05-01,-0.02348801342773367,-0.00884389466390723,0.02350538308169588,-0.014330925552579938,-0.018840971152224252,-0.020380981333833578,-0.014946100128349217,-0.03434068204653196,-0.00020106462118640048,-0.0007493805246159366,-0.03335051919344334,-0.032878099070274065,-0.012582769553259066,-0.016573609354488338,0.04843184487237486,-0.030175678305441066,-0.03199487163490271,-0.09596920348338109,0.0052957453869933325,0.003121540803861173,-0.014679274457297558,-0.015466037213574648,0.06891036330924985,-0.022975184871620327,-0.0331521016039265,-0.016307504414597697,-0.014922145654346545,-0.026337300315192345,0.027570056875032157,0.009960044918535294,-0.026240046605339497,0.0028137615982940217,-0.00555411722535349,-0.0092614424298929,0.01344727298038946,-0.028653736465186513,-0.034574854862373744,0.017184750293309306,-0.00313008913805946,-0.003047084240853689,-0.031302915153930466,0.022765185289353996,0.022315591913763127,-0.08458806481441848,-0.032133321655562604,-0.03219737098538422,-0.05725802204912317,0.015335317824938579,0.04766180056752549,0.04711480679237843,-0.0491461523182678,-0.013842147617692705,-0.015596865449184469,0.014530880365515956,0.029382344796138698,0.030827241352092607,-0.04265571699744158,0.001096685971401716,0.005263878726836866,0.0060873085069183454,0.00437116174821881,-0.0360916214362183,0.021185355958327316,0.007446515591033273,0.010409493781771703,-0.06496676676223175,0.02255749135289936,-0.03404094637362766,-0.0009085662393704909,-0.0026300024029896228,0.027917456377848253,0.0027933067296677873,0.009750579708696512,-0.027030879345235306,0.02010321489193256,0.014878015266264335,0.026971453647138696,0.001181865287275439,0.006093690372023699,0.01465220203348961
2018-06-01,0.045503402664987036,0.048527533092492185,0.07041078513600658,0.006650108013018034,0.001179417817285282,-0.000587693471013852,-0.0515604271709749,0.00023563349559256044,0.052907351502421124,0.05674887725710787,-0.05251832517317917,0.0185768503713154,0.03787276216537054,0.03172131907285779,0.011504324222323017,-0.01408817452296466,-0.0193123914762067,0.0037374287263328455,0.013367256831286098,-0.031734233289481335,0.040103272969652805,0.018106560326800778,0.2200729910235034,0.004021114620983046,0.053157345797664686,0.11213408961461663,0.11346281026664552,-0.04849708053569551,0.10049940894612777,0.05797600369095208,-0.00850190477136754,0.006463597447555249,-0.008988004900118262,-0.008658611428381376,0.016573022991260088,0.029708580462956446,0.029647086184250816,-0.031050216278302307,0.03698960133299867,0.020156992526145355,-0.035999097076051756,0.05750502062305188,0.04738637195654608,0.056980990160846505,0.0351504782390412,0.03594464456213209,-0.009699291945798449,0.01855176683537415,0.0398027083626803,0.041851190438004435,-0.05519822553301028,0.015407675726447752,0.014481876121284976,0.11813959725740257,0.0003057317164184653,0.0005988652199109131,0.0017963791585208673,0.02701819214756729,-0.08025370836580255,-0.08615552382776277,0.09398038593334015,0.028048274908811146,-0.0172751215572184,0.01729156283673162,0.019195827528621257,-0.09069476818259728,0.00793554572430244,0.06567218218970586,0.01786672357201415,0.013090762451801548,0.0032448349087144703,0.04695406028528458,0.049270077451666956,0.09663450020239583,-0.0174205353979243,-0.014945493763611463,-0.013511909510848293,0.01021466438613994,0.0053135333032374825,-0.11570050327630398
2018-07-01,-0.03515370998050078,-0.010994607491796675,0.0406313925112734,-0.0646545915408087,-0.022525375319126743,-0.022952324262501562,0.041489849928622244,0.06242126219902311,-0.008023654114618974,-0.007924816926059609,-0.05101030510897611,-0.009414737803845788,-0.017232704641745627,-0.014954627047927537,0.0780304529989548,0.032965151727711174,0.03847384995277048,-0.16985559340011513,-0.012627034876944618,-0.014966372131461776,-0.03807906862050748,-0.026995293525647834,-0.161643252713233,0.04030766727760772,0.015903883661402586,-0.05120649241413859,-0.05140931736141855,-0.07590865595389074,0.02956918084416174,-0.034074196862788064,0.03379367926752852,0.009489603681681218,-0.0232454718621597,-0.020167596212668927,0.015964255712254165,-0.06265971632088306,-0.07738699361494819,0.031525245622520986,-0.023646160009344677,-0.026194324678718076,0.1691307088479742,0.002339077443699736,-0.00024650194944952995,0.11256175254900344,-0.02089073071092847,-0.020258674261878527,-0.08777429606839653,0.007577647832294374,0.0027110985150495684,0.004360445372327913,-0.0688753523910035,0.008976264027398914,0.012930141491053647,-0.2114501262619024,-0.00679005662440445,-0.005143221757540253,-0.1242641661893297,0.009554337207417754,-0.013695987700425396,-0.019630490624524974,-0.04029857927778646,0.04799200413256304,-0.03960153870199095,0.03510745857250968,0.03278361266726898,0.03272133633574277,0.008620120327221502,-0.06715989872916688,-0.005218760013101921,-0.009664952171413074,0.026726853603662195,-0.05048691920319661,-0.04902995525024452,0.050500147494490326,0.042651191026687255,0.049365053019615024,0.008623947941178156,-0.011272831121660006,-0.0162809807911699,-0.04799927774719029
2018-08-01,0.04061143999774602,0.06836320085481927,-0.0032201520363197306,0.013525165433139405,0.05517706061848715,0.058563937871092965,-0.09769648392177509,0.029890816650806753,0.04012515408880213,0.04076592823901442,-0.18183182587895236,0.06596373026710063,0.03360901860166752,0.03733384045486687,-0.05614266737249202,0.03304857737607284,0.03595271209660479,-0.12603723500196978,-0.014235283600368038,-0.006639446225257316,0.01518690780030568,0.019539193877383045,0.43865488290903537,0.0511700951771421,0.07440804024725098,0.053186093487313554,0.05667508200424741,-0.030720411619170274,-0.09776438424808441,0.11343364238921554,0.011137614617390563,0.00884494717525411,0.05094942481449739,0.04426596910388594,0.03911663405246415,0.044101283653240335,0.0450156547035798,0.00799551520855227,0.07657438398980258,0.06879196380368993,-0.010469475548064997,0.04015423250215946,0.043815579409878666,-0.1159513956781071,-0.008208604839505262,-0.00757565776883656,-0.09065864914895283,0.06161722945208738,-0.005769203021561519,-0.005480743845366107,0.0013294889138811194,0.08655491073684848,0.09073662871327595,-0.13009464180919078,-0.07109243923092116,-0.07326821331203776,-0.030763393017574824,-0.056530320548601604,0.027372827926705496,0.028512473929132583,-0.043677632827390754,0.03157162414971439,0.014582097030256841,0.03297513235325845,0.038541048656414605,-0.008861265551196372,0.07958388885853648,0.06971275631673458,0.017997196018965114,0.018536992158991766,-0.029224066457709613,0.058019879720786094,0.06879362275709659,0.01402614847423433,0.007254432173121539,0.011460686940858961,-0.014600436515068498,0.02556297112623417,0.020106388907756418,0.00943366603191028
2018-09-01,-0.019491696387455626,0.014953989698398736,0.06341870789800741,-0.028256391336817087,0.0012359782008411482,0.0007998556545899563,0.03373774654207938,-0.022633393002611878,0.04897240816577824,0.04914513957014194,-0.17601012951993203,-0.034099820900529744,-0.019102342913888407,-0.01802636246617003,-0.09651225878027732,0.021389369158590743,0.01821116988403456,-0.028309131982597782,0.09816352271651205,0.007177766720402237,0.017594493767981695,0.014183976219397331,-0.015596451192441695,0.022459992518899997,0.0038316431847362103,0.08185049404964254,0.08471448639610268,-0.0556440770800049,0.03918383621398573,0.007746994542287317,0.024217599126827968,0.08928167916140965,0.021698212687161256,0.025173810244305914,0.05670741210990222,8.912475275958995e-05,-0.007048989367901227,-0.09874518929454958,0.04095965397169677,0.023042487560412127,-0.05727447275856076,0.047828815297048445,0.05142900420533374,0.1012559616776946,-0.0546973043579,-0.05651506354499169,0.10681828675602499,0.01702506922544221,-0.023512058219924088,-0.025328982653321046,-0.008851297728486985,0.03167754762844112,0.0279922121091355,0.41060248950022804,-0.12396131741291144,-0.1263932928352589,-0.08376273249605894,0.003305057652067645,-0.022498530783634,-0.02926089230261742,-0.027414540151366847,0.019074199667132568,0.03255424193875272,0.08547378381113792,0.0927620611107581,4.6098842786482805e-05,0.00024540743346955274,-0.022201415930620666,0.011131028395243655,0.009595332267841318,-0.06709164784598294,0.027327480301320976,0.025135251933745207,0.007864381704738566,0.0033751342043539996,-0.009739104264724331,-0.07257371171295086,0.047675492449325944,0.056263451937055044,-0.1610281037702292
2018-10-01,0.055514504884646765,-0.0002836512842775015,0.007295207512857797,-0.02623863294739169,-0.02921051133792588,-0.028242830545358904,-0.02136977925001066,-0.01137077641110337,0.01729645113035007,0.020935093855485958,-0.03900442804893842,-0.00729371596559885,-0.023285407555806673,-0.022425982236844885,-0.017337252598556726,0.007744293181272527,0.01173552273351877,0.02635130141977579,-0.000660888718545435,-0.056511706346837054,-0.03607406907277629,-0.015114431577091811,-0.11195741029613593,0.010585933255994847,0.06240380683507217,-0.010812479479755775,-0.007090808980730695,0.21648460755758814,-0.0058262791650903764,0.0003486638683961541,-0.017342289678601797,0.011712616339514252,0.010827177306327998,0.016713497822876133,-0.011093574965370282,0.0033545728954241295,0.005820108387019922,0.008015803651671807,0.01959220507043993,0.02525101743845892,-0.122951242962876,0.050770487218818224,0.05760189017234396,-0.02649011875726762,-0.006910278155376322,-0.00848822573782541,-0.07945149279346979,-0.032570801912858466,0.037508959717978074,0.03743071635803128,-0.0212051658337344,0.022523462154454256,0.02633669697674259,-0.010861103485758108,-0.004471898816809241,-0.0034058961125134116,-0.009073844016492494,-0.031051700120318104,-0.049488759243545094,-0.058523253860167934,-0.01616995365358613,0.04906032730158906,0.01513307294189491,0.002498865415563439,0.005365908004796529,-0.0061701608642245115,0.02266466694883331,0.017383631855979232,-0.028808917871104827,-0.024489593017672912,-0.03603494877855592,0.017211980539870223,0.020687606923735877,0.03828092288956123,-0.013718999572333896,-0.01799480283325824,0.04280679185897197,-0.012999712557963245,-0.01028222225114952,-0.029039967842697124
2018-11-01,-0.1015319046290856,-0.021049705849778506,-0.08646561056949653,-0.04473231269672734,-0.05174566951267527,-0.05118720291996873,-0.018310223145991508,0.01914824813755908,-0.094993730337762,-0.09556506082439642,-0.11962624245414935,-0.09124116245657539,-0.08342910955040994,-0.07409333327717035,-0.05945510764349013,-0.004655826710026715,-0.0028982105618846395,0.08291309896287534,-0.07024775338823827,-0.07094773482875213,-0.1323148105005721,-0.1320830681830109,-0.051715903577719,0.003451744960662517,-0.10842010699148454,-0.06003829779762601,-0.06043666473822215,-0.020811183038458976,-0.11617641871652543,-0.10764723427546384,0.01707101711931524,-0.0631023936197674,-0.05076539306191896,-0.05119530064075899,0.020794544930104776,-0.0984116737148779,-0.08963253855056025,0.02627925234999931,-0.08478423313797771,-0.07251003562983145,-0.010399469398122356,-0.09371445550895252,-0.07589290161640289,-0.07700375157602553,-0.06569550040276861,-0.0654393816485304,-0.014008795589718508,-0.05283610236182353,-0.11918159880754065,-0.11690366335126337,-0.012199267586602268,-0.03595829450616302,-0.033113176774569236,-0.19063279930764276,0.056159972829270904,0.05912181182694728,0.015919142816468286,0.022460177025642635,-0.03574571521576706,-0.036055468524727324,-0.10588893622102401,-0.08628723082729554,0.012279626925055544,-0.09212898329296706,-0.09978663618837903,0.06495830681382024,-0.11749860613999716,-0.09527436912474334,-0.03185400157837435,-0.03333011072406175,-0.07003917829646093,-0.07993630132781461,-0.07777961566766384,-0.0967661591629929,-0.0040837121690249,-0.008936584005277576,-0.042078087215935374,-0.06676669086503373,-0.06487418606616137,0.06950029473923978
2018-12-01,-0.055939353552492986,0.057811992695247075,-0.03195691275130144,-0.009566568259764024,0.013684252879812689,0.0132473265973708,0.06093732682475512,0.06634665434363501,0.025518792696522827,0.02919416765266336,-0.0796322949946692,0.057727355842003635,-0.020470784421872834,-0.0241534421873425,-0.1122381744979669,0.030777981047304562,0.033069701352912415,-0.09751029018939919,0.00902028551845775,0.007858367392711925,0.00451395361397256,0.029194883023373162,-0.15566592590658224,0.052292100707522174,-0.013550282490498538,-0.12158172326382555,-0.12592871305101688,0.045269756990015585,-0.06050093073449147,-0.028938839864329737,-0.004825864198617849,0.03473731407727903,0.04149710815228604,0.046334933646318625,0.02069193696409354,0.04717265757630021,0.0618103074562261,0.0027208622541448576,0.0494817215368529,0.05428758086833355,-0.060703432423193114,0.045466842595621955,0.05019460518756477,0.13378294918147582,-0.06928771707135269,-0.06928768441412592,-0.007643897746333085,0.03133443022931588,-0.036321537760165744,-0.03126018884992236,-0.05216966359541664,0.04480358076358971,0.04742007665381712,0.14625552360606026,-0.05941380768778873,-0.05877214772573061,-0.0913591790789871,-0.015190232814235496,-0.01816756718441332,-0.0010884232454164509,0.035579698861621184,-0.0694543033774674,0.06432472432957674,-0.022564855616588757,-0.022148684596115787,-0.068567310761844,0.040284225469164665,-0.04951829579960531,0.018525154608720965,0.01741761596374137,-0.025026438628179912,0.03298900223081099,0.03681308445012304,-0.0872919548759965,0.028777188774380815,0.0412705139440086,-0.007116033084327401,0.013693526048090638,0.016788135352300778,-0.15184598448656825
2019-01-01,-0.08681883469859196,-0.06435484600022091,-0.06741152574576688,-0.0812229592494944,-0.1286641348247875,-0.12961063892642063,-0.11110115004746071,-0.08558959648757883,-0.0843647531291054,-0.08389431380424053,-0.1591286584388595,-0.08603762750628197,-0.06647110719890571,-0.0562330623527246,-0.10715206929052432,-0.08567604282739807,-0.08438629110313456,-0.08082669510643475,-0.1238528849986232,-0.0920837651693451,-0.11943106874084164,-0.1336092091113957,-0.3634237606557544,-0.05612543113670356,-0.10048216981121,-0.09663054368990237,-0.09644915829698895,-0.2053203625864257,-0.08146562126761107,-0.11187184661474271,-0.08692301043852343,-0.17032977232152735,-0.09652759680099698,-0.09721035159242164,-0.00028305359935556487,-0.10161109778985135,-0.09255142874085041,-0.07475577895304232,-0.0923607467535723,-0.08786971893436014,-0.050341255928292195,-0.06910872150607214,-0.06932784886434604,-0.04722721842723727,-0.004641338871466933,-0.0022424123148453374,-0.08082474003311123,-0.1128997970282131,-0.12484156255668115,-0.12102262139294856,-0.1589295543693042,-0.07870455839624918,-0.07514443039461703,-0.2552551736580847,0.135790520262535,0.14295429302153392,-0.022032738525461917,-0.16407852599311334,-0.07841763992399038,-0.09417173715151059,-0.10790962057791914,-0.1550405050214969,-0.06003871676615984,-0.0827600494078233,-0.08278676423336519,-0.14961278332772662,-0.0933313165686777,-0.10433941350638304,-0.07936610465008584,-0.07677043970894863,-0.10914432592025693,-0.14449587424736757,-0.14272508729866762,-0.1907030206177205,-0.0515254574337102,-0.05468638813812897,-0.024899321592431006,-0.11344365326539194,-0.10324617879410822,-0.10693999530127862
2019-02-01,0.18678789258768597,0.09669416559874637,0.11736643546313627,0.12031370691287968,0.10805716357101444,0.10911303048439647,0.12709053386690825,0.03166818310735284,0.08331549613304186,0.08113658986767563,0.25921743762820626,0.09993209864936309,0.05989157884075329,0.04354184483800573,0.10974508373804431,0.04342910302856988,0.04075527195754312,0.23351107522902542,0.10726861544279488,0.11929892491560781,0.1519156245058491,0.14899646925978638,0.5502594060660565,0.06683154396096351,0.06017567284844342,0.06947676431269428,0.06536394258900391,0.22831809428118405,0.19888717672883133,0.14338294503317642,0.07318323473963093,0.04905035584801176,0.08716623538955916,0.08780741796147443,0.16561901030314696,0.10719067628676798,0.10313455032581427,0.09373127161759257,0.08988012265075644,0.1036073714619913,0.22709076011948795,0.05275969193613142,0.04512613620378493,0.23199888937605453,0.10735870798322368,0.10877106139226488,-0.02451948616759188,0.07521083084482812,0.12541027737974234,0.12379078339872893,0.07010536251293382,0.03827281166356635,0.03402350049012965,0.14188118831127108,0.047338443022465336,0.0443659640985685,0.21315751277930445,0.13337278374722344,0.07634722404312289,0.08175322205813519,0.03280690146739013,0.1335690217115872,0.04441088064725066,0.06199952326917252,0.06440973714069446,0.09542317330000455,0.09067740596056179,0.11015844990610414,0.09015821824097459,0.0863040371427171,0.12318246743820489,0.11085211395856331,0.11260785673057981,0.12459779107270719,0.0684924725061108,0.08648296664245045,0.07810160437788037,0.09413740171583565,0.0986498793882091,0.13984924554843225
2019-03-01,0.08743102267176504,0.036862934833388435,0.059960579804767225,-0.0006597425088884027,0.027410632778575434,0.025831163462465865,0.03667413710191765,0.017416208741001894,0.06610677746684558,0.06625639903837087,0.31370020359060297,-0.016060438488060352,0.028443474166694363,0.02790790123668434,-0.01609205109071216,0.02901403524681634,0.03167478466599319,0.09892070173490594,0.059287433100666795,0.019762077281272064,0.026179754750256353,0.040572354370985164,-0.14715895454234837,0.027044672977051952,0.023932988632626793,0.06668264148749448,0.06332511241416566,-0.007160920698113538,0.031435365708302465,0.10926506250067651,-0.0012169093427963616,-0.04661443030013745,-0.0037624809049308103,0.0005265360568237239,0.009657326586643106,0.04395514179352152,0.03953122687942538,0.019681454874682078,0.09961569939778354,0.09571967943859833,-0.07866425817701309,0.06390753440153231,0.06253168728975067,0.05321587400185464,0.04686814753566337,0.04910003718546147,0.06043692129520976,0.06375839820435064,0.024381040060601034,0.024636252396867394,-0.0020918760993196375,0.023686979808475745,0.025399270221238127,0.06349524075628522,-0.027552399829655006,-0.02815150682911935,-0.06383670830249824,0.11064514176505433,0.04550957688640042,0.04935121849578401,-0.043514176738886134,0.043067581197136905,0.043711524310350414,0.03506140721168251,0.0352421939464681,-0.09234583142801349,0.04338948574562377,0.008550438895412408,0.017235754542366952,0.01572723351483165,0.015287237454426334,0.01502482490796261,0.021469862712755063,0.09007299842161491,0.032507384478040115,0.026173763130245428,0.040376919444110364,0.03326814938714711,0.04544920840070851,0.04707179508244596
2019-04-01,-0.030280211521928998,0.03593480158792626,-0.0013364438547996385,-0.018180456155096645,-0.022973717763842598,-0.021430006054426524,-0.025797680964019073,0.04954570096562364,0.0411682018958684,0.04465373443051006,0.10936959253607974,0.031501331212070674,-0.018452820791702344,-0.01182501451066497,-0.016733934618114375,0.01963443222110399,0.02275106543736083,-0.0076395102776473925,0.04737699225341453,0.05780092336312206,0.005270888883245239,0.015960562842228573,-0.045328065569152545,0.039051470298731995,-0.04614629962647426,0.05623929090047563,0.0606135612479835,0.03410063758497194,0.027820247585446614,-0.02997410155045675,0.049914138757954064,-0.04215631126944382,-0.0037690159641205244,0.0012889031221076756,-0.03914751984207777,0.02789111776703997,0.03353265786900482,0.11128449850310639,0.026695575887461048,0.035352907533732866,-0.008988452752841613,0.008821383296302734,0.003476553965503835,-0.06290413839682889,0.06949229749039879,0.07091557456634257,0.08857711519255804,-0.007536281216350264,0.013453457189933335,0.013377798548915536,-0.030438147398695627,-0.015559144440696754,-0.013253706438223774,0.1437877355986664,0.032331836641708835,0.036106816288441757,0.005658456663135933,-0.03561025340781339,0.021425342336493593,0.021594138841200088,0.05455165307255234,-0.05484779529965461,0.03552864449672691,0.05335225397782386,0.059424100664356674,-0.09739281977106728,0.04607934818697411,-0.01887238497223042,0.016530023492694213,0.01568410563060419,-0.004663166966219352,0.014067035468542497,0.02000801520146523,0.0949456194356788,0.019656781846995357,0.02568398956167158,-0.06699521825354102,0.0028073809493203193,0.0008652109113311061,0.0018288494008203038
2019-05-01,0.007419026797276115,0.01772396067151908,0.023676112852371648,0.04498122743288937,0.047999678850472294,0.04943197098162526,-0.0007556299620783294,0.038962295707238595,0.02706640842147116,0.02774710076645397,-0.02400101505971621,0.028835790680941945,-0.05542938020478705,-0.06445871332259123,0.038896307272280085,0.03927647670836974,0.041385560438391054,0.1621357784805959,0.01762259735292411,0.07309064502750721,0.025693259387317226,0.023924252638322985,-0.06335821179019434,0.01556927093941012,0.09362280219865654,0.07425594106417957,0.0755554738957974,-0.024728890772799512,0.03638393476324224,-0.0015599357859380335,0.0169942557226892,0.027499857252509623,0.0026602706644762372,-0.0005518502682464919,-0.04967381771456071,0.030794186766755684,0.03233214111304488,0.1251593460724495,-0.008515749675955926,-0.004897862825540373,0.07795605272189494,-0.04326717342216092,-0.04586719648072524,0.055499334528912904,-0.0509724977935319,-0.050461185357256626,0.019354333565881218,0.030431285805710997,-0.04228473885136225,-0.046600128469451996,-0.04783172635172277,-0.03987084297381569,-0.04043450644254386,-0.0019821040917646247,-0.08053873859763234,-0.08166364896283426,-0.03323863900508903,0.0013406344603821931,0.012669456411081439,0.012179273342378533,0.021958605743375822,0.10373132773555688,0.03045616138375796,0.03005420243192979,0.03117346575466753,0.04738730190516284,0.02775421758784985,-0.03462476591010981,0.020610982862740285,0.027873605056495672,0.05019221848668099,0.022018009804437765,0.022965190866975668,0.06592621556633507,0.002552895838498343,0.0035090428918766754,0.051192566851976457,-0.001447032981471534,-0.007593170159185185,0.11285058464656555
2019-06-01,-0.08294562864596289,0.01769983781353339,-0.11176549297840072,-0.11999396364770613,-0.07784982230701412,-0.07990880568442367,-0.055117476940943363,-0.008322887112232486,-0.0373711008863703,-0.03608316172317201,-0.09721024197648175,-0.04914682554247625,-0.08089708200316445,-0.07445859341972062,-0.011947584287206256,-0.027839905501969346,-0.026011237154386288,-0.14060839743710882,-0.07088490703241343,-0.06681131717311262,-0.1112092288219146,-0.10625720895604727,-0.16043497915848168,-0.029407395851787373,-0.08971811984729475,-0.1537278166305025,-0.15243706674966628,-0.05125629081254304,-0.11089698399115867,-0.11925690417743948,-0.007113088377059547,-0.06470092207225457,0.00129540143869945,0.00036043414369290065,0.09301786244832634,-0.09981488631861621,-0.09471520190010257,-0.06346727152559552,-0.0521725496568806,-0.05715834727835888,-0.12666889938076925,-0.005236869821722324,-0.0013892228585685499,-0.0034195007869908057,-0.0513067947477384,-0.05152113854424504,-0.01519298330551961,-0.0020379304859484085,-0.09503726594956632,-0.09150858282928119,-0.0679417026916306,-0.03444123058496458,-0.03253525402394725,-0.02440411640043431,0.02192200723989676,0.025021696473525035,0.004939835622407596,-0.0820535813655965,-0.047820133929495474,-0.04786571709561627,0.003305185686035845,-0.09660281481381092,-0.012383051094387238,-0.053645157499909626,-0.0479536275079729,-0.23541176546757273,-0.03902164927196005,-0.11466620129738181,-0.026066510534631,-0.027364351210417977,-0.062766534606416,-0.07060740878087722,-0.07536090722692287,0.01693133854093116,-0.00695260643560758,-0.010484985581506142,0.016211617976666894,-0.07910796981109923,-0.07597220126789304,-0.07550932539460006
2019-07-01,0.0772133456601561,0.0395714636682945,0.10090822778656973,0.0929543462793712,0.0748356417573229,0.07608415258161055,0.028741462824917595,0.04236820258511934,0.07373997838409432,0.07455338086744925,-0.02354406568762564,0.0796039498419518,0.3106404805794327,0.35138101137211936,-0.126913856692489,0.05653472975591638,0.058430211276867844,0.0038060386352173677,0.0721244887213351,0.05205715754166892,0.11779462680605816,0.12306358678440099,-0.19697937323241405,0.07066898363471573,0.12551856129666034,0.14044109517221476,0.138985649856759,0.08011088165212896,0.09820721623474736,0.04319477698164764,0.0374487368659615,0.07321293412169647,0.04712008267739743,0.04336001046336088,0.15026700555893183,0.12091115483405299,0.12396292239051844,0.034774032237462955,0.12846252015187276,0.11743725790491624,-0.03889867710913932,0.0994343533410992,0.10067845430575327,0.18918367371497524,0.12849969246904028,0.12898822873240104,0.0483706287405658,0.07285206491953014,0.07691354482242534,0.07636210004795695,-0.04103174001169577,0.06119406834700003,0.057401402291109745,0.5195908602279505,0.1496822657121195,0.15063550187871702,0.12146384933452688,0.0681776606613422,0.09982839618051548,0.1086572991633507,-0.11482528226697312,0.1244742529303857,0.06991912925659993,0.08198282367944716,0.08362371562011152,-0.021202816684948746,0.08118369420452436,0.16011572875087973,0.0429062949099167,0.04286074859877076,-0.08024245779256194,0.0699400188357857,0.06740174963996676,0.04994298268214061,0.032293403834297,0.030116521617124335,0.05827525690363853,0.0708053582241182,0.0661215658218028,0.03511118970596907
2019-08-01,-0.026599853108444652,0.004290146910404512,-0.030833176540239926,-0.006330757051992092,-0.008006099033449354,-0.007915493483729621,0.0032794057570607596,-0.03775772051615434,0.021064898907814315,0.022014775117048913,0.0709222020386429,-0.010819280956518513,-0.02081115899776899,-0.01731625470678515,-0.044012341602947085,0.001523945601323561,-0.0022303316816945536,-0.16370541016279008,0.015108646009333366,-0.0046539980767780036,-0.01934633240568325,-0.022184179621914754,-0.19944143901519049,0.029460150048610804,9.152120325022453e-05,0.02472025913124908,0.024881499043172457,-0.010540624453616889,-0.08472497252864132,-0.016354525170836163,0.03973734275771849,0.013358126607212436,0.00044518309602412337,-0.00018302142173151257,0.07681800380383363,-0.024696191963146756,-0.023966433802249363,-0.026180330898387793,-0.06176314889837606,-0.04186077872804271,0.0202235286632388,0.02297459550905574,0.03080030515968223,-0.007717167871338018,-0.07374331971079737,-0.07483362941236366,-0.0623116271995965,0.018995788435281928,-0.04831349522559841,-0.046443031887929954,0.016009835359208066,-0.04095718214393479,-0.04217135140753154,0.06672747974687968,0.10918319099974125,0.10997564844187144,-0.03212097992888558,0.03173659703255901,0.001851510036828596,0.0074290264956001495,0.03121938720649005,0.09710980571589459,0.044194042171164634,-0.014425994625142182,-0.01458221454856448,0.06312522164884204,0.004057437683758882,-0.07933772123194388,0.007342159408658958,0.01047600290816451,-0.00618483249423774,0.0005111251348451132,-0.001290015778968428,-0.06751473068136818,-0.00359880452952392,-0.010124669573322309,0.013135872637118027,-0.0034905060544411647,0.0031285567185267947,0.036612287016095986
2019-09-01,-0.00109315967845456,0.008048313243246128,-0.010447708872228545,-0.03719193413927653,-0.042318841275043706,-0.04317187419888693,-0.025905686714130412,0.0557398942174958,-0.0082256216555519,-0.006103387772478808,-0.03892754186519792,-0.00922997228932703,-0.018459272931276645,-0.01027559160096125,-0.0922719859397656,0.015616465427050944,0.01993659843978371,-0.014906054265964691,-0.08899723269091794,0.01712571502844449,0.012685492216676888,0.008487140012804307,0.21709049691438237,0.03463029607375635,-0.02050537879181079,-0.0006345974709500212,0.0032506784506494122,0.053799627871767716,-0.06601300495806704,-0.0926232178261825,0.010986601894331167,0.038416706766745835,-0.03204127859644161,-0.04028929421636762,-0.13546066901206816,-0.03442736002382871,-0.024529859242630108,-0.09016391458896586,-0.005779479631320906,0.005388303747884552,-0.126328800410842,0.011793206832600663,0.019129300329771136,0.1184711916707674,-0.09330093583753664,-0.0942506285741408,-0.058648637014764304,-0.01660357740223714,-0.07116420399418585,-0.06747641215682931,-0.13597305749874639,-0.0069767101491741155,7.031684394576864e-05,-0.16817317957166986,0.09445941195089289,0.09421067993535916,0.010884053829960015,-0.08577508145384818,-0.0106794078349653,-0.007036350746122324,-0.046663498104224925,-0.08635824110045776,0.011419681353590767,0.006238960878697235,0.010795033017877634,-0.14063846214762815,0.02054296652258116,-0.07542209333929278,0.016739221263001147,0.02147289027988453,0.04064718145759882,-0.020583241330868918,-0.02183551303869434,0.13329000643694017,0.025735144015457893,0.029309312959997526,-0.04912471565645862,-0.02486265557406344,-0.022237471987442012,-0.09348155495181054
2019-10-01,0.0007468155950917854,-0.017288180335566648,0.07058007041511657,0.030081638655873582,0.04076183301015621,0.042202235674016556,0.0006845790528347749,0.007943441263795778,-0.016757379222178816,-0.015564527208651738,0.008084011114910616,-0.0033332233061970323,0.0033328494278864465,-0.005665906815183138,0.056744982909805244,0.007950003073337916,0.009061153135634152,0.03891355561231246,0.011265768859058268,0.0612275805658025,0.03635396052185764,0.035042784576044865,0.04220829249834038,0.00883972437060712,0.038758486163609066,0.04399727139590201,0.04605115900659144,0.03507144100814526,-0.04250354067520845,-0.0049127780834310325,-0.018690898599185414,0.010542654114761529,-0.007552868338409409,-0.011885796966782197,-0.11277906919718586,0.03145836113461184,0.029443775321632226,-0.08731857253637082,0.0266715460104426,0.025322912595230875,-0.05679659085630368,-0.02640982236537653,-0.024987066786196603,-0.05182218567866034,0.047786104082451764,0.04940751458859117,-0.10885894753282634,-0.008295911703897913,0.01582264419789761,0.01524267180475668,-0.008520409675377167,-0.011409310816819857,-0.01155130859133214,-0.14852862318417942,-0.0990415438670136,-0.10052860218671396,-0.12065475233190041,-0.0016152733739171823,0.010476858754292072,0.0020680603711164896,0.015176462532734893,0.07654196470814842,-0.04914352168750382,0.0006807230786589444,-0.005226999345298871,-0.041292707484947816,-0.016471411997409563,0.032295856678459495,-0.000910457480071631,-0.005033827834178733,0.015016723193589508,-0.016739032937819677,-0.022116805590035923,-0.00500922984608677,0.029739404800552757,0.030190808084801953,0.09786975113591523,0.04142578580683999,0.03516548386765163,2.8813305615753753
2019-11-01,0.04133781793873578,0.00014744817265306383,-0.01172612644176071,0.0744702364797218,0.06379739141580387,0.06467684708134253,0.02109361643746625,0.0013213085618525855,0.033718447220130676,0.03348631855437641,0.2538965507103395,0.03279298468733382,0.04949959870450628,0.04955002777358669,-0.010801404401608102,0.030723956245300207,0.02910300131039014,-0.028190324655153,0.00509981449914873,0.05531731520466011,0.08690174480643635,0.0843045784368017,-0.0941968920156733,-0.009999085569641443,0.0585456466395034,0.10417711189016751,0.10234369773593156,-0.04166647032358589,0.057911376794765136,-0.008943428876710624,-0.007560633747538087,0.04459439882975731,0.04886831585569046,0.057310016987182376,0.06894357534840373,0.10716771860871963,0.11198470167282411,0.023761767228769774,0.03723706057244296,0.031577158708666356,-0.010565917150031403,0.025067894948599734,0.023405682449025935,0.0317219841270906,0.034923054356303836,0.0354591331231399,-0.02977097883048081,-0.007240405626212679,0.00880959583657644,0.009312031331684475,-0.22066102991281472,0.06105600660283139,0.059221409933019525,0.015147936694433095,0.04641997080534152,0.04630088529918379,0.012409945676952404,0.06968047427219626,0.048926620056414405,0.05106428182845112,-0.02733431528329041,-0.10519477777374152,-0.04770183195067482,0.01649086124924951,0.016368623346312828,-0.032715514462589995,0.011478168880971591,0.07312815734162063,0.029702421271992106,0.03266975038928213,-0.0013591748253078016,0.05950040865858442,0.056505053042166756,0.06764341914922532,-0.007571638553725467,0.0022251663305555927,0.01070703056599117,0.04930627836154712,0.04874266185193708,-0.016375733224107684
2019-12-01,0.038149546987415184,0.018290898370606847,0.052831829250287926,-0.00320534324308163,0.019703120911329555,0.020884826329777045,0.007555449994340534,0.009162523454106009,0.04405824729348112,0.04516568294239893,0.22231792486496932,0.02699225367741296,0.01153733438248127,0.012912739310777386,-0.04590999746200571,0.016572383492575234,0.017777882732056355,0.11787163766791442,0.006979595834743012,-0.005860232589703912,0.0008303540143190255,0.007696695268668733,-0.010870944478911035,-0.008177551331741079,0.04340029300332962,0.03433008042699383,0.03602762691524377,0.07368245084825509,0.060011618556949364,-0.04301618275924712,-0.0019223419921117993,0.08782082862074463,0.04649163906225435,0.05116476760713749,0.14652609437488703,0.004713774934346629,0.005378912484636549,-0.042275586130477216,0.041390413479640446,0.03475760679727223,-0.05071978218780372,0.039054732725514144,0.0370826872829637,0.49858589120135927,0.02454427492061546,0.026707152711309374,0.21264957482990626,0.0004751806938490244,-0.0065120474065922295,-0.005186507601527239,-0.08576125774921804,0.043962061981409346,0.04342183829020381,0.13761193990860687,-0.017242246205792615,-0.015300290546159966,-0.04409785159002847,0.023189636553476757,0.0018284951512070827,-0.00021799097182984874,-0.0873236010681592,0.03768154255904843,0.027855823934452073,0.0075145296503881555,0.008827482584206424,-0.012984355106473281,-0.022555956859153285,0.00925825413193427,0.012261736001423837,0.015015288192490739,-0.0439268926694392,0.0027317319265991757,-0.0015189945006386645,-0.016579272606384414,-0.018481857620624428,-0.01443415248226654,0.01661497517360261,0.006244851213093281,0.003607183195402379,-0.053842847062503585
2020-01-01,-0.0394131507667429,0.014198810362828374,0.07080937603804963,0.007148767534618116,0.026054777652554213,0.026214570302193044,0.05716013182605456,-0.0032933880204512834,0.02142020090431296,0.02092571348970087,0.4043659085265593,-0.013019144283817254,0.0220211335701149,0.021911344357724283,0.04779961552560245,0.010034115710897136,0.009198758530678875,-0.02791749774115227,0.04667526501693812,-0.02966222282738247,0.01587133888241156,0.026503613337756433,-0.20553026498432736,0.025595683289279175,0.049895150640012875,0.07676469563346856,0.07589904474678323,-0.04767333350236921,0.048974312547428504,0.14255373771224755,0.040105504210844495,0.001732159554335825,0.02392205788437505,0.026629041025441738,0.02647076972669654,0.03018432054990004,0.026478657150154558,-0.04767889086905254,0.04172700191753577,0.048068886840292764,-0.04675737766084999,0.015766993332836324,0.01549550675345847,-0.15937564231766682,0.06401468048876033,0.06331624912776643,0.23317101815018104,0.031757465523093616,0.08638993845103778,0.085472721170754,0.022904002722284624,0.04280067240075155,0.04178831588319655,0.05654548487426238,0.10854585154680962,0.10811369838490192,0.04325210923030165,0.004070673227543064,0.07653023785044853,0.08442979245124489,-0.032705533051352764,0.05370973644140753,0.01777670981867639,0.010104488041861325,0.010869856344955728,-0.10345552958335555,0.030410456544409645,0.004750210515085085,0.004237401043809554,0.007901850671351157,0.0044316948472817655,0.017520636688600363,0.019034962261831587,-0.024447589518063906,0.039189299137624124,0.0393687457207195,-0.057339399348818064,0.022428102878119367,0.02073786695053259,0.03478371895716935
2020-02-01,0.019745292945549664,0.055216159252469525,-0.05926740976183504,-0.06969085692815637,-0.05325866508244437,-0.053667263405777293,0.024582525941523572,0.02235719497023011,0.05530503113159152,0.05974038252544955,0.08355583051802935,0.008837541099697194,-0.05912268682940989,-0.05310889004622993,0.244278964899611,-0.02458188085455264,-0.025013764577181522,-0.09323973781376926,-0.02904395528464203,0.0656556253950026,-0.02679348245151565,-0.03473647621613341,0.2773470695798941,0.00137151791479919,0.010002848231714368,0.027927185617010707,0.03328470596507994,0.04699186731040199,0.01136835020796284,-0.074764254721994,0.0020580992029940286,-0.034109717201672086,-0.02600918001501965,-0.034361817896541136,0.03628260335986741,-0.04978770114823029,-0.04948239737462903,-0.02819591845076111,-0.028991936674325976,-0.018133979928488628,0.1235462886366405,-0.0010465188939766852,-0.002204324268050131,0.09499637617536981,-0.06849561783721561,-0.0690357345460791,-0.019441725828421852,0.013070011310351798,-0.09479047567867775,-0.09297798995632527,0.0027834888681865177,-0.026413875767913653,-0.02554061713282012,0.025254682620514196,0.001475225095046704,0.0010124993868302018,0.08630126777480651,-0.034532784889484004,-0.044786144903384374,-0.052277052364929855,0.030384061570471653,-0.006787570881905543,0.017003742183074735,0.02593041176370177,0.031524928114468116,0.0022949302201897732,-0.01590022788860756,-0.12001010251220302,0.023774621186477926,0.029685760733193737,-0.029471073505274174,-0.03586684708750228,-0.030277373067997774,-0.011066051931034819,0.04922428866997898,0.053310718852366004,0.0005425242303144671,-0.0326691241590152,-0.02312907179564643,-0.03700116048358511
2020-03-01,-0.13847827118186795,-0.0681383785740721,-0.10568151738237706,-0.07889691886215665,-0.11336634061553148,-0.11372336839942328,-0.09027179475666675,-0.06680750472389857,-0.06497567514226558,-0.0626813564666725,-0.02460043976627737,-0.11857660019167793,-0.09515025080432055,-0.09393279658368137,-0.04215039815060358,-0.08581757607239425,-0.08649073088458724,-0.15919972531788884,-0.10978567369823986,-0.10412678341924736,-0.08590460541079396,-0.0898902959012372,-0.1636726706366314,-0.08773319782406035,-0.09391672338037048,-0.08975525443323636,-0.08973285236961277,-0.07225915968446779,-0.01875396088677122,-0.11801796479197767,-0.09305781677514256,-0.09014031589651406,-0.08597486789744133,-0.08100700712814514,0.05728979701938633,-0.0515156239478822,-0.041490187383063155,-0.0840821254881304,-0.08560742229454078,-0.08910670401329873,-0.0725048926639071,-0.08779177496967094,-0.09081267323893066,0.13648647710656292,-0.14603431821864032,-0.14605584789891635,0.0006562790695239622,-0.0760511497331994,-0.15221557397061092,-0.15134050502892238,-0.12816879810862883,-0.05641839654664562,-0.05558899210759374,0.0021784978010731867,-0.0646288536645397,-0.06163485796834291,-0.18585561407351098,-0.01282391479924799,-0.03698625724689779,-0.03328020470474208,-0.010085723894445875,-0.22231309882552772,-0.0903642528689933,-0.059768848388647294,-0.05809050336738068,-0.13193271606991822,-0.07989815598035457,-0.11689310387827687,-0.08600070031408324,-0.08308745674596851,-0.14855351678792617,-0.11390503630481846,-0.109730466077849,-0.12055948266105626,-0.09065750900744063,-0.08077319731739428,-0.08774147678703795,-0.1026698030874779,-0.0971373024282313,-0.10812265056116065
2020-04-01,-0.41601002373583806,-0.21052185389508088,-0.20933761663826958,-0.21821939488207234,-0.3054660369285554,-0.30774212005223195,-0.3652783711939893,-0.11796706203190599,-0.1362990218274435,-0.13011494208429789,-0.19684617277273447,-0.13074946566055187,-0.19487185229793247,-0.17829984728183915,-0.186742769502954,-0.16659902515461308,-0.15936750157064428,-0.4529708659797472,-0.12239966823346843,-0.3853499764715951,-0.3127846804632928,-0.31009608188513405,-0.29623607064971536,-0.08323141853476913,-0.14560896850190347,-0.13035618884810127,-0.12635137374945904,-0.2740272683965826,-0.1722309946283051,-0.4292725007811261,-0.01952851210458513,-0.13415586753388145,-0.18941915296060408,-0.18180362240394995,0.05010487787216629,-0.22724627197978406,-0.2037222510587974,-0.4349456535425019,-0.11152666015990012,-0.11380167372403592,0.036608527901792975,-0.13753264066818827,-0.13425094885232433,-0.23557908360965257,-0.18791820810405493,-0.18678618381717693,-0.23974873766221186,-0.33419383775248024,-0.37562054748351176,-0.36782936861444937,-0.38157271170969725,-0.03695242585301862,-0.03231725157555396,-0.2687254867823656,-0.06386235755516043,-0.060911185246033096,-0.1636838358816293,-0.2029451044694525,-0.2518694608506074,-0.24843800880493516,-0.33175119697149896,-0.17762510087852967,-0.2494169085051426,-0.0715870430490571,-0.05010417281941741,-0.25031348926151914,-0.07447425119614785,-0.24712045665478263,-0.22890373281268026,-0.19841153794188754,-0.44080461886818006,-0.24647039549144073,-0.2417989228969801,-0.3203552744636106,-0.19414727109550053,-0.21166392537482084,-0.12256654312801367,-0.21911462414107824,-0.21576459146756796,-0.26450802846558397
2020-05-01,-0.05528317379634626,0.09330562589230632,0.1237798972535557,0.11325636836820431,0.1111764596794202,0.11170009192094071,0.26743705396668954,0.10644133000906841,0.1547663933337629,0.1540811130535506,0.0856140579303978,0.11523686728500511,0.16309724489487937,0.16389560675510279,0.2791133005819379,0.09874441754644232,0.09541107427108915,0.19234116919837024,0.09387771447539198,0.314981450410788,0.18793301545186017,0.16875658279904948,0.30991285151400205,0.10540330858858717,0.10505540795829345,0.17325442572940977,0.17198842341995246,0.18144312120219533,0.15783970343565423,0.16256037628438882,0.03963804602644994,0.10474909424052761,0.11656865604490872,0.1298406467586449,-0.14591857694797253,0.09799415067463506,0.08614135027765893,0.18752973631269287,0.18095918348431475,0.179736163757293,0.1567949284368096,0.1715106624755725,0.17035437262615186,0.3298358262842005,0.16116907652375825,0.15878518031292058,0.19706101746602062,0.2056001607851337,0.33209034946155974,0.3191679933259662,0.03435128349098071,0.13286431087716136,0.1288463882893176,0.31721271765126896,0.4091886482517183,0.4114148948732805,0.10806319219146375,0.0970236741936702,0.06338731457619051,0.06563613410347756,-0.016750077627155663,0.02034105849597192,0.2055987953166053,0.1734205720410885,0.16948193399405323,0.35010571118264033,0.19090074869876025,0.10960931548329056,0.13885600428451936,0.13573505376162856,0.040061035041044954,0.12298573387303832,0.11977303216157695,0.1800396671526258,0.09055948744251265,0.10253294446992549,0.08515601540185401,0.14359861235059104,0.13922696212920332,0.10545933507497277
2020-06-01,0.09672853057440575,0.0873449102961218,0.1669977122458608,0.10169624990480237,0.06754377933754398,0.07180566698834841,0.024303845832475943,0.04184657147240313,0.08102359311441651,0.07932199653500727,0.13035611888645413,0.03802077086106713,0.11171690861639014,0.1096406917478299,0.2675332796191719,0.05376417043150724,0.05378721678138554,0.08878147470659267,0.1208003813866162,0.1802947574887221,0.14754264949385218,0.1452845220428121,-0.08128801122384174,0.04431980248346853,0.05994261835347362,0.1124991263806144,0.1119152484459233,0.15524275846599217,0.06503463911877926,0.11067158630052226,0.04789346031250105,0.09648222849910211,0.07061885132374007,0.07251760370816646,0.1610277892389284,0.10899337728577826,0.10414795414963054,-0.039326647914959316,0.1022485076797205,0.08792812819256027,-0.17008494044997066,0.021318587071097822,0.008887519225840412,0.1298954597588587,0.16677779565911757,0.1666244081666435,0.16383151470379576,0.10647394299229204,0.0762039809200318,0.07505636380706907,1.5412154741792616,0.021155630972151646,0.013721431776983246,0.12810954017178322,0.022661671855139724,0.01908955856568281,0.3366903111504648,0.126709145526219,0.030834054610193347,0.0330546061425593,0.09365048706014134,0.09480078731205886,0.07352050482217272,0.08836171822393193,0.08392256598014462,0.13422649539275147,0.10420014795874287,0.09050799575182748,0.07519808367995588,0.0805700989799642,0.04485045861840524,0.09992827974032123,0.10424094389281433,-0.12775002678290864,0.0740443997517241,0.0847942281641817,0.04459593174420424,0.12681265717000306,0.1301766909452322,0.20900264525604365
2020-07-01,0.04243343683565153,-0.012021285395380003,-0.0059212065677387744,-0.0028488646030532926,-0.030657503916055904,-0.03247360321965227,0.015795472333253482,-0.003769023510541873,0.05308873574504032,0.058783256391390974,0.019424822257055087,0.005196195389712824,0.024666976098886503,0.02319151318181814,0.17343800993588587,-0.029686375160752804,-0.029098255788205955,0.004989847019170651,-0.005755964699546178,-0.01543144704344345,0.019627528299792547,0.010292631381361703,-0.0897131814458586,0.012428299864326645,0.03984406423420427,0.07705142191601641,0.07964328841661987,0.12284009259733937,0.06642068447693167,0.09729605356372703,-0.0036741683680861286,-0.02420643045929554,-0.01438535704268583,-0.015503802645338663,-0.15434920228824542,0.03698964402099736,0.040915120741766405,-0.0067812333472108705,0.026767418256570336,0.03649591406952509,0.10308058674577167,-0.021832585737909468,-0.02366802353023857,0.14594316784912337,0.04834943879312149,0.04768961001136382,0.13712869320987395,0.01747065603432854,-0.03982376558875363,-0.05093859640382683,-0.06384203855887269,0.009405446486839579,0.0002108552527221598,5.227071073159839,0.04018216540339429,0.03932119063582306,0.10904274159016429,0.04285013233567372,0.009604760743967159,0.008219477790856983,-0.020566232390466392,0.037213699305087895,-0.030383253412573162,0.07765401272776193,0.08042697385252037,0.06018947195947714,0.04120649830333464,0.0487454231535801,0.009730834080043077,0.005348354117711769,0.6461800011984457,0.02205832578355284,0.02381780845421866,0.49163259339156995,-0.04038227577232495,-0.04372694749127501,0.026857862424532385,-0.01782626760591284,-0.01971487661492921,0.2784464560799362
2020-08-01,-0.06342818460919877,0.06460153513359115,0.008252819677602299,0.030507967969359184,0.019941534106510523,0.021488170313728096,-0.017462327523969434,0.057530527237259044,0.021173832007475277,0.019806164558012453,-0.03315669597682382,0.04105832145259628,0.06818806390097853,0.06888546683449703,0.24312956285696324,0.04507558698837155,0.044469061336992646,-0.12603358939205772,0.03604941094796425,0.1828535899349812,0.11055163594905552,0.09331550686514051,0.01903192947145729,0.0761904381276213,0.09390324848663154,0.11274458275139054,0.11251426782675349,0.09255132401145752,0.0019581504059625293,0.16268685073139982,0.07486570267938882,0.052319095730201944,0.037817789706391124,0.03094580496151263,-0.21304997804123874,0.10461499792009496,0.108273619540123,0.11454250687220627,0.1125777393225946,0.12208990768613917,0.0246546690716401,0.08289862513146316,0.09882993564467342,-0.1238708943923951,0.11200502326244145,0.11112698449030424,0.2788721923784039,0.06376251119160174,-0.024135738820110192,-0.025133723110179085,0.07852523093860239,0.01630099899556768,0.013166220744268202,0.27237474240833837,0.1712141412642795,0.16937268640188063,0.19895339542025847,0.027293475113496918,-0.03609019183715986,-0.04251470607310132,-0.03606697847899491,0.03001108735902435,0.04206841927993187,0.08762445881872367,0.08682848030433865,0.0720226796846463,0.12921253068610727,0.0938439565699632,0.01845513706651229,0.022776218143108734,0.36650942094194866,0.06176352685082906,0.06634454535753623,-0.08550761274931176,0.04554469120405959,0.052699823031455637,0.03824731925120657,0.05439246162656221,0.04170455058027317,0.343675065521833
2020-09-01,0.08218088981103587,0.039864267608873426,0.15882579691710802,0.08796405662584737,0.046213387262559635,0.04569675283006134,-0.04039150059913443,0.009780970181971035,0.10462383089762632,0.10651737671223156,-0.049695545594100436,0.037872693654884056,0.05866924737860946,0.05350858674844134,-0.12642681692099805,0.04947629967680783,0.05266910499241375,0.2450049406237802,-0.03928389505732455,0.10829504975884206,0.10168215990091452,0.1123933519292396,-0.05645295518614626,0.04800593731952169,0.05593268382934869,-0.34153200990330623,-0.35836738467973195,0.04629252294420056,0.16150019821383538,0.04016846799384414,0.017507490852523674,-0.04778734052369522,0.01962602437610023,0.016190336235934546,-0.02677730352969289,0.06534991079419981,0.06678037259377888,0.01884915790710375,0.02630738225161589,0.04181476893754338,-0.17311277865792343,0.03186216930479961,0.03362768083401138,-0.21040903654397472,0.07618173770755805,0.07637159626820653,0.07966299598401119,0.07546778822677533,-0.016789761857638454,-0.017149821510053263,0.11999396898136672,-0.008517272695401775,-0.0016559222057122619,-0.038582736243542325,0.00504660358950872,-0.013321175056726524,0.012144072090320807,-0.038536449009734464,0.0850861043732601,0.09673596412760968,0.05181605378665505,0.07562123198013758,0.11379108278401513,0.09984064959873111,0.09922804469141375,-0.021980821192006526,0.06236380257688189,0.07628203929577457,0.017223040462101536,0.02259596720825223,0.03455369612794501,0.13800434206564935,0.14374122842484896,1.0672469570743286,-0.031905375620169533,-0.027566667076725365,0.00047157785757040124,0.049940084597663234,0.04797563983795048,0.17936353638918004
2020-10-01,-0.046986312204870845,0.004339755775030091,0.05057194949282992,0.007988068825927118,-0.051762262944187884,-0.050783466854219174,-0.1035327841723444,-0.0024890549384980207,-0.05025065646313607,-0.052177057579130846,-0.01920073703517976,0.009622120974803557,-0.0556131813652989,-0.061178339791092905,0.09315269561821657,-0.017605669354791978,-0.014597108052183946,-0.07897159424249484,-0.042372845171455426,0.02910735853207616,-0.07634575129343747,-0.050122106927816316,-0.045770571156946695,-0.001880094083453624,-0.04346281002756437,-0.0817716683918781,-0.08549017867129002,-0.09803650195895798,-0.050661297581383935,-0.015615464586594996,-0.013499947353955027,-0.021195900143754387,-0.024143255995089843,-0.019613843012928588,0.16203792508375617,-0.014956095738954232,-0.01231212468944362,0.018378899378839863,-0.011622066775543392,-0.0017525286694594416,-0.05174080055719645,-0.017575183624154344,-0.013986711939796066,0.34707094462100296,-0.03594754732618334,-0.03682468952000628,-0.090164273227043,-0.003508617288683474,-0.17336257797060323,-0.17661958508246522,0.09839281455072339,-0.013618485339953091,-0.014979159211391816,0.04824713827258384,-0.0454394314817035,-0.0441505648953485,-0.008185506245427954,-0.007646983546319219,-0.005879418592459843,0.0015787127710468125,-0.009254705746149122,0.005657095082839291,0.0029047480201984475,-0.04636887578320341,-0.04846024067760554,-0.20591656058352545,-0.02375266974740465,-0.049316246994591216,-0.02733974179653582,-0.027097269866298505,-0.1261729151840951,-0.013965364210130055,-0.00617527058608165,-0.1974542459583246,0.007094890572329121,0.0035253440596365367,0.020488460657851804,-0.025178900854926703,-0.01731789194476812,-0.10900918663463165
2020-11-01,-0.03218392426296485,-0.026627817723251627,-0.03632209248933059,0.015589664621430077,0.010498125231827152,0.007525114625220114,-0.00842600048662367,-0.040490215946680154,-0.04790022724024252,-0.04898057722345438,-0.0807031795227534,-0.024292330729769322,-0.018439393731112873,-0.036043436136592354,-0.0742862185598373,-0.045918916595171305,-0.04760801986375851,0.0419159022851044,-0.04437695907579613,-0.08559288911243756,-0.017973852721947396,-0.0036503694989148735,-0.047619046836359535,-0.01224690164004616,0.07158893938548967,-0.05820885663931286,-0.061062670852083424,-0.01691719707586434,-0.08166764835079067,0.09273356090696142,-0.04951589199317022,0.005037023632107694,-0.009679096100829352,-0.008969391853536126,-0.12021082150180969,0.030486569626908256,0.029587621174436862,0.0857650309020865,0.04219706107056383,0.055510520121954725,0.07377248775662042,-0.02788280660792453,-0.04215081352896963,-0.2042159465222688,0.04329489321949769,0.045526216023835546,-0.10539302767483778,-0.027338028758336377,-0.006943197962995576,-0.008002870987983288,-0.12877319727988945,-0.07019778827337735,-0.07222819677785941,-0.2000413712066224,-0.0418457305010714,-0.04152205423697291,-0.02845614118022426,-0.0840989641564232,-0.018080479335707555,-0.017015299683425397,0.004019323756792102,0.0027349888404914493,-0.02525480173175688,-0.04661799386361942,-0.04808152410029401,-0.04974074401498603,-0.006197385412742347,0.02212606991068608,-0.03501420171193646,-0.034890785879038,0.05277926596061383,-0.03518027996895237,-0.03810426412283732,0.15184129204882552,-0.06664009809037677,-0.12394699652647179,-0.020658655914264076,-0.0028366455392397467,-0.0195098955522335,-0.008329864000198917
2020-12-01,0.36457309610441324,0.08965214550253157,0.16409182663163605,0.16184567260581023,0.21519179044190925,0.21901894320438453,0.30604432252518726,0.1086530882528632,0.10255116754900757,0.09756588181799787,1.090064254357734,0.08999806264601314,0.14475697108363547,0.1402632104038731,0.046033578222302675,0.13727603079339634,0.13429510688272644,0.1606639194023793,0.20468241407676488,0.0810561394041527,0.15391392809678686,0.16120876218812727,0.3133677650956507,0.051755471563956754,0.1534256818836359,0.13928159147125638,0.1368116810985882,0.2724791614287939,0.12913153272397104,0.26012134949265947,0.021573004120353817,0.16443318134024967,0.14016862029858432,0.15102687451310914,0.07447624097101492,0.1689311287859889,0.16431657579969355,0.43604836177834183,0.07369095470023568,0.059876978108092865,1.6912067655718108,0.08193973653140219,0.0772306411664794,0.027773733643525676,0.1778340608194605,0.1795616327513764,0.12338307799055198,0.12576923616027447,0.28490667567045036,0.27132346354168413,0.15423452092699969,0.0768577438100219,0.07730736788683785,0.18267823174353762,-0.044336885474936916,-0.047377839356620995,0.11547061338757196,0.13479103779218438,0.16450330933065785,0.16859299478319384,-6.413543037674888e-05,0.17322927802777244,0.10485900112515188,0.0804205151979534,0.07538804774997718,0.42083370924806807,0.055694301762592505,0.208856956060086,0.15125260496606832,0.14145956609488972,0.16151034184930743,0.15652380304225774,0.14767118133056742,0.25530266130162577,0.04321629376919271,0.04620202593814127,0.09073118105049259,0.140972630953517,0.14493910844542962,0.0662472709580829
2021-01-01,0.022543437431586044,0.009669208065069875,0.03895602349088814,0.06540870276782658,0.047651414031482785,0.04764029041987618,0.12366531348946763,0.017384003403404867,0.028170903783196345,0.025580656617730214,1.6832273575066021,-0.01282712431142669,0.015178676277713141,0.009532972313309816,0.0009271595200323959,0.042510133540520065,0.04605078807469357,0.028931477770141004,0.05349703761689746,0.016500268239763746,0.057945917437657264,0.04682668096040093,1.0381874811399754,0.0027667461495526646,0.02142442178907952,0.05445261173201672,0.05252788454173999,0.10607266810092585,0.07465596320780722,0.10772760107734702,0.04365705659851632,0.028009186534307184,0.023049112860199856,0.024666316968963167,-0.0155378179152666,0.020699886681318936,0.019171755847433185,0.13366676852728074,0.023514612677098926,0.0047018971028943745,0.23885724999579175,0.05388588790782192,0.04990343447906702,0.05572210177172933,0.13999677107895203,0.13916906620394587,0.05567856382753063,0.01877795872341262,0.03400361014998283,0.031446272673796134,0.06623311943916442,0.024178962162632378,0.02168723901433684,-0.1195911902907748,0.020548547651116602,0.017221912662827885,0.1925671498532695,0.16178090317602273,-0.013021310321044052,-0.018139600521537205,-0.027330001922824587,0.04904528309995526,0.033321583510515534,-0.001730489323832176,-0.0013238999632092586,0.04813118598499472,0.0450931213303746,0.04145872340340896,0.021386484080831398,0.02281331234381675,0.17454932703828707,0.0089971628143926,0.009365430913979376,-0.08628116371294302,-0.0012841962327916792,0.0023030151248491955,0.07618453876161546,0.011184189592755718,0.004478164391946673,0.18517527534128925
2021-02-01,-0.05657954955699312,-0.029275871558629405,-0.03504877664145416,0.0011812103762819945,0.003962422454896892,0.0015973167228331142,0.20540381235657962,-0.05836260716760132,0.013856695672434114,0.012255112415545078,0.1504893629258722,0.017388536239390184,0.0005194936117972258,-0.005678176613020348,0.17678927982703938,-0.03961270744498454,-0.04563963751916098,0.1041065975087126,0.01982314437176787,0.09480212267102178,0.015223513744473772,-0.0016510869131161764,0.15156900485795985,-0.05261738182660642,0.006991485224252002,0.027432398121974805,0.02066526328101234,0.557142087019841,-0.02377730403724566,0.04805089908457292,-0.044368045282886875,0.06485164044679682,-0.03250381439986284,-0.03227701287141351,-0.15030847040213222,0.04174100854689262,0.03780386168283378,0.19223072605598224,0.07625998383998697,0.07349503025550734,0.1613686108148541,0.0001269236983258126,-0.00018797600357543887,0.28765561543619145,0.04125799894930284,0.0399914997959241,0.022843241784982884,-0.021913003218552468,0.052026012816872046,0.04772111529579639,0.1900954123761644,0.03751235746895133,0.02804868902063889,0.270426000913355,0.006904661475198481,0.005205040718701564,0.14424969515677682,-0.0010278180483521658,0.06376044317009578,0.06894906262387082,0.3237971423152838,0.036593101466774025,-0.034289353732427266,0.02037907518882458,0.010932037184870345,0.2128126881177007,0.008310851582318264,0.0013602072647132546,0.014309109479962464,0.015510990506251167,0.13837837828454225,-0.046380323094192974,-0.05488237233806191,0.30334675187054977,1.7334223602588682e-05,0.009569774562694089,0.053555157551555876,-0.008503226537434704,-0.0169584390715018,-0.11413021537666225
2021-03-01,0.14738106517616925,0.012832214165756684,0.034772188327521394,0.062592216445244,0.1625513290378346,0.16375570235190096,0.2729788779451876,-0.03475308782183082,0.029239763690441723,0.025852809286636854,0.1728377500512112,0.038473284099622876,0.023924568156335247,0.007194173041723549,0.3349418048608876,0.058760268403935036,0.0599581862187457,0.19474690535618716,0.05577854991222228,0.03385559556237053,0.07609602147582373,0.08299713928207496,-0.016415561448857884,-0.004690965968652525,0.10867262870398522,-0.010898869333776493,-0.013606005292635127,0.16727371116529802,0.10430770819781102,0.13404070287961856,-0.008890345442506112,-0.04170774879090802,0.06524433162709432,0.06014878360048186,0.12687604098711816,0.1436508201986492,0.15501607407793178,0.41269588320389916,-0.01904580634249376,-0.031192630164426114,-0.04148503906858102,0.027104363413323916,0.023049414492258898,-0.025776248810640227,0.15719590283474622,0.14106743652368994,0.11464333162818585,0.06727539520767571,0.22932662031496895,0.228170302811877,0.2722509026632335,-0.030094834547192913,-0.029336942325351844,0.16544852079136754,-0.13148350655177604,-0.13247016161848962,-0.15291771662819809,0.11808057916715396,-0.28434622008707633,-0.310933141985017,0.08950187930854264,0.04189043901969524,0.05856472903859665,-0.036720385768567,-0.04277805749909539,-0.010373167139176874,-0.022555839293971883,0.15458174887520404,0.0499192111708942,0.046705678718791596,0.16716069733500716,0.11756630581114925,0.11133023610573206,-0.09171344949603674,-0.032972832525310705,-0.03360166849667806,-0.06436605963712952,0.04943021202255578,0.04647868338858491,0.11287048018526742
2021-04-01,0.046138974240383546,0.09355170428664228,-0.020913685077308505,0.024531672565310518,0.04545968919697995,0.04554976332728245,0.002891148597992179,0.07734480090503426,0.027881296658130567,0.030770143739333,-0.04600145418274281,0.02969296978961052,-0.0073250170717485755,-0.024542825352944893,0.48096787415315245,0.014660300483550754,0.013413982356565496,-0.017360761909925013,0.06846611407553937,0.14564405881973388,0.07573560991277185,0.07602070436929252,-0.09621028652937559,0.06046695612957509,-0.01298982430892186,-0.02172630697308297,-0.02078230280443723,-0.08951104808006997,-0.02667098040439534,-0.05182087230629031,0.058826979031405685,0.05693408333286356,0.05726911616007118,0.05937970203890175,0.13246262047562068,0.06127621951431788,0.0671237365338257,0.24359867292190127,-0.0050595975121218995,0.007088538198954227,-0.05517458401230565,-0.013671242612114453,-0.015378582956987616,0.011968093734282436,-0.049882848168876684,-0.06740220985002368,-0.06262172143963594,0.05571206859742657,0.02801110875746408,0.030562236470544776,-0.1710314962132314,0.010790702743272602,0.017537560056071037,-0.10587314148822896,0.07234290609228056,0.07426577602854788,-0.03691839849712195,0.052526178495657216,0.6034445413540823,0.6696342730097595,-0.05048330183912121,-0.025285392673886225,0.03949132153173622,0.045638779374199565,0.03895262976053965,-0.02575597658443032,0.030735704162143253,0.1159782957950651,0.04883954989606724,0.050992619914280474,-0.036538881605033345,0.0540554957125483,0.053674224542756555,0.23027283846239635,0.07031614272648933,0.06078645766637295,0.017421426263875932,0.05784898097926785,0.05717474693030205,0.045231661676710715
2021-05-01,0.009222967372110438,0.06027352524548911,0.052867734309337,-0.018194475334091107,0.03391058983507625,0.03490063085590572,0.08731017355727286,0.030264743613925782,0.04840734182101451,0.049071701668106905,-0.009224432272496762,0.04639398703448484,0.03465747074023655,0.04051443259425555,-0.10592037697877617,0.014998917669801133,0.015486837431463979,-0.01557852846589464,0.014304570792771941,0.05015227073469704,0.04376345151395805,0.03324950983836917,0.2438856134049554,0.011253037167867422,-0.012547373638953328,0.02746584981929438,0.03296941167112967,-0.18092497927135748,-0.03735645803625705,0.07730710520027706,0.03730705711141335,0.033557222254143905,0.05465202993188741,0.056175858454060416,-0.02747614877078692,0.00022986976179574032,-0.003745387625926283,0.011962508371572436,0.03814021734866168,0.046642977826796425,-0.14610771096505698,0.06641226368386922,0.0715183349930507,-0.08208689152997882,0.048698166723918315,0.049010379554719784,-0.002813864124762184,-0.015907372426157144,-0.016435785689754092,-0.015921587751361134,0.08165930826372292,0.00642205285222339,0.006248909790273927,-0.0668435338126669,0.024476165621520947,0.023431050322991812,-0.048489290122983995,-0.044829184705191545,0.03064320611762899,0.03327235189819633,0.014819411217026497,0.056478024147142904,0.04613117870106064,0.06549497745079046,0.06832884124279373,0.1766439020643819,0.10462485823534155,0.01575117822086011,0.05219255918127897,0.055141855800834916,-0.06285923938825212,0.026517592708289843,0.030103479077820693,-0.1253089700009719,0.04069403380649444,0.04574784325582019,0.04588797321512038,0.04081963446068971,0.03616146801555966,-0.05870292984484576
2021-06-01,0.07060160295042371,0.0015374934546704471,-0.002062612789152474,0.10511715923605713,0.0656867188429633,0.06636191304693936,-0.0034455815881317443,0.025262526700260655,-0.008888418247865206,-0.008885774183475428,-0.06741541543680914,0.025328516962422734,0.0495256497298499,0.046790307707404596,-0.16242168825697437,-0.009521924786541963,-0.01613794227881917,0.11584404169987905,0.01952643390848287,-0.015272134777479743,0.005656068547307283,0.007379801770236201,-0.03975194581064798,-0.0035478975177478207,0.007465249563753001,-0.019070661362747494,-0.019880722680145728,-0.0777094324129831,-0.00925294532359188,-0.0202879980042198,0.04088120782305241,0.0683839084756892,0.0247379089558042,0.0251535206267646,-0.03951937913317402,0.031629796591650904,0.034602721398087184,-0.2867535262761698,-0.009760810890310986,-0.013419460284214061,0.05987334424481075,-0.049170915052687746,-0.05355660261085652,-0.0036630111244628557,0.07090409404340352,0.06687699756995649,-0.024056391346224,0.017782647347388412,0.11152313259848391,0.10942350579279482,-0.16490796366540136,0.01138658356079204,0.013561717507485799,-0.06988755808036826,0.15919654902117827,0.16240919881973848,0.018752742137781275,0.01715604543858501,0.025983747543004695,0.014322520240414888,-0.01915862596326977,0.02102692645958729,-0.019570960330638362,-0.03460214668178437,-0.03905354407389898,0.13152663845486884,0.04330495715548261,0.09030330898982832,0.029491568924599195,0.029002889737752106,0.15422472797944567,-0.009262033448945337,-0.017686738606667734,0.0786749005510911,-0.013255893919625785,-0.009495684820632903,-0.005605116690918243,0.024044789089098503,0.01597316637222252,0.026254315244290827
2021-07-01,-0.03479093854191396,0.006115946491293476,0.12063369917969977,-0.002123829995352504,-0.04716711344485805,-0.047712830091868066,0.002742882205371402,-0.016729150204947585,0.05534157195749634,0.05632728356078173,0.016886227199913464,-0.021009072102561303,-0.04260070170747143,-0.031563643358767386,-0.04094801232760202,0.0031239176721668768,0.0035102063132290053,0.05787906672009822,0.00977276358531815,-0.02769364789272478,-0.04567457971061689,-0.050469088206063044,-0.11485638366055553,0.006221223684265259,-0.015587182506588443,0.08927231710696676,0.09216991047755699,-0.021430223190442757,0.01740595287918256,-0.04499653211504522,-0.017373332927365155,-0.010980187227277814,-0.032334900846586474,-0.03702293852031303,-0.05947266726387551,-0.029421660993353548,-0.0328864861338819,0.0986195556039432,0.08216001605428142,0.0824170142664609,0.035487887918055724,0.060885684172617596,0.06689215119325662,0.061220737901125456,-0.07306161597748151,-0.07371564778706846,0.012536815022810911,0.061068514886677236,0.026860587962281794,0.024151636771205635,-0.07007014621809114,0.05101664888333979,0.05102000534709101,-0.12638877967212028,-0.14009057883118575,-0.14077752977541771,-0.11348314285274982,0.007249474842652677,-0.04606775342120632,-0.04541954481077021,0.026976010374145255,-0.031657878324184215,0.0038365440626021577,0.042289809819984356,0.045814314376198165,0.0008260991536850966,0.030170861453886387,-0.06691030184374186,0.00956482618253554,0.012671641914449656,-0.04470184952734803,-0.08717527774503445,-0.09098539501972011,-0.07324598855072546,-0.012291612216670288,-0.008387787844102037,-0.028892781455468298,-0.006415541871722572,-0.002495612557598292,-0.0045585534647608495
2021-08-01,-0.008614376224742412,0.03957191526698177,0.025915116416542552,-0.001449075609245677,-0.034915333900086415,-0.03532052327736335,-0.07732989238294959,0.016290266138406187,0.048628953683156076,0.05184541781585952,-0.06315850041813027,-0.005475127606085497,0.006896463384555382,0.0174387463778813,-0.0483816484313831,-0.004571853442562799,-0.003325295332935681,-0.13619497758804902,0.011839453188982938,0.010049893323472484,-0.00785605789146139,0.005925350744251966,-0.19040103292628208,0.028954595191884668,0.054614406642814355,-0.04969225713423211,-0.051655228915268914,-0.08915684989258393,-0.07327426578037166,0.040510765223142974,-0.005223612874501773,0.013058355908808574,-0.009892364012483602,-0.0012022286669324056,0.0607743961165341,0.0076355298013372555,0.012512647782364614,0.10202095566547953,0.06562088896027216,0.06775931497302226,-0.13863335851743183,0.04637055166435584,0.05205797104261167,-0.09209243050329471,0.04037577764116758,0.04194831044181681,-0.03484105894018505,0.012504075411693145,-0.09999682038617472,-0.09867745550349236,0.08098416440994674,0.02593773706588491,0.01737486571059911,12.92227692180781,0.017349139349218754,0.020590201096859027,-0.05526405533978534,-0.03221999030318051,-0.018637240112711655,-0.020861948621466266,-0.05971614613274298,0.026159717201993306,0.0642374257001577,-0.004474204675849951,-0.002813196980038912,-0.07876320441473096,0.05218882676568931,0.04123850870140078,0.026706700373413973,0.028602744751065765,0.9440438066013032,-0.03578446527754107,-0.03980003855428385,0.01509484769303119,0.010468852818194128,0.006149003932738994,0.05704747868456284,0.011730160893659898,0.011530294551491245,-0.07319796977840777
2021-09-01,1.2776028924089495,0.040944919593321596,0.010893900096053337,-0.03992150485126269,0.027429824079628653,0.026551740115928125,0.11082346586012323,0.0035315708832326796,0.039661916417324534,0.0410779299394899,-0.005103184672640464,-0.000978504605237341,0.003108710279931221,0.0007041984089401847,0.11744052500757832,0.020910914631811568,0.02523297036934636,0.048465444314708,0.027092784172587894,0.016713498501856026,0.03671630000331546,0.02199720209666709,0.11300970404811828,0.00810838816711187,0.011116459789712908,0.04494814950385403,0.04723082361428186,-0.10500572410523355,0.10694683553537968,0.13534179532403076,-0.004984171348291605,0.033762558464381295,0.02103916542527503,0.020997303123439497,-0.09420557138298705,-0.00069983741299183,0.00020976580323292396,-0.1641837926449221,0.04131794668851759,0.052686872716940454,-0.03393275486407163,0.031236292160004855,0.03496796132339876,-0.03351306288983715,-0.08765237388563607,-0.08869709171655529,0.02386038649471683,0.009555076868108527,-0.038796688052019364,-0.04100817286593402,0.12890097958489688,0.022906263176819184,0.019880870836933243,-0.0506062035137055,-0.06447030161300706,-0.06927039635363082,0.11039306320511834,0.07360623120000978,0.009260390139968364,0.00697967057063437,-0.055648954404732824,-0.021157048514244433,-0.01745025660921628,0.03628003775728731,0.03901236065530015,-0.03186938684759153,0.07737545440327022,0.007517941175658912,0.04617259960662029,0.05273992476004517,0.001026192537793678,0.009391726059110787,0.012512213596822395,-0.0598688960002077,0.03399221101047794,0.036408706488720945,0.006879933231146971,-0.002269705512032671,0.0013188872103159245,-0.03260934487521427
2021-10-01,0.01813836617702585,-0.033636420976263355,-0.08681698156262077,-0.2372158942049246,0.03527937536915622,0.03604375596816551,0.08245919451510955,-0.05049796672013876,-0.03752142835256094,-0.03924232238165901,-0.02881350044507458,-0.060877346590196356,-0.030325629728321184,-0.04268243719619218,0.07722042276032391,-0.04179955122842151,-0.0428114621485719,-0.03726778871856402,-0.048916530085245914,-0.08266909792824706,-0.03251600023841826,-0.03304636426595613,-0.13715686775231345,-0.04305156305820579,-0.013560524660002406,-0.05521801182633855,-0.055465504111146306,0.010909890007652375,0.0403594088765566,0.019625327863688664,-0.03656644514362684,-0.0495476213633295,-0.03033581089594388,-0.03293438834418414,0.0085671898305836,-0.06575217348925702,-0.06854867808155174,0.005401700704859295,-0.05972703090719831,-0.049306407442285906,-0.08895112110856572,-0.04893040271450749,-0.05199731367049977,-0.04540960688721171,-0.12250651088878756,-0.12322401153660917,-0.032664224220179915,0.01016804040335844,0.1452767775348086,0.1429056943663344,-0.08317791349607111,-0.0661053266247883,-0.06647510027198159,-0.04699952724779081,-0.10233614215256391,-0.10245848166114987,-0.028766523895446063,-0.037253254339799466,0.026602858580761397,0.032947933164268216,0.0009370648704037361,-0.048291824000506564,-0.0011039340953884155,-0.046288160576834964,-0.04671981614003252,-0.04756817286905443,-0.08082143433617765,-0.07575045923242692,-0.06213905861195082,-0.06762647427575671,0.14218249409092817,-0.022285968398441113,-0.026099991735795094,0.08053501190744099,-0.0625977580722452,-0.05998478450515038,-0.09003448915532884,-0.029382853505663203,-0.028014184241452144,-0.03002073687048355
2021-11-01,-0.017328041174249735,0.07586024364694037,0.10062586824144708,0.06310429261907184,0.046679072249571484,0.04709499332671695,0.07234677146288719,0.06635606199161781,0.0765898551529489,0.07955463250012733,0.23717416559416335,-0.0035282250869106083,0.07429061327198601,0.08268329522180931,-0.04648905598222934,-0.045602389139623924,-0.04909516372736941,-0.00011084023219963242,0.03742334486817065,0.06476687241142666,0.05585228836214876,0.06425778468957646,-0.005563957029786278,0.02874910145882671,0.10308012252754299,0.06337197434084942,0.059497687552013664,0.026093736130029098,0.0881815942162378,-0.046003201462659744,0.06443979975565868,0.03335123699488952,0.08367613003851841,0.08773230551399311,0.006042432107098563,0.05915253281324201,0.06037166433465662,-0.11737740985984271,0.06411136048606861,0.06793939496272103,0.07152683946330955,-0.04585010848021574,-0.05422309336129487,0.051380098703568834,0.09999324046080885,0.09842599352765731,-0.05015916898128467,0.167910988631241,0.09564638021584215,0.09359050537952228,-0.0558281814749436,0.030665037470833975,0.03282942363268255,-0.042024057235551436,0.07085796387801149,0.06850644931154194,0.008349864713671397,0.07247999996873336,0.07832061657183575,0.08746027917778625,-0.0015806602059688203,0.06743963500971117,0.0008880579938602491,0.04738353116974859,0.04446995347256427,0.05607378574201987,0.026983412134114666,0.04073079156536258,0.0850037376996058,0.09094819014024082,-0.022385951377814396,0.09101338332672063,0.09970232040966066,0.07412186895718213,0.06190161100739429,0.0695532365758311,0.05039359433856601,0.06224975061031193,0.05880122457900939,-0.07840351952102094
2021-12-01,-0.10969333898602228,-0.019933433758462682,-0.009120290581047356,-0.025339806415668322,-0.07775462665650448,-0.07970669210233879,-0.020198860401374974,-0.01881879012074869,-0.028365540835142252,-0.02385099317097557,-0.10702482437139603,-0.04099031798382638,-0.023434239214175694,-0.013424095587290397,0.002168514117058822,-0.09148131772384206,-0.0939012389235011,-0.1766426822855024,-0.03986719463233546,0.03372054533718598,0.019017764997401893,0.0008999054308624996,-0.05604561802062503,0.009459007325386655,-0.025718872665749543,0.10256887024540376,0.10978853323538401,-0.09628011704704369,-0.11214413673837022,-0.0720289636872886,-0.04241324561671323,-0.03834139179700721,-0.05589045106999347,-0.05178603696110426,-0.2732945929380851,0.0016914945577533292,0.012274069055686237,0.23209958735627093,-0.0118008101933389,0.0012498657143527564,-0.034562516656541364,-0.08116391875487551,-0.07754615388225244,-0.12797112810224523,-0.021873740131090755,-0.020425124287965328,-0.06347752946052876,-0.06344267901761297,-0.08442667858159064,-0.08026020342797749,-0.11981902405570652,-0.0186852976541166,-0.013160403188816942,-0.168295570115016,-0.03809924319311014,-0.035002603459517376,-0.07301238797533477,-0.11260081601669085,-0.07397958608943123,-0.07483031642992624,-0.06689130828126731,-0.0375797270615957,-0.04583040581983475,0.010442520641489914,0.01653590053077848,-0.19995610527588847,0.008185403677261064,-0.04888451811620579,-0.050445001728740946,-0.047133565511552164,-0.17418973082018963,-0.08365109009069172,-0.08280388152521855,0.012392331067181591,-0.04112820013161317,-0.04831370616426498,-0.06544991399872871,-0.035199644713292746,-0.04138891720867078,-0.11111087895074195
2022-01-01,0.08122989706779779,0.041236013311370404,-0.019705282470378647,-0.0012939352973464291,0.03383785564248457,0.03322528792014938,0.048891962858820734,0.08414793201399516,0.0346003457538015,0.03417636673221204,-0.04891239429130828,0.0699294271906932,0.08269130574707044,0.07655545062733875,-0.05502949588148464,0.05509447660455545,0.057882584321036434,-0.043266915604794676,0.10180078505231474,0.0857803984303694,0.09273718997816623,0.0920484529518042,0.07675245135354446,0.10877272221717522,0.058772474448615566,0.04282560993346682,0.04369759288489519,-0.09000568700817663,0.01679507857086044,0.004922070517852204,0.08675078358858276,0.1464424385128026,0.09607378952552485,0.10275502771963221,0.04396639726842733,0.0537963044636565,0.054077762468735836,0.19744783692901832,0.05918230873764178,0.05943318746163229,0.33499370779130433,0.08153556108090512,0.07941248434022062,-0.1002073803508084,0.09475389279774084,0.0969070935417154,-0.11316236281437052,0.03011740611405612,0.04592909214019644,0.0435866415614121,-0.11643871809401554,0.07308667960435522,0.07663371829262805,-0.11568555290797626,0.06292277570170826,0.05895938714993048,-0.05905419498327758,0.05692351738344777,0.07624251401569589,0.08443655803333591,-0.011821356791632027,0.03810487651315724,0.10176343293501788,0.01361066665052909,0.014632645066254503,-0.04695151699899549,0.07615936152488553,0.07893863917234073,0.0706101826605519,0.06712577512683439,0.039141521544739225,0.09101998302376184,0.09011198244541835,0.021721948901956722,0.07816615956647543,0.07182612813608868,0.04356556540526871,0.099760741179342,0.11217786866627405,-0.0054172230770513875
2022-02-01,0.024127805635242673,-0.09076977258069391,-0.09906489377968385,0.0037732120503315494,0.047015386695276586,0.0501082668544396,-0.015026734605159575,-0.00897016012765701,-0.06843437114108765,-0.06801802550484613,-0.17334619955616706,-0.029360119496470834,-0.05822073092298179,-0.06672617290322698,-0.097314532198852,-0.01890207400888402,-0.021406757094654515,0.04573232393408655,-0.09607074855257586,-0.12719623372512645,-0.08369349448631368,-0.058005734145666045,-0.04002720624170927,-0.05855486438036973,-0.10386576097098345,-0.06153244297363194,-0.058067056199833,-0.06234920987699875,-0.16386436251846218,-0.15142451682513994,-0.016916300918450523,-0.04159795156625865,-0.0171463543480687,-0.017209202105283615,-0.008924499063476673,-0.06459075438117702,-0.06818575561978062,0.16356145439351677,-0.11323055413630513,-0.1115527462673902,-0.29181458026889584,-0.09142845664264437,-0.08586168020015884,-0.17087426637222303,0.0021060223263950147,0.001700942552152844,-0.020312365398651038,-0.11628125766753329,0.227214257604428,0.22996591266019406,-0.07889666626841565,-0.033277327139860396,-0.028758969952279625,-0.07161331482306629,-0.027853478997740978,-0.029166979677296843,0.08373794367917022,-0.08988861129097686,0.013334236341285402,0.014502196198099716,-0.0032462139960925153,-0.05032435436789208,-0.08353706256906358,-0.08169347287108887,-0.08372715326027767,-0.06178613214171953,-0.10127537145188177,-0.0020459741466276717,-0.051334781994278274,-0.04876439827103192,0.0035402740638685445,-0.009583380057200396,-0.006105512979037005,-0.01856874185617449,-0.017858202204794414,-0.011871711279474938,-0.06355074557040946,-0.038519379493497326,-0.030546409405471202,-0.08524617191858641
2022-03-01,0.006020284125492636,-0.020005321269913764,-0.09660690878226197,-0.09893931537583076,-0.07074848507380754,-0.07281892418088041,-0.0063925905283792935,-0.04385189686267488,-0.06210850634206635,-0.06310429454705427,-0.11944716917394574,-0.1068925298185633,-0.07002860055013355,-0.08979184957975553,-0.03395220188678808,-0.01917704465759306,-0.015273020870891078,-0.06209454354582084,-0.047145734303347585,-0.052806086799293786,-0.04709068913596965,-0.055226469373311944,-0.05010020501269715,-0.060513152752438584,-0.08603550561090871,-0.052596937006126714,-0.05475636647715169,-0.09099206802414567,-0.10135623276113254,0.03824755912332062,0.0078849560530884,-0.013487294311524628,-0.004101680017580168,-0.0031124309091826504,-0.11787660569866834,-0.08263635876794694,-0.087172752342851,-0.02803542248328073,-0.06246915055932614,-0.0685411302197577,0.052468069145513656,-3.9437585061807075e-05,0.0013739538142893977,-0.17149484787882688,0.07755024864597121,0.07847185304116083,0.016468966092522613,-0.030299087600542087,0.04577255801744923,0.044491684579653315,-0.09500383196948389,-0.04353638939154912,-0.042908447245216474,-0.09429524508624226,0.1474860788975236,0.15130443778673688,0.006122685708889691,0.008215344575817702,-0.014854248551744309,-0.01377836702950468,0.007384488661660734,-0.0028999841227714002,-0.04935247372548931,-0.029867439463733204,-0.028941040031648838,-0.1835512018321022,-0.029415239981360083,0.09991211215046393,-0.06573066911371613,-0.07351262778320064,-0.0352392572334725,-0.05845222565033253,-0.06853329982689893,-0.029645582972394283,-0.022744707170974002,-0.01970482051159287,0.009044431130421464,-0.0007263893255165358,0.005663594197131232,-0.016232344365806305
2022-04-01,0.010065108374661982,0.11526003130246984,0.011113294905225501,-0.025054214085162847,-0.010016965057637987,-0.009618357340808716,-0.06987056287435059,0.036033860411308856,0.050328133843431294,0.051731067879397415,0.09247538793013306,0.010321805034464789,0.10440953543702806,0.11146690153681413,0.002366478129473212,-0.003517413550017078,-0.009355129130439597,0.12242924992314828,0.015948364532539196,-0.030722597947937542,-0.03361552751905864,-0.0032909873153813196,-0.020740441152074643,0.002481916233718206,0.027648804989266834,0.05629283384318129,0.05827046934675447,-0.05325782006840361,-0.026725054500354298,0.135776026442809,0.028943984164460545,0.0027112982568107723,0.07875755492024646,0.08548001803260151,-5.519491891887345e-05,0.04717608018639103,0.05631826072636558,0.026674757409278212,0.05984667424215863,0.06746424779806864,-0.04887123909180523,0.0334297359004345,0.04638912079918483,0.04262208931161766,0.12472013637166281,0.12527700158683241,0.08758159188712347,0.12305833924598189,0.09420486144965141,0.09116121471533818,0.09870844982378697,0.08498340876243514,0.08893467159545243,-0.021301944416307044,0.11327999267874468,0.11586972385691595,0.14557748587440444,0.06198985282135305,-0.046794958872640034,-0.05342429368100615,0.01244997156967365,-0.06590885210257706,0.023184095856742,0.05278390607908889,0.056891906659237795,-0.06759163011229438,0.05938951147869997,0.07987975992600599,0.07138345595596918,0.07302557335849913,-0.01726680458119271,0.05150468836136754,0.06009589499118383,-0.16248983220376165,0.10324092424985963,0.09994779984889533,0.05492470037374499,0.03468321075963616,0.043671932081233114,0.06656490424529811
2022-05-01,-0.12054289593565115,-0.01935712638705253,-0.06424808115789081,-0.07157094575195425,-0.0968899669331923,-0.09788234745687814,-0.14280813310275076,0.007250818974514254,-0.10648636491041699,-0.10601514315376213,-0.2358002252974702,0.0375482977559715,-0.037925462218565124,-0.03875441463658198,-0.11845846771963922,-0.15638445733901432,-0.1604034311091313,-0.05146432367171536,-0.09027707776327183,-0.07755416384536427,-0.006076119833488122,0.001333484427145406,-0.07486753487365078,0.009132466825326455,-0.12007394271077737,-0.12604993119403338,-0.12566273855113938,-0.06118188071874667,-0.31397053727514346,-0.0531239108659193,-0.004149533973812486,-0.06940133831231383,-0.04900549544129238,-0.04145982594905908,-0.11734053075537618,-0.09517541902471874,-0.09220046871376965,-0.1700922406241838,-0.10495313923260217,-0.0958728007311779,-0.13124057256019914,-0.11646672452086432,-0.10484684329534744,-0.02572563058932675,-0.14735287710604392,-0.14764914433517679,-0.02076965541901165,-0.05099173638398242,-0.01421125379048941,-0.013710655471337487,-0.10509487026971641,-0.015515002324897874,-0.009382435983457348,-0.12275944486033422,-0.10826954165347713,-0.1080992277027827,-0.12745163277717103,-0.12561047939583664,-0.05920862307280399,-0.061391513526244286,-0.14045553306922526,-0.005823548154404024,-0.053534504782888744,-0.12044021105685927,-0.12842797923614524,-0.11248782542277475,-0.16302586919438822,-0.049627142461386886,-0.09636479547992927,-0.10065215465087443,-0.07288394517078864,-0.06921861667528544,-0.06894197617309583,-0.08180163238526718,-0.04759874568584888,-0.050401161526546626,-0.09073112820249526,-0.026177854749445863,-0.02548893432351082,-0.055728283368422414
2022-06-01,-0.013788811913318653,-0.030269518923106864,-0.06949403746243402,0.02763351538467119,0.026247848777651572,0.027586260882173655,-0.10487906010972564,-0.03324967208306239,-0.013335023073007513,-0.012811964019410373,0.02639682910741522,-0.01633597271569197,0.023414049722385862,0.023358201749868933,-0.2187466290465575,0.06480233967834431,0.06660486028008518,-0.04416445645398657,-0.023478014751676022,0.054524304625237933,0.007845249820248774,-0.0015094537834908998,-0.002037855171222162,-0.06656521524972368,0.019842319910142216,-0.021175410557729524,-0.02259178387340324,-0.035904129615644986,-0.03125574332302008,0.053609714101582634,-0.0594291751678307,-0.007943065980693872,-0.004683545977186147,-0.009587116992754507,0.0556933762911649,0.011499889809268055,0.011498000310369535,-0.06566582690753725,0.0028489792380220497,0.022111756851252697,-0.11517262634608164,-0.04136398925025725,-0.04673122428667907,-0.04454920284272908,-0.02477358044433863,-0.023465312663359616,-0.08081262995249801,-0.043776006208178744,0.156810559647357,0.15679009230157454,-0.05664267829381739,0.021294998611080373,0.023592537294188764,0.0045337440936089385,-0.08430557848492923,-0.08412016519866242,-0.10876270061990372,-0.05467947745647384,-0.04090297180392001,-0.043704415089531976,0.027455907183112367,0.005022681819535438,-0.013294052745967719,-0.0637573859873426,-0.06571616375014613,-0.05018174923710064,-0.024306059571316086,-0.06030648942910516,-0.016538751558506364,-0.01181541714177537,-0.04597638682227142,-0.03219549578276213,-0.03808129779558918,0.04024652726051924,0.038701345248699864,0.038886914940862674,0.03982988831481365,-0.0010488470122873026,-0.004179594699335495,-0.07111772190981851
2022-07-01,0.008526529275050916,-0.016521511057864955,-0.11200416886227227,-0.09219124642925955,-0.10685180425665872,-0.11020595513623652,-0.10886909560927208,0.028418577535377923,-0.05148485167522388,-0.05180432581879033,-0.16835252264057105,-0.02540141890544119,-0.1265570599173776,-0.11277219346402995,-0.22051617634036924,-0.05861036084094266,-0.058137014366585,-0.20722942560281152,-0.09130780379335118,-0.05499480301040507,-0.09802746384083781,-0.09537666556441071,-0.08230294072758684,0.001379394390030161,-0.10251694903438473,-0.10951693511816372,-0.10859156674914548,0.13571025141278223,-0.07024553174611689,-0.10225364218297388,-0.021703106525667183,-0.04302541759280791,0.00017686648492769516,0.0036248585333111347,-0.01377214259618767,-0.14123028982471103,-0.14688854708322222,-0.1495970703891484,-0.05510421236225478,-0.04389734889444304,0.004666178946551386,-0.06610650165964128,-0.06594965969166863,-0.026008227854796034,-0.19883615616890118,-0.199362433616926,-0.1921009174044705,-0.04223209258658211,-0.1692805616808276,-0.16727124805506147,-0.11282549520989445,0.012683973342249938,0.010828953291586903,0.16853639275560164,-0.11063844782968163,-0.11063525656975291,-0.18211482888438021,-0.11562097108960588,-0.051226912716710246,-0.04783109040309719,-0.09979317319028032,-0.09393203336242878,-0.019508655229657144,-0.4262617515308583,-0.45654978437431,-0.15836966390905394,-0.025278586502013502,-0.20103982967627274,-0.0684975647502677,-0.0614507198862793,-0.06723204705008555,-0.07598022773405036,-0.07028362713753399,-0.11570205690057055,-0.04592542121857639,-0.0486185183264128,0.04853888315660321,-0.05747304724434476,-0.047666324658487656,-0.07671733552332868
2022-08-01,0.07541888596380418,0.047437631151594835,0.10948265570990533,0.09016607298375413,0.04741103187176601,0.0469354786228745,-0.0066722373579507594,0.050508284988727385,-0.043524200422610695,-0.04864352914635173,0.23010941935844673,0.050837564013264724,0.050645662063017495,0.05240905563547267,0.10394469641493785,-0.03693640090837962,-0.044440662327364,0.04623999886199446,0.09046365463075938,0.10046974677194785,0.14852271388971444,0.1485078922630503,0.09991825256443532,0.0027875172099092625,0.12327585889053307,0.17288672214964365,0.17116746561086296,0.024331681220790824,0.1640382187011535,0.1538155985191378,0.048058436337980404,0.03258510495954017,-0.005163661744483032,-0.003181326799181299,-0.020753981868821957,0.14027522712318985,0.14829849605967874,-0.17287172553477215,0.11954824992891305,0.1159821473833671,0.01327273251448447,0.03003273102401287,0.031942754436604825,0.036754432569338136,0.02453014284853672,0.02428812929754917,-0.07473102609891227,0.11899140016088164,0.0619116678992209,0.06087237708869722,0.03154597618829785,-0.026247542136768966,-0.028611174188480377,0.600993077384207,-0.11148313103697106,-0.12490886260303814,0.08454861482307233,0.15529422336810225,0.024759986342126693,0.02559283354409789,0.040570227171104846,0.059772846830645696,0.07487009856539278,0.15030200376885383,0.1579924496152079,0.09681503748053394,0.07662866140779169,0.16786600866443718,0.0634557292108012,0.0629486940313655,0.1439029941862685,0.08440468483561235,0.0778918369803637,0.14619339736146447,0.030243598733363835,0.033625340400193424,0.009719649135955594,0.08598212478295299,0.08614612767996103,-0.045081939961836404
2022-09-01,-0.055450730287925624,0.05364942122239719,-0.05825296441873785,-0.07872711750296037,-0.026803268126638344,-0.026067624666874897,-0.048438541396780874,-0.026719584264300413,-0.06230829876475431,-0.060679797066358385,0.1809524805941088,-0.04784182775509742,-0.04025651418848279,-0.039611330043654434,-0.011749918895431543,-0.031235895967202002,-0.03175333657678337,0.016992033060350083,-0.0503991547013805,-0.06040609329007754,-0.08313733533573898,-0.06932133663363191,-0.04859697019601098,-0.03436763062116625,-0.07909822459650304,-0.06436403525781433,-0.06586135624002341,-0.08504684914506735,-0.018287640826787504,-0.01790137475778797,-0.038291465219746135,-0.009585973625936491,0.006719448763006693,0.00853829151834761,-0.057758179382456414,-0.04195369905163168,-0.0371453007568899,0.3302853086481165,-0.07862765446747556,-0.0717692339633127,-0.07427929737091456,-0.045184753294851325,-0.04167740000726502,-0.02324417511239955,-0.04308010429832659,-0.04239691497624267,-0.047183107509434496,-0.06663355641779811,0.020568610946818715,0.01538996590786912,-0.06238549653445878,-0.035741172226063926,-0.03691853715643526,0.3899572638658233,-0.10256388271332605,-0.10209674322397103,-0.16102061580531118,-0.07763040529019036,-0.04690446246161308,-0.050247903712603785,-0.02948711667134793,-0.04216406256797281,-0.014368449628759382,-0.03324869008852336,-0.030677054328201805,-0.03523215682801259,-0.11113349265638141,-0.03640903484301609,-0.03870990179279982,-0.03285394761272746,0.044355243925488216,-0.03466149696158931,-0.032464754738737486,-0.0377017503402903,-0.006136819164481842,-0.010057941949409843,0.0013332267117783967,-0.01823879087197644,-0.002893095498470213,-0.022625028554118652
2022-10-01,-0.11475788340711762,-0.0659842934514224,-0.1659615841389217,-0.13388271146162978,-0.07454989434850096,-0.07563008114223334,-0.09821004656886004,-0.05705842595425801,-0.11252910994094112,-0.11331491781529461,-0.14145475594290136,-0.1328537996882303,-0.08420939584100832,-0.07239812256557288,-0.18051432511361548,-0.15265349413169427,-0.15370110373536783,-0.32154302910192406,-0.11379906654437161,-0.06908796508447518,-0.08947988779593978,-0.0831151587906891,-0.15467071755229228,-0.11132294900372022,-0.10727189700828177,-0.1210890533988834,-0.1222165278482694,-0.07613585883186108,-0.01396351476319188,-0.031087835315952862,-0.07974371555101789,-0.05658672455162632,-0.0539064014350617,-0.05442784763999839,-0.11757737601309706,-0.09390239026085895,-0.09534245219803296,1.148771302194604,-0.07905635257699942,-0.07701027811218873,-0.1115906564648591,-0.07694415603326406,-0.07490528359784143,-0.08214425089973473,-0.022456606815552012,-0.02073462494916797,-0.08523120899275528,-0.0589857334632594,-0.076272287958565,-0.07384992274413504,-0.09956620823865332,-0.013383163624999103,-0.010662296723386082,-0.1426566732202731,0.049272865039390754,0.05386675657990289,-0.11368377912369532,-0.15761064897903473,-0.08885271027959267,-0.0907247333707166,-0.06977772852632187,-0.14342607948413869,-0.07416859554581556,-0.0870566124096096,-0.08575797545531265,-0.19303604570983204,-0.14425981117387646,-0.14323281076553473,-0.10289029220051671,-0.10082751517483571,-0.03772711670392252,-0.1360031057990145,-0.1426368765677831,-0.07435411106471089,-0.12762326348411118,-0.12786815310701058,-0.11941293810241348,-0.08626657507269199,-0.08259488105748163,-0.07612833212420124
2022-11-01,0.2014846071376374,-0.004025733675736454,0.09966546384911519,0.09479949798561237,0.1193823675294632,0.12056441603042183,0.043380786990556176,0.08289106015609833,0.04182152155673827,0.03954953239780935,0.07163776914788393,0.06893013850997384,0.09785909810993534,0.0921384219627831,-0.016851980568425556,0.08950817486823272,0.09107657079985748,-0.0088420144471273,0.10100220570292441,0.1330099847166993,0.0742532080599116,0.07685447055621679,0.01906152892675305,0.05192050540008512,0.1240044398159731,0.0812773297079073,0.0852061579965574,-0.09159258269151171,0.15284032862106423,0.1835521042358365,0.06269615943194339,0.029309485480058364,0.11522303218887263,0.11464761459755214,-0.0517452732890943,0.16664681477614177,0.17319798675329146,-0.05872027823919311,0.05789851482246049,0.050975244970687006,-0.0755835990539068,0.08349307686481328,0.09173782662566632,0.19396718770967825,0.026952189796578548,0.02680005527281798,-0.06558380148637834,0.11660651067904702,0.25180371498939225,0.25053992160759286,-0.0382518566987275,0.10878201114257342,0.1103756582912846,-0.13313270769594604,0.01784484342350696,0.018180137474457066,-0.014673946187582623,0.07483171070802191,0.04590458677214999,0.04901457995278276,-0.003072150825550875,0.0037983069772059477,0.11565331633360537,-0.0048019897238357045,-0.014735895574873075,0.16135930139154997,-0.010991708268487641,0.19743648981813228,0.06851791868711836,0.06835634963893525,0.0547082521747422,0.0878678879197529,0.08856440100175958,0.011919533502458298,0.03868964342074824,0.04061505555679536,0.04794580612026063,0.13302638115111456,0.1405270731009399,0.024394580162868173
2022-12-01,0.07537904037774285,0.05727613213658627,0.17928147111574955,0.09848857482352939,0.06304597784333364,0.036642838264181486,-0.10469313360991697,0.034722385181130015,0.08783036157294268,0.08974701234916573,-0.27337166237358884,0.09337137746378799,0.09632690411071874,0.10998289311626233,-0.013814784548368264,0.02326862455289789,0.027766944015916888,0.07432639469527516,0.09143001591430476,0.08646876585241797,0.068163560573457,0.06222601973082204,-0.020296809179319697,0.09414995683207497,0.09304426764827767,0.04532057354645661,0.0423598895254021,0.19202821991628044,0.10146971490906084,-0.24686058109699763,0.05821027532876083,0.06617545850109206,0.022448609876623837,0.02323465880085461,0.019933876898111547,0.09431409809802464,0.1056067875780461,-0.4927729520503246,0.0960130841670753,0.10250439650367041,-0.02918698903954763,0.0542034887885886,0.05636651945887454,0.04369805938142273,0.22158114363877862,0.22451237152431436,0.010685013294429647,-0.025107837521761128,-0.013709371679768143,-0.013356631233860675,0.02777789715073402,0.05048499390192369,0.05241671104832184,-0.18371510351411274,0.1687806963384665,0.17238818491221256,0.02565987956554499,0.1525015956698259,0.0683536103195409,0.0721655583528226,-0.01885598263682208,0.047464879638999175,0.06544300721098366,0.039009977605329614,0.03850954624750954,-0.054802931487542804,0.08971953819129784,0.09529193369488236,0.07649891618728705,0.07950415490630842,-0.03008224292369291,0.10020668296115075,0.10925522311230414,-0.08303115192428577,0.056998605849534256,0.05515812573614872,0.030086284582785332,0.012435858219345147,-0.0019354680173877597,0.04218272007330878
2023-01-01,0.021138094792055546,-0.06576713498301555,-0.002011873230959953,-0.08507361899412867,-0.05901173650723147,-0.05912128253069747,-0.1253309935419922,-0.0503906791556813,-0.06757577335368777,-0.068062108164782,-0.03684457964321823,-0.04032971759009427,-0.0638781057254317,-0.06419098006401253,-0.11893461689751203,-0.05848744212006606,-0.05789161036419585,-0.16686998899434066,-0.059346456895341876,-0.005019076098454351,-0.05549372454057243,-0.048409908156592796,-0.06991258715998876,0.008398398168090682,-0.07273057395424323,-0.11520698972229464,-0.11579939480530073,-0.16366691960952862,-0.0597291701672795,-0.091328451772269,-0.010160993804685034,-0.04889383166145982,-0.016890256938225975,-0.011232782706402152,-0.03482757470074848,-0.041280111444189284,-0.040588307489363554,0.03979598839380115,-0.03345826377901776,-0.027466100760652742,3.2994826341485335,-0.008546655486556887,-0.00869288916096251,0.18839642047223007,-0.04766549931658062,-0.048041584465283796,-0.038541743440606624,-0.06986318111649982,-0.03444755691299021,-0.03336519797803887,1.4492760302957999,-0.024532561826155732,-0.023784130666596928,-0.10806251459578436,-0.018304302184973913,-0.01833545570217268,-0.035978196638752444,-0.09547805500858125,-0.008271908328290103,-0.008474813565667814,0.0021190916485176545,-0.03127151252269879,-0.05443783900103612,-0.07968563060642814,-0.08026159718363342,-0.05398896717717627,-0.02685945733441393,-0.06565099015434206,-0.06488851583415438,-0.06543229862255306,-0.0741525669444354,-0.06921410353043757,-0.07063719085517325,-0.03966721243252031,-0.01155109597405152,-0.011426336794233603,0.006538529547038508,-0.050582173715948024,-0.04957244339639801,-0.05084816571535327
2023-02-01,0.03110218437839798,-0.01091886531804616,0.10699235123866181,0.13844106994046657,0.08978822384835207,0.09344065330879381,0.14144718960958697,-0.02902026817293569,0.08617515868548817,0.08575880265108259,0.16487894465271444,0.044503543632273664,0.08505409080876591,0.06711856989948733,0.24689229340271024,0.14463024490238505,0.14976264861747632,0.17243050676682847,0.06555006545938664,0.13788204084577774,0.1511203292297828,0.132205811979585,0.08642278221492783,-0.00479430523379782,0.12626921507107072,0.15730185893856638,0.1546872096498457,0.31530664739065783,0.215119037845872,0.1447571652875667,0.004109491455217777,-0.013618885848778727,0.0030056263167498056,-0.006756259207866034,0.1394100621015703,0.09761708146670832,0.08669864447823931,0.33731648363034683,0.0524071700660674,0.04155025187484018,-0.05706553248376357,0.04664395931676789,0.04194043331126485,0.05372490890079438,0.1781792442572473,0.17741958307095915,0.05947442817184901,0.07137107653665678,0.01324916705814881,0.013302372925715296,0.03452528002485206,-0.03518682894947198,-0.03854487536035254,1.0377965714807493,0.14991796050176842,0.15036823310947842,0.11237520444967744,0.12449018753624698,0.0631719559872603,0.06746071677028533,0.10835302247268971,0.0974788569600007,0.07237307998313641,0.1336625088844545,0.13048289806989855,2.662640321537506,0.11768494944088614,0.21494964748090617,0.09983937108745536,0.09431023106506913,0.1237889856082198,0.1001262501449159,0.08982749783217722,0.1197328066814988,-0.0029265628795161493,-0.011919678389091573,0.017875191589728556,0.06190348419869479,0.04270372365949008,0.062089949764819484
2023-03-01,-0.00246887921026846,-0.014153770994958558,-0.07250976272235367,-0.04610125964652343,-0.025189687682745793,-0.025913847366096174,-0.11779553975632359,-0.016581254267136282,-0.05145593357672106,-0.052117165054073836,-0.13642743679260236,-0.046933490071897156,-0.02856469023592209,-0.03253418238778652,-0.1379363149688845,-0.08790417395896342,-0.08124506271576125,-0.16429985056976948,-0.022925491633484462,-0.027042604034965122,-0.014767546512890289,0.0051630883689987705,-0.07494149984475452,-0.038159976793511366,-0.0002278484173433065,-0.005220830481691785,-0.0034915742417931956,-0.09205605056392446,-0.08192074083849013,-0.007486111615870551,-0.05058611577064632,-0.04956965959322815,-0.03408008116312989,-0.03935887359757616,0.0018452439010063074,-0.017091028161160968,-0.021139176745518882,-0.18619151143256532,-0.08035042856649564,-0.0821238582733525,-0.0607609335474147,-0.06097970817093222,-0.06382093770633755,-0.03506712935383406,-0.052183852673204835,-0.052591034858978494,0.019554295510222343,-0.030962365413273202,-0.03965908234457559,-0.040054055635761796,-0.04614146429451884,-0.05603355805477356,-0.05744705589501013,0.1813664107551285,-0.14534574515597257,-0.1484999464716075,-0.11607808179110223,0.025062318302348664,-0.002337448988284381,-0.00735126082572341,-0.0059157623885352055,-0.11088373869707645,-0.042967227792761006,-0.08243551743819894,-0.08400444809661675,-0.17364983862039468,0.060459373565153074,-0.014180939347409209,-0.06064749581583863,-0.05874241015759478,-0.1036238799791585,-0.018142512557566083,-0.01772745496120929,0.4965985196861449,-0.06449253087051449,-0.06331597347548484,-0.042881864127825284,-0.011353955931472844,-0.005083918663875658,0.03492622274900006
2023-04-01,0.030051181826505294,0.06190949515131411,0.03083797409501566,-5.6577860098248845e-06,-0.12872441832463133,-0.12438582110858593,-0.6998275329358308,0.048703943551779885,0.10433978410960291,0.10978107133475742,-0.13682720626511288,0.03155607375257691,-0.016867017419632712,-0.001955321550758048,-0.12011524053097324,0.010980776413154576,0.017988858749328672,-0.05885825920465025,0.0516630685456462,0.04290856415174639,-0.03802361541326782,-0.04135867904420326,-0.16464575220028416,0.048487986362728136,0.003468160545637909,0.12872727093680864,0.1344256555011809,-0.09635516407276562,0.050402507690078736,-0.05858093662429634,0.053438398426564865,-0.05640814009738974,-0.04483179857454116,-0.04154443109336516,0.06928997506027837,-0.008845184170697138,-0.002329175028599093,0.31025480533539784,0.04975646747038067,0.04520456659292494,-0.04307556885995838,0.04803338248673554,0.04771422155129525,-0.06592766866778531,-0.014561949169434131,-0.013303166814469905,-0.0576332942364446,0.0037599658077613046,-0.029419042202002896,-0.026984031928035647,-0.1382539341581618,0.03132930609363737,0.03356058584010977,0.07982732010297142,0.12591329385502947,0.12371930792602985,0.013961857862131966,-0.06698058175648891,-0.06498097562818139,-0.07275238825561275,-0.1418696460063886,-0.0013879146816559934,0.0480422696970389,0.05935926650563279,0.06786791816066325,-0.1514672323164189,0.03627395176948563,-0.06252585294368458,-0.038477827974549225,-0.03677243571475997,-0.0850952001960336,-0.004619082742092839,0.0021301169895111697,-0.05922380729719331,0.04966226618281965,0.04705446802544592,0.05079399679128124,0.0005856619480600833,0.006253736921967911,-0.05004933205225587
2023-05-01,0.009955411554686783,0.025186695881410783,0.021458164835237988,-0.027532062075297518,0.008117236236386867,0.01205755096735522,-0.01896013591547387,0.030066297266183623,0.028310170775887034,0.03095543639503858,0.03619204726031652,0.013881796749496843,0.007052392102852613,0.013563874972514304,-0.07220015720478144,0.010217767885912667,0.012129075242502837,0.2924049477229362,-0.043033974526534464,0.054166163530652595,-0.0023516215404672585,-0.012771925739930075,-0.10912205430301081,0.04284994818656765,0.003338158481877207,-0.0013513422298511344,0.003363907008598615,-0.0437702723176244,-0.0010991739752918678,-0.01107335983777326,0.047951050727683533,0.02504544532835011,0.04520291012250538,0.04295228834701369,-0.09655886918537168,-0.03365302036060785,-0.03371368064172964,-0.2489140658215415,-0.04562289818215328,-0.0429972647225995,-0.07903262857052414,0.0803534060620367,0.08407529981421953,0.051071236578485724,-0.0267301628049933,-0.026692283647735713,0.052505064984820236,-0.0006305919352708002,0.019870290928252227,0.02219592376196562,-0.14538917361705989,0.04951668669348486,0.051099814466519726,-0.04938343019866858,0.016087076901951096,0.017448163200511735,-0.01935049657570391,0.020768572907197306,0.03140949901419737,0.033046296040103944,-0.022222585403217594,0.008420428408024807,0.07170240532394259,0.003017457379661262,0.0035314337176125146,-0.1554692816446825,0.037890325049774735,-0.0510089441465357,-0.010384096620297488,-0.008378886347755604,0.007092442258075095,-0.004803869556329907,-0.0068898756450545195,-0.07567516866404293,0.025005050774804687,0.031122128828895392,-0.05049311275079263,0.008430731345046301,0.013437603413411426,-0.07230044890498372
2023-06-01,-0.021401670320287162,-0.026209849393821143,-0.16336239444207956,-0.004953713522338186,-0.033703086708512645,-0.033459906378888446,-0.03299306546213577,-0.03622080295209063,0.06840957206953935,0.07093101188323497,0.38926534248375505,-0.0740616177149268,-0.0741280601055846,-0.07082310492844396,0.13136108938828744,-0.09511361327122043,-0.09551490483977208,0.06299154934268117,0.05153637475902182,0.006904621359978682,-0.005785564141346388,-0.0007481102709394468,-0.08078537125212171,-0.08713493068295375,0.04448575450399318,0.11138099148659947,0.1133312542563922,-0.07895298589694177,0.06682443687821321,-0.08058354658277746,-0.05822364481097881,-0.05595748288038652,-0.034538644132577935,-0.0302980069291612,0.04092567474674412,0.0005527135220920513,-0.0014569541627675185,-0.1696394405336686,-0.024154411074512456,-0.03081000008920055,0.06162935824021008,-0.05484428506653916,-0.05125040685445881,-0.1759533782776058,-0.048064352579622965,-0.04794623676199037,-0.09174201664513218,-0.014394478825335691,-0.07673309049864703,-0.0788084500366849,0.034657622143711805,-0.03425753091184502,-0.03486050814220529,0.01737631184264902,-0.06924646955188785,-0.0688179962554665,-0.18930129462854867,-0.049902313881426,-0.01859296660210522,-0.020789702357296505,0.04292356108704661,-0.07165743203564534,-0.04581934429961798,0.04773134423274045,0.056958942306979544,-0.09398681208382184,-0.08008735389268347,-0.08628337754164546,-0.033013189906163774,-0.033085767203757506,0.027081579950647038,-0.01772215984671302,-0.0227846633937839,0.044068559655185364,-0.07130668631116306,-0.07399212654809195,-0.014049506688449481,-0.0035591442740626296,0.0019776786729431006,0.05140138420497012
2023-07-01,0.05999281917238681,0.058322442817896655,0.07900760377788521,0.1257393989470348,0.04890524560852216,0.04953534509240819,-0.0009906528675278645,0.01920266227251977,0.03546458797786258,0.034809946338306176,0.002465992616454675,0.05769085596189404,0.0753944804261305,0.07869940848351838,0.10447715684597621,0.04213715880190364,0.03785166103310411,-0.3294997867000141,0.050889632640342616,0.13809525310245954,0.18156632173073084,0.17740043787771617,0.03158020111938779,0.059426570895804595,0.05026569579705222,0.06350482212336843,0.06321136755306812,0.0020146559256203306,0.07964872083109041,0.3115698466746308,-0.010453913882906637,0.05147646307707186,0.02121070766717067,0.020696363456344867,0.10718690436959873,0.11959177980511271,0.12109624959088151,-0.13536331786305375,0.037634015133779154,0.04093280466237995,0.10035505288472168,0.0744704414364553,0.0727728826817549,0.0257164750808133,0.0956344595844334,0.09641060876050227,0.02002078679266241,0.06200616441657593,0.048000199464085035,0.04797967655907041,-0.09177576110557632,0.03536155083555955,0.03603161551806689,0.4237165918779839,-0.04077570715506546,-0.04266140735778636,1.826407018103918,0.03264800855302333,0.0010206254367154638,-0.003946466692919894,0.07576199381136922,0.09498742625854191,0.03693334279582025,0.06784264797372294,0.064152320165849,0.07650084086251634,0.10240002448365115,0.16623991444381178,0.04290749958867416,0.041086316011608795,-0.012640879831745609,0.09631980319785194,0.09708867766032708,0.023159205557872077,0.02395679066768671,0.026574665032033103,-0.013938083815381277,0.09792773463272135,0.09773156881102751,-0.05525275640331584
2023-08-01,0.02049881511878275,-0.026938481503435755,0.00814979395031056,0.04384033258459824,0.07122137636686979,0.06890391158925571,0.00956003634583831,0.03208194637552121,0.023362065148149584,0.023519608311450176,0.03008448370886469,0.005747120599133803,0.04328107642754452,0.03948556921760237,-0.03043679476257867,-0.01141746427676067,-0.014244628209984369,0.15502951091260672,0.03092125212539374,0.04316422163442818,0.038410085656132006,0.0424623142099281,0.006459015965608828,0.010095519081695275,0.036793272542593326,0.03402945526367725,0.0337080987472731,-0.13625156587079412,-0.0009856305446038593,0.08679037923693847,0.015958006066233373,0.00372169927712443,0.033041737678089864,0.0365044610758153,-0.0186581815649017,0.06640665951406967,0.07180741488959881,-0.011423757540683262,0.03423354620054553,0.03833028278750087,-0.07113574089242469,-0.02456834320571944,-0.028290970591240854,-0.009685596794668213,0.0540668088776872,0.05476690464611532,0.024328926276906696,0.02450203929355262,0.06309216895827675,0.05918724202760731,0.033815920636887306,-0.014172653910375626,-0.014866480370338024,-0.0773057601383582,0.015930472410908426,0.014771393556700593,0.08062803872880808,0.044905241930575324,0.01179811503365722,0.009109611467478185,-0.04946967551766669,0.05833187731176899,0.0008231397253556268,0.01820313889023799,0.016920189499718203,0.06375283530978834,0.010222563441046533,0.02440515693225863,0.04674928393163166,0.0478855135285405,-0.015093161116728445,0.04457283263842162,0.04053765983164957,0.10782346956805294,0.0022403371965798316,-0.0026926414534858643,-0.00271689785794079,-0.0033888357400421393,-0.008485136632517636,0.17298594988878932
2023-09-01,-0.016591525224978074,-0.0408579334114398,-0.048900333985064486,-0.050523657854732756,-0.06546261532673953,-0.06604432372995503,-0.03174376206914919,-0.05140668937620373,0.000930684961562106,0.002300069192398778,-0.16800538262233644,-0.01581811900456866,-0.02402790043429162,-0.025244961138240544,-0.07207773276544283,-0.011443626284501863,-0.010637819394071855,-0.12062819703096202,0.059526106993973406,-0.006952055139603212,-0.008287783243931035,-0.0024581223205090014,-0.0948480088060658,-0.01844346727237811,-0.020844603259784333,-0.02393146767333004,-0.022132554683133198,-0.192545660960683,-0.02040335590592619,0.01071315773367049,-0.04695275850172832,-0.06269866111494782,-0.01625978651330221,-0.020595623978922166,0.028882001906778906,-0.021143888444505578,-0.016877974776809104,-0.19219107621518736,0.008333945337174152,0.019130564996606387,-0.09568429951746535,-0.05707327236153582,-0.05540002291938148,-0.12622733972062813,-0.03621736518442841,-0.03563302692246484,-0.09213912858818078,0.007543152678050636,0.041120204207378136,0.04109842886323896,-0.023987340215599416,0.05085421424072236,0.05269983856207747,-0.26044439422563975,-0.04665239762661353,-0.04691169429335587,0.015290826626358193,0.062960030933274,0.03948467802332595,0.04505233577587995,-0.012931144760016132,0.052746472029056655,-0.032740873134126366,0.022039634279343995,0.028716134925109674,-0.11233710408956943,0.047824277294725256,-0.033010145466569295,-0.02507929024502952,-0.022549277448601898,-0.07921087853764612,-0.04421986669732917,-0.042064632591273576,-0.1028244927081404,-0.06986234713497448,-0.07173154105180446,-0.029056354142446863,-0.05649981759221149,-0.06780538624840554,0.01547371672633701
2023-10-01,-0.0909201886816821,-0.041814997954933084,-0.06858552643786558,-0.03574623100976826,-0.03995631387496507,-0.03845190821227795,-0.027147945905950214,-0.040281192661904636,-0.05213110036998438,-0.051650455117767946,-0.13403184526713244,-0.03583440694901818,-0.0626916296406306,-0.058880778481003586,-0.10705369013120024,-0.02739939474012191,-0.025015701033064906,-0.14453554959268458,-0.06232006472860735,-0.10201216235622128,-0.0816467667780236,-0.07935063881345097,-0.05553564237748925,-0.0626265776317228,-0.06263956601101332,-0.08562914759226532,-0.0853782736413632,0.6295101212422914,-0.12858148929731583,-0.07593388884485573,-0.04296508022801138,-0.0038248792937835797,0.01354632941287599,0.014354419298774469,-0.031503675268705476,-0.07750577365330921,-0.0762987831996746,0.025177477416620235,-0.08017086918195278,-0.07605634718969898,-0.12470751980738734,-0.06549231962948132,-0.05851431158150293,-0.009360623841681438,-0.04303686418258229,-0.042904285587860774,-0.08077075818176435,-0.0655404448355933,0.007940875133312323,0.00898553196524486,-0.07865671706988411,-0.039127278279937436,-0.03828027831947256,-0.2226826696459824,-0.0722191173771492,-0.07223031183378553,-0.0733858908655864,-0.06347833508586212,-0.08431531773156092,-0.08824875671677132,0.005682784557547903,-0.077855955618846,-0.060169262615469524,-0.0592919923758786,-0.05917590045427865,-0.05375779167766821,-0.08047529394710773,-0.05650987042538519,-0.06266007884123335,-0.06033816097742045,-0.0441005393796123,-0.05376025103569663,-0.05300359997837531,-0.019280754101150557,-0.05178387719362176,-0.053270545762828234,-0.04112203331579696,-0.022324120704959392,-0.016578193087733794,0.008934766018416938
2023-11-01,0.02100977176121037,0.020835697641108156,0.012210592647890837,-0.04905115988805862,-0.04459468298897605,-0.0456996047970431,0.05923054808531065,-0.03765238031230983,0.023512680881066613,0.026786332159156996,-0.1381554936547463,-0.035328886210624647,-0.04276343095993435,-0.03371768065235008,-0.03776895407307735,-0.0025967083353492107,-0.001639007378125751,-0.2377554998921459,-0.023028328957704305,-0.034472879598810534,-0.04513221275661735,-0.04291869155455797,-0.1299127005770985,-0.009301527174850588,-0.020051744132887413,-0.007275133710760827,-0.0011554592397579099,0.02962159928597548,0.0553504554210154,-0.2237584625235016,-0.040876458929091926,-0.016355301031944894,0.031974652299287296,0.036642695985472123,0.005126693169284701,-0.052117349562432004,-0.04886475637720969,-0.09776745125656416,-0.13690338233633,-0.13084467254505866,-0.09078494933291557,-0.05164866557667094,-0.03880802245845146,0.09207317554222513,-0.056276243213507,-0.05564703335834647,-0.03709204501267228,-0.00044458892399953855,-0.07108262614280751,-0.07199008149562532,-0.02060500749946806,-0.028971842997081134,-0.025970869394457953,-0.08945323362663982,0.03957442712102242,0.043414685223160034,-0.13961394446330597,-0.053658033244712376,-0.05140254166437212,-0.05237684959577562,-0.045918197431501315,-0.16869160870809075,-0.003784606702194497,0.024071855862728714,0.028912388509665158,-0.13771536392448627,-0.1040287222579819,-0.07396483178362132,-0.04084479841762739,-0.03786340228380648,-0.09793752202075023,-0.060384450646439866,-0.06003597563688449,-0.06389885561336363,0.012640717163999737,0.010776625467822185,-0.06799508415129701,0.0010014507335615699,0.017900744978873857,-0.08918545946531649
2023-12-01,0.11288464598701081,0.09121164792712998,0.14296422801923508,0.06414535000077905,0.1448142292618717,0.14574204493400916,0.008236186451762948,0.031008857887049043,0.10443707588396141,0.10411590676451439,-0.016811459100583796,0.06911222171266895,0.0656210287631944,0.05051429179472334,-0.02083927010968586,0.07825045294166484,0.07639105749913302,0.007350812481374553,0.04130329303118888,0.16577696501988173,0.14932488568047794,0.1510775613409378,0.03313997963062696,0.056113785112061346,0.04255353944791695,0.1079937647855136,0.10757738708465973,0.03361537090132602,0.08336682865480541,0.12679962783244839,0.0384070823205449,0.054251682479519225,0.03509584737265776,0.03225924767393574,0.05838785847080254,0.09815010924468585,0.09702311564024048,-0.09767982856442783,0.1387400149711227,0.14003029100072498,-0.08518686416739152,0.10061421756457091,0.09893911023654385,0.014745744859734173,0.10147408791026026,0.10192981124501231,-0.09452698086510164,0.11428359339667417,-0.013973710345799157,-0.01238610409858658,-0.15719925555673636,0.02935786402413458,0.028209280135939582,0.012228418359255255,0.12807896506207248,0.12587152232160193,0.019877320183836367,0.1253387963052075,0.0402075921851438,0.03660241232912333,-0.05982572149966451,0.059669468032896134,0.09465234415538577,0.06640693058809786,0.06207688420951177,0.1014806280262612,0.08480352128788587,0.10235421852581719,0.13678328048037458,0.14006839211585834,0.01166227787815522,0.12341073083930354,0.12991802582798953,0.07830973951313167,0.05547195771257447,0.057605897601378256,0.08671934085976045,0.07950514668326056,0.08107107770754493,0.01516455250017009
2024-02-01,0.026843535352156785,0.03423146752552694,-0.024699158443946403,0.024439984993882943,0.03846794798727699,0.039697356724484725,0.01857805686358895,0.005936525794951752,0.034765648743558725,0.03536756679629027,-0.014429073355342614,0.0018255523570004774,-0.0036821128994903676,-0.00681410512895121,-0.008481999518489079,0.029219501561971156,0.0288016799915324,0.0477222029376356,0.03320228514839056,0.05748733369383387,0.05518578880626426,0.0570702531605316,-0.014272429056670812,0.02373182960027653,0.052390819258673935,0.03446774347469137,0.0352812156175085,0.009531323257120299,0.07415798591960812,-0.004730586509985117,0.007217736236931913,0.030402368723207857,-0.001214035936515327,-0.0007874903626582188,-0.0060214036920926035,0.04970996106076544,0.05206958844155018,-0.09128917659672005,0.04558308936186669,0.0433466675527994,0.04124499618275331,0.05342816034505712,0.055064166416500276,0.05337836365695836,0.02621832752587556,0.026763892414258177,-0.12196457296922839,0.03061933015496108,-0.012393018681101367,-0.01164644908373895,-0.02962770544755496,0.04161504142167992,0.04184565286432376,-0.015304305019538035,-0.052377743612601266,-0.052775685150049205,-0.11575744529125598,0.01987074959917948,0.010564232333206684,0.007646626360087769,0.014803861520211199,0.004189371407552362,0.02128229620086241,0.04257456348731565,0.044021802170326134,-0.03661306397799689,0.03451572399166645,0.023772727805582983,0.018633052451200526,0.018932259189649796,-0.045782052928846816,0.022229737848018395,0.023370329788508948,0.03546555686187046,-0.0028754982391110623,0.0005111725337469894,-0.027075761627304316,0.03167342277379653,0.03258115053267894,0.037405346790617626
2024-03-01,0.037898116347834285,0.05688617895718645,0.038189048379659904,0.13201650038277501,0.03292995085744863,0.0362209723496646,-0.009353833407557594,-0.03562534834994483,0.018374976502180618,0.018804260734822335,0.09609910095027793,0.024954432814791268,0.049733695427831265,0.053942274469989754,0.07989249935549556,-0.03879635025670358,-0.033907439531149844,-0.4239667754589874,0.07469722395437516,0.109182685664299,0.0591265836903424,0.05717581934950735,-0.0822866339764018,0.01826927520590723,0.02218224199022934,0.08402462786119921,0.0842209552296366,-0.05533715009087606,0.06550363193454173,0.11290603032934464,-0.05706368166494467,0.01554004169731961,0.02224137783400023,0.017507585509165573,-0.01988644491218743,0.08937647459297604,0.09920190367871623,0.04060705368235669,0.07778699812882656,0.0782603777022858,0.028388352168042363,-7.795068405801524e-05,-0.00256613393684201,0.04127755696059475,-0.033846710025026566,-0.03367588111059398,0.02389479766375226,0.011002579641201587,0.04138872394050546,0.04114427470741826,-0.051478384631734805,0.03835416921975009,0.0388627759139824,-0.06852080502138937,-0.0631555688494046,-0.06596656048660285,-0.04093354252656602,-0.08430977880392826,0.015590949340205787,0.014415514221549344,-0.026108403745818853,0.013085384379675408,0.009352484437506609,-0.001219521066927091,-0.005457751317984563,0.055236647720858637,-0.024394227904173185,0.02637415388775382,0.019543918915606272,0.02408892562084188,-0.026304434901063906,0.028996102497498517,0.023273186169315303,0.0075676062470825395,-0.026000703107246198,-0.030708442095282645,-0.06649707767877305,0.03944190302121114,0.0396675071061542,0.04066006961127906
2024-04-01,0.0641245102999786,0.043249039272601195,-0.06271774578006487,0.014768156255469818,0.05829383541673735,0.060294457848385816,-0.01862416396629738,0.042488247390062316,0.01890282724431112,0.019384170367445806,0.08298766196034545,0.044074639049457756,0.036780457079939544,0.029311840968998304,0.09081264430164859,0.01895902521453334,0.02388489217344479,-0.03883437877544423,0.02007741635879449,0.06266863526628984,0.04096736235826754,0.04298845645557859,0.023695068567027685,0.016603695920556265,0.031105592128512317,0.00914513146645654,0.010251206555313624,0.062436904715707515,0.009089315967509599,0.09143085724701501,0.027074564482890532,0.06608389762452206,0.033801817348030255,0.03717890362438341,-0.04482710264136921,0.03910592098464592,0.0396528780230462,-0.06474868839599102,0.00015639209625483916,0.0007241993492215419,0.037870236856694356,0.013807387453772066,0.010628820035335447,-0.007648806967088424,0.09540752142668298,0.09592227666264781,-0.04255528666281161,0.05015990864038103,0.08946988652030473,0.09040966411388592,0.17159667078680355,-0.006694123994972435,-0.007207138181299515,0.22685782467600174,0.17363814321399057,0.1779698955936747,0.05040321321049443,0.014138699012509446,0.025801842915426077,0.025527485234106948,-0.03725350623073621,0.04267741826517913,-0.0007705581386175952,0.011383902731360925,0.00800631607023758,-0.1437596438104356,0.07710326855573238,0.05464068235630893,0.008628092893695856,0.00874326825876949,-0.006398347297002277,-0.010621577349041393,-0.01678778915111143,-0.010942613944215147,0.054687316323321106,0.06325113330718633,-0.0027763441791067095,0.028292173205091295,0.032636413923123504,0.024686129439487833
2024-05-01,-0.05180034082589367,-0.02620134138355315,-0.07155216356379959,-0.0590484194883236,-0.022602969134691876,-0.022527673915602186,0.002424626851007631,0.0015503070169937093,-0.059461105812577256,-0.05978304041189599,0.07919269092785976,-0.006963266249850997,-0.05214689385385485,-0.05094081427733277,-0.02888029651806231,-0.07442410612221043,-0.07359106876020843,-0.24814064669956631,-0.07581662177820452,-0.06339993167040395,-0.06175785645839736,-0.057669030937756376,-0.07636196256711573,-0.00914291505606661,-0.03440322699104717,-0.054471618815720706,-0.053899305434813714,-0.06349990030436135,-0.10635573613567274,-0.0785166404546098,-0.02710829898780045,-0.15046098406917072,-0.0276555580463155,-0.01892092230854991,-0.029648122629669205,-0.06416569539878182,-0.06303121364614307,0.010900166778470884,-0.03227665870563123,-0.027084269790559463,-0.050575791628087854,-0.04753131531944385,-0.04610961935303436,-0.06884323774582946,0.055572911281474034,0.05591733721710036,0.029252924236864524,-0.03722293695574133,-0.0278616520479061,-0.026331411810472036,0.013056368411614044,-0.021746883987480623,-0.023459827701836605,-0.11247097944703599,0.05478806258760574,0.054219993035813596,0.035122548664436544,-0.0049540933276725225,-0.07702108557947202,-0.07444117511946319,0.013077475000822968,-0.005620472327408343,-0.04652716704139378,-0.03660603123910345,-0.03171190217421628,-0.18127021064859147,-0.06719054153026575,-0.050005004412371094,-0.05334506527584344,-0.05446918335130619,-0.029966783245334683,-0.06444946226520482,-0.058620608432213395,0.055413329007303835,0.017294882325049794,0.015505050386084511,-0.0187243457557534,-0.06029589941880454,-0.05732554687875708,0.015063943093298865
2024-06-01,0.05458574417521692,0.026621591526294258,0.057099043053228826,-0.025525978232472595,0.03210691040753814,0.03320744695732829,-0.011755176882674408,-0.00899484760785998,0.02610189774619076,0.027141945166564867,-0.11331908435293968,0.03252235514349288,0.030440658559310982,0.025574248650957372,-0.053486572494592675,0.028057670889837686,0.027011579733400556,-0.0767195997573249,0.06378105469795096,0.07043914852893848,0.005145001523034683,0.0013875914383464968,0.13397306767389477,0.008237001362118055,0.006120142571544428,0.19213519662260448,0.19522199194993126,-0.021451533801247806,0.11833397168797846,0.08293716402097517,0.014784639237534763,0.049864046875233874,0.028159401138316616,0.026741263499570192,0.08070629091905981,0.034696531323967106,0.041941937738693834,-0.09741038973136519,0.032790271913275014,0.034802178185915314,0.043052460986236135,0.006541824521146979,0.013534340639031847,-0.08383308995129135,0.04384779401376307,0.04386533921702704,0.2230066464180742,0.02406283226890958,0.00801682983584117,0.006141559114142034,0.06913454788073442,0.023370034096583513,0.02334980188017967,0.16497612373095588,0.06846947510826795,0.0695732335345219,0.026183053476804885,0.12053161518412753,0.11704390676725294,0.13095483339762873,-0.001693596621282874,-0.03034811312395649,-0.010822596688999209,0.028705019069976297,0.02490546459508653,0.0702490796505559,-0.02924103772340652,0.04597632651494208,0.05200330109766989,0.05679718303810307,0.02329872393046011,0.01899568421829554,0.014985075205370298,0.02916796743490141,0.04683006489687308,0.05416822770589162,0.054371978079237715,0.005164044441009554,0.002080269777269268,-0.051677424073154794
2024-07-01,-0.057269227326090744,0.004523189276712632,-0.12671407553597738,-0.049151564747799734,-0.0018352294288338836,-0.002667318057806319,-0.02221843814614066,-0.04711742856230383,0.07663752449897177,0.07950305714945567,0.31626211084686967,-0.015235665683420907,-0.052444547763918097,-0.043209091969209086,-0.05702467714212768,-0.02036148283109107,-0.01987942260118649,-0.3366326542444551,0.027596514658140187,-0.07620887740772268,-0.06893501709645454,-0.0696137988522336,-0.22655688331618992,-0.013112576398716966,-0.013890455101511205,-0.27774636388207746,-0.28423653902409274,-0.07242615238260375,0.03520534889638283,-0.08405501944165406,-0.043289356405408666,-0.019077479388538425,-0.017867646735183193,-0.0163492186059688,-0.03903247531817141,0.00751113193138448,0.011570223381930686,-0.075840037298535,-0.012684579229909142,-0.017797501064213177,-0.09254519643600273,-0.0020100737777454785,0.0010236356797323138,0.05215104649998376,-0.07070475993803749,-0.0704605953809234,0.15619066560307174,0.015225485261314297,-0.04705272222652365,-0.04666044475293877,0.013988866282436358,0.055642360867931506,0.05323396844081923,-0.17518802850442883,-0.04590988845794669,-0.044153173945789416,-0.1482172968081428,0.016710120623638573,-0.06357334374988495,-0.0675947806630921,-0.005350485109007284,-0.04073735455554004,-0.16830932776599059,0.05598799882913631,0.06322974953537827,-0.11433348127035332,-0.04976948254360822,-0.0466930550748907,0.0002606429736386371,0.0012689660908702441,-0.05195698632284928,0.0010894012275586699,2.416672353604775e-05,-0.053235964487947714,-0.04352282100071299,-0.04279703802206866,-0.005022794217533972,-0.030276750892867004,-0.023989278395405142,0.012879132057072492
2024-08-01,0.04887927983840778,0.015741126103635702,-0.052343943063380693,-0.08400378567899823,0.04071453292434757,0.03643341983601857,0.0345027258487185,0.05192739323944867,-0.03367205571559349,-0.037058309437067546,0.09323241036266505,0.026450299921675555,0.07216354258622684,0.0796615903491415,-0.11464503281630423,0.031081484139880343,0.023270721863037643,-0.04904037760657283,-0.022444457317015238,0.16099024285062952,0.10577623689330279,0.10008472021821029,-0.013698613372574569,0.01964402975224285,-0.007051068054831182,-0.05839383081406565,-0.05961071546800056,0.027716950693261296,-0.06644735859535611,0.0630664483834032,0.03524067847826072,0.07385415441668337,0.07387458020831486,0.0806243718712721,0.01855586129166807,-0.03331100578505434,-0.044183544974863,-0.048565678668817024,0.06647325909366693,0.07785766970048108,0.6449285330926983,-0.00019479485617795913,-0.0022836721304729103,0.005278173481756472,-0.05826702565511613,-0.05829852196389355,0.04624276015467645,0.07563691658976106,-0.009082440507324641,-0.01058958565442835,-0.16838601810787826,0.0030720485646467204,0.002093242778572688,0.12949172388409275,0.11867851502730038,0.12100250355659094,-0.013505751933972864,0.03740255643828814,0.12456154202995094,0.13753320326330978,-0.05551573535409826,0.09848226425681358,-0.013425235634423407,-0.016484161857610938,-0.01693798043217329,0.010565035727253447,-0.0001970648641380043,0.016859918235187666,0.06464298502549343,0.06360105302692837,0.008326999908635899,0.006058941403473224,0.007121208160740481,-0.10407586825288623,0.09582937134753072,0.09327359579981405,0.05441080298348435,0.06503148810618457,0.06291230350477138,0.15846017901032858
2024-09-01,0.039246248387150344,0.031060457654527533,0.07654449212657675,0.04533129343358391,0.05328552579212996,0.05456325246731732,0.0012711133310180473,-0.001816962103157577,0.00842191261618793,0.008600363759748835,-0.10680267648632112,0.03362610134810823,0.027964582034409845,0.03630279306733562,0.02693700147442718,-0.003166131642362734,-0.005768177763722911,-0.016826046390917917,0.02376251980998257,0.05245535722011102,0.028278235786367737,0.047175818113782284,-0.14327487965566277,0.036558254085929505,0.05793102609495048,0.06401090447325754,0.06497839302149408,0.43837637863110934,0.09289832354229689,-0.09883976982767995,0.03648047654701205,0.014733095585104435,0.05238870694594921,0.05150775282269591,0.04236604711748159,0.034785214077064315,0.038736380021101004,0.019496333879672444,0.004242737914476862,-0.0022002155921417646,0.032069778390141156,0.06506110387322811,0.06764317532947409,0.01905091496790556,-0.0004479298034547537,-0.0004234401246531686,0.035204111354710216,0.05120107597676139,-0.0002897485218428582,0.001376220978055395,0.08984114689091802,0.061234645348067926,0.062011165107739824,0.7057902623182924,0.06050673149716706,0.06139003509230896,-0.015876507121887946,0.019017811386252397,-0.02617069343593626,-0.032349626467745245,-0.004316117617523801,-0.029455260923523227,0.08420746131482809,0.019244122087297012,0.02081908353635077,-0.1383904513828154,0.018812062857684383,-0.009449101349576201,0.0449353166365729,0.042496132431343994,-0.032411056048188544,0.026291923472148166,0.0314395180701989,0.01637139549055671,0.02661581081607665,0.028645710862364056,-0.019232566843253904,-0.008196759035933528,-0.012880491741774507,-0.01882050619064577
2024-10-01,-0.0011689046434311726,-0.01946514659973398,-0.03708651959741542,-0.033824444699456516,-0.024727747910193585,-0.02405009312775092,0.012242907968654968,0.012595535524008421,0.015116955114649203,0.01733414527424319,0.09145610496799225,-0.007611553240143212,0.017659996159820942,0.017577234602331904,-0.005185648533904616,0.14596466271960357,0.058713130659681416,1.322814191498476,-0.014770741734361305,0.057328703902295636,0.05769968421457035,0.05577965042809155,0.4926479663406801,0.007209455310873154,-0.23877524673926614,-0.015186149683745532,-0.014346949823163868,0.22683126928540126,0.03974345653164408,-0.02327059513782654,-0.023117438160601717,0.018139637697911184,-0.00040675977550021523,0.0033259274422217378,0.03293314491534693,0.03765581229660079,0.04413151483269711,0.13279793837209622,-0.003303857675952823,-0.0014309267151151619,-0.07401310721541939,-0.0024378663428668854,-0.003129783229364193,0.22064744116903803,0.11179920491235938,0.11269083597930413,-0.06927863261970824,-0.4255233990719973,-0.011547863104516826,-0.009560055295389301,0.059663550391984725,-0.041271586629440006,-0.04122655924311891,0.7929991905102449,0.032147188489754897,0.03193699115699197,0.14128652564888966,-0.0015486102139610964,0.1353649080028649,0.15095122929925892,0.010947415462362282,0.05423937088635108,0.03995967863570891,0.036447663503175534,0.03925932737612002,0.08961673319112054,-0.010710033223014519,0.04921087358368935,0.016588448175539394,0.017279262043494906,-0.021053977450084995,0.014258742481645298,0.012609033760637035,-0.1362181417557235,0.04133399416644937,0.043054418950352384,0.023864765763866785,-0.011647404236086272,-0.018843663263138896,-0.0016939045486571813
2024-11-01,-0.029946502226689993,-0.015000614284646578,-0.03465890505688483,-0.027407593572293436,0.04469606184666608,0.04509372242223143,-0.0005331578999139923,-0.05891967741035413,-0.0021871358804169223,-0.0018627351453871634,-0.017673955320302255,-0.026161812058320653,-0.04231676772843034,-0.03995612215469494,-0.03755885015848895,-0.0021183811132711463,-0.00692717500077444,-0.18247766847599758,0.02188766846103608,-0.04801725027295107,-0.012569969371809733,-0.01100941991501903,3.979057938507196,-0.057649624341950007,-0.03736653489272895,0.04754131188135209,0.049178910335671094,-0.008871071538479408,0.051659326182422666,0.021889410554569222,-0.05576299403552325,-0.05162204700300652,-0.03802253243354199,-0.03619707755573661,0.07271015486492045,-0.10884049693693337,-0.12142288715682788,0.03459612220754581,-0.06422839864832255,-0.07462577359993594,-0.04126111603298879,0.013222624603243785,0.020258943616839505,0.017921637907484557,-0.0498994527107891,-0.05052037265373543,-0.01114683908161644,0.009833529162876282,-0.029888155076996853,-0.02874410255714703,-0.024014851830015393,-0.04605515115481047,-0.0470346245476185,-0.12394805096677619,-0.026882549460072916,-0.027242441423927503,0.04195396865300425,0.017587984672466344,0.0018743737358797342,0.0005392204205797099,-0.013235722235633792,-0.030868838982996197,0.0022624941736240634,0.016688704062734747,0.020712725792412845,-0.028664487433075776,0.03589048768384342,-0.0019707847841759552,0.013573586837560075,0.017963791751677338,0.5081272370919667,0.027909743164186197,0.02988267534743223,-0.10322841635294425,-0.030668093465277428,-0.0252497894050469,-0.06808238446201406,0.002628772835141794,0.017619826015787668,-0.04729025451699905
2024-12-01,0.018589199042480263,0.07566115150709372,0.059857767270913534,-0.001949630297432854,0.11607707864337435,0.1162910210682968,0.033094721898617944,-0.001968318048823806,0.04621260687458605,0.04562004287317658,0.12245089792976005,0.021007480935005637,0.006772056334550379,0.018364290057640818,0.08276307570319161,0.06964809270553736,0.07438291598216168,-0.017742926025136357,0.05556876422163501,0.08196049768177276,0.09153187023702757,0.09335986914918537,-0.13854219910941257,0.06904334785326557,0.12850048028780844,0.0341228880224854,0.03411857848523042,0.07510874455956747,0.14682776589187496,0.3145622616433124,-0.037335941122404584,0.055347133211618736,0.0731651183015082,0.06935770009347936,0.09765825485785194,0.06725753721587899,0.06642815149163771,-0.18122790695395216,0.0011665085976129887,-0.0029593447176844323,0.07756727618164908,0.03299368537833376,0.030950889663498005,-0.032065891187458284,-0.020509836432602464,-0.020321416630703065,0.04491625848410803,0.08913321094799832,0.06177526796271256,0.060436402872512375,-0.07936538437376138,-0.02867511356939592,-0.029377141639665007,0.015977783389147637,-0.05783039004557076,-0.05640684528639678,-0.08299930374804251,-0.003448286432302788,0.01969984360976689,0.020467397993045287,0.03485826058721353,-0.02293024153841974,0.04158140106475472,0.07198499345399466,0.06935185207707698,-0.07516031086732396,0.04028704936641653,0.05237925927677895,0.07861035461474068,0.0840325610046364,0.12097619936774189,0.07793349002318214,0.07861305275579666,0.019086077613411582,0.06321074866366247,0.05801760897553133,0.007110607616811201,0.10564386340873398,0.11330212143714243,0.030450104348032435
2025-01-01,-0.02217844188169365,-0.09812076343544848,0.022361521801652243,0.03331441809286155,-0.06129480441763146,-0.06042434547920339,0.0047131778928588795,-0.06389825432821716,-0.01471257972214324,-0.013511394238402747,-0.12910294639513994,-0.06759940723861058,-0.0998178772574587,-0.09898237565251093,-0.1509772907288031,-0.07813580912988154,-0.07875717200944267,0.00437099829509785,-0.05721773925396821,-0.1525760870901485,-0.12746731358579846,-0.12723432034545962,-0.09361884354646921,-0.057968448992368846,-0.03820577741185946,0.00038270656609011474,0.0012475353188065377,-0.042091893552164424,-0.007558929334410883,-0.04164207796893099,-0.06519672233855786,-0.15169419528025485,-0.10214281713286114,-0.11265243374534054,0.018746975490399644,-0.08788262348009464,-0.08604702137715012,-0.14328556341188559,-0.030064751434175224,-0.031310514345685575,-0.009502325208838362,-0.04817673309722382,-0.04397261499502327,-0.04085120258427594,-0.10950251196845574,-0.10965157448828908,-0.16852244965747296,-0.14297179176075947,-0.08726265877988768,-0.08841335369307712,-0.10658139544927459,-0.04173921678943415,-0.040854338551666904,0.019754929768844458,-0.08282827635924855,-0.08412482638915597,-0.1234076447012207,-0.06451827564941855,-0.0640083685526961,-0.06437038005105655,-0.03973687443234253,-0.09391728100532122,-0.044601950328732216,-0.005685473591893756,-0.005418110736320897,-0.08950242403349522,-0.036592425590405944,-0.1286829489267848,-0.07112437893180819,-0.07233433591168538,0.09032418770209814,-0.07094451723878234,-0.07284870154125139,-0.06774127815398308,-0.07777327466181451,-0.08026911262848518,-0.07820523922773523,-0.09695064974424147,-0.1003815575457727,-0.020493888675386197
2025-02-01,0.08879526832784339,0.06519672228644963,0.02296023320536912,-0.004338177478955395,0.07065500724765685,0.07305359771700065,0.011050113562736687,-0.038233751195978966,0.02505390878027332,0.025367310183376655,-0.04229113621390732,-5.6631559631515845e-05,0.05925358007246886,0.06828960563693495,0.04169236394101343,-0.00706569123955812,-0.006779477044716101,0.07796843070342757,0.013031722309883089,-0.009385422294010376,0.08061830589872816,0.09635269697261833,0.024251351421604152,-0.0006065122079309577,0.004495430964192751,-0.060765480270677,-0.06161877425357885,0.03399620337382228,0.06863821537038049,0.06826699333922036,-0.0007752111927348817,0.13507312094024504,0.030830948170762713,0.0379612660823346,0.04608971525545649,0.05480211557958262,0.05584414176011686,-0.08561448344768197,0.07406061313736141,0.07591886363333371,0.01952251109567827,0.09767074083226338,0.10063293059910737,0.04490143319325816,0.010039605225305684,0.009764612365971157,0.44532904233025933,0.0834553574821749,0.01148342133057954,0.01340805216744393,0.12105153954956972,0.046850013113943316,0.04847853084401613,-0.12203468698823436,0.12811585804839917,0.13031921328977977,-0.06605786103631284,0.0069857015389185526,0.05711835552513572,0.06459674747680991,-0.056601625945574545,0.03461741308315814,0.03513538622814102,0.06936331297395036,0.07207382887100638,0.0011328259647507884,0.03274516594429044,0.08278973087266886,0.04985099861753013,0.05745354526903182,0.12024434266409342,0.02279203693038081,0.02465703189438318,0.008750825912772382,0.0037452644170772142,0.016290457188360648,-0.0356346805453546,0.04564523198350845,0.046558103811668694,0.054909437448550126
2025-03-01,0.005187002755889955,0.054240907856010434,-0.03335920052588321,-0.004157303107280985,-0.01257784323041574,-0.012394228106880121,0.002176766966379362,0.020537003042211444,-0.052894668235577424,-0.0528750243922906,-0.11782937974509577,0.04159390661986312,-0.004251451554303554,0.010691894969000243,-0.0636280159516464,0.11209489641045553,0.07298127557950955,0.01351699941044324,0.0031240020189098813,-0.11621463762910153,-0.06516620116545056,-0.0642207174365641,-0.08091510262397351,0.03603284336266959,0.02766680108492707,0.019280892653276385,0.02148045805819904,-0.06740125307847347,-0.0008944406612276269,-0.06599115265276514,0.0762320222698181,0.03835780727000923,0.014684927483951398,0.01275475529887629,-0.02703010401846817,-0.04119208653974249,-0.03848023135127352,-0.019668462682937364,-0.09193390469637255,-0.0803072582038607,-0.08387560489819035,0.0006742098525034428,0.007260168987752693,-0.09259371282715928,-0.04243129890453055,-0.042499682385113244,-0.055793050405601737,0.018739792246958605,0.020971725356930423,0.02514936935986457,0.049587279393329436,0.057044766025497996,0.059134045599161134,1.3758202134776967,0.024046751167727372,0.024277913510786994,-0.02876981112195591,-0.09921662329338643,-0.02084515639044894,-0.02208866393824626,-0.015709498019039442,0.09794508176625871,0.038095664798746105,-0.04926100143231858,-0.04925278784932873,-0.11380361817664071,-0.19529558669712976,0.03549018925605665,-0.0013306572158402986,-0.0010475354888434903,-0.10374322926949271,-0.019810860575468287,-0.01022198806910438,-0.05005345989705724,0.02920390079273685,0.01606420508890475,0.04217643823728754,0.009940188400592784,0.01591256082913472,0.10304096969876908
2025-04-01,0.0051759384705522965,0.017754208329623145,-0.17885761469836683,-0.04528820939837491,-0.07368778675179953,-0.07425007413574279,-0.009364396332911175,-0.002412556077232177,-0.049679940612748094,-0.04986614246908934,0.0760680087628494,-0.02534323772059144,-0.030867057964225925,-0.028588992351225553,-0.05847200886507437,-0.01511807641927689,-0.01569744588887722,-0.1860777635146033,-0.0587295783532842,-0.03537360246805405,-0.0572613350596247,-0.06585913360399967,-0.12778869374371998,-0.022808912708139336,-0.06362448515912018,-0.08947087114941485,-0.08922915762405301,-0.10781097710384537,-0.06176187184385639,-0.1576505296831804,0.031299512818373246,0.011994158125121177,0.039662372152286254,0.0446475478083037,-0.015491843420222376,-0.05575484529802627,-0.05279796786711119,0.08372415375713836,-0.07866304937698089,-0.07548422901096913,-0.10418966186107746,-0.055424960058696154,-0.054609527526080844,-0.2713534700461635,0.0025540258470548023,0.002340478740515542,-0.021257744332405744,-0.013757672151778956,0.05387717291397636,0.05521986871469631,0.07597943593510331,-0.0691784644316053,-0.06719263148008613,-0.08202977365060564,0.13499086954601985,0.13626015450757487,0.18994280328794905,0.037068697969935616,-0.05879741678063465,-0.05903502010168825,0.014427029840531222,-0.06478906228098277,-0.051066611502767485,-0.07956277189180112,-0.07987304601315558,-0.1290279313661612,-0.05268570419610508,-0.07459911591364908,-0.05050520392089458,-0.052380064033420326,-0.05353082455919748,-0.08427484189468622,-0.08276657443027019,-0.08848241112224746,0.027531960854538677,0.02827270397880437,0.02438278321492836,-0.003185914340954547,0.0054812900314138505,-0.11153749198448755
2025-05-01,-0.0020056635352377864,0.004495007258162763,-0.08410716501316125,0.02618266735438234,-0.0008956302676914417,-0.0004940475513329954,0.0015520232416599811,-0.07628077802961501,0.04553431430499765,0.0478271043804553,-0.06912537221355738,-0.08808234258553928,-0.02645262839975386,-0.021599321632947505,-0.18117250519726705,-0.046884738799582826,-0.04637628125343628,0.3331799430581423,-0.026245573316235817,0.06113396557777607,-0.024997489710126403,-0.023166954920141494,0.022392810240490568,-0.05756254962031456,0.028699957332167108,-0.023200236410840968,-0.023217266088336144,0.16595286486407573,0.1708014220434052,0.030577528733839746,-0.002587830470590962,0.01844231409054388,-0.08565701900298808,-0.10039353567908221,-0.07102037323311883,-0.008941463045130594,2.2641318541221506e-05,-0.09051427112198888,-0.04852125173190242,-0.05871977508246158,-0.05665582776720591,-0.012142876716439727,-0.01164224064396903,-0.07617098833109384,-0.006457860850113439,-0.006719085911823299,0.0027341051091492037,0.018540085882105782,-0.1324213168663667,-0.1316093226678286,-0.08007644265481466,-0.024560371820561366,-0.024632837712796497,0.25548234361887934,0.03612293068058794,0.03575956941769238,-0.02472127039428909,0.011888257385561807,-0.017965521311493537,-0.01820502917167796,-0.005625110674601901,-0.07387414080690896,-0.04008623593210274,0.018066629355246385,0.019061846622021577,-0.08187479242667893,-0.035535108256510226,0.006108920338948504,-0.007200567035888477,-0.0005523407869669171,0.03743588261171453,-0.039366627613409755,-0.03522092377830976,0.012247057956645995,-0.004007091754156325,-0.005740623538695618,0.050303870056978825,0.010403285116221942,0.01944694824484311,-0.08826004328177596
2025-06-01,0.11597200051958789,0.025792585656988113,0.0929312223122941,0.024836214683553345,0.06991071172982356,0.07238394771849022,0.018391992240102205,-0.020236339532374137,0.06882544989755754,0.06945054119991304,0.02133246459381647,0.08592843314943226,0.03666346463935537,0.037546680231926866,0.1157233198008288,0.06330830219382869,0.06558336754715995,-0.20326168967434455,0.07620132799398675,0.05124895240203762,0.028482568631907998,0.04432163199910167,0.0392837464429432,0.05351053360424584,0.08164387167210331,0.07249187729544065,0.0717076991802281,-0.06766940927371441,0.06441501431832669,0.05630019835304597,-0.009137843990918024,-0.005454197453417475,-0.016222200686292886,-0.03285225682811284,-0.0454576088496507,0.07863702474240125,0.08196208921667342,0.27960511043383285,0.02896780945823116,0.026648013125538775,0.04090716160661062,0.033568361207912754,0.034942035568290945,0.1288750695144409,0.07249347479399058,0.0729345629934419,-0.05938537594787987,0.07256282104441629,0.0013732064408642163,-0.0009309745343610647,-0.07853549764535254,-0.03711197969383095,-0.037229244440380484,2.0805560786564445,0.060803662901766836,0.05925681325873098,-0.015459660527024861,0.047767346432082,0.010452036244552472,0.008213150555916315,0.023590896860459544,0.07511853949764362,0.025354614331372493,0.04908828328501044,0.04911925125675434,2.5484583521792814,0.0654473849129414,0.020773177106667925,0.04025902908769327,0.04248317403390611,-0.0009145882219517166,0.0885143877144533,0.08779959875758094,-0.01836019836156133,0.008581136602950925,0.008268328249415723,0.008703901876486921,-0.02135922725582776,-0.03582589679496089,-0.05687030617876169
2025-07-01,0.04901792926222629,-0.042305411050874354,0.04893663279270244,-0.06372722004607098,0.08300539901711529,0.08412106357090843,0.005940048113696809,-0.00021621865369795645,0.055499179230595046,0.056664461549449006,0.08591254857500823,-0.01591698434133289,0.027385361401960153,0.022309455653574298,0.13428896869698048,0.048824479553965544,0.047188329515060544,0.0011248875801075277,0.09018508015472165,0.10649585760238423,0.05079255382694118,0.05631560791834791,-0.03390901723408961,-0.019763108037546762,0.02609697073262912,0.09733411393954483,0.09637968816981642,0.8963577003808652,0.0765191560513695,0.060620530786908274,-0.019635013784171262,0.04684137187211297,-0.0020912635043260934,-0.001623441402301937,0.031573860130426824,0.07783255606315512,0.07963887714151469,0.03174304343529375,0.0923346383831894,0.08648533755512734,-0.0007870351358659601,0.013307057890029478,0.01206361254712751,-0.0982278163062343,0.05765515372118623,0.04944911076768973,-0.07959964912287636,0.022352376418740286,0.06284720403575872,0.060902788481288765,-0.025952983601391776,0.03346567622245317,0.032089421082888675,3.843176370011761,0.09406952701120727,0.09386280647171566,0.020516164871066774,0.020483997702417073,0.12156300094036968,0.12880930191173165,0.034776280757353714,0.11814512580211939,0.029951861968393566,0.016669899019260227,0.014280845326443926,-0.09728207245372329,0.03529586091212737,0.10135081709891376,0.030530753480262626,0.031123885366317192,-0.06668388907798548,0.055606648634865356,0.05856255501869602,0.11330959838947591,-0.0013445483714818692,0.006839822073730694,0.0027814964230542636,0.03342001532694869,0.03158724907620864,-0.0009278683686519285
2025-08-01,0.055659017808456564,-0.0105734227843265,-0.005142017494831344,0.009919786402508911,-0.018008247429005097,-0.016804336050794882,0.01811376532989425,0.018225585058261943,0.02697675002936394,0.02859156508698488,-0.016234743417458876,-0.039228002926822464,-0.03732551981249396,-0.03260663754890296,-0.004373457287764233,-0.054850411040676894,-0.05821026852645504,0.010976125106783738,-0.013456453268517844,0.08103694050869521,0.01598213650732286,0.0033028684066848434,-0.057604467321351965,-0.05793004812378896,0.03760504270960762,0.05016338133108811,0.05135262147634078,-0.003590083345198225,-0.08227789097503567,0.17237164260865354,-0.06466320460686033,-0.08334658624583968,-0.11092207859776096,-0.12134842581525353,-0.04060983142852992,0.009854878000731662,0.008663274913635735,0.047419364853375626,0.013783402661523919,0.019926421877079926,-0.028662343636800543,-0.04454950739795824,-0.03743698990573413,-0.1904602195073754,0.028052391927156518,0.0283883528719061,0.2737226646078446,-0.0259811299112276,-0.00021976456961167316,0.0001285217823504078,-0.021737107052552537,0.00451290287807524,0.0050719911260402395,1.2704476495814538,0.016367283096302237,0.016338511652820742,0.14946465585086063,-0.0652311341491559,0.051057550789372304,0.054781486150271855,-0.011146134769162295,-0.06217974031512891,-0.06115083396825306,-0.01277349993842033,-0.012410757595654937,0.0599085811205486,-0.00398731001869867,0.05007586399613015,0.005429273125705413,0.00892477534300858,-0.09261545846624433,-0.04754562037188814,-0.05247965896936671,0.02732247986102529,0.020628157829872713,0.012120109384542563,-0.03736990894540074,-0.020596134552724268,-0.01756382334713412,-0.05205146239995717
2025-10-01,0.02875588497664933,-0.01591668126114238,0.005969661495204441,0.03821457554120094,0.039202416835538906,0.03989933272968514,0.020250255020253145,-0.021170737671982406,0.014195940509485524,0.01408420815887531,-0.042689872590212494,-0.010660554753791941,0.002868920481400501,0.0015759039482947674,0.025726813305999272,0.008296697075172109,0.005403299794576748,-0.01618086923864827,0.036743236217577496,0.057544381462090795,0.01077503193837988,0.01560627790292849,-0.12530090660687507,0.0037756652319458745,0.03254687701627983,0.06818569701270907,0.0683790877196546,-0.3204202343663345,0.010480150094256926,0.011680847396374542,0.007410596197970514,0.07881854595210074,0.044501320569796166,0.05298822147668702,0.03212707048413794,0.04346412542935291,0.046224702884591254,-0.06250073191427198,0.052918639233727,0.056297869629516474,0.003341138481041426,-0.009200707165832768,-0.009683739274883453,0.007983412380177555,0.06815685135341484,0.06793374994530628,-0.07830295969628695,-0.011663848565194607,0.019328766589832253,0.018283172011453793,-0.015772308422536456,0.039875188668122195,0.039691457189571656,-0.08060470832562615,0.17849542503592988,0.17900861064987741,-0.06473101371930556,0.03539470596032734,0.0248428006086034,0.025867520478664436,-0.160999637885803,0.02989825615137236,-0.010392890215603957,0.005573926059396849,0.004836176006893202,0.056470380686175936,0.04267898281984918,0.0753102942023539,0.012439671854217321,0.013960466008550599,0.07720283867933136,0.015798066360305254,0.017452621404254614,0.03944768925671933,0.015128567350764408,0.01910392200221731,-0.004904092787049602,0.01803602889287959,0.01893124403888797,-0.08407234051081713
2025-11-01,0.02151148071110001,-0.07602149667439542,-0.08201042226788254,0.012765215486366782,0.008977900299032648,0.010516397399832123,0.009324126814222226,0.013476376394893443,0.0030077945471731196,0.003845603991589783,-0.02965644193198927,-0.04478892633778342,-0.0552367240430801,-0.055075202008462686,0.03389136505249554,-0.04685351016022252,-0.058491727906415325,-0.0755297034597963,0.03198388334634917,-0.009253924855673258,-0.017967024871659087,-0.01307595807092523,-0.059052208728944344,-0.02420696882370935,-0.0071927294953833786,0.08133277050647056,0.08157529788747704,-0.08186221429229448,-0.03939417422461569,-0.02053039608884081,-0.01911180428781814,-0.007255259674788033,-0.049227950607969875,-0.05705161232464973,0.01741582351670629,0.06495473428196931,0.07237540794048786,-0.01923750156308226,0.06308679775803991,0.06722304318311445,-0.010112000515943766,0.008477975982555305,0.011376098796640189,-0.03671576144000734,0.0587492638233372,0.059554402296740916,-0.07097955788335855,-0.11307752228412708,-0.006649416324448194,-0.007610284437816816,0.014848928432708202,0.01892388797037267,0.01931557202904537,-0.12469536692605701,-0.061943057825642925,-0.06267518078284563,-0.007486028181105271,-0.0015439329127758597,-0.008969853646511565,-0.008327975820631085,0.12349475815722394,0.0009938213410463702,-0.04193434927213287,0.036499238875712846,0.04059377788624239,0.1447478578611055,-0.018815148687702305,0.07173851747178632,-0.030511511558794002,-0.028130959990071647,-0.02487275701295976,-0.004603468643156667,-0.016577046599969548,-0.020019095930628377,0.0018791113209437062,0.0012486001665079948,0.023452310963299125,0.009032227374501971,0.01834565645605264,-0.13966649509522877
2025-12-01,-0.056141359502271726,0.05379244043357185,0.043722177165253936,0.012186118968213748,0.015992788332989134,0.014562052132655757,0.012881403835536431,0.030861115317636828,-0.03440930755955151,-0.03418268900231723,-0.10824334106956174,-0.02370595858607607,-0.014223639825220676,-0.01302384035599086,-0.11709083585686245,-0.009411534538990029,-0.007461807699371405,-0.2505953322680216,-0.00457786982150936,0.009966765677082046,0.022482930595153564,0.03463082437009336,-0.10842452895094766,0.004050783438397912,-0.023321706596579516,-0.038619067235818635,-0.038766181194877826,-0.14353947308032694,-0.6904755082503524,0.000652013175847484,0.038768317634462195,0.03344388265704313,0.030114536775863676,0.029358726518268905,-5.3449324979373825e-06,0.008000072261357277,0.011106122677616246,-0.20853286646205973,0.012464431306914136,0.012501153088380013,-0.05122949053002757,0.04985049159994183,0.049930478816457444,-0.13155197390808937,-0.0337609850691807,-0.033955486165798285,-0.0050017883231206275,-0.010954382409050802,0.031585074134458734,0.029982053449427115,-0.032089507779757644,0.12419895076065199,0.12661100459394733,-0.25434120534740773,0.15565737770071006,0.15755113804044993,0.03794090870363687,0.10285678369515024,0.02275076191405337,0.025123929505539364,-0.05887650822419219,0.07309973381806423,0.05705870027491467,-0.0006050944810716686,-0.0027302988063628957,-0.10780217449750126,0.024632955403180345,-0.0007182646726708168,0.01305765351365947,0.009239953293057315,-0.030761570140264753,0.014605504065094782,0.012602942177398052,-0.01336887107089426,0.012146755313930573,0.017358766556356358,-0.04692718945346723,0.013180836187594804,0.019803554609490497,-0.19220509514422568
2026-01-01,0.066740250698635,0.008553212087481952,0.034236205801179954,0.04149678068522988,0.06120325351359283,0.06301758980583767,0.024971232117921915,-0.03363602861107837,0.006144857325538123,0.0059094081135329275,-0.11138249747746813,-0.004550732289943772,0.018075260162513606,0.020805267581240038,-0.0184150974333941,0.040646823055896154,0.042507284939849774,-0.13344058502540693,-0.006869651198429473,-0.0572809239095148,0.008097608083254965,0.014327357815867723,0.7352561707420286,-0.022479200956942134,-0.041521891587573155,0.0052357282274481266,0.004728760972078822,-0.04783440566869365,-0.10376535421352234,0.023083276147227685,-0.011783283519244615,-0.03325523635467589,0.033070420764935646,0.03489374011266083,0.03836594618995909,0.021580139768070966,0.02002169391203851,0.8885141452635595,0.01058380899371699,0.01307202082206923,-0.0398320656247837,-0.027757614320072736,-0.029728904064444884,-0.221943954998406,0.10828402797683202,0.1069214793250377,-0.16534657388553378,0.019111967386846496,-0.006987410797051553,-0.0057760931317578056,-0.0395476404891618,0.004834188584153616,0.004004955077695096,-0.020823375896655387,0.047482247366054796,0.04553289957721021,0.05221299882422119,0.04330089970776903,0.014507826876240625,0.014437450171904894,-0.022281130218891533,-0.006797727916959454,0.009902933465528589,-0.01648453808693404,-0.0165669279890508,-0.05693456741981056,-0.006004338590944274,0.05495854197646533,0.02296524296416011,0.02731156766330775,-0.0541493742296879,0.05089521826369208,0.053326413077120875,0.03977238712299068,-0.01962870286517956,-0.02024596235907932,0.009452810343464759,-0.022331372084774207,-0.027930770859340887,-0.020510406090008523
